timestamp [ns],gaze x [px],gaze y [px],fixation id,blink id,azimuth [deg],elevation [deg]
0,874.554,297.363,,,4.069007097998315,20.29143930869447
5003000,875.204,297.724,,,4.112330101733909,20.267920228243465
10001000,873.678,296.072,,,4.011380140535904,20.37482596700724
15001000,856.503,298.818,,,2.8536683937771987,20.207782770442016
20001000,820.089,295.917,,,0.4044850870792357,20.403930951090004
25001000,820.742,297.755,,,0.4483320972471182,20.28582714804597
30001000,819.104,294.058,,,0.3382671648204494,20.52338819400355
35001000,820.41,289.123,2.0,,0.4266670135261995,20.840205919525427
40001000,822.325,288.285,2.0,,0.5558860512208186,20.89381599308309
45004000,821.589,287.388,2.0,,0.5063706909551785,20.95149639477534
50014000,822.876,287.991,2.0,,0.59310827912922,20.912617382748028
55001000,823.207,288.43,2.0,,0.6153908400040989,20.88440133727652
60001000,822.91,291.078,2.0,,0.5950571814611888,20.714401751440107
65004000,823.728,292.002,2.0,,0.6500179163290388,20.65492106937346
70001000,823.543,292.246,2.0,,0.6375733355762224,20.639305561184983
75002000,823.928,296.024,2.0,,0.6629679088392243,20.3965862429484
80002000,822.308,296.54,2.0,,0.5538432158436832,20.36369816686113
85002000,822.018,298.697,2.0,,0.5340904886783795,20.2251491835447
90001000,821.88,297.893,2.0,,0.5248577685694106,20.276819707184337
95001000,822.548,296.868,2.0,,0.5699309794341106,20.34258587210934
100001000,822.925,298.062,2.0,,0.5951801116029544,20.26585040703336
105002000,823.324,296.809,2.0,,0.6221507648570568,20.346304074464022
110002000,826.191,294.323,2.0,,0.8155954259430118,20.5055434849812
115002000,826.057,293.995,2.0,,0.8066728786113447,20.526615094317474
120127000,826.722,290.563,2.0,,0.8521281305258067,20.746938949579217
125133000,823.579,292.995,2.0,,0.6398759437248981,20.591202014639222
130127000,823.934,293.235,2.0,,0.6637391899343523,20.57574021477417
135127000,823.207,291.43,2.0,,0.6149751535242959,20.69173760383361
140129000,825.216,294.706,2.0,,0.7498498448002506,20.48110416363501
145127000,824.725,293.307,2.0,,0.7170102350395331,20.57099589057825
150127000,821.131,293.535,2.0,,0.4748779849491669,20.55679789909781
155132000,821.503,295.199,2.0,,0.4997377012435795,20.44986686060057
160127000,822.078,294.244,2.0,,0.5386179737156269,20.51116959269409
165135000,821.823,294.169,2.0,,0.52142865916846,20.515981776457043
170127000,820.836,292.44,2.0,,0.4550680593591743,20.6271293158428
175128000,820.628,292.479,2.0,,0.441067348063664,20.62463633429688
180128000,821.224,291.512,2.0,,0.4813086938802437,20.686698450535665
185127000,821.117,291.788,2.0,,0.4741116689387564,20.66900148693462
190128000,822.822,289.171,2.0,,0.5893390030501351,20.83686588371776
195133000,822.562,289.517,2.0,,0.5717425606409107,20.81466841335135
200128000,821.577,290.28,2.0,,0.5052523346421735,20.76573563762932
205128000,822.47,294.167,2.0,,0.564992009865963,20.51602743103289
210134000,822.664,293.546,2.0,,0.57812883811162,20.55593806724255
215128000,821.42,293.87,2.0,,0.4943194211145607,20.535239998113628
220128000,821.622,292.275,2.0,,0.5080840270178963,20.637640626919776
225128000,823.999,292.766,2.0,,0.66820360944653,20.60582459597808
230131000,824.171,292.085,2.0,,0.6798665175310417,20.649556165007915
235135000,825.074,293.32,2.0,,0.7405254392914259,20.570080338356977
240128000,825.612,292.842,2.0,,0.7768743463897275,20.600734135713523
245128000,823.355,289.191,2.0,,0.625284756576076,20.835481947534003
250128000,822.856,290.762,2.0,,0.5914347948119867,20.7346469459672
255257000,822.769,290.301,2.0,,0.5856530094597977,20.764274177881973
260135000,822.695,286.739,2.0,,0.5810910227843773,20.99304376956126
265253000,822.714,288.937,2.0,,0.5820522728662098,20.85185701522883
270253000,821.876,288.483,2.0,,0.5256348507220501,20.88113966078108
275253000,821.719,288.511,2.0,,0.5150164899033878,20.8793607284882
280254000,819.794,290.962,2.0,,0.3849981752148553,20.722148460844235
285253000,818.95,290.198,2.0,,0.3280966900912166,20.771283118401698
290254000,818.373,292.673,2.0,,0.2891118765450728,20.612367060448285
295254000,821.402,294.262,2.0,,0.4930270104883037,20.510097020382787
300254000,820.718,293.087,2.0,,0.4470944144791311,20.585564338364577
305254000,821.766,288.757,2.0,,0.5181525724459018,20.8635493919747
310266000,820.234,287.281,2.0,,0.4149255378676817,20.95847714045925
315254000,821.54,290.446,2.0,,0.5027290951547245,20.755132609729703
320254000,819.191,291.079,2.0,,0.3443110007714139,20.714696407168976
325257000,821.047,292.909,2.0,,0.4692444218157561,20.59701846790076
330263000,818.736,292.808,2.0,,0.3135408128038616,20.60369587943008
335254000,819.251,292.396,2.0,,0.3482655358430474,20.6301250416214
340254000,817.867,293.966,2.0,,0.2549753883497975,20.529380869446555
345254000,819.613,291.865,2.0,,0.3726884180517588,20.66418754241052
350254000,824.31,297.157,2.0,,0.6885219075984144,20.32380681004325
355254000,823.063,294.398,2.0,,0.604886880161444,20.50111869849663
360254000,821.376,293.474,2.0,,0.4913854316407989,20.56067107177796
365255000,817.168,294.61,2.0,,0.2078469740757292,20.48809415393273
370254000,818.04,295.016,2.0,,0.2665851887275796,20.4619283295173
375254000,815.33,295.485,2.0,,0.0840367530067782,20.431963213958955
380268000,818.008,293.552,2.0,,0.2644635000622748,20.55597629397832
385255000,819.16,291.895,2.0,,0.342169519837827,20.662256215460687
390255000,816.618,282.81,2.0,,0.1709015117023338,21.24584235784776
395380000,819.739,296.346,2.0,,0.3808888260656478,20.37636298444204
400380000,819.145,291.751,2.0,,0.3411987070066536,20.671555932148483
405380000,819.082,290.508,2.0,,0.3370105603732662,20.7513886570555
410380000,819.403,291.171,2.0,,0.3586125051430079,20.70875138531748
415380000,814.916,288.921,2.0,,0.0560356611676947,20.85354265736896
420380000,814.51,289.722,2.0,,0.0286903372777573,20.802088160585026
425380000,812.707,289.038,2.0,,-0.0929859136206587,20.846070493851705
430389000,812.216,287.982,2.0,,-0.1261313788654459,20.913912067770568
435380000,812.232,288.442,2.0,,-0.1250401680066666,20.884374524487747
440380000,811.021,287.961,2.0,,-0.2068065844692914,20.91528362283893
445380000,808.921,287.232,2.0,,-0.3485986553279056,20.96207182813293
450380000,812.441,286.876,2.0,,-0.1110212042666307,20.984897452871653
455380000,810.436,284.403,2.0,,-0.2466713981767593,21.14373793112279
460380000,809.223,285.558,2.0,,-0.3284144435403151,21.06955366329625
465381000,808.93,285.515,2.0,,-0.3481984103697604,21.072279937852034
470380000,809.313,285.285,2.0,,-0.3223579152762736,21.08710485279208
475380000,809.687,284.325,2.0,,-0.2972244614417147,21.14873547352661
480381000,810.728,284.198,2.0,,-0.2269199759203847,21.15692752477275
485380000,811.638,284.059,2.0,,-0.1655132459229132,21.165810395647725
490381000,811.46,283.571,2.0,,-0.1775332572389038,21.197163681427348
495381000,812.727,287.087,2.0,,-0.0917399876342113,20.971346938502464
500381000,814.504,285.549,2.0,,0.0281294781661983,21.07007674511424
505381000,814.459,286.63,2.0,,0.0251697907536193,21.0006534826776
510381000,819.723,292.353,2.0,,0.3801179825021761,20.632838442342603
515381000,820.174,289.367,2.0,,0.410682449748904,20.82453282769728
520381000,816.821,292.001,,,0.1844892552253696,20.65562148700852
525381000,815.845,292.316,,,0.1187057831872391,20.63543600948352
530389000,808.292,300.059,,,-0.3892201599669604,20.138248628396248
535515000,798.927,319.298,,,-1.0134824050319884,18.901672776932543
540506000,769.338,341.934,,,-2.9773155685355097,17.44006832623669
545506000,748.932,359.451,,,-4.318886796733333,16.305561299156327
550506000,725.168,367.487,,,-5.884604403643637,15.775406190594104
555506000,724.391,390.584,,,-5.90953880116107,14.290873627597437
560506000,735.899,415.272,,,-5.129345131807827,12.709360141767016
565507000,714.332,449.18,,,-6.512228155948545,10.516395850196124
570507000,693.657,459.486,,,-7.851585652438775,9.842088337415236
575507000,673.759,479.36,,,-9.127517219480902,8.55278954111876
580506000,681.655,509.572,,,-8.589889675410488,6.613795807052737
585507000,681.361,548.781,,,-8.586851244455477,4.089608708511024
590522000,585.413,568.613,,,-14.771091359205547,2.7892163450984486
595507000,618.372,559.287,,,-12.650683619899018,3.3961242376625305
600507000,656.673,602.647,,,-10.16707911893588,0.6190004937441076
605507000,650.093,598.893,,,-10.591963336799422,0.8599925853479262
610507000,649.475,622.312,,,-10.631412027764842,-0.6452449176737847
615507000,658.105,679.645,,,-10.09190307630998,-4.332235029097793
620507000,683.1,681.124,,,-8.476398100095988,-4.435101575668677
625507000,677.312,675.558,,,-8.848256009128162,-4.075142369695084
630521000,674.361,679.53,3.0,,-9.040847439012117,-4.329952997255769
635520000,672.768,678.05,3.0,,-9.143190198906238,-4.234246046593357
640507000,659.11,688.064,3.0,,-10.031658788691614,-4.873725702353848
645507000,661.62,688.49,3.0,,-9.869574390044797,-4.902022271589885
650507000,662.209,688.294,3.0,,-9.831373167101518,-4.889642462504492
655508000,662.432,687.011,3.0,,-9.816240411044422,-4.807195177926929
660507000,664.942,687.985,3.0,,-9.654427229986172,-4.870777228526807
665632000,667.636,689.946,3.0,,-9.481309545957192,-4.9978369898343535
670633000,670.976,690.725,3.0,,-9.26566169536102,-5.049112437321743
675633000,670.23,695.273,3.0,,-9.316607184725497,-5.341347820416199
680645000,670.073,695.835,3.0,,-9.327115734944062,-5.3774345309819145
685633000,673.079,688.71,3.0,,-9.128455206849477,-4.920228004795154
690633000,674.524,696.302,3.0,,-9.039291131284587,-5.409150800754568
695633000,672.372,689.676,3.0,,-9.174756674335216,-4.98210108982106
700642000,673.013,677.011,3.0,,-9.126855548404544,-4.167471091688911
705633000,671.888,677.048,3.0,,-9.199636259097016,-4.169479841383002
710636000,669.842,680.162,3.0,,-9.333406428844263,-4.369246989457614
715633000,673.273,679.027,3.0,,-9.110988024246163,-4.297244519921106
720633000,675.506,679.35,3.0,,-8.966722653329878,-4.318701494231241
725642000,676.966,678.834,3.0,,-8.872099662443384,-4.28591039628201
730648000,676.869,678.056,3.0,,-8.878007168780107,-4.235800705915167
735633000,679.577,672.138,3.0,,-8.700361865489864,-3.8555959736538927
740642000,679.632,673.362,3.0,,-8.697298519107015,-3.934367668155127
745633000,680.471,673.213,3.0,,-8.642992570714783,-3.925025006574316
750644000,676.31,673.48,3.0,,-8.912169955470223,-3.941126375081016
755638000,673.705,672.763,3.0,,-9.08024609825409,-3.8942747812233023
760634000,674.52,672.893,3.0,,-9.027624640387389,-3.9028612403728897
765633000,674.773,673.977,3.0,,-9.011723355318114,-3.97271204054872
770633000,672.317,679.522,3.0,,-9.173075888881002,-4.328808426780394
775634000,674.783,677.399,3.0,,-9.012573668970337,-4.192944129891112
780634000,673.805,677.464,3.0,,-9.075879534242729,-4.196797239427386
785634000,669.337,676.727,3.0,,-9.36441929560763,-4.148065179135727
790634000,662.996,668.607,3.0,,-9.770545294985654,-3.623974036207478
795638000,661.906,667.512,3.0,,-9.840515479069852,-3.5532514700486173
800639000,661.591,669.792,3.0,,-9.861863251182294,-3.6998017005017374
805759000,664.77,673.299,3.0,,-9.657977740744276,-3.926266126775845
810759000,662.966,667.385,3.0,,-9.771977292623864,-3.545388562764092
815759000,656.784,671.754,3.0,,-10.173368802495256,-3.824575098471884
820771000,658.73,667.751,3.0,,-10.045798977996098,-3.5678089002409683
825759000,649.653,676.267,3.0,,-10.636380849087098,-4.112336197828795
830759000,650.74,672.025,3.0,,-10.563968538293391,-3.840152824383241
835770000,652.008,671.318,3.0,,-10.48167478822076,-3.795081075109557
840759000,651.155,672.604,3.0,,-10.537460641316336,-3.877453117113143
845762000,653.729,672.085,3.0,,-10.37086318722356,-3.844932009237082
850759000,651.578,662.32,3.0,,-10.505488318096996,-3.216817813071999
855760000,658.429,665.106,3.0,,-10.064151813139237,-3.3976680495001124
860776000,658.966,670.111,3.0,,-10.03161573956929,-3.7195913900199287
865763000,659.466,672.88,3.0,,-10.000607467684532,-3.8977786926565465
870760000,655.85,672.032,3.0,,-10.233844293466875,-3.842127271362423
875760000,654.283,673.053,3.0,,-10.335566331075862,-3.90731835944314
880760000,653.494,674.592,3.0,,-10.387296042050874,-4.005973599373352
885767000,652.479,673.654,3.0,,-10.452432189950864,-3.94537557487198
890760000,650.056,674.439,3.0,,-10.609354282083348,-3.9950035603452942
895760000,650.654,672.035,3.0,,-10.569541010054277,-3.840773085729326
900760000,649.687,668.981,3.0,,-10.630528756448674,-3.644248770247655
905760000,649.322,668.048,3.0,,-10.653689226299257,-3.584185539192542
910760000,648.987,666.93,3.0,,-10.67475778249233,-3.512299939789704
915760000,650.917,665.216,3.0,,-10.549388728831424,-3.4027314062959904
920773000,651.464,662.239,3.0,,-10.512790376917582,-3.211575916919549
925765000,654.479,662.13,3.0,,-10.318088467240432,-3.2053436297059346
930764000,655.099,659.641,3.0,,-10.277057322077242,-3.045497233997448
935889000,653.603,661.768,3.0,,-10.374467444272112,-3.1818632045820485
940768000,657.823,656.646,3.0,,-10.100044393571787,-2.853538694745933
945885000,656.061,656.857,3.0,,-10.213924024993403,-2.8667357525760835
950885000,649.537,654.292,3.0,,-10.634216029813825,-2.7004460567625888
955885000,653.566,654.215,3.0,,-10.374075052676751,-2.696347276225404
960886000,654.243,652.884,3.0,,-10.32994001132388,-2.610933661500582
965886000,656.667,659.523,3.0,,-10.175764177059976,-3.038270208069552
970885000,654.128,661.671,3.0,,-10.340539701038384,-3.1757578070985195
975890000,655.217,656.789,3.0,,-10.268365400245882,-2.8621634175025874
980886000,646.725,656.547,3.0,,-10.816538882995427,-2.8446724987002128
985886000,649.314,652.58,3.0,,-10.648044778806458,-2.5903836964943823
990886000,657.319,652.866,3.0,,-10.13137278370446,-2.6104413791046417
995886000,655.212,656.743,3.0,,-10.268711763667516,-2.8592272677010127
1000886000,656.541,657.009,3.0,,-10.182969108064851,-2.8766374861289377
1005886000,654.042,657.388,3.0,,-10.344456149996388,-2.900384935701302
1010886000,655.064,656.328,3.0,,-10.278131069829954,-2.832537308865391
1015886000,653.705,653.867,3.0,,-10.365005989263963,-2.674010485869271
1020886000,656.946,653.446,3.0,,-10.155612464750952,-2.647614854234782
1025886000,656.425,652.179,3.0,,-10.188885989730688,-2.566077625596483
1030886000,655.93,652.706,3.0,,-10.2209907927475,-2.599869704206937
1035886000,658.861,656.37,,,-10.032931216235136,-2.836035255125825
1040886000,658.243,661.658,,,-10.07475680094547,-3.1759379583968945
1045886000,657.368,660.486,,,-10.130839965900147,-3.1003343850905263
1050886000,667.74,668.72,,,-9.464087710558625,-3.632501175483168
1055886000,696.919,664.563,,,-7.576509346515567,-3.371486341109227
1060886000,732.98,686.987,,,-5.249972198432333,-4.825115993102146
1065887000,749.034,686.852,,,-4.210047183125233,-4.81922414414007
1071012000,773.438,676.075,,,-2.6273519695050345,-4.125656424863325
1076012000,772.299,681.203,,,-2.7018450065881403,-4.4569949979574
1081012000,781.694,695.834,4.0,,-2.0951527286411724,-5.403358890599715
1086012000,782.97,690.682,4.0,,-2.0117502283974007,-5.070537449058179
1091015000,781.763,688.274,4.0,,-2.089709503758277,-4.914800377327392
1096012000,776.506,691.396,4.0,,-2.4307958778336163,-5.116111025512085
1101012000,779.104,688.733,4.0,,-2.262052204806917,-4.94424647578843
1106021000,780.751,687.036,4.0,,-2.15508536330518,-4.834712158565
1111015000,778.78,685.44,4.0,,-2.282581311829724,-4.731379034198093
1116012000,772.047,690.196,4.0,,-2.7196025382794025,-5.038154667564938
1121015000,773.612,687.185,4.0,,-2.6177145147781022,-4.8437004666389765
1126012000,773.696,684.822,4.0,,-2.611891969326721,-4.691034629009132
1131012000,773.254,687.965,4.0,,-2.6410026634149104,-4.894118773565476
1136012000,774.299,687.861,4.0,,-2.573283869836412,-4.8874873816288416
1141012000,774.501,685.58,4.0,,-2.559867307919653,-4.74010159719932
1146012000,775.856,685.585,4.0,,-2.472049313431727,-4.740504102142184
1151012000,774.731,685.246,4.0,,-2.5448811294938105,-4.718533529568715
1156012000,777.218,671.995,4.0,,-2.3820672182968714,-3.862221354199271
1161013000,776.956,675.307,4.0,,-2.3994675296462527,-4.076283306026913
1166013000,776.422,678.252,4.0,,-2.434418731200453,-4.266604234227276
1171013000,776.705,677.175,4.0,,-2.4159083970924606,-4.197043906497313
1176016000,775.595,678.726,4.0,,-2.48802908650833,-4.297182305185432
1181013000,779.989,675.365,4.0,,-2.203051140883592,-4.08023874349463
1186013000,774.34,674.391,4.0,,-2.568731123284979,-4.016870993080294
1191013000,774.386,674.523,4.0,,-2.565791726930356,-4.025431516272804
1196013000,777.307,675.228,4.0,,-2.37672733273448,-4.071206797340402
1201013000,777.938,673.822,4.0,,-2.335666946396965,-3.980361815437959
1206013000,776.221,672.568,4.0,,-2.4467078227108936,-3.899201939016552
1211138000,771.67,672.142,4.0,,-2.7413281929730604,-3.871337674923215
1216138000,771.925,671.955,4.0,,-2.724757708661578,-3.859233815330762
1221144000,772.624,672.671,4.0,,-2.6796142439857555,-3.905569728719208
1226138000,775.588,674.704,4.0,,-2.4879506873491724,-4.037223179254117
1231138000,768.952,679.669,4.0,,-2.918439230712431,-4.357588831048698
1236145000,768.243,677.094,4.0,,-2.963917307542627,-4.191101500008802
1241138000,774.834,676.665,4.0,,-2.537002440502343,-4.163888211571961
1246138000,773.992,674.628,4.0,,-2.59130538000953,-4.032191503673113
1251138000,773.344,680.963,,,-2.6341017414993497,-4.441567856723271
1256138000,771.058,676.253,,,-2.78152489419608,-4.136948316532354
1261139000,769.172,674.431,,,-2.903347674410324,-4.019078960600639
1266139000,731.422,667.6,,,-5.345614685091042,-3.5733526395445145
1271149000,699.028,666.157,,,-7.440594258044829,-3.474622053858578
1276139000,669.707,651.515,,,-9.330983121145634,-2.525857319491692
1281139000,652.908,669.473,,,-10.42269106340697,-3.6768277860062017
1286139000,658.561,672.802,5.0,,-10.058997635082536,-3.892494964365109
1291139000,660.289,671.828,5.0,,-9.946877921145068,-3.830348270255439
1296139000,664.136,668.443,5.0,,-9.69683097809932,-3.6137131179820696
1301141000,664.464,669.298,5.0,,-9.676020379839748,-3.668843334495545
1306139000,667.135,665.98,5.0,,-9.502053526923062,-3.456082602253695
1311139000,668.259,667.189,5.0,,-9.429883136213228,-3.53415235311816
1316139000,666.3,668.52,5.0,,-9.557056576145436,-3.619242944405482
1321139000,665.976,665.927,5.0,,-9.576889820558367,-3.4524062001956874
1326139000,664.365,669.637,5.0,,-9.682519768986618,-3.690592393096126
1331139000,667.278,665.98,5.0,,-9.492844625629528,-3.4561419573521337
1336139000,667.833,666.149,5.0,,-9.457020053472066,-3.4671583159149773
1341147000,666.559,667.26,5.0,,-9.539768469427331,-3.538295051815088
1346264000,664.836,665.159,5.0,,-9.650266755924804,-3.402711903045285
1351265000,667.3,664.053,5.0,,-9.490622056886291,-3.332180763170422
1356265000,666.686,664.047,5.0,,-9.530301694989095,-3.331646942609939
1361265000,665.141,663.542,5.0,,-9.629949156622777,-3.298753225496178
1366272000,665.248,663.849,5.0,,-9.623107473587629,-3.3185164796860223
1371265000,664.9,656.479,5.0,,-9.643001030738755,-2.8443355932009204
1376265000,664.888,654.773,5.0,,-9.64321014461184,-2.734623042578168
1381265000,670.25,654.45,5.0,,-9.296826283273829,-2.714842521426847
1386281000,670.174,654.709,5.0,,-9.301809342376822,-2.7315338081496465
1391265000,667.079,656.05,5.0,,-9.502101696280562,-2.8172303406691523
1396265000,668.913,656.143,5.0,,-9.383701356399529,-2.823562789819145
1401265000,669.987,657.209,5.0,,-9.314671680226352,-2.892364822476016
1406269000,669.731,655.198,5.0,,-9.33056911872567,-2.7629291783098573
1411265000,671.512,655.871,5.0,,-9.215741268756746,-2.806565926733455
1416265000,671.46,658.249,5.0,,-9.21983654379489,-2.959604920050801
1421265000,671.77,659.499,5.0,,-9.20019782526565,-3.0401051148485543
1426265000,671.291,659.242,5.0,,-9.231104506537037,-3.0234727172176163
1431265000,671.908,658.891,5.0,,-9.191122697652352,-3.0010402627796484
1436265000,672.202,663.371,5.0,,-9.17366166938193,-3.289430364457849
1441265000,672.223,661.927,5.0,,-9.17176786066744,-3.196470248865812
1446265000,675.578,660.539,5.0,,-8.954570790451202,-3.107900137930442
1451266000,674.419,660.871,5.0,,-9.02954828938393,-3.128997723331007
1456265000,676.668,662.255,5.0,,-8.884708724299331,-3.218585130399364
1461266000,678.651,659.662,5.0,,-8.755712018678349,-3.052073651855412
1466266000,679.144,658.647,5.0,,-8.723504693864395,-2.986830886219402
1471266000,678.24,655.339,5.0,,-8.780900158126476,-2.773611482141655
1476277000,677.037,657.831,5.0,,-8.859416384240319,-2.933842528502718
1481391000,676.842,657.25,5.0,,-8.871838787645968,-2.8964321938813327
1486391000,677.191,658.906,5.0,,-8.849798946942805,-3.0030919235941624
1491392000,674.281,655.709,5.0,,-9.03680634029168,-2.7966826318599862
1496391000,677.654,657.864,5.0,,-8.819570516819567,-2.936114857358855
1501391000,680.38,655.077,5.0,,-8.642573654930386,-2.757177227307604
1506391000,681.289,655.011,,,-8.58384532023472,-2.753046579216401
1511391000,679.656,655.237,,,-8.689430528156858,-2.767295291559664
1516396000,680.408,654.934,,,-8.640734420030997,-2.7479688419313857
1521391000,685.094,656.468,,,-8.33838162402474,-2.8476052840196746
1526392000,709.093,614.678,,,-6.782138313215177,-0.1553377307468648
1531391000,735.597,574.059,,,-5.072408139893792,2.468428001178578
1536392000,748.573,555.511,,,-4.236154531006377,3.668020116055396
1541394000,788.959,492.648,,,-1.6292035570528214,7.733962582621087
1546392000,807.885,449.641,,,-0.4010731493210441,10.511241124342694
1551394000,829.071,432.105,,,0.985030410241651,11.641296625720456
1556392000,844.887,387.477,,,2.034393506534253,14.513455364548916
1561392000,860.138,346.566,,,3.0639704827400083,17.139519725129684
1566392000,873.307,331.91,,,3.951944503748488,18.07468640808396
1571392000,896.112,312.983,,,5.4967937874267845,19.27398196337976
1576392000,905.529,309.736,,,6.132229047639236,19.47426690428753
1581392000,904.908,294.391,6.0,,6.1147169392182406,20.4583967262486
1586399000,910.555,293.26,6.0,,6.4965315158828405,20.52550881124764
1591392000,910.0,299.888,6.0,,6.447957520883009,20.101333773096293
1596399000,910.866,304.42,6.0,,6.498502920713669,19.81004677139875
1601392000,910.272,305.677,6.0,,6.456609147098575,19.730015389105983
1606392000,903.386,295.575,6.0,,6.010472750700409,20.38396222289687
1611392000,904.789,296.283,6.0,,6.103694210050705,20.33724223036085
1616517000,901.846,292.962,6.0,,5.910983274273525,20.552849950469085
1621405000,898.384,304.624,6.0,,5.66078051054065,19.80820752710684
1626517000,898.065,300.799,6.0,,5.644880647837935,20.0536914086858
1631523000,895.9,301.594,6.0,,5.49837780520016,20.00453029702276
1636517000,892.84,297.656,6.0,,5.298251498732138,20.25957890644681
1641517000,891.231,297.314,6.0,,5.190528366212141,20.2827903499916
1646530000,891.489,297.886,6.0,,5.207094028151056,20.245873613624635
1651518000,890.778,297.923,6.0,,5.159246543877986,20.24409424164374
1656518000,891.169,305.025,6.0,,5.176111082289474,19.788276212299984
1661519000,887.857,307.839,6.0,,4.950331323224959,19.61030052440238
1666518000,887.845,307.922,6.0,,4.949409333152519,19.60494854960025
1671518000,885.462,306.696,6.0,,4.791130452293689,19.6853548094812
1676518000,884.33,296.952,6.0,,4.726928552100389,20.31124991823928
1681518000,884.783,297.97,6.0,,4.7561748468781095,20.24559243519312
1686522000,884.553,296.031,6.0,,4.743071937994967,20.370172092415977
1691518000,888.146,301.923,6.0,,4.977162818334197,19.98954468583021
1696519000,888.271,300.315,6.0,,4.98760959639771,20.09262633977252
1701528000,887.835,299.827,6.0,,4.958990108190331,20.12421441860445
1706518000,887.47,301.032,6.0,,4.932883835874349,20.04720716078938
1711518000,886.881,302.364,,,4.891653162432084,19.96223418712068
1716523000,888.018,302.34,,,4.968049048976094,19.962891068969
1721518000,884.592,297.905,,,4.743381858528507,20.249900938247706
1726518000,883.529,276.722,,,4.698741965682884,21.60935923570735
1731519000,873.031,266.6,,,4.000190813665611,22.26607394590052
1736518000,861.002,263.575,,,3.1867031068728293,22.467417365482746
1741519000,859.213,253.071,,,3.074734859564384,23.142399359304928
1746519000,856.137,247.525,,,2.8699222598273324,23.49992658033448
1751644000,853.61,247.667,7.0,,2.697291922497034,23.4920693939167
1756658000,854.115,253.205,7.0,,2.7271954689502804,23.13639676736815
1761644000,845.821,270.468,7.0,,2.151248378880413,22.03196972494949
1766644000,843.846,266.409,7.0,,2.019632321645866,22.29326343712012
1771644000,844.156,266.593,7.0,,2.0405616850120074,22.28132653962105
1776644000,846.109,261.167,7.0,,2.176469556902745,22.62889082694624
1781644000,848.155,261.393,7.0,,2.3154470757465715,22.613598053752987
1786644000,848.914,260.957,7.0,,2.367369595624558,22.64123829679984
1791644000,849.578,259.846,7.0,,2.413254464879293,22.712264491210803
1796644000,850.657,258.721,7.0,,2.4874826356534103,22.783984496815464
1801644000,853.689,261.572,7.0,,2.691512082521295,22.59964937664008
1806644000,852.544,250.71,7.0,,2.622048799871243,23.29728800626613
1811644000,851.616,252.4,7.0,,2.5574800148567305,23.18927908973572
1816645000,851.695,253.778,7.0,,2.561793197448106,23.100757636615025
1821644000,852.94,255.349,7.0,,2.645414740449678,22.999396821659648
1826652000,853.735,260.072,7.0,,2.695804746100684,22.695880626941875
1831644000,855.15,258.749,7.0,,2.793104073296787,22.78015340717613
1836644000,854.608,254.863,7.0,,2.759395888638524,23.02975508689095
1841645000,852.578,257.209,7.0,,2.619292190357052,22.88021021424807
1846650000,851.151,250.651,7.0,,2.5271167175671083,23.3017166188758
1851645000,853.086,253.988,7.0,,2.656445115044023,23.086677514029915
1856645000,853.608,254.851,7.0,,2.691337444843006,23.031018307917343
1861645000,854.855,255.484,7.0,,2.7757456535151985,22.98982109427827
1866655000,855.494,256.753,7.0,,2.8181606356508926,22.90803651460921
1871645000,856.344,255.781,7.0,,2.8769009266421954,22.970035164197743
1876645000,856.266,253.436,7.0,,2.8735342383402886,23.12054706772598
1881645000,857.754,262.293,7.0,,2.967167013324997,22.551390225427177
1886645000,855.178,257.401,7.0,,2.796128403684752,22.86665957351127
1891773000,854.672,258.293,7.0,,2.7609406166853,22.809631708944504
1896770000,855.406,256.908,7.0,,2.8120862097251345,22.898155157860465
1901770000,855.491,256.562,7.0,,2.818112301118104,22.920298737822247
1906770000,857.64,256.88,7.0,,2.9641469971870715,22.89882657173509
1911770000,852.39,254.313,7.0,,2.60876405414224,23.06611879581615
1916772000,853.988,254.385,7.0,,2.7175695912041524,23.0607714112882
1921776000,853.153,254.94,7.0,,2.66025732041671,23.02555019106759
1926771000,856.652,253.638,7.0,,2.899718853659276,23.107394468264783
1931770000,852.907,254.31,7.0,,2.6440147640094573,23.06605283994031
1936771000,854.484,249.312,7.0,,2.75558473308624,23.38605740624868
1941783000,853.806,248.163,7.0,,2.7102540343769324,23.46018318414757
1946771000,854.647,250.007,7.0,,2.7660717936602386,23.34141784566452
1951771000,855.415,259.233,7.0,,2.8107206901630004,22.748925751329896
1956779000,853.257,255.21,7.0,,2.6671061962154474,23.00812814368792
1961771000,855.18,255.302,7.0,,2.7980011682234176,23.00133014426459
1966771000,853.767,244.12,7.0,,2.710934034992221,23.719638426767418
1971771000,849.261,259.304,7.0,,2.3920987016676563,22.74716785155717
1976771000,849.805,257.87,7.0,,2.4300966163162574,22.83901440368083
1981771000,848.918,253.133,7.0,,2.373047707562649,23.14339465344948
1986771000,849.682,254.416,7.0,,2.424222961442513,23.06075733222561
1991771000,856.825,261.632,7.0,,2.9045986488107496,22.59426422628092
1996771000,853.273,257.115,7.0,,2.6667085601141496,22.88586305683092
2001777000,853.447,257.623,,,2.678165147464886,22.85323483619311
2006771000,854.951,264.41,,,2.7750320815922245,22.41693976009995
2011771000,851.547,265.911,,,2.5427589948525275,22.322137122317848
2016771000,831.978,270.618,,,1.2126367074390525,22.02652129700521
2021771000,823.942,270.77,,,0.6676643112431743,22.018185480841577
2026896000,824.553,271.259,8.0,,0.7090246328581727,21.9867023934386
2031896000,822.558,267.848,8.0,,0.5742001690966648,22.205986677983446
2036897000,823.487,268.241,8.0,,0.6372306412335754,22.180616743005256
2041897000,822.136,276.703,8.0,,0.5445186232176487,21.63751162878697
2046897000,822.063,275.935,8.0,,0.5396760790927064,21.686831782925648
2051897000,822.052,275.934,8.0,,0.5389530502401175,21.686897515153444
2056897000,822.498,277.293,8.0,,0.5689519044993866,21.599566806068616
2061897000,822.642,276.854,8.0,,0.5787156409627171,21.627751995214176
2066897000,822.807,276.179,8.0,,0.5900046625395564,21.671064588621583
2071903000,821.964,275.653,8.0,,0.532960670589744,21.704960032837235
2076897000,825.926,274.745,8.0,,0.8014281662493731,21.76268284653792
2081903000,824.805,274.604,8.0,,0.7255539278049917,21.77194467579451
2086897000,824.155,273.053,8.0,,0.6817559186220535,21.871613534441074
2091897000,823.67,273.26,8.0,,0.6488658968175439,21.85838793859848
2096907000,824.168,274.915,8.0,,0.6823504877041181,21.75205868084431
2101897000,825.323,273.932,8.0,,0.76074039621801,21.814979136011253
2106897000,825.716,273.39,8.0,,0.7874712773632243,21.849706963750915
2111897000,824.288,276.53,8.0,,0.6902240324563678,21.648342628834587
2116897000,823.648,276.019,8.0,,0.6469638790170845,21.681262074038123
2121897000,823.46,273.727,8.0,,0.6345710904253904,21.82843346163401
2126898000,823.918,275.539,8.0,,0.6653436949998776,21.71204659550142
2131898000,823.917,275.587,8.0,,0.6652246096333067,21.70892558387774
2136898000,824.677,279.509,8.0,,0.7160213462986897,21.457022159366648
2141898000,828.034,278.974,8.0,,0.9432338076633792,21.49082922158929
2146898000,826.259,278.185,8.0,,0.8233104672506792,21.541810400669245
2151898000,826.602,277.808,8.0,,0.8465669107509498,21.565929558930595
2156898000,824.469,275.383,8.0,,0.7026677588203295,21.72196729057488
2162023000,823.702,276.426,8.0,,0.6505308081368536,21.65506561061523
2167024000,822.039,275.539,,,0.5380985516737389,21.71223473197669
2172023000,811.526,276.826,,,-0.1736612300204242,21.630261244082742
2177023000,805.739,278.95,,,-0.5649828860473661,21.493728251165205
2182023000,798.101,283.809,,,-1.080011309841662,21.18104269171877
2187029000,782.441,324.675,,,-2.1139843827464224,18.55313670999549
2192023000,762.152,357.171,,,-3.4439216522323006,16.458037277910005
2197030000,748.296,355.634,,,-4.364634231915983,16.55049113888394
2202023000,727.97,389.026,,,-5.675390652576814,14.39319470784886
2207037000,705.285,405.84,,,-7.149125436935825,13.29801137179838
2212023000,685.074,423.134,,,-8.453174146882088,12.17253176626136
2217023000,696.792,473.958,,,-7.634354259560168,8.912732789190786
2222024000,694.198,518.165,,,-7.771395564244835,6.065431069828739
2227025000,680.289,538.027,,,-8.661217843189128,4.781720657018684
2232032000,681.476,565.161,,,-8.573333810835484,3.0347661485875053
2237024000,679.775,606.712,,,-8.675685154117282,0.3581414489822697
2242024000,671.766,627.04,,,-9.193335780477058,-0.9507410230039426
2247024000,667.928,642.314,,,-9.443547670088602,-1.9334765055224608
2252024000,674.258,666.394,,,-9.041936596611189,-3.4844524775640338
2257027000,674.258,672.166,,,-9.044215645892669,-3.855974216482036
2262024000,675.286,681.117,9.0,,-8.981786601800552,-4.432348956615967
2267030000,677.169,678.094,9.0,,-8.858662044581896,-4.238369684892584
2272024000,680.328,676.397,9.0,,-8.653591163941828,-4.129987463409906
2277024000,676.85,675.074,9.0,,-8.877894654564694,-4.043844362890385
2282024000,676.37,670.886,9.0,,-8.907203522241902,-3.774164030102789
2287024000,669.365,666.946,9.0,,-9.35831674219532,-3.5188221742649657
2292024000,666.121,670.701,9.0,,-9.569534605194944,-3.759547828994133
2297152000,667.061,669.294,9.0,,-9.50820663732737,-3.669297949705735
2302157000,673.354,669.783,9.0,,-9.10169691113656,-3.702353236747389
2307149000,675.66,671.616,9.0,,-8.953415292342205,-3.820979923427127
2312149000,677.022,675.187,9.0,,-8.866855424405548,-4.051191280291513
2317149000,676.22,675.757,9.0,,-8.918918588518887,-4.087636183373535
2322150000,675.601,676.611,9.0,,-8.959361822127503,-4.142468652975164
2327150000,674.833,676.903,9.0,,-9.00917072467039,-4.161034839116951
2332150000,677.051,678.564,9.0,,-8.866493689813122,-4.268562565632837
2337150000,676.487,677.385,9.0,,-8.902406119602944,-4.192481439193504
2342153000,675.33,679.389,9.0,,-8.978128186542182,-4.321174933019797
2347166000,677.814,679.007,9.0,,-8.817347017301968,-4.297312999026965
2352150000,675.845,679.685,9.0,,-8.944970019465439,-4.340378850869281
2357150000,677.093,679.483,9.0,,-8.864185739659892,-4.327747079251899
2362150000,676.736,679.308,9.0,,-8.8871789287006,-4.316359916431442
2367157000,678.191,679.109,9.0,,-8.792991818869446,-4.3039674852012615
2372150000,676.612,680.875,9.0,,-8.895959385609146,-4.417204461811952
2377154000,675.844,679.308,9.0,,-8.94487254288232,-4.316098313342855
2382158000,673.924,677.39,9.0,,-9.0681509964999,-4.192098526483025
2387157000,671.854,674.774,9.0,,-9.200802650833753,-4.023167168509599
2392153000,675.169,678.124,9.0,,-8.98798708050146,-4.239698024992117
2397150000,678.26,675.685,9.0,,-8.78699903658553,-4.083574916981596
2402151000,675.656,671.523,9.0,,-8.953573580188461,-3.814976163987732
2407150000,675.943,673.104,9.0,,-8.935705345170923,-3.91679623338993
2412150000,671.603,679.996,9.0,,-9.2194372524199,-4.359085761901572
2417151000,672.131,678.772,9.0,,-9.184692120726265,-4.280521612261242
2422153000,673.563,678.136,,,-9.09179928866093,-4.239975020309375
2427150000,675.267,680.231,,,-8.98259457517987,-4.375308742608875
2432278000,672.142,675.183,,,-9.18237409385285,-4.049570896311842
2437283000,681.902,673.002,,,-8.550386281887233,-3.91178740719212
2442276000,721.074,640.737,,,-6.009843662533176,-1.8378398224093235
2447276000,733.009,624.927,,,-5.236996546807484,-0.8175730125097282
2452288000,739.513,639.081,,,-4.817645763879829,-1.7322383395560572
2457276000,743.93,639.147,,,-4.532074565002823,-1.7368042163157855
2462276000,748.185,635.863,10.0,,-4.2566690316498255,-1.5248191749117967
2467276000,748.758,634.581,10.0,,-4.219527651146326,-1.441993498025353
2472276000,750.876,639.628,10.0,,-4.082967550607757,-1.7682905390437265
2477276000,746.786,637.51,10.0,,-4.3472544848571175,-1.6311791108828313
2482276000,747.817,636.779,10.0,,-4.280542439082997,-1.5839542187631586
2487276000,747.632,634.339,10.0,,-4.292302843831773,-1.426277213645554
2492276000,747.668,634.455,10.0,,-4.289967686863465,-1.4337810835978917
2497276000,748.458,634.272,10.0,,-4.2388857001087565,-1.4220124524020137
2502276000,746.782,633.088,10.0,,-4.347203128338135,-1.345426277902197
2507276000,747.056,634.849,10.0,,-4.329593796782843,-1.4592439472822285
2512277000,744.546,634.407,10.0,,-4.491845956705574,-1.4305374301640528
2517277000,743.76,632.852,10.0,,-4.54252341273871,-1.3299803180620615
2522279000,743.699,629.967,10.0,,-4.546310732456985,-1.1436109593881678
2527277000,742.622,631.353,10.0,,-4.615989342925215,-1.2331071690929636
2532277000,740.638,628.854,10.0,,-4.744126768987541,-1.0715421647387
2537277000,740.84,625.154,10.0,,-4.7308296425951015,-0.8324679070840642
2542277000,739.573,627.61,10.0,,-4.812895354556891,-0.9911484508133592
2547277000,741.008,630.755,10.0,,-4.720317670066798,-1.1944117308581477
2552277000,741.909,633.08,10.0,,-4.662235557631015,-1.3446537152819975
2557282000,742.11,631.341,10.0,,-4.649105365163454,-1.2322996589298196
2562277000,742.5,631.066,10.0,,-4.623853327043829,-1.2145779145643334
2567277000,740.549,628.333,10.0,,-4.749820596040245,-1.037868638020189
2572402000,738.606,628.387,10.0,,-4.875464268004267,-1.0413022441887467
2577402000,739.616,630.444,10.0,,-4.810293134695391,-1.1742072793972609
2582402000,742.696,630.517,10.0,,-4.611163225146834,-1.17908418600602
2587402000,742.983,629.008,,,-4.59252443929577,-1.0816038665000622
2592410000,743.369,628.534,,,-4.567524585402172,-1.0509663921840722
2597402000,747.579,628.537,,,-4.295363019727032,-1.051324326078142
2602402000,768.077,626.576,,,-2.9699690336995905,-0.9251100384898854
2607403000,773.108,627.145,,,-2.644683549741034,-0.9620052117136154
2612402000,779.446,632.02,,,-2.2349806511765093,-1.2774339890598236
2617403000,778.368,631.097,11.0,,-2.304689531533154,-1.2177061174991817
2622406000,779.357,631.895,11.0,,-2.240754869197891,-1.2693595448794297
2627403000,779.294,630.142,11.0,,-2.244777656912142,-1.1559786107027994
2632403000,778.458,630.085,11.0,,-2.2988339938797777,-1.1522516247128585
2637403000,777.453,629.502,11.0,,-2.363762581100084,-1.1145259226295754
2642403000,778.251,623.862,11.0,,-2.312028171041249,-0.749784948217663
2647403000,779.958,627.597,11.0,,-2.201736992453906,-0.9913541966126028
2652403000,775.22,625.247,11.0,,-2.50804613116033,-0.8392999182532479
2657403000,778.194,624.391,11.0,,-2.315702150436584,-0.7840172255309144
2662403000,779.04,627.279,11.0,,-2.2610697629290555,-0.9707998576583196
2667403000,777.972,626.146,11.0,,-2.330125547462382,-0.8974850849313942
2672403000,780.12,624.969,11.0,,-2.191202408557234,-0.8213997096397474
2677403000,780.177,624.649,11.0,,-2.187509045671965,-0.800726605518017
2682403000,782.641,625.458,11.0,,-2.0281736922733904,-0.8530821086635199
2687418000,780.967,630.222,11.0,,-2.1365605773817955,-1.1611499955950684
2692403000,780.532,629.429,11.0,,-2.164643637461164,-1.109854932308223
2697408000,779.338,627.998,11.0,,-2.241828765581956,-1.0173227234903113
2702404000,778.418,629.239,11.0,,-2.3013609291597823,-1.0975668080282517
2707529000,777.438,628.589,11.0,,-2.364712918741284,-1.0554804374305276
2712531000,780.009,626.662,11.0,,-2.1983895906085285,-0.930889604774709
2717529000,780.962,630.862,11.0,,-2.1369120562861084,-1.2025918343693798
2722533000,779.758,628.57,11.0,,-2.2146859206805485,-1.0542830833670451
2727529000,779.061,627.635,11.0,,-2.2597297185874994,-0.9938420178394034
2732529000,778.496,627.755,11.0,,-2.2962851002743543,-1.0015812784055982
2737529000,778.555,632.882,,,-2.292632117764309,-1.333156040533019
2742529000,780.455,627.95,,,-2.169638317975546,-1.0142426047707358
2747529000,781.527,628.793,,,-2.1003252067016627,-1.0687299938870891
2752529000,797.089,628.977,,,-1.0939198250720368,-1.080822815460738
2757529000,810.69,634.622,,,-0.2144330946393348,-1.4461228663745411
2762529000,810.29,635.155,,,-0.2402519900460616,-1.4805883383553775
2767529000,811.154,631.844,12.0,,-0.1843528396182785,-1.2663697865863026
2772529000,809.133,630.655,12.0,,-0.3150995164473274,-1.189447675015867
2777529000,807.91,634.957,12.0,,-0.3941868360527161,-1.4677757509113438
2782529000,810.673,631.25,12.0,,-0.2155167449246114,-1.2279745773756752
2787529000,811.548,630.032,12.0,,-0.1589260215066744,-1.14918609284177
2792537000,805.002,632.753,12.0,,-0.5822359753173703,-1.3251527767197826
2797533000,804.959,633.576,12.0,,-0.5850674352235526,-1.378412754555692
2802529000,804.682,633.759,12.0,,-0.6029825895535424,-1.3902250702139778
2807535000,804.519,630.629,12.0,,-0.6134441398051791,-1.187760549569163
2812529000,801.682,630.947,12.0,,-0.7969442725034278,-1.2083567807467894
2817530000,801.089,631.523,12.0,,-0.8353228399159313,-1.245606145289675
2822530000,800.315,632.026,12.0,,-0.8853298892163345,-1.2781432062676552
2827530000,798.355,633.312,12.0,,-1.0121266093264396,-1.3612905880965869
2832530000,798.693,631.282,12.0,,-0.99022429277461,-1.2300042026826947
2837530000,796.042,632.918,12.0,,-1.1617349214622776,-1.335753969878949
2842655000,795.175,629.671,12.0,,-1.2177128825113692,-1.1257258923134938
2847655000,790.57,631.495,12.0,,-1.5155647586609382,-1.2436957602915633
2852655000,790.716,631.418,12.0,,-1.5060975519578814,-1.2386836924170288
2857665000,789.168,630.007,12.0,,-1.6061926472227337,-1.1473997466061412
2862655000,788.953,632.118,12.0,,-1.620193675275906,-1.2839543506300937
2867655000,789.583,627.938,12.0,,-1.57929236206417,-1.0135496916456102
2872655000,788.679,628.295,12.0,,-1.6378183840313147,-1.0366232261053951
2877668000,787.14,630.137,12.0,,-1.7373546424268071,-1.1557806449518069
2882655000,786.3,630.339,12.0,,-1.7916640394051566,-1.1688080132131669
2887655000,788.033,634.039,12.0,,-1.6797050352914489,-1.408157524498979
2892655000,785.123,630.784,12.0,,-1.8678199703326803,-1.197612626096921
2897655000,782.492,631.445,12.0,,-2.03800019662098,-1.2403284113515294
2902655000,781.331,631.406,12.0,,-2.1130614297947283,-1.237791643166213
2907656000,780.228,631.619,12.0,,-2.1843885671869945,-1.251507263765184
2912656000,779.163,627.002,12.0,,-2.253113639649615,-0.9528879033352836
2917656000,779.549,624.258,12.0,,-2.228097307951923,-0.7754416240164862
2927656000,778.435,621.218,12.0,,-2.3000959709415314,-0.5787547127609036
2932662000,777.667,622.796,12.0,,-2.349764766880245,-0.6808062083569308
2937656000,777.483,621.569,12.0,,-2.361629856755884,-0.6014667164722391
2942656000,778.425,623.258,12.0,,-2.3007363350100447,-0.7107340388024701
2947656000,773.1,623.489,12.0,,-2.6450903585434844,-0.7255744929180117
2952656000,776.598,624.713,12.0,,-2.4189398670215905,-0.8047817260909274
2957656000,776.502,624.772,12.0,,-2.425157448688024,-0.8085895872413511
2962656000,772.146,628.016,12.0,,-2.706888307588893,-1.018334273843013
2967656000,771.778,626.997,12.0,,-2.730693542932071,-0.9524192791959366
2972656000,767.146,625.341,12.0,,-3.0301184441975626,-0.845257224291746
2977794000,765.271,623.696,12.0,,-3.151324882262219,-0.7388411915993897
2982782000,762.592,626.636,12.0,,-3.324607853358248,-0.9289094041407984
2987781000,761.776,627.446,12.0,,-3.377434126934334,-0.9812075409477904
2992782000,760.576,627.501,12.0,,-3.455046456180793,-0.9847357812498856
2997781000,761.621,626.497,12.0,,-3.387409563539357,-0.9198730435749226
3002782000,762.017,626.838,12.0,,-3.361814273346492,-0.9419218197939287
3007791000,761.693,628.914,12.0,,-3.3828586509984606,-1.076152619232913
3012782000,760.227,624.59,12.0,,-3.477508151598728,-0.7965381427301408
3017782000,757.811,623.32,12.0,,-3.633646105771565,-0.714420466724584
3022782000,756.956,624.263,12.0,,-3.688941870407538,-0.7753045126905512
3027782000,755.272,628.714,12.0,,-3.798039561459017,-1.0630477978862218
3032782000,755.018,627.458,12.0,,-3.814346181224928,-0.981855306359102
3037782000,752.331,626.036,12.0,,-3.9880423590619394,-0.8898462929664995
3042787000,753.245,626.857,12.0,,-3.92900147681235,-0.9428951982794068
3047782000,750.259,628.372,12.0,,-4.122102982692382,-1.0407773060085117
3052782000,750.15,629.903,12.0,,-4.129232464622974,-1.139705433912398
3057784000,749.729,634.791,12.0,,-4.156749074140514,-1.4556081945555712
3062782000,749.409,634.519,12.0,,-4.177455440214983,-1.4380279305813162
3067782000,748.282,635.596,12.0,,-4.250397325297523,-1.5075789964635051
3072782000,746.583,635.296,12.0,,-4.360199499670745,-1.4881043671248295
3077782000,747.084,633.527,12.0,,-4.3276930876115065,-1.373815498728696
3082782000,750.41,634.089,12.0,,-4.112697035024931,-1.4102872247111664
3087782000,751.25,633.322,12.0,,-4.058311642657716,-1.3607379172122192
3092783000,751.579,633.623,12.0,,-4.037080871003293,-1.3802158571003038
3097787000,752.319,631.705,12.0,,-3.989113758716839,-1.2562721561524133
3102782000,751.256,628.452,12.0,,-4.0576481846367605,-1.0459504920395717
3107783000,750.911,627.856,12.0,,-4.079921427921642,-1.007452444145431
3112908000,751.988,627.073,12.0,,-4.010237008085022,-0.956879352441492
3117908000,756.583,625.752,12.0,,-3.71309523753522,-0.8715891713902397
3122917000,754.445,629.045,12.0,,-3.851495741787408,-1.0843619201199035
3127915000,755.211,629.177,12.0,,-3.801992596415941,-1.092928309663736
3132908000,758.818,628.158,12.0,,-3.5686902399806293,-1.0271615446845004
3137908000,759.627,629.448,12.0,,-3.516455080910398,-1.110619870829421
3142908000,758.525,632.222,12.0,,-3.5878314854235622,-1.289888073558226
3147908000,760.225,630.68,12.0,,-3.4778469158347223,-1.1902663635926762
3152908000,762.345,638.078,12.0,,-3.34121335647304,-1.6686422501761564
3157916000,763.861,634.223,12.0,,-3.2429094192061685,-1.4194797706436175
3162908000,765.297,632.773,12.0,,-3.1499946779343366,-1.3257487545370832
3167908000,765.855,633.724,12.0,,-3.1139655153104555,-1.3872787024682636
3172908000,767.163,630.251,12.0,,-3.029189153432071,-1.1627474324114475
3177908000,768.749,630.982,12.0,,-2.926714634013252,-1.2100274252142136
3182921000,769.196,631.168,12.0,,-2.8978200205426337,-1.222116343699526
3187908000,769.582,630.495,12.0,,-2.8728084379493226,-1.1785859350839851
3192911000,770.424,634.458,12.0,,-2.818558809843126,-1.4348850004847196
3197909000,770.187,632.686,12.0,,-2.833769711319917,-1.3202995193156566
3202909000,770.132,632.005,12.0,,-2.8372954713646337,-1.276232142577023
3207909000,769.884,632.592,12.0,,-2.853369887745381,-1.3141813779141946
3212914000,768.933,630.668,12.0,,-2.914793901567923,-1.189769917116802
3217909000,771.211,629.894,12.0,,-2.7674125022429563,-1.1397500258184037
3222909000,771.71,630.605,12.0,,-2.735186321199961,-1.1857754974877972
3227909000,772.158,627.135,12.0,,-2.7060824385670803,-0.9613787866942032
3232909000,774.981,625.117,12.0,,-2.523513757374513,-0.8309159238016911
3237909000,774.988,624.859,12.0,,-2.5230259193319244,-0.8142505473762076
3242909000,775.01,623.043,12.0,,-2.5215713502795496,-0.6967431444703648
3247919000,774.871,623.341,12.0,,-2.530556265825524,-0.7160515716403569
3252914000,775.539,622.789,12.0,,-2.4873961408567102,-0.6803686603596385
3258034000,775.289,620.49,12.0,,-2.5034805688655672,-0.5316482351989602
3263037000,776.053,618.948,12.0,,-2.4540675342367013,-0.4319238522261481
3268034000,775.263,618.911,12.0,,-2.505155031040546,-0.4295526390689368
3273034000,773.958,619.213,12.0,,-2.5895237859658247,-0.4490369476139553
3278035000,775.241,621.026,12.0,,-2.5066228448705594,-0.5663056991985974
3283034000,775.929,623.047,12.0,,-2.462178590707626,-0.6970475415592388
3288034000,774.487,620.871,12.0,,-2.555376028406925,-0.5563105642173657
3293044000,775.378,619.583,12.0,,-2.497705132798253,-0.4730027194000671
3298035000,777.009,620.571,12.0,,-2.392259357622044,-0.536947517590893
3303035000,781.447,619.05,12.0,,-2.1052648848831703,-0.4385902848936517
3308035000,780.447,613.448,12.0,,-2.16992243020151,-0.0762172514767118
3313035000,779.253,612.81,12.0,,-2.2471087154412115,-0.0349732749003974
3318035000,780.818,616.565,12.0,,-2.1459677513256272,-0.2778755174169636
3323035000,782.012,614.326,12.0,,-2.0687537170560315,-0.13300632099268
3328035000,781.859,616.684,12.0,,-2.078655395088996,-0.2855433230225451
3333035000,784.351,615.483,12.0,,-1.9175001665914064,-0.2078662751784198
3338035000,785.407,615.253,12.0,,-1.849206599181442,-0.1929974665515526
3343035000,788.306,614.887,12.0,,-1.661727264030129,-0.1693561528150168
3348035000,786.346,617.669,12.0,,-1.7884772402855744,-0.3492975814839656
3353035000,786.441,616.563,12.0,,-1.782352669624203,-0.2777229856494002
3358035000,786.402,617.468,12.0,,-1.78486459721204,-0.3362691366600858
3363035000,783.373,612.365,12.0,,-1.9807502304348688,-0.0062170991629676
3368041000,785.384,611.476,12.0,,-1.850682301557256,0.0513366103885562
3373035000,785.981,613.044,12.0,,-1.812071444455416,-0.0501255885335226
3378035000,786.875,614.512,12.0,,-1.7542871723711764,-0.1450793960271585
3383038000,788.159,612.145,12.0,,-1.6712432676289588,0.0080606360295014
3388161000,791.317,612.118,,,-1.467046313555336,0.0097651541124656
3393167000,790.747,612.275,,,-1.503908280006165,-0.0003699963310901
3398161000,790.973,612.331,,,-1.4893054851452685,-0.0040025594496298
3403161000,804.98,619.365,,,-0.5835954157679281,-0.4590848449863469
3408161000,829.341,627.682,,,0.991697145252848,-0.9970265344495668
3413161000,850.238,627.73,,,2.3427527561265573,-0.9998362809990692
3418161000,873.471,633.563,,,3.844672517265036,-1.3761954833327843
3423168000,894.412,640.802,,,5.198454606707994,-1.84258107456368
3428171000,910.348,641.635,,,6.227919418793326,-1.8949864850370364
3433161000,916.685,633.942,,,6.63616398136834,-1.398054687310187
3438161000,917.205,639.193,13.0,,6.67038336041134,-1.7367292412024644
3443162000,918.035,639.658,13.0,,6.724025265606291,-1.766661420387978
3448161000,918.617,637.042,13.0,,6.761281427253695,-1.5978609101515489
3453170000,919.503,636.031,13.0,,6.818313549306912,-1.532602816873324
3458161000,920.294,636.997,13.0,,6.869530459895171,-1.594849694161635
3463161000,922.762,636.111,13.0,,7.028707353463487,-1.5374759642382634
3468162000,923.099,636.607,13.0,,7.0505262232796335,-1.5694527977577557
3473161000,922.46,636.42,13.0,,7.009266646149741,-1.5573914254567378
3478161000,923.862,639.881,13.0,,7.100215747650776,-1.7804540748675652
3483162000,921.757,636.831,13.0,,6.963952673243775,-1.583972016532024
3488162000,920.843,635.966,13.0,,6.904837559150108,-1.5283108613561176
3493165000,921.484,634.827,13.0,,6.946100823840363,-1.4547845691401178
3498162000,918.733,633.81,13.0,,6.768385186934976,-1.3893735908162796
3503162000,918.329,634.696,13.0,,6.742393883004302,-1.446589564939089
3508162000,916.148,634.882,13.0,,6.601593162038725,-1.458767621804555
3513162000,916.805,636.229,13.0,,6.644152060128831,-1.54559548404852
3518165000,916.433,637.775,13.0,,6.620341210615996,-1.6453746287590612
3523295000,914.562,639.434,13.0,,6.499719975237539,-1.752549894829425
3528287000,912.217,638.531,13.0,,6.348182943345762,-1.6944699084177852
3533287000,912.325,640.068,13.0,,6.355378603922977,-1.7936293351471473
3538287000,908.144,632.917,13.0,,6.084591912190285,-1.3325232947266292
3543290000,908.187,631.466,13.0,,6.08722912146962,-1.2388763577862651
3548287000,907.577,622.054,13.0,,6.047213193498767,-0.631479997858264
3553290000,905.347,625.336,13.0,,5.903391681300041,-0.8434018865884837
3558287000,904.624,624.487,13.0,,5.856661265587163,-0.7886476323244431
3563287000,907.127,622.838,13.0,,6.018238280965455,-0.6820576444145374
3568287000,906.502,623.758,13.0,,5.977879006242965,-0.7414566610526413
3573287000,904.748,626.279,13.0,,5.864794000481985,-0.9043136111542568
3578287000,903.788,613.257,13.0,,5.802392490126861,-0.0637035297202064
3583287000,904.59,624.93,13.0,,5.854513139762656,-0.8172014923914164
3588288000,902.242,626.298,,,5.702922259030153,-0.9056370341758304
3593288000,902.833,623.628,,,5.740970734551158,-0.7332616212903139
3598288000,907.677,623.309,,,6.053729409283298,-0.7124778779016695
3603288000,922.64,619.128,,,7.019490765863944,-0.4422468286352659
3608288000,935.298,631.19,,,7.83717596607268,-1.2191797957299848
3613288000,933.805,631.117,14.0,,7.740834770594869,-1.2145875323294968
3618291000,936.689,628.328,14.0,,7.926662689186745,-1.0346582041963897
3623288000,932.468,628.994,14.0,,7.654350569770514,-1.077877262050123
3628288000,930.529,626.1,14.0,,7.529007185939712,-0.8914269128968989
3633288000,928.37,622.075,14.0,,7.389425976396817,-0.6320434230610722
3638288000,926.202,619.638,14.0,,7.249373390525865,-0.4750387081867134
3643288000,924.758,618.091,14.0,,7.156179224323382,-0.3753350211909962
3648288000,924.903,621.847,14.0,,7.165662660775028,-0.6175212980644289
3653288000,924.036,620.796,14.0,,7.10963971159452,-0.5497642169960143
3658413000,922.766,620.436,14.0,,7.027654852610931,-0.5265665222610495
3663413000,921.464,620.242,14.0,,6.9436139667571135,-0.5141167466669374
3668413000,921.015,620.223,14.0,,6.914690125886505,-0.5129258275618501
3673413000,921.875,620.131,14.0,,6.970196146501703,-0.5069672894573564
3678414000,919.225,620.415,14.0,,6.799124057669048,-0.5253421547580013
3683414000,923.89,616.997,14.0,,7.100129993227819,-0.3047779786040335
3688414000,922.037,624.391,14.0,,6.980811015052903,-0.7816571807670438
3693414000,923.262,624.501,14.0,,7.059892515384484,-0.788748879036169
3698414000,919.059,623.379,14.0,,6.788540624144481,-0.7165270896653336
3703414000,916.077,613.85,14.0,,6.595771491803323,-0.1019211529366226
3708414000,917.782,618.331,14.0,,6.705907057019548,-0.3909564939485414
3713417000,918.464,618.783,14.0,,6.749974336965595,-0.4201195535591934
3718414000,920.685,621.144,,,6.8934160785132645,-0.5723135100499706
3723414000,921.698,621.748,,,6.958798864518061,-0.6112585826839787
3728414000,919.358,622.657,,,6.807838288085149,-0.6699402966475881
3733414000,909.611,620.322,,,6.178499868153332,-0.51964782606175
3738414000,873.95,603.885,,,3.875087207646483,0.5419238336188659
3743414000,869.112,587.297,,,3.5632378717942066,1.6142470419141774
3748415000,873.523,594.208,,,3.847872086022119,1.1673450293379468
3753414000,875.047,595.527,,,3.9463235792646776,1.0820792062396825
3758414000,876.233,597.039,,,4.022883502559527,0.984287561949912
3763414000,877.839,598.412,,,4.126577821993327,0.895514899418669
3768414000,874.99,603.158,,,3.9423578714182974,0.5888760690765688
3773415000,876.564,602.655,,,4.0440513028933225,0.6213380773466347
3778417000,876.984,602.295,,,4.07122719446875,0.6446452322097721
3783415000,879.103,598.894,,,4.208243537087729,0.8643709015741385
3788415000,881.841,601.325,,,4.385088325674219,0.707220873872812
3793419000,882.865,606.896,,,4.451028203450118,0.3472440897067781
3798540000,882.526,602.864,,,4.4292317319165,0.6077300647976379
3803540000,881.02,602.754,,,4.331980493325738,0.6148557894856151
3808540000,882.424,600.009,,,4.4227676917512975,0.7922278511963191
3813540000,883.862,602.485,,,4.515616519016479,0.6322028366173691
3818540000,882.162,604.026,,,4.405725899613872,0.5326968778432357
3823540000,881.175,604.379,,,4.3419252537330255,0.509867699967291
3828540000,877.641,601.87,,,4.113667028347261,0.6720408550782175
3833540000,836.609,592.814,,,1.4616868368015303,1.2584906602744186
3838540000,814.387,606.241,,,0.0246883925753415,0.3900048388585411
3843540000,795.66,593.72,,,-1.186421449056852,1.1999798557442494
3848546000,784.672,589.839,,,-1.897112036783651,1.4508707268973544
3853540000,777.5,596.543,15.0,,-2.36068697273958,1.0171123639985606
3858541000,774.935,595.085,15.0,,-2.5266320776593605,1.1113974402101
3863541000,776.672,594.372,15.0,,-2.41435047025477,1.157525308914581
3868540000,780.122,594.492,15.0,,-2.1912522812998003,1.1498126529675827
3873540000,779.518,595.388,15.0,,-2.230256218437667,1.091882200472621
3878541000,779.276,595.563,15.0,,-2.245900563983535,1.080540421505828
3883541000,780.417,595.13,15.0,,-2.172120726290504,1.108595987419955
3888541000,783.964,592.937,15.0,,-1.942809929321737,1.2505036453391276
3893545000,784.04,591.987,15.0,,-1.937953476025697,1.3119496225891685
3898541000,783.761,595.574,15.0,,-1.955876952279912,1.0799159992358225
3903551000,785.22,591.891,15.0,,-1.861643914923888,1.3181483583473703
3908541000,786.079,590.469,15.0,,-1.8060952278956548,1.4101856410791105
3913541000,785.429,590.792,15.0,,-1.848159682700348,1.3892658855457942
3918541000,785.264,591.986,15.0,,-1.8587752732036449,1.3119981810491768
3923541000,788.176,594.773,15.0,,-1.6703920325352637,1.1317821352510815
3928541000,787.767,594.011,15.0,,-1.6968217738215072,1.1810648604194525
3933666000,787.942,594.213,15.0,,-1.685543437395293,1.1680108474300146
3938666000,788.535,593.819,15.0,,-1.6471551528199748,1.1935274723322211
3943666000,789.319,590.874,15.0,,-1.5965594709505933,1.3839876677416083
3948666000,788.473,590.534,15.0,,-1.651248805560175,1.4059891918815473
3953666000,786.976,589.285,15.0,,-1.7481309224381865,1.4867681521070537
3958674000,785.633,590.816,15.0,,-1.8349748262322303,1.3876705924830903
3963669000,785.033,589.131,15.0,,-1.873780421771164,1.4966650753636015
3968667000,786.6,592.59,15.0,,-1.7723354906624669,1.2729900536280585
3973667000,788.201,592.093,15.0,,-1.6688165578965022,1.305159194412983
3978670000,790.377,586.914,15.0,,-1.5282580294059087,1.6402002466082528
3983673000,791.364,586.815,15.0,,-1.4643837493556937,1.6466282611685243
3988667000,792.647,583.677,15.0,,-1.3815334652522475,1.849593902200307
3993667000,789.824,585.532,15.0,,-1.5640592747823792,1.7295861110388238
3998676000,790.85,585.322,15.0,,-1.4977237336700873,1.7431937688298709
4003667000,792.666,588.289,15.0,,-1.3801368627198023,1.551244858664144
4008674000,790.413,587.2,15.0,,-1.5259276029446291,1.6217119524260666
4013667000,789.286,588.369,15.0,,-1.5987867277866068,1.5460756995089395
4018667000,788.776,589.408,15.0,,-1.6317276147412445,1.4788121344721668
4023667000,790.009,589.842,15.0,,-1.551928228166309,1.4508001048655663
4028667000,790.332,590.121,15.0,,-1.531045960182898,1.4327185964993892
4033672000,790.442,590.749,15.0,,-1.523938865990341,1.3920937656889438
4038667000,793.858,587.843,15.0,,-1.3030681236074635,1.5801268344013386
4043667000,789.321,598.36,15.0,,-1.5962165203164835,0.8997729124162395
4048667000,787.729,597.099,15.0,,-1.6992152525429718,0.9813098489383384
4053667000,788.669,588.428,15.0,,-1.6386907607006018,1.542231648750726
4058681000,792.854,585.856,15.0,,-1.3681004574562383,1.7086455255722914
4063667000,792.296,586.966,15.0,,-1.4041452054453394,1.6368595012294234
4068677000,793.666,586.196,15.0,,-1.3155337506563642,1.686686286788717
4073795000,789.289,588.101,15.0,,-1.5985782492443104,1.5633761298283415
4078793000,788.333,588.142,15.0,,-1.660411744641075,1.5606986072719349
4083799000,788.439,588.988,15.0,,-1.6535507980343014,1.505972990443159
4088793000,785.898,585.551,15.0,,-1.8180066816856817,1.728275799227584
4093793000,789.481,589.766,15.0,,-1.5861114755597108,1.4556521020838276
4098793000,790.088,585.532,15.0,,-1.546981134674979,1.7295633302889466
4103793000,789.661,585.511,15.0,,-1.574576915431784,1.73092155074365
4108793000,790.113,587.112,15.0,,-1.545301598170163,1.6273605532609794
4113793000,790.366,586.745,15.0,,-1.5289425885520471,1.651120455844578
4118793000,789.374,587.791,15.0,,-1.5930735473171178,1.5834652493064707
4123793000,789.518,586.854,15.0,,-1.5838354567873216,1.6440584737269688
4128801000,789.226,588.811,15.0,,-1.6026057699224543,1.51746315174027
4133796000,791.389,587.164,15.0,,-1.4628135107511182,1.6240060073379738
4138793000,791.701,584.146,15.0,,-1.4426752705923602,1.819268234135332
4143806000,789.391,584.0,15.0,,-1.592144505993968,1.828621154586872
4148793000,789.189,584.392,15.0,,-1.6052013412093036,1.8033226026674
4153794000,788.06,585.047,,,-1.6781644436918712,1.7609227193256198
4158793000,791.127,586.329,,,-1.4797399330586107,1.678059220439023
4163793000,792.454,583.559,,,-1.3940327392949534,1.857222403136496
4168794000,795.408,594.897,,,-1.202654339725185,1.1238564693832187
4173794000,804.061,657.175,,,-0.6435576474999603,-2.904918778913291
4178794000,803.0,678.907,,,-0.7130130624993493,-4.310225323928068
4183794000,819.657,723.297,,,0.3666049470749727,-7.179003325935942
4188794000,827.206,745.587,,,0.8586048010863321,-8.617944358674713
4193801000,833.234,799.727,,,1.258716481286862,-12.108930449914016
4198794000,839.771,825.992,,,1.6936990573015012,-13.79930984115258
4203933000,825.026,839.546,,,0.724642296932122,-14.673770420006637
4539172000,785.603,836.495,,1.0,-1.875443925253172,-14.47580911087819
4544173000,754.987,771.761,,1.0,-3.854920486710732,-10.299230475569493
4549172000,752.596,725.164,,1.0,-3.9906711491083215,-7.293354634618324
4554176000,712.143,691.213,,1.0,-6.60104427958198,-5.093151582174599
4559173000,725.584,712.32,,1.0,-5.738976828659779,-6.457949757492938
4564173000,705.594,659.973,,1.0,-7.014298232398596,-3.077071232487996
4569173000,740.453,606.005,,1.0,-4.755625404677532,0.4047767825926595
4574173000,783.664,645.916,,1.0,-1.9627972263431777,-2.1762552315296664
4579173000,757.882,583.39,,1.0,-3.63012694180713,1.867030194217541
4584181000,818.697,566.176,,1.0,0.3035270053504653,2.981800200540256
4589176000,768.821,552.248,,1.0,-2.925906514496961,3.880923610940267
4594181000,780.26,543.423,,1.0,-2.1862285449031744,4.452269989589164
4599173000,788.553,545.305,,1.0,-1.6488538234797592,4.3310973443541485
4604173000,835.035,605.016,,1.0,1.3597612550882088,0.4692095323178326
4609298000,824.101,598.1,,1.0,0.6528157444076872,0.9166490086861588
4614298000,821.534,594.168,18.0,1.0,0.4869072350256546,1.1710090058337972
4619298000,811.349,613.108,18.0,1.0,-0.1717394697039037,-0.0542437818226352
4624298000,820.519,599.379,18.0,1.0,0.4212227703836593,0.833951363084475
4629298000,828.741,584.097,18.0,1.0,0.9530372465194022,1.822462566822734
4634298000,823.143,582.111,18.0,1.0,0.5910431145012188,1.951018537929883
4639299000,822.076,584.555,18.0,1.0,0.5219819119795417,1.7928887079209124
4644298000,811.327,589.694,18.0,1.0,-0.1732302517013247,1.460540050859648
4649299000,808.556,595.495,18.0,1.0,-0.3523813713561614,1.0852143396800111
4654299000,809.489,596.385,18.0,1.0,-0.2920733010210262,1.0276162915267164
4659299000,808.146,594.885,18.0,1.0,-0.3789256065214605,1.1246883750351375
4664299000,807.749,595.22,18.0,1.0,-0.4045716340682401,1.1030254206038
4669299000,806.788,593.521,18.0,1.0,-0.4667327873207273,1.2129372975767785
4674299000,807.277,594.079,18.0,1.0,-0.4351309267481819,1.176824415167715
4679299000,805.793,593.711,18.0,1.0,-0.5310902671715826,1.200602943497631
4684299000,805.308,594.044,18.0,1.0,-0.5624357388656005,1.1790814410719648
4689299000,805.927,594.605,18.0,1.0,-0.5224140989857663,1.142760202801393
4694299000,807.233,589.455,18.0,,-0.4379942372767886,1.4759772744801825
4699299000,806.005,587.214,18.0,,-0.5174596316484364,1.6209270549619847
4704305000,803.468,583.357,18.0,,-0.681576811593238,1.8704418295424368
4709306000,803.529,582.743,18.0,,-0.6776556608150025,1.9101272708338128
4714299000,807.5,583.937,18.0,,-0.4207713085826258,1.8329373237920168
4719302000,807.62,585.42,18.0,,-0.4130007789796381,1.7370299752286116
4724305000,809.398,584.349,18.0,,-0.2979844062052914,1.8062625105360648
4729300000,809.0,584.221,,,-0.3237768953215501,1.814577151858276
4734299000,807.635,582.781,,,-0.4120878487984397,1.907724844284516
4739301000,801.593,586.268,,,-0.8028095680379711,1.682113080025968
4744300000,791.698,584.749,,,-1.4428917783097126,1.7802335586749982
4749425000,754.945,602.891,,,-3.818924656775202,0.6062579424632317
4754425000,719.929,610.177,,,-6.082013348198004,0.1351376884622928
4759425000,710.631,606.669,,,-6.682872406475053,0.3614999420074253
4764425000,684.086,593.958,,,-8.398389996565758,1.1799983400366456
4769425000,688.177,601.591,19.0,,-8.13345031418105,0.6883711842430996
4774425000,688.784,599.034,19.0,,-8.094470433687366,0.8531586749546605
4779426000,686.293,600.583,19.0,,-8.255190027222795,0.753220480921993
4784429000,686.28,598.959,19.0,,-8.256164165621449,0.8579015957855033
4789425000,687.023,599.339,19.0,,-8.208174830955155,0.8334583029136065
4794425000,687.687,604.048,19.0,,-8.164954852046247,0.5299553251531103
4799431000,691.718,590.451,19.0,,-7.905959417628997,1.4065878828542766
4804425000,688.444,607.567,19.0,,-8.115936075905111,0.3032057011938842
4809425000,688.361,607.999,19.0,,-8.121271169141481,0.2753377988821882
4814430000,688.851,610.867,19.0,,-8.089543857964834,0.0905445638196971
4819425000,690.941,611.536,19.0,,-7.954620273354655,0.0473991915770774
4824425000,692.505,611.789,19.0,,-7.8536056769062705,0.0310630321050816
4829426000,694.433,613.923,19.0,,-7.729094270136997,-0.1064991854953479
4834430000,694.401,613.779,19.0,,-7.731123021664072,-0.0972080385614109
4839426000,693.82,614.018,19.0,,-7.768683252386526,-0.1125931982645496
4844426000,697.742,611.773,19.0,,-7.515377000577658,0.0320996495568229
4849426000,701.519,607.733,19.0,,-7.271467323280081,0.2926796557750235
4854426000,701.031,606.714,19.0,,-7.302992232563294,0.3584423623072508
4859426000,702.029,607.675,19.0,,-7.238517180905532,0.2964740467130568
4864426000,701.372,607.873,19.0,,-7.280937526618479,0.2836388801707273
4869426000,702.722,606.302,19.0,,-7.193765202070765,0.3850114634425733
4874426000,702.722,606.491,19.0,,-7.193789573243348,0.372850014556813
4879426000,700.702,606.191,19.0,,-7.324303974250648,0.3921178417385933
4884434000,702.918,605.603,19.0,,-7.181166636493535,0.4301219408427746
4889551000,703.064,606.36,19.0,,-7.171714942823842,0.38130128902187
4894552000,705.606,606.635,19.0,,-7.007480648701207,0.3636090748337686
4899551000,705.03,603.386,19.0,,-7.04484201905448,0.5731527132169179
4904554000,711.694,602.978,19.0,,-6.6142933638220205,0.5996761685432587
4909551000,712.811,602.028,19.0,,-6.542208249944872,0.6610503971608388
4914551000,710.866,592.94,19.0,,-6.668598196382568,1.2474447792078762
4919551000,713.138,594.539,19.0,,-6.521627212477207,1.1443949443781845
4924552000,714.224,594.673,19.0,,-6.451451758017277,1.1357994155065412
4929552000,717.035,597.652,19.0,,-6.269569585021679,0.9436535059754212
4934551000,716.528,594.07,19.0,,-6.302601689006227,1.174841681482692
4939552000,714.816,594.106,,,-6.413235088610675,1.1724356424738531
4944552000,715.171,595.071,,,-6.390209244866919,1.1101686797282209
4949552000,716.39,593.878,,,-6.311544999531712,1.187212695623805
4954552000,742.383,601.732,,,-4.63105129387436,0.680956110584754
4959552000,768.206,598.071,,,-2.9616429704591503,0.9181582246125276
4964553000,786.365,587.151,,,-1.7877370995410171,1.6247684842192085
4969552000,807.176,590.172,,,-0.4416583644785026,1.4295894819608916
4974552000,809.741,596.304,,,-0.2757488027987962,1.032880027405581
4979552000,822.705,580.846,20.0,,0.5627351711012505,2.032842965463294
4984552000,820.85,584.113,20.0,,0.4427014003053794,1.8215098433604733
4989552000,822.33,602.361,20.0,,0.5382855649614745,0.6410116310575195
4994552000,821.099,600.501,20.0,,0.4587204308364605,0.7613301799709188
4999552000,819.149,598.228,20.0,,0.3326217267383736,0.9084077168593476
5004552000,817.996,602.62,20.0,,0.2580452300468245,0.6242496977128676
5009552000,818.586,598.644,20.0,,0.2962118330141904,0.8814997156285638
5014552000,818.963,598.346,20.0,,0.3206311324042465,0.9007796863555289
5019677000,817.178,596.825,20.0,,0.2051534866120619,0.999157832688822
5024677000,817.342,601.005,20.0,,0.2157543440968612,0.7287332512666016
5029689000,813.763,607.778,20.0,,-0.0156373408554639,0.290571994735843
5034685000,813.832,606.56,20.0,,-0.0112098802458316,0.3693927427989438
5039678000,816.179,606.079,20.0,,0.1405882095988978,0.4004478124938119
5044678000,816.911,607.811,20.0,,0.1878992311765953,0.2884180928552749
5049678000,816.035,599.174,20.0,,0.1312791010452791,0.8471885527649956
5054678000,814.693,600.691,20.0,,0.0444858335482028,0.7490697235516105
5059678000,814.183,596.211,20.0,,0.0114778642748708,1.0389038752698572
5064678000,814.934,597.804,20.0,,0.060101527196341,0.9358107667375278
5069678000,814.498,597.434,20.0,,0.0318770198409007,0.9597957142958098
5074678000,816.925,598.698,20.0,,0.1888434012422585,0.8780177487030731
5079686000,816.904,597.437,20.0,,0.1874393455999002,0.9595536599363618
5084678000,815.897,593.986,20.0,,0.1223518340880749,1.1828320893773066
5089678000,815.746,590.954,20.0,,0.1125905743245704,1.3789947540990777
5094678000,815.721,590.906,20.0,,0.1109485137175192,1.3820786789918629
5099678000,815.028,589.848,20.0,,0.0661541880256823,1.4505527054095677
5104678000,814.751,591.506,20.0,,0.0482154879188684,1.3432509433728554
5109678000,814.561,589.625,20.0,,0.0359370389404729,1.464973993326875
5114678000,813.181,584.971,20.0,,-0.053324345341381,1.7660706957617422
5119678000,812.797,586.225,20.0,,-0.0781623551980158,1.684918301702917
5124678000,812.375,587.613,20.0,,-0.1054383849786211,1.595105948694665
5129678000,809.75,586.627,20.0,,-0.2752538923311199,1.6588979487651363
5134678000,810.405,581.794,20.0,,-0.2328694551450533,1.9715563601496509
5139679000,809.242,582.369,20.0,,-0.3081058764065946,1.934404321025741
5144679000,808.865,582.457,20.0,,-0.3325273879290455,1.928686239534
5149679000,806.771,583.734,20.0,,-0.4679197205271568,1.846075114017174
5154804000,804.108,584.688,,,-0.6401995902686185,1.784323819692411
5159804000,806.453,583.37,,,-0.4885367573916387,1.8695825179691048
5164804000,813.644,580.745,,,-0.0234141689834294,2.039402280369078
5169804000,826.518,589.68,,,0.8092412659925124,1.4613036190278317
5174804000,839.737,591.134,,,1.6639605613120587,1.3670538164233288
5179804000,838.643,587.328,,,1.593351449092816,1.613247827545549
5184804000,838.832,587.584,21.0,,1.605587157282775,1.596730098518494
5189804000,841.508,592.204,21.0,,1.778438590870877,1.2978196344483433
5194804000,841.477,591.574,21.0,,1.7764820250514215,1.338572167982085
5199819000,842.379,590.61,21.0,,1.8348132020009704,1.4009183761668034
5204804000,845.132,589.124,21.0,,2.012910355202497,1.496975827603858
5209804000,844.68,589.527,21.0,,1.9836105745401849,1.470894549382905
5214804000,844.0,590.423,21.0,,1.9396626932222545,1.4129618221328824
5219820000,845.114,592.408,21.0,,2.0116022811999392,1.2845372057068245
5224805000,841.086,594.602,21.0,,1.7511153849942105,1.1427606896527656
5229805000,841.75,594.605,21.0,,1.7940305157798246,1.142528311437944
5234805000,845.786,593.381,21.0,,2.055052614423893,1.2216518766317477
5239805000,845.64,595.898,21.0,,2.045519003080562,1.0588576898692896
5244805000,838.975,594.078,21.0,,1.6146757602230766,1.1766953014982773
5249810000,845.124,598.248,21.0,,2.0121301157468627,0.9068870201419064
5254805000,842.639,598.924,21.0,,1.851423456743825,0.8631666319658438
5259805000,844.227,599.748,21.0,,1.9541163879189176,0.8098562966607964
5264809000,845.545,597.84,21.0,,2.03935363387166,0.933257922127503
5269811000,847.889,596.93,21.0,,2.1909070083985243,0.9920471085020068
5274805000,848.317,594.967,21.0,,2.21859994480739,1.1189921500988007
5279805000,849.048,595.356,21.0,,2.265891813580135,1.0937976837563548
5284808000,849.044,597.63,21.0,,2.265574706183522,0.9467631448405432
5289933000,849.093,598.764,21.0,,2.2687161517566024,0.8734420007998142
5294930000,846.828,599.619,,,2.122273005204113,0.8181502064298943
5299930000,849.529,598.68,,,2.296866225802217,0.8788228800843597
5304930000,850.111,596.933,,,2.334539918250402,0.9918090073289062
5309934000,864.495,581.941,,,3.2651713226845263,1.9606999415146624
5314930000,874.506,581.858,,,3.9123113308609936,1.9654992864394
5319931000,877.502,576.161,,,4.10656911984692,2.333395150191565
5324934000,877.59,577.413,22.0,,4.112121153458864,2.252527970359593
5329931000,877.638,578.888,22.0,,4.115034528055312,2.157200833187128
5334931000,877.593,574.95,22.0,,4.11257005236176,2.4116647737326136
5339931000,878.661,584.834,22.0,,4.180570026881586,1.7729342472823153
5344931000,881.073,579.321,22.0,,4.337025910892136,2.1289748072674577
5349937000,880.456,574.825,22.0,,4.297635743712395,2.419467948429772
5354931000,883.0,577.424,22.0,,4.461781480287442,2.251359423739618
5359931000,885.227,576.109,22.0,,4.605900183927956,2.336152146385368
5364931000,881.216,577.055,22.0,,4.346502811471805,2.275358727413391
5369931000,881.505,577.674,22.0,,4.365139284711027,2.2353187784582627
5374931000,880.276,580.545,22.0,,4.285372891678487,2.049933446227269
5379931000,883.742,584.074,22.0,,4.509045394585697,1.8217223785366576
5384934000,879.932,581.324,22.0,,4.263100682854513,1.9996089519332656
5389931000,880.827,582.242,22.0,,4.320855464276299,1.9402287901887776
5394931000,880.498,582.932,22.0,,4.299503493288669,1.8956918306339468
5399931000,882.004,591.3,22.0,,4.3961189391988285,1.354958161614356
5404932000,875.549,580.038,22.0,,3.9798848463476415,2.0830510152355703
5409938000,876.266,580.547,22.0,,4.026180676674472,2.050069644158216
5414931000,881.204,580.331,22.0,,4.34540819238171,2.06368540282238
5419946000,880.641,580.868,22.0,,4.308945676162937,2.02904225503759
5424932000,881.44,579.742,22.0,,4.360693523540408,2.1017499842073453
5430057000,883.171,585.158,22.0,,4.472021474123254,1.7516952812177145
5435057000,883.697,586.12,22.0,,4.50593691306197,1.6895407226385468
5440057000,882.635,586.253,22.0,,4.43731279014558,1.6809804249927949
5445057000,884.704,585.68,22.0,,4.5710418661646575,1.7178497573129703
5450057000,883.713,587.219,22.0,,4.506893600190163,1.6185414534943463
5455057000,883.385,584.885,22.0,,4.485914210924364,1.769300410676691
5460057000,882.892,579.956,22.0,,4.45453642934945,2.087774111085656
5465057000,882.139,578.188,22.0,,4.406077275918286,2.202082467173654
5470057000,882.262,576.801,22.0,,4.414139743099577,2.2916905716421496
5475057000,880.904,576.908,22.0,,4.326351804292723,2.284906546692906
5480059000,883.783,580.455,22.0,,4.51206263686816,2.05550418344014
5485057000,881.472,580.883,22.0,,4.362644571940542,2.0279901497784185
5490060000,887.021,589.578,22.0,,4.720402045253071,1.4659165661166798
5495057000,881.703,583.635,22.0,,4.377306182922571,1.8502155567879632
5500057000,882.68,583.284,22.0,,4.440490171035989,1.87283377053412
5505058000,883.466,582.723,22.0,,4.491345743829594,1.9089918577507017
5510058000,884.562,580.286,22.0,,4.562401730669335,2.06635639512175
5515057000,885.8,581.926,22.0,,4.642236012487662,1.9603228865788604
5520058000,883.099,581.878,22.0,,4.467713617304487,1.963634694006902
5525058000,881.863,581.518,22.0,,4.387872746069877,1.9869866640818727
5530058000,881.398,579.475,22.0,,4.358031983487425,2.1189818984184683
5535058000,880.977,581.537,22.0,,4.330562399258267,1.9857781912116663
5540058000,883.738,584.252,22.0,,4.508744178077381,1.8102044334818883
5545058000,886.524,583.867,22.0,,4.688855746346598,1.834874935549891
5550058000,878.996,585.386,,,4.202193958973432,1.7372459107560854
5555058000,876.006,579.804,,,4.009485538001909,2.09813040424866
5560068000,867.458,585.594,,,3.4564494262388226,1.7243855125592291
5565183000,858.236,587.795,,,2.8601577743596334,1.5825058179245053
5570189000,857.3,588.337,23.0,,2.7996132953610915,1.5474762554464652
5575188000,856.353,590.572,23.0,,2.738269722900457,1.402975858428665
5580193000,853.37,593.227,23.0,,2.545344240461479,1.2314029739393495
5585183000,853.849,590.779,23.0,,2.576377665484343,1.3896805045223275
5590183000,854.863,584.182,23.0,,2.642282307427496,1.816232093725718
5595183000,855.07,584.229,23.0,,2.655637901656134,1.8131968604385555
5600183000,854.991,583.942,23.0,,2.650582890199902,1.8317448014922493
5605186000,856.895,581.804,23.0,,2.7737957326161906,1.9698950258932613
5610184000,856.415,586.43,23.0,,2.7425154169091464,1.6708226947096196
5615184000,856.251,588.596,23.0,,2.731775586409214,1.5307954734628226
5620195000,859.67,587.894,23.0,,2.952857606540003,1.5760079969504788
5625184000,860.32,588.155,23.0,,2.9948491913878605,1.5591135308179571
5630184000,858.818,589.966,23.0,,2.897643102366347,1.4420715784800058
5635193000,860.269,591.286,23.0,,2.9913925342283174,1.3566815168362787
5640187000,861.074,591.015,23.0,,3.043437393443753,1.3742150208489852
5645184000,860.832,590.744,23.0,,3.027795214292936,1.391716394816343
5650195000,860.87,591.069,23.0,,3.030249345081908,1.370717773322179
5655184000,860.117,592.104,23.0,,2.9815188357032514,1.3038231414212116
5660184000,858.07,589.739,23.0,,2.8493436607205784,1.456789087054363
5665184000,859.065,590.502,23.0,,2.913592979399553,1.407469977607951
5670184000,858.149,589.665,23.0,,2.854464692989476,1.4616168083877557
5675184000,856.227,587.617,23.0,,2.730249310387024,1.5940864082216888
5680184000,857.158,586.688,23.0,,2.790512416521198,1.6541408899970296
5685185000,856.359,587.924,23.0,,2.738776984509891,1.5741874696044793
5690184000,858.356,587.684,23.0,,2.867909207958584,1.5896955829547894
5695193000,860.35,588.07,23.0,,2.996795161206557,1.564640915450167
5700310000,861.486,586.62,23.0,,3.070305863114945,1.6583025661450328
5705312000,861.032,587.358,23.0,,3.04095480164248,1.6106137716533355
5710320000,861.281,587.761,23.0,,3.057034190663353,1.5845758929187197
5715310000,861.1,587.206,23.0,,3.0453431750343425,1.6204525132693215
5720310000,864.635,586.461,23.0,,3.273919779301124,1.6684544972025686
5725310000,863.932,583.717,23.0,,3.2286240605333543,1.845883693178909
5730310000,862.704,584.354,23.0,,3.1492079597452136,1.8047679600457711
5735310000,861.231,585.531,23.0,,3.05391761880043,1.7287805953074395
5740310000,860.573,585.472,23.0,,3.0113694928007115,1.73256920013723
5745310000,863.04,586.016,23.0,,3.1707910997197826,1.6972890347625609
5750310000,865.586,585.624,23.0,,3.335397601366876,1.7225211228899295
5755310000,866.362,584.182,23.0,,3.385688193769268,1.8157230773946105
5760310000,864.482,586.959,23.0,,3.263961619176965,1.6362764851896163
5765324000,865.226,586.236,23.0,,3.312083051349269,1.6830072436921448
5770310000,864.597,585.203,23.0,,3.271515729440788,1.7497954973558254
5775312000,864.522,583.108,23.0,,3.2667948227589965,1.885263378555299
5780310000,864.71,583.51,23.0,,3.278970586631007,1.8592605523979728
5785310000,863.027,581.815,23.0,,3.1702686990552302,1.9688955216997173
5790310000,856.401,585.01,23.0,,2.7416648750138326,1.7626372321894477
5795310000,860.495,586.353,23.0,,3.0062586231949364,1.6756349121087704
5800311000,859.223,586.444,23.0,,2.9240032990208387,1.66981837041604
5805318000,861.959,581.522,23.0,,3.101233790316212,1.987893083324355
5810310000,863.579,582.183,23.0,,3.2059373403664044,1.945094809624732
5815311000,863.267,581.269,23.0,,3.185812393017081,2.004177449955188
5820311000,861.956,583.161,23.0,,3.1009388235213216,1.881967457777695
5825311000,862.881,578.113,23.0,,3.1611043650806265,2.208243203897767
5830311000,861.576,580.543,23.0,,3.0765698707702582,2.0511874738212748
5835322000,861.239,581.158,23.0,,3.0547151206783547,2.0114937423807384
5840436000,861.279,582.282,23.0,,3.057201692852136,1.938789011936636
5845436000,859.61,583.015,23.0,,2.9492789198959173,1.891483827515326
5850436000,861.262,587.935,23.0,,3.0557776033251494,1.5732950199656062
5855445000,854.938,586.344,23.0,,2.6469859562497566,1.6764222141098235
5860436000,854.058,587.31,23.0,,2.5900671684202448,1.613993852924478
5865436000,854.893,586.856,23.0,,2.644103154521706,1.6433197984049284
5870449000,857.048,587.503,23.0,,2.7833906782318487,1.6014051200225037
5875439000,859.206,586.299,23.0,,2.922965894845195,1.6791990766965803
5880436000,859.314,585.732,23.0,,2.9299628539652667,1.7158468962201148
5885436000,862.587,593.059,23.0,,3.141164724870134,1.2420362919523975
5890436000,859.659,587.604,23.0,,2.9521276508534897,1.5948198606289368
5895436000,857.646,587.251,23.0,,2.8220576207573496,1.6176619455485914
5900436000,859.364,588.207,23.0,,2.933041598981126,1.5558149439873494
5905440000,860.382,588.263,23.0,,2.998887571262676,1.5521384031232697
5910436000,859.328,595.039,23.0,,2.9304077849726275,1.1140615196191226
5915437000,862.263,593.5,23.0,,3.120223686490274,1.2134732430622186
5920439000,861.756,589.512,,,3.0876036415150283,1.4713704562588208
5925437000,862.556,590.446,,,3.139294825768229,1.4109284593824298
5930437000,859.121,590.506,,,2.917234484297859,1.4071840003018208
5935437000,828.549,602.766,,,0.9404433623239052,0.6147705812685239
5940437000,811.259,602.8,,,-0.1775516131960446,0.6126239105487894
5945437000,787.073,590.733,,,-1.7417839900289096,1.393088042400635
5950437000,769.883,604.05,,,-2.853067123266573,0.5315650010718317
5955437000,770.819,599.651,,,-2.792661803863332,0.8160212964843144
5960440000,757.817,590.648,24.0,,-3.6337596267328487,1.3978372450302368
5965437000,756.906,591.856,24.0,,-3.692627642769408,1.319679718118648
5970562000,757.379,591.815,24.0,,-3.662036083288738,1.3223596622842768
5975562000,758.399,590.023,24.0,,-3.596199216730529,1.438212087276154
5980562000,757.07,590.832,24.0,,-3.682094414941204,1.3858739788493606
5985562000,756.42,593.877,24.0,,-3.723920612120536,1.189042954717524
5990562000,755.37,599.637,24.0,,-3.791536376801482,0.8166359924165841
5995570000,754.68,599.608,24.0,,-3.83614035821826,0.8184790420157287
6000563000,757.545,598.926,24.0,,-3.650954108020831,0.8626398104284362
6005563000,759.517,599.643,24.0,,-3.523387958104077,0.8163135151153602
6010563000,760.569,595.954,24.0,,-3.455567067655097,1.0548616946293468
6015563000,758.791,594.853,24.0,,-3.5705412749284022,1.1259907120079298
6020563000,758.953,593.146,24.0,,-3.560196560195059,1.2363307177875338
6025563000,757.3,593.839,24.0,,-3.6670030286317936,1.1915211140994335
6030563000,756.67,593.289,24.0,,-3.707764920364868,1.2270199271208695
6035570000,757.532,592.474,24.0,,-3.652118608361518,1.279770950088453
6040563000,757.862,589.182,24.0,,-3.630946679442982,1.4926150870940504
6045563000,757.373,589.245,24.0,,-3.662560287176121,1.4885081079840554
6050563000,757.729,593.575,24.0,,-3.6392693981316064,1.208580313285969
6055563000,758.068,593.576,24.0,,-3.617362567678064,1.208524011659091
6060563000,757.734,593.033,24.0,,-3.639039382785844,1.2436109720009565
6065563000,759.447,593.385,24.0,,-3.528240102673022,1.2209492537990778
6070563000,757.71,594.369,24.0,,-3.640470067826121,1.15727676518648
6075563000,755.881,594.268,24.0,,-3.7587495062459855,1.1636951081947442
6080563000,755.904,592.828,24.0,,-3.757367234085024,1.2568466685568254
6085564000,755.826,592.86,24.0,,-3.7624091908977486,1.254756893351744
6090564000,755.165,593.801,24.0,,-3.805102382444769,1.1938830019804931
6095565000,753.276,591.399,24.0,,-3.927363976146216,1.3490895094074626
6100566000,754.229,590.998,24.0,,-3.8657656843088057,1.3750506757804786
6105564000,755.262,589.795,24.0,,-3.799066818516792,1.4528824579744757
6110689000,756.131,590.496,24.0,,-3.742803804393103,1.4075552284185853
6115689000,751.439,590.177,24.0,,-4.046192955701934,1.4279968586349736
6120689000,752.363,590.592,24.0,,-3.986442051520288,1.4012402007368354
6125689000,753.155,591.27,24.0,,-3.935209814802116,1.357401328102899
6130689000,753.392,593.156,24.0,,-3.919762727819748,1.2355255034738946
6135689000,754.204,591.538,24.0,,-3.8673447824723737,1.3401570779403225
6140689000,755.688,591.727,24.0,,-3.771357224105068,1.32794952864175
6145689000,756.708,592.781,24.0,,-3.705367340679364,1.2598963451525411
6150689000,756.908,592.128,24.0,,-3.6924886297649055,1.3020743369651409
6155689000,755.429,594.178,24.0,,-3.7879972193727673,1.169500378488194
6160689000,757.019,593.931,24.0,,-3.685198675835218,1.1855226499819134
6165689000,757.208,595.543,24.0,,-3.672884810269236,1.0813654311164642
6170689000,753.685,594.823,24.0,,-3.9007046143235606,1.127761381808206
6175689000,754.234,594.24,,,-3.865263397276646,1.1654769539137824
6180689000,755.969,594.355,,,-3.753062269852957,1.158103039455337
6185689000,760.261,593.401,,,-3.4755718955974,1.2198930935507462
6190689000,788.105,609.217,,,-1.674720176246262,0.1974641433104741
6195690000,803.822,639.71,,,-0.6586745321723005,-1.7752040257987989
6200693000,814.135,641.049,,,0.0083828256779376,-1.861830674094516
6205690000,814.85,647.281,,,0.0545934053697503,-2.264990184047196
6210690000,817.419,640.763,25.0,,0.2208065963785366,-1.8433269736646127
6215690000,819.64,636.978,25.0,,0.36444770895521,-1.598454432827625
6220690000,819.318,636.209,25.0,,0.3435630953275684,-1.5487198603119416
6225690000,816.972,637.503,25.0,,0.1918929002988776,-1.6324451826065336
6230690000,817.546,636.82,25.0,,0.2290053117202311,-1.5882923766117238
6235690000,817.351,645.52,25.0,,0.2164037364403759,-2.151075964059668
6240690000,814.412,637.455,25.0,,0.0263205439942501,-1.6293671772444285
6245815000,811.076,628.344,25.0,,-0.18941039414694,-1.0399457703768158
6250819000,816.591,631.367,25.0,,0.1672482327435881,-1.2355152574608637
6255819000,815.567,630.389,25.0,,0.1009972289688105,-1.1722359213032585
6260815000,815.582,629.856,25.0,,0.1019683334138979,-1.1377576077617786
6265815000,814.474,628.103,25.0,,0.0303008941231055,-1.0243936658972803
6270816000,812.776,629.904,25.0,,-0.0794834873738605,-1.1408737800846438
6275815000,813.532,625.617,25.0,,-0.0305801747431488,-0.8635535263431885
6280815000,815.105,626.761,25.0,,0.0711600558257087,-0.9375320531117184
6285815000,813.919,630.401,25.0,,-0.0055487366081348,-1.173041014380629
6290815000,814.171,631.411,25.0,,0.0106996454566552,-1.2383447452089904
6295816000,814.668,629.422,25.0,,0.0428863095622645,-1.1096896037250643
6300816000,814.634,631.473,25.0,,0.0406540061590304,-1.2423554167122015
6305816000,815.236,629.674,25.0,,0.0795771955210895,-1.1259720967011086
6310818000,814.874,628.726,25.0,,0.056176340251328,-1.064679940483913
6315816000,814.34,628.092,25.0,,0.0216571647898799,-1.0236554576816657
6320816000,814.094,630.897,25.0,,0.005758731155637,-1.205122250405732
6325816000,811.453,629.015,25.0,,-0.1650441278883972,-1.0833758865326044
6330816000,813.101,630.201,25.0,,-0.0584820670661164,-1.160118573866578
6335827000,811.685,629.96,25.0,,-0.1500369951456945,-1.1445267460640614
6340816000,812.469,633.278,25.0,,-0.0993162938682012,-1.3591267104857483
6345816000,811.722,632.173,25.0,,-0.1476219125798872,-1.287640205701041
6350819000,813.52,628.763,25.0,,-0.0313828151174183,-1.06704335990285
6355816000,820.258,627.355,25.0,,0.4043777303924036,-0.9759544894219698
6360816000,822.233,628.046,25.0,,0.5320422495636613,-1.0206409212393168
6365816000,833.36,634.499,25.0,,1.2516212931715804,-1.4379807502579416
6370816000,833.582,633.054,25.0,,1.26594496781619,-1.3444937976280378
6375816000,834.469,633.079,25.0,,1.3233417440818105,-1.346062780398434
6380941000,832.389,631.5,25.0,,1.188817388870919,-1.243963599310285
6385825000,829.044,633.832,25.0,,0.9725263828016169,-1.39490014409582
6390942000,830.753,631.295,25.0,,1.0830166959331506,-1.2307511125563748
6395942000,830.481,626.948,25.0,,1.065347018964638,-0.9495579650185292
6400950000,831.165,634.199,25.0,,1.1096969554972895,-1.4186146053113264
6405942000,830.161,633.434,25.0,,1.0447874389455996,-1.3691121797497388
6410942000,830.755,635.037,25.0,,1.0831996582607002,-1.4728270175956482
6415942000,830.961,635.336,25.0,,1.0965451799932868,-1.4921573393371714
6420942000,830.643,634.874,25.0,,1.075974069796146,-1.4622480538617717
6425952000,830.54,636.82,25.0,,1.0693209164378688,-1.588163467882307
6430951000,830.026,637.015,25.0,,1.0361019828841558,-1.6007497912100106
6435948000,829.746,636.358,25.0,,1.0179543463628262,-1.5582458397776782
6440942000,823.688,627.305,25.0,,0.6261240226935793,-0.9726861751224484
6445942000,823.922,627.203,25.0,,0.6412786252024615,-0.9660828681667448
6450942000,825.933,627.741,25.0,,0.771284910263927,-1.0008776772963164
6455946000,830.541,642.734,25.0,,1.0694809432356795,-1.9706948566731808
6460942000,824.769,631.445,25.0,,0.6960853978111059,-1.2405273756874844
6465942000,825.078,630.204,25.0,,0.7160383123999217,-1.1602080281885945
6470947000,828.495,643.487,25.0,,0.9371694859002536,-2.019422065674504
6475942000,828.055,642.323,25.0,,0.9086855981790286,-1.944131743752528
6480942000,827.146,641.087,25.0,,0.8498979788610685,-1.864208433203236
6485943000,827.738,637.07,25.0,,0.8881496549497225,-1.6043207536720718
6490943000,826.528,638.6,25.0,,0.8099176398280791,-1.7033076017776054
6495948000,827.724,631.856,25.0,,0.8871631962250707,-1.2670584267867429
6500947000,827.296,631.099,25.0,,0.8594959404168391,-1.2180772237719624
6505943000,828.658,629.261,25.0,,0.9475116496196144,-1.099213552761537
6510943000,829.652,628.263,25.0,,1.0118107049233769,-1.0346619159189188
6515946000,827.967,635.936,25.0,,0.9029193717209394,-1.5309660931385969
6521068000,821.724,638.03,25.0,,0.4991852449562615,-1.666497770421233
6526074000,818.456,633.853,25.0,,0.2878164412759299,-1.3963068987481029
6531077000,818.498,630.946,25.0,,0.2905404167450318,-1.208263221113831
6536068000,818.538,632.68,25.0,,0.2931261365512646,-1.3204459037066736
6541068000,817.168,628.106,25.0,,0.2045126309595105,-1.0245411272687803
6546081000,816.253,628.493,25.0,,0.1453885887257843,-1.0495774652851688
6551068000,816.389,630.099,25.0,,0.1541710980863038,-1.1534861261625895
6556068000,818.783,636.695,25.0,,0.308990333573758,-1.5801636832499235
6561068000,817.579,634.461,25.0,,0.231128345742584,-1.4356765587693765
6566068000,818.028,630.296,,,0.2601789535126103,-1.16619834905661
6571068000,818.882,626.55,,,0.3153801059981495,-0.9238950829207252
6576068000,829.267,630.189,,,0.986944964162918,-1.1592201071248718
6581069000,859.372,632.579,,,2.933372421493349,-1.3131606161195053
6586069000,891.611,624.332,,,5.0162054084983065,-0.7790587693871494
6591075000,927.897,646.081,,,7.361769495107556,-2.1797057543901373
6596069000,947.196,631.216,,,8.604738054051472,-1.219883362963751
6601072000,972.388,645.003,,,10.231608545396666,-2.10359588890496
6606069000,991.477,635.584,,,11.459333691302678,-1.4958052426620465
6611069000,1007.913,625.72,,,12.515770890907389,-0.8614358154284055
6616069000,1007.534,636.68,,,12.493271539665775,-1.5637437080728394
6621069000,1008.675,635.344,26.0,,12.566456335241952,-1.47795901668073
6626082000,1007.301,633.735,26.0,,12.477665599073369,-1.3750419566024423
6631069000,1003.15,632.286,26.0,,12.210202537391902,-1.2827590096674133
6636073000,1010.12,639.271,26.0,,12.660326592302429,-1.7292581978257804
6641075000,1006.009,637.707,26.0,,12.395375169285582,-1.6297826748348292
6646072000,1002.163,631.669,26.0,,12.146569365332256,-1.2433180478867385
6651194000,995.563,630.525,26.0,,11.721513944381313,-1.1706925754374071
6656194000,993.833,630.451,26.0,,11.610131808880611,-1.1661328838061626
6661194000,991.864,628.043,26.0,,11.48299168164903,-1.011857647409821
6666194000,986.992,635.108,26.0,,11.17035340164327,-1.4658136137129678
6671199000,992.115,633.547,26.0,,11.49997811645662,-1.3650122182538231
6676196000,989.815,634.007,26.0,,11.35196332216199,-1.3948297273911767
6681194000,984.094,623.8,26.0,,10.982113869866604,-0.740153901757109
6686195000,985.443,627.871,26.0,,11.069444311504366,-1.0014045427532912
6691195000,985.014,628.834,26.0,,11.04197114091816,-1.0632727552508092
6696203000,986.331,628.243,26.0,,11.12670057626483,-1.025249568906622
6701201000,986.503,628.203,26.0,,11.137788640981574,-1.022667273698688
6706195000,986.194,622.276,26.0,,11.117208883992108,-0.6421699681989479
6711195000,986.141,623.493,26.0,,11.113945381168026,-0.720263565173285
6716195000,985.54,625.852,26.0,,11.075441226867833,-0.8717692680078314
6721195000,981.686,629.593,26.0,,10.827690615059062,-1.1123213459129917
6726198000,983.126,629.782,26.0,,10.920498813883452,-1.1243539986281217
6731202000,976.565,627.938,26.0,,10.49755693541383,-1.0065205872111738
6736195000,976.09,624.913,26.0,,10.46660835609926,-0.812189893265975
6741195000,978.271,623.34,26.0,,10.606978744190382,-0.7109642370138679
6746195000,976.442,619.968,26.0,,10.48890863153687,-0.4944175050181588
6751206000,976.504,619.145,26.0,,10.49289729563878,-0.4415311118083755
6756202000,977.819,618.765,26.0,,10.577585012158188,-0.4170849600763924
6761195000,978.93,618.003,26.0,,10.649105241726453,-0.3680514130726875
6766204000,980.247,616.586,26.0,,10.733876272809589,-0.2770361148665139
6771201000,979.903,614.486,26.0,,10.71169655960376,-0.1421258867048518
6776195000,979.887,613.822,26.0,,10.710662086359823,-0.0994934668350725
6781196000,974.858,612.359,26.0,,10.386653398126466,-0.0055386515977336
6786196000,974.77,609.462,26.0,,10.38101899938867,0.180667097050573
6791321000,974.669,609.707,26.0,,10.374517009456262,0.1649162594220963
6796321000,974.51,618.911,26.0,,10.36436821061872,-0.4265790493842011
6801321000,973.287,615.567,26.0,,10.285470217172342,-0.2117310136090204
6806323000,972.862,614.349,26.0,,10.25808988263882,-0.1334039140858685
6811321000,973.374,612.141,26.0,,10.291069197577889,0.0084993822819284
6816321000,970.555,611.499,26.0,,10.109403337306745,0.049768933523964
6821321000,970.867,610.571,26.0,,10.129563347093953,0.1093902476378205
6826321000,968.732,610.891,26.0,,9.991974237992595,0.0888239036295374
6831324000,972.714,599.097,26.0,,10.249246451408194,0.8468531222916249
6836321000,972.752,604.394,26.0,,10.251219049764089,0.5064060816544631
6841321000,971.776,604.094,26.0,,10.18838561894518,0.5257488161520851
6846321000,971.286,604.51,26.0,,10.156742457250443,0.4989870283902
6851330000,967.985,607.028,26.0,,9.943900158141156,0.3372060551097505
6856321000,968.257,608.867,26.0,,9.96138907944691,0.2189875043296794
6861321000,965.089,606.648,26.0,,9.757315110425075,0.3616962090734992
6866321000,964.682,608.135,26.0,,9.731019125599811,0.2661227619577679
6871321000,964.759,605.444,26.0,,9.73607662277642,0.4391834898740182
6876321000,965.616,608.79,26.0,,9.791164207667562,0.2239898498085465
6881321000,964.262,608.046,26.0,,9.703973267178418,0.271814223401645
6886322000,961.04,615.146,26.0,,9.49622493462252,-0.1848921773125842
6891322000,964.005,614.98,26.0,,9.687314089486035,-0.1741372044202406
6896322000,964.921,611.148,26.0,,9.746324675855616,0.0723053978731931
6901326000,964.263,608.913,26.0,,9.704008936383138,0.2160913294030896
6906322000,965.679,610.037,26.0,,9.795216715332575,0.1437677134109729
6911322000,966.564,609.059,26.0,,9.852272096451172,0.2066520339560398
6916322000,967.258,609.457,26.0,,9.896985164013833,0.1810269406891601
6921322000,962.622,615.195,26.0,,9.598206522084634,-0.1879632767676952
6926331000,963.103,615.201,,,9.629159107428649,-0.1883555036729168
6931447000,970.411,610.182,,,10.100151970732764,0.1343864720912009
6936447000,973.094,601.652,,,10.273491336078015,0.682605134311253
6941447000,979.167,588.435,,,10.666627373989751,1.531306902487218
6946447000,979.903,580.1,27.0,,10.715953899003916,2.0666125668876765
6951447000,981.901,581.221,27.0,,10.844416244505402,1.994268127543369
6956447000,984.887,592.462,27.0,,11.03436570551496,1.2720203304488251
6961461000,982.41,589.873,27.0,,10.875297900945116,1.4385452596622368
6966448000,982.363,589.767,27.0,,10.872262884976744,1.4454064111885228
6971448000,983.387,583.012,27.0,,10.939693002538402,1.879041140237052
6976447000,984.495,583.89,27.0,,11.010875774311776,1.8224473296535595
6981448000,983.675,583.6,27.0,,10.958144900219269,1.8412079894954096
6986448000,975.294,575.0,27.0,,10.420394409375549,2.3950446098947302
6991448000,973.127,575.278,27.0,,10.280617441536286,2.377635766318778
6996452000,980.037,585.376,27.0,,10.723350586916034,1.7276864514751236
7001448000,979.777,585.857,27.0,,10.706483731696522,1.6968539361015105
7006454000,980.356,587.322,27.0,,10.743452683120582,1.602679764036367
7011448000,978.205,579.369,27.0,,10.606759335010048,2.113854807637595
7016448000,974.922,574.73,27.0,,10.396478622869353,2.412458035424206
7021448000,974.753,576.215,27.0,,10.385124423617782,2.317085402325851
7026456000,973.473,577.415,27.0,,10.30230705910301,2.240234313122832
7031448000,971.8,577.013,27.0,,10.194577700224032,2.266330158208389
7036448000,974.864,580.604,27.0,,10.391109724175507,2.035030366802244
7041457000,972.2,580.363,27.0,,10.219457729404814,2.0509507224005707
7046448000,972.336,580.069,27.0,,10.22830116801397,2.069883160355788
7051458000,973.103,574.871,27.0,,10.279143642818312,2.403782510405182
7056448000,971.846,574.267,27.0,,10.1983364995469,2.4428318306913424
7061573000,971.538,575.271,27.0,,10.17812725824627,2.3783301581865706
7066574000,970.819,572.942,27.0,,10.132512048130522,2.5282040571977142
7071574000,972.125,573.039,27.0,,10.216682632145966,2.5217000685387783
7076582000,969.11,572.294,27.0,,10.022472509048503,2.570160639389136
7081574000,966.179,571.595,27.0,,9.833716398981943,2.615731179068236
7086574000,965.791,570.191,27.0,,9.809119513101372,2.706042506271644
7091574000,967.274,571.985,27.0,,9.904180148782311,2.5904304115517403
7096574000,968.255,571.975,27.0,,9.9674913317672,2.5908863825985367
7101574000,968.337,563.725,27.0,,9.975537044108275,3.121201645717077
7106574000,964.403,566.182,27.0,,9.72091113685182,2.964138180109285
7111587000,966.567,566.783,27.0,,9.860320980100358,2.9250037770384725
7116574000,966.844,568.283,27.0,,9.877622428401818,2.8285299551274408
7121577000,964.57,565.338,27.0,,9.732018528377171,3.018346521516494
7126574000,965.14,565.003,27.0,,9.768877794072791,3.039741814742218
7131579000,964.278,566.915,27.0,,9.712598357406932,2.917026520302608
7136574000,964.174,565.499,27.0,,9.706363087101934,3.008110971823163
7141574000,965.538,567.675,27.0,,9.793626565569314,2.867886387065425
7146574000,967.764,567.802,27.0,,9.937136831426296,2.85925330760382
7151576000,964.78,568.742,27.0,,9.744353403054014,2.7994330271599406
7156574000,966.873,566.546,,,9.880121615573628,2.9401955685376886
7161574000,967.027,566.333,,,9.890112184342208,2.953851360187977
7166575000,964.538,563.475,,,9.730596969435378,3.1381428329777448
7171574000,948.098,587.254,,,8.663928827870171,1.610912865268
7176575000,909.468,589.707,,,6.170376515875508,1.4561876081198006
7181575000,894.928,607.311,,,5.230295155913642,0.3202612613949622
7186575000,894.887,621.916,,,5.227726321903706,-0.6229493862953948
7191575000,881.254,621.472,,,4.347062216200516,-0.5945764289139982
7196700000,879.132,623.724,28.0,,4.209991986925069,-0.7401660341825277
7201700000,875.44,622.483,28.0,,3.971448477659285,-0.6600619693900369
7206705000,872.517,619.523,28.0,,3.782480377282985,-0.4688181265968945
7211703000,870.789,617.463,28.0,,3.670768058022614,-0.3356606057977246
7216700000,870.446,614.23,28.0,,3.648574504468897,-0.1267261168507905
7221710000,870.332,613.68,28.0,,3.6412447191664494,-0.0911919303974668
7226700000,869.479,612.813,28.0,,3.5860693906435337,-0.035100317447841
7231700000,869.323,612.454,28.0,,3.576015880773807,-0.0119453268701139
7236700000,868.863,613.3,28.0,,3.5462931051442466,-0.0665780867475948
7241700000,869.712,613.816,28.0,,3.6011690126111,-0.0999883640021399
7246700000,872.823,612.609,28.0,,3.802188950933033,-0.021924929815669
7251701000,873.52,609.647,28.0,,3.8472248647946414,0.1694966532473009
7256712000,871.545,610.157,28.0,,3.7196314728895534,0.1365711414241094
7261701000,872.584,608.693,28.0,,3.7867472230218993,0.2311724192615085
7266700000,871.834,611.086,28.0,,3.738308689593132,0.0764789854865094
7271701000,872.735,610.199,28.0,,3.796502283917458,0.1338375273069708
7276701000,872.885,609.371,28.0,,3.806215048827952,0.1873659556865203
7281701000,872.426,607.855,28.0,,3.7765936848079336,0.2853618350825544
7286704000,871.446,605.44,28.0,,3.7132618753314888,0.4414183430966819
7291701000,875.225,605.15,28.0,,3.957483780186658,0.4601426015620832
7296712000,875.93,605.886,28.0,,4.003010688812803,0.4125773467523015
7301701000,876.724,604.477,28.0,,4.054369530697063,0.5035816000351196
7306710000,876.501,606.351,28.0,,4.03990261481025,0.3825370085035772
7311704000,875.674,607.112,28.0,,3.986456070700207,0.3333534796471807
7316701000,872.941,608.183,28.0,,3.809833107222789,0.2641498794805458
7321701000,873.116,608.626,28.0,,3.8211660647613934,0.2355204045223008
7326701000,873.559,608.332,28.0,,3.849798445155209,0.2545278691064992
7331705000,877.821,600.18,28.0,,4.125384904495545,0.7812579997037143
7336826000,879.734,599.51,28.0,,4.24896704100356,0.824494749671607
7341826000,878.984,602.751,28.0,,4.200390701178033,0.6151256601574671
7346826000,879.12,609.137,28.0,,4.209082097666795,0.2024172849778802
7351827000,878.135,611.161,28.0,,4.145415165469868,0.0716389585742555
7356827000,880.784,608.847,,,4.316601041199207,0.2211451285390232
7361837000,878.515,610.911,,,4.169940840782543,0.0878137116882925
7366827000,871.379,609.436,,,3.708909292467725,0.1831675077266177
7371827000,859.814,609.961,,,2.961516949261807,0.1492441995322417
7376829000,850.328,606.896,,,2.3483639471862414,0.3474737972734193
7381830000,847.056,610.87,,,2.136829781675256,0.09053336975526
7386827000,844.708,608.203,,,1.9851084298544823,0.2630113248571674
7391827000,845.181,605.676,,,2.015707912551428,0.4264120495116154
7396838000,842.904,600.132,,,1.868567081185408,0.7850618559146573
7401827000,844.071,603.291,,,1.943971644927468,0.5807333647063172
7406830000,844.222,609.102,,,1.953633074193977,0.2048760663317332
7411827000,847.535,607.866,,,2.167840927354075,0.2847738411568827
7416827000,847.873,607.603,,,2.189673189304295,0.30181715409817
7421827000,847.226,608.468,,,2.147837023054889,0.2458771091726586
7426827000,846.809,607.459,,,2.120924186404394,0.3111265957307214
7431827000,846.936,606.802,,,2.1290929448543685,0.3535928179424798
7436827000,846.886,608.381,,,2.1258611757391472,0.2514877942660652
7441830000,846.023,608.44,,,2.07007107732852,0.2476778137862981
7446827000,839.486,606.156,,,1.6475132281442022,0.3954520761530073
7451827000,834.534,605.703,,,1.327331533923353,0.4247357021840026
7456836000,824.91,600.113,,,0.705171498974829,0.7863905339702746
7461830000,821.605,584.293,,,0.4915599621481989,1.8098672458642155
7466828000,817.874,586.665,,,0.2501892796666631,1.656455897052575
7471956000,818.322,586.868,29.0,,0.2792146156250134,1.6432812678543909
7476953000,812.986,584.95,29.0,,-0.0659255904356033,1.7674213828976884
7481953000,814.354,584.011,29.0,,0.0225686580679085,1.8281732216469304
7486953000,813.42,584.755,29.0,,-0.0378894350309605,1.780039936504357
7491953000,813.001,584.697,29.0,,-0.0649909629769298,1.7838075033917136
7496953000,814.267,584.151,29.0,,0.0169354618914776,1.81911560347622
7501953000,814.184,586.156,29.0,,0.0115748976468808,1.6893891968881518
7506953000,813.888,589.595,29.0,,-0.0075708085823625,1.466894535299178
7511953000,815.609,588.745,29.0,,0.1037403415762664,1.5218812978571925
7516953000,815.858,588.88,29.0,,0.1198417507811789,1.5131936697132038
7521960000,815.188,588.211,29.0,,0.0764989270208817,1.556459923959695
7526967000,817.202,586.79,29.0,,0.206758480286967,1.6483492776984123
7531953000,816.872,589.203,29.0,,0.1854269423814505,1.4922784198683403
7536956000,816.297,591.506,29.0,,0.1482101453614751,1.3432543928012102
7541953000,817.369,592.058,29.0,,0.217541560269817,1.3075908472190263
7546954000,819.119,591.796,29.0,,0.3307064297841279,1.3244825479926703
7551954000,819.336,591.346,29.0,,0.3447440351150762,1.3535979436405663
7556954000,819.42,590.6,29.0,,0.3501544932245191,1.401860239425951
7561954000,820.997,593.275,29.0,,0.4521312620906456,1.2288108751239102
7566962000,821.727,592.929,29.0,,0.4993469694208573,1.2511667344544792
7571954000,817.664,590.896,29.0,,0.2365887508875545,1.382746453681326
7576954000,818.823,591.152,29.0,,0.3115886107390921,1.366196523453718
7581967000,820.554,590.91,29.0,,0.4235427741796646,1.381783066476664
7586954000,820.33,591.447,29.0,,0.4090304822781488,1.347077127656714
7591954000,821.874,591.998,29.0,,0.5088846435550329,1.31144751971844
7596954000,821.556,592.643,29.0,,0.4883049213336974,1.269690329715629
7601965000,821.728,591.928,29.0,,0.4994318600884558,1.315945954281862
7607079000,822.025,592.582,29.0,,0.5186420114810187,1.273651500226731
7612079000,820.699,594.458,29.0,,0.4328763999952936,1.1522620909011356
7617081000,822.619,593.275,29.0,,0.5570574248847733,1.2288161294450388
7622095000,823.572,593.895,29.0,,0.6186842633733615,1.1886807937944015
7627091000,824.302,593.922,29.0,,0.6658453260373547,1.1869380633694546
7632089000,823.181,596.454,29.0,,0.5933407474429855,1.023146188686849
7637079000,826.365,596.741,29.0,,0.7992347161783601,1.0045549202861497
7642079000,826.274,596.087,29.0,,0.7933873362572202,1.0468671119902329
7647080000,828.742,596.248,29.0,,0.9529450644725742,1.036399054102784
7652088000,836.32,597.811,29.0,,1.4429198283212978,0.9352545596595284
7657086000,838.833,600.764,29.0,,1.6053802796937582,0.744183431152525
7662080000,840.1,601.57,29.0,,1.6872848001063356,0.6920229540374654
7667080000,843.712,600.653,29.0,,1.9207581374338056,0.7513153168674168
7672087000,843.484,602.194,29.0,,1.9060284117473345,0.6516351506244157
7677080000,845.434,602.019,29.0,,2.03208610322034,0.6629482581390086
7682080000,846.744,606.045,29.0,,2.1167074072855887,0.4025624184947553
7687080000,844.635,603.927,29.0,,1.9804376961505483,0.5395703443049513
7692080000,844.36,603.615,29.0,,1.962634560052539,0.5597253644442881
7697083000,843.799,602.764,29.0,,1.9263845626185685,0.6147686655796772
7702080000,844.552,604.172,29.0,,1.9750054221493347,0.5237094931594456
7707080000,843.597,601.731,29.0,,1.913311115507361,0.6815850011783355
7712080000,843.527,601.305,29.0,,1.9088075642815805,0.7091918793856365
7717080000,844.586,602.999,29.0,,1.9772697089637616,0.5996021965466305
7722080000,842.521,600.589,29.0,,1.843763472896683,0.755505846323391
7727083000,843.818,602.731,29.0,,1.927631794699643,0.6169318034300347
7732088000,843.675,602.302,29.0,,1.91838901544018,0.6446458508782666
7737080000,845.289,603.113,29.0,,2.022710823873308,0.5921976380202352
7742205000,845.619,605.205,29.0,,2.0440189139751066,0.4569118349337541
7747205000,842.108,603.636,29.0,,1.8170392630652656,0.558430004852678
7752206000,837.275,604.045,29.0,,1.5045970138327207,0.5320028355910719
7757206000,836.961,603.759,29.0,,1.4842775842180498,0.5504779720442331
7762214000,845.247,609.085,29.0,,2.0199508099877463,0.2059507652311418
7767206000,846.208,608.123,29.0,,2.0820359335503835,0.2681766134313396
7772209000,847.262,608.021,,,2.1502073894410056,0.2747801748672689
7777206000,849.8,608.56,,,2.314273986704366,0.2398788109888616
7782206000,842.871,605.716,,,1.8663594350099373,0.4238769118353028
7787206000,816.747,594.614,,,0.1773336362026409,1.1422061004257984
7792206000,790.91,565.421,,,-1.4947332972871166,3.030368498691262
7797206000,764.258,558.224,,,-3.2204644045930744,3.494233970920492
7802206000,755.464,528.9,,,-3.795755531419265,5.388082474312972
7807209000,743.356,517.976,,,-4.5841550125349855,6.091410998610476
7812206000,719.77,508.769,,,-6.118206369586326,6.679418029875681
7817206000,720.17,507.985,30.0,,-6.092644014348983,6.730111006183248
7822206000,717.862,509.056,30.0,,-6.241872163372388,6.660357321922315
7827215000,719.621,509.919,30.0,,-6.1272585025513004,6.605239410411257
7832216000,719.453,510.468,30.0,,-6.137879353526932,6.569752310597358
7837207000,721.457,508.94,30.0,,-6.008642480080437,6.668908369581599
7842207000,724.919,512.308,30.0,,-5.782408946372355,6.452693795992184
7847207000,726.551,512.98,30.0,,-5.676263974244569,6.409809755969673
7852207000,726.305,512.062,30.0,,-5.692623259750639,6.468931453066479
7857211000,727.729,512.095,30.0,,-5.600193528489815,6.46719284487118
7862207000,728.93,512.313,30.0,,-5.522209803369788,6.453453268511175
7867213000,728.546,510.934,30.0,,-5.547706104437799,6.54235156132594
7872207000,729.164,512.074,30.0,,-5.507084888203975,6.468943251682913
7877332000,730.398,510.843,30.0,,-5.427556607681712,6.5486824635509135
7882332000,733.135,510.676,30.0,,-5.250041621712516,6.560155436012485
7887332000,732.5,511.687,30.0,,-5.290829775548436,6.494771028670933
7892333000,733.533,508.368,30.0,,-5.225228588995984,6.709213249384285
7897336000,736.879,509.742,30.0,,-5.007504496953612,6.621397340486252
7902332000,737.176,511.4,30.0,,-4.987562993778036,6.514430093515292
7907332000,740.144,512.552,30.0,,-4.794467445916475,6.440815413898415
7912335000,740.252,513.402,30.0,,-4.787135088696678,6.385944143646765
7917332000,740.001,511.804,30.0,,-4.804061120900347,6.489032951951586
7922333000,742.89,511.415,30.0,,-4.6167430070328574,6.514844513103196
7927333000,743.594,512.662,30.0,,-4.570577393657024,6.434479437129935
7932333000,747.692,515.408,30.0,,-4.30374027946322,6.258066693497434
7937333000,753.039,517.641,30.0,,-3.956108952109222,6.114916820897601
7942332000,754.116,518.315,30.0,,-3.8860840123106537,6.071556478853256
7947332000,755.003,516.197,30.0,,-3.829135845455204,6.208476218787659
7952333000,756.454,516.846,30.0,,-3.734806931347037,6.166810737951259
7957333000,760.252,516.205,30.0,,-3.4885583749459705,6.208871324114714
7962333000,758.555,516.376,30.0,,-3.598643726973069,6.197532446656994
7967333000,757.85,515.441,30.0,,-3.644610738074074,6.25778127300764
7972333000,758.026,514.736,30.0,,-3.633428842728568,6.303338138909678
7977333000,758.408,517.678,,,-3.6077889447555487,6.11339462080598
7982333000,758.11,516.838,,,-3.6273883780560783,6.167603198010074
7987334000,758.841,514.504,,,-3.5805764077903848,6.318484760415511
7992333000,750.303,520.044,,,-4.132842597216583,5.959251784175732
7997333000,726.62,531.33,,,-5.66431623103526,5.225825997714634
8002345000,712.133,510.834,,,-6.612590774306147,6.543893887962192
8007333000,714.135,515.948,31.0,,-6.480151570571514,6.214849649529705
8012458000,715.6,518.358,31.0,,-6.383986793027273,6.05985685690477
8017458000,716.66,519.702,31.0,,-6.314642570475837,5.973512624757874
8022458000,720.441,518.332,31.0,,-6.0700880651973845,6.062910250337093
8027459000,720.48,520.141,31.0,,-6.066757570070031,5.946249950466696
8032458000,722.797,522.47,31.0,,-5.915579351701882,5.796584734039388
8037459000,723.419,522.042,31.0,,-5.875406077109107,5.824361725970205
8042459000,728.45,524.348,31.0,,-5.548377664355693,5.6767954293169085
8047459000,729.388,520.432,31.0,,-5.489073642157235,5.9297282395106965
8052460000,731.748,521.417,31.0,,-5.335699800531392,5.866747486899186
8057462000,734.64,520.111,31.0,,-5.148640593760301,5.951705857551621
8062459000,733.962,519.565,31.0,,-5.192813409896439,5.986789497302456
8067459000,735.481,525.258,31.0,,-5.0922330486200345,5.619664708164419
8072459000,735.05,523.925,31.0,,-5.120657431142204,5.705609442318243
8077459000,735.228,522.847,31.0,,-5.109512351478497,5.7752283425792825
8082459000,736.039,523.215,31.0,,-5.05680461251804,5.751665202574367
8087459000,737.428,524.191,31.0,,-4.966382266615025,5.688976294940315
8092462000,735.917,527.275,31.0,,-5.063276700947045,5.489528789781007
8097459000,733.876,524.065,31.0,,-5.196704339250509,5.696299830148065
8102459000,733.582,525.08,31.0,,-5.215387750973396,5.630738451037231
8107459000,735.781,525.908,31.0,,-5.072563159078455,5.577765610966909
8112459000,736.686,525.33,31.0,,-5.014085167805697,5.615270129924927
8117467000,734.168,523.863,31.0,,-5.177876283319378,5.70938750515453
8122459000,735.127,526.049,31.0,,-5.114914060132499,5.568534240999777
8127459000,736.17,524.792,31.0,,-5.047722292280104,5.649895148896048
8132459000,736.25,525.016,31.0,,-5.042500330074432,5.635468401333927
8137460000,736.701,525.417,31.0,,-5.013093881719447,5.609678503652023
8142460000,737.364,525.648,31.0,,-4.970077648162944,5.59487978783809
8147460000,739.283,523.85,31.0,,-4.846233286777964,5.711351368198782
8152585000,738.586,526.581,31.0,,-4.890526322040087,5.534911724020874
8157596000,740.805,531.373,31.0,,-4.745143863825487,5.225922247396469
8162585000,745.534,530.637,31.0,,-4.438908697615471,5.274287884851325
8167585000,747.844,529.153,31.0,,-4.289634455700922,5.370569266208541
8172585000,755.535,539.476,31.0,,-3.788658980684869,4.704913212143035
8177585000,756.393,538.446,31.0,,-3.733314488621832,4.771569799539633
8182585000,757.38,535.615,31.0,,-3.669995158236062,4.954568454657131
8187585000,756.567,540.215,31.0,,-3.721609413148034,4.657303930127263
8192585000,757.872,536.9,31.0,,-3.637785988412922,4.871633855121867
8197585000,757.236,536.738,31.0,,-3.679025843250882,4.88203554728641
8202585000,756.234,535.676,31.0,,-3.744207801008794,4.95050977755444
8207585000,756.369,535.507,31.0,,-3.735505754962917,4.961426771296417
8212585000,757.633,535.039,31.0,,-3.653723564631357,4.99186599389894
8217585000,756.797,533.786,31.0,,-3.7081976736109534,5.0726580775225765
8222586000,756.12,533.299,31.0,,-3.752134367677018,5.1040449100506216
8227585000,756.827,532.227,31.0,,-3.706610342834016,5.173371596084704
8232586000,757.319,533.495,31.0,,-3.67441061722074,5.091515424801715
8237586000,758.355,534.277,31.0,,-3.6071090550803606,5.041178769008868
8242586000,757.443,535.111,31.0,,-3.6660077733532073,4.9871679005513885
8247586000,756.876,535.6,31.0,,-3.702622861173981,4.9554983281358105
8252586000,754.231,534.539,31.0,,-3.874270052772516,5.02366390406913
8257586000,754.271,533.625,31.0,,-3.871881044915675,5.082709605695764
8262586000,752.875,531.709,31.0,,-3.962848794905228,5.206242216617167
8267586000,755.588,539.295,31.0,,-3.7852507078518736,4.716564735335299
8272586000,754.445,538.106,31.0,,-3.859607315274518,4.793249229517889
8277586000,750.567,534.813,31.0,,-4.111604727983846,5.005391912946582
8282586000,750.908,535.93,31.0,,-4.0892678375052895,4.93332271101808
8287716000,752.849,535.5,31.0,,-3.963585905444312,4.961392525640468
8292600000,752.515,536.083,31.0,,-3.985116599622666,4.923702240450602
8297711000,753.924,530.293,31.0,,-3.895239369678507,5.297871979782762
8302715000,753.906,530.304,31.0,,-3.896403640158269,5.297211016984484
8307711000,753.829,530.299,31.0,,-3.90141336577094,5.2974950635593085
8312725000,749.257,530.545,31.0,,-4.197676245364618,5.28088399147339
8317711000,749.046,528.644,31.0,,-4.211871625426841,5.403608025230182
8322711000,748.209,530.274,31.0,,-4.265677558458095,5.29824042739869
8327711000,750.256,533.583,31.0,,-4.132099000071832,5.084846095268303
8332712000,749.827,531.06,31.0,,-4.160557686937838,5.247741700334239
8337712000,750.559,533.458,31.0,,-4.112525459778143,5.092963154519807
8342712000,751.069,531.266,31.0,,-4.0800382275304425,5.234595406138914
8347718000,750.026,530.041,,,-4.147964792471087,5.313543409535335
8352718000,748.016,531.324,,,-4.277866327664927,5.230348749614381
8357712000,750.239,535.243,,,-4.132772526728472,4.977618820316493
8362712000,772.36,541.942,,,-2.6982128072179474,4.547413256276383
8367713000,807.565,540.346,,,-0.4174608983706019,4.652308054521508
8372720000,842.926,566.73,,,1.871311386168768,2.945240309926316
8377718000,880.151,557.431,,,4.280529703825499,3.5432091078235013
8382721000,928.67,569.377,,,7.413779555350435,2.7652436510080056
8387712000,959.491,588.345,,,9.39847146049989,1.5394414753656611
8392712000,990.048,591.389,,,11.366986171568898,1.3403576366570935
8397712000,999.178,580.041,,,11.957639278876146,2.0669209436421734
8402712000,1001.503,575.384,32.0,,12.10884563190885,2.3650140187539472
8407718000,998.055,580.003,32.0,,11.885311896516898,2.0695583984920587
8417715000,992.412,588.5,32.0,,11.519779098674457,1.525421919322428
8422839000,988.691,585.715,32.0,,11.280774124152346,1.7047134243895592
8427838000,985.001,587.585,32.0,,11.042625813385728,1.5851954959574897
8432838000,983.501,589.486,32.0,,10.945618665168451,1.463278966402121
8437838000,982.707,589.633,32.0,,10.8944880468408,1.453945057135726
8442846000,981.431,587.82,32.0,,10.81263035011067,1.5705593787239898
8447838000,975.433,578.466,32.0,,10.428337996066553,2.1723339116717573
8452838000,974.001,578.568,32.0,,10.33598195516448,2.1660207235693507
8457838000,972.321,570.658,32.0,,10.230078065078668,2.674651825917871
8462838000,970.474,571.435,32.0,,10.1106999755638,2.6251395649095426
8467838000,967.767,571.767,32.0,,9.936069086547697,2.604316892190888
8472838000,966.493,574.313,32.0,,9.853127391869483,2.440881806982011
8477838000,962.516,572.127,32.0,,9.597310909319756,2.5822104837565054
8482841000,962.271,571.039,32.0,,9.58186229694699,2.652221490075518
8487838000,961.221,570.924,32.0,,9.51411786627553,2.6598042269112807
8492838000,959.762,576.159,32.0,,9.418555715552158,2.323358855088746
8497845000,954.699,573.763,32.0,,9.092646726379517,2.478387960937329
8502848000,953.177,575.5,32.0,,8.99399411239895,2.366848503107923
8507838000,953.001,576.362,32.0,,8.982403827150176,2.311386638697929
8512839000,942.117,569.163,32.0,,8.281943219826001,2.776796418043388
8517849000,945.239,573.421,32.0,,8.482321413234851,2.5020205325320712
8522839000,943.711,573.869,32.0,,8.383602513344345,2.4734203803722905
8527839000,940.153,571.948,32.0,,8.154476757749155,2.597747164653106
8532839000,940.554,572.182,32.0,,8.18030834509378,2.582599534737208
8537847000,941.484,570.049,32.0,,8.240901833429607,2.7198137275235204
8542839000,941.474,570.433,,,8.240114936782767,2.6950727979049285
8547839000,941.854,571.137,,,8.264472994488592,2.649692996858523
8552842000,946.009,574.528,,,8.5317495554474,2.4306239682701003
8557964000,970.457,578.256,,,10.107651576471168,2.186688022728408
8562972000,975.282,580.736,,,10.417995315338,2.0265031206316864
8567970000,973.273,578.687,33.0,,10.289030973497322,2.1584932498242124
8572964000,971.905,572.593,33.0,,10.20263109829452,2.550378755749524
8577964000,969.342,574.154,33.0,,10.03689165540242,2.450544491504436
8582964000,966.566,568.797,33.0,,9.859536993673748,2.7955295886953384
8587964000,965.576,570.12,33.0,,9.79529381814024,2.710693844786393
8592964000,960.818,570.63,33.0,,9.488250786776428,2.6788216466021164
8597964000,961.984,570.647,33.0,,9.563463407101858,2.677515267128663
8602964000,961.362,569.267,33.0,,9.523718402481752,2.7664067118407507
8607964000,960.513,569.621,33.0,,9.46886660453288,2.7437737460951688
8612964000,957.896,570.411,33.0,,9.29979717807813,2.693508779976649
8617965000,956.786,568.439,33.0,,9.228787088288074,2.82057019803097
8622968000,956.685,571.683,33.0,,9.221311418480024,2.611890982568295
8627965000,956.843,571.54,33.0,,9.231534548137247,2.621039031591751
8632975000,956.888,572.257,33.0,,9.23427863800976,2.574879676166597
8637965000,953.387,572.734,33.0,,9.00824377352241,2.544820611325314
8642965000,954.349,571.093,33.0,,9.070785213947511,2.650282340426036
8647974000,954.243,571.923,33.0,,9.063741676237582,2.59685659308554
8652968000,954.173,571.954,33.0,,9.059200695875722,2.594874022710816
8657970000,955.039,572.007,33.0,,9.115069069122216,2.591353439158661
8662965000,956.212,575.346,33.0,,9.18981230662469,2.3762976396095525
8667965000,955.24,580.25,33.0,,9.125930869366004,2.060858106224618
8672965000,955.637,580.772,33.0,,9.1514139663882,2.027203055675429
8677965000,954.12,578.088,33.0,,9.054165019099246,2.200129289128035
8682965000,953.382,581.608,33.0,,9.00581768749903,1.973725820956252
8687965000,952.955,576.786,33.0,,8.979326842113958,2.2841591041750924
8693102000,950.309,575.366,33.0,,8.808968844138235,2.375973774318528
8698090000,955.425,569.332,33.0,,9.140752621846849,2.763386712838636
8703090000,955.667,570.723,33.0,,9.155910996364923,2.673831192569986
8708091000,953.772,570.367,33.0,,9.033753597731938,2.6970810189324754
8713091000,952.278,568.524,33.0,,8.937894083677184,2.816020146347591
8718095000,955.424,571.294,33.0,,9.14010181891269,2.6371517182184774
8723091000,953.955,570.62,33.0,,9.04553376754426,2.6807848590061365
8728091000,955.291,575.346,33.0,,9.130413562084808,2.376441377015818
8733091000,956.325,572.078,33.0,,9.197999803516993,2.5865412255623466
8738091000,957.299,572.506,33.0,,9.260698400198606,2.558836715987637
8743091000,958.085,570.829,33.0,,9.311854850994614,2.6665350552353453
8748091000,958.997,573.889,,,9.369863370312892,2.46954822467332
8753091000,957.421,571.948,,,9.268703806603217,2.594686749453281
8758091000,957.594,570.577,,,9.28026551048498,2.682890493065554
8763094000,955.8,566.035,,,9.165954840030414,2.975461333910835
8768091000,929.538,494.413,,,7.504308086540262,7.594331880032279
8773091000,905.659,459.884,,,5.975968709915029,9.828402558945609
8778091000,897.301,437.771,,,5.44648701792219,11.256048819662931
8783091000,866.07,398.028,,,3.424934876082576,13.82779585230652
8788094000,858.699,344.174,,,2.969837905508623,17.2938815549676
8793091000,841.527,315.98,,,1.838876827164651,19.11116866420501
8798098000,828.488,286.152,,,0.9721807040519326,21.029851428924133
8803094000,814.91,254.138,,,0.0548437842683097,23.0868364685199
8808092000,811.101,217.754,,,-0.2089332132483972,25.42331686298757
8813092000,809.36,191.333,,,-0.3337199093175839,27.12093288532807
8818092000,812.384,179.389,,,-0.1242761109111371,27.88894945652398
8823092000,807.837,186.026,,,-0.4410665210194629,27.462135246500203
8828092000,808.605,191.063,,,-0.3864060375166538,27.138288426238844
8833096000,805.243,196.109,,,-0.6191705374388075,26.81381257797645
8838220000,803.679,203.368,,,-0.7255392559234339,26.34714566753395
8843221000,807.558,200.079,34.0,,-0.4572612114727842,26.55876821538718
8848220000,807.066,207.578,34.0,,-0.4896731540212989,26.07693200147991
8853217000,807.992,225.616,34.0,,-0.4218720300951559,24.91830339696316
8858217000,807.713,223.516,34.0,,-0.4415125112511094,25.05317598081078
8863223000,813.119,219.918,34.0,,-0.0695732131760025,25.284303397146648
8868217000,817.12,225.017,34.0,,0.2060888502956988,24.9565967434169
8873217000,817.962,226.095,34.0,,0.2639936944246855,24.88729043657614
8878217000,817.304,235.575,34.0,,0.2185166890554508,24.27855600508012
8883217000,817.261,234.213,34.0,,0.215589421377619,24.366026051306047
8888217000,818.9,233.79,34.0,,0.3280697437440522,24.39307488413893
8893217000,819.908,232.624,34.0,,0.3972759352214066,24.46785285554767
8898220000,819.779,231.288,34.0,,0.3885632914498926,24.553665413850734
8903218000,822.641,231.56,34.0,,0.5850522823214185,24.53582335959664
8908217000,823.19,229.151,34.0,,0.6230932196616664,24.690428628515647
8913218000,824.144,226.389,34.0,,0.6891958111097677,24.86766741491531
8918218000,824.423,227.026,34.0,,0.708258648278328,24.82671357352776
8923218000,824.756,228.654,34.0,,0.7308205936023559,24.722090767610265
8928232000,824.562,229.414,34.0,,0.7173354184841438,24.67336035981691
8933218000,826.383,231.619,34.0,,0.8418996499936897,24.531434405634023
8938218000,826.283,230.896,34.0,,0.8351991757437215,24.577899513778085
8943218000,826.586,231.692,34.0,,0.8558059572293678,24.526711758941133
8948218000,830.109,235.391,34.0,,1.0964838374849517,24.288485623618268
8953218000,831.521,235.953,34.0,,1.1931283632448315,24.252067251402337
8958218000,831.482,237.027,34.0,,1.1900394659214184,24.183107465069043
8963218000,827.278,234.448,,,0.902663303212484,24.349587601297014
8968343000,829.228,234.34,,,1.036376914771273,24.35615551789769
8973231000,831.222,229.035,,,1.1750083553320747,24.69632734562281
8978343000,833.303,216.23,,,1.3232940649221985,25.518074142426823
8983343000,836.113,209.096,,,1.520860198387987,25.97545397784736
8988344000,834.988,207.824,35.0,,1.443586735807668,26.0575702399118
8993343000,835.005,210.025,35.0,,1.4437041618254536,25.916151643510727
8998344000,835.019,201.992,35.0,,1.4485401621075944,26.43218407610451
9003343000,835.866,205.11,35.0,,1.505716605303259,26.2316322865185
9008343000,838.076,206.465,35.0,,1.6581173390009811,26.143840294099324
9013344000,839.939,206.961,35.0,,1.786840976161176,26.111306499156942
9018344000,839.217,205.405,35.0,,1.7378041674586082,26.2115729091795
9023344000,839.779,206.075,35.0,,1.776312500598558,26.16833167185128
9028344000,841.36,205.815,35.0,,1.8860150512523648,26.18440000905244
9033344000,842.014,205.61,35.0,,1.931422516194833,26.197314109516256
9038344000,844.126,202.393,35.0,,2.0800910439073297,26.403154907640705
9043344000,843.512,203.359,35.0,,2.036837334478733,26.341338204867785
9048344000,842.321,203.917,35.0,,1.953829853481245,26.30599450340881
9053355000,843.421,202.339,35.0,,2.031228073236212,26.40689396935808
9058344000,843.866,203.064,35.0,,2.0615440085710834,26.360156473768704
9063344000,843.896,204.853,35.0,,2.062339548179412,26.24522876533258
9068344000,844.734,203.194,35.0,,2.121645062989854,26.351418943949163
9073348000,845.897,204.695,35.0,,2.20111785425389,26.25448825258533
9078344000,843.837,206.153,35.0,,2.0573158258523128,26.16173231264797
9083344000,845.901,208.429,35.0,,2.198574160590977,26.01463667515669
9088344000,847.052,209.41,35.0,,2.277454843712376,25.95113035264739
9093344000,844.47,207.496,35.0,,2.100225023037186,26.07518118179836
9098345000,844.676,208.021,35.0,,2.1140785963578206,26.04135794467225
9103470000,844.497,205.696,35.0,,2.1034153335456485,26.1907760115882
9108474000,842.328,206.994,35.0,,1.95225881582794,26.10833193025568
9113470000,841.216,205.75,35.0,,1.8760867676511,26.188631348835965
9118477000,841.224,209.056,35.0,,1.8745004492367137,25.97630367064876
9123470000,843.644,209.002,35.0,,2.0420014527845143,25.978817582191493
9128470000,842.667,209.6,35.0,,1.9740121698232145,25.940817872096936
9133470000,844.441,209.274,35.0,,2.0969387785663787,25.960990342665543
9138475000,844.552,208.223,35.0,,2.1053571811528005,26.028483728631915
9143470000,843.721,206.961,35.0,,2.048725735237041,26.109859712726053
9148470000,843.962,208.23,35.0,,2.0645236541705665,26.028241814463364
9153470000,840.437,202.3,35.0,,1.8242640661019047,26.410575208275795
9158480000,839.636,203.186,35.0,,1.7681803014742403,26.353918656168084
9163470000,840.562,195.264,35.0,,1.8374230672796228,26.862582327750296
9168470000,842.757,196.051,35.0,,1.9895439928709973,26.81116806785332
9173470000,841.325,196.829,35.0,,1.889447761226997,26.761726199879945
9178470000,844.173,196.778,35.0,,2.0874485165342,26.76387908682078
9183474000,844.645,196.383,35.0,,2.120588473395074,26.789053839593013
9188470000,844.875,201.829,35.0,,2.1324570652634325,26.43905331985261
9193470000,843.199,201.559,35.0,,2.0163372177343954,26.45709365580675
9198471000,835.886,192.081,,,1.5138808004100772,27.06883839445693
9203471000,839.688,200.838,,,1.773173946982581,26.50478494335721
9208471000,840.205,209.944,,,1.8034739706081369,25.91960447263888
9213471000,833.88,233.69,,,1.3557278396111363,24.39675019602908
9218478000,834.135,279.496,,,1.3557264530055892,21.456022669773187
9223471000,836.396,312.83,,,1.4963290864471677,19.31490666934644
9228475000,846.857,339.904,,,2.184073342937281,17.572475051184593
9233471000,823.415,370.369,,,0.6198304806706406,15.618101606216593
9238596000,830.928,409.529,,,1.1100474047678488,13.09604652774463
9243596000,846.553,448.957,,,2.125110675249492,10.5520501614564
9248596000,845.312,484.793,,,2.0361916308337498,8.239891547998793
9253596000,848.698,514.661,,,2.2508520755336545,6.310479024267785
9258596000,846.896,539.437,,,2.1306525531593,4.709560829114911
9263596000,833.853,571.701,,,1.284041127642296,2.6241233536045865
9268596000,834.435,573.69,,,1.3216369196590274,2.4954505363030903
9273596000,836.922,578.403,,,1.4823441228428975,2.1905916944753865
9278599000,834.378,584.426,36.0,,1.317609458666206,1.801055394552949
9283596000,836.288,583.877,36.0,,1.441132731904457,1.8365641048632075
9288596000,836.159,582.654,36.0,,1.4328837460874186,1.915617925776448
9293596000,835.581,581.018,36.0,,1.395524464718669,2.021491639242708
9298597000,832.865,579.892,36.0,,1.2199214489991268,2.0943773561820382
9303596000,831.839,577.929,36.0,,1.1535774571756918,2.221359933763458
9308597000,832.041,578.476,36.0,,1.166629932168182,2.185998268306218
9313597000,830.013,575.292,36.0,,1.0355529724615593,2.3919681534179857
9318597000,831.333,576.482,36.0,,1.1209201453358082,2.315002547174388
9323597000,831.355,572.495,36.0,,1.1224547487642391,2.572822483173068
9328597000,832.138,571.861,36.0,,1.173084010701546,2.613817715092347
9333597000,832.991,575.155,36.0,,1.228163752074724,2.4007386892827323
9338601000,831.839,574.619,36.0,,1.1536534122302,2.4354570121737145
9343597000,833.567,572.376,36.0,,1.2655257561641022,2.58045968087288
9348597000,832.446,571.565,36.0,,1.193070011781364,2.632963141654044
9353597000,833.008,572.708,36.0,,1.2293303239580275,2.559000541159365
9358597000,834.064,572.041,36.0,,1.297722199880237,2.6021607887893112
9363597000,829.496,569.0,36.0,,1.0022365639618986,2.7989216742605696
9368609000,830.719,569.896,36.0,,1.0813783553197756,2.740977822105872
9373732000,831.3,570.1,36.0,,1.1189494284040098,2.7277533603964663
9378722000,834.045,570.115,36.0,,1.296542889345554,2.726729299183152
9383722000,834.523,572.95,36.0,,1.3273732397190303,2.543336186642027
9388722000,832.992,574.255,36.0,,1.2282481301593464,2.458939765428654
9393723000,832.701,573.882,36.0,,1.209466248497019,2.483107381019771
9398730000,832.686,577.067,36.0,,1.208380091785943,2.2771187011701257
9403726000,833.554,576.909,36.0,,1.2645608221619995,2.287286240643786
9408723000,834.099,577.429,36.0,,1.299771803985529,2.253649233060654
9413723000,836.265,576.339,36.0,,1.4399169799995546,2.324110969571917
9418723000,835.758,574.049,36.0,,1.4072022222211,2.4721996453540016
9423732000,836.623,576.356,36.0,,1.4630551845122763,2.3229912099408097
9428733000,839.064,574.61,36.0,,1.6210211733299558,2.435804119921745
9433729000,847.342,568.405,36.0,,2.1568461238781547,2.836740175832461
9438723000,848.359,574.614,36.0,,2.222245413933262,2.435179363209901
9443723000,850.924,570.664,36.0,,2.388403604334141,2.690454940691132
9448723000,850.825,573.009,36.0,,2.381877155644702,2.538847161932144
9453723000,849.59,564.182,36.0,,2.30262013146403,3.1096518370262616
9458723000,850.701,561.713,36.0,,2.3747376229756862,3.269206452439428
9463723000,849.714,564.714,36.0,,2.310616834531801,3.0752721955906974
9468723000,845.411,562.814,36.0,,2.0323466030748607,3.1983901987619583
9473723000,846.228,564.489,36.0,,2.0850956504806866,3.089989203491131
9478723000,846.854,564.566,36.0,,2.125598788402974,3.084986206513677
9483723000,847.7,566.265,36.0,,2.180172778249439,2.975108127716624
9488724000,848.119,562.153,36.0,,2.207623575026303,3.24092330217884
9493724000,848.299,562.88,36.0,,2.219207346641068,3.193951293304549
9498724000,849.388,563.412,36.0,,2.2895922134808404,3.159474216655607
9503724000,849.327,556.946,36.0,,2.2862160186554257,3.577495813441108
9508724000,846.647,566.267,36.0,,2.112061101026404,2.974994945809199
9513849000,848.919,561.095,36.0,,2.2594793124446264,3.309290527939637
9518852000,856.562,563.026,36.0,,2.753827466350611,3.183967693750136
9523856000,857.836,567.832,36.0,,2.835754138362684,2.87314642568387
9528849000,857.083,567.78,36.0,,2.7870176756444835,2.876609598329929
9533863000,853.16,565.297,36.0,,2.533522025411732,3.037365758137919
9538849000,852.617,567.308,36.0,,2.498213441384076,2.90738662712637
9543849000,853.113,563.406,36.0,,2.5306033448619085,3.159600774929658
9548849000,854.915,565.012,36.0,,2.64707924506585,3.0556510556203365
9553849000,854.731,565.643,36.0,,2.635108982682452,3.01487826641418
9558849000,855.475,562.944,36.0,,2.683504893565794,3.1893406032870177
9563849000,855.531,562.052,36.0,,2.6872140643474043,3.247019365867992
9568849000,857.752,562.84,36.0,,2.8308137115122043,3.195870933103649
9573857000,859.427,562.078,36.0,,2.9392539617473386,3.2450254858869507
9578849000,857.936,562.053,36.0,,2.842797521831347,3.24672664741218
9583849000,858.293,563.107,36.0,,2.8657666998087072,3.1785570286281595
9588853000,859.118,573.496,36.0,,2.9181407587012136,2.506906719917218
9593850000,858.351,565.14,36.0,,2.869336974509914,3.0471698478425764
9598850000,858.458,564.924,36.0,,2.876272215664409,3.061089973562222
9603857000,855.771,563.727,36.0,,2.702548017278538,3.1386681777385004
9608850000,858.257,564.108,36.0,,2.8633414381840057,3.113849036532081
9613850000,858.117,568.385,36.0,,2.8538787531415872,2.8373672527984857
9618850000,858.96,568.863,36.0,,2.9083330336057367,2.8064474311111725
9623850000,856.227,565.141,36.0,,2.731931046146347,3.0472126736671754
9628850000,855.936,566.466,36.0,,2.712938041128857,2.961619821548492
9633858000,856.811,566.597,36.0,,2.769527050752142,2.9530778659802195
9638850000,852.817,568.861,36.0,,2.511020940756559,2.8069753229562973
9643850000,855.662,569.767,36.0,,2.6949592496647017,2.748212796359149
9648975000,854.585,568.058,36.0,,2.6254198897400376,2.85874851291734
9653975000,856.272,568.787,36.0,,2.734478876429213,2.811531571562331
9658975000,861.349,568.61,36.0,,3.0628728987174747,2.8226095224926184
9663975000,860.541,567.805,36.0,,3.010681759983376,2.8747588642568656
9668978000,858.326,567.264,36.0,,2.8674823250808603,2.909859530307545
9673976000,858.725,568.422,36.0,,2.893187556351675,2.834951186660799
9678975000,857.116,566.506,36.0,,2.789284191653302,2.9589403038211004
9683976000,857.521,567.989,,,2.8153802223904307,2.863058368766377
9688976000,858.893,569.13,,,2.903965710611729,2.789217174483118
9693976000,846.255,571.628,,,2.086360119685971,2.6284170559569127
9698976000,832.82,569.245,,,1.217353819437413,2.782995066103125
9703976000,825.055,569.164,,,0.714902170218071,2.788449726375489
9708976000,814.789,559.902,,,0.050618261970786,3.3876647585805912
9713976000,815.454,560.342,37.0,,0.0937056362239866,3.359143045779469
9718976000,815.214,559.222,37.0,,0.0781697256520941,3.4316257977352023
9723984000,815.724,559.089,37.0,,0.1111593549954056,3.440203819211974
9728976000,814.651,558.401,37.0,,0.0417243142580972,3.4847233020115147
9733976000,814.309,559.061,37.0,,0.0195697551962717,3.442025254085144
9738976000,814.756,560.368,37.0,,0.0485019721287889,3.357485693331252
9743976000,814.206,560.94,37.0,,0.0128809903394512,3.32053533458457
9748981000,815.822,561.958,37.0,,0.1175045687916933,3.254619380264022
9753976000,816.976,562.73,37.0,,0.192192744902882,3.20470333284076
9758976000,814.879,557.451,37.0,,0.0564590857974113,3.546172104225071
9763976000,814.402,561.077,37.0,,0.0256142965760463,3.311616627410733
9768976000,813.062,560.686,37.0,,-0.0611632669075963,3.336906658627
9773976000,815.083,561.832,37.0,,0.0696804616618147,3.262780354133188
9778977000,815.145,561.134,37.0,,0.0736691925120026,3.3079646000883307
9784101000,814.432,559.475,37.0,,0.0275363224004881,3.415240355380116
9789102000,813.015,558.008,37.0,,-0.0641858020908461,3.510121259275261
9794102000,812.712,560.56,37.0,,-0.0838016122428573,3.345055507274271
9799103000,813.473,559.557,37.0,,-0.0345783354032651,3.409955280005937
9804102000,812.032,558.81,37.0,,-0.1278338485145338,3.4582810485612283
9809102000,813.391,559.596,37.0,,-0.0398840627930136,3.4074527917694124
9814102000,814.566,559.316,37.0,,0.0361683614812203,3.425530979505349
9819114000,812.99,557.162,37.0,,-0.0658518591746246,3.564836966545144
9824111000,812.799,558.167,37.0,,-0.0781990473861665,3.499838574429212
9829102000,814.631,558.46,37.0,,0.040385114285694,3.4809142721835373
9834102000,813.842,562.485,37.0,,-0.010664742457506,3.220594138474161
9839102000,815.285,559.316,37.0,,0.0827647196805149,3.425522352605293
9844104000,816.903,561.108,37.0,,0.1874449217493473,3.3096440695303624
9849102000,809.527,545.674,37.0,,-0.2902718584718574,4.30781412556655
9854105000,810.96,547.684,37.0,,-0.1973658597190708,4.17780695575426
9859102000,812.074,550.243,37.0,,-0.1252009701700084,4.012296650648476
9864102000,812.296,552.814,37.0,,-0.1108177934577393,3.8460860091618896
9869109000,809.325,556.991,37.0,,-0.3031127766587409,3.5759094146847907
9874102000,809.839,558.142,37.0,,-0.2698276966216495,3.5014696133600145
9879102000,809.392,557.403,37.0,,-0.2987906134655456,3.5492721241837955
9884111000,809.545,558.914,37.0,,-0.2888076740602436,3.45152493752088
9889106000,805.965,562.931,37.0,,-0.5205000970181369,3.191708462130884
9894103000,807.8,555.103,37.0,,-0.4018755504286224,3.6980179165238094
9899103000,808.318,556.421,37.0,,-0.3683137047423304,3.612805344320936
9904110000,809.337,557.168,37.0,,-0.3023074771457896,3.5644972636848813
9909103000,808.775,559.997,37.0,,-0.3386491084771741,3.3815086294814027
9914103000,809.609,560.602,37.0,,-0.2846512345207075,3.3423393860969552
9919228000,810.025,559.573,37.0,,-0.257726885647791,3.408943976551337
9924231000,809.446,563.109,37.0,,-0.2951789811751898,3.1802044492904704
9929228000,809.491,563.008,37.0,,-0.2922652083381955,3.186734078799735
9934228000,809.143,562.374,37.0,,-0.3147769865170836,3.2277733213104742
9939228000,808.537,562.306,,,-0.3540023591079826,3.232176747419746
9944228000,808.125,563.77,,,-0.3806678952124372,3.1374573185072
9949232000,807.336,560.848,,,-0.4318030275165594,3.3264755601999147
9954228000,808.042,540.263,,,-0.3865819335641641,4.657651410290703
9959238000,812.839,513.255,,,-0.0761464325222801,6.403529183140264
9964228000,829.61,491.012,,,1.0141085586460563,7.8399396899865135
9969228000,828.53,455.987,,,0.947028865888922,10.101027264422497
9974237000,847.2,393.809,,,2.18457228808826,14.105274426164966
9979229000,851.262,359.653,,,2.46737484750192,16.301593954184003
9984229000,851.471,329.33,,,2.497058135927778,18.25037454535849
9989229000,852.3,276.664,,,2.5860572888890423,21.631665326933536
9994235000,850.631,234.593,,,2.504036593039574,24.332629726560327
9999229000,864.043,195.5,,,3.4700433678173885,26.834969384870693
10004229000,852.164,184.682,,,2.654696293360605,27.53736085931902
10009229000,852.114,194.406,,,2.6416693224922123,26.912462251426508
10014229000,860.56,194.9,,,3.228599166866984,26.875782622132853
10019239000,856.353,204.923,,,2.9254815913334107,26.23457858746192
10024233000,857.095,213.994,,,2.967481424432651,25.651649669404385
10029229000,858.135,218.352,38.0,,3.034779560395879,25.37131640498134
10034229000,853.721,219.234,38.0,,2.729580618400693,25.31709149267985
10039229000,852.795,218.981,38.0,,2.6660189260306244,25.33378490038236
10044232000,850.655,221.087,38.0,,2.5166984776604022,25.199653078555947
10049229000,847.981,215.454,38.0,,2.336940364565693,25.56258851708864
10054355000,847.483,215.62,38.0,,2.302407458765292,25.552135226996857
10059354000,848.249,218.159,38.0,,2.3532951439262515,25.388791287961087
10064354000,847.392,220.118,38.0,,2.292704998591822,25.263393438501584
10069354000,848.517,225.604,38.0,,2.3659244908058024,24.91064822305718
10074355000,850.288,225.723,38.0,,2.4875966127696936,24.902196094597443
10079355000,846.44,222.047,38.0,,2.225679661687496,25.13991670641772
10084355000,845.27,222.476,38.0,,2.1448005731820508,25.112874006819165
10089355000,844.684,222.658,38.0,,2.1043289190925942,25.101405540939428
10094370000,844.809,223.314,38.0,,2.1124699293469464,25.059252151967705
10099355000,845.833,219.041,38.0,,2.1859847209405423,25.3332089006954
10104355000,849.337,220.246,38.0,,2.426592627680023,25.25423822947353
10109355000,847.755,222.97,38.0,,2.315488416178753,25.08011833604573
10114356000,846.973,221.547,38.0,,2.2627222251421144,25.17182086942384
10119355000,846.999,220.657,38.0,,2.265191960780613,25.228941169587603
10124355000,850.42,222.957,38.0,,2.4990119068844234,25.07971043908029
10129361000,849.767,220.407,38.0,,2.456078103690752,25.243706335370565
10134355000,850.412,219.327,38.0,,2.501432222867152,25.31273430419856
10139355000,849.561,221.201,38.0,,2.4412482809295395,25.19281431722913
10144365000,846.092,212.729,38.0,,2.2085470524160704,25.73839208735829
10149355000,846.115,211.908,38.0,,2.2107371363685115,25.79113764635812
10154355000,845.833,214.835,38.0,,2.189094962451504,25.603292593090984
10159355000,847.081,215.104,38.0,,2.275057606385594,25.585472043713565
10164359000,848.226,213.976,38.0,,2.3550164306466006,25.657360079580176
10169356000,851.71,215.117,38.0,,2.59462380920278,25.582456896921435
10174356000,850.373,215.046,38.0,,2.502367879992516,25.58763384518507
10179356000,851.42,213.85,38.0,,2.575725422017085,25.663932622373263
10184356000,851.497,212.227,38.0,,2.582433358423546,25.768149058316776
10189481000,850.214,211.178,38.0,,2.494705976313041,25.836094618988835
10194481000,849.776,210.746,38.0,,2.464759041137155,25.86404263889857
10199487000,849.819,210.517,38.0,,2.467911940856962,25.878737172042623
10204481000,850.92,211.085,38.0,,2.5435897851946154,25.84175394579888
10209488000,851.127,211.67,38.0,,2.557345174178501,25.80404812769344
10214481000,851.623,210.926,38.0,,2.592331860479996,25.851570591006773
10219494000,852.218,210.605,38.0,,2.633753711496298,25.87188792608689
10224481000,848.817,211.411,38.0,,2.397918088017693,25.82183661757589
10229490000,850.342,208.019,38.0,,2.506247050757878,26.03894386924753
10234481000,851.174,199.871,38.0,,2.571230632665946,26.56187147639607
10239484000,853.092,208.695,38.0,,2.695935510431972,25.99411993564653
10244490000,850.601,206.957,38.0,,2.525150461983726,26.10699108612147
10249481000,849.182,204.247,38.0,,2.4291917512362105,26.28177484810354
10254481000,852.447,201.989,38.0,,2.6575824534882,26.425169909660664
10259481000,849.45,204.859,38.0,,2.447241097717588,26.242320151602904
10264481000,849.143,205.912,38.0,,2.42504900050799,26.17482939534873
10269481000,852.15,203.159,38.0,,2.6358742633799106,26.35017484645348
10274487000,852.008,203.157,38.0,,2.6260284177675324,26.35036849161632
10279482000,853.067,205.133,38.0,,2.697562182287984,26.222885321029267
10284482000,852.726,207.018,38.0,,2.6721719341019856,26.10198033277324
10289482000,848.358,208.997,38.0,,2.3681326319135056,25.97705943011688
10294482000,850.075,202.862,38.0,,2.492279457395952,26.37026455712365
10299485000,849.225,200.495,38.0,,2.43537451013534,26.522744221685898
10304486000,852.647,200.41,38.0,,2.672956550014767,26.526486174784
10309483000,851.445,208.119,,,2.582524100719081,26.03196875948443
10314482000,849.875,207.556,,,2.474374923068256,26.06888637206745
10319482000,834.557,207.639,,,1.4138633808818388,26.06955631980605
10324482000,828.122,207.367,,,0.9683716182834562,26.08865397555339
10329610000,812.701,194.106,,,-0.1006675933209979,26.942678199152525
10334616000,814.089,197.669,39.0,,-0.0038940540906914,26.713641240693857
10339607000,812.918,198.263,39.0,,-0.0852239226717363,26.67552431034693
10344607000,815.281,200.259,39.0,,0.0790380918572387,26.54714515566844
10349607000,816.136,201.567,39.0,,0.1384217584751134,26.463007979143875
10354607000,815.857,203.862,39.0,,0.1190667011020615,26.31560814417625
10359607000,814.948,199.141,39.0,,0.0558962527374751,26.61903065768984
10364607000,814.825,196.965,39.0,,0.0472191380998297,26.758852831408905
10369608000,813.96,198.478,39.0,,-0.0128140875059842,26.66166533804708
10374608000,814.59,199.816,39.0,,0.0310416692809587,26.575652748689222
10379608000,813.803,199.375,39.0,,-0.0236522400559767,26.60403359726913
10384608000,814.946,204.015,39.0,,0.0558763658335314,26.30579219574929
10389618000,816.069,210.284,39.0,,0.1337997742056725,25.902984251289784
10394611000,818.82,209.935,39.0,,0.3241142585293014,25.92519678922409
10399608000,818.909,205.656,39.0,,0.3305438446793609,26.20007119790757
10404608000,817.041,206.241,39.0,,0.2010886013097543,26.1626594912165
10409608000,819.642,205.651,39.0,,0.3813674784163126,26.2003090266288
10414608000,820.113,207.945,39.0,,0.4137439235747392,26.05285490234089
10419608000,820.073,208.355,39.0,,0.410952388425506,26.026566319986514
10424611000,819.111,209.726,39.0,,0.344216742227836,25.938532418073315
10429608000,817.697,210.346,39.0,,0.2463891244909749,25.898866393923694
10434611000,818.163,211.716,39.0,,0.2785806503534512,25.81078520802382
10439608000,817.822,212.106,39.0,,0.2549372094155339,25.785789642752203
10444608000,817.367,210.221,39.0,,0.22354329996997,25.90694041245401
10449608000,818.895,211.182,39.0,,0.3292180315178636,25.845044069128864
10454612000,818.174,212.96,39.0,,0.2792565028996297,25.730886190543337
10459612000,817.04,211.029,39.0,,0.2009155408535067,25.855032012405683
10464616000,815.806,211.845,39.0,,0.1155743546458647,25.802715235904635
10469737000,811.761,213.377,39.0,,-0.163882244910582,25.70443827495442
10474739000,809.532,212.083,39.0,,-0.3181301335819385,25.78755831091142
10479734000,804.773,212.376,39.0,,-0.6470723477976087,25.7685253266495
10484743000,796.781,209.151,39.0,,-1.2011163031498238,25.974747703266647
10489734000,798.737,207.737,39.0,,-1.0663657519084695,26.06588480615496
10494747000,797.239,208.171,39.0,,-1.1699193279806448,26.03778783613481
10499734000,798.737,209.347,39.0,,-1.0656764616324224,25.962434323025192
10504734000,796.772,210.251,39.0,,-1.2011920422643378,25.90405855459532
10509734000,796.429,211.721,39.0,,-1.224212163601564,25.809581118610435
10514734000,798.553,211.268,39.0,,-1.0775265356439288,25.83903501306574
10519734000,800.231,211.772,39.0,,-0.9612779174195122,25.80688805993214
10524734000,803.712,210.318,39.0,,-0.7210347703827574,25.90068114778093
10529734000,803.635,209.564,39.0,,-0.7266364456406192,25.94910922073737
10534734000,804.103,209.667,39.0,,-0.6942103600307759,25.94248602329275
10539734000,800.84,205.756,39.0,,-0.9215359884621802,26.193444170644064
10544735000,803.746,208.81,39.0,,-0.719174851513363,25.99755130849441
10549742000,805.422,212.207,39.0,,-0.602263951729901,25.77943080007513
10554734000,805.541,212.952,39.0,,-0.5938418587841379,25.731581042595813
10559735000,804.712,213.539,39.0,,-0.6509581734354122,25.69384314462538
10564735000,796.956,212.018,39.0,,-1.187580162766133,25.790591932277568
10569735000,802.689,207.613,39.0,,-0.7927365652696973,26.074322780847343
10574735000,805.213,213.772,39.0,,-0.6162779150554527,25.67886590036083
10579735000,805.761,214.167,39.0,,-0.5782771128205932,25.6535416244434
10584738000,804.76,215.724,39.0,,-0.6469898090850721,25.55348512683388
10589743000,804.649,217.586,39.0,,-0.6541469778620124,25.43383192175643
10594735000,804.963,217.981,39.0,,-0.6324009030490745,25.40850925454687
10599860000,805.623,219.545,39.0,,-0.5864295420669249,25.308089618145235
10604872000,807.597,205.185,39.0,,-0.4534162179038911,26.2306640040604
10609748000,805.952,205.207,39.0,,-0.5674424744260549,26.22918958573489
10614860000,805.861,207.985,39.0,,-0.5729686706787522,26.05071253293191
10619860000,805.532,209.779,39.0,,-0.5953034152248902,25.93541530480292
10624860000,804.253,209.061,39.0,,-0.6840253534448465,25.98143799731245
10629863000,803.709,208.438,39.0,,-0.7218486077878656,26.02141815967862
10634860000,802.991,210.087,39.0,,-0.7710198615657882,25.915412681139184
10639865000,805.505,219.274,39.0,,-0.5946559510992666,25.325527892992227
10644860000,803.351,222.78,39.0,,-0.7421138326705653,25.100174951980897
10649863000,802.286,219.478,39.0,,-0.8165523120525575,25.312127185155244
10654860000,803.42,213.421,39.0,,-0.7402864759406487,25.701270432311947
10659861000,804.075,213.825,39.0,,-0.694892905113308,25.675385839388813
10664861000,804.592,214.941,39.0,,-0.6588496926951166,25.603782495284
10669861000,803.268,216.372,39.0,,-0.749804762601614,25.51171534713162
10674861000,804.476,214.056,39.0,,-0.6671285876139927,25.660585617099265
10679861000,800.172,212.624,39.0,,-0.9649995321290236,25.75210594197728
10684861000,799.793,212.137,39.0,,-0.9913863580189712,25.78338590756184
10689861000,801.124,212.65,39.0,,-0.8991842888704565,25.750590050679666
10694861000,800.96,213.514,39.0,,-0.9102083466472324,25.695064049788176
10699861000,801.774,214.68,39.0,,-0.8535666871458004,25.6202225111002
10704861000,801.718,214.744,39.0,,-0.8574137338253591,25.61611332903536
10709861000,802.063,215.487,39.0,,-0.8333146565679577,25.568466748679725
10714861000,804.629,211.96,39.0,,-0.6571164406323718,25.79526504898276
10719861000,804.508,212.123,39.0,,-0.6654366370696223,25.784791690345667
10724862000,804.471,212.243,39.0,,-0.6679836325620969,25.777045188007644
10729874000,800.796,213.348,,,-0.9216341470317804,25.705733251180696
10734986000,801.078,212.565,,,-0.9024478855518292,25.756013066285163
10739986000,807.007,213.143,,,-0.4924668696852746,25.7193823794372
10744986000,826.586,234.76,,,0.8550830788367729,24.3297214241658
10749995000,831.357,263.191,,,1.1728213719640763,22.503432837965164
10754987000,849.14,280.999,,,2.3694379525857,21.354727967017
10759986000,845.413,283.177,,,2.116276626505931,21.21635026280722
10764990000,847.161,277.752,40.0,,2.2376435657433715,21.56396602634537
10769994000,848.242,275.63,40.0,,2.31207505216959,21.6997237883008
10774987000,845.77,276.323,40.0,,2.1443431650454112,21.6561960939678
10779987000,845.508,272.663,40.0,,2.1287205737836006,21.89119259577077
10784989000,846.148,272.465,40.0,,2.172248608355941,21.90371000055257
10789987000,844.189,273.657,40.0,,2.03882794879626,21.827909422141097
10794987000,843.021,273.834,40.0,,1.9595861069010856,21.81692193231349
10799988000,844.628,277.881,40.0,,2.0661569334908165,21.556585158325063
10804992000,841.905,277.498,40.0,,1.88213180841876,21.58207291520478
10809990000,836.486,269.85,40.0,,1.5185762539082093,22.074706757779285
10814987000,838.003,273.12,40.0,,1.6200016231179684,21.86431431770088
10819987000,843.325,274.685,40.0,,1.979773400513419,21.762220357804647
10824987000,841.393,274.259,40.0,,1.8491360229768288,21.79018033045981
10829987000,836.918,268.062,40.0,,1.548663547901991,22.18935762797405
10834987000,837.151,270.303,40.0,,1.563481167264178,22.045438260050805
10839988000,838.311,271.493,40.0,,1.6416012366594068,21.968668872839945
10844991000,840.89,264.617,40.0,,1.8199095315950065,22.409275464204985
10849988000,840.253,271.09,40.0,,1.7734438009596378,21.993992614701405
10854991000,840.568,272.739,40.0,,1.7940079129527846,21.88802722695836
10859988000,838.99,270.692,40.0,,1.6879740508871328,22.019917309982183
10864990000,838.718,269.403,40.0,,1.6701630957006066,22.102762372412247
10870113000,837.821,270.995,40.0,,1.6086421158945918,22.0007960371736
10875119000,836.655,273.772,40.0,,1.5284380474944224,21.82285950021464
10880113000,837.587,273.048,40.0,,1.5918593524170994,21.86906937933013
10885124000,838.573,272.677,40.0,,1.6588637651779157,21.892592956169995
10890113000,840.498,282.43,40.0,,1.7846351548749453,21.265936440264884
10895113000,840.473,272.823,40.0,,1.7874909189161916,21.882663203814698
10900113000,839.93,273.103,40.0,,1.7505773699746618,21.86486377927424
10905113000,841.111,273.724,40.0,,1.8303241732658144,21.824589843044446
10910113000,839.427,272.444,40.0,,1.7167932292156916,21.907298219535186
10915122000,838.524,272.435,40.0,,1.6556345082224604,21.90814625613691
10920113000,836.677,273.995,40.0,,1.5298186828497085,21.80850252613103
10925113000,836.458,276.795,40.0,,1.5139066090363194,21.62881874481489
10930114000,835.115,276.666,40.0,,1.4230593945137608,21.637478527507696
10935113000,834.17,273.743,40.0,,1.3600911593997271,21.825374678219703
10940114000,834.779,272.212,40.0,,1.4019444299912145,21.92352495679731
10945113000,835.727,272.638,40.0,,1.4660242693321832,21.895923623929345
10950114000,836.33,262.533,40.0,,1.5110255307062623,22.544460616055883
10955114000,835.341,264.325,40.0,,1.44312161773794,22.429649018637352
10960114000,833.9,267.875,40.0,,1.3438927836198853,22.20213117400387
10965114000,834.019,267.979,40.0,,1.351981118976244,22.1954266506364
10970114000,833.746,270.841,40.0,,1.3324193106067277,22.01176843249173
10975114000,841.27,270.82,40.0,,1.842515480966172,22.01097891257088
10980114000,841.577,270.61,40.0,,1.8634195939276024,22.024339582335845
10985114000,840.375,271.807,40.0,,1.781378496201549,21.94789684922576
10990114000,840.108,273.128,40.0,,1.7626067190794878,21.863182439020616
10995114000,837.206,271.934,40.0,,1.5665158815931972,21.940723786772864
11000114000,839.464,270.748,40.0,,1.720117499653257,22.01619200477462
11005114000,840.727,269.822,40.0,,1.806199498040587,22.07523530011244
11010239000,841.347,271.104,40.0,,1.8475688459905504,21.99272118286696
11015239000,841.731,273.257,40.0,,1.872512856434964,21.854366551238712
11020245000,842.398,270.969,40.0,,1.9189122184323848,22.0010354143747
11025245000,841.798,272.158,40.0,,1.8776033621223185,21.924927732849543
11030239000,839.978,271.48,40.0,,1.754633586174375,21.96899622783015
11035239000,842.019,272.169,40.0,,1.892628442743625,21.92413958813503
11040239000,841.935,273.473,40.0,,1.8862702662429285,21.84045168885138
11045240000,842.925,273.198,40.0,,1.9534384268146243,21.857791425262626
11050240000,842.895,275.359,40.0,,1.9502991186586505,21.719074934173463
11055240000,842.623,272.064,40.0,,1.933566035926946,21.930704935098703
11060240000,843.499,274.307,40.0,,1.9917327721970568,21.78642524816312
11065240000,843.992,272.357,40.0,,2.0262322954744967,21.91138088299552
11070240000,841.167,269.529,40.0,,1.8361861541381737,22.093911249468505
11075240000,841.677,271.951,40.0,,1.8695399874302807,21.93825080941353
11080240000,842.21,272.573,40.0,,1.9053143802377075,21.89811829690609
11085240000,841.193,273.862,40.0,,1.8357752708729689,21.815757288673105
11090240000,840.901,273.691,40.0,,1.816068858201832,21.826805544966344
11095240000,840.923,274.074,,,1.8173603856052285,21.80220634725253
11100240000,837.481,268.899,,,1.586439393327652,22.135473857875795
11105240000,830.86,265.331,,,1.1383586284313485,22.366187166198443
11110240000,817.317,266.017,,,0.2185790669849024,22.32402921949757
11115240000,798.727,258.85,,,-1.046420377428679,22.783598457068784
11120240000,785.97,262.961,,,-1.9120885943987072,22.51709492150644
11125240000,778.127,248.726,,,-2.456637576534908,23.42835180958405
11130240000,771.733,246.546,41.0,,-2.895376373258927,23.56572441327574
11135241000,772.526,248.502,41.0,,-2.8393045849904635,23.44050214026461
11140240000,774.959,264.342,41.0,,-2.659313589329144,22.42479500734813
11145366000,775.504,261.263,41.0,,-2.6249131730898583,22.622636124255465
11150372000,780.157,264.588,41.0,,-2.3059872986649173,22.410911446764764
11155366000,777.001,260.079,41.0,,-2.5240420706495965,22.699244164832376
11160366000,775.916,257.838,41.0,,-2.599791952662846,22.842643355189946
11165366000,774.977,252.935,41.0,,-2.6680075321572487,23.156969743977296
11170366000,775.967,251.933,41.0,,-2.6013773413613928,23.22171391743153
11175366000,775.626,254.884,41.0,,-2.6220502908482315,23.03214843474231
11180366000,777.663,257.203,41.0,,-2.4813678942916577,22.884099275492687
11185373000,778.973,254.209,41.0,,-2.394522173563425,23.07673916113515
11190366000,779.695,250.624,41.0,,-2.3480722336960427,23.307112112933527
11195372000,777.682,242.417,41.0,,-2.49244115458892,23.83322576395609
11200366000,777.136,241.469,41.0,,-2.5305975931246225,23.89386349592524
11205375000,777.395,242.808,41.0,,-2.511707121998931,23.807990645211444
11210366000,777.398,245.617,41.0,,-2.509083609261288,23.627703342740563
11215366000,777.344,240.196,41.0,,-2.517495642406172,23.975672824226592
11220366000,777.579,240.427,41.0,,-2.501193195491236,23.960910665949104
11225369000,777.638,235.265,41.0,,-2.501702353522237,24.29233023671032
11230367000,779.083,235.963,41.0,,-2.4019825949115354,24.248068821640235
11235366000,780.198,235.479,41.0,,-2.325927437265033,24.279530403572736
11240379000,781.579,238.458,41.0,,-2.228887346314521,24.088739856755737
11245368000,780.072,239.23,41.0,,-2.331494440073288,24.03867525099373
11250367000,779.722,245.143,41.0,,-2.3506682450824514,23.658978697183063
11255367000,778.647,240.983,41.0,,-2.4276249064102955,23.925618003754213
11260368000,779.621,239.396,41.0,,-2.3622690994288296,24.027824391738807
11265367000,782.974,242.089,41.0,,-2.1306197283074684,23.85608794886904
11270367000,782.02,240.34,41.0,,-2.197194573463044,23.96807535163952
11275367000,782.544,243.698,41.0,,-2.1588379247456246,23.75265458143968
11280493000,781.553,244.837,41.0,,-2.225723777835484,23.67922540622333
11285492000,787.524,238.374,41.0,,-1.8216635445501708,24.095959200064257
11290492000,789.12,242.873,41.0,,-1.7095733478763606,23.80751082212529
11295492000,783.4,242.605,41.0,,-2.101083191627546,23.82310912057537
11300492000,790.978,246.338,41.0,,-1.580572368911075,23.585508128794864
11305492000,790.734,246.857,41.0,,-1.5969516886064183,23.552154744050657
11310492000,790.257,245.783,41.0,,-1.630179697392791,23.62094340559336
11315501000,786.889,237.155,41.0,,-1.866016795203944,24.174059881154523
11320496000,788.161,236.641,41.0,,-1.7791116758482903,24.20738955074971
11325492000,788.716,236.562,41.0,,-1.7411266583320018,24.21262762756973
11330496000,788.379,232.546,41.0,,-1.7668477625205352,24.47035729045129
11335493000,788.307,233.214,41.0,,-1.7713302803297095,24.427441125617104
11340493000,790.385,237.168,41.0,,-1.626415462995302,24.17410976943059
11345495000,789.269,239.441,41.0,,-1.7014890891534344,24.027932021200503
11350493000,787.83,238.023,41.0,,-1.80096998370277,24.11856222448111
11355493000,789.84,237.991,41.0,,-1.6632177644673185,24.12110967429684
11360499000,790.058,237.667,41.0,,-1.6485268855855393,24.141965846669287
11365493000,791.137,237.737,41.0,,-1.5744888298579638,24.137734218544203
11370493000,792.867,238.608,41.0,,-1.4555199726896646,24.082223057039865
11375493000,795.283,238.777,41.0,,-1.2899128738428998,24.07179827555458
11380502000,796.297,247.826,41.0,,-1.2165060845813318,23.491016876320128
11385496000,795.549,244.491,41.0,,-1.2691040912617078,23.70503248893892
11390493000,794.545,245.086,41.0,,-1.3374392282478949,23.66664452435738
11395493000,795.567,241.203,41.0,,-1.2693872983657262,23.916108563553543
11400493000,794.71,241.82,41.0,,-1.3277207524068226,23.87632245296586
11405493000,797.046,241.48,41.0,,-1.1679827084629206,23.89858928743256
11410493000,800.599,236.638,41.0,,-0.926542175295746,24.20993421654205
11415502000,804.246,240.441,41.0,,-0.6755364099312643,23.966153869525613
11420628000,803.652,240.052,41.0,,-0.7163056618590034,23.99103186825996
11425618000,807.671,240.981,41.0,,-0.4410020115707468,23.93163530850911
11430625000,808.048,239.16,41.0,,-0.4154831028187464,24.048618409673075
11435618000,812.074,248.021,41.0,,-0.1389895546428614,23.479719689817603
11440619000,809.242,247.435,41.0,,-0.3324395589228106,23.51732352905021
11445619000,818.396,233.913,41.0,,0.2934545639948877,24.385192586342907
11450619000,816.839,236.8,41.0,,0.186574135267811,24.19998491299958
11455619000,815.272,238.523,41.0,,0.0791949724656126,24.089430094911684
11460619000,816.075,238.652,41.0,,0.1342273657208139,24.08109627262732
11465619000,817.268,232.33,41.0,,0.2160997306519638,24.48698179603734
11470619000,811.254,237.95,41.0,,-0.1960751426043439,24.12633453075172
11475619000,815.459,234.81,41.0,,0.0919947050106344,24.32780624512901
11480619000,817.723,238.577,,2.0,0.2470985171932517,24.085800918384933
11485619000,818.041,244.687,,2.0,0.2686156049297225,23.69347599936448
11490622000,816.635,242.782,,2.0,0.1725112874546591,23.81587096588035
11495619000,796.022,261.784,,2.0,-1.2292661070611837,22.59484139388376
11500619000,788.883,268.208,,2.0,-1.7111631509692655,22.18101909001509
11505619000,781.248,282.228,,2.0,-2.219671102933193,21.2788277304106
11510619000,765.528,292.884,,2.0,-3.272054407810497,20.58874056166196
11515627000,737.428,318.844,,2.0,-5.1298367855001645,18.906535607723463
11520622000,766.74,333.916,,2.0,-3.156293062139228,17.95432910359205
11525620000,755.001,404.163,,2.0,-3.8827530037990536,13.432490403573016
11530620000,765.026,382.145,,2.0,-3.236535716475872,14.852980481721412
11535620000,781.921,392.659,,2.0,-2.116760908493864,14.180894715433643
11540620000,783.342,429.185,,2.0,-2.0104850018582696,11.828226287066265
11545620000,708.751,403.902,,2.0,-6.923722791878423,13.424943501888624
11550627000,681.725,474.498,,2.0,-8.614160315254173,8.869933919770205
11555745000,628.455,539.702,,2.0,-12.011623202789224,4.65527916007911
11560745000,627.697,533.415,,2.0,-12.065100507716616,5.058077127547909
11565745000,659.972,586.044,,2.0,-9.95654057452134,1.687104107232855
11570750000,629.143,656.793,,2.0,-11.95138405268226,-2.856082408753251
11575757000,635.915,673.67,,2.0,-11.522381694979794,-3.940957678165696
11580745000,673.408,603.362,,2.0,-9.08694933708762,0.5736967085049525
11585745000,622.389,591.456,,2.0,-12.379872311649269,1.3349410923879144
11590745000,605.203,732.382,,2.0,-13.561318918478513,-7.684185870121266
11595745000,622.87,699.686,,2.0,-12.383351126225948,-5.6034222712543205
11600745000,623.419,692.641,,2.0,-12.342134538452587,-5.152261436644352
11605747000,694.34,680.315,,2.0,-7.748906456863972,-4.386089545436465
11610746000,714.787,697.112,,2.0,-6.432236651827183,-5.474222672745868
11615746000,706.331,693.297,,2.0,-6.978279943807694,-5.225959496974105
11620746000,708.682,689.751,,2.0,-6.824556232022694,-4.997978369282246
11625746000,709.724,689.644,,2.0,-6.757012756528267,-4.991380552268951
11630746000,714.274,695.015,,2.0,-6.464551556783422,-5.338860075603726
11635746000,721.63,651.508,,2.0,-5.975595009803268,-2.533151882542348
11640746000,721.203,652.412,,2.0,-6.003378747408474,-2.591438092153916
11645746000,701.837,620.979,,2.0,-7.251074745827469,-0.5616722412112176
11650746000,738.391,606.358,,2.0,-4.88893585601833,0.3819720860717895
11655746000,734.775,610.347,,2.0,-5.1225580314231545,0.1242133029323987
11660746000,718.876,616.896,,2.0,-6.150058184601391,-0.2986258790605723
11665746000,708.039,637.897,,2.0,-6.851907555340536,-1.6533969596590874
11670746000,711.59,662.671,,2.0,-6.627285647569403,-3.2520938817054885
11675746000,715.503,660.904,,2.0,-6.373816538461201,-3.138706898883421
11680746000,709.877,647.19,,2.0,-6.734611104253801,-2.253117330720752
11685746000,713.078,644.136,,2.0,-6.527202428897118,-2.0564162190624216
11690871000,713.416,641.937,,2.0,-6.505007435612693,-1.9145934893848389
11695871000,709.822,639.053,,2.0,-6.736842900336821,-1.7281313915778655
11700871000,709.415,633.815,,2.0,-6.762487923478376,-1.390132390774783
11705871000,711.333,629.523,,2.0,-6.6381667113263285,-1.1133176207074398
11710871000,715.262,633.605,,2.0,-6.38465419923047,-1.377029146781223
11715871000,721.854,634.381,,2.0,-5.9587078776016495,-1.4275131470400588
11720872000,724.17,630.122,,,-5.808633096221267,-1.1526718236003413
11725871000,724.801,630.748,,,-5.767911183423244,-1.1931281563700415
11730872000,725.645,629.738,,,-5.713255969045939,-1.1279582372225463
11735872000,725.447,629.873,,,-5.7261179562157904,-1.1366897508219589
11740872000,723.802,629.391,,,-5.832397679341601,-1.1054523787785429
11745872000,722.295,627.942,,,-5.929657266841279,-1.0118403541686174
11750881000,704.531,618.008,,,-7.0769057632771135,-0.3701140237185492
11755872000,691.659,607.059,,,-7.9083474607566595,0.3360278780403186
11760872000,674.264,587.97,,,-9.03351793651304,1.5648285494000451
11765872000,667.515,591.07,,,-9.46869382570073,1.364579753244919
11770876000,662.626,597.698,,,-9.783388057223576,0.9377151977148848
11775872000,664.655,594.39,,,-9.652859803778016,1.1507132788009855
11780872000,665.821,594.404,,,-9.577563894338985,1.1498806905298462
11785872000,661.393,592.282,,,-9.863654123886414,1.2860203582699146
11790872000,665.981,595.497,,,-9.567125412376784,1.0795437017741072
11795882000,665.268,597.107,,,-9.612930746033854,0.9759083964946186
11800875000,664.86,595.983,,,-9.639402073960772,1.0481925840081066
11805872000,661.535,586.803,,,-9.855510924302669,1.6385124835267837
11810873000,650.1,580.175,,,-10.595055956377402,2.063044872582543
11815873000,651.718,578.692,,,-10.49104330603461,2.158650915427183
11820878000,651.157,572.762,,,-10.529095988145077,2.539722949768539
11825999000,647.169,557.779,,,-10.792460867252109,3.501490581858065
11830998000,646.382,558.726,,,-10.842888547683598,3.440449503261619
11835998000,644.853,567.073,,,-10.938051058261577,2.903891254864044
11840998000,646.331,569.13,,,-10.841892036226469,2.772084357425725
11845998000,646.137,567.392,,,-10.855038864758122,2.883658783194209
11850998000,644.221,567.459,,,-10.978692672910498,2.878925349848952
11855998000,643.441,566.009,,,-11.029609949297262,2.971877025028215
11860998000,641.627,563.285,,,-11.147853472097406,3.146383311364452
11865998000,639.745,563.039,,,-11.26943999089977,3.161639749601345
11870998000,640.44,557.143,,,-11.227318592132203,3.5404255383906174
11875998000,646.001,536.115,,,-10.880012510229411,4.89257309282287
11880998000,650.762,533.737,,,-10.573751169588958,5.047201358901454
11885998000,656.009,527.93,,,-10.23817348530206,5.422436357999197
11891011000,666.759,529.555,,,-9.541525423681172,5.32223177969282
11895998000,672.684,522.96,,,-9.162173694951075,5.748701705997496
11901001000,670.32,522.233,,,-9.315670197038743,5.794511057278045
11906007000,671.587,522.762,,,-9.233295461888254,5.761031646166225
11910999000,670.671,517.547,,,-9.296125334324415,6.096088527977425
11915999000,668.779,516.611,,,-9.419356710671035,6.155485809538538
11920999000,668.773,517.235,,,-9.419321812620856,6.115343555059827
11925999000,668.496,517.394,,,-9.437118071484496,6.104984705086597
11930999000,663.094,513.441,,,-9.78998358944277,6.356672878248226
11936002000,665.883,512.76,,,-9.609766888938918,6.401777432897067
11940999000,666.674,510.197,,,-9.560514484950966,6.566907432463437
11946000000,664.423,508.078,,,-9.70805526802364,6.702034505504288
11950999000,666.344,507.701,,,-9.58382385315474,6.727227512899864
11956003000,666.726,507.045,,,-9.55960621991267,6.769575035028668
11961007000,668.974,510.038,,3.0,-9.41158341132989,6.578180316223191
11966127000,670.094,509.244,,3.0,-9.339565552229129,6.629786857399619
11971132000,663.31,512.597,,3.0,-9.776645502730616,6.411063784504524
11976124000,670.882,510.891,,3.0,-9.287276340043952,6.524233134365442
11981124000,673.987,512.051,,3.0,-9.08515950029096,6.451002993200142
11986124000,710.833,527.958,,3.0,-6.6885210510541695,5.439470456695156
11991124000,737.087,583.763,,3.0,-4.974791508551047,1.8416970952478853
11996124000,734.029,590.156,,3.0,-5.171783778794473,1.428511396509501
12001124000,721.187,589.252,,3.0,-6.002007804265366,1.4861638070481071
12006124000,638.714,595.241,,3.0,-11.326476830385188,1.0937692940549395
12011124000,644.665,597.239,,3.0,-10.942309376408115,0.9659253078058097
12016125000,675.081,649.822,,3.0,-8.983455021220086,-2.417835882068195
12021125000,640.175,681.177,,3.0,-11.251532489586705,-4.42426059881381
12026128000,656.517,705.319,,3.0,-10.210937960729762,-5.981400560186349
12031130000,674.61,724.017,,3.0,-9.052943546478522,-7.191696543855894
12036125000,681.086,758.06,,3.0,-8.662794875044103,-9.383583900843156
12041137000,745.51,767.385,,3.0,-4.471178830255458,-10.014266414870876
12046125000,748.138,803.022,,3.0,-4.321231114425078,-12.310472859519376
12051125000,753.339,772.985,,3.0,-3.96315553501253,-10.377633145356038
12056125000,819.333,849.159,,3.0,0.3494703258721719,-15.292703825549967
12526630000,686.166,822.314,,,-8.409000493387936,-13.51274452377901
12531630000,688.871,777.974,,,-8.17613087990417,-10.668093579683916
12536630000,676.213,783.665,,,-9.009139076821011,-11.02482453098474
12541630000,679.409,708.208,,,-8.730399522874428,-6.177052881362993
12546630000,664.464,672.943,,,-9.677640687646306,-3.9032799057105017
12551630000,653.437,626.465,,,-10.376212129304117,-0.9124100889806426
12556630000,648.609,607.628,,,-10.687033784354623,0.2985089838776301
12561638000,629.196,579.563,,,-11.94397382998884,2.098731998409807
12566630000,635.433,546.925,,,-11.556188111081353,4.194635211604517
12571630000,632.257,537.627,,,-11.767369751411064,4.789907997063318
12576630000,642.044,537.368,,,-11.135019580738325,4.810572021889612
12581634000,643.424,538.717,44.0,,-11.044927013286925,4.724504604138
12586631000,641.389,539.166,44.0,,-11.176157174945264,4.694859535840683
12591633000,635.863,537.77,44.0,,-11.534247283697418,4.782279633430517
12596631000,627.399,531.748,44.0,,-12.085650342255672,5.164782063472726
12601631000,629.252,522.771,44.0,,-11.97303709739518,5.74120641618648
12606631000,632.838,526.134,44.0,,-11.738351036751412,5.527320512971322
12611633000,630.827,524.26,44.0,,-11.869960537443,5.646546874686708
12616631000,634.163,517.987,44.0,,-11.659423821194595,6.050533504255674
12621636000,634.82,520.231,44.0,,-11.615037056784512,5.906920960426269
12626631000,634.229,519.398,44.0,,-11.65393541868813,5.9600599026986325
12631642000,631.858,519.708,44.0,,-11.807086654511789,5.938916173292917
12636633000,630.05,519.161,44.0,,-11.92456134157618,5.973054088486377
12641756000,632.287,520.908,44.0,,-11.778281692448548,5.862193362421877
12646759000,633.394,519.667,44.0,,-11.70774465143805,5.942382192136065
12651756000,636.699,520.817,44.0,,-11.492933069373285,5.870271721051078
12656757000,636.169,524.634,44.0,,-11.524118645034257,5.62513630627137
12661756000,636.517,527.365,44.0,,-11.499496050685716,5.450132062980432
12666756000,638.014,529.754,44.0,,-11.400851935351804,5.297521543227921
12671756000,638.301,531.113,44.0,,-11.3813444541783,5.210478782239398
12676756000,640.76,534.709,44.0,,-11.219771297792192,4.980718967120801
12681756000,640.375,533.78,44.0,,-11.245311234354537,5.040214573415459
12686763000,642.553,535.192,44.0,,-11.103564983817462,4.950483505405786
12691757000,642.417,539.65,44.0,,-11.10943307775158,4.664225444044838
12696757000,634.494,543.634,44.0,,-11.618887080342036,4.405491934242355
12701760000,634.499,544.146,44.0,,-11.618215381764642,4.37263793858735
12706757000,631.085,542.084,44.0,,-11.840084369652198,4.503601790981815
12711757000,628.676,541.929,44.0,,-11.995837678526692,4.512582438832013
12716757000,631.1,542.027,44.0,,-11.839159400243515,4.507248551007189
12721757000,625.154,538.554,44.0,,-12.22563817369908,4.727485303691196
12726757000,624.3,541.147,44.0,,-12.27904589097184,4.560929705449833
12731757000,623.448,541.333,44.0,,-12.33392632899926,4.548650963604219
12736757000,623.624,537.247,44.0,,-12.325481293326607,4.8105816137745
12741757000,618.961,543.059,44.0,,-12.622538134717583,4.436134165803445
12746757000,624.986,539.898,44.0,,-12.235554947609046,4.641227599595811
12751757000,624.393,541.213,44.0,,-12.272972011479215,4.556703822213575
12756757000,623.598,540.355,44.0,,-12.324949182449313,4.611397459516969
12761760000,625.917,537.601,44.0,,-12.177037604412137,4.788910055244693
12766757000,624.287,537.056,44.0,,-12.282767848003344,4.823094570167656
12771757000,624.72,536.309,,,-12.255323483381304,4.871222001676394
12776882000,624.635,535.92,,,-12.261106310662228,4.896065974838459
12781882000,638.214,539.807,,,-11.380976858191318,4.652509464636446
12786888000,663.125,539.051,,,-9.770969008367675,4.7102270765990095
12791882000,690.211,514.908,,,-8.031772529288553,6.273719161717023
12796882000,700.558,519.84,,,-7.3582760820399935,5.959649800236308
12801883000,715.108,511.164,,,-6.419419309725761,6.523591720836437
12806883000,714.65,518.186,45.0,,-6.445646830012349,6.070671663771494
12811883000,722.942,518.147,45.0,,-5.908025475191158,6.075525560766668
12816883000,722.194,518.233,45.0,,-5.9564697509833024,6.069753795526311
12821883000,720.984,516.691,45.0,,-6.035610175273512,6.168910421910796
12826883000,721.108,518.047,45.0,,-6.026959830326399,6.081442733758818
12831883000,721.045,519.873,45.0,,-6.030225378522691,5.963645661244681
12836888000,717.601,518.787,45.0,,-6.254048305060759,6.032745800945493
12841883000,722.657,513.478,45.0,,-5.928583277250677,6.3765752920987495
12846883000,720.21,510.749,45.0,,-6.088638464534017,6.551863673560021
12851883000,721.493,510.113,45.0,,-6.005703043932279,6.593250288894284
12856883000,719.853,512.098,45.0,,-6.111183148199597,6.46475666111196
12861893000,717.271,512.018,45.0,,-6.278716909047796,6.46920358159667
12866883000,716.059,512.041,45.0,,-6.357298818265007,6.46731478429777
12871883000,720.191,511.81,45.0,,-6.089344188500845,6.483458623974322
12876889000,719.729,512.899,45.0,,-6.118809038723316,6.413105927667495
12881883000,718.478,512.778,45.0,,-6.200040817978528,6.42051433307764
12886883000,720.554,512.755,45.0,,-6.065377660854221,6.422620379570511
12891888000,717.617,511.648,45.0,,-6.256405007422551,6.493154592066558
12896884000,719.389,508.331,45.0,,-6.143152695435515,6.707540333282827
12901884000,720.155,505.356,45.0,,-6.094966277289798,6.899618063610121
12906884000,720.241,504.184,45.0,,-6.089998416598181,6.975198866706169
12912009000,719.971,509.195,45.0,,-6.104939707916007,6.652030706064036
12917009000,717.845,509.306,45.0,,-6.242853362445786,6.644234060757124
12922009000,712.53,510.678,45.0,,-6.586903081191625,6.554098606679363
12927017000,716.91,506.7,45.0,,-6.3048457694653095,6.811925538247126
12932009000,717.282,506.319,45.0,,-6.2809013034157095,6.836639140508865
12937009000,716.509,506.147,45.0,,-6.331171037518471,6.847469323489648
12942009000,716.772,505.941,45.0,,-6.314193013805697,6.860842755219887
12947009000,717.877,508.89,45.0,,-6.240987140590939,6.671066378038881
12952009000,718.857,507.623,45.0,,-6.178043326500344,6.75308183844782
12957013000,715.506,504.91,45.0,,-6.396937029461882,6.926902003827331
12962009000,714.793,508.569,45.0,,-6.441215488161407,6.690796342905914
12967020000,714.028,509.653,45.0,,-6.490275427135539,6.62064198955646
12972009000,714.394,506.147,45.0,,-6.468430366374575,6.846760180320524
12977009000,714.738,508.267,45.0,,-6.444971153383617,6.710214395629244
12982009000,714.293,508.642,45.0,,-6.473645570777193,6.685932682995111
12987009000,715.575,507.553,45.0,,-6.391034733917982,6.756556023094002
12992010000,713.054,511.211,45.0,,-6.552651496505296,6.51991882971127
12997010000,713.094,509.978,45.0,,-6.550729392194116,6.599410405278038
13002010000,717.672,505.533,45.0,,-6.255997531855729,6.887429181626812
13007010000,716.972,505.606,45.0,,-6.301382851227329,6.88251292212238
13012010000,717.144,506.817,45.0,,-6.289590194728987,6.804458725144245
13017013000,716.855,506.765,45.0,,-6.308368527520145,6.80773480900181
13022016000,717.834,504.872,45.0,,-6.245823513155607,6.930104540822376
13027010000,717.724,505.942,45.0,,-6.252425977108625,6.861099777802867
13032010000,719.418,501.752,45.0,,-6.144672306666971,7.131794826591172
13037010000,717.899,505.742,45.0,,-6.241182453311277,6.873998132424823
13042010000,717.478,501.1,45.0,,-6.270997359744795,7.173165364912629
13047010000,715.464,503.035,45.0,,-6.400662994129902,7.047750478515396
13052135000,715.355,503.434,45.0,,-6.407553229540302,7.021970633544114
13057135000,712.528,507.291,,,-6.58890536787469,6.772403368206604
13062135000,713.598,507.052,,,-6.519565391776093,6.788159947102299
13067135000,716.304,499.781,,,-6.347989397748883,7.257795936671524
13072135000,709.536,535.482,,,-6.769303293157263,4.953957709047857
13077135000,718.094,562.302,,,-6.206733875324083,3.2254487001353427
13082136000,736.666,599.93,,,-5.00067925157888,0.7972052530822628
13087136000,731.192,625.096,,,-5.354457785355883,-0.8284149358767904
13092136000,723.805,648.804,,,-5.834493165489895,-2.3588787499368022
13097136000,742.353,703.833,,,-4.647979848836689,-5.914443303868706
13102136000,740.552,740.043,,,-4.779828857520457,-8.25012844658828
13107136000,729.448,747.721,,,-5.506480484625736,-8.741484811821284
13112136000,735.866,782.292,,,-5.110336906704265,-10.97094219981526
13117140000,747.346,818.467,,,-4.384141083277195,-13.304050469973769
13122136000,744.832,824.588,,,-4.554153344072017,-13.696655533350173
13582516000,882.3,839.036,,,4.501868313080197,-14.623188727534076
13587516000,911.954,791.836,,,6.4077227006808615,-11.57235218007908
13592641000,940.454,737.242,,,8.217225830599862,-8.045795575499993
13597645000,956.829,716.273,,,9.262543019233094,-6.689489077134691
13602641000,1009.016,695.633,,,12.61907713645827,-5.338849674120247
13607644000,1021.928,646.711,,,13.422424520526407,-2.203150616802059
13612641000,1032.384,617.129,,,14.088827056467512,-0.3101129180747204
13617641000,1076.652,605.519,,,16.932292837371545,0.4298214198258297
13622641000,1069.16,578.326,,,16.45853471659682,2.1606861386290386
13627641000,1079.832,550.374,,,17.16163490389868,3.933967243300814
13632645000,1077.095,536.059,,,16.99876733782643,4.84502257622463
13637641000,1078.422,538.73,,,17.081439624133843,4.674514708375417
13642641000,1076.05,538.952,48.0,,16.92865790265129,4.661803006101494
13647641000,1076.361,540.641,48.0,,16.947099916258374,4.554310307495967
13652641000,1071.303,532.479,48.0,,16.629785129909056,5.076148330980288
13657642000,1072.346,529.144,48.0,,16.700419771242533,5.287526674385963
13662642000,1072.256,529.405,48.0,,16.694349244081593,5.271028482463654
13667641000,1071.21,528.595,48.0,,16.62785684626001,5.323172060862329
13672642000,1067.577,555.018,48.0,,16.37033732828422,3.644482654212302
13677642000,1067.92,551.595,48.0,,16.394995838337337,3.86208601151238
13682642000,1064.089,548.657,48.0,,16.15096041184993,4.050937818038466
13687642000,1059.694,552.254,48.0,,15.865559638712837,3.823960672012708
13692642000,1058.377,550.893,48.0,,15.781858188970244,3.9112494506444095
13697642000,1056.697,547.898,48.0,,15.676111593735206,4.102851126155175
13702642000,1053.712,543.695,48.0,,15.487462600952467,4.372146152352788
13707642000,1051.854,542.783,48.0,,15.368588455238708,4.431217559444029
13712642000,1052.106,538.935,48.0,,15.38813803646426,4.676370151166229
13717642000,1050.649,538.039,48.0,,15.295088004150545,4.73425877013305
13722642000,1050.589,537.88,48.0,,15.291386204811197,4.744438910488371
13727767000,1052.617,537.292,48.0,,15.42242943161938,4.780801814588533
13732767000,1053.847,538.934,48.0,,15.50016243578479,4.675524003198137
13737767000,1053.571,536.937,48.0,,15.484198987722923,4.802901621055019
13742768000,1052.084,530.131,48.0,,15.39484580047304,5.2374909055788175
13747777000,1052.151,530.646,48.0,,15.398683602522834,5.204655559033085
13752768000,1052.13,529.708,48.0,,15.39824078643536,5.264426876271005
13757767000,1050.343,531.345,48.0,,15.281543231007271,5.161176720025524
13762776000,1050.751,531.012,48.0,,15.308160822745927,5.182141391912185
13767777000,1051.93,530.551,48.0,,15.384537950776451,5.210817669703159
13772768000,1052.768,528.574,48.0,,15.440433159023613,5.3363191889936585
13777768000,1053.262,527.591,48.0,,15.473267194819655,5.398659256263204
13782768000,1051.991,522.053,48.0,,15.397174210916454,5.752374976996575
13787768000,1054.08,523.799,48.0,,15.52990713983496,5.639729518313765
13792768000,1053.712,529.197,48.0,,15.500647627634764,5.296027488690526
13797768000,1050.31,530.29,48.0,,15.280413494018124,5.228434292714026
13802768000,1049.683,527.989,48.0,,15.242290851054388,5.375532522029339
13807768000,1049.219,529.441,48.0,,15.210993188211082,5.283215969251615
13812768000,1049.484,529.355,,,15.22817172899368,5.288565139762722
13817768000,1051.769,527.071,,,15.377610451572393,5.432694474375325
13822768000,1043.857,521.204,,,14.873820610274674,5.811831776039041
13827768000,1045.137,517.47,,,14.960326135192188,6.049099999556614
13832768000,995.778,520.58,,,11.772023960577055,5.880170772208488
13837775000,943.27,524.019,,,8.375375616529173,5.683022701954989
13842768000,923.829,517.586,,,7.120447011886459,6.104218524188834
13847775000,861.41,519.36,,,3.074552039150513,6.005147674325317
13852768000,802.44,522.558,,,-0.7505012157775321,5.802186253200982
13857768000,756.607,525.294,,,-3.7225960419661424,5.6212164904265
13862769000,722.659,543.065,,,-5.916807972215959,4.467696389022486
13867902000,684.758,533.053,,,-8.374550818552478,5.103406343719347
13872894000,648.823,531.794,,,-10.700426602671998,5.171198841052166
13877894000,617.124,537.607,,,-12.745085683403993,4.7846537734239005
13882894000,602.17,547.21,,,-13.703563865840332,4.163357470042943
13887897000,611.643,548.896,49.0,,-13.09108669155427,4.059327454567738
13892894000,615.143,546.616,49.0,,-12.866612459397386,4.206755232585858
13897894000,615.409,540.499,49.0,,-12.85371805786762,4.598626814184677
13902894000,612.404,542.651,49.0,,-13.04622707757497,4.459512518059173
13907894000,614.481,541.29,49.0,,-12.913091079223298,4.547565907454068
13912894000,615.031,540.573,49.0,,-12.878101885341552,4.593695933986624
13917904000,615.394,543.258,49.0,,-12.85270608747551,4.421893809367527
13922894000,621.407,545.011,49.0,,-12.463244607328065,4.312068377305254
13927894000,622.239,543.96,49.0,,-12.410231226773282,4.379733774018853
13932894000,623.689,544.393,49.0,,-12.3163210251265,4.352550010307227
13937894000,624.764,544.055,49.0,,-12.247104959056765,4.374676689701348
13942895000,628.415,545.516,49.0,,-12.01036778015858,4.28244336279617
13947898000,632.043,547.692,49.0,,-11.774726569849973,4.144200062643354
13952894000,637.348,547.053,49.0,,-11.4324253044611,4.187142394217746
13957895000,645.397,547.208,49.0,,-10.912363580982218,4.179978937721623
13962894000,648.932,546.505,49.0,,-10.684328037629635,4.22633073923828
13967895000,651.582,546.707,49.0,,-10.51294389225074,4.214234700972921
13972895000,653.644,548.367,49.0,,-10.378823337927937,4.108223888736652
13977895000,653.762,546.85,49.0,,-10.37200320874152,4.205760266775406
13982895000,658.966,549.873,49.0,,-10.034106774760833,4.013025546645922
13987895000,658.079,548.346,49.0,,-10.092233271921964,4.110934509959822
13992895000,656.629,548.558,49.0,,-10.185793590429846,4.096849486903949
13997895000,656.221,549.055,49.0,,-10.21190134676996,4.064833550259906
14003020000,652.802,546.438,49.0,,-10.434272092081065,4.231917518587763
14008020000,651.836,547.492,49.0,,-10.496085181280485,4.163851459384898
14012907000,649.248,548.467,49.0,,-10.662819676984093,4.100399568881592
14018023000,649.677,550.746,49.0,,-10.633899345104671,3.954071622425581
14023020000,646.627,551.998,49.0,,-10.830321311119947,3.8726933734964937
14028020000,644.655,551.169,49.0,,-10.958146546064476,3.925305463179479
14033021000,649.668,549.537,49.0,,-10.635095981010585,4.031740279762253
14038029000,649.194,548.908,49.0,,-10.666051030997412,4.0720360190874105
14043020000,649.149,553.923,49.0,,-10.666422892033566,3.749830664773712
14048023000,650.424,551.592,49.0,,-10.585249934952492,3.899973806992668
14053020000,650.893,542.002,,,-10.560118678843407,4.516305824659657
14058033000,647.972,531.917,,,-10.755357242678311,5.16296417693918
14063021000,649.142,525.692,,,-10.684099671059007,5.563232097332941
14068021000,649.752,523.179,,,-10.646485406628337,5.724897766087306
14073024000,649.232,520.257,50.0,,-10.682315596930984,5.912330552779148
14078023000,647.2,513.047,50.0,,-10.819752123185085,6.37420972197501
14083021000,652.052,510.52,50.0,,-10.507627715950951,6.538952764339022
14088021000,652.188,511.197,50.0,,-10.498218931302858,6.495603683013554
14093021000,647.068,519.449,50.0,,-10.82307154789485,5.963168649505543
14098027000,641.616,519.645,50.0,,-11.17573235614963,5.94792236485027
14103021000,643.697,517.3,50.0,,-11.042958083219665,6.099491050392123
14108021000,642.097,519.163,50.0,,-11.14500488160253,5.979100840103762
14113021000,642.382,519.817,50.0,,-11.12599778314628,5.93727778122407
14118021000,642.861,513.276,50.0,,-11.100499308282842,6.357301697727963
14123037000,641.279,513.44,50.0,,-11.202803231580708,6.3459249925833845
14128021000,639.594,511.806,50.0,,-11.313331273740507,6.449875304213053
14133021000,635.874,509.552,50.0,,-11.556270881598554,6.592388954743535
14138146000,634.588,509.842,50.0,,-11.63932728440632,6.573069994211658
14143146000,634.322,509.992,50.0,,-11.65635453539624,6.563311136699349
14148151000,633.916,511.44,50.0,,-11.681317127702211,6.470240157166638
14153147000,631.869,513.385,50.0,,-11.812011910829671,6.34437138909343
14158147000,628.712,505.72,50.0,,-12.023808443593294,6.833817472827924
14163147000,630.597,508.639,50.0,,-11.89885981508546,6.64788980545441
14168147000,631.667,509.761,50.0,,-11.828486223538665,6.576583303832776
14173147000,632.01,512.629,50.0,,-11.80357645266318,6.392895225968137
14178147000,626.941,519.846,50.0,,-12.125050395061905,5.927478102034575
14183147000,628.286,520.503,50.0,,-12.037479689974884,5.886114457308961
14188147000,627.503,521.447,50.0,,-12.08729200496565,5.825160378714565
14193149000,630.121,520.417,50.0,,-11.91887592220229,5.892545267622178
14198147000,629.308,518.685,50.0,,-11.972934151502038,6.003176747151171
14203147000,626.07,517.166,50.0,,-12.183788069381228,6.098796742274022
14208147000,628.373,516.1,50.0,,-12.035751668941812,6.168396494049519
14213147000,628.857,517.443,50.0,,-12.003244239924271,6.082543225020092
14218147000,628.913,516.799,50.0,,-12.000211250370452,6.123884629732438
14223147000,628.62,519.177,50.0,,-12.01700987032909,5.971282259218619
14228149000,627.341,517.172,50.0,,-12.101556723873246,6.099087611529224
14233147000,624.918,521.474,50.0,,-12.254468226296307,5.822056461028621
14238148000,621.165,521.402,50.0,,-12.497289306755269,5.824716851327917
14243148000,622.585,520.985,50.0,,-12.40580927954564,5.852184918315436
14248148000,618.946,519.973,50.0,,-12.64203651175598,5.915031070508886
14253147000,618.528,517.396,50.0,,-12.671479636896873,6.079839074360926
14258148000,612.865,515.697,50.0,,-13.039461967555123,6.185282613384542
14263148000,617.938,516.842,50.0,,-12.71018465503633,6.114936725359593
14268154000,610.513,522.353,50.0,,-13.185140419190276,5.757944928138969
14273273000,611.688,522.562,50.0,,-13.10899956627482,5.7452104090029605
14278273000,615.603,521.483,50.0,,-12.85684724269018,5.8164756861809455
14283273000,615.702,518.7,50.0,,-12.8530404362539,5.99472753596103
14288273000,616.173,518.903,50.0,,-12.822422734313514,5.982005004065562
14293273000,612.188,515.437,50.0,,-13.08349943881475,6.201543042613978
14298273000,607.513,518.481,50.0,,-13.382814686159117,6.003984832769668
14303273000,607.205,516.719,50.0,,-13.404497977045574,6.116505917531476
14308273000,609.057,516.479,,,-13.284965594363474,6.1329456865138265
14313273000,612.925,517.904,,,-13.03341608185665,6.044066371664725
14318273000,625.377,516.119,,,-12.229602199979952,6.165506190698987
14323273000,662.092,520.128,,,-9.849933271802328,5.926429364374053
14328273000,712.399,522.601,,,-6.589468178978481,5.785367159802056
14333273000,753.766,535.8,,,-3.904128535608066,4.942157118201425
14338273000,799.54,528.401,,,-0.9381988611652852,5.424395073930549
14343274000,837.888,532.375,,,1.547721243256635,5.166720849001852
14348273000,871.325,528.332,,,3.715202435851861,5.424136013503553
14353280000,924.431,532.244,,,7.152479207164036,5.15955150744319
14358274000,950.533,548.604,,,8.832539979984327,4.0984313012217
14363274000,986.215,555.85,,,11.131838671810105,3.6220952020090937
14368274000,1026.977,565.89,,,13.752620756849678,2.966204062687928
14373274000,1038.524,569.201,,,14.493887281110824,2.7511212057831087
14378274000,1056.822,566.565,,,15.671687338512257,2.913365421563091
14383274000,1051.087,559.654,51.0,,15.3070377269501,3.3560181950367527
14388274000,1045.138,559.483,51.0,,14.924557933028176,3.3691509021111483
14393274000,1037.694,560.376,51.0,,14.445167455346876,3.314927127258867
14398274000,1037.927,553.666,51.0,,14.464309250380955,3.7433260528014
14403274000,1040.499,553.755,51.0,,14.629757731825135,3.73654636146358
14408399000,1040.511,556.212,51.0,,14.62891365803718,3.579721969678946
14413399000,1035.057,554.344,51.0,,14.279113383867996,3.701199869507018
14418287000,1033.789,553.178,51.0,,14.19829152997779,3.7761569748720167
14423411000,1033.135,553.717,51.0,,14.15585218130614,3.741963635596944
14428399000,1030.41,549.773,51.0,,13.983017522752943,3.9950796209964063
14433401000,1030.223,548.318,51.0,,13.97194454129192,4.088154031848844
14438400000,1029.047,548.229,51.0,,13.89631626907372,4.094341114584548
14443400000,1024.489,546.831,51.0,,13.603686874776338,4.185673817478399
14448400000,1017.653,550.226,51.0,,13.161112423090174,3.971400708350922
14453404000,1015.347,554.775,51.0,,13.009822878280266,3.681172024026855
14458400000,1010.537,550.233,51.0,,12.702668516629483,3.973750318262129
14463400000,1005.188,544.016,51.0,,12.361813730248716,4.374039848623259
14468400000,1006.169,542.808,51.0,,12.425862379576165,4.451006181265027
14473402000,1005.062,542.247,51.0,,12.354851602387786,4.487420759861945
14478400000,1004.694,542.419,51.0,,12.33099539940627,4.476578239886525
14483400000,1005.81,545.586,51.0,,12.400906687412151,4.2732318215114775
14488400000,1000.651,542.782,51.0,,12.070074361437152,4.454996536024083
14493400000,1000.18,542.539,51.0,,12.039857724166726,4.470766714862656
14498400000,998.04,549.372,51.0,,11.897676919411255,4.033618677831299
14503401000,996.382,549.478,51.0,,11.790732487277246,4.027429028860063
14508400000,996.403,549.019,51.0,,11.792388362821566,4.056857645226207
14513400000,992.826,548.949,51.0,,11.56175083663808,4.062590995684158
14518400000,993.533,548.621,51.0,,11.607528385766908,4.083425893783758
14523401000,994.413,547.198,51.0,,11.665114267857732,4.17431732567047
14528403000,993.853,547.59,51.0,,11.628774600106537,4.14938177166328
14533409000,992.749,549.227,,,11.556647855612828,4.044830549286493
14538400000,996.421,546.754,,,11.79482468882981,4.202070390281778
14543401000,1001.867,547.281,,,12.145671791008825,4.166199506953945
14548526000,1028.531,546.083,,,13.864560401266456,4.231774797003489
14553526000,1037.568,549.738,,,14.443863996199775,3.994247626870362
14558526000,1043.23,550.681,,,14.807596737937748,3.9316325553098097
14563526000,1042.516,551.35,52.0,,14.7611891007807,3.88919600038322
14568526000,1043.72,548.493,52.0,,14.840708957974044,4.071026408697969
14573526000,1046.481,548.336,52.0,,15.018514208904998,4.079729953015957
14578526000,1044.089,556.799,52.0,,14.858746463839788,3.5408403925310536
14583536000,1042.579,555.508,52.0,,14.762468046867648,3.623858754977976
14588526000,1040.156,555.5,52.0,,14.606535343440996,3.625290624433853
14593526000,1037.525,559.743,52.0,,14.434665688154483,3.3554152771375634
14598526000,1038.623,559.124,52.0,,14.505694198523988,3.394531038058042
14603526000,1040.158,543.949,52.0,,14.6148144282238,4.3626794845215695
14608526000,1038.202,545.516,52.0,,14.487683223722811,4.2635725334511845
14613526000,1039.241,546.233,52.0,,14.5540658742488,4.217304874726383
14618526000,1041.309,550.304,52.0,,14.684250678002316,3.956527777564086
14623526000,1040.877,551.393,52.0,,14.65565069549018,3.887152216445561
14628533000,1043.149,553.547,52.0,,14.800408054083467,3.748769303641882
14633526000,1043.899,553.219,52.0,,14.848871358211632,3.769381380318289
14638530000,1044.881,558.507,52.0,,14.908644197617043,3.4315403561856224
14643527000,1046.006,558.841,52.0,,14.98081666228262,3.409794521679176
14648527000,1043.65,556.64,52.0,,14.83062476670537,3.5511758280208454
14653537000,1041.958,554.048,52.0,,14.72342228104242,3.717275872993661
14658533000,1043.797,556.618,52.0,,14.840069150358508,3.552480871676065
14663527000,1044.584,553.829,52.0,,14.892575011548448,3.730132683817905
14668527000,1043.913,552.392,52.0,,14.850331143931411,3.822120875134903
14673527000,1049.57,557.488,52.0,,15.21089142821031,3.49473388941302
14678527000,1048.174,555.718,52.0,,15.122264166003056,3.608161313187906
14683652000,1048.664,555.501,52.0,,15.15391108565472,3.621790795833948
14688537000,1047.328,554.826,52.0,,15.068377444423396,3.665435039375716
14693652000,1047.435,557.137,52.0,,15.073749196948706,3.5179381614502727
14698660000,1048.699,554.895,52.0,,15.156539152402438,3.6604496943786935
14703652000,1050.697,556.939,52.0,,15.283735934725952,3.529270555897384
14708652000,1049.302,549.861,52.0,,15.198902140408531,3.9811788625985742
14713652000,1048.839,550.734,52.0,,15.168437813988916,3.9257211279332687
14718652000,1048.221,551.858,52.0,,15.127911662424756,3.854356431466962
14723656000,1051.506,547.136,,,15.342753255288184,4.153920162743602
14728652000,1049.834,551.403,,,15.231985445839602,3.8826115779770953
14733653000,1048.905,552.074,,,15.171738341744176,3.840246260890426
14738666000,1039.2,562.169,,,14.541020999558096,3.199905384061759
14743653000,998.122,561.197,,,11.896830819786132,3.2754507331500013
14748659000,964.092,578.823,,,9.697147037048614,2.151302563422681
14753661000,963.033,591.557,,,9.626284359418875,1.3324161992528882
14758653000,949.794,586.569,,,8.77342346335935,1.6547898688620235
14763653000,932.702,625.232,,,7.6691350430401775,-0.8353607396166917
14768653000,910.308,646.177,,,6.226010482198037,-2.188050700465303
14773653000,896.865,678.325,,,5.364008994143285,-4.264661347303478
14778653000,861.108,702.826,,,3.05428114529043,-5.852739192956526
14783653000,845.008,728.051,,,2.014184105167808,-7.484023169928281
14788653000,821.552,757.454,,,0.4909790652513168,-9.384184862447318
14793653000,822.153,792.35,,,0.5319483425589937,-11.634600997835811
14798653000,819.594,797.774,,,0.364623125658131,-11.984345582487482
14803656000,812.268,816.848,,,-0.1161654037156618,-13.213350888460388
14808653000,807.157,840.147,,,-0.4543872177629134,-14.713103418594882
15359159000,732.466,837.388,,4.0,-5.380094007679576,-14.513259359418136
15364284000,712.696,807.644,,4.0,-6.649314311744183,-12.589961264701644
15369284000,727.01,746.173,,4.0,-5.664198289836926,-8.640814116741735
15374284000,695.578,771.582,,4.0,-7.7318917624986465,-10.261398404503176
15379289000,685.252,672.599,,4.0,-8.333665880066265,-3.8866798650203656
15384284000,713.138,631.528,,4.0,-6.5216883125662095,-1.2427950513461443
15389287000,707.682,603.025,,4.0,-6.87349206737777,0.5965446521908279
15394290000,690.656,577.78,,4.0,-7.976756344878546,2.223208835906896
15399284000,699.402,575.323,,4.0,-7.412138212386211,2.3827745995628327
15404284000,696.578,557.579,,4.0,-7.599529228451984,3.526285444172465
15409284000,658.73,583.031,54.0,4.0,-10.037377597263625,1.880753005037564
15414285000,664.833,583.454,54.0,4.0,-9.643322999610186,1.854366224041298
15419288000,676.793,583.144,54.0,4.0,-8.871140341474833,1.875882755842942
15424291000,669.426,592.319,54.0,4.0,-9.345125950453312,1.284371753982105
15429285000,692.804,577.484,54.0,4.0,-7.838082570721996,2.2425557626369783
15434285000,693.863,575.965,54.0,4.0,-7.769948052356674,2.340664191118207
15439285000,695.323,594.364,54.0,4.0,-7.672620104528952,1.1545787567940964
15444285000,697.749,590.427,54.0,4.0,-7.516331133027869,1.408656513832939
15449296000,698.715,588.144,54.0,4.0,-7.454243388571702,1.5559482320211209
15454285000,698.288,587.129,54.0,4.0,-7.48200994193306,1.6213683199845286
15459296000,691.339,570.462,54.0,4.0,-7.934416457335007,2.694943510611364
15464285000,691.3,571.748,54.0,4.0,-7.93661322139768,2.612080166028691
15469285000,687.701,571.06,54.0,4.0,-8.169325790767829,2.6558787929919347
15474285000,689.215,569.639,54.0,4.0,-8.07190527816221,2.747680456480276
15479285000,689.143,571.064,54.0,4.0,-8.076147683197942,2.655815849888552
15484295000,690.379,571.252,54.0,4.0,-7.996257716123356,2.6439013007830017
15489285000,694.042,573.683,54.0,4.0,-7.758946803633137,2.4877377440921733
15494285000,694.108,572.824,54.0,,-7.754845390764359,2.5431647564900195
15499410000,697.065,570.983,54.0,,-7.56422452553619,2.6622661614724645
15504410000,694.221,567.57,54.0,,-7.748930766179854,2.8818207353453054
15509421000,692.951,565.34,54.0,,-7.831596322438396,3.025387116815317
15514410000,694.644,564.389,54.0,,-7.722492309458324,3.086965648402084
15519411000,693.857,563.476,54.0,,-7.773583995516931,3.145651430933544
15524411000,696.394,547.918,54.0,,-7.614903803261866,4.148972849389051
15529411000,695.485,554.211,54.0,,-7.671374847295741,3.743207796354984
15534419000,694.612,555.145,54.0,,-7.727482991600956,3.682796576287184
15539411000,693.722,553.296,54.0,,-7.785676531552199,3.8017515006564127
15544411000,696.078,552.67,54.0,,-7.633536520491103,3.842608637420737
15549420000,694.96,554.347,54.0,,-7.705284325254229,3.734294516905201
15554411000,696.379,553.569,54.0,,-7.613740410350638,3.784744118041541
15559417000,699.262,552.693,54.0,,-7.427618402266103,3.841854463160164
15564411000,700.563,558.67,54.0,,-7.341499375476337,3.4567386342291964
15569411000,702.846,554.954,54.0,,-7.195056030230921,3.696777316919555
15574411000,700.092,556.412,54.0,,-7.372675979519361,3.602251860177528
15579411000,705.353,557.748,54.0,,-7.031982564325647,3.517099850546505
15584414000,703.272,555.935,54.0,,-7.167170493340574,3.633610125485035
15589411000,703.047,554.568,54.0,,-7.182162546130956,3.7216990082850505
15594411000,701.607,556.524,54.0,,-7.274644544185702,3.595301871882681
15599411000,699.572,558.396,54.0,,-7.405646602103766,3.4742382854814
15604419000,697.181,551.681,54.0,,-7.562538170955741,3.906609243305436
15609412000,695.154,552.536,54.0,,-7.693381702065364,3.851031688004861
15614412000,697.131,556.934,54.0,,-7.563995484120443,3.5679882627957507
15619416000,695.206,556.76,54.0,,-7.688492511838074,3.578827837144192
15624412000,694.639,557.351,54.0,,-7.725009881476851,3.5406261461263004
15629419000,692.533,551.351,54.0,,-7.863285770261841,3.926815650926964
15634537000,701.826,563.694,,,-7.258371523833364,3.1329936084172223
15639537000,701.118,559.31,,,-7.305418075502643,3.4155839579379124
15644537000,703.745,556.941,,,-7.136264658721105,3.5688494099510413
15649544000,740.864,563.09,,,-4.7335617789193,3.1775415065143533
15654537000,763.228,572.098,,,-3.285412041781891,2.597327567080566
15659537000,790.002,592.273,,,-1.5523464836039316,1.2934982200947764
15664541000,830.749,578.172,,,1.083049127740927,2.2056836082135978
15669537000,867.493,590.843,,,3.458401497879553,1.3850822054606864
15674541000,905.748,591.043,,,5.929988374074645,1.370209217118902
15679552000,945.444,605.738,,,8.49075087824605,0.420783049923186
15684554000,986.531,620.998,,,11.1388563055222,-0.560065147666964
15689537000,1019.44,615.73,,,13.256508511298057,-0.2210992542377083
15694541000,1036.829,595.411,,,14.376079118544132,1.0773894852398522
15699543000,1052.577,606.766,,,15.386501505009305,0.3514778838290017
15704537000,1045.933,607.601,55.0,,14.95964719392776,0.2984360652742114
15709538000,1039.893,615.312,55.0,,14.57143264967039,-0.1938100577599824
15714538000,1039.019,612.72,55.0,,14.515177873004426,-0.0282786149891991
15719538000,1038.88,612.183,55.0,,14.506267146906016,0.0060043009120241
15724538000,1037.219,615.03,55.0,,14.399585361538888,-0.1759059912869305
15729538000,1038.598,614.115,55.0,,14.488163426320495,-0.1174072823306194
15734538000,1037.579,612.857,55.0,,14.422691055315466,-0.0370967263965056
15739538000,1037.413,612.47,55.0,,14.411998159323597,-0.0123683619121609
15744538000,1035.897,613.939,55.0,,14.314564942576482,-0.1062357890086641
15749538000,1030.75,610.611,55.0,,13.983754718931554,0.1064238572745813
15754538000,1031.74,609.882,55.0,,14.047391401330028,0.153035852500337
15759538000,1032.312,610.807,55.0,,14.084131556175976,0.0939102742246482
15764542000,1029.638,610.018,55.0,,13.91226172776831,0.1443674813910925
15769663000,1029.685,610.357,55.0,,13.915274232201432,0.1227106717005629
15774666000,1030.345,610.902,55.0,,13.957718462449362,0.087834856875417
15779663000,1030.727,607.146,55.0,,13.98241940155347,0.3279295096491144
15784663000,1029.607,609.435,55.0,,13.910310194363218,0.1816442724075629
15789663000,1031.01,608.447,55.0,,14.000542539956571,0.2447841132610365
15794663000,1030.214,611.721,55.0,,13.94924694829592,0.0355161482514448
15799665000,1031.102,622.674,55.0,,14.006875519147211,-0.6646487310123314
15804664000,1029.978,617.348,55.0,,13.934164746383669,-0.3242152656073001
15809664000,1032.29,617.102,55.0,,14.082783752890029,-0.3084195826481545
15814663000,1029.413,614.661,55.0,,13.897781305991057,-0.152469743751016
15819664000,1025.069,603.876,55.0,,13.618848083523355,0.537294684074176
15824664000,1022.553,601.533,55.0,,13.457290039551214,0.6872970463078526
15829664000,1022.196,599.099,55.0,,13.434651099577554,0.8430634368007629
15834664000,1022.535,600.579,55.0,,13.456277387285114,0.7483325965466798
15839664000,1017.487,613.4,55.0,,13.130839425779158,-0.0719867200435211
15844664000,1017.634,613.755,55.0,,13.140323210112252,-0.0947155257130431
15849664000,1019.774,613.293,,,13.277975078880464,-0.065132844957463
15854664000,1020.534,613.79,,,13.326842826630363,-0.0969254039478843
15859673000,1027.199,607.862,,,13.755514961704566,0.2822780799019535
15864664000,1043.595,620.26,,,14.80958216072743,-0.5095676700365891
15869664000,1076.057,631.119,,,16.895982511494484,-1.197879422654649
15874664000,1098.67,638.877,,,18.349236641473325,-1.6859257687901823
15879664000,1101.495,642.377,,,18.5317848184666,-1.9070206235662115
15884664000,1097.346,635.917,56.0,,18.263300220691303,-1.4985619375169568
15889670000,1095.392,637.323,56.0,,18.13837961395539,-1.5881489262317408
15894665000,1094.911,633.026,56.0,,18.106172412797203,-1.3157742726694632
15899664000,1095.66,634.012,56.0,,18.154558941161024,-1.3781088005983626
15904664000,1100.507,632.145,56.0,,18.46488083840308,-1.2588899808444587
15909789000,1099.802,636.545,56.0,,18.42098336687102,-1.5378623592543506
15914790000,1093.206,634.926,56.0,,17.997399266233273,-1.4365848447369052
15919790000,1094.253,635.367,56.0,,18.06467674334892,-1.4643546869760724
15924790000,1088.973,626.067,56.0,,17.72369155293,-0.8750797873873059
15929793000,1085.633,631.622,56.0,,17.51062789864354,-1.2282941174009114
15934790000,1085.519,632.007,56.0,,17.503412548920227,-1.2527198766640213
15939793000,1084.019,629.796,56.0,,17.406610061628772,-1.1125406754563696
15944790000,1080.764,633.174,56.0,,17.19856830407638,-1.3277104757523026
15949790000,1077.38,630.791,56.0,,16.980808726268187,-1.176815193989159
15954790000,1075.113,622.233,56.0,,16.833771875604562,-0.6329576325017311
15959790000,1075.479,631.702,56.0,,16.859016994056777,-1.2350026544165116
15964790000,1073.399,629.787,56.0,,16.725081723146882,-1.113572309990774
15969790000,1072.582,632.294,56.0,,16.673187896067212,-1.273156421228065
15974791000,1072.38,628.055,56.0,,16.65930184051879,-1.0035150709129037
15979790000,1071.767,625.615,56.0,,16.61952558836669,-0.8483744645861603
15984791000,1071.987,625.543,56.0,,16.633594551951344,-0.843783829793048
15989799000,1068.473,627.112,56.0,,16.408296173665526,-0.9440260696902872
15994791000,1071.108,622.161,56.0,,16.57672125562363,-0.6287238338237066
15999790000,1073.735,618.067,56.0,,16.744942918121993,-0.36809525022392
16004791000,1070.107,617.545,56.0,,16.512010527092016,-0.3350874718897559
16009790000,1067.23,616.705,56.0,,16.32732208243378,-0.2817622572731248
16014791000,1066.53,613.292,56.0,,16.282288236645133,-0.0644852999835389
16019794000,1065.942,617.28,56.0,,16.24467707354322,-0.3184253954696848
16024791000,1062.142,613.834,56.0,,16.00058450330651,-0.0990642194040586
16029791000,1062.375,620.905,56.0,,16.015900664880395,-0.5494231817020736
16034798000,1060.742,620.657,56.0,,15.911038710912871,-0.5337732932006679
16039791000,1060.662,620.198,56.0,,15.905846113854484,-0.5045081383805733
16044918000,1055.158,620.969,56.0,,15.552481830635491,-0.5540273004516435
16049916000,1057.185,622.762,56.0,,15.682822799092538,-0.6681601452201429
16054916000,1057.0,620.844,56.0,,15.670781885904807,-0.5459383770921972
16059916000,1059.85,621.183,56.0,,15.853845357405488,-0.5673432905962311
16064916000,1058.442,620.504,56.0,,15.763316468810077,-0.5241740807188865
16069916000,1061.224,623.679,56.0,,15.942319691181106,-0.7262328650181329
16074916000,1057.79,627.125,56.0,,15.72232764897164,-0.9461131133438534
16079916000,1056.644,625.333,56.0,,15.648458041926112,-0.8320362021228598
16084926000,1056.212,625.72,56.0,,15.620787508291444,-0.8567607381994368
16089916000,1054.809,628.913,56.0,,15.53118634072142,-1.060441304828023
16094920000,1054.854,627.297,56.0,,15.533838214668954,-0.9574449587346467
16099928000,1052.178,625.322,56.0,,15.361588448300653,-0.8317915688543109
16104917000,1050.802,624.555,56.0,,15.273089770191918,-0.7830622312662838
16109917000,1050.233,627.963,,,15.237102508565336,-1.0004611089324762
16114917000,1048.024,615.828,,,15.093883689400368,-0.22654963383949
16119920000,1059.627,622.25,,,15.839602789151709,-0.6353305199515001
16124923000,1077.896,630.042,,,17.013759104147724,-1.1290987195604998
16129917000,1110.474,629.685,,,19.103334710149284,-1.1013713465271668
16134920000,1110.344,636.649,,,19.09703611606957,-1.542127266905998
16139917000,1107.808,635.583,,,18.934080900756857,-1.4752188560477624
16144917000,1112.653,627.238,57.0,,19.242439814104827,-0.94620837369254
16149917000,1112.374,630.323,57.0,,19.225249118624188,-1.1414063931787757
16154917000,1115.815,617.317,57.0,,19.443682398230514,-0.3183662294384541
16159917000,1113.952,618.427,57.0,,19.32433418749667,-0.3886259122036767
16164920000,1113.595,619.137,57.0,,19.301551464901763,-0.4336042315052091
16169917000,1113.443,617.802,57.0,,19.291649244325416,-0.3491561560567395
16174917000,1112.811,614.349,57.0,,19.251016309799965,-0.1307094507048231
16180042000,1110.817,619.649,57.0,,19.12352936296284,-0.4661977208475635
16185042000,1110.482,618.576,57.0,,19.101971656375994,-0.3983154271010443
16189931000,1110.411,618.736,57.0,,19.0973929119886,-0.4084177475821008
16195043000,1110.792,610.753,57.0,,19.12158740273455,0.0968174052136361
16200045000,1110.395,611.281,57.0,,19.09609685108061,0.0634129041967497
16205043000,1109.803,611.533,57.0,,19.05815597260303,0.0474434146043612
16210043000,1109.802,611.975,57.0,,19.05810410599409,0.0194920921108739
16215045000,1104.091,616.998,57.0,,18.69209802097639,-0.298734637740577
16220047000,1103.64,618.509,57.0,,18.663296048459173,-0.3944711045856663
16225043000,1101.831,617.784,57.0,,18.54726907126527,-0.3486761209744175
16230043000,1101.27,614.761,57.0,,18.51114194878029,-0.1570971363643606
16235043000,1105.334,610.246,57.0,,18.77173318437884,0.1289553044952315
16240043000,1104.043,620.95,57.0,,18.68941055754789,-0.5490877108174911
16245043000,1103.572,617.765,57.0,,18.65887106352818,-0.3473597195490541
16250043000,1103.232,611.384,57.0,,18.63689292763076,0.0569165283780458
16255054000,1100.448,610.792,57.0,,18.45845136212853,0.0944487888855468
16260043000,1100.198,610.83,57.0,,18.442419359096643,0.0920288359132777
16265043000,1099.132,609.521,57.0,,18.37406928093039,0.1749930413335086
16270043000,1101.181,609.852,57.0,,18.50542228941713,0.1540108947205086
16275043000,1099.025,609.143,57.0,,18.367214679074507,0.1989604726065816
16280043000,1099.481,615.222,57.0,,18.396447138650363,-0.1863527217440543
16285044000,1098.98,615.147,57.0,,18.3642801216758,-0.181644295960639
16290058000,1098.801,614.747,57.0,,18.352783939519764,-0.1562830351568463
16295043000,1098.708,613.824,57.0,,18.34682144192152,-0.0977546760261146
16300043000,1096.866,611.67,57.0,,18.228711393066767,0.0388035245869972
16305044000,1094.624,617.019,57.0,,18.08501736643637,-0.3005184549111805
16310044000,1092.884,616.439,57.0,,17.973427891103157,-0.2638040629329102
16315053000,1092.95,615.402,57.0,,17.977577545980825,-0.1979875836940388
16320169000,1091.939,611.626,57.0,,17.912707260739378,0.0415463149932083
16325169000,1092.812,609.214,57.0,,17.968802171068116,0.1945800792181837
16330169000,1095.69,615.742,57.0,,18.1533347644014,-0.2194669215209489
16335169000,1095.689,616.681,57.0,,18.1533347644014,-0.2790474914436667
16340169000,1097.274,616.684,57.0,,18.254993874626795,-0.2791560774540548
16345169000,1094.066,619.05,57.0,,18.049405448884976,-0.4293562079342296
16350175000,1095.13,608.384,57.0,,18.117503813650853,0.2471811600161823
16355169000,1099.642,614.596,,,18.40673534299184,-0.1466576285109917
16360169000,1101.237,617.109,,,18.50912897937537,-0.3058824900473801
16365169000,1108.727,625.182,,,18.99030964026687,-0.8165721582143337
16370170000,1116.638,632.863,,,19.49929664353536,-1.3012982435381006
16375169000,1119.215,630.287,58.0,,19.6637431045306,-1.1379690775040516
16380169000,1119.047,629.725,58.0,,19.65282196105348,-1.1024883335975395
16385169000,1116.125,625.045,58.0,,19.464500659388875,-0.8070203700419508
16390169000,1117.025,630.569,58.0,,19.5234604850675,-1.1562077660405703
16395170000,1116.225,630.963,58.0,,19.4723010068316,-1.1812289833536154
16400170000,1115.459,626.576,58.0,,19.42216017874121,-0.903967536805998
16405170000,1115.021,628.358,58.0,,19.39447191058032,-1.016725766241552
16410170000,1112.146,626.219,58.0,,19.20967650724992,-0.8817818851633066
16415170000,1112.129,628.23,58.0,,19.209075041986267,-1.0090539525528548
16420170000,1117.451,622.432,58.0,,19.54906523786554,-0.6416638317628304
16425170000,1117.301,620.299,58.0,,19.539170387541283,-0.5068400314339613
16430170000,1117.143,626.384,58.0,,19.530053920158768,-0.8915698009512903
16435170000,1115.909,627.287,58.0,,19.451167446273608,-0.948842616644548
16440170000,1117.866,624.349,58.0,,19.57599886037927,-0.7628201633233114
16445178000,1115.885,624.746,58.0,,19.44911026557468,-0.7881824656560432
16450179000,1115.646,625.946,58.0,,19.43401002574464,-0.86410293436344
16455302000,1116.501,624.3,58.0,,19.488527694450564,-0.7598682829649969
16460295000,1113.369,622.662,58.0,,19.28745983364493,-0.6565845195161794
16465296000,1110.915,626.765,58.0,,19.130900469965937,-0.9164869636403148
16470295000,1109.828,625.374,58.0,,19.060924687137742,-0.8286501644003317
16475295000,1108.982,620.877,58.0,,19.006013673412365,-0.5440337896713452
16480310000,1110.211,617.293,58.0,,19.08446951460732,-0.3171341345263654
16485296000,1107.382,619.357,58.0,,18.903270912403546,-0.447972093707455
16490295000,1109.335,619.621,58.0,,19.02853638745572,-0.4644888190485105
16495296000,1111.855,619.243,58.0,,19.190016213068336,-0.4404275111006919
16500308000,1112.097,620.529,58.0,,19.20564584458988,-0.5217840178654545
16505296000,1112.363,619.867,58.0,,19.22261379710222,-0.4798456418171755
16510296000,1107.556,610.541,58.0,,18.914130502045264,0.1102862416780141
16515296000,1102.243,619.056,58.0,,18.57380587616185,-0.4292347268462306
16520296000,1106.082,618.988,58.0,,18.819905043504168,-0.4246919107285244
16525296000,1107.373,619.131,58.0,,18.90270084433316,-0.4336117737522159
16530296000,1112.305,620.685,,,19.21904357044287,-0.5316421449993473
16535296000,1109.304,618.066,,,19.026377023349404,-0.3661127729966387
16540297000,1113.694,621.093,,,19.30812186215213,-0.5573399181053293
16545296000,1118.769,615.746,,,19.632879315879062,-0.2188507349914617
16550296000,1145.327,637.57,,,21.339397040055744,-1.5918739329144131
16555304000,1156.023,643.554,,,22.02743388453707,-1.9652736108266364
16560296000,1153.138,641.85,59.0,,21.84174951901231,-1.8590106580811288
16565296000,1151.723,639.062,59.0,,21.74974080222845,-1.684083681022032
16570307000,1151.029,640.297,59.0,,21.705856002764104,-1.7620062129044711
16575296000,1149.864,640.731,59.0,,21.63141674882716,-1.78963955579585
16580296000,1148.441,637.063,59.0,,21.538707372233137,-1.5591996775383408
16585297000,1147.632,638.117,59.0,,21.487292022659386,-1.6257505321999268
16590422000,1147.77,637.314,59.0,,21.495770395815416,-1.5751521852310588
16595422000,1145.315,636.119,59.0,,21.338035585334463,-1.5005465628188497
16600422000,1146.059,633.77,59.0,,21.38488086258726,-1.352491296150385
16605422000,1138.705,630.536,59.0,,20.91270976114598,-1.1502886197876283
16610426000,1140.704,631.204,59.0,,21.041000967880343,-1.1919662227473762
16615422000,1141.733,632.312,59.0,,21.10722917210401,-1.2616144837779577
16620422000,1140.419,630.294,59.0,,21.02244293185733,-1.134691731959883
16625422000,1138.577,626.151,59.0,,20.90339675235095,-0.8738863089578286
16630422000,1139.15,627.242,59.0,,20.940335022160536,-0.9425863591698894
16635422000,1137.298,624.909,59.0,,20.82121789918144,-0.7958154100675335
16640435000,1136.607,614.992,59.0,,20.775769822414983,-0.1706617214314988
16645422000,1134.963,617.467,59.0,,20.67059252894952,-0.3267903483476909
16650422000,1134.856,613.027,59.0,,20.66359963573527,-0.0467670175837723
16655422000,1133.568,612.194,59.0,,20.58107591193849,0.0057361524294153
16660422000,1131.808,627.608,59.0,,20.470103505078963,-0.96676025514924
16665422000,1132.426,622.661,59.0,,20.50867956305599,-0.6545936305653123
16670422000,1137.624,632.205,59.0,,20.84397043886367,-1.2556466348576911
16675422000,1135.905,629.11,59.0,,20.732954432804483,-1.0608567542733751
16680422000,1133.507,627.866,59.0,,20.57901066290569,-0.9828174182087144
16685423000,1131.578,627.24,,,20.45525885607068,-0.9436085330211408
16690423000,1132.201,629.481,,,20.495742130714163,-1.0848870322671544
16695423000,1130.71,628.647,,,20.39997239549964,-1.0325134895483303
16700423000,1122.23,599.779,,,19.85588321219324,0.7901336446857432
16705423000,1073.515,606.78,,,16.73083865420087,0.349774268685983
16710423000,1035.992,580.16,,,14.326430938867878,2.0517935703454904
16715423000,1011.8,557.903,,,12.77963118637166,3.4821691234691468
16720423000,964.913,538.584,,,9.766157186099392,4.738217485290938
16725549000,922.7,527.641,,,7.0424760472645325,5.456666538888315
16730437000,883.574,506.383,,,4.51588591179125,6.838601719512252
16735559000,834.635,514.86,,,1.338336268506221,6.298966397442709
16740552000,804.795,516.936,,,-0.5980754243141843,6.165569162012948
16745548000,766.953,498.042,,,-3.058484668492098,7.382876063645772
16750548000,750.437,489.432,,,-4.1350487495837855,7.93534845031146
16755550000,714.427,485.583,,,-6.478602317456567,8.17208728948028
16760549000,694.149,479.29,,,-7.801843802042352,8.568283475543286
16765552000,688.437,484.328,60.0,,-8.169042205494115,8.241265489504793
16770549000,689.094,481.269,60.0,,-8.128877782876426,8.438446878717677
16775548000,690.818,483.212,60.0,,-8.015197991077912,8.3142953862086
16780560000,697.453,482.928,60.0,,-7.584099024091912,8.335748619522114
16785549000,700.103,484.455,60.0,,-7.410605161821124,8.23869159487442
16790549000,700.558,485.496,60.0,,-7.380302977699084,8.17188125498196
16795549000,703.964,491.869,60.0,,-7.154409914196721,7.762912128983198
16800549000,715.561,497.987,60.0,,-6.397279358421644,7.373180549686631
16805549000,714.809,502.924,60.0,,-6.443296917574032,7.054678184902811
16810552000,714.638,505.229,60.0,,-6.453060608298239,6.906042251620221
16815549000,725.988,500.782,60.0,,-5.718607170333373,7.196409420449517
16820560000,727.664,498.036,60.0,,-5.611138059089862,7.37402269290175
16825549000,744.308,492.856,60.0,,-4.532129713789019,7.712847476787895
16830549000,745.811,490.216,60.0,,-4.43554289905249,7.883578651957904
16835553000,751.725,493.833,60.0,,-4.049563423646555,7.651622725498348
16840549000,750.848,486.452,60.0,,-4.109550486143306,8.127724161280597
16845549000,756.344,492.845,60.0,,-3.7496881479595134,7.716371929446082
16850549000,761.654,489.154,60.0,,-3.40573933587833,7.955739775591348
16855549000,759.002,495.333,60.0,,-3.576037779916432,7.55635953553903
16860552000,765.078,493.93,60.0,,-3.1815722249706453,7.648043841553387
16865674000,765.813,494.693,60.0,,-3.1335165462780323,7.598945431690592
16870674000,766.397,495.342,60.0,,-3.095408272080636,7.557139517687548
16875675000,768.286,492.551,60.0,,-2.973412627654451,7.737616190963051
16880675000,770.101,492.127,60.0,,-2.855527133268,7.765344609005917
16885675000,769.916,490.968,60.0,,-2.8678463997746366,7.840126535291002
16890675000,774.051,489.561,60.0,,-2.5993399574658844,7.931601545716529
16895678000,777.455,492.039,60.0,,-2.377373592980476,7.772095887687063
16900675000,778.916,492.269,60.0,,-2.282285735366417,7.757424955106671
16905675000,781.035,493.641,60.0,,-2.144258546641614,7.669073872481508
16910686000,782.563,495.507,60.0,,-2.044511340862895,7.548736536797203
16915677000,784.196,497.445,60.0,,-1.9380227658008111,7.423736830505953
16920675000,784.887,497.08,60.0,,-1.89319131853682,7.447350099048795
16925678000,787.937,494.039,60.0,,-1.6954247310238213,7.644034675125559
16930675000,788.772,497.901,60.0,,-1.6405396934119685,7.394659095152106
16935675000,789.072,499.047,60.0,,-1.6208504485935142,7.320711746679525
16940675000,787.376,503.276,60.0,,-1.73036287999531,7.04738553678903
16945675000,787.956,504.802,60.0,,-1.6924988464295432,6.948812443719232
16950675000,787.916,504.48,60.0,,-1.6951168951125084,6.969654241556581
16955675000,788.972,504.018,60.0,,-1.6266144452560998,6.999542526060887
16960675000,788.143,504.492,60.0,,-1.6803669941695452,6.968848509709318
16965675000,787.708,503.99,60.0,,-1.7087030601851725,7.001240917156302
16970676000,786.891,502.481,60.0,,-1.7620468534141072,7.098684244088365
16975675000,786.987,499.545,60.0,,-1.756243145208844,7.288317618061483
16980676000,787.839,502.496,60.0,,-1.7004654634877585,7.097804901273981
16985676000,788.477,498.297,60.0,,-1.6596365289422832,7.369054848973069
16990676000,788.854,498.794,60.0,,-1.6350375650310798,7.337004086651897
16995807000,793.45,499.897,60.0,,-1.3362212363885178,7.266123046009986
17000801000,801.165,491.176,60.0,,-0.8356607023450084,7.829865475433268
17005801000,804.494,489.263,60.0,,-0.6192898383699145,7.953484130585445
17010801000,802.788,489.16,60.0,,-0.730258261641456,7.96012437854044
17015804000,801.509,486.388,60.0,,-0.8137209180266419,8.139056850541158
17020801000,800.441,486.521,60.0,,-0.8832214105336421,8.130419640660993
17025816000,801.588,487.849,60.0,,-0.8084736096914865,8.044712655925375
17030801000,796.621,499.561,60.0,,-1.1302350619705446,7.288013976309335
17035801000,796.677,491.737,60.0,,-1.1274452658328644,7.79339238896642
17040801000,796.96,492.785,60.0,,-1.108975893860238,7.725728680710882
17045801000,797.778,493.809,60.0,,-1.055624694672235,7.659598607130023
17050801000,797.199,494.52,60.0,,-1.0932120911573937,7.613632953294787
17055807000,799.793,492.972,60.0,,-0.9247012795210832,7.71377073913386
17060809000,799.48,491.519,60.0,,-0.9452446454233742,7.80759822869934
17065801000,799.732,491.742,60.0,,-0.9288382243743968,7.7932184865008765
17070817000,800.035,493.24,60.0,,-0.908952228626487,7.696503841040175
17075802000,796.739,494.132,60.0,,-1.123147426725564,7.638679815396578
17080802000,797.619,492.515,60.0,,-1.0661165363296543,7.743214727363812
17085802000,799.896,494.953,60.0,,-0.9178285780098796,7.585851614310338
17090814000,800.468,494.686,60.0,,-0.8806901446527611,7.6030931596947235
17095802000,800.622,493.096,60.0,,-0.8707887372397595,7.705798439110666
17100802000,803.918,492.818,60.0,,-0.6565128486307875,7.723846636825398
17105802000,801.666,495.564,60.0,,-0.8027215399133522,7.5464486854381985
17110802000,803.246,493.687,60.0,,-0.7001570267542201,7.6677332560984786
17115802000,802.938,488.825,60.0,,-0.7205430212340477,7.981747509188089
17120802000,795.038,488.234,60.0,,-1.234474706046849,8.01955294568101
17125802000,794.432,488.303,60.0,,-1.2739347105957288,8.015003574923002
17130927000,795.344,487.342,60.0,,-1.214730714640118,8.077171416819214
17135927000,799.02,490.745,60.0,,-0.9752360109659493,7.857555380779908
17140927000,795.873,488.051,60.0,,-1.1802228156279464,8.03138975798135
17145927000,796.638,487.606,60.0,,-1.1305034692856246,8.060159990548044
17150927000,795.103,489.276,60.0,,-1.2301105270061194,7.952227788772705
17155927000,794.855,484.459,60.0,,-1.246917209740657,8.263321246696185
17160928000,793.999,484.294,60.0,,-1.3026655641156832,8.273891965436444
17165928000,791.516,482.125,,,-1.464593213878643,8.413763823154719
17170927000,787.314,482.574,,,-1.7380005680338977,8.384385203716956
17175931000,776.89,489.62,,,-2.4147011745564013,7.928168646412458
17180928000,772.54,487.528,,,-2.698145295596379,8.06264727901457
17185928000,766.136,482.979,61.0,,-3.116208991091629,8.3551995869941
17190928000,765.748,488.834,61.0,,-3.1395533816933385,7.977143996300689
17195928000,761.964,487.009,61.0,,-3.386284388637988,8.094233432948299
17200928000,763.308,486.915,61.0,,-3.298925679661747,8.100586479136995
17205928000,764.765,486.117,61.0,,-3.204385563771614,8.152361421946988
17210930000,763.927,483.754,61.0,,-3.2596904021411754,8.304743212717145
17215928000,764.103,485.051,61.0,,-3.247787565562739,8.221064771653932
17220928000,762.496,484.175,61.0,,-3.3526498143326298,8.277271328253324
17225928000,764.701,484.089,61.0,,-3.209217907827338,8.283249301761936
17230928000,763.898,484.69,61.0,,-3.2612875386010844,8.244279438496097
17235934000,761.771,483.612,61.0,,-3.400052605903447,8.313427055091934
17240941000,760.127,474.639,61.0,,-3.5103943638275976,8.892148189894128
17245928000,761.808,475.752,61.0,,-3.400509256818322,8.820676910814043
17250928000,763.807,475.435,61.0,,-3.2704626243206403,8.841556573246312
17255928000,760.385,478.038,61.0,,-3.492314451814842,8.672867613017383
17260928000,761.033,478.3,61.0,,-3.449994070806784,8.656102029868617
17265934000,757.062,477.046,61.0,,-3.709036822607725,8.736142686455684
17271054000,756.907,478.271,61.0,,-3.7186631163511694,8.65706478911095
17276054000,756.438,478.429,61.0,,-3.749104113633893,8.646752179706915
17281054000,755.004,478.421,61.0,,-3.842441431731697,8.64691835450793
17286057000,753.041,478.109,61.0,,-3.9703855288441376,8.666557182127574
17291054000,753.955,481.054,61.0,,-3.9096599493275583,8.476743766696513
17296054000,755.716,478.991,61.0,,-3.795880911126425,8.610314959641531
17301054000,755.302,475.13,,,-3.824448682090024,8.859284984960969
17306054000,755.112,474.659,,,-3.837014958049304,8.88962960321403
17311054000,756.963,473.263,,,-3.717046491806152,8.980149545734069
17316054000,768.556,485.372,,,-2.9579800419707105,8.201150383217989
17321054000,803.209,486.307,,,-0.7031374237152827,8.144394473589946
17326054000,830.395,494.628,,,1.0648365320491515,7.606333033743778
17331054000,850.979,489.9,,,2.403713774321956,7.9093043382282
17336054000,859.32,499.574,,,2.943420689378529,7.283290298632138
17341057000,874.212,491.061,62.0,,3.913503172381695,7.829671306582221
17346054000,871.433,489.568,62.0,,3.733450938309864,7.926657526682123
17351054000,868.58,491.199,62.0,,3.5474434145323395,7.822046698649135
17356054000,866.88,480.889,62.0,,3.4403293759879667,8.48780019930312
17361055000,864.886,486.047,62.0,,3.30894738708972,8.155379932564012
17366054000,870.142,488.691,62.0,,3.6498265933124254,7.983544078642566
17371055000,870.594,487.976,62.0,,3.679480306088687,8.02957705319922
17376058000,867.239,488.182,62.0,,3.461249947073988,8.017110717049967
17381055000,866.791,488.486,62.0,,3.432071142597509,7.997538033743519
17386055000,867.862,492.906,62.0,,3.500237989063636,7.712088257223801
17391055000,866.122,490.525,62.0,,3.387897493014344,7.866134073024021
17396055000,864.482,490.541,62.0,,3.281326095022558,7.865453679035706
17401055000,864.098,490.553,62.0,,3.256364418866444,7.8647444326769715
17406194000,864.473,490.456,62.0,,3.280732538589284,7.870937553183325
17411182000,864.083,489.331,62.0,,3.2557501956658563,7.943638419363562
17416180000,859.439,490.727,62.0,,2.953493469752179,7.85443803332678
17421194000,859.408,489.588,62.0,,2.95176937828897,7.927968603197522
17426180000,857.827,486.126,62.0,,2.8498887253619856,8.151725480849185
17431180000,857.685,485.873,62.0,,2.840759463354618,8.168076455692765
17436180000,858.99,487.868,62.0,,2.925057945173366,8.039067838061905
17441180000,857.805,488.898,62.0,,2.847759137843848,7.972806178751818
17446180000,854.745,485.482,62.0,,2.649601019611682,8.193885111973112
17451180000,854.875,487.599,62.0,,2.657557108328468,8.05718704247635
17456189000,855.355,488.227,62.0,,2.6885883856272685,8.0165691673004
17461180000,853.215,487.985,62.0,,2.549493478332918,8.032576628196194
17466187000,855.62,490.063,62.0,,2.705360477830501,7.89799967240803
17471181000,856.031,493.924,62.0,,2.73118249649442,7.648684080008883
17476181000,851.139,492.533,62.0,,2.4135444462557607,7.7392698654679855
17481181000,851.164,491.809,62.0,,2.415330779941328,7.786031556821163
17486181000,854.53,498.606,62.0,,2.632534114002246,7.346595531297332
17491181000,851.283,494.761,62.0,,2.422373584795469,7.595417390994168
17496181000,852.524,498.983,62.0,,2.502142487300715,7.322577312629622
17501185000,853.343,497.716,62.0,,2.555648479810132,7.404299298038278
17506181000,851.182,490.154,62.0,,2.4168369300148727,7.892871088859783
17511181000,851.933,489.873,62.0,,2.465743751337558,7.910903045931573
17516181000,848.934,499.067,62.0,,2.2689021958294697,7.317657386660669
17521181000,850.05,498.728,62.0,,2.3414927730018222,7.339380519212313
17526181000,850.878,495.114,62.0,,2.396037957764739,7.572675542865869
17531181000,850.495,496.109,62.0,,2.37094953045224,7.50845417036791
17536184000,849.099,494.475,62.0,,2.2805161099327584,7.614221074273733
17541306000,846.121,490.425,62.0,,2.087722427372046,7.876115059246864
17546307000,845.328,484.9,62.0,,2.037179691500147,8.23294755415805
17551306000,845.662,486.102,62.0,,2.0586675251220665,8.155303151381265
17556306000,846.616,485.84,62.0,,2.120770078164866,8.172091724049125
17561307000,847.128,485.248,62.0,,2.154209990324268,8.210226541119015
17566307000,845.18,480.075,62.0,,2.02848066575603,8.544494903382894
17571314000,844.985,481.442,62.0,,2.015530334137725,8.456246154112618
17576313000,848.003,484.045,62.0,,2.211362234076897,8.287735048829498
17581307000,848.737,484.683,62.0,,2.259021335369297,8.246481431720223
17586307000,847.961,483.695,62.0,,2.2087316198804614,8.310338636359317
17591307000,848.684,486.286,62.0,,2.2552319848910685,8.142981332793505
17596311000,847.243,488.152,62.0,,2.1611287557140924,8.022726170330625
17601307000,848.797,489.931,62.0,,2.261831421889103,7.907625641733968
17606307000,846.882,490.769,62.0,,2.137145451831064,7.853777965766466
17611307000,847.107,492.897,62.0,,2.151370083326936,7.716376543419559
17616307000,846.354,489.581,62.0,,2.103041031738613,7.930582288047839
17621307000,847.267,484.35,62.0,,2.163472651439677,8.268208478065912
17626307000,845.653,484.169,62.0,,2.0584520122711245,8.280117878057766
17631307000,844.594,484.388,62.0,,1.9895693620227983,8.266131068752232
17636310000,846.526,486.989,62.0,,2.114697165983855,8.097915416869455
17641307000,845.781,486.176,62.0,,2.066394826674636,8.150504390106796
17646307000,843.993,486.483,62.0,,1.950069932714516,8.13095279167922
17651308000,843.816,485.13,62.0,,1.9388158668226507,8.218329901342907
17656313000,845.247,485.254,62.0,,2.031851610644405,8.210128094346455
17661308000,845.609,484.506,62.0,,2.055559530002603,8.258349249123045
17666310000,845.25,484.099,62.0,,2.0322502479829807,8.284677876748678
17671308000,847.091,484.949,62.0,,2.1519080551135863,8.229542505004915
17676433000,846.792,484.381,62.0,,2.1325193044431328,8.266265628230283
17681433000,845.168,485.421,62.0,,2.026714074405156,8.199351977318377
17686433000,843.383,485.543,62.0,,1.910583786638636,8.191689643130877
17691433000,843.944,482.667,62.0,,1.9475812891378603,8.377348478269534
17696433000,846.227,485.423,62.0,,2.095582242153231,8.19909071698579
17701433000,844.495,485.201,62.0,,1.9829620573499287,8.213642665088368
17706433000,844.356,485.002,62.0,,1.9739343554139712,8.226537560147642
17711433000,844.848,484.815,62.0,,2.00597152737197,8.238543517403551
17716433000,843.277,485.209,62.0,,1.9037342982534773,8.213271330201287
17721433000,842.793,486.452,62.0,,1.87202160774432,8.133132070590575
17726433000,842.147,486.644,62.0,,1.829990475033652,8.120762156485455
17731433000,840.646,484.26,62.0,,1.7327251405781692,8.274882734161418
17736433000,840.844,484.101,62.0,,1.7456486433085934,8.28511155074906
17741437000,840.991,483.496,62.0,,1.7553141519151108,8.324161578875449
17746434000,840.981,483.526,62.0,,1.7546062910317195,8.32223553633121
17751438000,840.566,481.392,62.0,,1.7279816343377394,8.460093665533734
17756433000,840.846,482.415,62.0,,1.7460480517501205,8.393979062811752
17761433000,839.092,482.454,62.0,,1.6318984442723574,8.391677115908715
17766438000,840.81,479.581,62.0,,1.7441372657293546,8.576987320754215
17771434000,841.161,481.51,62.0,,1.7666856997232905,8.452377565312112
17776444000,839.257,475.888,62.0,,1.6436549011033486,8.81553453689068
17781434000,839.231,474.303,62.0,,1.6422286716359564,8.917854535746452
17786434000,840.046,473.859,62.0,,1.6954040451360692,8.94641728737806
17791439000,838.5,480.6,62.0,,1.5936197532686525,8.51145254032466
17796434000,841.27,477.714,62.0,,1.774438880156025,8.697433512522936
17801434000,840.229,478.485,62.0,,1.7065521816120262,8.647769155567307
17806443000,841.876,479.474,62.0,,1.813541450795939,8.583758111154152
17811559000,843.402,474.205,62.0,,1.9138667288151128,8.92364855829629
17816559000,839.65,478.023,62.0,,1.6688963180268777,8.677662999054272
17821445000,840.209,476.311,62.0,,1.705592644253635,8.788122668227317
17826563000,841.054,483.641,62.0,,1.759352861703685,8.314810402023044
17831563000,838.448,480.652,62.0,,1.5902470708557102,8.508097183541897
17836559000,837.538,481.8,62.0,,1.530870741581131,8.43409283607393
17841565000,836.672,479.156,,,1.474859700351423,8.604915530496642
17846561000,837.117,479.323,,,1.5038081373463656,8.59406382170224
17851560000,837.012,479.463,,,1.4969424242950942,8.585024161970784
17856559000,813.321,474.556,,,-0.0454125308996737,8.90327669281227
17861568000,807.298,473.78,,,-0.437838112541878,8.953344715245077
17866562000,797.736,465.868,,,-1.0617648588334516,9.46368479398872
17871560000,786.372,456.892,,,-1.8048395073576573,10.041873213906197
17876560000,785.875,462.691,63.0,,-1.8359390271736016,9.66762028637825
17881560000,785.236,464.135,63.0,,-1.8772289577709047,9.57436417409918
17886571000,784.065,464.416,63.0,,-1.953531380004708,9.556078541750017
17891560000,784.95,465.293,63.0,,-1.8956389711425643,9.49961931543276
17896560000,784.341,466.225,63.0,,-1.935142651570145,9.43939477181035
17901560000,783.592,466.304,63.0,,-1.9839128746214845,9.434205150293254
17906560000,784.54,467.307,63.0,,-1.9218650899508984,9.36958469868686
17911560000,785.32,468.505,63.0,,-1.8707900733583027,9.292383763073644
17916560000,786.652,469.509,63.0,,-1.78370768268818,9.227737834747051
17921560000,784.698,474.894,63.0,,-1.909884896561109,8.879929242795905
17926560000,784.373,474.466,63.0,,-1.931173923840784,8.907467449304201
17931560000,787.124,476.304,63.0,,-1.75155488098191,8.789145084833475
17936560000,789.339,475.189,63.0,,-1.6075263660481836,8.86134323679451
17941560000,787.002,474.937,63.0,,-1.7598320168519297,8.877399385298439
17946685000,788.953,474.044,63.0,,-1.632900707584658,8.935208427680994
17951698000,789.204,472.454,63.0,,-1.6168160686075606,9.0378793267983
17956686000,790.013,472.251,63.0,,-1.564168689672492,9.051076845542523
17961686000,789.144,474.461,63.0,,-1.6203810353971118,8.908372620758685
17966686000,790.906,470.671,63.0,,-1.5062902648424548,9.153169211059906
17971686000,793.528,474.119,63.0,,-1.3348615938170687,8.930800600853864
17976686000,792.547,473.61,63.0,,-1.3988177517312677,8.963567583258245
17981690000,792.429,472.368,63.0,,-1.406726957002805,9.04373833241863
17986686000,787.678,466.846,63.0,,-1.7174330911309292,9.399719832613464
17991687000,788.397,465.849,63.0,,-1.6707416755999034,9.464146810383264
17996686000,787.835,466.19,63.0,,-1.7073434606712456,9.442054842979978
18001698000,787.576,464.961,63.0,,-1.724446380367221,9.521345957512189
18006686000,794.435,471.59,63.0,,-1.2761305958273406,9.094105209420714
18011689000,790.13,469.167,63.0,,-1.557127402362157,9.25018213642589
18016693000,791.475,469.121,63.0,,-1.4694822369575935,9.253271605340563
18021686000,792.699,463.837,63.0,,-1.390599289164803,9.594384224607866
18026686000,792.037,467.026,63.0,,-1.4332142698012236,9.38849547326696
18031686000,789.093,467.86,63.0,,-1.624935571188091,9.334395990947272
18036686000,789.454,467.33,63.0,,-1.601512300902967,9.368639353060694
18041687000,788.991,467.125,63.0,,-1.6317863707193356,9.381843630374588
18046686000,788.733,465.803,63.0,,-1.6488702450149937,9.467140842320772
18051686000,790.206,467.817,63.0,,-1.5524213472573605,9.33733054445924
18056687000,786.734,469.215,63.0,,-1.7784794259151837,9.246733011971868
18061687000,786.762,470.442,63.0,,-1.7763416076294776,9.16752500441153
18066687000,788.583,471.068,63.0,,-1.6575596516470328,9.127317078871696
18071687000,787.685,469.927,63.0,,-1.7163241816906252,9.200822667761724
18076687000,786.17,466.644,63.0,,-1.8157980572738783,9.41256221350223
18081687000,788.837,467.958,,,-1.641659138985947,9.328062338984944
18086812000,785.871,465.602,,,-1.835491255967932,9.47980319518482
18091812000,776.802,462.553,,,-2.4277459247422826,9.675237577894627
18096812000,766.963,457.991,,,-3.071273605169224,9.967597717208369
18101812000,763.62,456.744,,,-3.289907906116468,10.047255001922055
18106812000,753.859,450.733,,,-3.9300390387751714,10.432249409820958
18111828000,752.85,451.42,64.0,,-3.9955833049190352,10.387611363180756
18116812000,754.2,450.504,64.0,,-3.90784561287593,10.44708530945521
18121812000,753.64,448.859,64.0,,-3.945275436249424,10.552956253632368
18126812000,753.78,448.953,64.0,,-3.936071462941955,10.546957281088943
18131821000,753.346,448.408,64.0,,-3.964747860887758,10.581930905227416
18136818000,753.136,448.337,64.0,,-3.9784986223794223,10.586473423636768
18141812000,751.919,443.491,64.0,,-4.060640957831409,10.89842305238336
18146813000,752.833,443.804,64.0,,-4.000750712083593,10.87853363686858
18151812000,751.293,448.604,64.0,,-4.09872530207576,10.568680926196135
18156813000,750.416,449.789,64.0,,-4.1553885127144765,10.492007945003232
18161813000,747.463,450.596,64.0,,-4.347832139105031,10.439022666830272
18166814000,747.142,450.665,64.0,,-4.368711983304408,10.43452022568366
18171813000,749.064,449.518,64.0,,-4.243831304472463,10.509045194484989
18176813000,755.528,451.158,64.0,,-3.820828196844105,10.405290950668128
18181813000,754.482,450.959,64.0,,-3.889207632184523,10.417866433518938
18186813000,754.566,450.361,64.0,,-3.884016317049537,10.456412386277156
18191822000,752.071,447.189,64.0,,-4.048721552619248,10.66013770306882
18196813000,752.256,448.395,64.0,,-4.03592591706691,10.582424788282674
18201816000,749.451,454.38,64.0,,-4.215879254417564,10.195793820038286
18206813000,750.02,452.421,64.0,,-4.179797645665062,10.322235175285408
18211813000,751.267,451.948,64.0,,-4.098630592630708,10.353145846915387
18216813000,750.114,452.65,64.0,,-4.173536163774923,10.30751299512016
18221829000,751.706,452.293,64.0,,-4.069823442527673,10.3310095834623
18226938000,752.74,452.923,64.0,,-4.001983505447131,10.290734476845154
18231938000,755.334,452.436,64.0,,-3.832812357754035,10.32284940753984
18236939000,752.939,455.099,64.0,,-3.987872005409743,10.1505188596333
18241938000,752.083,454.247,64.0,,-4.0441290346391225,10.205171128219243
18246939000,753.902,452.547,64.0,,-3.926254177023103,10.315322310776828
18251953000,755.964,447.832,64.0,,-3.7940167873886463,10.619847450373316
18256939000,757.537,449.739,64.0,,-3.690287372167596,10.49739559543537
18261939000,757.28,449.585,64.0,,-3.707148097471463,10.507252543769493
18266950000,757.872,448.964,64.0,,-3.6687448263216007,10.547400418756668
18271946000,756.822,453.249,64.0,,-3.735296193010011,10.270911469234688
18276939000,752.774,453.303,64.0,,-3.99953915551447,10.266219316621504
18281939000,755.289,447.205,64.0,,-3.83840164983469,10.660066252899698
18286939000,754.232,448.423,64.0,,-3.906865782947051,10.581219330144046
18291939000,754.116,448.521,64.0,,-3.914395033033455,10.574899844431288
18296942000,756.66,447.533,64.0,,-3.748689678322574,10.639310942207576
18301939000,756.78,447.464,64.0,,-3.74089652112619,10.643843052363067
18311939000,758.154,449.474,64.0,,-3.6500995439653554,10.514603475395909
18316939000,759.295,449.369,64.0,,-3.5755951193742,10.521699533611196
18321939000,759.986,449.846,64.0,,-3.5302327014691577,10.49115633934535
18326946000,758.423,448.738,64.0,,-3.632861237220353,10.562181953089851
18331939000,752.44,451.271,64.0,,-4.022391600293724,10.397146699121988
18336939000,755.825,450.68,64.0,,-3.8016270877692775,10.436253436688585
18341940000,757.43,449.392,64.0,,-3.69744248221799,10.519696534914644
18346940000,756.303,451.414,64.0,,-3.770085927735881,10.389010614642364
18351940000,756.888,452.931,64.0,,-3.731145740535577,10.291414638140806
18357067000,759.133,451.951,64.0,,-3.5849761570939696,10.355199518701616
18362065000,756.624,449.291,64.0,,-3.750130211267926,10.52599703172385
18367073000,757.734,449.494,,,-3.6775608457651328,10.513209000568173
18372068000,756.908,446.9,,,-3.7327648637480415,10.680206789967048
18377065000,761.878,450.399,,,-3.4064190931014813,10.456006386423775
18382065000,775.977,457.684,,,-2.48307223873612,9.989229385096849
18387065000,792.084,467.456,,,-1.4300345615955343,9.360747510847329
18392065000,795.363,462.799,,,-1.217023664803468,9.66163119474176
18397071000,799.127,458.32,65.0,,-0.9720473403178554,9.950918638260603
18402065000,796.693,458.765,65.0,,-1.1308827172157625,9.922022940317492
18407065000,796.556,459.756,65.0,,-1.1396225675862413,9.858064989859953
18412065000,795.79,460.486,65.0,,-1.1894942464492606,9.81091650047932
18417069000,797.012,461.074,65.0,,-1.109682553470695,9.773067411579634
18422065000,797.712,459.098,65.0,,-1.0643011873864572,9.900596697941896
18427066000,798.682,458.76,65.0,,-1.001025962816135,9.922461211556902
18432065000,798.494,460.108,65.0,,-1.0131380151066212,9.83551076935252
18437069000,795.094,462.654,65.0,,-1.2345600437814193,9.67095751019662
18442066000,796.097,462.575,65.0,,-1.1691597859961902,9.676144272078098
18447066000,796.447,462.341,65.0,,-1.146373763270519,9.691225332164718
18452067000,794.986,460.596,65.0,,-1.241970858387374,9.80374266575255
18457066000,794.381,460.515,65.0,,-1.2814443964223068,9.808924321985382
18462069000,793.86,460.586,65.0,,-1.3154090587342306,9.804301403047852
18467066000,793.485,460.305,65.0,,-1.3399329132114872,9.822391195504258
18472072000,793.798,460.402,65.0,,-1.319470659685002,9.816159485809706
18477066000,795.117,460.094,65.0,,-1.233462493424968,9.836171704556484
18482066000,796.09,456.954,65.0,,-1.1705041323575731,10.03881183120133
18487066000,794.487,456.313,65.0,,-1.2752494047929748,10.080082987026994
18492191000,795.682,458.783,65.0,,-1.1968361829667489,9.920763522086366
18497078000,795.153,459.589,65.0,,-1.2312424286482015,9.868740626621296
18502194000,795.521,453.038,65.0,,-1.208239921822985,10.29143296392288
18507191000,795.537,455.273,65.0,,-1.2068338477491514,10.147269714639576
18512191000,796.382,455.956,65.0,,-1.15158470233148,10.10326199640533
18517191000,797.045,451.042,65.0,,-1.1090375558988648,10.420323117513105
18522198000,796.883,451.676,65.0,,-1.1195271059473109,10.379441371907966
18527191000,797.214,452.729,65.0,,-1.0977417317921163,10.311520003937376
18532192000,796.407,452.61,65.0,,-1.1505044744239026,10.319115822697356
18537192000,796.49,452.707,65.0,,-1.14502800719635,10.312870688442567
18542192000,794.775,449.734,65.0,,-1.257597617001375,10.50453250011336
18547192000,798.155,443.565,65.0,,-1.037675932618939,10.902754943044954
18552205000,797.661,445.919,65.0,,-1.0695942421984577,10.750871446968656
18557192000,800.886,447.343,65.0,,-0.8585949848940844,10.659192198827196
18562192000,800.907,445.956,65.0,,-0.8574003965993007,10.748655558819596
18567192000,802.33,453.657,65.0,,-0.76351840424445,10.25194097067656
18572192000,802.882,451.914,65.0,,-0.7276547802054357,10.364456707569149
18577192000,803.257,451.819,65.0,,-0.7032196404047745,10.37057647260225
18582192000,802.635,450.769,65.0,,-0.7439216611108214,10.438294224616264
18587195000,806.906,458.203,65.0,,-0.4644276973279836,9.958789162279482
18592192000,806.877,457.082,65.0,,-0.4663958892362111,10.03108151820444
18597192000,806.712,453.865,65.0,,-0.4773542911279926,10.238649967149366
18602192000,806.176,452.456,65.0,,-0.5125104388741887,10.329561261520409
18607192000,791.404,449.576,65.0,,-1.477824914340548,10.514430944977851
18612192000,797.965,445.77,,,-1.049768930854195,10.760472003027902
18617205000,798.492,446.137,,,-1.015223770812724,10.73688700137274
18622202000,796.168,450.77,,,-1.1663824404254752,10.437835189189876
18627317000,791.723,456.865,,,-1.4555715926671209,10.044180024279475
18632317000,799.786,507.797,,,-0.9238483681965112,6.756036866730602
18637317000,790.91,536.633,,,-1.4969765519343612,4.891885428623991
18642318000,788.426,555.913,,,-1.6561506099617684,3.645188405570499
18647318000,782.332,600.433,,,-2.04812757823475,0.7655983487040706
18652326000,774.36,651.758,,,-2.5650945262897378,-2.553646373538752
18657318000,768.785,659.59,,,-2.926513455791614,-3.059688414670912
18662318000,768.2,684.093,,,-2.967866082870182,-4.643392035110494
18667318000,765.761,700.009,,,-3.1290148365177792,-5.671424621804914
18672318000,782.375,744.156,,,-2.0597785558284936,-8.524331957689293
18677318000,783.74,769.779,,,-1.976956533799315,-10.177667937499638
18682318000,784.562,770.117,,,-1.923425097446217,-10.199604481458348
18687318000,788.504,812.845,,,-1.6768797624620817,-12.953888219822906
18692318000,812.176,824.63,,,-0.1224981221983838,-13.714442918302693
18697318000,777.619,843.52,,,-2.4052894101035074,-14.926022464459386
19151754000,620.214,837.021,,5.0,-12.772219048495996,-14.382641675376084
19161753000,722.783,790.526,,5.0,-5.972282779958863,-11.494845561032273
19166763000,631.194,689.756,,5.0,-11.83754007533007,-4.970918717491318
19171881000,575.708,725.606,,5.0,-15.461986873469748,-7.228146092178752
19176878000,713.649,739.39,,5.0,-6.528992404793721,-8.198665250678904
19181885000,791.324,726.695,,5.0,-1.4745603309349975,-7.397887477626303
19186878000,797.893,691.854,,5.0,-1.044658348610225,-5.147058674060583
19191885000,833.881,669.49,,5.0,1.2865739595141203,-3.700870492454013
19196878000,848.688,671.137,,5.0,2.245153593349111,-3.80649242635328
19201892000,752.447,694.794,,5.0,-3.990941334074255,-5.332638935198961
19206878000,711.663,583.348,,5.0,-6.618311799224356,1.8664796968125543
19211878000,819.514,602.808,,5.0,0.3562170962710074,0.6120725121126609
19216878000,692.098,560.981,,5.0,-7.888063710894751,3.306133570155596
19221878000,855.53,514.104,,5.0,2.694238340566747,6.345509128353538
19226878000,829.165,509.739,,5.0,0.9837104389900456,6.6302484762227945
19231881000,833.301,479.338,,5.0,1.2554148208502558,8.5934548271397
19236878000,874.503,570.276,,5.0,3.913382926136112,2.713929131653818
19241878000,889.505,601.012,,5.0,4.8801752321391385,0.7272092211298199
19246878000,883.094,557.689,,5.0,4.470806725574057,3.526232682130505
19251878000,885.256,558.555,,5.0,4.610533394760971,3.470012935017961
19256878000,884.994,564.232,,5.0,4.592555402247443,3.1033338969117983
19261878000,889.323,565.48,,5.0,4.872247585759429,3.0222161812275345
19266881000,894.31,566.786,,5.0,5.194365976912831,2.93733615560871
19271878000,900.405,566.398,,5.0,5.588431242110565,2.961605613309493
19276878000,902.561,564.348,,5.0,5.728189716676398,3.09359518531076
19281881000,905.995,569.14,,5.0,5.949107452600404,2.783888815122436
19286878000,909.547,563.311,,5.0,6.179867378687215,3.1595144417942547
19291878000,907.805,562.427,,5.0,6.0674886784833495,3.216833858956614
19296878000,904.671,556.817,,5.0,5.866302915249125,3.5793602575933985
19301881000,935.111,579.827,,5.0,7.82727846888093,2.0908643463888965
19307003000,932.734,575.6,,5.0,7.674750022556045,2.363593534223828
19312003000,961.407,590.322,,5.0,9.521680586171897,1.4120731172452248
19317003000,991.469,600.67,,5.0,11.457112911856864,0.7446203525152293
19322014000,1006.223,605.031,,5.0,12.40647950330161,0.4641880832286704
19327003000,1015.919,604.408,,5.0,13.03034238001315,0.5036721580276633
19332003000,1013.029,610.853,67.0,5.0,12.844134444240478,0.09104736606262
19337003000,1019.034,608.382,67.0,5.0,13.230468711905576,0.2492168543846577
19342003000,1016.839,608.303,67.0,5.0,13.089247228640012,0.2543116875997861
19347003000,1016.94,612.65,67.0,5.0,13.09567267455473,-0.0239695269241663
19352003000,1016.814,612.978,67.0,,13.087566497652594,-0.0449678993666371
19357003000,1014.749,613.018,67.0,,12.954755430465411,-0.0475687225915526
19362003000,1012.91,614.897,67.0,,12.836462319499818,-0.1678967137970944
19367004000,1012.272,616.916,67.0,,12.79548121007215,-0.2972276027033784
19372003000,1008.185,611.21,67.0,,12.532460794108976,0.0682183115704293
19377003000,1004.964,609.623,67.0,,12.325181420999767,0.1699694864187985
19382009000,1005.043,609.971,67.0,,12.33027426823172,0.1476087633258953
19387007000,1003.474,610.134,67.0,,12.229308632884964,0.1371945637840061
19392003000,999.512,608.292,67.0,,11.97439336136046,0.2553579918667494
19397003000,995.293,601.884,67.0,,11.703211068782917,0.6664857403290148
19402003000,995.827,601.981,67.0,,11.737611167837008,0.6602535867252348
19407003000,1000.386,614.506,67.0,,12.03055848901062,-0.14308898164697
19412003000,995.133,610.93,67.0,,11.692415992340992,0.0862294072087383
19417003000,992.91,609.062,67.0,,11.549342574234265,0.2060663614784909
19422003000,990.773,610.269,67.0,,11.411730196901653,0.1286761625923073
19427003000,990.896,610.732,67.0,,11.419616825383684,0.0989538150128511
19432003000,991.358,614.127,67.0,,11.449362052641064,-0.118947772167803
19437003000,990.775,615.885,67.0,,11.411876219177636,-0.2317748654334608
19442003000,984.957,612.089,67.0,,11.03716792700862,0.0118516713011941
19447128000,984.274,607.675,67.0,,10.993285278204404,0.2952523821667597
19452128000,981.721,603.275,67.0,,10.82914269251841,0.5779291457605275
19457135000,983.407,599.671,67.0,,10.93806751894608,0.8092824177366712
19462128000,984.65,600.745,67.0,,11.01798229171737,0.7402532671688452
19467128000,983.835,603.921,67.0,,10.96526383240612,0.5363463316066248
19472128000,981.932,603.382,67.0,,10.84268595167708,0.571040099686897
19477129000,978.53,599.26,67.0,,10.623915192859076,0.8359682908405911
19482128000,979.627,599.395,67.0,,10.694611597076689,0.827250175149511
19487131000,979.089,599.432,67.0,,10.65992137687015,0.8249253140319095
19492128000,978.448,597.571,67.0,,10.618860188518443,0.9445199304988652
19497128000,975.194,599.309,67.0,,10.408992395960835,0.8330968004831493
19502133000,976.375,598.983,67.0,,10.485155132074478,0.8539188038419979
19507128000,981.179,600.986,67.0,,10.794393577587988,0.7249683142227917
19512128000,979.481,598.555,67.0,,10.685264584305015,0.8812441053983829
19517132000,977.202,596.388,67.0,,10.538748803757748,1.020622596235474
19522128000,978.109,595.554,67.0,,10.597274123852504,1.0740958528261524
19527135000,977.639,595.557,67.0,,10.566991592188712,1.073979345943951
19532128000,976.808,592.557,67.0,,10.513874885194491,1.266816955009674
19537128000,977.582,594.066,67.0,,10.56351309488572,1.1697852331959215
19542128000,981.174,589.243,67.0,,10.795750414365402,1.4791701304587173
19547132000,979.958,590.763,67.0,,10.717135052495983,1.3816827853753215
19552128000,981.224,591.58,67.0,,10.798539841159505,1.3290818005098877
19557128000,980.945,591.376,67.0,,10.78063339094054,1.342205453845774
19562128000,980.129,592.482,67.0,,10.727846613962203,1.2712726276212358
19567128000,979.576,593.452,67.0,,10.692124447653988,1.208984124121672
19572128000,979.508,590.901,67.0,,10.688153332727389,1.3728963709714803
19577129000,980.18,594.664,67.0,,10.730849110834727,1.131073062884273
19582255000,985.461,589.726,67.0,,11.071821563204708,1.447650742706063
19587253000,984.61,591.992,67.0,,11.016644756026867,1.3022802872341408
19592253000,982.531,595.235,,,10.8822149704491,1.0942190345367009
19597253000,981.582,596.596,,,10.820893750002396,1.0068803951908702
19602253000,968.984,594.878,,,10.009395071206118,1.1183493823795836
19607253000,951.451,589.758,,,8.879783217361526,1.449323527814799
19612253000,932.427,579.953,,,7.654009248485727,2.083029207044444
19617253000,931.707,576.629,,,7.60820602941867,2.297407340373788
19622253000,935.012,579.921,68.0,,7.82087065289386,2.08480440513955
19627253000,936.152,588.887,68.0,,7.89294321735594,1.5068915153925937
19632261000,936.686,588.589,68.0,,7.92744662199704,1.5260504904744554
19637269000,936.223,586.896,68.0,,7.897853601787676,1.63517508164707
19642253000,933.724,588.117,68.0,,7.736401037551175,1.556763168119799
19647253000,935.668,588.75,68.0,,7.861739197458453,1.5158013408580038
19652253000,935.715,588.729,68.0,,7.864762795169936,1.517106726276457
19657259000,935.616,588.169,68.0,,7.858443266576571,1.5532025635406093
19662253000,936.548,591.386,68.0,,7.918174080205253,1.3458241927795325
19667253000,936.513,591.541,68.0,,7.915921838975448,1.3358766510998312
19672253000,937.218,588.474,68.0,,7.961808583313678,1.5333901067170763
19677253000,940.372,591.305,68.0,,8.16487203333611,1.3507698636158396
19682253000,938.938,589.985,68.0,,8.072574829168259,1.4359285095210483
19687253000,938.809,590.334,68.0,,8.064190216626368,1.4134193208884227
19692253000,938.741,590.558,68.0,,8.05977681461089,1.3990090313180334
19697253000,938.955,587.477,68.0,,8.074027747217407,1.597490511321709
19702253000,938.237,587.42,68.0,,8.027699967649381,1.601250747119453
19707253000,936.761,587.371,68.0,,7.932501911825798,1.60450788087075
19712264000,937.578,591.407,68.0,,7.984599484242966,1.3444059922977756
19717386000,938.011,590.617,68.0,,8.012674732110266,1.395285389337204
19722378000,937.802,593.061,68.0,,7.998874949522946,1.2378433633527823
19727378000,940.507,592.284,68.0,,8.17349503334307,1.287638136988699
19732378000,936.155,584.951,68.0,,7.893768324228715,1.7605138274610934
19737378000,937.034,586.22,68.0,,7.95025474261751,1.6787001051961432
19742378000,938.641,585.431,68.0,,8.054120354706464,1.7293540863240933
19747383000,937.626,584.611,68.0,,7.988745751600832,1.7822820057259212
19752378000,935.972,585.893,68.0,,7.881819450040419,1.6998748444282292
19757378000,939.474,590.33,,,8.107109766825511,1.413608237909109
19762378000,939.679,589.287,,,8.120452003904854,1.4808301009967548
19767378000,937.752,587.857,,,7.996336417809509,1.5731493482083354
19772378000,921.008,590.273,,,6.915370395983297,1.4188138130654109
19777378000,884.396,586.916,,,4.551025737152786,1.6380439292286644
19782378000,855.446,565.979,,,2.681333391082088,2.9931246588827705
19787378000,822.313,557.917,,,0.5377049967118037,3.515888964103969
19792378000,777.47,540.082,,,-2.367414768419056,4.668009219523072
19797378000,751.004,534.316,,,-4.083468723068407,5.037604988856265
19802378000,733.468,522.024,,,-5.223934840188761,5.827922086411493
19807378000,720.692,528.817,,,-6.049390207915631,5.386604005975285
19812382000,701.707,514.66,,,-7.286664146759133,6.293830691928546
19817385000,692.687,503.213,69.0,,-7.878751701474087,7.027726064302519
19822378000,690.324,506.697,69.0,,-8.029701518426785,6.802421802737896
19827378000,692.982,504.996,69.0,,-7.858458347213284,6.913021774749942
19832378000,698.31,505.484,69.0,,-7.512433177645765,6.883754147597687
19837378000,700.055,510.398,69.0,,-7.3962488767185075,6.567825043607235
19842378000,696.021,512.759,69.0,,-7.656441255540869,6.414287597281822
19847389000,693.441,511.03,69.0,,-7.824783910340425,6.524674469959126
19852503000,694.661,511.025,69.0,,-7.745679998963324,6.525442537598732
19857503000,695.245,511.382,69.0,,-7.707552254165281,6.502685728577583
19862508000,696.063,509.862,69.0,,-7.655430718048083,6.600909129322361
19867503000,697.197,509.414,69.0,,-7.582177930602369,6.630201016166607
19872503000,697.824,508.233,69.0,,-7.542269004368445,6.706488964283847
19877506000,701.023,502.689,69.0,,-7.338203007281099,7.06480997541564
19882503000,705.729,502.775,69.0,,-7.032701178684644,7.06103543412615
19887503000,710.034,504.432,69.0,,-6.752356704307069,6.9558345018087735
19892506000,711.035,506.564,69.0,,-6.686177641592828,6.818787716523713
19897503000,711.807,508.192,69.0,,-6.635173350559965,6.714095537414354
19902503000,719.215,513.419,69.0,,-6.151876943469856,6.379396030813877
19907503000,718.66,511.81,69.0,,-6.188690415355386,6.483015321384814
19912503000,721.423,513.049,69.0,,-6.008846829244534,6.403886575750757
19917503000,724.521,512.573,69.0,,-5.808127346088298,6.435516093475636
19922503000,725.456,511.173,69.0,,-5.748116646771854,6.526071799250898
19927503000,726.65,510.339,69.0,,-5.671011323006911,6.580190569283092
19932503000,729.089,507.946,69.0,,-5.513822487927391,6.735223270672804
19937503000,730.993,508.615,69.0,,-5.38998967899016,6.692598956821935
19942503000,732.474,508.983,69.0,,-5.293677859079726,6.669215648921605
19947503000,735.431,508.03,69.0,,-5.102185701870446,6.7314985266726
19952503000,736.268,509.908,69.0,,-5.047067010102749,6.610491838477345
19957503000,739.143,509.55,69.0,,-4.860603701601186,6.634324637147434
19962503000,742.101,508.82,69.0,,-4.668905636428264,6.682132818508241
19967503000,744.5,511.583,69.0,,-4.5121513040419625,6.504350910201727
19972503000,746.016,511.974,69.0,,-4.413672524530726,6.479393093206482
19977516000,745.964,512.706,,,-4.416761418216793,6.432138272543092
19982503000,748.637,512.634,,,-4.24332863798714,6.437365959916626
19987632000,749.892,514.087,,,-4.1614146091264885,6.3437926032708125
19992631000,732.953,514.938,,,-5.260117146184777,6.285112337391155
19997633000,709.231,515.832,,,-6.798150926533896,6.220765572210188
20002628000,674.37,509.942,,,-9.06191081072848,6.586794082432959
20007628000,662.983,527.204,,,-9.78740510331628,5.471904854467835
20012628000,665.868,534.415,,,-9.5962227209891,5.009364070095085
20017632000,658.214,533.26,70.0,,-10.092070243095444,5.080765177837483
20022628000,659.446,531.413,70.0,,-10.013550656233472,5.199951116524104
20027642000,659.372,530.895,70.0,,-10.018652466234151,5.233257819622513
20032628000,662.548,522.698,70.0,,-9.818576396777267,5.761454336279153
20037628000,663.885,527.188,70.0,,-9.728988785198112,5.473293416103021
20042628000,662.811,528.608,70.0,,-9.797625953874544,5.381599832449816
20047635000,664.076,526.499,70.0,,-9.717115610489836,5.517689993375491
20052628000,660.434,523.892,70.0,,-9.954578437884445,5.683770804590222
20057637000,659.732,526.891,70.0,,-9.997976807389774,5.490751605113143
20062628000,660.119,526.506,70.0,,-9.973170163495274,5.515633554721506
20067628000,658.666,528.923,70.0,,-10.065611043874323,5.359683861970919
20072628000,657.111,528.132,70.0,,-10.166734188304424,5.409931841383415
20077634000,654.126,524.356,70.0,,-10.362525081829592,5.651291338667735
20082628000,655.738,523.592,70.0,,-10.258766119835531,5.7010440811453975
20087628000,655.046,521.145,70.0,,-10.305334375743776,5.85794693279094
20092628000,655.322,521.256,70.0,,-10.28735888274796,5.850954248023787
20097628000,655.11,521.434,70.0,,-10.300988013515916,5.8394203955224855
20102628000,656.267,525.735,70.0,,-10.22299599081129,5.563598010038697
20107632000,657.435,525.615,70.0,,-10.147533530344614,5.571771663696525
20112628000,654.802,526.443,70.0,,-10.317288526085823,5.517495414201721
20117628000,654.349,529.539,70.0,,-10.344508203406797,5.318348839013577
20122628000,653.584,528.144,70.0,,-10.39493735483868,5.407668138777419
20127753000,649.127,521.498,70.0,,-10.688197850680496,5.832575674309408
20132753000,651.316,521.09,,,-10.546817522268771,5.859808053209683
20137753000,652.069,519.913,,,-10.498953561826465,5.935764620436927
20142753000,659.996,529.491,,,-9.97915852019036,5.32372738621364
20147753000,676.4,531.315,,,-8.916523806426392,5.212481671107681
20152753000,730.564,540.594,,,-5.405737377807654,4.628744139918758
20157753000,770.717,536.287,,,-2.8056107696576675,4.912714986987916
20162753000,794.211,539.454,,,-1.2827940701053424,4.709631138635535
20167753000,808.063,551.2,,,-0.3849614646055045,3.950436585416943
20172753000,812.041,541.549,71.0,,-0.1274492387359142,4.574548691335125
20177753000,819.475,536.928,71.0,,0.3542333227369378,4.873239841034111
20182753000,820.346,544.585,71.0,,0.4105377425480955,4.378143186585223
20187760000,819.648,541.068,71.0,,0.3653843406918519,4.605522342050994
20192753000,817.55,541.923,71.0,,0.2294717314689459,4.5502992233143225
20197753000,816.313,540.325,71.0,,0.1493130400547702,4.653614986142537
20202753000,815.797,540.244,71.0,,0.1158741080141314,4.658877626931528
20207753000,815.963,543.38,71.0,,0.1266487498372613,4.456070502584022
20212753000,819.442,544.717,71.0,,0.3520010562474885,4.369608102429061
20217767000,820.111,545.427,71.0,,0.3952810818044822,4.323687688540495
20222753000,819.863,544.669,71.0,,0.3792686484265737,4.372702323207196
20227753000,817.822,544.3,71.0,,0.2470392077081274,4.3965747550003975
20232753000,814.859,543.993,71.0,,0.0551342404632716,4.416499676113412
20237754000,813.091,541.21,71.0,,-0.0594156809002311,4.596452555215052
20242753000,813.422,541.129,71.0,,-0.0379721209713351,4.601644662986235
20247753000,815.341,545.874,71.0,,0.0863715786417696,4.294833060959479
20252753000,814.796,545.772,71.0,,0.0510089231376258,4.301432783799154
20257764000,814.167,545.75,71.0,,0.0102934042946564,4.302889970331687
20262880000,812.926,547.161,71.0,,-0.0700884447958523,4.211644729708978
20267878000,809.821,546.293,71.0,,-0.2712039490600947,4.267774619204689
20272766000,808.031,546.849,71.0,,-0.3871204534216184,4.231813962408071
20277878000,815.019,544.102,71.0,,0.0654853172875094,4.409394642338858
20282878000,809.314,544.354,71.0,,-0.3040548627478547,4.393110849179985
20287886000,809.653,546.83,71.0,,-0.2820329348635947,4.233029624728848
20292878000,808.572,543.686,71.0,,-0.352160439096535,4.436339077306784
20297878000,804.754,542.294,71.0,,-0.5995483964777382,4.526306489981723
20302878000,805.419,542.007,71.0,,-0.5564939874876421,4.544880628968142
20307878000,805.161,541.778,71.0,,-0.5732013540779861,4.559652713786946
20312878000,803.667,540.488,71.0,,-0.6700388123876648,4.643042036710722
20317882000,805.821,539.98,71.0,,-0.5304686665835491,4.675956586664345
20322878000,801.79,538.762,71.0,,-0.7917229028879793,4.754615600353233
20327878000,799.919,540.884,71.0,,-0.9128795550480032,4.617359676307786
20332878000,799.297,540.019,71.0,,-0.9532196901391944,4.673278258983522
20337878000,801.303,539.566,71.0,,-0.8232604784541,4.702592141102479
20342878000,801.211,541.523,71.0,,-0.8291410622365084,4.576096334495377
20347878000,789.674,531.493,71.0,,-1.57754750640219,5.224052133247186
20352878000,792.799,534.32,71.0,,-1.374724932432752,5.041497682854169
20357878000,793.468,535.112,71.0,,-1.3313256841180543,4.990331804811532
20362878000,793.715,536.922,71.0,,-1.315127568540854,4.873327779246281
20367887000,796.587,536.57,,,-1.1290592325200226,4.896161884412972
20372878000,797.393,537.584,,,-1.0767246987528585,4.830649945171568
20377878000,797.623,537.053,,,-1.0619012023351544,4.8649845864508015
20382878000,802.127,537.146,,,-0.7699582793116836,4.859099412671439
20387890000,816.763,540.721,,,0.1784481202327627,4.628004646331954
20392883000,839.383,562.346,,,1.6423385047065566,3.228901625604644
20398003000,851.038,553.652,,,2.3973129695969906,3.790376394590368
20403003000,856.762,556.765,,,2.7674195294559367,3.588686794155053
20408005000,853.252,546.272,72.0,,2.541486392392377,4.267225215270738
20413003000,853.118,546.677,72.0,,2.5327069860969806,4.241022069698102
20418003000,851.228,547.496,72.0,,2.410244702305812,4.188264930561752
20423003000,850.656,550.775,72.0,,2.372880015567015,3.9763783600080127
20428003000,851.001,550.969,72.0,,2.395194411699529,3.963768899617624
20433003000,850.776,550.972,72.0,,2.380618521937311,3.963589237122973
20438003000,849.868,552.676,72.0,,2.321639376775111,3.853532574798517
20443015000,849.629,552.145,72.0,,2.30626922707368,3.887850262444675
20448003000,847.554,551.3,72.0,,2.1720384554836203,3.942659556183676
20453003000,846.214,551.211,72.0,,2.0852787556381176,3.948475938542244
20458003000,847.814,550.908,72.0,,2.188861369759307,3.967969064725819
20463003000,845.304,552.288,72.0,,2.026233787710565,3.878954660116376
20468003000,847.598,553.646,72.0,,2.174616554020477,3.790969195685848
20473003000,848.188,553.083,72.0,,2.2128775556911244,3.8273602421619857
20478003000,848.71,549.055,72.0,,2.247066518616782,4.08768518215793
20483003000,843.707,553.879,72.0,,1.9227650208220608,3.776189227856072
20488003000,843.736,544.525,72.0,,1.925478026291357,4.380889788560149
20493003000,843.819,545.088,72.0,,1.9307569025414668,4.3444887704842525
20498006000,849.178,541.211,72.0,,2.2782663522387714,4.59470714506882
20503012000,850.47,538.537,72.0,,2.362277196498894,4.767438331736757
20508003000,849.22,539.226,72.0,,2.281189949032524,4.723003764090659
20513003000,849.867,538.092,,,2.323259522156211,4.796240421483493
20518006000,847.842,540.002,,,2.1918633286922136,4.672975850944171
20523003000,851.579,549.902,,,2.432692956618355,4.032705082593649
20528009000,859.736,575.75,,,2.957906812956503,2.361189790191636
20533130000,861.642,611.393,,,3.079615226270109,0.0566374617350603
20538128000,868.614,634.824,,,3.530858058052507,-1.4579492005899175
20543128000,867.791,686.4,,,3.484027353292892,-4.790809151119501
20548128000,873.22,720.019,,,3.844344442181593,-6.960568860320443
20553128000,864.976,769.32,,,3.3254832182863767,-10.14261298478912
20558128000,864.277,798.539,,,3.2923535644009574,-12.02533914085049
20563138000,872.153,817.546,,,3.8190929540271488,-13.245968234950146
20568128000,859.651,838.753,,,3.008346314174495,-14.61487130386539
20573128000,867.827,836.546,,,3.546072611132359,-14.469814567811357
21088628000,819.164,833.103,,6.0,0.3376773344762313,-14.259596463369322
21093628000,870.232,748.542,,6.0,3.6599294832125007,-8.80149888188902
21098628000,856.189,744.803,,6.0,2.744861108931395,-8.563487485746396
21103628000,804.692,733.317,,6.0,-0.606239693458756,-7.826198897276218
21108628000,735.187,670.428,,6.0,-5.102662997956426,-3.756464120489572
21113628000,907.726,732.715,,6.0,6.089802570418776,-7.769046953765445
21118628000,1027.285,681.357,,6.0,13.785828520534972,-4.416635194932425
21123628000,892.573,687.638,,6.0,5.088802064663168,-4.866576468950015
21128628000,1045.114,650.089,,6.0,14.914870621392534,-2.4130376686740926
21133628000,1172.144,609.922,,6.0,23.051534113099866,0.1484205376934706
21138628000,1102.308,620.445,,6.0,18.57807879900644,-0.5172474404879798
21143628000,1120.95,596.607,,6.0,19.774575288099594,0.990724948597548
21148628000,1116.281,603.885,,6.0,19.47395842701763,0.5311259511091669
21153631000,1074.036,533.465,,6.0,16.80462682337147,5.011751105224768
21158637000,1078.757,547.239,,6.0,17.095188864117954,4.133687059924356
21163628000,1134.507,526.127,,6.0,20.701292047532668,5.432900181681855
21168637000,1190.765,539.102,,6.0,24.29497165853548,4.573701436472912
21173628000,1127.946,524.038,,6.0,20.28257868488305,5.569955314637565
21178628000,1125.334,525.656,,6.0,20.112491207021744,5.469968311380442
21183628000,1118.484,517.766,,6.0,19.68313158541237,5.973851180296748
21188628000,1120.101,498.919,,6.0,19.81753153975342,7.162538605858859
21193628000,1121.058,513.422,,6.0,19.855218565341595,6.24589990838228
21198628000,1119.968,509.527,75.0,6.0,19.791149206998785,6.492895208019332
21203628000,1117.609,509.154,75.0,6.0,19.639922738972984,6.51860692959368
21208630000,1112.705,505.328,75.0,6.0,19.33034170918324,6.765032784925653
21213757000,1115.221,501.587,75.0,6.0,19.498592616251543,6.99899819375848
21218753000,1113.559,504.677,75.0,6.0,19.386361722875225,6.805345306576069
21223753000,1107.995,504.546,75.0,6.0,19.02827085736984,6.818955603680103
21228753000,1104.154,503.614,75.0,6.0,18.78234961265496,6.881553631475698
21233753000,1098.213,502.399,75.0,6.0,18.40145917895168,6.964064249822978
21238753000,1088.44,498.046,75.0,6.0,17.778430143997387,7.249145955040151
21243756000,1081.965,499.008,75.0,6.0,17.359327626464324,7.194163905669214
21248753000,1078.981,498.555,75.0,6.0,17.167592748625307,7.225678651139418
21253753000,1077.258,499.785,75.0,6.0,17.054599910268465,7.149140820736853
21258753000,1079.736,503.591,75.0,6.0,17.208771214373137,6.905275245935903
21263753000,1072.561,503.662,75.0,6.0,16.746031147460968,6.907031782707046
21268753000,1073.076,498.979,75.0,6.0,16.786000465773288,7.204118723020224
21273753000,1075.053,496.635,75.0,6.0,16.91711300679807,7.351215882047412
21278756000,1073.483,497.761,75.0,6.0,16.814123261940626,7.281152892018079
21283753000,1067.851,494.449,75.0,6.0,16.45561671942824,7.496707127725693
21288760000,1066.175,495.8,75.0,,16.345414723792743,7.412382956703381
21293760000,1065.349,494.343,75.0,,16.294271494664606,7.505750905350149
21298753000,1062.501,494.784,75.0,,16.10974198062766,7.480311813870065
21303753000,1058.682,493.959,,,15.864382584009997,7.536218173501544
21308753000,1058.472,490.929,,,15.855327493002044,7.72921674807377
21313753000,1059.862,489.461,,,15.947335172624424,7.821319068253249
21318753000,1070.3,508.619,,,16.593398315014756,6.593823250307184
21323753000,1087.328,517.018,,,17.67930400232681,6.046838966969405
21328753000,1095.469,548.412,,,18.168017587116488,4.050323445121586
21333753000,1094.404,542.314,76.0,,18.10530853773484,4.437570411673327
21338753000,1091.044,537.703,76.0,,17.894013945121618,4.73201302098537
21343755000,1086.784,532.461,76.0,,17.625705380574868,5.067352049671247
21348880000,1082.775,528.346,76.0,,17.372377679902108,5.331233956333331
21353877000,1079.207,531.035,76.0,,17.13983921439239,5.162887751818282
21358878000,1077.838,527.286,76.0,,17.055876531950975,5.401953555569491
21363878000,1077.128,527.308,76.0,,17.01016011240202,5.4010229162952506
21368878000,1072.747,520.852,76.0,,16.7356165176119,5.814374714996377
21373878000,1073.392,520.495,76.0,,16.777540557878723,5.836605243197212
21378878000,1070.052,524.166,76.0,,16.558251251504032,5.605626642278924
21383878000,1068.888,523.156,76.0,,16.484387663510066,5.670650840274295
21388877000,1068.945,523.693,76.0,,16.4874712157354,5.636441829267209
21393878000,1061.747,517.902,76.0,,16.0304810191918,6.009955449597747
21398885000,1062.261,517.614,76.0,,16.063951134358415,6.027911044569409
21403878000,1058.973,514.766,76.0,,15.85546970102942,6.211618489812158
21408878000,1060.297,512.591,76.0,,15.943410583689554,6.3490579154799045
21413878000,1055.376,515.188,76.0,,15.62308390554352,6.187327688173817
21418878000,1058.505,514.596,76.0,,15.825457786847062,6.2227308575589015
21423878000,1060.347,511.762,76.0,,15.947704574935631,6.40178713562197
21428889000,1060.648,512.271,76.0,,15.966439695096197,6.369167453220098
21433878000,1059.462,513.941,76.0,,15.887955816476422,6.263749667174937
21438878000,1061.546,513.009,76.0,,16.023452175770334,6.321507219467948
21443878000,1060.578,512.995,76.0,,15.961051082756184,6.32309332247965
21448878000,1059.968,511.206,76.0,,15.923921130860991,6.437427704556076
21453878000,1058.921,510.329,76.0,,15.857536435062396,6.494089733033456
21458878000,1062.586,507.833,76.0,,16.097080551719774,6.6500423971501705
21463878000,1061.95,509.264,76.0,,16.054239130820793,6.559518984289745
21468878000,1058.932,507.794,76.0,,15.861508616864358,6.655432165662762
21473878000,1057.233,508.507,76.0,,15.751013017651072,6.611390641898002
21478877000,1054.106,503.432,76.0,,15.555814597848544,6.937027252469518
21483879000,1057.071,505.819,76.0,,15.743967794377168,6.782652266776938
21489003000,1054.734,506.394,76.0,,15.59245682093517,6.747884455444659
21494003000,1057.245,507.123,76.0,,15.753521593914485,6.699463693308624
21499003000,1059.552,495.562,76.0,,15.918215992281974,7.433401168180692
21504006000,1060.017,498.213,76.0,,15.944444631479174,7.264301989935701
21509003000,1053.305,499.356,76.0,,15.509589971219745,7.19723276274689
21514003000,1053.274,499.422,76.0,,15.507474954909751,7.193077006864593
21519003000,1053.009,504.734,76.0,,15.483315669443094,6.854992725264581
21524003000,1054.87,499.217,76.0,,15.610782534419286,7.204816230521738
21529006000,1054.131,497.617,76.0,,15.565313105298676,7.307277143690844
21534003000,1053.956,496.726,76.0,,15.555261521267251,7.364189019331258
21539003000,1056.25,509.119,76.0,,15.68678283631627,6.5731631539510085
21544003000,1055.66,502.196,76.0,,15.657769075553174,7.014434102568942
21549003000,1053.967,502.091,76.0,,15.548633879593162,7.022519811950224
21554003000,1053.348,502.537,76.0,,15.508083779637923,6.994649722075639
21559007000,1052.911,500.555,,,15.482506879482276,7.121249982419887
21564003000,1049.472,497.852,,,15.264141389404196,7.29626902494239
21569003000,1039.119,501.616,,,14.590680547164002,7.064635175346779
21574003000,1026.579,514.239,,,13.76659411856879,6.267746824886027
21579003000,1023.191,511.482,,,13.550805457404245,6.44612493303084
21584003000,1021.186,516.395,77.0,,13.416357212991649,6.133372660551744
21589003000,1020.843,515.725,77.0,,13.3948457311201,6.176451277506205
21594004000,1027.576,514.809,77.0,,13.830372861510996,6.230638886272374
21599003000,1026.609,516.388,77.0,,13.76632832774646,6.13043432255613
21604003000,1022.903,513.794,77.0,,13.529769289477446,6.298532769877178
21609003000,1022.357,513.55,77.0,,13.4947925115285,6.31451368320318
21614002000,1022.072,517.255,77.0,,13.472654815392913,6.077863433268811
21619016000,1021.95,504.158,77.0,,13.47867163670565,6.915069072919301
21624128000,1021.452,504.315,77.0,,13.446337758871502,6.905381518061553
21629014000,1022.887,504.467,77.0,,13.538865943785035,6.894651584901612
21634127000,1023.993,506.507,77.0,,13.607983245173676,6.763508000169247
21639142000,1024.288,515.24,77.0,,13.617731967384184,6.205252399775292
21644127000,1025.792,516.864,77.0,,13.713129023526124,6.100511345483681
21649128000,1025.172,517.0,77.0,,13.672958996562556,6.092230008009188
21654128000,1028.398,501.313,77.0,,13.898554445403244,7.092149782112852
21659128000,1028.135,502.826,77.0,,13.87974823584758,6.995719036496206
21664133000,1026.999,503.518,77.0,,13.805571030205549,6.9523608882313495
21669134000,1026.158,504.182,77.0,,13.750470798819016,6.910513137305953
21674128000,1025.379,503.037,77.0,,13.701453301979134,6.984262367038319
21679127000,1027.106,508.501,77.0,,13.806810160221842,6.633946039434438
21684128000,1027.807,508.419,77.0,,13.852136829520877,6.638704936248848
21689128000,1028.356,507.937,77.0,,13.888160477694711,6.669111828740086
21694128000,1028.933,511.633,,,13.92130865785876,6.432620220591579
21699128000,1027.213,519.683,,,13.801973533292363,5.919520494440862
21704128000,1021.498,516.208,,,13.436646877206536,6.145156144275907
21709128000,1016.653,514.27,,,13.12582720941768,6.272112366153454
21714128000,971.768,564.9,,,10.196427751812324,3.044813754467022
21719127000,958.571,584.232,,,9.339924668375676,1.8041860684288984
21724127000,941.516,628.592,,,8.238044405254215,-1.051326768391134
21729128000,921.143,638.375,,,6.924496006689132,-1.6836510368080442
21734127000,909.857,668.72,,,6.201545336221167,-3.642517699078228
21739128000,895.529,699.236,,,5.283889551993889,-5.6142714237658975
21744128000,881.641,738.198,,,4.397870345855774,-8.131200365402073
21749133000,852.276,771.065,,,2.4972577527450603,-10.258155943337169
21754128000,843.083,797.819,,,1.903691656680892,-11.984404241099762
21759261000,820.123,810.286,,,0.3998200842631235,-12.790443340576736
21764253000,809.677,837.538,,,-0.2879323114429023,-14.545241580874368
22399763000,786.052,846.043,,7.0,-1.849313636194044,-15.0901528649604
22404753000,812.87,822.666,,7.0,-0.0767857944527316,-13.587940061483842
22409752000,828.947,726.288,,7.0,0.9703375096231772,-7.371747884811445
22414756000,767.873,746.654,,7.0,-3.0045589626785474,-8.683247503641937
22419752000,861.412,675.421,,7.0,3.0692208491555264,-4.082261580447308
22424762000,872.494,694.608,,7.0,3.790408796823236,-5.320252536239882
22429752000,1000.945,663.746,,7.0,12.078513650983371,-3.2997190636201204
22434758000,967.634,675.326,,7.0,9.935976310868302,-4.053550858529867
22439878000,957.719,676.715,,7.0,9.296587644978716,-4.145926970438103
22444877000,956.145,623.662,,7.0,9.18108693518485,-0.7329575235845713
22449877000,961.456,575.469,,7.0,9.528028129482678,2.3674325808585857
22454877000,966.232,567.064,,7.0,9.838572676498424,2.9070395954386075
22459877000,979.511,641.777,,7.0,10.689876332866715,-1.895125724002596
22464877000,963.75,588.532,,7.0,9.672990453576448,1.5269064658607283
22469877000,955.206,604.556,,7.0,9.120301959174656,0.4965720084678852
22474878000,938.667,636.021,,7.0,8.05519005545686,-1.5301885323225155
22479877000,953.293,588.463,,7.0,8.998734962432927,1.5325033051564545
22484883000,956.652,576.957,,7.0,9.2177826791583,2.2725628276202525
22489877000,967.914,575.211,,7.0,9.944523049355707,2.382868343511848
22494878000,960.268,568.492,,7.0,9.453423810382503,2.8164304163866247
22499877000,961.828,569.535,80.0,7.0,9.553712342032435,2.74907806772037
22504877000,961.205,569.467,80.0,7.0,9.513576413514702,2.7535269079787508
22509878000,965.569,570.667,80.0,7.0,9.79466538776072,2.675481045724436
22514878000,964.675,570.235,80.0,7.0,9.737163906608467,2.703448971524058
22519877000,962.851,573.619,80.0,7.0,9.618484782238289,2.48617108667239
22524884000,960.909,564.939,80.0,7.0,9.495923450313802,3.044868487631093
22529877000,962.762,558.76,80.0,7.0,9.617775183773396,3.441747042722001
22534878000,962.518,562.564,80.0,7.0,9.600625233916189,3.197243507455903
22539877000,958.396,562.534,80.0,7.0,9.334665870484448,3.200085904860336
22544886000,958.87,562.762,80.0,7.0,9.365186463334352,3.185358446002144
22549877000,951.198,563.868,80.0,7.0,8.869710102119805,3.11586504156529
22554883000,954.541,566.29,80.0,,9.0846325356312,2.959330033361681
22559877000,954.66,559.999,80.0,,9.094436488337305,3.364117819058911
22564878000,966.195,582.615,80.0,,9.831801698370889,1.907134876254149
22569877000,965.335,580.652,80.0,,9.776837866658877,2.033462907721796
22575003000,962.527,578.981,80.0,,9.596182048673434,2.141362483609444
22580003000,962.933,580.076,80.0,,9.622113232154076,2.0709130257881108
22585002000,963.798,580.225,80.0,,9.677832335923238,2.061158875234093
22590002000,966.303,576.563,80.0,,9.840277603020256,2.296239692997725
22595002000,969.926,576.535,80.0,,10.073859629255953,2.2973895907325668
22600002000,966.521,580.528,80.0,,9.853346187659469,2.0412824023276928
22605003000,965.754,577.529,80.0,,9.804625480404408,2.234259596174362
22610002000,966.941,571.938,80.0,,9.882759973558274,2.593482587677584
22615003000,963.564,571.352,80.0,,9.665129149808845,2.631873437555959
22620002000,962.953,572.285,80.0,,9.625472715586072,2.571959959107718
22625003000,965.561,577.483,80.0,,9.792201387115224,2.237231921116567
22630002000,968.146,579.388,80.0,,9.958340352389332,2.114321265834267
22635002000,965.725,573.642,80.0,,9.803837084684504,2.484178343665223
22640003000,975.801,562.489,80.0,,10.457408444225734,3.198734363996645
22645007000,975.949,567.695,80.0,,10.465015769284571,2.8642627248773502
22650003000,979.303,568.097,80.0,,10.681083056583892,2.8376581038887885
22655002000,978.664,568.896,80.0,,10.639565757821003,2.7865022402233026
22660002000,979.915,568.407,80.0,,10.720391625443623,2.81762552418788
22665012000,981.422,568.418,80.0,,10.817554508268858,2.816532402713849
22670011000,981.49,568.198,80.0,,10.82201477624367,2.830685013756243
22675002000,979.561,570.007,80.0,,10.697044298079472,2.714920853357806
22680002000,980.234,572.507,80.0,,10.739538130927736,2.55424336476712
22685002000,981.156,570.899,80.0,,10.79949709854586,2.6573058608691125
22690002000,979.362,570.382,80.0,,10.684049380901628,2.690864407170239
22695003000,979.988,566.476,80.0,,10.72584546572542,2.941600171503637
22700002000,979.581,566.393,80.0,,10.699646775061453,2.9470340977263687
22705003000,979.763,566.197,80.0,,10.711431141644532,2.9595450688595446
22710127000,980.968,565.535,80.0,,10.789381331145549,3.0017833255094604
22715127000,978.229,566.87,80.0,,10.612294783959772,2.9167278040152613
22720127000,981.291,564.175,80.0,,10.81071599673961,3.08904810472858
22725136000,979.777,562.694,80.0,,10.713690476541409,3.1845327582833822
22730127000,980.129,564.778,80.0,,10.73559133549313,3.050615855233282
22735127000,979.503,565.289,80.0,,10.6949842125699,3.0179173668582027
22740127000,974.59,570.438,80.0,,10.37641369204092,2.6883500074998885
22745127000,965.303,565.332,80.0,,9.77927805010026,3.0185953453668986
22750127000,960.507,564.024,80.0,,9.470314451089004,3.1038053343001946
22755128000,958.145,560.326,80.0,,9.319264311458078,3.342236812112179
22760127000,959.21,558.994,80.0,,9.388470842374966,3.4276139148711646
22765128000,962.333,572.844,80.0,,9.58528400659449,2.5361408250676254
22770127000,961.278,571.692,80.0,,9.517565019933576,2.610418709393908
22775128000,962.06,573.642,80.0,,9.567447525592868,2.484849182445457
22780127000,959.794,570.699,80.0,,9.422151024510264,2.6745588990906417
22785127000,962.525,572.119,80.0,,9.597864546314277,2.582734911890511
22790138000,959.595,569.279,80.0,,9.409760312202067,2.7659920502722137
22795128000,958.857,568.531,80.0,,9.36237876257552,2.8142117074027007
22800128000,959.091,565.905,80.0,,9.378364928083943,2.9831421194678924
22805127000,956.854,566.738,80.0,,9.233762928714652,2.9299718653169053
22810127000,957.415,567.838,80.0,,9.269593643283828,2.8590977032135965
22815127000,958.26,567.686,80.0,,9.324140316472292,2.868696404151146
22820127000,959.379,564.398,80.0,,9.397406938209723,3.080003081014349
22825131000,960.141,561.016,80.0,,9.447797105080884,3.2973741783586967
22830127000,959.222,563.551,80.0,,9.3876082059159,3.134520603235864
22835127000,958.107,562.797,80.0,,9.315939571121076,3.1832379621330897
22840127000,958.143,563.393,80.0,,9.318003095832246,3.1449203908433367
22845252000,956.399,562.517,80.0,,9.205790095052334,3.201681565634434
22850252000,958.654,561.799,80.0,,9.351534028845176,3.247308975075046
22855252000,959.484,563.339,80.0,,9.40458091065501,3.1480565439814807
22860253000,960.103,563.165,80.0,,9.44457119950166,3.1591376688019794
22865254000,956.852,566.037,80.0,,9.233848603105312,2.9750882336274
22870252000,957.89,561.21,80.0,,9.302456223337758,3.2854294983058128
22875252000,960.052,560.617,80.0,,9.44219513974926,3.323050325638161
22880252000,958.452,562.249,80.0,,9.338375143411646,3.218435961378056
22885252000,960.874,567.985,80.0,,9.492671870945928,2.8489399922706875
22890264000,960.548,565.25,80.0,,9.472528976482376,3.024924017123084
22895253000,959.073,564.902,80.0,,9.3775163701541,3.0476219274439527
22900253000,959.399,564.384,80.0,,9.398719100187638,3.08090143866789
22905252000,958.686,561.55,80.0,,9.35373927092174,3.26337109677621
22910252000,960.915,564.683,80.0,,9.496448348272004,3.061307374414086
22915252000,961.766,564.721,80.0,,9.551318700160246,3.058641874810874
22920252000,962.1,564.123,80.0,,9.573043730175828,3.0970455512627124
22925252000,960.897,562.715,,,9.49598158782511,3.18786090807568
22930252000,952.976,561.307,,,8.985329996454912,3.280282710166241
22935265000,953.077,563.487,,,8.991097235319037,3.140014448522254
22940252000,946.638,563.116,,,8.575599444238343,3.1652992380404785
22945252000,924.853,564.366,,,7.168505177385493,3.088935430611468
22950252000,905.63,541.172,,,5.932729707083935,4.588602566670726
22955260000,908.04,546.777,,,6.086872036068967,4.226538681398897
22960261000,907.419,547.589,81.0,,6.046488362432092,4.174242493105781
22965252000,907.276,546.648,81.0,,6.037528918624624,4.234963130368898
22970252000,908.854,554.897,81.0,,6.137191903935077,3.702505161215936
22975255000,909.17,553.323,81.0,,6.158062318407168,3.803955369101687
22980259000,911.998,552.84,81.0,,6.341041478348854,3.8346043260274287
22985377000,911.162,549.496,81.0,,6.287963870280079,4.050495755765248
22990377000,910.825,557.551,81.0,,6.2639271621729575,3.5308951393819936
22995377000,909.921,556.09,81.0,,6.205874048048198,3.625322392842717
23000380000,910.082,556.374,81.0,,6.216206977786557,3.606971410658233
23005377000,910.113,554.299,81.0,,6.218729818321194,3.7408571329424793
23010377000,912.228,554.301,81.0,,6.355467151671736,3.7403331467906673
23015377000,911.745,554.17,81.0,,6.324310801920028,3.748872881135565
23020377000,912.271,553.822,81.0,,6.358383307161144,3.771195778619912
23025378000,911.223,552.526,81.0,,6.290983697002106,3.85504181653926
23030377000,910.77,554.164,81.0,,6.261249952880539,3.749413648822968
23035378000,909.148,551.577,81.0,,6.157145788108316,3.916619975249513
23040381000,907.951,552.451,81.0,,6.079507360445647,3.860496674064372
23045387000,909.182,554.061,81.0,,6.158649706327482,3.7564009739409134
23050377000,909.754,554.198,81.0,,6.195532696648864,3.747408745398448
23055377000,907.781,555.074,81.0,,6.067766431621689,3.69124597869937
23060388000,906.555,551.734,81.0,,5.989411440110904,3.9069929147680975
23065378000,905.393,551.039,81.0,,5.914466450786314,3.952069097288712
23070377000,903.596,552.922,81.0,,5.797779338530968,3.8308519570824737
23075378000,903.846,552.92,81.0,,5.813929263801092,3.8309809485405104
23080377000,902.85,552.495,81.0,,5.749665911313974,3.858535450110175
23085379000,904.608,552.082,81.0,,5.863397022001819,3.884917779899071
23090378000,901.42,537.618,81.0,,5.66146618329604,4.818870770632321
23095378000,904.776,543.015,81.0,,5.876933520500128,4.469932835464096
23100384000,904.53,551.046,81.0,,5.85863659738765,3.951744301830349
23105377000,903.816,549.708,81.0,,5.812866235685785,4.038231776882725
23110377000,903.786,549.02,81.0,,5.811114934584605,4.08261644755945
23115377000,905.187,548.059,81.0,,5.901950969945889,4.144365193089266
23120502000,904.743,545.402,81.0,,5.8740374536774365,4.315872404978551
23125503000,906.548,546.771,81.0,,5.990410877901349,4.227176016872329
23130505000,906.87,547.482,81.0,,6.010967153870174,4.181255380540259
23135516000,907.258,544.99,81.0,,6.036873296737427,4.34196904837762
23140503000,905.118,543.538,81.0,,5.89887100721527,4.436101878155989
23145502000,905.448,541.955,81.0,,5.92068216676306,4.538144682046097
23150502000,904.083,545.558,,,5.831333453667345,4.305985997904821
23155503000,904.172,544.859,,,5.837285291947448,4.351060854096284
23160505000,902.202,543.59,,,5.710179437376708,4.433348068477914
23165502000,897.715,541.099,,,5.420653757986998,4.594960531713899
23170502000,878.542,537.058,,,4.1806116394602695,4.8593795007185046
23175502000,864.594,531.092,,,3.278479996149424,5.246823083212253
23180502000,863.62,527.262,,,3.2161721815698714,5.494399575963433
23185502000,863.18,530.604,82.0,,3.1869701505019354,5.278545080026127
23190504000,862.65,528.805,82.0,,3.152960022388504,5.394840731720801
23195502000,862.3,529.232,82.0,,3.130193575738025,5.367311332220424
23200510000,861.932,531.43,82.0,,3.1059389779200632,5.225397750074343
23205502000,862.041,531.616,82.0,,3.112971036600375,5.2133364500031245
23210514000,861.364,533.171,82.0,,3.0688503093601827,5.112939388829863
23215507000,862.802,532.309,82.0,,3.1621653567097088,5.168498028915223
23220502000,862.94,535.574,82.0,,3.1704578698659875,4.957501343703449
23225502000,866.124,532.418,82.0,,3.3773739320949963,5.160969282104678
23230502000,867.423,532.903,82.0,,3.461397111521573,5.129480343159552
23235502000,867.493,533.546,82.0,,3.465796286587791,5.087888997465887
23240502000,868.551,531.547,82.0,,3.534740310706681,5.216913186470209
23245508000,866.738,533.531,82.0,,3.4169226663406027,5.088970497460049
23250507000,868.256,531.379,82.0,,3.515689149430435,5.227799640587076
23255629000,867.197,529.948,82.0,,3.447343976749823,5.320401100144251
23260627000,868.114,527.537,82.0,,3.5073148548814213,5.475981254071844
23265628000,870.653,530.102,82.0,,3.6712276309138514,5.309886213670308
23270628000,874.285,530.285,82.0,,3.906489316893048,5.297452239717404
23275627000,874.955,524.751,82.0,,3.951341628192264,5.65473762344053
23280627000,874.868,530.167,82.0,,3.944302916915211,5.304988844218399
23285628000,876.699,531.205,82.0,,4.062703945109052,5.2376798469263575
23290627000,873.689,531.092,82.0,,3.867714059423392,5.245431177476457
23295627000,874.0,530.444,,,3.888033568553113,5.2872823355228
23300628000,876.201,531.074,,,4.030462035665632,5.246228006503992
23305636000,870.65,528.889,,,3.6713377412773074,5.388218286219437
23310627000,864.352,540.944,,,3.2609758559151656,4.6103850601956
23315627000,834.853,546.626,,,1.3500184245071956,4.245641364341501
23320627000,796.284,558.195,,,-1.1473379276452311,3.4978258549804875
23325634000,778.011,552.958,,,-2.3307991264910912,3.835659313026274
23330627000,751.139,570.053,,,-4.067697630346681,2.728604233612642
23335627000,718.146,555.51,,,-6.205131506042513,3.663727571275029
23340628000,705.241,544.025,,,-7.043953153152297,4.402050170406367
23345627000,701.675,543.623,,,-7.274833563049544,4.427084027021166
23350627000,695.537,539.283,,,-7.673923214391048,4.705296891767344
23355636000,697.882,539.278,83.0,,-7.522121292778601,4.706227944723367
23360627000,696.99,537.867,83.0,,-7.580510172654445,4.796951703604405
23365632000,687.141,534.894,83.0,,-8.219407810799257,4.985614419960675
23370627000,691.843,540.927,83.0,,-7.912217187819493,4.598332529545321
23375627000,698.968,544.132,83.0,,-7.449818007161655,4.393667081034098
23380627000,704.752,545.867,83.0,,-7.074904195555941,4.283130056607154
23385630000,701.828,544.87,83.0,,-7.264505339127313,4.346754627454406
23390752000,705.528,543.921,83.0,,-7.025400138377499,4.408834985393358
23395635000,709.585,539.09,83.0,,-6.764687890267237,4.72131770516358
23400753000,710.45,538.664,83.0,,-6.70885365773658,4.748995307919542
23405752000,717.697,541.349,83.0,,-6.238650547965882,4.577396017413897
23410752000,717.879,543.892,83.0,,-6.2260071072702186,4.413390401618907
23415752000,718.764,545.062,83.0,,-6.168290784311177,4.338035603363616
23420752000,720.573,547.917,83.0,,-6.050309217659192,4.154212259184912
23425755000,722.135,546.555,83.0,,-5.949619281031388,4.242367095818076
23430752000,724.527,545.629,83.0,,-5.795064566232567,4.302608196486724
23435752000,726.593,549.158,83.0,,-5.66031677163289,4.075196836485003
23440753000,728.443,548.949,83.0,,-5.540652941387261,4.088991572472864
23445753000,730.525,550.378,83.0,,-5.4054517864288965,3.997098264949486
23450757000,729.156,556.849,83.0,,-5.492421093288603,3.579073859560136
23455753000,738.969,555.052,83.0,,-4.85783104668856,3.696481238571857
23460752000,741.939,554.972,83.0,,-4.665626801146684,3.7020700470510937
23465753000,742.544,555.62,83.0,,-4.626339466709041,3.660279984323302
23470752000,742.814,556.845,83.0,,-4.608600211425125,3.581167616816816
23475755000,746.223,549.924,83.0,,-4.389405632569536,4.028691624985591
23480759000,746.596,551.029,83.0,,-4.365048884554795,3.957333936164513
23485753000,748.361,554.814,83.0,,-4.250013539234348,3.713060965401064
23490752000,749.43,553.642,83.0,,-4.1810082325904885,3.788880297877665
23495752000,749.116,553.656,83.0,,-4.201368546032674,3.787971884772527
23500752000,748.165,555.637,,,-4.26251568298773,3.65982611659841
23505753000,752.008,556.241,,,-4.013682538065831,3.6212672151941296
23510755000,753.377,555.549,,,-3.925177091208777,3.666082698825449
23515752000,771.695,558.43,,,-2.739021458045653,3.481456022282668
23520752000,786.584,565.19,,,-1.7747126786799103,3.045184774797195
23525877000,785.77,564.801,84.0,,-1.827453724733244,3.070289092765366
23530877000,786.652,565.469,84.0,,-1.7702812481458037,3.027140591348666
23535878000,786.832,561.003,84.0,,-1.7589509000298786,3.3159196867551044
23540877000,786.754,559.493,84.0,,-1.76413800486385,3.4135967143074804
23545878000,783.559,558.076,84.0,,-1.9710790945349617,3.505101781803295
23550877000,784.685,557.436,84.0,,-1.898254838910839,3.546521471247589
23555877000,783.618,557.292,84.0,,-1.9673392913000485,3.5557487516482755
23560877000,783.537,559.158,84.0,,-1.972419424669572,3.4350972388341403
23565878000,784.202,561.179,84.0,,-1.9291792127480585,3.304436239677296
23570877000,782.316,560.554,84.0,,-2.0513507140321283,3.344748233719032
23575877000,781.768,560.803,84.0,,-2.0867627798001456,3.328669900865321
23580877000,781.747,559.852,84.0,,-2.088202250718596,3.390123379996944
23585880000,782.678,558.59,84.0,,-2.028071367753283,3.4718153439143333
23590877000,784.186,557.87,84.0,,-1.9304950915189267,3.5184404873733137
23595878000,784.014,560.419,84.0,,-1.941429257347733,3.353602039671264
23600879000,783.335,564.285,84.0,,-1.9850630209587208,3.1035652896042465
23605877000,784.634,554.135,84.0,,-1.901833974524033,3.7599428787413895
23610878000,786.749,553.27,84.0,,-1.764996726480916,3.816008615143596
23615887000,785.515,551.319,84.0,,-1.845079907387984,3.942108121725386
23620877000,786.357,553.211,84.0,,-1.7903656519946352,3.8197866326498415
23625877000,784.259,554.018,84.0,,-1.926112729743072,3.7674934149219
23630877000,783.044,555.87,84.0,,-2.004599274403164,3.647672520491586
23635877000,782.739,558.652,84.0,,-2.024118860089273,3.467808487870305
23640881000,781.119,559.947,84.0,,-2.128839510870982,3.3839426953405565
23645877000,780.2,556.005,84.0,,-2.188716439950192,3.63880869174648
23650878000,779.873,557.339,84.0,,-2.2097625114447474,3.5525329851948344
23655877000,776.185,556.935,,,-2.448524109199476,3.5784310546231115
23660877000,778.294,557.581,,,-2.311926950412641,3.5367832930619554
23666002000,785.524,561.647,,,-1.8436116584925544,3.274228400000857
23671002000,785.721,601.493,,,-1.828972747965123,0.697050464666466
23676006000,787.891,640.21,,,-1.6891356676657905,-1.807305491938868
23681004000,784.144,682.682,,,-1.9347608102411264,-4.553522446155939
23686002000,791.731,711.683,,,-1.44617213181617,-6.42818058950754
23691003000,801.522,758.399,,,-0.8148297460075719,-9.445185087486784
23696010000,799.376,782.636,,,-0.9580033336018752,-11.008397932388892
23701003000,796.074,802.349,,,-1.1775596360258194,-12.278643785509862
23706003000,790.48,831.556,,,-1.5523685587843417,-14.158743657322566
24256502000,898.586,834.353,,8.0,5.570635118582008,-14.313015936741252
24261502000,919.657,805.681,,8.0,6.925119877292298,-12.457314251846412
24266505000,944.781,760.204,,8.0,8.51843029094982,-9.519132695536989
24271505000,982.545,740.634,,8.0,10.950278373933577,-8.237861099518193
24276502000,983.539,730.461,,8.0,11.00411443417702,-7.585091332927515
24281502000,985.337,705.487,,8.0,11.09806250659214,-5.982606458874026
24286502000,946.244,646.44,,8.0,8.545938714630788,-2.200278394589927
24291502000,1033.738,713.811,,8.0,14.23154009086075,-6.485647904130368
24296505000,1074.9,652.996,,8.0,16.829987655775017,-2.58911732271026
24301502000,1037.83,582.916,,8.0,14.443686250587035,1.8753677919827192
24306505000,1045.501,597.477,,8.0,14.933023252522752,0.9445553135503406
24311502000,1022.361,551.698,,8.0,13.46346186491762,3.875324803420017
24316502000,999.108,573.478,,8.0,11.955298199342629,2.4877666606652067
24321502000,1046.964,606.125,,8.0,15.0259702538697,0.3925765932055297
24326502000,1049.929,597.523,,8.0,15.21752629252421,0.941152466895395
24331502000,1058.131,560.81,,8.0,15.759251860695324,3.279627522253326
24336505000,1036.994,542.06,,8.0,14.412581201666844,4.484813435539381
24341631000,1043.2,546.157,,8.0,14.808985260915597,4.220293379362688
24346630000,1024.802,532.315,,8.0,13.63498462262614,5.1135811208094255
24351627000,1033.037,535.154,86.0,8.0,14.163321951663267,4.92784367441187
24356627000,1024.235,524.217,86.0,8.0,13.60553948688057,5.631565245813951
24361634000,1025.677,526.997,86.0,8.0,13.695973234100572,5.453002825840239
24366640000,1029.937,528.843,86.0,8.0,13.969021958379995,5.332653653536044
24371627000,1032.075,528.637,86.0,8.0,14.107043383122187,5.344602398829549
24376629000,1025.583,521.407,86.0,8.0,13.695176991215208,5.810321800806258
24381627000,1024.611,517.655,86.0,8.0,13.636106220076243,6.0507027157704805
24386627000,1027.32,518.158,86.0,8.0,13.810416364246509,6.016852531763466
24391627000,1030.085,514.786,86.0,8.0,13.992321765730116,6.230481412976006
24396627000,1031.006,515.79,86.0,8.0,14.050703271052935,6.165763595484694
24401627000,1027.129,512.599,86.0,8.0,13.803851202198553,6.372161773026367
24406627000,1025.302,514.488,86.0,8.0,13.683907319669274,6.252640077875067
24411627000,1016.18,514.014,86.0,8.0,13.0955042062824,6.288773545198558
24416627000,1013.739,512.985,86.0,8.0,12.938932823455657,6.35611950638028
24421627000,1012.042,512.362,86.0,8.0,12.829969906184909,6.397043116907695
24426627000,1013.569,511.242,86.0,8.0,12.929688254445171,6.467741879070573
24431630000,1010.036,509.183,86.0,8.0,12.703567129271311,6.601710874988902
24436627000,1010.245,510.476,86.0,8.0,12.715727836984769,6.518847013201119
24441627000,1007.924,512.058,86.0,8.0,12.564273263492652,6.419078128252484
24446627000,1008.593,512.911,86.0,8.0,12.606640510397073,6.364044823134152
24451633000,1003.946,508.949,86.0,,12.310247237863502,6.62054837897856
24456634000,999.473,505.446,86.0,,12.024609646378984,6.847701047651045
24461631000,1001.335,507.081,86.0,,12.14336581322719,6.741784729463442
24466628000,999.226,506.307,86.0,,12.007760515024955,6.792696763592602
24471627000,994.813,510.235,86.0,,11.718747262448296,6.543695768825527
24476627000,995.09,509.774,86.0,,11.737066084880055,6.5730805565008525
24481754000,995.266,509.728,86.0,,11.748480457648425,6.575929394168439
24486752000,993.4,509.445,86.0,,11.628095577418406,6.595160993609945
24491755000,986.691,513.101,86.0,,11.19114746885658,6.36460273496497
24496752000,987.371,510.642,86.0,,11.237241681377578,6.521910549546069
24501752000,988.042,510.009,86.0,,11.281212592542152,6.562137969372841
24506752000,989.058,514.19,86.0,,11.343200493875706,6.293462568049002
24511752000,987.864,512.004,86.0,,11.267921643480124,6.434295239360714
24516756000,986.646,508.999,86.0,,11.191837622628707,6.6276613646008204
24521752000,985.917,509.907,86.0,,11.14385671783651,6.569876549866524
24526752000,985.648,511.157,86.0,,11.125395268919402,6.4898170515560585
24531752000,984.011,511.901,86.0,,11.01889207226866,6.443054256534325
24536752000,983.065,509.732,86.0,,10.959586653605346,6.582676631357413
24541757000,983.672,511.253,86.0,,10.997533778526906,6.484784412941759
24546764000,991.088,502.996,86.0,,11.484679102258688,7.009917852355131
24551752000,995.622,501.025,86.0,,11.77994590004861,7.133328439423163
24556752000,995.545,501.639,86.0,,11.774336278060922,7.094075150950535
24561752000,995.696,499.598,86.0,,11.786204089242098,7.224738852144951
24566752000,993.141,492.913,86.0,,11.627885890611388,7.654715702983994
24571752000,991.803,494.184,86.0,,11.539888742358457,7.574190970047502
24576752000,992.876,492.293,86.0,,11.611390904508776,7.6945784747256
24581758000,985.182,488.957,86.0,,11.116598935110344,7.913607977879734
24586752000,990.302,497.58,86.0,,11.439200246894076,7.357525104661925
24591752000,991.467,502.352,86.0,,11.50982567017832,7.050942008197972
24596752000,993.311,504.895,86.0,,11.626673632567671,6.886801260393934
24601752000,994.016,505.099,86.0,,11.67203682501074,6.873341410768799
24606752000,996.993,503.794,86.0,,11.865859953643152,6.955060739456619
24611754000,997.004,503.208,86.0,,11.867183764766772,6.992626948834929
24616880000,997.958,502.678,86.0,,11.929354857504066,7.025934295306372
24621877000,995.893,501.853,86.0,,11.79667603859578,7.080134791463374
24626883000,995.524,503.195,86.0,,11.771461830810214,6.994377566951634
24631877000,996.028,504.787,86.0,,11.802456539475196,6.892042830054799
24636877000,992.648,495.597,86.0,,11.593133315181367,7.483065583502145
24641878000,993.956,498.667,86.0,,11.67460956336415,7.285509895840013
24646883000,992.635,497.121,86.0,,11.59070818422394,7.385437420889744
24651877000,995.133,500.703,86.0,,11.748638404263517,7.154284484806333
24656877000,996.346,503.216,86.0,,11.824586421398896,6.992540087179554
24661877000,997.073,502.696,,,11.872146102299116,7.02538585687576
24666877000,994.851,504.308,,,11.726843334294394,6.923462272102396
24671877000,974.149,502.345,,,10.389150443187408,7.061682688487869
24676877000,965.072,499.866,,,9.803551072692146,7.225892640659064
24681883000,965.535,497.435,,,9.83563356399234,7.381771522120255
24686877000,961.488,496.185,87.0,,9.57449816527128,7.464370027485052
24691884000,963.199,494.583,87.0,,9.68678314535169,7.56628755756551
24696877000,962.783,495.198,87.0,,9.659305325439746,7.527017004739257
24701877000,961.824,496.343,87.0,,9.596157147250862,7.4539804634434255
24706886000,963.449,492.966,87.0,,9.704434477704844,7.670007836052533
24711877000,964.532,493.854,87.0,,9.773806450598864,7.61235693637512
24716891000,965.293,485.093,87.0,,9.83129110779554,8.174424672630753
24721877000,969.388,486.74,87.0,,10.095217415071293,8.066169555403228
24726878000,966.845,485.321,87.0,,9.931735080762396,8.158847471684119
24731877000,971.396,487.317,87.0,,10.224887055443096,8.027839047551165
24736878000,970.906,486.417,87.0,,10.19396735216136,8.085936543070913
24741877000,971.036,482.836,87.0,,10.205989454982246,8.315649608913239
24746877000,967.93,487.169,87.0,,10.00030358181256,8.039528138598548
24751892000,967.987,486.675,87.0,,10.004458571539043,8.07120765239139
24757002000,968.307,485.586,87.0,,10.026301568686453,8.14091909729393
24762002000,967.474,487.488,87.0,,9.970414004458004,8.019311226939799
24767002000,966.031,483.193,87.0,,9.881019026635483,8.295925191387447
24772002000,965.05,482.134,87.0,,9.818403147015347,8.36458998466724
24777005000,966.865,481.011,87.0,,9.937281792373447,8.435459561422611
24782002000,965.644,480.649,87.0,,9.858462942790627,8.459532705814436
24787002000,965.099,486.081,87.0,,9.817781435850572,8.111153766326963
24792002000,963.83,487.697,87.0,,9.733902863239528,8.008129351979498
24797010000,968.402,484.633,87.0,,10.033357564151602,8.202038880284057
24802002000,968.641,481.068,87.0,,10.052446865324786,8.430669034954368
24807005000,966.546,477.802,87.0,,9.919885561632622,8.641676239901564
24812002000,965.632,476.789,87.0,,9.861586455608055,8.707274469150379
24817002000,967.174,484.542,87.0,,9.953841284635448,8.20861767159295
24822002000,965.601,484.243,87.0,,9.8521046834569,8.228796755732814
24827002000,963.429,485.262,87.0,,9.710218580297331,8.164768796307028
24832002000,965.228,488.372,87.0,,9.82394953620178,7.963923275561875
24837002000,965.17,487.397,87.0,,9.821110464675934,8.026577472243007
24842002000,963.805,483.196,87.0,,9.736606581226706,8.29714405852943
24847002000,965.505,489.063,87.0,,9.84126723144115,7.919435084798635
24852012000,966.046,489.222,87.0,,9.876212061323733,7.908848662271079
24857002000,962.399,484.948,87.0,,9.64368894801903,8.185501426653214
24862002000,963.597,486.128,87.0,,9.720273302013467,8.109021485983833
24867002000,964.954,486.067,87.0,,9.808354350674795,8.112132688546756
24872002000,964.696,485.625,87.0,,9.792060443845749,8.140630578597538
24877010000,963.705,490.1,87.0,,9.723614235645623,7.853915188125488
24882002000,963.81,490.013,87.0,,9.730519836661394,7.859446138458417
24887131000,964.138,491.418,87.0,,9.750450423824168,7.769017197532235
24892127000,964.685,495.074,87.0,,9.782660915896672,7.533905902243669
24897014000,959.833,490.394,87.0,,9.472296394512496,7.837258094572374
24902127000,962.859,493.471,87.0,,9.665704136778526,7.637887749095153
24907127000,964.383,493.08,87.0,,9.7648362531145,7.662156412396873
24912127000,963.996,494.102,87.0,,9.738880656136018,7.596719153304875
24917127000,963.685,494.674,87.0,,9.718198870458778,7.56017825993179
24922127000,961.143,492.159,87.0,,9.555651806563471,7.723132247807888
24927127000,963.178,490.424,87.0,,9.689134219596456,7.833396601995571
24932131000,967.755,490.671,87.0,,9.985631925371472,7.814846131671477
24937127000,965.433,489.888,87.0,,9.835800164830014,7.866479755170016
24942127000,964.927,491.247,87.0,,9.801769497028472,7.779513924062157
24947127000,962.962,491.243,87.0,,9.67438761146669,7.78089887598743
24952127000,963.205,489.732,87.0,,9.69149604541535,7.877810991920223
24957127000,963.374,490.252,87.0,,9.702024721642356,7.844334900788257
24962127000,968.685,488.237,87.0,,10.048183838650925,7.970525650855265
24967127000,968.043,485.289,87.0,,10.009466277583776,8.160108881486387
24972127000,968.365,484.256,87.0,,10.031331780648834,8.226214034421988
24977127000,967.337,482.204,87.0,,9.966750095876728,8.358578261547343
24982134000,964.452,482.967,87.0,,9.77878222231779,8.3114364267025
24987127000,965.483,485.92,87.0,,9.842821284203817,8.121225069585282
24992127000,966.318,485.633,87.0,,9.897263557129175,8.139135937869387
24997127000,966.13,489.059,87.0,,9.881755678963035,7.919326190379515
25002127000,965.904,487.944,87.0,,9.868206217542587,7.991028809038438
25007127000,966.001,486.594,87.0,,9.875743041156246,8.077648685473305
25012134000,967.622,485.128,87.0,,9.98231616959243,8.170724720587183
25017127000,969.778,480.801,87.0,,10.12653102642876,8.447079974435924
25022252000,968.084,479.894,87.0,,10.017501633788576,8.506382485267201
25027252000,966.67,479.525,87.0,,9.926137648443955,8.531009478811807
25032269000,966.824,479.952,87.0,,9.935733602815226,8.503463501321963
25037252000,966.289,479.532,87.0,,9.901442711326215,8.530799574120064
25042252000,971.393,481.574,87.0,,10.230444356417005,8.396397613381295
25047265000,971.987,481.933,87.0,,10.268646458927668,8.372995478964143
25052252000,970.419,480.274,87.0,,10.168662316164047,8.480455055485463
25057252000,969.505,479.584,,,10.110025592581602,8.525329463209337
25062252000,970.076,477.233,,,10.149572742834492,8.67583567924295
25067252000,972.465,476.757,,,10.30510214302979,8.704761454073978
25072257000,982.025,488.516,,,10.91253562481991,7.944005053595156
25077252000,1017.825,528.358,,,13.18844738989968,5.3703377941359625
25082258000,1030.967,544.273,,,14.022725324726496,4.346318857714079
25087255000,1032.733,585.707,,,14.115081670649255,1.6980202394612434
25092252000,1058.603,590.678,,,15.77624147311057,1.3763712796214211
25097252000,1068.901,570.92,88.0,,16.445442305370666,2.632050671352669
25102252000,1053.634,589.34,88.0,,15.45738683966907,1.4625164724195527
25107253000,1055.39,587.996,88.0,,15.570615027115718,1.5478622569845937
25112252000,1051.787,589.718,88.0,,15.338651362733469,1.4386878573444537
25117252000,1049.573,593.128,88.0,,15.195545213532403,1.2215643354133467
25122252000,1048.784,594.123,88.0,,15.144604150000491,1.1581584618240948
25127252000,1050.07,594.749,88.0,,15.227143162269323,1.1181034820280098
25132252000,1049.916,595.606,88.0,,15.217054090976992,1.0634235213231742
25137252000,1049.347,596.868,88.0,,15.18026674606913,0.9829704244581297
25142252000,1048.503,598.592,88.0,,15.125760270699445,0.8731077831554775
25147255000,1047.643,595.338,88.0,,15.071082459813752,1.0808260957451463
25152252000,1047.871,594.106,88.0,,15.085950059495996,1.159358397705206
25157252000,1049.815,597.425,88.0,,15.210195005567156,0.9473975318044592
25162377000,1044.87,585.042,88.0,,14.89553005919619,1.738253358019259
25167377000,1045.734,585.505,88.0,,14.95091460607141,1.708489168832812
25172377000,1046.506,585.984,88.0,,15.00038561351553,1.6778243881531312
25177377000,1050.704,587.821,88.0,,15.269576298764036,1.5598621268872557
25182385000,1052.404,581.362,88.0,,15.380966314187608,1.9714362067327424
25187377000,1052.6,583.085,88.0,,15.392944305983873,1.8614888528048288
25192377000,1052.609,580.748,88.0,,15.394341066592467,2.010486249554198
25197377000,1055.352,581.309,88.0,,15.570380518719665,1.9741405750891203
25202377000,1056.543,579.256,88.0,,15.647693299395046,2.1046970223190025
25207377000,1057.99,577.526,88.0,,15.74135299696526,2.214592514708863
25212377000,1055.655,577.989,88.0,,15.591173629109154,2.185691720245832
25217377000,1057.366,578.361,88.0,,15.700950343412522,2.161499506383214
25222377000,1061.498,572.194,88.0,,15.969245951892248,2.5532623320271783
25227377000,1062.796,572.396,88.0,,16.05251550203538,2.539982727333939
25232380000,1062.718,573.536,88.0,,16.04696278592813,2.4674508689396046
25237377000,1063.168,572.286,88.0,,16.07646700897076,2.5469046673582105
25242383000,1063.119,569.72,88.0,,16.07466651026548,2.710319395683723
25247377000,1062.297,570.597,88.0,,16.021365195339147,2.6547148063939425
25252377000,1066.551,570.799,88.0,,16.294578254391592,2.6404907869824736
25257380000,1065.473,570.881,88.0,,16.225265524293295,2.6356283971816548
25262377000,1061.573,569.927,88.0,,15.975225952101434,2.697602682609151
25267377000,1061.053,575.087,88.0,,15.939275864681113,2.3691155225810543
25272378000,1063.942,570.011,88.0,,16.12739876744364,2.691507340284177
25277379000,1062.972,570.943,88.0,,16.06456766241687,2.632467332123225
25282377000,1058.941,569.539,88.0,,15.806247442859128,2.7232023244358627
25287377000,1060.791,568.769,88.0,,15.925545922819325,2.77164866899886
25292377000,1060.287,565.581,88.0,,15.894965742653582,2.974897160351296
25297504000,1059.119,564.896,88.0,,15.820293972548468,3.018911494657774
25302502000,1055.909,565.116,88.0,,15.61381089615386,3.00602747657932
25307505000,1055.736,563.441,88.0,,15.603662681065124,3.1128282367889213
25312502000,1054.944,565.057,88.0,,15.551844741592774,3.0101077982011697
25317502000,1056.437,568.637,88.0,,15.645834460375427,2.7814719931070115
25322516000,1056.366,567.74,88.0,,15.641739828699476,2.838680731040912
25327502000,1056.079,564.859,88.0,,15.624927320988194,3.022339359302608
25332502000,1054.942,565.578,88.0,,15.551418428563684,2.9769290160434174
25337511000,1054.68,566.687,88.0,,15.533939659777028,2.9063516001732217
25342502000,1054.855,566.323,88.0,,15.545407068434576,2.929462902600879
25347502000,1056.892,567.703,88.0,,15.675559165901868,2.8408475561857136
25352502000,1057.631,566.237,88.0,,15.72389556331282,2.9340077824769843
25357502000,1056.486,569.104,88.0,,15.64873512114204,2.751669378675992
25362509000,1056.258,567.165,88.0,,15.635108267879485,2.875314475191606
25367502000,1056.194,567.103,88.0,,15.63102270850829,2.87933070797998
25372506000,1059.114,569.049,88.0,,15.817621077407988,2.7543590706818906
25377502000,1056.331,562.907,88.0,,15.64221960260386,3.146687800212303
25382502000,1056.013,570.482,88.0,,15.617642152394824,2.66403112637603
25387503000,1055.499,565.94,88.0,,15.586980173117556,2.953649176573005
25392502000,1054.37,566.475,88.0,,15.514109999491716,2.919952433986913
25397502000,1055.987,563.823,88.0,,15.619579107552578,3.0884227564867563
25402502000,1055.159,561.834,88.0,,15.56752834676586,3.2154771860415914
25407502000,1055.103,561.513,88.0,,15.564115143681976,3.235975337946698
25412502000,1056.618,567.829,88.0,,15.65788464673452,2.832895048035064
25417502000,1057.613,567.1,88.0,,15.722240629809203,2.8790000367112234
25422502000,1057.111,564.118,88.0,,15.691676482889498,3.069223930282455
25427502000,1057.984,565.802,88.0,,15.746838773931664,2.9615784114689183
25432630000,1058.707,567.13,88.0,,15.792527826770357,2.876770783133095
25437628000,1056.152,571.139,88.0,,15.626200588574374,2.622121825157399
25442627000,1057.759,569.879,88.0,,15.730125845915769,2.701872175438921
25447628000,1055.53,559.895,88.0,,15.592604149340566,3.3388810833795755
25452627000,1054.641,565.847,88.0,,15.531901227982615,2.959915715927899
25457628000,1055.002,565.152,88.0,,15.555496064134614,3.004054058031692
25462638000,1054.684,565.784,88.0,,15.53467513382432,2.9639042656395693
25467627000,1056.03,566.065,88.0,,15.621042490112758,2.9455078944564668
25472637000,1056.792,565.982,88.0,,15.670058467824727,2.950515523507948
25477630000,1048.732,569.753,88.0,,15.149984772288969,2.712783272353743
25482627000,1043.427,568.462,88.0,,14.809523109288328,2.7967675032164654
25487627000,1034.781,553.338,88.0,,14.26201375456147,3.7655554377960376
25492639000,1036.436,556.713,88.0,,14.366407311694296,3.549303353584363
25497627000,1035.036,555.687,88.0,,14.276946804652994,3.615408315538621
25502627000,1035.424,562.365,88.0,,14.297970964336242,3.188689522340612
25507631000,1037.655,568.125,88.0,,14.438526700103472,2.820056337054252
25512627000,1037.374,570.796,88.0,,14.41917064953324,2.64958723893666
25517631000,1039.948,565.705,88.0,,14.587191065879448,2.973871893904137
25522627000,1038.734,570.896,88.0,,14.506564822828034,2.642795452228602
25527627000,1043.829,566.655,88.0,,14.836329151794816,2.911977086146968
25532627000,1041.778,568.998,88.0,,14.70325353637724,2.7630387528363607
25537627000,1038.317,568.099,88.0,,14.481062618602165,2.8215254062537785
25542629000,1036.293,566.586,88.0,,14.351676870011865,2.9187704802363337
25547627000,1036.063,565.454,88.0,,14.3374477822528,2.991189236439826
25552632000,1035.435,567.427,88.0,,14.2960693142893,2.865310445665713
25557627000,1033.63,566.923,88.0,,14.180218225684747,2.8980966118498186
25562636000,1032.4,566.58,88.0,,14.101211455480051,2.9203807044039443
25567752000,1027.301,584.295,88.0,,13.76620268096559,1.7892512189404082
25572635000,1029.102,581.974,88.0,,13.88273583842358,1.9373102343164563
25577752000,1030.037,581.555,88.0,,13.94302660317075,1.9639326090243328
25582752000,1029.355,581.313,88.0,,13.899276091163616,1.9795317383767048
25587752000,1029.622,579.721,88.0,,13.916958626371676,2.081225919712404
25592752000,1029.646,578.973,88.0,,13.91873952073891,2.1290553847779954
25597752000,1033.16,580.328,88.0,,14.14429417984938,2.041696577991861
25602752000,1030.495,579.752,88.0,,13.973066922057733,2.07906530571796
25607752000,1030.584,579.058,88.0,,13.97907661857096,2.1234073750898173
25612752000,1028.539,576.039,88.0,,13.84864218386026,2.3168603187026062
25617752000,1028.761,577.012,88.0,,13.862600016656923,2.2545891053522893
25622752000,1028.83,571.366,88.0,,13.869332463484929,2.61552891090056
25627752000,1031.484,569.521,88.0,,14.040899151696514,2.7327071837468777
25632752000,1030.619,581.646,88.0,,13.980435289072878,1.957960518249241
25637752000,1032.186,582.176,88.0,,14.08104074173977,1.923771605000247
25642752000,1030.519,582.399,88.0,,13.973735842926422,1.9098848945001603
25647752000,1031.399,583.964,88.0,,14.029833357023236,1.8096463212564435
25652752000,1031.792,582.144,88.0,,14.055703835997589,1.9259229530075903
25657752000,1030.481,578.375,88.0,,13.97268261239694,2.167086274338995
25662755000,1036.183,578.195,88.0,,14.339460928069409,2.177277363378271
25667755000,1034.43,575.479,88.0,,14.227782647956582,2.351219851625797
25672752000,1030.126,577.598,88.0,,13.950138758261357,2.2168521336563063
25677752000,1030.767,586.074,88.0,,13.988602248970654,1.6749084575572328
25682752000,1034.237,581.889,88.0,,14.213034038618416,1.9417249446005973
25687752000,1032.667,579.853,88.0,,14.1127160157389,2.0721138469498883
25692752000,1031.285,582.637,88.0,,14.022950345502972,1.894481804586552
25697752000,1029.99,578.77,88.0,,13.94097667065544,2.1419551463139395
25702877000,1028.678,578.932,88.0,,13.856547241008414,2.1318733354343204
25707764000,1029.068,576.604,88.0,,13.88245582938658,2.280632184517072
25712877000,1029.514,576.897,88.0,,13.91102694025995,2.2618054934170164
25717877000,1029.516,577.213,88.0,,13.911048659763257,2.24161355943521
25722887000,1030.863,581.402,88.0,,13.996178617551518,1.973519234045328
25727877000,1032.19,578.936,88.0,,14.082396597872842,2.1308449648369097
25732885000,1035.783,577.562,88.0,,14.313986198703816,2.2177809901124124
25737879000,1035.043,576.966,88.0,,14.266615288816071,2.256069614048729
25742878000,1037.107,576.484,88.0,,14.399561332329062,2.2863464765140886
25747882000,1038.011,584.157,88.0,,14.45492529925942,1.796060331136042
25752877000,1032.112,581.143,88.0,,14.07658268898244,1.9898024289107463
25757880000,1031.445,579.665,,,14.034231356887831,2.084412118579883
25762877000,1034.792,579.745,,,14.249452807190226,2.078566541416284
25767877000,1036.912,581.955,,,14.384965034384557,1.9369618940831688
25772877000,1054.177,599.611,,,15.490072783063296,0.8075738245295367
25777884000,1052.497,607.207,,,15.381312371447944,0.3233682917260629
25782877000,1063.052,595.438,,,16.06080536266469,1.0725515522290303
25787883000,1072.103,592.01,,,16.64270049527849,1.289467112438588
25792877000,1082.86,592.976,,,17.332904523658517,1.2263591804005065
25797877000,1082.052,592.652,89.0,,17.281126869974404,1.247094120659758
25802877000,1081.176,590.772,89.0,,17.225402287620266,1.3666498039549368
25807877000,1078.772,590.245,89.0,,17.07126796907952,1.4005705522813532
25812887000,1076.777,588.9,89.0,,16.943681181858114,1.4864566838027464
25817880000,1076.625,589.499,89.0,,16.933680514024427,1.4483978690755963
25822877000,1077.807,591.931,89.0,,17.00889848081607,1.293547795630487
25827877000,1078.513,592.605,89.0,,17.05399436723108,1.2506157750763809
25832877000,1077.987,591.807,89.0,,17.020496107230798,1.3014415666992678
25837877000,1077.46,593.586,89.0,,16.986154970437838,1.1884019316106258
25843002000,1077.451,593.888,89.0,,16.98555523166559,1.169219768936937
25848002000,1077.347,593.787,89.0,,16.978896936604663,1.1756370362883126
25853002000,1077.124,592.066,89.0,,16.96497905873601,1.2850972211091318
25858002000,1078.042,597.193,89.0,,17.02274895278575,0.9590287586283608
25863002000,1081.612,597.413,89.0,,17.25174258516078,0.9446387971024196
25868002000,1082.183,584.686,89.0,,17.292049187051667,1.7531711890424502
25873002000,1081.818,586.362,89.0,,17.2680436040474,1.646762963895118
25878002000,1081.292,587.797,89.0,,17.233767326170558,1.555705508532457
25883006000,1081.324,589.612,89.0,,17.235267345157492,1.4403558112333112
25888002000,1082.555,585.193,89.0,,17.315749704345745,1.7208864271368522
25893002000,1082.313,585.864,89.0,,17.30000347959203,1.6782855869622415
25898002000,1082.991,587.1,89.0,,17.34304434037364,1.5996387938154026
25903015000,1081.905,589.624,89.0,,17.27254503015412,1.4394712571092538
25908002000,1083.051,591.845,89.0,,17.345438710794472,1.298207453003075
25913002000,1086.336,595.999,89.0,,17.55515127258439,1.0338555110558143
25918008000,1088.41,601.735,89.0,,17.687171789809096,0.6694990341019075
25923002000,1087.562,599.179,,,17.633202547499284,0.8318001137175568
25928004000,1086.956,596.407,,,17.59484628866936,1.007922016046372
25933002000,1095.549,595.496,,,18.146319314944712,1.0645692819675314
25938002000,1111.341,586.266,,,19.161918666564944,1.6464255554304907
25943002000,1143.076,600.319,,,21.191403567545205,0.7537932668311488
25948002000,1166.16,608.886,,,22.66849355311707,0.2135577709823126
25953002000,1158.707,608.577,,,22.19129433089161,0.2331508810602976
25958002000,1154.45,606.674,,,21.91884550274033,0.3529510949655544
25963002000,1154.721,599.928,,,21.93728518249394,0.7770913022618016
25968002000,1153.04,604.295,,,21.828870999799083,0.5026175051481484
25973002000,1151.644,604.792,,,21.739400477885635,0.4714664352928298
25978127000,1153.417,608.401,,,21.85252225912405,0.2444305845117373
25983130000,1150.67,604.886,,,21.67697191501629,0.4656412809035227
25988134000,1148.346,604.566,,,21.52822596228855,0.4859143021960609
25993127000,1150.711,614.624,,,21.67912623732143,-0.1469808678276607
25998132000,1150.984,612.095,,,21.69659289111801,0.0121114814230441
26003133000,1150.248,613.164,,,21.649468790467186,-0.0551670731240389
26008127000,1149.669,608.571,,,21.612514513626856,0.2338361847464509
26013138000,1149.131,605.865,,,21.57831000104171,0.4041210751428795
26018142000,1149.072,608.562,,,21.574293564436257,0.2343952395049125
26023127000,1148.124,608.794,,,21.51356511246889,0.2198296777650551
26028127000,1153.814,617.192,,,21.87799053884954,-0.3083850880448214
26033127000,1151.886,618.035,,,21.754569410806926,-0.3615341150612219
26038127000,1109.163,614.296,,,19.01716208840339,-0.1274463133577837
26043127000,1073.015,584.272,,,16.70371884298711,1.781470845712685
26048127000,1033.011,564.062,,,14.141816738889927,3.0810592814548925
26053127000,1008.125,551.471,,,12.546527516928991,3.895326362210872
26058127000,973.01,528.561,,,10.295326570962043,5.379026833085155
26063127000,932.76,522.387,,,7.696160382140399,5.791886054737662
26068127000,892.026,505.422,,,5.064640143375275,6.898384908142671
26073127000,857.4,494.183,,,2.820081876845509,7.631689723503897
26078127000,827.877,476.081,,,0.9025482857623742,8.804235809994356
26083132000,787.934,459.238,,,-1.702350000148202,9.890653544756203
26088127000,773.446,472.521,,,-2.6435061455882587,9.031464181103312
26093127000,732.899,466.534,,,-5.288428629024693,9.406719457764224
26098130000,722.287,463.102,,,-5.98239838318959,9.623622643825648
26103127000,694.218,456.652,,,-7.817755915633807,10.0246826560414
26108130000,682.485,462.673,,,-8.576349084124328,9.630546822280197
26113258000,682.071,455.265,90.0,,-8.611149816512302,10.10645456827195
26118252000,692.742,445.935,90.0,,-7.924968345569255,10.712878209050368
26123139000,695.454,452.183,90.0,,-7.741529707251794,10.312849424604966
26128252000,700.535,453.765,90.0,,-7.408553241737741,10.2140080052723
26133253000,704.153,456.547,90.0,,-7.16996256274409,10.036951519079416
26138252000,708.332,453.913,90.0,,-6.899707700858597,10.20869626849236
26143252000,721.077,457.095,90.0,,-6.06569593971547,10.010040716702344
26148252000,723.531,458.106,90.0,,-5.904842522014516,9.945999877974014
26153254000,734.282,457.259,90.0,,-5.204152858043808,10.004918452150308
26158252000,741.5,472.248,90.0,,-4.724771719053349,9.041305401103102
26163252000,745.448,465.158,90.0,,-4.471273447463101,9.49969509371953
26168252000,755.725,472.427,90.0,,-3.798072287518011,9.033768474336028
26173252000,755.218,471.52,90.0,,-3.831476220538733,9.092186377773906
26178252000,758.136,471.375,90.0,,-3.641391401075865,9.102208387284168
26183252000,758.773,470.038,90.0,,-3.6004797585672947,9.18866729555411
26188252000,766.876,472.86,90.0,,-3.0714247149424163,9.008365542509868
26193252000,769.384,470.13,90.0,,-2.9089717150355097,9.184975293362193
26198252000,772.055,469.385,90.0,,-2.7351677939092656,9.233541948894056
26203252000,773.608,469.237,90.0,,-2.633947534839008,9.243411823864612
26208252000,775.408,468.885,90.0,,-2.5167751691267632,9.26638805451556
26213252000,779.67,471.708,90.0,,-2.238192557572369,9.08486246540438
26218252000,780.79,471.08,90.0,,-2.165384507915713,9.12558455133236
26223252000,781.499,474.618,90.0,,-2.1183456936054577,8.897291570358407
26228255000,782.954,474.239,90.0,,-2.0236424090469014,8.922004444310248
26233252000,789.962,470.056,90.0,,-1.5679233410872488,9.192745224564948
26238252000,791.584,469.169,90.0,,-1.4623684512126955,9.25016931477548
26243252000,793.055,468.711,90.0,,-1.3665684864062304,9.279856644037167
26248377000,793.421,470.237,90.0,,-1.342423499867023,9.181359111448346
26253377000,795.496,470.594,90.0,,-1.20716901856172,9.158519916999142
26258377000,798.771,470.018,90.0,,-0.9937995718793656,9.19590950847526
26263377000,801.368,470.919,90.0,,-0.8244451645809504,9.13787757299529
26268377000,790.667,474.936,90.0,,-1.5210771174060451,8.877817985161764
26273377000,777.234,468.976,90.0,,-2.39772504677684,9.2608384875792
26278377000,775.153,469.598,90.0,,-2.533136234583252,9.220389307487553
26283386000,775.395,472.769,90.0,,-2.516478202676306,9.015778828945445
26288377000,772.679,471.67,90.0,,-2.693774487821337,9.086222815304218
26293377000,771.292,473.35,90.0,,-2.783594887744304,8.977548174306445
26298383000,773.316,476.803,90.0,,-2.6507400745442253,8.755051209878188
26303387000,774.756,475.904,90.0,,-2.5571726291934533,8.813313793164266
26308377000,774.767,474.328,90.0,,-2.5569464034760747,8.915061062304678
26313377000,775.594,474.935,90.0,,-2.5028942930568707,8.876025673840587
26318377000,776.186,473.336,90.0,,-2.464802503063365,8.979298742835809
26323377000,777.136,473.545,90.0,,-2.4028225104426704,8.965934092375477
26328380000,777.213,473.612,90.0,,-2.3977665953928766,8.961638667815155
26333381000,779.65,474.997,90.0,,-2.238679957970405,8.872587466761154
26338377000,777.91,478.582,90.0,,-2.3511037893451414,8.64096126598043
26343377000,776.274,478.074,90.0,,-2.457745655220652,8.673482638292642
26348377000,776.702,475.633,90.0,,-2.430510804212916,8.83111937486611
26353377000,774.685,475.023,90.0,,-2.5620926992700817,8.87018030303369
26358377000,776.329,477.315,90.0,,-2.454358776366559,8.722486425710667
26363377000,774.963,477.924,90.0,,-2.5431266729666966,8.682996524757028
26368377000,775.473,468.951,90.0,,-2.5124910847837016,9.262156542660945
26373381000,774.893,471.725,90.0,,-2.549482827279085,9.083043259328656
26378377000,775.548,472.671,90.0,,-2.5065252747645403,9.022119645276804
26383502000,773.74,470.139,90.0,,-2.6250658910138114,9.185201989814692
26388505000,773.628,469.571,90.0,,-2.632531558084637,9.22184154894809
26393502000,771.504,471.868,90.0,,-2.7702470176608087,9.073243049126066
26398504000,773.008,472.745,90.0,,-2.6719932442899874,9.01688623140777
26403502000,771.897,472.159,90.0,,-2.744564464048387,9.054516098259729
26408502000,770.254,472.227,90.0,,-2.8515703316933814,9.049829706457436
26413502000,772.992,470.457,90.0,,-2.673716459367015,9.164569376981074
26418502000,772.044,472.572,90.0,,-2.734871144222755,9.027892611236576
26423505000,773.754,468.474,90.0,,-2.624695704405694,9.292669888113856
26428502000,774.556,470.405,90.0,,-2.5718530588245283,9.168213372194115
26433502000,772.737,470.268,90.0,,-2.690421448103524,9.176720225921628
26438502000,772.638,467.395,90.0,,-2.6977446980914697,9.362102192757904
26443511000,772.021,468.651,90.0,,-2.737607428548852,9.280904187451329
26448502000,773.506,466.441,90.0,,-2.641498078503617,9.423777334484404
26453502000,772.517,465.991,90.0,,-2.7061361064105056,9.452656233835691
26458502000,770.915,466.224,90.0,,-2.810478162652533,9.437321460146205
26463502000,772.639,465.7,90.0,,-2.6982513548597047,9.471423886766445
26468502000,770.542,464.203,90.0,,-2.8355058724335294,9.567654137140442
26473502000,769.346,464.541,90.0,,-2.913375190899878,9.545603352502155
26478507000,768.47,462.835,90.0,,-2.971140671218341,9.655475744227614
26483507000,767.965,464.419,90.0,,-3.0034955280592315,9.553166257839774
26488502000,767.936,463.628,90.0,,-3.005662199406314,9.604178678258153
26493502000,770.953,459.796,,,-2.81023712555368,9.85204860705123
26498502000,769.635,460.683,,,-2.895890949452154,9.79456228783343
26503502000,774.296,472.495,,,-2.588120276560146,9.033258194193644
26508502000,790.549,498.925,,,-1.5248858840459851,7.328708635458689
26513502000,806.418,544.428,,,-0.4916762268865411,4.388321639679222
26518502000,818.758,576.394,,,0.307442966979275,2.320889580919216
26523627000,848.816,595.827,,,2.250845042765848,1.06335730918386
26528627000,876.24,561.127,,,4.026919797328822,3.304897607359241
26533627000,867.554,570.458,,,3.464004594243151,2.702756988222325
26538627000,873.548,614.226,,,3.849041586363093,-0.1264147352027694
26543627000,822.961,654.977,,,0.5793961891254304,-2.762658396418148
26548627000,823.614,702.896,,,0.6228828426927805,-5.860799399938654
26553627000,856.182,738.652,,,2.742782888021315,-8.166544974936329
26558635000,881.141,782.496,,,4.387158500293761,-10.986193346381311
26563627000,900.202,805.021,,,5.650121091511072,-12.426828148119988
26568635000,889.877,801.367,,,4.970874170744304,-12.197127611913448
26573627000,892.577,849.593,,,5.1892044135553785,-15.295612528997022
27119127000,875.896,798.459,,9.0,4.053291506528701,-12.01603646357306
27124136000,875.064,769.684,,9.0,3.983726145011508,-10.163006770190318
27129127000,876.506,717.566,,9.0,4.0567829691780375,-6.801535276097194
27134127000,872.092,678.137,,9.0,3.760932144170578,-4.256475341986466
27139127000,784.729,658.943,,9.0,-1.8946929584947576,-3.0187600229395324
27144127000,847.943,640.895,,9.0,2.1948117798675875,-1.851264236247452
27149127000,813.615,603.618,,9.0,-0.0252148456475375,0.5596982152714468
27154127000,914.28,613.723,,9.0,6.479769737036686,-0.0937153267084236
27159127000,885.76,619.131,,9.0,4.638115948231432,-0.4432339540396358
27164127000,812.956,547.569,,9.0,-0.0681041176454784,4.185259508098763
27169127000,897.851,484.241,,9.0,5.452862600816319,8.262386001678674
27174127000,882.123,504.168,,9.0,4.422546606257101,6.981890229950519
27179127000,857.672,521.632,,9.0,2.831657311065514,5.858919535579422
27184127000,868.975,579.59,,9.0,3.5549624550299206,2.112372367761989
27189127000,859.172,580.448,,9.0,2.921144205917027,2.0574840040199027
27194127000,840.085,581.459,,9.0,1.6867779914776828,1.9928101954789468
27199257000,834.601,574.051,,9.0,1.3323830448458225,2.472147035616859
27204252000,836.109,569.201,,9.0,1.4300929020092974,2.7857739445908565
27209252000,835.726,567.204,,9.0,1.4054451478254697,2.914912440984242
27214266000,832.543,542.588,,9.0,1.2006276257480404,4.506818873012618
27219252000,837.42,547.685,,9.0,1.516168594097674,4.1769905003572045
27224252000,836.678,545.985,92.0,9.0,1.4682326003832609,4.287004105720415
27229252000,836.939,547.24,92.0,9.0,1.485070740736383,4.205788850019476
27234253000,840.979,545.555,92.0,9.0,1.7468106164612025,4.3144880929920495
27239252000,844.443,541.15,92.0,9.0,1.971546408865506,4.599069838257987
27244255000,847.126,543.925,92.0,9.0,2.145056772773746,4.41946495927922
27249252000,849.161,542.627,92.0,9.0,2.2770169100285296,4.503193231754531
27254253000,846.395,543.584,92.0,9.0,2.0977715850326906,4.44154225216989
27259252000,844.852,540.235,92.0,9.0,1.998184169134364,4.6581513993927794
27264252000,843.694,538.723,92.0,9.0,1.9232758553601128,4.755979758729334
27269252000,841.207,539.111,92.0,9.0,1.762158485387581,4.731068521415349
27274252000,838.992,535.135,92.0,9.0,1.6190231269384745,4.988261800316272
27279252000,838.036,542.315,92.0,9.0,1.5565043943464516,4.524200481852358
27284265000,838.215,544.617,92.0,9.0,1.5678864430219208,4.375360203627679
27289252000,839.089,543.859,92.0,9.0,1.62455935969543,4.4242805912123
27294252000,839.021,545.408,92.0,9.0,1.6200222039450782,4.324167481260708
27299252000,839.746,545.386,92.0,,1.6669579744174807,4.325532118008988
27304252000,842.459,545.875,92.0,,1.8426472526211368,4.2937335860858905
27309252000,842.562,545.989,92.0,,1.849304894127756,4.286383515340312
27314252000,842.57,546.732,92.0,,1.8497530848295176,4.238318159697387
27319252000,844.023,547.124,92.0,,1.9438117465631144,4.212882834039451
27324252000,843.107,547.444,92.0,,1.8844379190277607,4.192245382684826
27329252000,840.906,546.782,92.0,,1.7419933977918964,4.235179094000198
27334252000,839.929,543.975,92.0,,1.678958731566086,4.416718750118343
27339377000,838.033,543.415,92.0,,1.5562099530798017,4.453083276636713
27344377000,845.095,545.504,92.0,,2.013367199979712,4.317510473840563
27349385000,843.361,542.011,92.0,,1.901400521885333,4.543444945059461
27354377000,843.188,541.713,92.0,,1.8902458110500555,4.562770908030253
27359377000,838.88,540.49,92.0,,1.6113089055735166,4.642107082166554
27364377000,839.332,541.3,92.0,,1.640486589561445,4.589730138618645
27369380000,838.926,540.791,92.0,,1.6142769378743578,4.622651939251414
27374377000,837.423,541.761,92.0,,1.516826819131695,4.560050329547935
27379377000,838.22,541.603,92.0,,1.5684641215428228,4.570190044469634
27384377000,838.608,540.885,92.0,,1.5936231657219524,4.616591769402537
27389377000,838.661,543.779,92.0,,1.596843130281639,4.429456553223929
27394377000,838.538,545.287,92.0,,1.5887338550342585,4.33197416021906
27399377000,839.602,533.761,92.0,,1.658656472021835,5.077034822171049
27404377000,839.902,534.908,92.0,,1.6779807198776882,5.002865917917215
27409377000,841.541,535.535,92.0,,1.784151854448756,4.962202924808296
27414377000,840.556,535.939,92.0,,1.7202557929764637,4.936150492923233
27419377000,838.43,536.428,92.0,,1.5824896568940907,4.904684882434042
27424377000,841.497,536.749,92.0,,1.781201296109559,4.883766057844997
27429377000,839.14,541.313,92.0,,1.6280436827098383,4.588897770806304
27434380000,840.628,541.385,92.0,,1.7244239891040118,4.584111826242094
27439377000,838.829,540.853,92.0,,1.607930203011024,4.618661228551559
27444377000,838.581,540.892,92.0,,1.5919224829091203,4.6161122512410095
27449386000,840.499,540.983,92.0,,1.7161016532662223,4.610091310932867
27454377000,839.817,541.588,92.0,,1.6718965951277858,4.571082115823232
27459377000,840.382,541.704,92.0,,1.7084716799630175,4.56354388098427
27464383000,840.111,542.418,92.0,,1.690873398562496,4.517408352292311
27469377000,837.575,544.273,92.0,,1.526497305871295,4.397598153482729
27474502000,838.379,544.499,92.0,,1.5785286014997812,4.382938598972778
27479502000,837.366,540.986,92.0,,1.513185566978317,4.610118812936013
27484502000,837.729,546.361,92.0,,1.5362896008571223,4.262621296010812
27489502000,837.552,546.987,92.0,,1.5247587618508875,4.22213172275475
27494510000,835.662,543.866,92.0,,1.402593762638771,4.424046163776593
27499502000,838.795,546.45,92.0,,1.6053255744274009,4.256810182789515
27504502000,837.9,550.946,92.0,,1.5470619707670932,3.9661361305977567
27509505000,838.279,554.077,92.0,,1.5713755439146668,3.763709150999395
27514502000,839.416,554.199,92.0,,1.6449750279460478,3.755764583593962
27519502000,839.995,553.646,92.0,,1.6824733596878525,3.7914924847673226
27524506000,840.213,552.222,92.0,,1.6966738805907433,3.883525816939561
27529502000,837.967,546.686,92.0,,1.5516847611946434,4.241602610367885
27534502000,837.072,548.177,92.0,,1.4936344911723616,4.145237990311989
27539502000,837.219,549.258,92.0,,1.5030619196016757,4.075301479331939
27544508000,837.46,548.383,92.0,,1.5187562736148237,4.13192174900644
27549502000,834.85,546.056,92.0,,1.3498882962905585,4.282507451951887
27554502000,836.47,543.917,92.0,,1.4549255962087988,4.420690803267797
27559502000,837.696,547.03,92.0,,1.5341111612993397,4.219337666545973
27564502000,838.82,549.419,92.0,,1.6066984304603784,4.064811351517669
27569502000,836.04,550.998,92.0,,1.426607403715496,3.962861141870204
27574502000,835.141,548.84,92.0,,1.368568165278863,4.102476345164385
27579502000,839.662,549.223,92.0,,1.6612729051362611,4.077469820409354
27584502000,838.331,547.654,92.0,,1.575209936963627,4.178971602866796
27589502000,839.217,547.004,92.0,,1.632574937461368,4.220978176520878
27594502000,837.869,553.321,92.0,,1.5448534795934077,3.812556855825623
27599502000,840.384,552.58,92.0,,1.707750668977826,3.860390719050265
27604502000,840.203,552.312,92.0,,1.6960112930486233,3.8777017595984846
27609627000,840.808,550.946,92.0,,1.7353314572652854,3.965957148687752
27614627000,841.507,549.945,,,1.7806162796793883,4.030644274132701
27619627000,841.818,549.92,,,1.8008153900592123,4.032258779231649
27624627000,838.804,546.428,,,1.6058964072088664,4.258194557681968
27629630000,818.547,539.349,,,0.2940825513634315,4.7166929634196535
27634628000,794.942,521.174,,,-1.236997180494794,5.8913427098821
27639627000,768.075,524.109,,,-2.979219878603838,5.699388759713015
27644627000,734.708,519.492,,,-5.14446959374531,5.991680639288728
27649627000,729.603,504.027,,,-5.482274148535911,6.988183086136139
27654634000,704.67,485.716,,,-7.1128439982652125,8.159536860846805
27659630000,671.485,475.828,,,-9.278805266837816,8.778463196300049
27664627000,659.071,495.798,,,-10.065693813231348,7.488249998745494
27669627000,662.211,493.059,,,-9.864474554209316,7.665939194874855
27674627000,663.162,487.156,93.0,,-9.808401603494731,8.045693028628898
27679627000,662.982,489.626,93.0,,-9.81773252780655,7.886959674236478
27684627000,660.876,489.339,93.0,,-9.9547134442424,7.904153812970261
27689627000,662.291,489.885,93.0,,-9.862316565085596,7.869894297455417
27694627000,663.154,490.223,93.0,,-9.805958532145397,7.848667449581624
27699627000,662.575,488.381,93.0,,-9.845316855129658,7.966699557950384
27704627000,663.405,487.69,93.0,,-9.792078683569722,8.011546749481086
27709639000,664.001,490.989,93.0,,-9.750291200871834,7.799957188807401
27714627000,661.814,494.698,93.0,,-9.88871849625644,7.560458285129989
27719627000,661.279,495.099,93.0,,-9.92309903317743,7.534394441194775
27724627000,661.144,496.611,93.0,,-9.930473459260256,7.437186000210464
27729627000,663.35,490.497,93.0,,-9.792965794997894,7.831209871173741
27734627000,664.085,494.165,93.0,,-9.741862948116532,7.595927003181674
27739627000,667.13,489.767,93.0,,-9.548269103512352,7.880244283748851
27744763000,669.687,494.781,93.0,,-9.377764039792774,7.559374222574918
27749762000,669.479,496.544,93.0,,-9.389721574507044,7.445936690531544
27754755000,669.951,495.744,93.0,,-9.359801256661315,7.497621773181724
27759752000,669.214,496.457,93.0,,-9.407036430007125,7.451431642513944
27764755000,670.229,497.565,93.0,,-9.340198161425846,7.380723673032082
27769752000,665.439,496.49,93.0,,-9.65195701276676,7.4472867946308
27774752000,666.004,496.922,93.0,,-9.61486787381896,7.419838626260165
27779755000,666.854,496.09,93.0,,-9.56048376674281,7.473742458322859
27784752000,670.112,491.516,93.0,,-9.353120010515804,7.769483972181325
27789752000,672.273,492.449,93.0,,-9.211985311435589,7.710668079226165
27794752000,671.292,493.471,93.0,,-9.27475793344728,7.644428856069394
27799752000,670.414,492.411,93.0,,-9.332674036484631,7.712076924774752
27804752000,670.906,492.739,93.0,,-9.30042743698842,7.691299882256584
27809757000,672.059,496.041,93.0,,-9.222771307678224,7.479617448689187
27814752000,671.689,494.087,93.0,,-9.248432605102265,7.605021832018389
27819752000,677.885,490.874,93.0,,-8.848973714388707,7.814830962036584
27824752000,676.093,489.787,93.0,,-8.9662603192727,7.883810624900163
27829752000,676.561,489.179,93.0,,-8.936432705802746,7.923123735633939
27834752000,676.529,492.048,93.0,,-8.936030283269085,7.738643601324973
27839761000,676.516,493.325,93.0,,-8.935818656983791,7.656505906096993
27844752000,675.171,494.371,93.0,,-9.022214163472723,7.588580769190669
27849752000,673.89,489.713,93.0,,-9.109403191963038,7.88738944508663
27854752000,674.304,489.074,93.0,,-9.083059124818112,7.928708609743129
27859755000,675.687,490.899,93.0,,-8.991669451343135,7.812100775748985
27864752000,673.508,489.037,93.0,,-9.134823735903144,7.930659956186884
27869765000,673.209,491.475,93.0,,-9.15204059489109,7.773745471152574
27874752000,673.95,491.459,93.0,,-9.103996011327792,7.775208798467014
27879755000,674.929,493.863,93.0,,-9.038360171382994,7.621109401620489
27884877000,676.787,494.597,93.0,,-8.91715875171143,7.574871706882717
27889877000,676.637,496.957,93.0,,-8.924927070129318,7.422997402593164
27894877000,677.357,493.84,93.0,,-8.880789164980674,7.623850291543869
27899877000,676.841,494.059,93.0,,-8.914081496306892,7.609522166016611
27904877000,677.413,494.744,93.0,,-8.876353619586277,7.5657388238733585
27909884000,677.098,498.907,93.0,,-8.893450964704547,7.297866643618242
27914877000,676.015,497.655,93.0,,-8.964725861586205,7.377815333543622
27919877000,676.538,497.482,93.0,,-8.930888694796703,7.389224980817261
27924877000,680.521,498.338,93.0,,-8.671757838673438,7.336110164323538
27929877000,679.15,499.69,93.0,,-8.759646743853652,7.248440223167139
27934877000,677.684,498.479,93.0,,-8.855777187785396,7.325651147996801
27939877000,676.069,497.038,93.0,,-8.961700226251347,7.417543223909524
27944877000,674.687,498.773,93.0,,-9.049964350781844,7.305304679356248
27949880000,674.412,491.61,93.0,,-9.073824007150844,7.765730030759131
27954877000,674.955,490.452,93.0,,-9.039619214396376,7.84045887873338
27959880000,675.405,492.642,93.0,,-9.008496957416709,7.699896250546554
27964877000,672.934,493.452,93.0,,-9.168193200032968,7.646549541381856
27969877000,676.235,495.69,93.0,,-8.952035682964066,7.504289382403463
27974885000,675.161,496.419,93.0,,-9.021159863563332,7.456889536010988
27979877000,672.192,498.248,93.0,,-9.21228895214898,7.337787095716876
27984877000,673.261,497.402,93.0,,-9.14359548758796,7.392750216117171
27989877000,672.864,498.918,93.0,,-9.16811997531958,7.295019453901847
27994879000,671.124,497.244,93.0,,-9.282390159900446,7.401773215780685
27999877000,670.098,492.236,93.0,,-9.353361065164108,7.723199769395814
28004877000,670.358,494.916,93.0,,-9.334108059501231,7.551068743257412
28009877000,671.762,495.461,93.0,,-9.242507324188036,7.516728044573913
28014877000,673.134,498.406,93.0,,-9.151027835640177,7.328099743429789
28020002000,670.724,492.792,93.0,,-9.312242292419985,7.687777200650438
28025002000,670.682,492.545,93.0,,-9.315146412911464,7.703620953606213
28030010000,670.027,493.846,93.0,,-9.356515525369774,7.619653907995092
28035002000,668.965,494.365,93.0,,-9.425012594304246,7.585752549151208
28040002000,669.355,496.627,93.0,,-9.397716905172825,7.440535942506871
28045002000,668.262,497.254,93.0,,-9.468094082444344,7.399690827537473
28050002000,664.769,499.555,93.0,,-9.692700588666446,7.249940643177491
28055003000,662.78,499.275,93.0,,-9.821967579285827,7.26690881881255
28060002000,663.636,501.811,93.0,,-9.764232584079792,7.104424946921575
28065002000,656.636,500.127,93.0,,-10.21966114642758,7.208867355196124
28070002000,657.718,499.993,93.0,,-10.149633132909646,7.218045268761833
28075002000,657.636,500.933,,,-10.154060573313826,7.15766599060872
28080002000,659.106,500.765,,,-10.058917345476738,7.169220397818838
28085002000,671.778,485.459,,,-9.25043371470186,8.159679622593417
28090002000,701.74,510.742,,,-7.286749830737372,6.5462652752253705
28095002000,758.025,514.49,,,-3.633569999942582,6.319230862895627
28100002000,795.556,510.002,,,-1.1983059523361776,6.613341843178405
28105002000,825.25,524.047,,,0.7289651110064951,5.70576283262199
28110002000,878.861,531.036,,,4.202770982723006,5.248159730006917
28115002000,923.878,529.197,,,7.118043565442001,5.356060541376503
28120012000,941.618,564.063,,,8.251212315238455,3.105341100023086
28125002000,986.486,550.373,,,11.152095023461738,3.97348619477708
28130002000,1001.604,546.004,,,12.129474430754978,4.24808459886833
28135002000,990.601,537.885,,,11.424929839308204,4.773148719940766
28140002000,988.36,532.695,,,11.283791646367488,5.1070139299045945
28145002000,983.062,525.466,,,10.946852325399751,5.573210573813163
28150002000,980.72,523.539,,,10.796957305026613,5.697964475457116
28155127000,976.409,522.997,94.0,,10.518764156657044,5.734779851538292
28160127000,961.155,535.623,94.0,,9.525081085150289,4.929970764355056
28165135000,962.131,536.198,94.0,,9.587824925849402,4.892604098920994
28170127000,956.772,530.806,94.0,,9.244545929449226,5.24128964569541
28175131000,954.465,533.431,94.0,,9.093960330159137,5.073313248013469
28180131000,952.813,537.08,94.0,,8.985307506862487,4.8391777890596455
28185127000,950.913,536.775,94.0,,8.8626454230978,4.859480742111338
28190134000,947.987,539.198,94.0,,8.672355243132216,4.704471476387724
28195127000,949.485,543.4,94.0,,8.767168192110896,4.433587187238442
28200127000,947.239,541.764,94.0,,8.62282764653437,4.539575205298059
28205127000,945.666,540.695,94.0,,8.521646004274741,4.608849089156236
28210130000,942.556,541.311,94.0,,8.320384791412913,4.570180973929946
28215127000,939.857,542.897,94.0,,8.14526060027382,4.468826583771566
28220127000,934.318,542.525,94.0,,7.787403860026322,4.494349566048605
28225127000,931.092,542.394,94.0,,7.578928810754491,4.503632657494045
28230127000,930.638,539.467,94.0,,7.55079540835629,4.692375918944856
28235127000,929.389,538.335,94.0,,7.470533091194647,4.76563173659659
28240127000,926.408,538.396,94.0,,7.277751994098961,4.762516100955534
28245127000,922.651,538.3,94.0,,7.034797720214655,4.769710506248896
28250127000,922.574,538.44,94.0,,7.029776248770634,4.760717729317111
28255127000,920.339,536.074,94.0,,6.8861561448681545,4.913865860572365
28260127000,912.509,534.105,94.0,,6.380271969040778,5.042808495302896
28265127000,912.785,534.249,94.0,,6.398101451956649,5.033492617974812
28270127000,908.782,531.987,,,6.139917215465051,5.180379118644988
28275132000,911.316,533.053,,,6.303475959082794,5.110965329668983
28280127000,926.211,541.736,,,7.263679497564142,4.547359549607698
28285127000,938.768,546.356,,,8.073463654699953,4.246401542310993
28290252000,951.659,545.472,,,8.906678539030356,4.299654609714081
28295252000,950.345,547.226,95.0,,8.820969465297912,4.187151270020315
28300252000,950.719,541.736,95.0,,8.847650000300083,4.540342990025175
28305252000,949.477,540.727,95.0,,8.76793791623241,4.60563927299061
28310253000,945.04,540.587,95.0,,8.481236488405006,4.616042187743579
28315252000,943.45,541.818,95.0,,8.377921019648205,4.537285171401949
28320255000,940.116,542.689,95.0,,8.162102187802052,4.4821544135801785
28325252000,938.745,543.28,95.0,,8.073266975187678,4.444458454328824
28330256000,935.549,542.826,95.0,,7.866867307099065,4.4746040943583685
28335252000,934.99,541.362,95.0,,7.831376786924269,4.569096742772806
28340252000,935.895,540.28,95.0,,7.890335522910957,4.638501450925359
28345252000,933.46,539.321,95.0,,7.733297620444299,4.700945429129747
28350252000,933.187,540.309,95.0,,7.715273091298714,4.637423511283457
28355253000,934.791,541.074,95.0,,7.818636627602683,4.587669722704134
28360252000,931.994,533.282,95.0,,7.64120720930225,5.090439062884268
28365252000,930.97,533.783,95.0,,7.57474422785666,5.058423706638771
28370255000,933.434,524.731,95.0,,7.738588994609604,5.64070482338794
28375252000,931.933,526.233,95.0,,7.640680518724779,5.544473295655777
28380256000,932.673,530.585,95.0,,7.686434842616414,5.263904923020525
28385265000,934.255,535.724,95.0,,7.786347853044098,4.932429280684483
28390268000,930.295,531.241,95.0,,7.532241113900252,5.2224186587495645
28395252000,928.351,531.154,95.0,,7.406534885990471,5.228591612906239
28400252000,929.391,529.781,95.0,,7.474458654981447,5.316747015175928
28405252000,928.019,526.91,95.0,,7.387042193752922,5.502154206682196
28410252000,929.293,528.827,95.0,,7.468552236847668,5.378229937121001
28415252000,929.524,528.734,95.0,,7.48357522546678,5.384117386232048
28420252000,930.417,527.597,95.0,,7.541915757983396,5.4571138720147765
28425377000,930.667,527.77,95.0,,7.558007600856136,5.4458949880313
28430377000,931.967,529.021,95.0,,7.64146300600895,5.364909380604772
28435377000,932.301,528.846,95.0,,7.663163514078366,5.376056535786304
28440377000,930.309,527.429,95.0,,7.534995872272587,5.46797658160819
28445377000,931.94,531.672,95.0,,7.638494067996499,5.194145877468396
28450389000,932.273,530.4,95.0,,7.660591537272378,5.275971763640899
28455377000,932.416,530.887,95.0,,7.66960967219349,5.244570070918516
28460385000,931.535,528.959,95.0,,7.613551683435852,5.368995224668599
28465380000,930.744,524.777,95.0,,7.564454405686967,5.63861411272926
28470377000,932.251,525.33,95.0,,7.661690103060389,5.602491189075335
28475377000,930.276,527.105,95.0,,7.532982040780919,5.48882485342845
28480377000,930.798,529.058,95.0,,7.565834520420056,5.362870189803529
28485386000,931.146,526.273,95.0,,7.589692747957523,5.542175647360798
28490377000,931.48,526.634,95.0,,7.611140158230523,5.518815850391199
28495385000,930.782,527.23,95.0,,7.565684344229838,5.4806198530907375
28500377000,928.164,523.075,95.0,,7.398329458311511,5.749128004798259
28505377000,927.579,519.694,,,7.362217084679763,5.967137685613268
28510377000,928.06,519.845,,,7.393265667999262,5.957217192152345
28515387000,925.995,527.147,,,7.255941811249656,5.487514944962878
28520377000,927.288,554.858,,,7.328566414206263,3.701353456615473
28525377000,906.621,594.342,,,5.986053775256247,1.1572333944319133
28530385000,881.232,632.825,,,4.346144163845528,-1.328178567017218
28535377000,875.846,663.477,,,4.001354789791563,-3.3089977104464414
28540377000,851.383,713.444,,,2.425561838801268,-6.539911369943512
28545377000,852.484,738.766,,,2.5022675397772827,-8.17457522554836
28550378000,838.497,772.156,,,1.5980302330685396,-10.331000442412195
28555377000,825.225,797.859,,,0.7336260624485039,-11.989450792873448
28560502000,819.416,819.424,,,0.3537282015036593,-13.378963373959689
28565502000,813.848,846.26,,,-0.0130405776345526,-15.106443154268169
29085877000,918.817,841.729,,10.0,6.911420847525746,-14.77233237335714
29090877000,936.97,822.389,,10.0,8.080092897605445,-13.516785283735093
29095880000,1004.026,784.657,,10.0,12.405815794495457,-11.036635037089278
29100877000,998.493,771.589,,10.0,12.025194415225847,-10.206761392131114
29106002000,988.632,780.679,,10.0,11.39717561652984,-10.797577941362842
29110885000,894.087,738.228,,10.0,5.206798091882604,-8.129218416025422
29116002000,985.304,736.499,,10.0,11.124654657976755,-7.970906246413507
29121002000,987.76,634.967,,10.0,11.219784441007253,-1.456678697428461
29126002000,1032.015,686.277,,10.0,14.094222707616527,-4.72864053341196
29131002000,1054.732,715.08,,10.0,15.5874649561574,-6.550992302693902
29136002000,1086.863,681.379,,10.0,17.619091722882796,-4.386588360606088
29141002000,1083.644,665.53,,10.0,17.399262080345945,-3.382139459699706
29146002000,1072.47,644.717,,10.0,16.670114990484358,-2.0633533491925644
29151002000,1072.466,609.677,,10.0,16.663348295626896,0.165555378336059
29156002000,1075.284,623.796,,10.0,16.844956262871357,-0.7323556976512261
29161014000,1065.383,612.214,,10.0,16.208644924676904,0.00414709951187
29166002000,1058.795,604.649,,10.0,15.786005693514646,0.4861342530489134
29171002000,1055.671,593.719,,10.0,15.5871370149397,1.1830541733121065
29176002000,1053.509,599.557,,10.0,15.447153411302228,0.8110975562703497
29181002000,1044.677,589.755,,10.0,14.881738080099325,1.4374871772290807
29186002000,1048.212,594.066,,10.0,15.107888665268844,1.1618650516746878
29191002000,1048.739,593.807,,10.0,15.14182622906363,1.1783373539860975
29196002000,1038.835,607.734,,10.0,14.503530411415106,0.2901205550874492
29201002000,1037.015,608.431,,10.0,14.386488675256874,0.2456527319803025
29206002000,1036.327,607.527,,10.0,14.342309082946354,0.3034548149733475
29211013000,1034.488,608.638,,10.0,14.224060378063989,0.2325235913211568
29216002000,1034.53,609.782,,10.0,14.226709299089944,0.1594173014616877
29221002000,1036.215,609.437,,10.0,14.335059528939286,0.1813950946059129
29226006000,1045.037,617.083,,10.0,14.902044273409048,-0.3067383596965962
29231002000,1044.686,621.592,,10.0,14.879781096420604,-0.5945037796359932
29236002000,1041.645,623.397,,,14.684621372388648,-0.7100020219620119
29241127000,1042.372,619.882,,,14.73097222087511,-0.4855278669253469
29246127000,1043.351,614.025,,,14.793579639898695,-0.1115802118720842
29251134000,1039.989,610.85,,,14.577577628582391,0.091137021832675
29256127000,999.307,585.116,,,11.964547882935042,1.7415006769950163
29261127000,968.617,552.124,,,9.998465349978632,3.866775971180219
29266127000,900.768,527.61,,,5.6226520990167455,5.46472432564812
29271127000,857.012,523.788,,,2.788485034947992,5.719781763747333
29276127000,832.144,494.968,,,1.1784373710875466,7.584240547160945
29281127000,799.095,476.509,,,-0.971896159176158,8.776869290120542
29286127000,765.386,459.344,,,-3.1735894985287656,9.880028154624377
29291127000,712.807,462.231,,,-6.6009646641437385,9.675506409602123
29296127000,697.283,447.824,,,-7.62651473895658,10.594218100489767
29301127000,660.523,454.9,,,-10.016041141143036,10.114870999759722
29306127000,657.337,466.854,,,-10.208912763666444,9.34546366788113
29311127000,643.227,466.91,97.0,,-11.126751538908833,9.33145330967542
29316127000,646.655,464.762,97.0,,-10.90649997744189,9.471808979213929
29321141000,646.612,463.734,97.0,,-10.910657125815872,9.537670922149124
29326136000,648.584,455.86,97.0,,-10.792662707302952,10.044054562912375
29331128000,651.06,462.55,97.0,,-10.62269702551594,9.61696234522571
29336127000,654.915,462.412,97.0,,-10.371903250665149,9.628724799218793
29341127000,659.945,462.068,97.0,,-10.044863566608784,9.654460281702043
29346127000,677.091,459.516,97.0,,-8.93105033501558,9.83008623697955
29351127000,685.341,459.811,97.0,,-8.393200258829438,9.816300810642195
29356127000,688.794,461.273,97.0,,-8.166714114106327,9.724355572044171
29361127000,701.246,462.787,97.0,,-7.353921835134638,9.63388659579833
29366127000,707.83,467.214,97.0,,-6.9212542088094695,9.3522860929506
29371127000,704.202,468.708,97.0,,-7.156373385311932,9.25436420125938
29376127000,706.523,464.111,97.0,,-7.008952089551265,9.551372969087083
29381252000,706.803,463.791,97.0,,-6.990991802122466,9.572155240349314
29386252000,716.245,460.423,97.0,,-6.3782427273771365,9.793529610474584
29391252000,722.497,459.357,97.0,,-5.97138630902513,9.86498519032999
29396252000,724.077,458.028,97.0,,-5.869336349928328,9.951252497912368
29401252000,726.931,456.041,97.0,,-5.6845426447153145,10.080414530241509
29406267000,738.066,454.119,97.0,,-4.959206617276365,10.208724642617645
29411252000,738.257,455.995,97.0,,-4.945582368954581,10.087911043334872
29416262000,737.721,457.079,97.0,,-4.979856947834084,10.017799375960545
29421255000,740.752,458.093,97.0,,-4.781463075941078,9.953533590022008
29426252000,741.706,458.298,97.0,,-4.71913895928893,9.940670152091538
29431252000,743.883,460.841,97.0,,-4.5756441411122015,9.777517274036686
29436252000,747.304,463.953,97.0,,-4.350879133885232,9.577919747875734
29441252000,748.622,464.551,97.0,,-4.264626857560032,9.539807372789104
29446252000,772.043,468.266,97.0,,-2.7363073277006635,9.30574367946246
29451252000,767.22,467.187,97.0,,-3.0510500502223,9.37445638822227
29456252000,766.473,465.848,97.0,,-3.1002558875040407,9.4606877648301
29461252000,763.626,469.18,97.0,,-3.284553838306329,9.245105230964928
29466252000,763.17,471.038,97.0,,-3.313532172518738,9.125145929276382
29471252000,762.937,471.066,97.0,,-3.32870556890956,9.123293078295267
29476259000,763.24,470.923,97.0,,-3.30905034951494,9.132599778221708
29481255000,763.171,471.18,97.0,,-3.313426232800148,9.11594516807168
29486252000,764.079,469.182,97.0,,-3.2550581032990995,9.245100076780115
29491252000,765.226,468.492,,,-3.180527232142646,9.289812862161217
29496252000,764.373,467.29,,,-3.236591034867259,9.36718594506384
29501252000,764.583,477.813,,,-3.2190518240094343,8.688264608003115
29506252000,768.534,504.408,,,-2.954071004070828,6.972015408407587
29511258000,773.078,519.36,,,-2.655641309419362,6.006812724833639
29516377000,781.504,512.545,,,-2.110156785253483,6.447988631013463
29521377000,775.935,518.418,98.0,,-2.4704802253735463,6.067995442017614
29526377000,774.903,514.051,98.0,,-2.538301466870448,6.350022506763284
29531377000,775.789,517.356,98.0,,-2.480142894007943,6.136554296428879
29536377000,776.156,518.704,98.0,,-2.456103030708648,6.049487725010696
29541377000,775.919,517.347,98.0,,-2.4717367743954166,6.137140186588056
29546377000,771.398,512.975,98.0,,-2.7660611463436084,6.419069947199161
29551377000,771.555,512.697,98.0,,-2.7559101207347254,6.4370378484406405
29556377000,772.614,512.688,98.0,,-2.68719766533004,6.437751637895362
29561378000,775.616,514.583,98.0,,-2.491951589052712,6.315703158184132
29566377000,776.441,513.529,98.0,,-2.438622571744662,6.383907581462214
29571377000,776.284,513.367,98.0,,-2.4488078968606746,6.394355399357815
29576377000,775.859,514.479,98.0,,-2.476175155780147,6.322461836873488
29581383000,774.0,513.114,98.0,,-2.5971234296797205,6.410450192689179
29586377000,777.457,514.491,98.0,,-2.3724732504429444,6.321887778504848
29591377000,777.379,517.641,98.0,,-2.376951702087278,6.118323086642608
29596377000,779.641,512.844,98.0,,-2.2310532874403184,6.428512774148766
29601377000,780.639,515.396,98.0,,-2.1658222946619783,6.263713168910295
29606377000,777.883,514.482,98.0,,-2.3448256610249607,6.32248138429902
29611377000,777.506,514.932,98.0,,-2.369197173737225,6.293362575189398
29616377000,778.451,514.255,98.0,,-2.308044116205176,6.3371867675596025
29621377000,777.867,515.132,98.0,,-2.3457777291855946,6.280509567163107
29626377000,779.986,514.698,98.0,,-2.208303448868066,6.308713056546816
29631377000,778.095,515.165,98.0,,-2.3309615013455964,6.278399931801949
29636377000,779.05,511.641,,,-2.269634224448667,6.506160723707442
29641381000,779.48,510.542,,,-2.241921471387631,6.577191563855538
29646377000,785.538,510.421,,,-1.848663524737344,6.585592010514949
29651502000,792.791,509.857,,,-1.377784371960279,6.622595284885478
29656502000,811.598,504.474,,,-0.1568973373311666,6.970946693846972
29661502000,815.845,501.936,,,0.1189651958576379,7.134888506160855
29666502000,816.662,503.376,99.0,,0.1720806826059591,7.041863936701401
29671502000,817.756,502.811,99.0,,0.2431142419464948,7.078305701983831
29676502000,819.289,503.412,99.0,,0.3426725346313925,7.0394762185156425
29681505000,819.336,502.47,99.0,,0.3457830665922233,7.100349228261536
29686502000,816.682,501.216,99.0,,0.1733354783407257,7.181419862939889
29691502000,817.228,502.574,99.0,,0.2088038949399719,7.093626051714436
29696504000,816.968,502.754,99.0,,0.1919595872764951,7.082065537908806
29701502000,820.489,504.862,99.0,,0.4205963744573916,6.945727897807064
29706502000,819.706,504.933,99.0,,0.3697706090260541,6.941199733702284
29711502000,819.165,505.142,99.0,,0.3345931032934097,6.927718376265317
29716502000,818.296,504.972,99.0,,0.2781943802584836,6.938724077529093
29721502000,823.875,503.489,99.0,,0.640600280212546,7.034317026407094
29726502000,827.947,503.55,99.0,,0.905096486060692,7.030165886215774
29731502000,831.213,503.827,99.0,,1.1172039127167823,7.012085089286856
29736502000,839.513,508.332,99.0,,1.6556640454573437,6.720353237237037
29741502000,836.871,504.273,99.0,,1.484618011288781,6.98275909310755
29746502000,837.478,500.913,99.0,,1.5244249593711598,7.1997659138359
29751502000,837.621,505.043,99.0,,1.533190492774697,6.932948231474159
29756502000,836.566,503.578,99.0,,1.4648579240802324,7.027710338350396
29761502000,837.233,502.401,99.0,,1.5083278789001002,7.10370240152775
29766502000,838.175,502.868,99.0,,1.56942517655513,7.073431531341426
29771502000,839.036,502.127,99.0,,1.6254555276575262,7.121195605559413
29776502000,839.475,498.405,99.0,,1.6544617619901838,7.361611691413437
29781502000,839.514,498.323,99.0,,1.6570149731403323,7.366905614111549
29786628000,839.829,497.448,99.0,,1.6776234020183844,7.42335414577107
29791627000,847.979,499.249,99.0,,2.206847154075741,7.306059660148238
29796627000,846.124,498.779,99.0,,2.086406162356373,7.336648514686192
29801627000,845.982,499.63,99.0,,2.0770321602062745,7.28169736638215
29806627000,845.385,500.349,99.0,,2.0381577318031048,7.235350869208692
29811627000,846.184,500.572,99.0,,2.0900298825848,7.220826447405299
29816627000,848.021,500.079,99.0,,2.2093991313895205,7.25241443050493
29821627000,848.935,500.255,99.0,,2.268777527126136,7.240976406488589
29826627000,848.707,499.946,99.0,,2.2539835684918463,7.26094949543525
29831627000,850.579,500.61,99.0,,2.37546634578445,7.217800010600966
29836627000,850.805,498.527,99.0,,2.3905575531800904,7.352260399705872
29841630000,850.743,500.484,99.0,,2.386175286113571,7.225892370974655
29846627000,850.701,501.088,99.0,,2.3833369292203623,7.18690044924913
29851627000,850.924,501.407,99.0,,2.397727816684636,7.166268861692058
29856627000,847.304,496.806,99.0,,2.1634615681996703,7.463912686358718
29861635000,847.248,496.907,99.0,,2.1597785133248144,7.457393118301079
29866627000,848.573,496.673,99.0,,2.245902268908498,7.472318714706868
29871630000,850.007,496.745,99.0,,2.339074016703723,7.467470956267163
29876628000,848.946,496.671,99.0,,2.270181913498448,7.472405778240306
29881634000,849.699,500.588,99.0,,2.318323000263152,7.219344622680164
29886627000,846.668,497.822,99.0,,2.1219108620816907,7.398409019611317
29891627000,847.357,496.257,99.0,,2.167005425931799,7.499378238449098
29896627000,847.547,496.528,99.0,,2.179285498730479,7.481804262102655
29901630000,847.566,493.859,99.0,,2.181032775535666,7.65419101092321
29906631000,846.791,494.865,99.0,,2.130457948660096,7.589318706783166
29911627000,847.393,494.485,99.0,,2.169624464038304,7.613755161164034
29916638000,847.713,494.612,99.0,,2.190405936145689,7.605519159229129
29921752000,844.177,495.905,99.0,,1.9603774820573936,7.522526008238468
29926752000,843.759,495.651,99.0,,1.9332890885357743,7.538973664762785
29931752000,845.527,496.006,99.0,,2.048087928467566,7.51579523424862
29936758000,845.091,494.924,99.0,,2.019979375870403,7.585746548309686
29941752000,845.595,494.996,99.0,,2.052715639914088,7.580999990804835
29946752000,845.025,495.873,99.0,,2.0154800237997894,7.524492568475274
29951761000,843.705,497.639,,,1.9294465674136567,7.410583756529827
29956752000,843.492,497.866,,,1.9155378306760324,7.395946959813414
29961752000,843.944,497.893,,,1.94495917655433,7.394138734899028
29966752000,844.073,523.036,,,1.9496829814206744,5.769806573136431
29971752000,831.97,561.519,,,1.1625905841283868,3.2827359135578456
29976752000,866.304,615.693,,,3.3809332847789206,-0.2213316522597522
29981752000,855.457,633.666,,,2.680339429889766,-1.383559531878439
29986763000,866.147,675.448,,,3.375719102847293,-4.083457797654711
29991752000,864.956,720.436,,,3.3080360410545544,-6.989179698044601
29996752000,860.573,753.022,,,3.032673240612421,-9.092795908574171
30001752000,856.519,769.109,,,2.7735531898595696,-10.13111334120233
30006752000,858.755,804.349,,,2.933050965901794,-12.401145352838578
30011752000,878.848,840.688,,,4.2755557043650745,-14.73111953085297
30016761000,883.269,845.245,,,4.570833595918337,-15.021668928315265
30742502000,892.438,848.422,,11.0,5.1789500491415845,-15.220531835085364
30747502000,961.169,792.245,,11.0,9.623294204422988,-11.563093837709465
30752502000,954.37,798.768,,11.0,9.188006863102729,-11.987129586002276
30757502000,952.001,808.062,,11.0,9.045748596310942,-12.585087152450074
30762508000,1031.686,737.492,,11.0,14.128360867507844,-7.998522927113504
30767502000,893.292,722.42,,11.0,5.14780851538383,-7.110294454987362
30772502000,953.914,714.394,,11.0,9.072499432660656,-6.570083703373849
30777502000,1088.938,762.323,,11.0,17.875018182769356,-9.516825045507629
30782502000,1044.526,736.958,,11.0,14.957847819405638,-7.953135675094505
30787502000,1115.632,769.166,,11.0,19.618317920423824,-9.91376207448472
30792502000,1052.322,719.441,,11.0,15.437469509978545,-6.830637021287028
30797510000,1084.352,676.421,,11.0,17.453313288565457,-4.073322721738104
30802502000,1083.453,691.654,,11.0,17.410117480427203,-5.0408925806915725
30807503000,1102.856,727.896,,11.0,18.708738782302262,-7.321593353535641
30812502000,1094.301,730.329,,11.0,18.161240732090988,-7.484253703358437
30817502000,1093.279,727.758,,11.0,18.09113977166804,-7.322405178439151
30822502000,1106.174,740.807,,11.0,18.9458209429852,-8.13458924154022
30827502000,1080.523,696.044,,11.0,17.226430433743033,-5.321553363690647
30832504000,1089.795,700.288,,11.0,17.827866157711806,-5.584205325034987
30837502000,1084.574,689.67,,11.0,17.48013191840541,-4.9141927586539405
30842502000,1088.46,690.746,,11.0,17.731120133906078,-4.979946398326891
30847502000,1081.799,678.404,102.0,11.0,17.290948607491263,-4.200623794365555
30852502000,1079.117,679.993,102.0,11.0,17.119920840985976,-4.303018326684351
30857504000,1080.69,683.808,102.0,11.0,17.22458132030471,-4.544391755425851
30862502000,1077.454,673.674,102.0,11.0,17.00771022067369,-3.9024220370793214
30867515000,1076.983,675.945,102.0,11.0,16.979274924251982,-4.046960442131825
30872502000,1077.522,659.803,102.0,11.0,17.002296497805897,-3.020881553068028
30877627000,1071.662,667.731,102.0,11.0,16.63106906313205,-3.527376970747212
30882627000,1069.495,666.815,102.0,11.0,16.49111985430778,-3.4700516929200944
30887636000,1055.059,669.648,102.0,11.0,15.565081754010118,-3.656705368721005
30892627000,1056.081,666.751,102.0,,15.628831007924315,-3.471713382911424
30897627000,1053.045,661.87,102.0,,15.43063756391725,-3.161826345292798
30902627000,1052.741,660.992,102.0,,15.410573858426323,-3.10599867758243
30907627000,1053.755,662.987,102.0,,15.476972049048342,-3.2327786384613355
30912627000,1052.844,662.676,102.0,,15.418222770191951,-3.21325083714907
30917627000,1050.203,660.243,102.0,,15.247003691474342,-3.05912790679396
30922630000,1051.599,653.898,102.0,,15.333459847697172,-2.654117016366175
30927627000,1050.569,655.764,102.0,,15.268155621556222,-2.7733845008057787
30932627000,1047.502,657.17,102.0,,15.071714522361388,-2.864083572747544
30937627000,1048.414,659.591,102.0,,15.131592159560755,-3.0182248121991946
30942637000,1046.403,649.668,102.0,,14.997532230239292,-2.3858665525238663
30947627000,1046.295,652.904,102.0,,14.992014836034302,-2.5923141119176445
30952628000,1045.307,657.394,102.0,,14.930660682426671,-2.879123984727252
30957630000,1047.125,656.39,102.0,,15.047080411031972,-2.8144347053961183
30962627000,1045.306,657.692,102.0,,14.930783435324,-2.8981242881906804
30967627000,1048.757,654.822,102.0,,15.15119545414483,-2.713888705870501
30972627000,1046.437,654.33,102.0,,15.00182900452733,-2.6832531517753813
30977629000,1048.446,652.906,102.0,,15.13027782463254,-2.591812646422161
30982627000,1049.21,651.829,102.0,,15.178933930075027,-2.522912381197973
30987630000,1049.522,652.639,102.0,,15.199345800153568,-2.5744439074557643
30992627000,1059.074,658.154,102.0,,15.816079902324484,-2.9228421130083264
30997627000,1059.116,657.483,102.0,,15.818435124510602,-2.8800977470264333
31002627000,1064.209,649.31,102.0,,16.14154682579569,-2.357922785611467
31007627000,1069.34,643.796,102.0,,16.46879883555053,-2.00556879716248
31012752000,1067.52,640.414,102.0,,16.350647221959004,-1.7907979799604097
31017760000,1071.472,644.093,102.0,,16.605769748138684,-2.0239018101872044
31022752000,1071.906,644.188,102.0,,16.633696447993856,-2.0298848190094207
31027757000,1070.207,646.547,102.0,,16.52559614596917,-2.180378925367879
31032752000,1067.576,645.875,102.0,,16.356302344147984,-2.1383217925236657
31037752000,1067.891,648.808,102.0,,16.37785389188063,-2.3248898767394284
31042757000,1069.204,648.491,102.0,,16.46205252970588,-2.3043412032348733
31047752000,1071.188,647.762,102.0,,16.58907601426771,-2.257429932332633
31052755000,1072.033,649.134,102.0,,16.64397171584987,-2.3444198038962254
31057752000,1072.143,647.07,102.0,,16.65013164571685,-2.2131308762289854
31062752000,1072.239,647.028,102.0,,16.656273939617723,-2.210390081115014
31067752000,1081.229,648.553,102.0,,17.234169202805646,-2.304698359764993
31072752000,1079.763,645.026,102.0,,17.138459272141734,-2.081065150769524
31077752000,1077.301,644.902,102.0,,16.980387011308963,-2.073832468352921
31082752000,1078.973,644.608,102.0,,17.087599185007296,-2.054710251362173
31087752000,1078.509,643.948,102.0,,17.057501156065822,-2.0128550602122064
31092752000,1083.137,640.631,102.0,,17.35327481940304,-1.800971875850881
31097752000,1078.64,642.609,102.0,,17.06541786785628,-1.9277165168114307
31102759000,1076.746,644.095,102.0,,16.94440306391674,-2.0227001263907045
31107752000,1076.052,642.617,102.0,,16.899254468603534,-1.928926783934451
31112752000,1073.737,643.822,102.0,,16.751107298968414,-2.0061185480945647
31117752000,1076.636,639.115,102.0,,16.935483838014573,-1.706108711907804
31122752000,1078.795,650.125,102.0,,17.07866238403653,-2.4053807651684096
31127752000,1078.977,649.689,102.0,,17.090149947782646,-2.377563433338425
31132752000,1077.669,649.585,102.0,,17.006089415779428,-2.3713935331186007
31137752000,1080.018,657.804,102.0,,17.16139795396677,-2.892888536788682
31142752000,1078.622,656.513,102.0,,17.070985537303578,-2.811354598351341
31147877000,1079.975,654.691,102.0,,17.15684122670111,-2.6951300872453787
31152877000,1078.043,650.348,102.0,,17.030523429337318,-2.419744397685408
31157877000,1080.966,649.16,,,17.217556844497103,-2.343389244697041
31162877000,1083.57,647.558,,,17.383962515813025,-2.2407863793231204
31167877000,1081.159,647.012,,,17.228977382815465,-2.206810920324371
31172877000,1053.638,642.124,,,15.459548880998634,-1.902890895891568
31177879000,1015.75,616.474,,,13.019208182114506,-0.2688233183173534
31182877000,979.01,600.506,,,10.654710894291467,0.7559231342325137
31187877000,948.777,574.424,,,8.710369949146523,2.436840665105
31192877000,896.536,549.821,,,5.342006616636455,4.032274197634631
31197877000,865.31,512.963,,,3.3289691336242533,6.417665360573707
31202877000,838.258,512.087,,,1.5737439412635257,6.477811066049383
31207883000,804.988,489.436,,,-0.5871533594727693,7.942355315589928
31212877000,776.424,489.076,,,-2.445155293339037,7.963251340041898
31217877000,771.297,474.436,,,-2.78292327454544,8.907513507143712
31222877000,737.791,471.97,,,-4.966502593839463,9.058000367318613
31227877000,735.177,473.722,103.0,,-5.135706081139466,8.944203201094584
31232877000,740.847,467.454,103.0,,-4.769879245491534,9.350199962048356
31237877000,741.37,468.022,103.0,,-4.735493425287857,9.313747588648702
31242877000,746.065,474.374,103.0,,-4.426351295218809,8.905582526251987
31247877000,747.275,475.132,103.0,,-4.347176813424876,8.857026537083634
31252882000,749.648,470.164,103.0,,-4.19497960398073,9.17813270156774
31257877000,756.68,470.315,103.0,,-3.7367070148548223,9.170249021058613
31262877000,763.375,472.194,103.0,,-3.299800877270588,9.050570667098482
31267879000,768.278,468.084,103.0,,-2.981729572956695,9.316806343292544
31272882000,771.385,471.852,103.0,,-2.778002843418351,9.074229798821015
31277877000,773.39,472.651,103.0,,-2.64716081952138,9.023035324113676
31283006000,782.835,472.181,103.0,,-2.0319019199664328,9.05478059906627
31288006000,784.096,471.309,103.0,,-1.9498948985700355,9.11124061387504
31293005000,786.13,477.204,103.0,,-1.8161289887905805,8.730979519062512
31298002000,792.51,475.719,103.0,,-1.4008973696726383,8.827427197750087
31303002000,797.327,482.529,103.0,,-1.0863157753464652,8.388067328456126
31308002000,798.94,477.369,103.0,,-0.9818805935081124,8.721346901046303
31313002000,802.2,480.568,103.0,,-0.7692736763834923,8.514956762449803
31318002000,814.253,480.019,103.0,,0.0153266273018716,8.55053542763099
31323002000,814.291,480.122,103.0,,0.0178111450898891,8.543882723638182
31328010000,819.422,475.909,103.0,,0.3519718156036933,8.815773471836549
31333002000,819.775,475.113,103.0,,0.3749575717650684,8.867196158055734
31338002000,818.004,475.711,103.0,,0.2596012808048463,8.828627652078353
31343002000,820.302,476.006,103.0,,0.4092418071600615,8.809501356720858
31348002000,824.114,472.922,103.0,,0.6576779363225741,9.008437042273048
31353004000,824.338,475.456,103.0,,0.6721236550408032,8.844812018641438
31358002000,827.818,478.259,103.0,,0.8985812462393523,8.663632051326156
31363002000,827.077,478.867,103.0,,0.850248055706142,8.624390120804785
31368002000,827.381,478.988,103.0,,0.8700313480302034,8.616596120643145
31373002000,829.311,478.046,103.0,,0.9957455890653124,8.677246321247315
31378002000,830.008,477.899,103.0,,1.0411697049559283,8.686671435348446
31383002000,830.232,482.558,103.0,,1.055284581314077,8.385864357603472
31388002000,830.51,483.109,103.0,,1.0733557203336843,8.350216700421107
31393010000,828.429,483.665,103.0,,0.9378741940528376,8.31453504389117
31398002000,830.102,485.004,103.0,,1.0465846740328704,8.227904572318339
31403002000,829.175,485.139,103.0,,0.9863000227285392,8.219252744965793
31408002000,829.425,485.256,103.0,,1.00252739829793,8.211704541794825
31413002000,829.236,483.819,103.0,,0.9903817669593956,8.304524236650284
31418127000,829.085,484.816,103.0,,0.9804584103114966,8.240113181083352
31423009000,825.868,485.423,103.0,,0.7711355269437528,8.201164199327444
31428127000,826.375,483.917,103.0,,0.8042334891147404,8.298400906234416
31433127000,826.184,484.711,103.0,,0.7917172477174985,8.247121890412096
31438127000,825.418,482.047,,,0.7420319908522657,8.419183445217174
31443127000,823.901,482.369,,,0.6432804728260715,8.398489845558277
31448130000,827.455,483.698,,,0.8744837593854323,8.312415928453298
31453127000,856.636,506.979,,,2.7674682940528084,6.805589410775924
31458127000,857.369,502.345,,,2.816076923911756,7.104726867818176
31463127000,861.451,509.114,,,3.079507748438926,6.666881033472501
31468127000,859.73,508.514,104.0,,2.9679480382857326,6.705969641464934
31473134000,859.111,502.011,104.0,,2.929272677989941,7.12596076732194
31478127000,858.934,503.763,104.0,,2.9173694568996824,7.012908034607889
31483127000,858.287,503.382,104.0,,2.875463385317162,7.037596383489801
31488127000,856.945,505.654,104.0,,2.787822583682513,6.891070777319
31493127000,857.794,505.928,104.0,,2.8428573518972704,6.873235336504286
31498127000,858.897,502.761,104.0,,2.91522521955838,7.077560498429852
31503127000,858.357,505.194,104.0,,2.8795650098589274,6.920564681244514
31508136000,863.66,503.142,104.0,,3.224398928309145,7.052147813847289
31513127000,863.447,500.619,104.0,,3.211199047168872,7.215061493916271
31518127000,859.073,506.074,104.0,,2.925879264924988,6.863639883544535
31523127000,860.113,505.288,104.0,,2.993524557133942,6.914199711490391
31528127000,860.856,505.575,104.0,,3.041703794663412,6.895562377877045
31533127000,860.915,506.402,104.0,,3.045326999118907,6.84210427860652
31538127000,860.023,507.44,104.0,,2.987187852539618,6.775257927896355
31543127000,856.681,505.727,104.0,,2.770633725346145,6.8864515632389365
31548134000,856.923,505.781,104.0,,2.7863324382514203,6.882881575928414
31553127000,857.132,505.368,104.0,,2.7999993449604417,6.909544848433858
31558252000,857.369,503.583,104.0,,2.8158286495654403,7.024789973969366
31563254000,855.594,504.362,104.0,,2.70034932254728,6.9747650465087405
31568252000,854.247,504.22,104.0,,2.612968897228785,6.984128090084934
31573252000,854.151,503.855,104.0,,2.606771850542962,7.00772832414307
31578252000,855.391,505.249,104.0,,2.686994274883097,6.917509635827612
31583262000,856.414,504.341,104.0,,2.75363048690348,6.975980361617433
31588252000,855.994,502.62,104.0,,2.726737817317588,7.087174431266524
31593252000,854.571,502.758,104.0,,2.63430344545735,7.078454030162891
31598252000,854.141,502.088,104.0,,2.6065113491675507,7.121789283647709
31603252000,847.055,499.079,104.0,,2.1468742527706133,7.3171237008890015
31608252000,850.346,503.179,104.0,,2.3598715102094854,7.05193010420976
31613263000,850.09,501.927,104.0,,2.3434740544258714,7.132827930020865
31618252000,851.079,501.109,104.0,,2.4078281043161147,7.185514606729705
31623260000,851.815,504.631,104.0,,2.4549759876882704,6.957955751697884
31628252000,851.569,502.086,104.0,,2.439493122031312,7.122306678220181
31633252000,852.78,504.065,,,2.517744463270887,6.994348298473329
31638252000,851.247,505.028,,,2.4179800166432366,6.932343386050439
31643252000,841.284,501.288,,,1.771571880621721,7.175169219604864
31648252000,831.902,487.021,,,1.163542896275095,8.097540671540303
31653252000,826.384,481.489,,,0.8049338189105463,8.455127521487933
31658255000,825.758,482.208,105.0,,0.764151631652338,8.408752056662689
31663252000,828.241,484.003,105.0,,0.9255943073263516,8.292710125036086
31668252000,828.789,484.089,105.0,,0.961239401726834,8.287125243553735
31673252000,827.383,484.002,105.0,,0.8697624713200088,8.292832473592386
31678252000,825.836,481.703,105.0,,0.7692536696705472,8.441348363187116
31683252000,822.159,481.733,105.0,,0.5299645030620902,8.43965899345953
31688252000,822.1,481.354,105.0,,0.5261386948076546,8.464126546981197
31693377000,819.301,482.246,105.0,,0.3439377817494376,8.406594453814485
31698378000,819.567,483.161,105.0,,0.3612155849512926,8.347549759166107
31703377000,820.309,482.421,105.0,,0.4095099851156237,8.395317634237887
31708377000,823.321,481.431,105.0,,0.605566034671455,8.459071054921907
31713377000,822.935,480.711,105.0,,0.5804924822428644,8.5055601211261
31718377000,821.68,479.537,105.0,,0.4988331967540979,8.581482263908836
31723377000,821.864,478.417,105.0,,0.51090659293118,8.653756323192422
31728377000,820.616,479.839,105.0,,0.4295847287699545,8.562012754012489
31733377000,819.491,479.906,105.0,,0.356309006786478,8.557690457783778
31738377000,819.245,482.279,105.0,,0.3402942725394878,8.404472049302743
31743377000,817.332,480.459,105.0,,0.2157788097009512,8.522061585917482
31748381000,815.481,479.462,105.0,,0.0952712994206079,8.586514001904256
31753377000,817.828,477.542,105.0,,0.2481120076248327,8.710435515289662
31758377000,817.874,477.621,105.0,,0.2510838038869688,8.70529159082172
31763377000,818.288,475.15,105.0,,0.278079523729301,8.864854809260375
31768377000,818.269,474.967,105.0,,0.2768740502943031,8.876665015038503
31773377000,817.719,476.034,105.0,,0.2410050851600789,8.80779075796104
31778377000,816.841,475.988,105.0,,0.1838357382715615,8.810789294661053
31783378000,817.737,477.913,105.0,,0.2422052027623218,8.686432404511145
31788379000,817.481,477.579,105.0,,0.2254811496288437,8.708043707331713
31793377000,817.514,477.445,105.0,,0.2276526889415542,8.716682835197695
31798377000,816.78,478.282,105.0,,0.1798780703862501,8.662668556913214
31803377000,816.323,474.822,105.0,,0.1501343913741224,8.886038821152074
31808377000,815.936,473.563,105.0,,0.1248937198425767,8.967354791961409
31813377000,816.895,472.072,105.0,,0.1873620398912826,9.063562471443504
31818377000,814.46,471.654,105.0,,0.028702586925483,9.090620238593829
31823377000,815.429,472.756,105.0,,0.091884975369319,9.01946622686749
31828384000,813.442,472.443,105.0,,-0.037560949098031,9.039703904529402
31833502000,812.489,473.781,105.0,,-0.0996648125578951,8.95333115329245
31838502000,811.552,472.75,105.0,,-0.1607023504585317,9.019897441807974
31843502000,809.708,478.15,105.0,,-0.2806073806852752,8.671233236204502
31848502000,809.147,478.002,105.0,,-0.3171819403718083,8.680777941744036
31853502000,807.226,478.404,105.0,,-0.4422405501043362,8.654837578521828
31858506000,804.64,475.094,105.0,,-0.6108786294377114,8.868438064330855
31863502000,805.253,474.53,105.0,,-0.5709970769449721,8.904889275568346
31868502000,807.358,474.449,105.0,,-0.4338456444376908,8.91017954274984
31873503000,808.168,473.287,105.0,,-0.3811405981158322,8.985226057090973
31878502000,807.158,470.189,105.0,,-0.4471837617855456,9.18516594141773
31883502000,807.707,470.848,105.0,,-0.4113369136110145,9.142670616594392
31888502000,807.577,468.395,105.0,,-0.4199453803989562,9.30098517323612
31893502000,806.132,474.517,105.0,,-0.51374505662038,8.905757942675464
31898502000,806.225,474.775,105.0,,-0.5076722736705728,8.889085708944267
31903502000,803.872,483.579,105.0,,-0.6602112812308324,8.32057485852174
31908502000,803.982,479.863,105.0,,-0.6533111355615491,8.560539451865267
31913502000,803.453,479.358,105.0,,-0.6878489642534801,8.593148558700056
31918502000,802.432,477.238,105.0,,-0.7545145402152059,8.729966126988451
31923502000,801.938,476.667,105.0,,-0.7867451732048212,8.766788135086564
31928508000,802.735,475.723,105.0,,-0.7349017109152242,8.827820331262688
31933502000,803.897,472.723,105.0,,-0.6594470950922608,9.021497343669266
31938502000,800.078,469.432,105.0,,-0.9086643659008108,9.233819373096466
31943510000,809.574,471.234,105.0,,-0.2896565969159517,9.11774118748486
31948508000,806.533,470.685,105.0,,-0.4878587502607624,9.153143234563988
31953502000,804.994,468.967,105.0,,-0.5882733392866041,9.263988440262228
31958502000,805.147,471.941,105.0,,-0.5781081895639233,9.072002009509246
31963627000,802.778,473.673,105.0,,-0.7323113061388671,8.960172118760012
31968514000,803.151,472.645,105.0,,-0.7080811971930558,9.026522770966288
31973633000,800.835,473.331,105.0,,-0.8589131575348449,8.982148099982666
31978627000,800.371,469.197,105.0,,-0.8895799151363778,9.249010396881332
31983627000,798.686,470.846,105.0,,-0.9991938960001951,9.142454096313887
31988627000,803.408,467.117,105.0,,-0.6918685881314699,9.383399193072384
31993627000,802.4,467.39,105.0,,-0.757549603903514,9.365707986075204
31998627000,802.484,469.145,105.0,,-0.7518496261756212,9.252448687317123
32003627000,800.906,466.702,105.0,,-0.8550338377378376,9.410083929787756
32008630000,801.891,471.354,,,-0.7902863290416514,9.109792154858264
32013627000,800.099,470.778,,,-0.907137561722619,9.146902310413466
32018627000,803.653,476.477,,,-0.6750277382245793,8.77913456813313
32023627000,819.085,471.708,,,0.330120680501654,9.086993323069244
32028627000,830.682,475.337,,,1.0853003629109572,8.852011827979306
32033627000,845.617,477.358,,,2.057520680596428,8.719775918598229
32038627000,848.261,474.38,106.0,,2.230307154156454,8.911587136423947
32043633000,849.18,464.687,106.0,,2.2924880609021017,9.536878207088051
32048627000,844.697,472.349,106.0,,1.9986069127280004,9.04321692516746
32053627000,845.014,473.165,106.0,,2.019099375680734,8.990499898634468
32058627000,845.528,478.458,106.0,,2.0514643335954927,8.648807576518346
32063627000,846.52,476.661,106.0,,2.1164324408581185,8.764606488051811
32068628000,845.499,477.94,106.0,,2.049677754690572,8.68224065189048
32073627000,844.09,471.848,106.0,,1.959157160787172,9.07566145258484
32078630000,845.152,475.879,106.0,,2.027549512499446,8.815330398234904
32083629000,847.349,470.709,106.0,,2.1717051094282853,9.148649384087475
32088627000,846.123,477.199,106.0,,2.0904664331639102,8.72994262008158
32093627000,845.754,478.227,106.0,,2.066231754741803,8.663705344646969
32098752000,843.124,476.425,106.0,,1.895338131983513,8.780379029068971
32103765000,843.927,475.994,106.0,,1.947704730125993,8.808100755533937
32108752000,842.489,476.266,106.0,,1.8540569407125504,8.790727250495843
32113752000,842.519,474.005,106.0,,1.8564215472016925,8.936637934077678
32118752000,843.024,473.842,106.0,,1.8893230325616075,8.947116340080846
32123752000,842.36,470.951,106.0,,1.8466234211486368,9.133764843546524
32128752000,842.689,468.255,106.0,,1.8686233703334936,9.307733432374398
32133752000,841.23,467.349,106.0,,1.7736867867531116,9.366405697885805
32138752000,845.016,469.05,106.0,,2.020087030866929,9.256053481290492
32143752000,842.91,470.434,106.0,,1.8826121775612663,9.167088426931212
32148762000,844.031,474.352,106.0,,1.9548514847492824,8.914062808388822
32153752000,842.371,473.4,106.0,,1.846919159699663,8.975747954527986
32158752000,841.04,474.729,106.0,,1.7599952536741947,8.890148809317946
32163752000,840.851,475.828,106.0,,1.7474733819321262,8.819224928765932
32168752000,841.702,477.624,106.0,,1.802595880778562,8.703154711437524
32173752000,840.685,477.897,106.0,,1.7362969356257338,8.685715251824803
32178752000,844.045,474.791,106.0,,1.9556827318105368,8.885686477728775
32183752000,842.799,470.766,106.0,,1.8752899841511173,9.14567811100155
32188752000,846.388,476.766,106.0,,2.107790985074409,8.757863095633185
32193752000,843.084,477.538,106.0,,1.8925501944510128,8.708507830805631
32198752000,841.817,475.857,106.0,,1.810359206037207,8.817244942658029
32203752000,841.925,475.307,106.0,,1.8175213732897904,8.852687177949909
32208752000,841.511,473.67,106.0,,1.7908087543592823,8.958411716379235
32213752000,839.64,473.447,106.0,,1.668989726941403,8.973040836198155
32218752000,839.555,474.355,106.0,,1.663300190845895,8.91445475651069
32223758000,839.114,476.704,106.0,,1.6342310855579387,8.762867290366605
32228752000,836.134,477.561,106.0,,1.4400880535103429,8.707905303234329
32233752000,833.996,473.834,106.0,,1.30133596488039,8.948730526393371
32238877000,835.118,472.175,106.0,,1.3746369376990972,9.055674507599775
32243877000,837.536,472.593,106.0,,1.5321005771996743,9.028449546818846
32248877000,835.025,475.467,106.0,,1.3681637073503152,8.84321080933377
32253877000,836.123,470.396,106.0,,1.440392444843227,9.170419591915378
32258886000,837.818,472.859,106.0,,1.5504038659236157,9.011214891196438
32263886000,836.929,472.903,106.0,,1.4924852388374696,9.008489816047934
32268877000,836.98,473.698,106.0,,1.4957458232720409,8.95718718842373
32273877000,837.176,473.532,106.0,,1.5084963823518085,8.967894241549333
32278877000,835.873,469.896,106.0,,1.4241354452335118,9.202692444460428
32283877000,837.637,470.701,106.0,,1.5389445247362987,9.150563890309266
32288889000,839.406,472.955,106.0,,1.6538259107299855,9.004827553401773
32293885000,835.847,470.082,106.0,,1.4224659610179702,9.190702427879971
32298877000,836.028,470.467,106.0,,1.4341580589963416,9.165847463734291
32303880000,836.106,471.201,106.0,,1.4391213385209478,9.118456186344227
32308885000,837.953,470.295,106.0,,1.55960108820461,9.17672150915243
32313882000,838.783,469.94,106.0,,1.6137780898072147,9.1995027052756
32318886000,838.381,469.119,106.0,,1.587699982907437,9.252553960454796
32323877000,838.713,467.49,106.0,,1.6095912967539578,9.35768896784426
32328882000,838.14,467.841,106.0,,1.5722101195944942,9.335045332664944
32333877000,837.945,466.672,106.0,,1.55970751756509,9.410522823248732
32338877000,837.459,465.831,106.0,,1.5281736725779638,9.46484980577396
32343880000,836.114,465.571,106.0,,1.440520109999631,9.481809263935784
32348877000,838.851,463.18,,,1.619370228731909,9.635782904073317
32353877000,836.829,465.61,,,1.4870896238589562,9.479197980490458
32358877000,834.226,482.174,,,1.315253007149457,8.410278980133372
32363877000,826.465,509.616,,,0.808473876442623,6.638325410227574
32368880000,820.153,539.584,,,0.3980890354052619,4.701460601698948
32373883000,821.958,573.629,,,0.5145061878987606,2.499699059528308
32379002000,826.689,583.245,,,0.8203483754806138,1.8776221104152424
32384002000,839.886,621.665,,,1.6733694860964097,-0.6077156965294636
32389002000,849.295,665.986,,,2.2839432635228647,-3.473495304242832
32394002000,849.083,696.152,,,2.2736442789818887,-5.423169744145033
32399002000,835.089,727.108,,,1.3695369651894702,-7.424177458122719
32404002000,855.473,758.306,,,2.7020377436200187,-9.434733465853464
32409002000,869.932,783.915,,,3.655431827010056,-11.081559248813004
32414004000,863.465,812.771,,,3.245956776885241,-12.94189349953194
32419018000,852.984,825.975,,,2.563213593181032,-13.794957621959083
32819377000,824.584,834.934,,12.0,0.6950190849650898,-14.377055163098609
32824377000,789.713,819.323,,12.0,-1.5993022187932602,-13.371167581901377
32829377000,775.834,809.482,,12.0,-2.507683119953572,-12.734908142221853
32834390000,679.581,740.464,,12.0,-8.74406164182094,-8.251684358321292
32839380000,741.504,741.953,,12.0,-4.718844280968873,-8.373567247502644
32844377000,670.115,744.848,,12.0,-9.363265628552742,-8.528038925655716
32849382000,800.0,732.776,,12.0,-0.9112946058218871,-7.791069226458867
32854376000,689.428,732.256,,12.0,-8.097688082870114,-7.728822774181219
32859377000,785.02,687.495,,12.0,-1.8785171980376432,-4.864650185677646
32864377000,710.43,750.316,,12.0,-6.7460123732151605,-8.900943166640081
32869377000,820.679,675.686,,12.0,0.4320199537365384,-4.101952787013366
32874382000,774.923,670.81,,12.0,-2.530510038895056,-3.785435927900642
32879381000,703.096,664.263,,12.0,-7.17700646046589,-3.353331135139172
32884377000,556.135,666.527,,12.0,-16.663305982690122,-3.453221349055752
32889376000,744.276,512.852,,12.0,-4.526244866639861,6.422346253140484
32894376000,711.785,559.909,,12.0,-6.615373798634425,3.378812730767173
32899376000,719.951,477.82,,12.0,-6.124398856796928,8.674494720527912
32904377000,735.642,537.214,,12.0,-5.077886286325099,4.84783177546198
32909377000,746.062,509.449,,12.0,-4.411562607375056,6.64242435968076
32914377000,761.581,552.294,,12.0,-3.3946508202938634,3.8772615224926144
32919501000,757.915,546.162,,12.0,-3.6331044360723537,4.273171454890624
32924502000,759.938,494.899,,12.0,-3.515362533069658,7.584528259927196
32929502000,782.109,511.895,109.0,12.0,-2.0710134788596783,6.490060118302588
32934502000,779.866,512.971,109.0,12.0,-2.216435458989194,6.420341365727512
32939505000,778.803,515.673,109.0,12.0,-2.284894134853138,6.24564303689225
32944502000,777.991,515.668,109.0,12.0,-2.33758623558201,6.245863193490897
32949504000,775.221,513.952,109.0,12.0,-2.517722734055325,6.356427265555992
32954501000,773.683,514.816,109.0,12.0,-2.617327922950818,6.300459605557114
32959502000,772.012,510.004,109.0,12.0,-2.726843019724661,6.611086611062429
32964502000,771.759,512.682,109.0,12.0,-2.742665762947117,6.438049721852369
32969502000,782.733,506.087,109.0,12.0,-2.0314687480740603,6.865311006067291
32974502000,783.031,509.819,109.0,12.0,-2.011522978080184,6.624244193668601
32979506000,784.73,511.207,109.0,12.0,-1.9009866842145504,6.534753622007838
32984502000,787.389,507.801,109.0,12.0,-1.7288235423197087,6.755017423474447
32989502000,786.319,510.639,109.0,12.0,-1.7978857822502214,6.571586743797976
32994501000,788.518,506.061,109.0,12.0,-1.6557811280621035,6.86755051833338
32999502000,784.486,499.641,109.0,12.0,-1.9187476248605533,7.281941585355717
33004501000,784.98,498.96,109.0,12.0,-1.886765984369045,7.325965203000723
33009501000,783.73,498.683,109.0,12.0,-1.9680758688544129,7.343696509887746
33014508000,783.511,497.203,109.0,12.0,-1.982576826812503,7.439301012772489
33019515000,783.26,496.082,109.0,12.0,-1.999134755658828,7.511675257713194
33024502000,784.521,497.041,109.0,12.0,-1.9169292049105324,7.449858614952976
33029501000,784.201,496.19,109.0,12.0,-1.937890155826261,7.504764485963043
33034502000,784.735,495.553,109.0,12.0,-1.9033366655072577,7.546003314530305
33039506000,788.534,497.032,109.0,12.0,-1.6561403732356648,7.450814682885466
33044502000,789.837,501.922,109.0,,-1.570688986012817,7.1350419778112695
33049502000,789.597,504.271,109.0,,-1.585948209796497,6.983287767769151
33054635000,791.143,498.72,109.0,,-1.4863137460750244,7.341987139753747
33059628000,794.512,501.217,109.0,,-1.2670955057656217,7.180920385454588
33064514000,795.891,498.109,109.0,,-1.177797844927462,7.381782270753327
33069627000,800.315,506.917,109.0,,-0.8895140837145986,6.812914305235726
33074627000,801.213,507.944,109.0,,-0.8311319112062001,6.746550553294251
33079627000,801.331,508.294,109.0,,-0.8234835874596896,6.723970320118961
33084627000,802.013,509.65,109.0,,-0.7790920413911023,6.636363715453221
33089627000,803.319,503.551,109.0,,-0.6946754382577971,7.030517289670726
33094627000,805.054,503.81,109.0,,-0.581975814653994,7.013790299871202
33099626000,806.328,506.469,109.0,,-0.4990948585314758,6.842025867406253
33104636000,811.005,506.651,109.0,,-0.1953033802515484,6.830317975435233
33109626000,814.462,507.171,,,0.0291964915186963,6.796710130927918
33114626000,810.571,510.333,,,-0.2234429964329315,6.592377018315943
33119632000,796.16,507.579,,,-1.1593120523669869,6.769948988017172
33124626000,782.177,487.853,,,-2.071167810059932,8.042978436094748
33129627000,780.909,487.489,,,-2.153733618191649,8.066299174160905
33134627000,778.825,485.636,,,-2.289761417044705,8.185701994416627
33139637000,777.943,485.973,,,-2.3470556037728785,8.163812861306686
33144626000,775.484,489.295,,,-2.5061999699609805,7.9489829942373955
33149626000,775.924,490.153,,,-2.477372893698171,7.893665742094785
33154634000,778.433,490.207,,,-2.31419173188669,7.890478209872094
33159633000,778.161,490.27,,,-2.331888869875324,7.886407356467914
33164640000,779.416,492.577,,,-2.2497334383704577,7.737554026282106
33169630000,781.087,493.025,,,-2.140959061033847,7.708873074614706
33174626000,781.443,493.141,,,-2.1177908593211923,7.70139495762552
33179627000,779.003,491.419,,,-2.276857293257142,7.812292401509001
33184627000,778.261,492.293,,,-2.324923560806644,7.755753330333047
33189753000,779.593,494.869,,,-2.2377328621907573,7.589571066139858
33194758000,783.579,494.712,,,-1.978627510606905,7.600196897465737
33199751000,782.838,492.448,,,-2.027251278892404,7.746300233339564
33204765000,781.344,490.94,,,-2.1247270053052385,7.843548712239502
33209752000,781.92,491.434,,,-2.0871464684412504,7.8117216248139965
33214765000,784.686,494.117,,,-1.906792972748994,7.6387100536225585
33219751000,795.067,496.946,,,-1.2315327909728069,7.45683844872358
33224751000,845.325,510.603,,,2.032587064404414,6.573016065793759
33229751000,876.329,529.812,,,4.039070493394502,5.3276505848656175
33234752000,926.543,516.96,,,7.29653606941134,6.143608584850576
33239751000,945.204,532.055,,,8.496059923245225,5.165120025072453
33244752000,974.609,559.111,,,10.381957391573284,3.416065035164751
33249751000,1014.108,581.756,,,12.918224654139603,1.9541864090054324
33254751000,1042.994,605.676,,,14.7708885970803,0.4213694983343763
33259754000,1080.635,621.348,,,17.1880416734184,-0.5762143654115037
33264751000,1099.395,623.332,,,18.39168389265409,-0.7004313046594112
33269752000,1118.432,635.292,,,19.61513624057056,-1.4544914458034226
33274751000,1156.334,645.79,,,22.048573900077542,-2.105671653628277
33279752000,1161.972,658.132,,,22.418191562811824,-2.8786780904129925
33284752000,1156.431,654.591,110.0,,22.060408024702987,-2.658733693924225
33289755000,1154.91,653.353,110.0,,21.9620696076998,-2.581584436704072
33294751000,1145.787,662.521,110.0,,21.384334549063333,-3.1624242295284044
33299751000,1150.129,644.93,110.0,,21.650548583189323,-2.0537241962616912
33304752000,1143.971,646.472,110.0,,21.256803368139416,-2.1528392102486693
33309751000,1135.073,653.168,110.0,,20.690590023531566,-2.577988689856116
33314761000,1133.832,650.548,110.0,,20.609380648840528,-2.413261883935377
33319766000,1120.68,647.876,110.0,,19.764756616221803,-2.2492544152838687
33324876000,1120.633,647.972,110.0,,19.76180306586978,-2.255325148118711
33329876000,1114.797,645.466,110.0,,19.38630094659369,-2.098786756841108
33334876000,1111.589,644.679,110.0,,19.180181257937623,-2.049926459034177
33339876000,1104.046,641.135,110.0,,18.69494167503298,-1.8277165865640543
33344876000,1097.306,646.329,110.0,,18.26484775574595,-2.1587268219114537
33349876000,1097.609,645.894,110.0,,18.28413650353281,-2.1310434941555894
33354876000,1093.709,636.002,110.0,,18.029993771556253,-1.5047184727163645
33359877000,1090.038,632.011,110.0,,17.79334571837711,-1.2522367989096992
33364879000,1077.622,626.321,110.0,,16.99541138941266,-0.8925904115402601
33369876000,1073.06,624.932,110.0,,16.702392022043824,-0.8048107407580427
33374877000,1065.985,621.15,110.0,,16.247750899567443,-0.5647598735473371
33379877000,1060.571,621.997,110.0,,15.900174695485918,-0.6191523420855436
33384880000,1057.635,621.474,110.0,,15.711581010812926,-0.5860351964889154
33389881000,1049.699,621.709,110.0,,15.201875738150797,-0.6015824228203916
33394876000,1047.821,628.453,110.0,,15.082228180688324,-1.0320320243599383
33399881000,1048.035,627.881,110.0,,15.09585108699542,-0.9955195569836904
33404877000,1047.47,626.571,110.0,,15.059327322791953,-0.9119745684354508
33409883000,1043.573,615.089,110.0,,14.80787763597572,-0.1794730624066345
33414877000,1038.783,618.529,110.0,,14.500243038557947,-0.3993254712457681
33419877000,1037.665,618.502,110.0,,14.428354222602822,-0.3976411584939082
33424884000,1031.697,618.987,110.0,,14.044770440888524,-0.428948471087118
33429877000,1024.418,615.552,110.0,,13.57663640609896,-0.2095686417923192
33434876000,1023.311,619.967,110.0,,13.505675777573735,-0.492014524492799
33439877000,1024.683,618.251,110.0,,13.593819230797225,-0.3822190284088772
33444877000,1021.871,622.341,110.0,,13.413268915704403,-0.6440049895267338
33449884000,1020.689,621.937,110.0,,13.337203776439583,-0.6182642660209756
33454876000,1017.311,622.568,110.0,,13.120032540952248,-0.6588422796114787
33459885000,1009.708,614.835,110.0,,12.630462224159627,-0.1639817841658011
33464883000,1010.207,619.987,110.0,,12.662766480378648,-0.4940050336116227
33470001000,1006.634,624.444,110.0,,12.433262011719364,-0.7797943155153775
33475003000,1005.737,626.553,110.0,,12.375826474585171,-0.9150112688184454
33480002000,1006.105,620.757,110.0,,12.398917908900048,-0.5436016963598341
33485002000,1008.316,618.773,110.0,,12.54105997380984,-0.4163315402890759
33490010000,1008.715,616.262,110.0,,12.56658891254802,-0.2554182213975802
33495001000,1008.651,614.291,110.0,,12.562427709310915,-0.1291688764974471
33500002000,1008.104,612.55,110.0,,12.527191987645582,-0.0176274769100958
33505016000,1005.116,612.661,110.0,,12.334945661123106,-0.0247711100750371
33510001000,998.464,621.449,110.0,,11.907161049717876,-0.5884042589621628
33515002000,996.992,621.683,110.0,,11.812429089329532,-0.6034434036641703
33520008000,996.153,623.403,110.0,,11.758559216409898,-0.7138277247592284
33525002000,989.213,619.401,110.0,,11.311413599451276,-0.4574607163399616
33530002000,987.589,617.529,110.0,,11.206790146268514,-0.3373745396356443
33535012000,985.742,616.1,110.0,,11.087809242802818,-0.2456566865763862
33540002000,986.222,621.427,110.0,,11.118974597634756,-0.5876395679245807
33545009000,984.693,619.96,110.0,,11.020373538323687,-0.4935499442118486
33550004000,981.405,609.049,110.0,,10.808449878194953,0.2070849700445819
33555001000,980.453,610.592,110.0,,10.747096009880352,0.108001703459044
33560002000,977.17,608.111,110.0,,10.535667428640044,0.2674416628638839
33565016000,978.015,607.908,110.0,,10.590124563794864,0.2804167160756396
33570002000,980.042,606.456,110.0,,10.720745220262817,0.3736540038258362
33575001000,979.961,611.056,110.0,,10.715377743328322,0.0782158978989296
33580006000,977.198,609.367,110.0,,10.537449088241187,0.1867484897614321
33585002000,975.135,612.336,110.0,,10.40453658032566,-0.0040197836709525
33590001000,966.567,611.691,110.0,,9.852447797034705,0.0373857828590077
33595001000,967.463,607.744,110.0,,9.910265480945284,0.2911831467080241
33600127000,968.538,607.751,110.0,,9.979518758661731,0.2906909900302503
33605127000,966.21,607.583,110.0,,9.829489937215016,0.3015381766276837
33610126000,966.945,607.655,110.0,,9.876893215440775,0.296915552344168
33615138000,968.354,603.215,110.0,,9.967937728068431,0.5823590123851986
33620126000,971.594,605.513,110.0,,10.176559870187278,0.4345162387416001
33625126000,971.975,602.371,110.0,,10.201336032189252,0.63644060431584
33630130000,966.609,601.419,110.0,,9.855622806932702,0.6979320843477104
33635127000,967.259,601.681,110.0,,9.897462409065437,0.6810504791246732
33640126000,968.377,603.685,110.0,,9.96935972817297,0.5521529525955557
33645126000,968.292,602.906,110.0,,9.963948276586166,0.6022303926770077
33650137000,970.327,601.633,110.0,,10.095155349429524,0.6839718270252811
33655126000,970.997,602.799,110.0,,10.138250442117435,0.608999579994297
33660127000,979.299,613.713,110.0,,10.672749337471307,-0.0924741900816327
33665127000,977.705,613.902,110.0,,10.57004593827918,-0.1046750990707603
33670127000,974.573,611.849,110.0,,10.36826754204398,0.0272784999199648
33675127000,973.954,610.046,110.0,,10.328422052105031,0.1430907750362629
33680126000,975.766,605.296,110.0,,10.445387384123938,0.4483369809295334
33685127000,974.628,604.655,110.0,,10.372099862357944,0.4895554398216339
33690127000,974.856,604.459,110.0,,10.386769041187,0.5021335334153482
33695126000,974.892,603.962,110.0,,10.389153747223244,0.5340748140674183
33700126000,974.465,604.241,110.0,,10.361639447015737,0.5161942557463355
33705127000,976.027,613.456,110.0,,10.46195273882478,-0.0759868491001783
33710127000,977.056,613.744,110.0,,10.52824101183002,-0.094498561515282
33715134000,978.446,612.998,110.0,,10.61781188718869,-0.0465715657797891
33720127000,978.754,612.932,110.0,,10.637623647642268,-0.0423504089474664
33725126000,975.861,611.152,110.0,,10.451283673903148,0.0720445112090899
33730126000,976.273,611.67,110.0,,10.477835257419096,0.0387238368558677
33735252000,977.707,608.171,110.0,,10.570281900899896,0.2635337026912274
33740252000,977.841,606.067,110.0,,10.579010612848457,0.3986979840800565
33745252000,977.42,609.144,110.0,,10.551782486811758,0.2010315184123405
33750251000,975.822,609.091,110.0,,10.4488041383353,0.2044963533500498
33755251000,972.82,606.58,110.0,,10.25550560483168,0.3658776696164105
33760252000,976.637,609.441,110.0,,10.501288673191992,0.1819944241270793
33765260000,975.619,608.783,110.0,,10.435751039030675,0.2242424981580832
33770261000,976.229,606.419,110.0,,10.475148107116397,0.3761209641928265
33775251000,973.719,608.178,110.0,,10.313338343831653,0.2631442937315512
33780251000,974.478,606.237,110.0,,10.362359851833745,0.3878735762199852
33785259000,973.389,607.608,110.0,,10.292119707492851,0.2998433724384589
33790256000,974.878,609.264,110.0,,10.388023762893049,0.1933699733914089
33795251000,974.852,612.752,110.0,,10.386251950837927,-0.0307508565545572
33800252000,974.176,608.992,110.0,,10.342778037945044,0.2108612492736649
33805251000,975.033,607.682,110.0,,10.398000878558012,0.295035214831004
33810251000,975.518,605.317,110.0,,10.429381805587273,0.44701571969066
33815251000,977.549,616.118,110.0,,10.5600972262916,-0.2470028113066258
33820252000,976.155,615.083,110.0,,10.47021535202305,-0.1805413297956239
33825252000,975.471,612.601,110.0,,10.426167774753283,-0.0210912860916566
33830252000,976.632,614.824,110.0,,10.500975015886793,-0.1639166645243743
33835254000,977.443,615.115,110.0,,10.553188523768316,-0.1826121301286279
33840252000,978.531,610.385,110.0,,10.62327023343132,0.1213170271718441
33845262000,980.19,617.885,110.0,,10.730244989849014,-0.3604734137806001
33850251000,983.863,617.993,110.0,,10.966809198607836,-0.3672940255026693
33855252000,983.749,617.691,110.0,,10.959476383009246,-0.3478661051203607
33860252000,983.841,614.914,110.0,,10.96531978843968,-0.1695397936030081
33865251000,983.267,614.886,110.0,,10.92833317418956,-0.1677784193737497
33870377000,983.274,614.942,110.0,,10.928777641153864,-0.1713842211776848
33875376000,983.117,614.161,110.0,,10.918702729760604,-0.1212248456411438
33880376000,982.908,616.169,110.0,,10.905284092469715,-0.2501785690753789
33885377000,981.48,612.64,110.0,,10.81325143885555,-0.0235782046316075
33890376000,980.91,614.042,110.0,,10.776551723598471,-0.1135788875417923
33895376000,982.255,616.115,110.0,,10.86322334246963,-0.2467295152193399
33900376000,980.44,616.587,110.0,,10.746315598723491,-0.2770976545991749
33905381000,981.541,613.343,110.0,,10.817141010407124,-0.0686782368109695
33910377000,981.74,610.599,110.0,,10.829992682547324,0.1075472844348307
33915389000,980.927,611.145,110.0,,10.77761870223244,0.0724577156579991
33920377000,979.861,610.189,110.0,,10.708967348390384,0.1338969759577614
33925377000,978.993,610.213,110.0,,10.653040269785777,0.1323747411275237
33930377000,977.25,611.586,110.0,,10.540748281192853,0.0441354530018861
33935377000,981.192,614.194,110.0,,10.794673678472815,-0.1233521958649718
33940380000,981.229,617.26,110.0,,10.797156667602044,-0.3202884147024354
33945377000,980.605,621.245,,,10.757160232642304,-0.5762656530931689
33950376000,981.221,618.62,,,10.79668462272848,-0.4076293753006574
33955378000,970.274,597.597,,,10.092191894062834,0.943434173513808
33960376000,952.746,543.57,,,8.977736685090402,4.4216690008434085
33965377000,946.477,506.65,,,8.593888810741763,6.799196020332254
33970381000,936.572,437.977,,,8.011589737878873,11.219659944314868
33975376000,909.984,375.64,,,6.338655604718963,15.242667485858943
33980376000,902.126,346.144,,,5.854592559457896,17.141904121040334
33985377000,885.696,292.065,,,4.824986365753217,20.62367384183053
33990376000,879.939,249.752,,,4.491479388558273,23.341704975407986
33995391000,870.117,207.268,,,3.875790477997797,26.07499912935929
34000379000,860.149,184.783,,,3.212170996298445,27.526085969754668
34005501000,853.583,172.836,,,2.766372473803082,28.298130904147303
34010502000,851.631,149.615,,,2.654219844553896,29.793710475910054
34015501000,851.35,153.529,111.0,,2.6300344215636904,29.54183731198695
34020501000,853.127,151.85,111.0,,2.7576507712721208,29.64889043244356
34025501000,861.227,162.494,111.0,,3.3164374221839075,28.958561325922727
34030504000,869.935,164.545,111.0,,3.926676087986899,28.82012027513208
34035502000,869.249,164.143,111.0,,3.879059076264111,28.8465079575414
34040501000,868.611,167.615,111.0,,3.828676013582098,28.623742797630914
34045501000,867.781,169.843,111.0,,3.766967389272132,28.481117942355706
34050501000,867.023,169.874,111.0,,3.713723104618112,28.47969388913815
34055501000,862.594,169.056,111.0,,3.403707077254853,28.535531197235425
34060502000,859.605,168.964,111.0,,3.1937591828250347,28.543478065492703
34065510000,863.242,194.408,111.0,,3.4157677843382404,26.90563240419945
34070501000,860.387,198.566,111.0,,3.2122778084585915,26.64040811648817
34075501000,861.513,197.095,111.0,,3.292275914509505,26.734194218243896
34080502000,862.658,197.769,111.0,,3.3709985544581804,26.69016822567709
34085501000,864.683,197.625,111.0,,3.5118341687024324,26.698033990259187
34090501000,856.073,205.495,111.0,,2.905508988548425,26.19800422934979
34095501000,857.42,204.545,111.0,,2.9997781734803315,26.258254185562784
34100507000,857.221,202.515,111.0,,2.9881359468959205,26.38872899256717
34105501000,857.42,202.342,111.0,,3.002119828840641,26.399718693787488
34110501000,858.842,205.332,111.0,,3.0974766757147503,26.206832562642354
34115501000,862.553,208.905,111.0,,3.3503240002744605,25.9750993472525
34120504000,863.5,205.471,111.0,,3.419972775034429,26.19496479701113
34125502000,866.545,203.777,111.0,,3.633040234989533,26.30169063117709
34130501000,865.733,204.242,111.0,,3.576163008973998,26.27238177601824
34135502000,867.295,205.0,111.0,,3.6834548167934833,26.22266566667116
34140513000,866.764,206.73,111.0,,3.644410486801143,26.11196749369521
34145508000,869.086,210.093,111.0,,3.800600261820232,25.89442273472088
34150632000,868.627,212.066,111.0,,3.766236312552597,25.76805006530488
34155627000,870.287,217.333,111.0,,3.873876984993164,25.42880970174028
34160630000,870.96,218.422,111.0,,3.918797372133536,25.35843430948048
34165626000,870.243,218.45,111.0,,3.869359441419845,25.35718671007681
34170626000,872.862,218.291,111.0,,4.050099467757345,25.36544017424229
34175626000,877.885,220.832,,,4.392524010145219,25.19848832276733
34180626000,875.538,224.094,,,4.226212963643631,24.991057040310583
34185632000,872.935,223.153,,,4.04839703678085,25.053355031665884
34190632000,859.427,222.07,,,3.119892126801809,25.131837517767305
34195626000,834.228,191.868,,,1.3985642253816726,27.08303478340378
34200627000,811.477,207.903,,,-0.1842099140523488,26.056112677715827
34205626000,797.525,200.464,,,-1.1537716119417918,26.532998485249443
34210626000,784.294,202.579,,,-2.0707491546346968,26.39376762393908
34215633000,782.749,204.617,112.0,,-2.1761266217000634,26.262323003277874
34220626000,783.318,202.074,112.0,,-2.1388887757615853,26.42587868535788
34225626000,784.465,212.094,112.0,,-2.051176127842312,25.782604631775342
34230626000,785.73,208.437,112.0,,-1.9665121064693136,26.017910612797003
34235626000,783.853,209.044,112.0,,-2.0959439712160965,25.978294305681874
34240634000,784.895,208.524,112.0,,-2.024233762558248,26.01206537997245
34245628000,785.503,207.899,112.0,,-1.982638438127988,26.05238208228445
34250639000,786.677,210.092,112.0,,-1.899711483013892,25.911884087409515
34255626000,791.085,207.883,112.0,,-1.596159681783058,26.0550056976162
34260634000,791.233,207.413,112.0,,-1.5862103307806934,26.085219664750515
34265626000,789.779,208.243,112.0,,-1.6863508346628298,26.031548383009543
34270626000,790.201,216.764,112.0,,-1.651567638447384,25.48428052136021
34275627000,787.714,216.099,112.0,,-1.8236793971851308,25.52632270130376
34280755000,791.066,209.666,112.0,,-1.5963440604288586,25.94046178064644
34285751000,790.561,209.595,112.0,,-1.6313053393712609,25.94486223118076
34290751000,790.639,209.844,112.0,,-1.6257674374291842,25.92887365024289
34295751000,789.173,210.224,112.0,,-1.7269032318632251,25.904129226110857
34300751000,789.78,210.807,112.0,,-1.684579614027619,25.866837979426453
34305751000,789.811,211.329,112.0,,-1.6820879998483222,25.833310747118688
34310751000,791.428,217.582,112.0,,-1.5663823658648393,25.432034799232525
34315751000,788.207,213.921,112.0,,-1.7911377758514002,25.66638258063865
34320751000,786.272,214.559,112.0,,-1.924386429057854,25.62482947547908
34325752000,789.843,217.65,112.0,,-1.6757132260861851,25.427311409389954
34330763000,793.104,217.959,112.0,,-1.4504984254580504,25.40822228798891
34335751000,792.753,219.143,112.0,,-1.4740861603300786,25.332113648925887
34340751000,795.312,222.304,112.0,,-1.2959525936634386,25.129645921420742
34345751000,797.547,222.671,112.0,,-1.141841285914126,25.1064434386021
34350751000,801.737,222.962,112.0,,-0.8531803335691855,25.088283601104475
34355759000,803.54,225.348,112.0,,-0.7283014626964006,24.935279439894945
34360751000,807.07,233.073,112.0,,-0.4837375076350392,24.439428885998662
34365751000,805.497,236.662,112.0,,-0.5908040833077344,24.208848781771582
34370751000,807.862,228.306,112.0,,-0.43033819494159,24.745542337381785
34375751000,803.321,236.259,,,-0.7400689066964288,24.23458580940236
34380751000,806.189,236.185,,,-0.5434998429414764,24.239537112016
34385760000,801.734,241.679,,,-0.8471147003046553,23.88640689580373
34390751000,799.084,243.929,,,-1.027620572169183,23.74166280747197
34395751000,784.484,265.914,,,-2.0111469276976166,22.32711758889247
34400751000,785.365,263.932,113.0,,-1.9525999288806288,22.45461718298534
34405764000,784.288,260.486,113.0,,-2.028056019074154,22.675488135612195
34410751000,785.114,261.781,113.0,,-1.9709827322407407,22.59258695329126
34415876000,786.209,258.909,113.0,,-1.8983454528208408,22.77732193367662
34420876000,785.569,256.395,113.0,,-1.9435068735978287,22.93850111673345
34425876000,787.361,252.997,113.0,,-1.823537601055796,23.157115434528183
34430876000,786.367,253.32,113.0,,-1.891140871132848,23.13614781193377
34435876000,786.182,257.207,113.0,,-1.90125426088681,22.886535921146944
34440876000,786.548,257.956,113.0,,-1.875875258695374,22.838576341481406
34445876000,785.366,257.597,113.0,,-1.956543612099949,22.86128264436925
34450876000,787.789,252.086,113.0,,-1.7949199152567583,23.21569152953988
34455876000,788.463,252.88,113.0,,-1.7484984497426914,23.164934099552458
34460879000,787.797,251.702,113.0,,-1.7946303434290205,23.24036884661224
34465884000,785.636,257.698,113.0,,-1.9380941875630613,22.854874864172075
34470876000,786.54,258.117,113.0,,-1.8763063787102965,22.828199124225414
34475876000,785.876,257.783,113.0,,-1.921713075947944,22.849500254428623
34480879000,786.286,260.628,113.0,,-1.892009065738276,22.66693371801685
34485876000,785.825,260.751,113.0,,-1.9232816118410687,22.65896150682111
34490876000,784.197,257.121,113.0,,-2.036481973705472,22.89149505154109
34495877000,785.717,256.758,113.0,,-1.933221290777284,22.91527201946253
34500877000,782.6,260.292,113.0,,-2.142959216021852,22.68745710736649
34505876000,782.743,259.588,113.0,,-2.1337301965228206,22.732695781058464
34510877000,783.951,254.949,113.0,,-2.0546778633391845,23.030871303365405
34515880000,783.34,260.984,113.0,,-2.092199630356845,22.643287991392647
34520876000,784.38,260.458,113.0,,-2.021751524521536,22.67735152164472
34525876000,777.578,258.174,113.0,,-2.486330293945416,22.82174241898565
34530876000,776.234,262.551,113.0,,-2.5741945004516524,22.540254048802428
34535880000,775.96,262.306,113.0,,-2.593036273485425,22.55585888992251
34540876000,776.245,260.903,113.0,,-2.574770912982572,22.646044216589065
34545882000,773.255,263.227,113.0,,-2.776089769061454,22.495719908758307
34551001000,771.411,264.456,,,-2.9002747279176213,22.41606304863945
34556002000,771.719,261.822,,,-2.8817988019893783,22.585214902973394
34561001000,777.455,262.763,,,-2.490994613071491,22.5271137714974
34566001000,789.153,258.222,,,-1.6983443157231166,22.822162457439184
34571002000,828.34,274.356,,,0.9650324997821752,21.78723478384908
34576011000,858.254,298.515,,,2.9716881724911635,20.22642804147545
34581006000,888.094,263.986,,,5.02589776189362,22.42240186269652
34586001000,915.62,274.779,,,6.872304223227364,21.704129411412115
34591014000,938.062,286.487,,,8.361950278858595,20.92798966870737
34596001000,956.558,297.091,,,9.580015275559925,20.22495237379864
34601001000,957.776,300.052,,,9.654269575283635,20.033976483693348
34606001000,956.466,298.559,114.0,,9.57012569070292,20.13128800335215
34611005000,953.144,291.785,114.0,,9.36410677560582,20.568968726457705
34616001000,955.236,292.363,114.0,,9.503261909295547,20.529014607014
34621001000,953.345,289.285,114.0,,9.38399555745079,20.72845632191833
34626001000,950.945,289.382,114.0,,9.22229133404386,20.72565642801269
34631001000,951.743,288.817,114.0,,9.277387421820157,20.76066464647393
34636001000,950.172,289.893,114.0,,9.16898369217455,20.69406994099472
34641001000,949.781,289.937,114.0,,9.142556881479912,20.69175867083388
34646001000,946.508,285.817,114.0,,8.932465930602024,20.95967226282736
34651001000,948.413,285.176,114.0,,9.062356248120592,20.99809420655249
34656002000,948.038,281.773,114.0,,9.04568115009786,21.216188930946032
34661001000,944.372,283.3,114.0,,8.794667795361825,21.123562056226923
34666004000,945.417,284.351,114.0,,8.862536233500661,21.05495281172207
34671004000,946.348,285.32,114.0,,8.922898990149115,20.99167993184778
34676001000,943.776,286.62,114.0,,8.746496196323836,20.912007890425105
34681001000,942.679,285.216,114.0,,8.675960488638895,21.003261611478266
34686126000,941.668,284.082,114.0,,8.610547210232705,21.0771463374974
34691131000,940.475,283.463,114.0,,8.531590908773177,21.118342347332405
34696127000,939.475,284.785,114.0,,8.4611170808298,21.03509339573748
34701126000,942.971,280.091,114.0,,8.708112608696892,21.33068971518664
34706130000,942.034,280.164,114.0,,8.64468241078927,21.3272814224972
34711134000,942.04,286.29,114.0,,8.630387137649802,20.93543666386423
34716126000,943.268,284.77,114.0,,8.71669552923514,21.03104767270414
34721127000,939.29,284.951,114.0,,8.448253189326648,21.024675636358182
34726126000,939.216,285.796,114.0,,8.441307166455639,20.970705256800663
34731130000,937.834,288.303,114.0,,8.342427778728618,20.812070254412983
34736126000,937.853,288.33,114.0,,8.343625477940334,20.81035413489303
34741126000,934.375,292.602,114.0,,8.100140825903322,20.541335745377182
34746127000,935.262,290.052,114.0,,8.16539571470286,20.703406694680154
34751126000,935.013,292.409,114.0,,8.143480233351251,20.55285321141987
34756126000,937.252,291.15,114.0,,8.296821161128737,20.63068367089604
34761126000,934.233,287.016,114.0,,8.102831193733033,20.89899150468781
34766126000,934.264,286.685,114.0,,8.10566210804071,20.92009957172692
34771126000,934.228,284.327,114.0,,8.108513902211639,21.07107475819977
34776126000,934.319,290.284,114.0,,8.10140777187492,20.689741361654807
34781126000,935.15,287.616,114.0,,8.163269191736228,20.85941418981489
34786126000,936.274,287.331,114.0,,8.239575563734281,20.8762899440446
34791127000,936.276,287.594,114.0,,8.23911228710471,20.85940019552073
34796126000,934.776,283.198,114.0,,8.147978808509833,21.1426404281316
34801126000,934.354,284.99,114.0,,8.115501798433574,21.028498417770084
34806138000,934.511,285.344,114.0,,8.125323435843859,21.00561030829484
34811126000,934.532,284.845,114.0,,8.127821860554768,21.037542195194664
34816126000,933.597,281.879,114.0,,8.071453329978505,21.228530799040247
34821251000,931.168,286.98,114.0,,7.896449689392997,20.904994065408506
34826251000,932.362,275.929,114.0,,8.001611873270594,21.610835091442706
34831252000,934.624,279.859,114.0,,8.145368526143061,21.35644986244627
34836251000,936.89,283.189,114.0,,8.290526849202704,21.14051982634184
34841251000,938.246,288.675,114.0,,8.369337045094452,20.78774430341693
34846251000,938.773,288.321,114.0,,8.405636680334114,20.80975509531869
34851257000,939.472,290.466,114.0,,8.447731933030047,20.67159156709237
34856251000,939.622,292.047,114.0,,8.454205769486347,20.570287402464867
34861252000,939.774,290.167,114.0,,8.468749807229445,20.690334342925315
34866251000,937.022,291.574,114.0,,8.280398176932058,20.60383088434436
34871251000,941.785,288.894,114.0,,8.607030021163574,20.76918302770868
34876251000,940.407,288.749,114.0,,8.514604097833624,20.780275760819936
34881255000,941.438,289.359,114.0,,8.582605706960853,20.73988709574526
34886251000,939.683,289.279,114.0,,8.46465533568792,20.74728861676181
34891251000,937.411,292.162,114.0,,8.305259519747581,20.565694732691764
34896251000,940.825,288.968,114.0,,8.542274215284966,20.765718336331847
34901251000,941.333,293.438,114.0,,8.566118498412798,20.47911315814886
34906251000,943.237,292.314,114.0,,8.696682840501564,20.54851567845808
34911251000,943.316,292.511,114.0,,8.701535634440923,20.53580206927577
34916251000,943.786,292.773,114.0,,8.732571516405207,20.5184727832308
34921251000,942.214,291.515,114.0,,8.629784592713472,20.601007777487727
34926260000,940.633,289.103,114.0,,8.52901496933186,20.757311088535204
34931251000,942.422,289.266,114.0,,8.649055062410078,20.74455361479647
34936251000,946.128,286.751,114.0,,8.904551924947741,20.900476049297016
34941252000,945.327,287.436,114.0,,8.84894704014339,20.85774934054228
34946251000,944.994,288.199,114.0,,8.824695218555366,20.80940299818776
34951251000,943.129,293.631,114.0,,8.686390363441978,20.464443003962803
34956254000,945.029,292.472,114.0,,8.816849289895812,20.53604361300524
34961376000,945.042,291.818,114.0,,8.819240370102316,20.577873562706447
34966383000,945.82,290.423,114.0,,8.874922587410403,20.66607978907724
34971376000,943.082,288.702,114.0,,8.694805759091382,20.779768468476487
34976376000,943.853,290.542,114.0,,8.7423018035739,20.661039703337607
34981376000,945.502,287.905,114.0,,8.859588089851544,20.827559494529723
34986376000,943.127,285.594,114.0,,8.705208724543334,20.97853830349377
34991379000,943.843,285.61,114.0,,8.753436878900894,20.976536744569504
34996384000,941.851,287.713,114.0,,8.61428550823112,20.844645552902776
35001376000,944.698,286.612,114.0,,8.808592822087006,20.911329104592102
35006376000,943.292,287.409,114.0,,8.711980769295796,20.862210064554
35011376000,944.494,287.568,114.0,,8.792576574588063,20.850437585107542
35016376000,944.255,285.541,114.0,,8.78138130471952,20.98037502901884
35021376000,943.565,286.585,114.0,,8.732375504202398,20.91456370389349
35026385000,941.288,290.558,114.0,,8.569704901053228,20.663407095970896
35031377000,939.402,290.107,114.0,,8.443855880496093,20.69465584038684
35036376000,941.903,288.553,114.0,,8.615755267582083,20.790827018923643
35041376000,941.692,287.915,114.0,,8.603100440743246,20.831920333464325
35046377000,940.153,289.009,114.0,,8.496945167359184,20.763984435294105
35051376000,940.082,286.802,114.0,,8.497263353160214,20.90524227424422
35056376000,937.156,285.734,114.0,,8.302653816049213,20.977317593747216
35061377000,938.039,286.308,114.0,,8.360823728523007,20.93946344284154
35066376000,938.085,287.623,114.0,,8.360887243403548,20.85527931516181
35071381000,938.049,287.996,114.0,,8.35761369293814,20.831434015795715
35076376000,937.271,283.998,114.0,,8.31435789419143,21.088253617640856
35081376000,936.524,283.047,114.0,,8.266193748756226,21.150056902343565
35086377000,936.851,281.734,114.0,,8.291277595891758,21.23366400938439
35091376000,936.714,282.53,114.0,,8.28019835718727,21.18291474629554
35096501000,936.192,282.66,114.0,,8.244677388563776,21.175219805537623
35101501000,935.766,283.141,114.0,,8.214853140340095,21.14502955385657
35106514000,935.457,283.16,114.0,,8.194022094849052,21.144187625633933
35111502000,931.646,281.338,114.0,,7.941019241237641,21.265525909393308
35116502000,931.906,280.012,114.0,,7.961555690388748,21.350064609853582
35121504000,933.495,280.675,114.0,,8.067284478783291,21.30570170733509
35126501000,934.613,280.527,114.0,,8.143065258334534,21.31374905792929
35131501000,933.803,279.724,114.0,,8.090215861034117,21.36614871441861
35136501000,931.926,276.071,114.0,,7.9717909051875715,21.60227973822761
35141501000,935.583,280.133,114.0,,8.209460328880397,21.33773695070865
35146501000,934.659,279.886,114.0,,8.147671767447124,21.354691537427925
35151501000,933.718,277.755,114.0,,8.088984830043078,21.49222454618662
35156504000,934.666,279.222,114.0,,8.149667107624063,21.39720684361309
35161501000,933.219,284.057,114.0,,8.041113580416416,21.08959763004578
35166501000,932.793,280.708,114.0,,8.019885275943386,21.304413225812976
35171501000,931.668,278.569,114.0,,7.948757393582838,21.442746745247923
35176501000,932.719,279.526,114.0,,8.017520299313873,21.380157846055905
35181501000,931.113,277.797,114.0,,7.912991124515662,21.49284895376428
35186511000,930.248,278.65,114.0,,7.852647194083443,21.43928551998356
35191501000,932.499,278.822,114.0,,8.004241596214657,21.425498442303965
35196501000,932.885,279.071,114.0,,8.029738351464108,21.40910788115766
35201501000,932.357,278.494,114.0,,7.995408740684377,21.446648740181057
35206501000,933.114,277.956,114.0,,8.047755602107014,21.48014031966561
35211505000,930.541,280.153,114.0,,7.869079870053294,21.3427434124718
35216501000,933.384,273.254,114.0,,8.076841490810333,21.78069568533373
35221501000,933.19,276.785,114.0,,8.055586797490625,21.55498258249766
35226501000,933.579,278.022,114.0,,8.079015796445768,21.47531396346402
35231626000,933.777,280.77,114.0,,8.0861411280816,21.29925772611536
35236626000,933.704,283.125,114.0,,8.0758890739604,21.148612035549164
35241626000,934.637,280.642,114.0,,8.144466632206731,21.306370674133674
35246626000,936.735,278.682,114.0,,8.290610451425731,21.42909471801375
35251627000,936.123,273.541,114.0,,8.261375097288306,21.75877580917839
35256627000,931.983,272.371,114.0,,7.984129758419539,21.83900651963273
35261627000,935.082,281.226,114.0,,8.173152061219682,21.26844503299021
35266627000,935.971,282.105,114.0,,8.231085052882154,21.21102763812562
35271630000,936.78,282.14,114.0,,8.285549108782465,21.20776082010985
35276626000,935.188,282.44,,,8.177467611369487,21.19061419593226
35281626000,936.009,280.852,,,8.236550866233653,21.291169252461085
35286626000,934.677,280.803,,,8.146761517604263,21.295975500017214
35291626000,925.092,280.404,,,7.500804351515555,21.333237187211008
35296626000,891.893,260.566,,,5.289176105860896,22.63842649326456
35301636000,868.672,251.901,,,3.720619806494984,23.21185865836739
35306630000,845.254,259.122,,,2.119595614639556,22.76046856670508
35311626000,819.289,261.516,,,0.3528133644605059,22.6128585456826
35316627000,795.694,263.99,,,-1.2506640291863251,22.45315526705554
35321626000,774.069,231.14,,,-2.750438558979784,24.55564756519572
35326634000,766.177,239.054,,,-3.2833048241171725,24.043935283842643
35331629000,766.571,244.597,115.0,,-3.2501617300911128,23.68835380446888
35336626000,762.965,251.497,115.0,,-3.48863046434479,23.24365329478676
35341626000,763.731,250.737,115.0,,-3.4372813112277987,23.292865343216285
35346626000,766.173,247.545,115.0,,-3.274086147634528,23.498972683062227
35351626000,765.131,247.042,115.0,,-3.345820815064343,23.53070232012153
35356626000,762.501,251.923,115.0,,-3.5197660933792414,23.216090726734915
35361626000,766.558,252.157,115.0,,-3.2428351658294936,23.20315100405564
35366751000,767.231,252.271,115.0,,-3.1968147074863764,23.196171170449748
35371754000,765.852,251.001,115.0,,-3.292235706752742,23.27701888151236
35376751000,767.113,252.307,115.0,,-3.2048230320498936,23.19382537582931
35381764000,761.323,240.619,115.0,,-3.613793529703141,23.94081449819674
35386751000,763.666,243.986,115.0,,-3.449445380689313,23.726051415711964
35391751000,766.077,245.543,115.0,,-3.2828814648259472,23.62740451570876
35396751000,767.178,251.878,115.0,,-3.200859845175504,23.2214007594884
35401751000,768.0,252.63,115.0,,-3.1440011619665555,23.173539482591465
35406754000,771.752,255.036,115.0,,-2.8858522649512186,23.020770402421217
35411751000,773.297,256.35,115.0,,-2.779428488632784,22.93710312805809
35416751000,770.203,256.484,115.0,,-2.989976786401584,22.92714987356218
35421758000,770.921,255.121,115.0,,-2.9424478241698973,23.015006829037308
35426751000,771.341,254.235,115.0,,-2.914670211599481,23.07203810837733
35431751000,773.98,249.124,115.0,,-2.7394543974333208,23.401209407934868
35436751000,773.187,253.066,115.0,,-2.78990959010798,23.14783970952136
35441764000,774.459,254.625,115.0,,-2.7017813288149832,23.048309757533097
35446751000,772.954,254.789,115.0,,-2.8042009449882226,23.03716255732513
35451751000,774.305,257.812,115.0,,-2.7094383733763707,22.843676970694663
35456751000,776.129,255.961,115.0,,-2.586854154617826,22.96321013900527
35461751000,778.044,255.046,115.0,,-2.4571480471596567,23.022665014404385
35466760000,777.398,252.633,115.0,,-2.5031384326833845,23.17732736925532
35471751000,780.16,251.633,115.0,,-2.31561392912562,23.24248670999884
35476751000,780.373,251.116,115.0,,-2.3014461688511973,23.27577746226431
35481751000,780.167,251.136,115.0,,-2.315505250683962,23.2744213683888
35486758000,783.235,253.663,115.0,,-2.1043800764410823,23.113201773408065
35491751000,783.616,255.922,115.0,,-2.076833705390943,22.968286275511044
35496751000,781.781,255.658,115.0,,-2.202084178503428,22.984671021335217
35501876000,781.259,256.328,115.0,,-2.2371397545572083,22.94146893011313
35506876000,786.728,269.605,115.0,,-1.8565842336014136,22.090785295543235
35511888000,787.438,267.589,115.0,,-1.8095898704616784,22.220410168756526
35516889000,783.051,259.51,115.0,,-2.112828026969152,22.737799723224025
35521876000,782.076,259.356,115.0,,-2.179330043895816,22.74737530258712
35526876000,779.827,260.648,115.0,,-2.331351030371377,22.663736374702488
35531876000,779.976,261.268,115.0,,-2.320783167969469,22.62398570099577
35536876000,780.099,261.701,115.0,,-2.31209891892466,22.59621452856876
35541883000,779.411,261.807,115.0,,-2.3587551751870066,22.58919151859796
35546876000,777.603,260.421,115.0,,-2.482849182906961,22.67749496080649
35551876000,786.634,269.135,115.0,,-1.8631771653408973,22.120913717397155
35556876000,786.382,261.682,115.0,,-1.884822341273167,22.59932229755184
35561876000,786.444,261.772,115.0,,-1.880583452994432,22.593585084579075
35566876000,783.891,263.503,115.0,,-2.053035607365264,22.481742396460863
35571876000,782.479,261.017,115.0,,-2.1507095540571908,22.640910354973133
35576876000,782.338,260.735,115.0,,-2.160526422152452,22.658965447917524
35581876000,781.229,261.214,115.0,,-2.2355501043877,22.62784128129854
35586876000,778.808,256.24,115.0,,-2.4041605776981942,22.946331305191595
35591877000,777.989,257.794,115.0,,-2.4586937310822963,22.84623510039385
35596876000,779.29,257.579,115.0,,-2.370256600044184,22.86049064118196
35601876000,779.73,257.869,115.0,,-2.34006828402414,22.842075804082647
35606876000,780.504,257.51,115.0,,-2.2876455172119283,22.865390265865408
35611876000,780.641,257.909,115.0,,-2.278041738363174,22.83977675561624
35616876000,779.775,254.54,115.0,,-2.339586279768408,23.05578644057412
35621888000,780.974,264.417,115.0,,-2.250590158165452,22.42213119824552
35626876000,782.257,264.483,115.0,,-2.163368000070878,22.418344263644315
35631876000,782.495,257.183,115.0,,-2.152338602783483,22.887000682279965
35637001000,783.066,258.848,115.0,,-2.1122900278601504,22.780289539419165
35642009000,781.584,253.763,115.0,,-2.2168540347239776,23.10627711403068
35647001000,781.68,253.229,115.0,,-2.210699839352559,23.140593960789417
35652001000,779.868,255.594,115.0,,-2.3324028428997896,22.98811289342647
35657001000,780.548,255.785,115.0,,-2.285957097547832,22.976109930100524
35662001000,782.735,257.096,115.0,,-2.1360247262744814,22.892645947243267
35667001000,781.733,257.199,115.0,,-2.204203736235109,22.885704430584664
35672009000,782.524,258.7,115.0,,-2.149298547376874,22.789605798732072
35677001000,781.866,254.696,115.0,,-2.196977394290053,23.046450969319
35682002000,781.729,253.834,115.0,,-2.2069532912724776,23.1017351641258
35687001000,777.545,252.675,115.0,,-2.493068556364677,23.174669236267604
35692001000,780.531,255.497,115.0,,-2.2873478117992843,22.99460475695273
35697001000,779.931,255.245,115.0,,-2.328434884701982,23.01057599689146
35702001000,781.932,254.578,115.0,,-2.1925756128150726,23.05404594087916
35707001000,779.695,253.714,115.0,,-2.3456622366532587,23.10877527970044
35712001000,779.499,257.607,115.0,,-2.356040080697831,22.85882179050629
35717001000,779.491,256.532,115.0,,-2.3574042348174213,22.92777730206688
35722001000,777.673,254.937,115.0,,-2.482527488121016,23.02950436388532
35727001000,778.683,254.863,115.0,,-2.413754528204346,23.03462162864169
35732001000,778.425,254.311,115.0,,-2.4317842599551125,23.0699984359379
35737001000,778.613,255.251,115.0,,-2.418202454898444,23.009695577945063
35742018000,777.083,257.087,115.0,,-2.520904139133907,22.89128020466605
35747001000,778.597,253.593,115.0,,-2.420647140263698,23.116164866202947
35752001000,779.094,251.656,115.0,,-2.3883045255077096,23.24062778199768
35757004000,781.033,262.142,115.0,,-2.248269340271808,22.56823761101072
35762005000,780.269,259.705,115.0,,-2.3019948991206016,22.724416308929964
35767001000,781.335,257.116,115.0,,-2.2313627375261844,22.89090442275766
35772002000,780.109,244.425,115.0,,-2.324724319607564,23.70519772135201
35777126000,778.782,247.539,115.0,,-2.412889910600084,23.504800042588453
35782126000,777.455,250.185,115.0,,-2.50133103036125,23.334459576675805
35787129000,779.768,250.321,115.0,,-2.343397343268353,23.32661728673516
35792126000,779.157,247.367,115.0,,-2.387453725448477,23.515965026528026
35797140000,778.124,249.481,115.0,,-2.456228091886882,23.379885963916777
35802126000,781.541,247.991,115.0,,-2.224116413869988,23.47678170845569
35807126000,781.033,250.777,115.0,,-2.2567026754798287,23.297758038613004
35812126000,781.807,253.195,115.0,,-2.202106770100794,23.142815676463723
35817126000,784.092,251.908,115.0,,-2.0471802467015245,23.22610178306749
35822133000,789.67,250.983,115.0,,-1.6672276451813184,23.28699811692583
35827126000,787.06,252.35,115.0,,-1.8444421597265723,23.198581422655103
35832126000,787.446,251.88,115.0,,-1.8184216244218043,23.22884192811193
35837126000,787.726,251.406,115.0,,-1.7996624405001715,23.259381565094376
35842126000,783.403,256.228,115.0,,-2.091185632660659,22.94856706743831
35847126000,783.341,255.266,115.0,,-2.0960799659531344,23.010311626194465
35852129000,784.452,254.417,115.0,,-2.020937185070782,23.065145040658027
35857126000,784.247,251.539,115.0,,-2.036893612355264,23.24983821904044
35862126000,784.889,250.017,115.0,,-1.9940946519255789,23.34777498721917
35867126000,784.585,250.026,115.0,,-2.014841124873459,23.34708499997033
35872126000,784.783,251.576,115.0,,-2.0002629228524778,23.24763701015644
35877140000,782.575,249.917,115.0,,-2.152112245573488,23.353447674860693
35882126000,783.251,250.62,115.0,,-2.1054882716786474,23.30855665918164
35887126000,779.174,251.813,115.0,,-2.382675759350532,23.230614643987582
35892126000,781.577,249.335,115.0,,-2.2206627646531034,23.390477997361465
35897129000,788.032,251.117,115.0,,-1.7789024896620675,23.277972945942263
35902126000,784.049,251.571,115.0,,-2.0503486015744525,23.24772363034396
35907133000,784.684,252.38,115.0,,-2.0065000051034594,23.19600767672781
35912251000,783.924,256.799,115.0,,-2.0552670623488707,22.91206852379495
35917254000,783.765,257.175,115.0,,-2.0658715042093974,22.887931648212312
35922258000,785.5,257.401,115.0,,-1.947577877987672,22.87392167518693
35927251000,785.278,257.495,115.0,,-1.9625940533697537,22.867795247974183
35932251000,795.393,248.297,115.0,,-1.2779895111876889,23.460622535610952
35937251000,797.579,253.302,115.0,,-1.126697116083197,23.139665579468435
35942251000,803.019,254.531,115.0,,-0.7554898072405192,23.061377556299107
35947251000,803.42,254.672,115.0,,-0.7281360174203956,23.052346412917
35952265000,804.234,256.519,115.0,,-0.6721681518679051,22.933874757709443
35957251000,804.846,257.69,115.0,,-0.6302039299507172,22.858685687752008
35962251000,805.595,258.107,115.0,,-0.5791581706921318,22.83195623835168
35967251000,803.021,260.73,115.0,,-0.7536422413839261,22.66336081292326
35972259000,806.842,258.184,115.0,,-0.4942598214778014,22.827097391796705
35977251000,804.882,257.177,115.0,,-0.6278945371864797,22.891649185803303
35982251000,804.876,251.877,115.0,,-0.629563943874029,23.231942768016527
35987251000,804.921,251.172,115.0,,-0.6266703725201768,23.277212126719807
35992260000,805.995,251.813,115.0,,-0.5532873543685594,23.23611079721272
35997251000,805.367,251.8,115.0,,-0.5961281247689958,23.23691661730368
36002251000,801.928,246.663,115.0,,-0.8322481984501319,23.566440382009223
36007251000,802.273,249.366,115.0,,-0.8078477047074718,23.39289583440859
36012251000,804.534,250.186,115.0,,-0.6533418140627568,23.340483060762143
36017251000,804.125,249.82,115.0,,-0.6813231166279105,23.36390770603528
36022251000,803.476,251.21,115.0,,-0.7252448579306094,23.27467340635968
36027251000,802.738,250.253,115.0,,-0.7758466983445462,23.33603356059374
36032251000,802.639,253.36,115.0,,-0.7817617764471421,23.13650389559369
36037251000,802.618,252.072,115.0,,-0.7835087515773794,23.21925393918428
36042255000,805.357,252.146,115.0,,-0.5967055867036146,23.214669976383018
36047376000,807.047,251.304,115.0,,-0.4816120289089604,23.26884393849321
36052376000,806.86,254.886,115.0,,-0.493687782295597,23.038813589642743
36057264000,805.759,251.638,115.0,,-0.5694081481247955,23.247290665902533
36062376000,808.793,250.499,115.0,,-0.3626373014651454,23.320598454349053
36067376000,809.708,251.305,115.0,,-0.3000921558387843,23.26881490711025
36072376000,809.114,246.234,115.0,,-0.3413996568481037,23.594390407419425
36077376000,809.086,249.803,115.0,,-0.3427318164180585,23.365269775734912
36082376000,809.385,250.096,115.0,,-0.3223232051400954,23.34649161038992
36087376000,808.909,250.001,115.0,,-0.3547978322674628,23.35252582421345
36092376000,808.116,248.783,115.0,,-0.4091017420647237,23.43072905383045
36097376000,806.411,245.77,115.0,,-0.5261874091579068,23.62411913811232
36102376000,807.684,248.488,115.0,,-0.4387086972759836,23.44968482064148
36107376000,802.521,244.874,115.0,,-0.7922576898821265,23.681354310787
36112376000,802.547,241.645,115.0,,-0.7915203837548064,23.888662512307
36117376000,803.449,241.903,115.0,,-0.729702225099277,23.87221798196606
36122376000,801.487,242.607,115.0,,-0.8637388227622654,23.82681173542992
36127376000,802.484,242.605,115.0,,-0.7955124504844555,23.82701824345965
36132390000,804.746,243.299,115.0,,-0.6405737631835733,23.782646615804023
36137380000,804.995,244.67,115.0,,-0.6232069181889798,23.69463961196401
36142376000,808.101,244.389,115.0,,-0.410930965145158,23.712839510161345
36147376000,806.867,241.402,115.0,,-0.4959083886543012,23.904559039019453
36152376000,805.9,242.114,115.0,,-0.5619596458160949,23.85882525915856
36157376000,806.221,238.322,115.0,,-0.5407865264355848,24.10233277329193
36162376000,805.281,238.546,115.0,,-0.6051484792516286,24.08789825913292
36167376000,808.607,228.504,115.0,,-0.3790431553372437,24.73284611371973
36172379000,808.246,229.468,115.0,,-0.403678311112739,24.67096419741872
36177376000,801.333,230.795,115.0,,-0.8782763483282787,24.585267406233264
36182380000,800.187,229.699,115.0,,-0.9573904953766604,24.65548862950112
36187503000,802.558,229.71,115.0,,-0.7944261793047335,24.65503568758145
36192501000,800.87,228.822,115.0,,-0.9107840715599768,24.711879224280747
36197515000,800.814,228.875,115.0,,-0.914569703672846,24.7084902734844
36202501000,799.093,223.201,115.0,,-1.0351496961263775,25.072618475477697
36207504000,800.806,227.71,115.0,,-0.9155328348110758,24.78328633704114
36212501000,801.36,226.648,115.0,,-0.8778356378416647,24.851577024601955
36217501000,802.525,226.007,115.0,,-0.7979046885187125,24.89281841527719
36222501000,802.496,225.148,115.0,,-0.8001663752330208,24.947989059255043
36227501000,798.171,217.837,115.0,,-1.101016775364289,25.416998021099808
36232501000,796.982,216.073,115.0,,-1.1838558900247222,25.530134562446808
36237514000,797.552,218.403,115.0,,-1.1434534229800155,25.38056283934233
36242501000,796.456,219.656,115.0,,-1.2184211944147418,25.299872501383486
36247501000,794.235,221.437,115.0,,-1.3706656486290267,25.18509517448356
36252501000,794.465,219.804,115.0,,-1.3556591493037884,25.2900086446684
36257501000,794.814,220.619,115.0,,-1.3311526749425768,25.23773290368357
36262509000,794.892,218.321,115.0,,-1.3270037540531434,25.38533822394028
36267501000,796.21,219.003,115.0,,-1.235745384347903,25.34178636775188
36272501000,795.205,220.145,115.0,,-1.3044706808314166,25.268259091654063
36277501000,795.19,217.344,115.0,,-1.3069193122360458,25.448178524967563
36282501000,796.785,211.891,115.0,,-1.199516606731004,25.79872188973249
36287501000,795.723,213.016,115.0,,-1.27234694222496,25.72626308770348
36292501000,795.565,212.612,115.0,,-1.2834470927736,25.752185199425067
36297501000,794.237,214.567,115.0,,-1.374192484199848,25.626311562823123
36302501000,793.789,213.693,115.0,,-1.4055954282387122,25.68235047062829
36307501000,790.547,215.375,115.0,,-1.628562464586626,25.57359005648356
36312501000,789.115,209.746,115.0,,-1.7312718525482238,25.934827642625773
36317502000,790.242,210.335,115.0,,-1.652925822747221,25.897252467169075
36322512000,789.295,208.786,115.0,,-1.719492887000045,25.99650388389963
36327626000,786.964,208.312,115.0,,-1.881175546821278,26.026289564421404
36332626000,786.185,209.575,115.0,,-1.9341742965080857,25.94497079285233
36337626000,786.381,208.741,115.0,,-1.92122206840146,25.99859819971328
36342626000,786.275,210.215,115.0,,-1.9274469486245016,25.90386750665545
36347626000,787.118,212.141,115.0,,-1.8676837248775044,25.780397353369693
36352626000,787.21,212.071,115.0,,-1.8613967950478565,25.7849277001459
36357626000,788.416,211.598,115.0,,-1.7783394352727508,25.81563408932105
36362629000,787.626,208.992,115.0,,-1.8348340980114188,25.98280884176297
36367626000,788.373,209.327,115.0,,-1.782885015461986,25.96150476471828
36372626000,787.604,210.63,115.0,,-1.835216409626324,25.877629209070843
36377626000,786.329,203.136,115.0,,-1.9291263387691604,26.358640571245843
36382626000,787.801,211.494,115.0,,-1.820973326146984,25.822149606471697
36387626000,788.994,210.833,115.0,,-1.738882877388909,25.864977915276626
36392626000,787.435,209.155,115.0,,-1.8479801502592013,25.972288588675205
36397626000,787.326,208.836,115.0,,-1.8557626989596097,25.992736689915173
36402629000,788.047,206.368,115.0,,-1.8076292132378364,26.1515254129778
36407626000,787.854,209.271,115.0,,-1.8188928592607103,25.96495648169477
36412626000,785.079,206.15,115.0,,-2.013403440571717,26.16461954981462
36417626000,784.208,207.813,115.0,,-2.0723898818862683,26.057531173678782
36422626000,786.667,207.383,115.0,,-1.90244545579058,26.08587977903623
36427626000,786.487,209.891,115.0,,-1.9129955713350155,25.92474690140859
36432626000,787.302,209.144,115.0,,-1.8571507573048165,25.97296905908653
36437635000,789.49,208.818,115.0,,-1.7059557096740678,25.994488827862327
36442626000,788.973,207.252,115.0,,-1.7428224985390404,26.09499335246877
36447626000,789.482,207.77,115.0,,-1.7072393927443132,26.06186594450116
36452632000,789.141,211.727,115.0,,-1.7281204596414887,25.807544745347425
36457751000,788.976,212.069,115.0,,-1.739289965584208,25.785532974315466
36462751000,790.17,211.325,115.0,,-1.6572041391239616,25.833674048204912
36467751000,789.294,211.668,115.0,,-1.717596868416137,25.811374528941723
36472751000,789.882,212.177,115.0,,-1.676563390256942,25.778846455419696
36477758000,790.036,209.985,115.0,,-1.667382687176576,25.91968332067453
36482752000,788.93,209.527,115.0,,-1.7442411163723048,25.948852405660137
36487764000,788.416,208.234,115.0,,-1.7807298285508282,26.0317724474574
36492751000,787.892,207.443,115.0,,-1.8175574089397524,26.08242667447721
36497751000,789.542,210.389,115.0,,-1.7012663440359328,25.893620310185582
36502755000,785.409,209.825,115.0,,-1.987648765794762,25.928636413498023
36507751000,790.688,217.629,115.0,,-1.6174373340995285,25.42884086757615
36512751000,789.41,216.323,115.0,,-1.706429773743598,25.51240867027777
36517751000,788.167,215.806,,,-1.7926261541640476,25.545322568089013
36522751000,787.659,207.248,,,-1.83385475691606,26.09486718429405
36527758000,782.615,196.499,,,-2.192579875434952,26.78387840802873
36532751000,778.427,196.92,116.0,,-2.483389246317894,26.75518663317573
36537751000,776.956,197.195,116.0,,-2.585430616447208,26.736902699793635
36542751000,775.096,197.194,116.0,,-2.714723964910848,26.73619338808538
36547764000,775.32,195.905,116.0,,-2.700502660679078,26.81909581859544
36552754000,772.471,200.657,116.0,,-2.8932284330798863,26.512446087965195
36557751000,772.59,203.516,116.0,,-2.8817140662297795,26.328845930372143
36562751000,772.145,204.235,116.0,,-2.911753164223203,26.282460907180045
36567751000,771.477,198.299,116.0,,-2.9649729424792373,26.66345825247252
36572751000,770.636,197.589,116.0,,-3.024259586198656,26.708658107306093
36577751000,770.826,199.906,116.0,,-3.0083020402236422,26.559905488623
36582762000,771.106,199.143,116.0,,-2.989755622037227,26.609044048371413
36587754000,769.673,201.626,116.0,,-3.086317969148461,26.448807637957668
36592889000,769.629,200.887,116.0,,-3.0902507419420053,26.496227625319285
36597876000,771.289,203.517,116.0,,-2.9718852898460004,26.32811609454168
36602877000,771.201,202.511,116.0,,-2.97919539891638,26.39270343629324
36607876000,769.11,202.729,116.0,,-3.123981703017365,26.377632684603874
36612876000,769.544,201.522,116.0,,-3.0953825207343506,26.45540237410065
36617876000,769.685,201.571,116.0,,-3.0855369019803147,26.452312449807646
36622876000,771.709,199.389,116.0,,-2.9476225108847443,26.59355879177046
36627876000,769.285,199.617,116.0,,-3.11571845769524,26.57768489537243
36632879000,769.901,201.746,116.0,,-3.0703001166757,26.4411997426217
36637876000,768.724,202.398,116.0,,-3.1512233774285323,26.39868840659037
36642876000,770.901,201.432,116.0,,-3.001266906356584,26.46187456666206
36647878000,771.35,196.638,116.0,,-2.975822513313803,26.77011131709613
36652879000,771.925,196.232,116.0,,-2.9362576368141866,26.796460816358653
36657876000,772.138,194.501,116.0,,-2.923542183426705,26.907776627397865
36662876000,774.264,196.451,116.0,,-2.773399444531253,26.78349140867588
36667876000,773.428,200.4,116.0,,-2.827058592696388,26.529441535829022
36672876000,771.829,198.126,116.0,,-2.9407113513485936,26.674737038840625
36677876000,772.98,198.533,116.0,,-2.86028147620003,26.649139826092007
36682890000,773.221,198.702,116.0,,-2.8433121453627286,26.63840722064071
36687876000,772.211,199.159,116.0,,-2.9129532387477464,26.608524968097324
36692876000,771.185,198.406,116.0,,-2.985186929575236,26.65642071081106
36697876000,771.462,199.506,116.0,,-2.9646082920422416,26.58590409417056
36702876000,774.284,200.487,116.0,,-2.767506837246636,26.52422958780702
36707876000,773.507,200.815,116.0,,-2.821118403317332,26.50281443657725
36712876000,774.641,200.649,116.0,,-2.7425550264922225,26.513955568769
36717883000,773.112,199.023,116.0,,-2.850555577182033,26.61775473671585
36722879000,776.759,199.52,116.0,,-2.5966486410035263,26.58746202924323
36728012000,771.07,198.342,116.0,,-2.9932327242170573,26.66048246851389
36733004000,771.245,199.825,116.0,,-2.979340786957219,26.565324323653584
36738001000,771.23,198.76,116.0,,-2.9816276101946584,26.6336823330984
36743001000,771.777,198.053,116.0,,-2.9444156924321323,26.67941796044256
36748001000,770.955,199.22,116.0,,-3.0001911195229893,26.6039888407194
36753001000,773.971,200.958,116.0,,-2.788734385584648,26.4938177573985
36758001000,775.32,203.345,116.0,,-2.692536267605154,26.341056953962102
36763001000,772.059,198.128,116.0,,-2.9247307368396984,26.674735938774543
36768001000,772.249,197.369,116.0,,-2.912397164086454,26.723559384419364
36773001000,771.224,201.372,116.0,,-2.9789648640671738,26.46587602530829
36778001000,772.532,202.619,116.0,,-2.886749009090273,26.38644994447052
36783016000,770.646,203.235,116.0,,-3.016843866122227,26.345940253508928
36788001000,770.477,203.373,116.0,,-3.028377565849325,26.337006212383887
36793001000,773.208,203.786,116.0,13.0,-2.838528066383197,26.31180382748969
36798001000,776.757,198.162,116.0,13.0,-2.598188880582467,26.674680785283456
36803004000,776.659,198.583,116.0,13.0,-2.6045736671150794,26.6475901532902
36808001000,774.475,200.49,,13.0,-2.7542348409356614,26.524130312574
36813001000,774.074,203.568,,13.0,-2.7787294012006174,26.3261664491751
36818001000,766.516,231.094,,13.0,-3.269162089631651,24.55498311490173
36823010000,774.967,231.361,,13.0,-2.68860222892212,24.541832616456627
36828001000,788.786,235.612,,13.0,-1.7369528845797506,24.27363532833324
36833001000,823.139,265.705,,13.0,0.6139835561345647,22.343484107785127
36838013000,824.109,295.964,,13.0,0.6751727528881076,20.40043068763708
36843001000,803.738,326.405,,13.0,-0.69006263929495,18.445459201318545
36848001000,804.551,363.938,,13.0,-0.6294714806788131,16.032277702351575
36853001000,862.124,375.42,,13.0,3.177803984926193,15.283807183998658
36858001000,850.658,379.366,,13.0,2.41839314663961,15.033854293398043
36863008000,908.078,394.236,,13.0,6.192032046179075,14.049578043600178
36868126000,887.363,377.866,,13.0,4.843031583878409,15.114478315105044
36873132000,832.561,395.922,,13.0,1.2198317367235028,13.972212318546102
36878129000,770.297,404.032,,13.0,-2.8768704811214905,13.445850594600213
36883126000,942.773,405.884,,13.0,8.456872926868677,13.275138413284749
36888126000,976.692,402.107,,13.0,10.687181354163398,13.484130577686292
36893126000,891.322,378.507,,13.0,5.1037751331976775,15.070972161121588
36898126000,837.388,339.68,,13.0,1.5536272698783429,17.58946102881516
36903126000,910.968,346.171,,13.0,6.4418325844460425,17.133083406986074
36908126000,841.443,325.005,,13.0,1.8294631676059592,18.531451529831106
36913126000,824.633,312.883,,13.0,0.7078765895658391,19.313637014286897
36918126000,788.214,318.314,,13.0,-1.7309462218945595,18.96316987191217
36923126000,782.922,295.282,,13.0,-2.098447506905636,20.441215701051803
36928126000,788.796,274.721,,13.0,-1.7134713996209,21.76282588912263
36933126000,771.314,236.55,,13.0,-2.9340623795263427,24.20711765107617
36938126000,751.002,248.315,,13.0,-4.309177440517843,23.440589962980454
36943126000,766.708,230.765,,13.0,-3.2564233519155814,24.57619676747999
36948126000,765.661,232.783,117.0,13.0,-3.3259171774801386,24.44611738843576
36953133000,760.75,229.673,117.0,13.0,-3.66701748341234,24.64301858680167
36958126000,758.636,227.876,117.0,13.0,-3.814673004312714,24.7570676636828
36963126000,757.363,232.975,117.0,13.0,-3.895174357399795,24.42905445093998
36968126000,756.751,232.28,117.0,13.0,-3.9381461241989615,24.47327391530661
36973126000,756.965,233.576,117.0,13.0,-3.921662840422675,24.39023507958026
36978126000,758.317,233.373,117.0,13.0,-3.829159644503579,24.40410520469006
36983126000,749.006,235.035,117.0,13.0,-4.4654491400133445,24.291224197600545
36988126000,748.73,234.292,117.0,13.0,-4.485553576679714,24.33871030105375
36993133000,747.59,235.873,117.0,13.0,-4.561262365938273,24.236409919368626
36998129000,743.677,236.997,117.0,13.0,-4.827634250342541,24.161347258053485
37003251000,742.397,240.281,117.0,13.0,-4.909842697211985,23.949689899127748
37008251000,744.245,242.769,117.0,13.0,-4.779328204350928,23.791515544506463
37013251000,740.843,237.599,117.0,13.0,-5.020770339502645,24.12048502455708
37018259000,741.188,236.124,117.0,13.0,-4.999684959339759,24.21541207508055
37023251000,741.178,234.186,117.0,13.0,-5.00373539978419,24.339692491145787
37028251000,738.802,231.949,117.0,13.0,-5.170685430311525,24.48125324193521
37033251000,737.224,231.393,117.0,13.0,-5.280074627248412,24.51553536078858
37038251000,740.275,226.118,117.0,13.0,-5.080033216582917,24.85653459767227
37043252000,740.112,224.221,117.0,13.0,-5.094723358444645,24.978058582344705
37048251000,740.151,223.093,117.0,,-5.094049536721128,25.050483911074465
37053251000,738.385,222.975,117.0,,-5.215921606893518,25.056556431196107
37058251000,736.769,223.64,117.0,,-5.325906056451876,25.01249349650296
37063251000,734.512,219.751,117.0,,-5.488935327408591,25.259899514785104
37068251000,735.57,220.384,117.0,,-5.414780542296038,25.220294922107865
37073251000,732.742,216.61,117.0,,-5.617406086081399,25.45977288812876
37078251000,734.635,217.146,117.0,,-5.485712194915007,25.427151830162074
37083254000,736.426,223.609,117.0,,-5.349569715734913,25.014177610243408
37088259000,736.675,219.762,117.0,,-5.339831006147864,25.26114632566054
37093261000,735.775,220.038,117.0,,-5.401362511445188,25.242621408505496
37098251000,736.746,220.052,117.0,,-5.334363346563453,25.242615678709218
37103257000,735.526,223.764,117.0,,-5.411198256222863,25.00341336335988
37108251000,739.055,223.668,117.0,,-5.168455271533973,25.012649460983475
37113251000,736.132,222.041,117.0,,-5.372833366587771,25.11445000117508
37118253000,736.588,221.961,117.0,,-5.341582160094003,25.12003081432602
37123251000,737.668,223.223,117.0,,-5.264781018984606,25.04001204485425
37128251000,737.696,222.585,,,-5.264090204699729,25.080957127609107
37133251000,737.645,224.168,,,-5.264570219200109,24.979351514987428
37138376000,739.389,225.199,,,-5.142688962363257,24.91470482002575
37143376000,740.13,236.7,,,-5.071174760558752,24.17758342510344
37148376000,759.463,280.867,,,-3.693528462988007,21.35709800601357
37153376000,775.719,305.984,,,-2.575879003899533,19.751720724216984
37158376000,785.59,338.517,,,-1.896910980208409,17.664380437970827
37163376000,789.272,361.559,,,-1.642768986246513,16.183611843952566
37168376000,818.744,398.015,,,0.3098035826178901,13.838807460853488
37173376000,837.035,423.702,,,1.5082331756828669,12.181936460427428
37178377000,840.856,439.888,,,1.7549094163408052,11.13789640696988
37183376000,858.911,484.732,,,2.9207624956612235,8.24152118890802
37188376000,859.722,513.511,,,2.966313610845508,6.383237452871584
37193376000,860.066,564.669,,,2.9802959194419367,3.0774909207515457
37198376000,862.609,597.818,,,3.142418555818917,0.9343570005519736
37203376000,876.838,605.208,,,4.061675638377587,0.4563492670456309
37208386000,873.594,658.164,,,3.854964257313603,-2.965908506677865
37213376000,880.139,697.192,,,4.286307646616528,-5.485736691899659
37218376000,879.127,718.964,,,4.227318113755639,-6.891124475443304
37223379000,879.922,738.011,,,4.286053794230015,-8.119634931004136
37228376000,872.93,790.892,,,3.85497913081841,-11.529969474207956
37233376000,875.528,802.761,,,4.031724473625241,-12.29312994772515
37238376000,887.278,830.974,,,4.82316415816243,-14.102381804828612
37768876000,866.213,784.489,,14.0,3.4125819545552143,-11.1197524078965
37773876000,864.381,761.338,,14.0,3.283634576080262,-9.628175931835395
37778876000,855.902,682.097,,14.0,2.713430842470665,-4.514248612943562
37783876000,815.136,597.825,,14.0,0.0731617449743777,0.9345034204247752
37788876000,830.24,524.808,,14.0,1.0524928324713134,5.656320150257273
37793876000,814.233,489.108,,14.0,0.0141634608375241,7.963571885761985
37798876000,821.959,521.077,,14.0,0.5155766801843215,5.8978389826816064
37803876000,765.868,492.528,,14.0,-3.130624935320621,7.738690205819215
37808879000,813.83,554.576,,14.0,-0.011489652854085,3.732119095710617
37814001000,864.39,571.953,,14.0,3.259211919750028,2.606337268582701
37819001000,822.364,490.038,,14.0,0.5429501154924314,7.903313937817247
37824001000,884.22,482.559,,14.0,4.567561489033572,8.375343463733074
37829001000,822.732,469.955,,14.0,0.5678253009685518,9.20002411971312
37834004000,800.856,421.429,,14.0,-0.8641571834342519,12.330132806137954
37839001000,840.577,430.062,,14.0,1.738921155202063,11.771402675420688
37844001000,860.162,293.415,,14.0,3.104086404419814,20.55289608517656
37849001000,844.173,302.655,,14.0,2.022507878860593,19.96619484803752
37854001000,838.88,275.633,,14.0,1.678286855128691,21.70273514272436
37859002000,843.092,245.991,,14.0,1.9801373134974007,23.60413001139527
37864001000,857.341,232.372,120.0,14.0,2.9662452789861127,24.47178327438012
37869001000,839.132,220.726,120.0,14.0,1.723073794959639,25.22758887130406
37874001000,832.104,224.673,120.0,14.0,1.2372784744472851,24.976209807670152
37879007000,832.173,225.003,120.0,14.0,1.241893734841222,24.9550041553951
37884001000,833.476,227.382,120.0,14.0,1.330605594597211,24.80190588610601
37889001000,836.627,233.947,120.0,14.0,1.5440908670830795,24.37946806333846
37894001000,833.712,233.085,120.0,14.0,1.3444476444365414,24.43566729462384
37899008000,830.697,221.792,120.0,14.0,1.141505352678149,25.16153772956152
37904004000,832.096,218.931,120.0,14.0,1.2389952516412577,25.344960675108577
37909001000,834.754,225.166,120.0,14.0,1.4194354351700746,24.943849080918504
37914001000,834.54,225.106,120.0,14.0,1.4047433412393615,24.947737407832232
37919001000,834.742,223.56,120.0,14.0,1.419302968137794,25.046936227858744
37924001000,837.046,217.849,120.0,14.0,1.580794394432024,25.413026256185947
37929001000,836.607,212.394,120.0,14.0,1.553318004392227,25.763482833154544
37934001000,837.035,212.108,120.0,14.0,1.583016566553282,25.781737870269552
37939004000,838.331,210.704,120.0,14.0,1.6734200290470358,25.871475487259044
37944001000,837.234,210.509,120.0,14.0,1.5976171146294622,25.88434352192425
37949001000,830.542,224.549,120.0,14.0,1.129828503737052,24.984523446363266
37954126000,832.903,226.8,120.0,14.0,1.2914191264625907,24.839401594613584
37959126000,832.596,217.877,120.0,14.0,1.2738455353463942,25.412484075495577
37964126000,832.364,217.447,120.0,,1.257997630560974,25.44017199115901
37969126000,835.373,223.111,120.0,,1.4629424532012087,25.0756248365916
37974126000,832.148,223.492,120.0,,1.2407685625939748,25.05202465813977
37979126000,832.715,223.163,120.0,,1.2799509322469402,25.072995854795245
37984126000,835.383,226.805,120.0,,1.461931817024805,24.83843414668298
37989126000,833.348,226.994,120.0,,1.32196054101778,24.82683494611637
37994126000,835.255,234.313,120.0,,1.4498108312782554,24.356404823877643
37999127000,832.412,229.732,120.0,,1.2565108595436707,24.651264035546035
38004126000,834.948,228.036,120.0,,1.431493071049699,24.759477812964388
38009134000,833.492,232.233,120.0,,1.329714841891636,24.49041325795177
38014126000,833.337,233.034,120.0,,1.3187249636284144,24.43903787051605
38019126000,832.122,236.278,120.0,,1.2342038653754734,24.231021479878105
38024126000,833.304,236.791,,,1.3150270896462868,24.19784204248057
38029126000,835.576,234.379,,,1.471762124200475,24.35204923011961
38034126000,830.46,231.08,,,1.122024505226462,24.56519767374541
38039126000,816.655,223.156,,,0.1741284533444979,25.07611770354089
38044126000,790.287,212.595,,,-1.6483072207952352,25.752076419742448
38049129000,788.982,216.533,,,-1.7358325891712685,25.49881562294944
38054126000,788.877,221.946,121.0,,-1.7395059845499845,25.151155989161868
38059126000,784.421,218.751,121.0,,-2.048921212678,25.35502011934795
38064126000,783.068,219.861,121.0,,-2.141398140687905,25.283330049389832
38069126000,787.035,214.008,121.0,,-1.8720990050172388,25.660438512231902
38074129000,784.781,216.197,121.0,,-2.0261033236324804,25.519152437828843
38079126000,788.468,211.018,121.0,,-1.775182443403862,25.85293706127614
38084126000,789.199,205.426,121.0,,-1.728466989688999,26.212345658445564
38089251000,790.117,207.302,121.0,,-1.6635534413191388,26.092056163285854
38094251000,791.95,214.222,121.0,,-1.5323726296158966,25.648006612949462
38099254000,791.895,212.61,121.0,,-1.5371745406689807,25.751506341961942
38104251000,794.92,207.834,121.0,,-1.3306474069464702,26.05900902702289
38109251000,792.15,209.627,121.0,,-1.5213459732179473,25.943213589604355
38114254000,791.527,209.784,121.0,,-1.5643746157164156,25.93299995654072
38119251000,793.766,208.452,121.0,,-1.4101923570027315,26.0190322885961
38124251000,792.477,207.1,121.0,,-1.500245548251355,26.10561160361951
38129251000,791.947,206.834,121.0,,-1.5371349754074428,26.12261249481228
38134251000,791.222,209.549,121.0,,-1.5856100544335885,25.94801136795052
38139251000,791.999,205.969,121.0,,-1.5340521864946337,26.17816223678617
38144258000,792.202,208.696,121.0,,-1.5183310729917945,26.0030280778756
38149258000,788.805,209.218,121.0,,-1.7530715777059132,25.968618627495875
38154251000,789.289,210.493,121.0,,-1.7187440550061568,25.88688976392713
38159251000,790.824,211.089,121.0,,-1.612178212664647,25.848989547278265
38164251000,791.721,212.607,121.0,,-1.549183756015208,25.75167745305128
38169254000,792.293,213.727,121.0,,-1.5089579536985251,25.679870536009773
38174251000,795.612,207.287,121.0,,-1.2830211667228273,26.0942878992563
38179260000,795.061,208.62,121.0,,-1.320436191949402,26.008516414229533
38184251000,792.171,208.583,121.0,,-1.5205124240010766,26.01026449056902
38189251000,793.109,207.562,121.0,,-1.45619337857343,26.07606119456031
38194251000,796.995,206.797,121.0,,-1.1874324166880064,26.126021311483573
38199251000,798.03,209.627,121.0,,-1.1144732998590663,25.944335464374653
38204251000,797.997,207.25,121.0,,-1.117849760163828,26.09702236168757
38209256000,792.286,204.709,121.0,,-1.5149163443942075,26.25916659672621
38214264000,793.282,204.63,121.0,,-1.445914136414372,26.264504593872424
38219251000,792.273,203.971,121.0,,-1.5162822797851137,26.3065830465066
38224376000,793.794,205.568,121.0,,-1.4098971301969612,26.20433084186949
38229376000,795.129,210.2,121.0,,-1.3148941844293949,25.907001527484475
38234376000,794.656,212.016,121.0,,-1.3466136471356642,25.790267142405607
38239376000,795.002,211.96,121.0,,-1.322755194292882,25.79396265773239
38244380000,794.055,210.594,121.0,,-1.3890007918564449,25.88148603397287
38249376000,795.497,210.372,121.0,,-1.2893587354180842,25.8960364275198
38254376000,794.2,211.242,121.0,,-1.378563949686207,25.8399205795201
38259376000,795.023,212.036,121.0,,-1.321258792420753,25.789063259683648
38264380000,794.023,212.771,121.0,,-1.389991973500989,25.741645171739588
38269382000,792.294,214.199,121.0,,-1.5086094289566938,25.649542769109523
38274376000,788.313,212.185,121.0,,-1.785044248816128,25.777905969336032
38279388000,789.432,214.583,121.0,,-1.7060919791268854,25.62417918148186
38284376000,788.038,210.983,121.0,,-1.804925439723502,25.855024225449103
38289381000,793.252,211.623,121.0,,-1.4439007250597031,25.81521913693069
38294376000,793.553,211.886,121.0,,-1.4229530585916927,25.79842411559899
38299376000,793.152,210.547,121.0,,-1.4514551053573002,25.88431426684279
38304379000,798.272,216.441,121.0,,-1.0946671379553654,25.50666783991591
38309378000,793.126,211.606,121.0,,-1.4526680719185003,25.81629004943148
38314376000,796.446,212.444,121.0,,-1.2226722314097225,25.763134047061985
38319388000,794.702,213.944,121.0,,-1.3424085670285233,25.66643036593812
38324379000,794.264,214.204,121.0,,-1.3725356215337312,25.6496518179758
38329376000,796.037,218.064,121.0,,-1.2481121396246089,25.402053652613382
38334376000,796.453,219.356,121.0,,-1.2187844174677136,25.31913800474628
38339376000,799.89,212.129,121.0,,-0.9847140738705872,25.783900245489537
38344376000,798.597,212.67,121.0,,-1.0738892482071216,25.74893638936253
38349377000,798.785,215.658,121.0,,-1.0595636244076527,25.55707050702991
38354376000,799.608,217.84,121.0,,-1.001868059927104,25.416988959925646
38359501000,796.47,218.219,121.0,,-1.218209127576697,25.39219312098257
38364501000,796.803,219.159,121.0,,-1.1947831115765644,25.33189917944484
38369501000,792.449,218.79,121.0,,-1.4952436130598563,25.35469843025261
38374501000,796.619,222.237,121.0,,-1.2060150150792968,25.13413978155049
38379501000,796.013,222.472,121.0,,-1.247634253138166,25.11896818809524
38384501000,792.901,217.154,121.0,,-1.46501064967978,25.459878019258227
38389501000,791.382,216.04,121.0,,-1.5705221986569564,25.53112142216332
38394501000,797.02,215.853,,,-1.1813472914128504,25.544219237541714
38399501000,795.926,216.004,,,-1.2568244704458778,25.534371415634627
38404501000,790.071,212.5,,,-1.6632966719967566,25.75817337114224
38409501000,766.742,216.668,,,-3.270790470010368,25.481216744800683
38414501000,750.572,240.492,,,-4.34990846138835,23.94220838116942
38419501000,704.355,235.757,,,-7.524879536286398,24.201437870177628
38424501000,694.154,228.741,,,-8.243836988840696,24.637591203996564
38429501000,662.33,234.379,,,-10.408738843231848,24.22821153138581
38434501000,659.122,257.272,,,-10.548726127399222,22.760099556052577
38439501000,654.079,261.886,,,-10.875885794346749,22.45703976626258
38444504000,654.619,257.717,122.0,,-10.853335046978478,22.724207107287608
38449501000,655.811,255.809,122.0,,-10.778840568859213,22.84801603868101
38454501000,653.591,254.759,122.0,,-10.933530885138095,22.91133530990414
38459501000,654.208,255.32,122.0,,-10.889544194273585,22.87659136600584
38464501000,655.352,254.54,122.0,,-10.814391467736682,22.92832892727627
38469501000,656.604,256.532,122.0,,-10.722418396662624,22.803184145652573
38474501000,656.242,257.018,122.0,,-10.745366244125895,22.77157925816161
38479501000,654.388,254.321,122.0,,-10.88078563922518,22.940651036253872
38484501000,662.247,265.269,122.0,,-10.31046985438676,22.25414554139044
38489501000,660.525,256.337,122.0,,-10.456401977259818,22.82207628402317
38494626000,659.156,255.458,122.0,,-10.552464878419093,22.876023022182856
38499626000,658.83,255.801,122.0,,-10.573453335330262,22.853563314450483
38504626000,656.017,257.122,122.0,,-10.760316237216855,22.76450429036224
38509626000,656.212,256.762,122.0,,-10.748334605575725,22.787825349494128
38514629000,656.195,256.655,122.0,,-10.74985914387226,22.794685832554
38519626000,657.255,255.938,122.0,,-10.68015637752215,22.84223356057718
38524629000,656.705,257.325,122.0,,-10.712847248233304,22.752697422597883
38529626000,655.213,254.347,122.0,,-10.824525317450304,22.94042657369532
38534626000,654.15,253.341,122.0,,-10.900407281278564,23.00285624828163
38539626000,660.639,255.739,122.0,,-10.450618174736544,22.86046139099077
38544633000,661.924,255.575,122.0,,-10.363743647667109,22.873071205861294
38549632000,656.312,252.174,122.0,,-10.75726982868643,23.08105520021607
38554626000,658.529,247.816,122.0,,-10.621230593173491,23.363159725803744
38559626000,660.322,249.17,122.0,,-10.494336062105717,23.279638195920256
38564626000,659.71,247.233,122.0,,-10.54269904636744,23.402395158557496
38569626000,657.809,248.856,122.0,,-10.666771665527293,23.295543979683867
38574626000,656.639,247.417,122.0,,-10.75155589568132,23.385475857608405
38579626000,656.969,247.123,122.0,,-10.730081802592908,23.404810954982047
38584626000,657.266,247.658,122.0,,-10.707958409778277,23.37113645795049
38589631000,654.313,247.634,122.0,,-10.909425634179373,23.367618252053862
38594633000,654.92,249.568,122.0,,-10.861225643342443,23.24516403108363
38599629000,655.067,250.982,122.0,,-10.84621322424198,23.15510396363807
38604636000,654.962,249.959,122.0,,-10.856960062754585,23.220253923308626
38609626000,658.246,255.352,122.0,,-10.6147386980273,22.88129438553281
38614626000,659.164,256.93,122.0,,-10.54699245809554,22.781966918526745
38619626000,654.661,250.254,122.0,,-10.87643004653606,23.20087989650255
38624626000,652.13,249.773,122.0,,-11.050620641937046,23.2272101043036
38629626000,658.088,245.025,122.0,,-10.661084826307214,23.540735436563576
38634751000,657.239,244.213,122.0,,-10.72196012949843,23.591149599214592
38639761000,656.94,246.795,122.0,,-10.733193044435414,23.425719240935184
38644751000,656.463,252.471,122.0,,-10.745934868690508,23.06233821573528
38649751000,655.136,250.168,122.0,,-10.844357772299707,23.20719797723557
38654751000,655.987,249.636,122.0,,-10.78826170888116,23.24262637048396
38659751000,655.498,250.03,122.0,,-10.820191971776415,23.216620282706963
38664751000,651.856,245.261,122.0,,-11.085644381080131,23.514851797793003
38669754000,652.711,248.995,122.0,,-11.013792786624348,23.27791412151248
38674751000,651.217,250.553,122.0,,-11.110014284073824,23.17586072175708
38679751000,651.121,251.291,122.0,,-11.113937982715932,23.128577767454534
38684763000,649.906,250.706,122.0,,-11.19881867170713,23.163788033451308
38689751000,648.629,250.493,122.0,,-11.286569352936858,23.175107400988928
38694751000,649.653,242.472,122.0,,-11.246364965526771,23.6890623306648
38699755000,652.56,246.573,122.0,,-11.03280130736586,23.43235106382848
38704751000,650.593,245.773,122.0,,-11.169968009069205,23.479949868552403
38709751000,652.477,244.391,122.0,,-11.04646660937328,23.57155083440504
38714756000,650.285,242.873,122.0,,-11.201713034042744,23.66454983956132
38719760000,651.36,243.229,,,-11.12697182884226,23.643734581640363
38724751000,652.076,243.554,,,-11.076869497508454,23.624305953768143
38729751000,654.18,247.265,,,-10.919804089145588,23.3909904576108
38734751000,686.436,247.969,,,-8.717015848312935,23.39619920392347
38739751000,719.464,221.078,,,-6.523050208614007,25.15970762207581
38744751000,739.539,229.957,,,-5.123708634433974,24.609648842386857
38749751000,768.353,216.728,,,-3.1595390473550022,25.47822387161612
38754751000,791.426,224.213,,,-1.5625035772353488,25.006216898820654
38759751000,809.189,217.482,,,-0.3408953613060692,25.440738160829927
38764751000,808.765,210.957,,,-0.3713626701959674,25.8598665810836
38769876000,809.725,203.996,123.0,,-0.3061264324012493,26.30715903501458
38774876000,807.189,205.974,123.0,,-0.4815089963806896,26.17996719288021
38779881000,808.292,206.548,123.0,,-0.404982492128936,26.14313824765536
38784876000,807.523,212.629,123.0,,-0.4568985408374929,25.752459661867835
38789891000,806.326,214.227,123.0,,-0.5392731870125113,25.649717697084416
38794888000,807.71,216.91,123.0,,-0.4430937125334204,25.477455982073945
38799876000,805.773,215.283,123.0,,-0.5771878084090373,25.581894569265742
38804876000,805.237,215.591,123.0,,-0.6140842364997271,25.56202649477272
38809884000,803.419,219.24,123.0,,-0.7384960906329455,25.327504778834182
38814876000,803.104,212.273,123.0,,-0.7624458278809692,25.77498565682517
38819876000,805.251,212.096,123.0,,-0.6141044579398574,25.78653067916841
38824876000,803.852,214.994,123.0,,-0.7098929475921847,25.60029694709492
38829876000,804.428,214.1,123.0,,-0.6703920662542688,25.65776982765431
38834876000,806.045,213.767,123.0,,-0.5587928220616436,25.67927502043068
38839876000,806.442,213.874,123.0,,-0.5313519263001946,25.67239379452177
38844876000,803.625,210.91,123.0,,-0.726859884940057,25.86264245800841
38849889000,803.999,211.21,123.0,,-0.7009070614906365,25.843355589159543
38854886000,803.659,210.606,123.0,,-0.7246338139135533,25.882123085279414
38859879000,803.441,212.596,123.0,,-0.7390857900833696,25.75429194745416
38864886000,802.767,215.142,123.0,,-0.7848067246132527,25.590660268235208
38869876000,804.597,219.027,123.0,,-0.6573475160785104,25.34130918286394
38874876000,804.111,216.331,123.0,,-0.6916253514616567,25.514402893695426
38879876000,806.55,220.039,123.0,,-0.522385233164119,25.27640420675792
38884876000,804.864,221.236,123.0,,-0.6383082368509329,25.19945752087883
38889876000,805.054,221.477,123.0,,-0.625142139999367,25.183968020435422
38894890000,805.863,217.478,123.0,,-0.5704333754676325,25.44085151389609
38899876000,806.145,216.751,123.0,,-0.5511518379774092,25.48756369100278
38905001000,806.834,216.165,123.0,,-0.5037237714406583,25.52529779804839
38910001000,805.585,217.54,123.0,,-0.5895792615392286,25.43685946907952
38915001000,807.101,217.601,123.0,,-0.4849313180472774,25.433012399134803
38920001000,802.74,213.121,123.0,,-0.7873460630932776,25.72050472546089
38925001000,801.609,215.967,123.0,,-0.8644761020279439,25.5375596446158
38930001000,800.686,217.53,123.0,,-0.927578598561991,25.43705903556745
38935001000,800.201,212.373,123.0,,-0.9631213350672158,25.76822800538027
38940001000,800.987,212.771,123.0,,-0.90860952473883,25.74279849143852
38945001000,800.975,212.059,123.0,,-0.909716056889224,25.788520625347303
38950006000,802.106,214.062,123.0,,-0.8308287252624091,25.659991680695185
38955001000,802.864,214.193,123.0,,-0.7784315560662798,25.651644219639685
38960001000,804.613,216.278,123.0,,-0.6570127207761329,25.5179000932283
38965001000,804.305,220.518,123.0,,-0.6770065633996034,25.245503247559554
38970001000,802.499,219.688,123.0,,-0.8017821995622486,25.29868053494741
38975001000,802.899,222.377,123.0,,-0.7733617107854726,25.1259961406133
38980001000,805.484,220.37,123.0,,-0.5958016450352805,25.255121464905496
38985001000,805.738,220.835,123.0,,-0.5781486863278817,25.225278819629185
38990001000,805.271,220.733,123.0,,-0.610371438781491,25.231775754901552
38995005000,803.328,218.459,123.0,,-0.7450124929247701,25.377652399408383
39000001000,806.185,216.974,123.0,,-0.5483209851869799,25.4732575042788
39005001000,807.531,217.673,123.0,,-0.4552860780437976,25.42843586116942
39010001000,803.989,219.733,123.0,,-0.6990350686685275,25.29588024505436
39015001000,807.535,211.574,123.0,,-0.4563087274295375,25.82022216235417
39020001000,806.982,216.411,123.0,,-0.4934546660294103,25.509492042382487
39025001000,804.555,213.965,123.0,,-0.6616438828462748,25.66645602796994
39030001000,803.425,215.636,123.0,,-0.7392343753268806,25.55901803266422
39035001000,805.522,217.767,123.0,,-0.5938786738173328,25.422297664128973
39040004000,806.432,215.134,123.0,,-0.5317425474825386,25.59146104778453
39045126000,805.647,217.735,123.0,,-0.5852545522160343,25.42438640955441
39050126000,807.945,216.839,123.0,,-0.4268910366370974,25.48204143474246
39055126000,803.635,215.991,123.0,,-0.7245893714321184,25.536230516227143
39060126000,802.42,217.057,123.0,,-0.8081182437844926,25.467660288677145
39065126000,801.681,214.277,123.0,,-0.8600947811186582,25.646147863677143
39070138000,802.341,215.539,123.0,,-0.8141207769170629,25.565122965289884
39075126000,803.078,214.029,123.0,,-0.763659998796043,25.66218068493642
39080129000,803.436,212.654,123.0,,-0.7393712231276267,25.750596476711475
39085138000,802.676,211.554,123.0,,-0.7923139214674654,25.821166304799327
39090126000,803.594,215.376,123.0,,-0.7276588349761807,25.57573179103388
39095126000,801.282,214.177,123.0,,-0.88771908293254,25.65249471355594
39100126000,800.664,214.107,123.0,,-0.9304675425223208,25.656939882965123
39105126000,801.408,214.334,123.0,,-0.8789587265077053,25.64245625155348
39110126000,801.484,214.139,123.0,,-0.8738060208900185,25.65496995763956
39115126000,798.474,215.207,123.0,,-1.0812161960953133,25.585993871937177
39120126000,799.255,217.298,123.0,,-1.02642471288461,25.45179531900093
39125133000,778.476,213.15,123.0,,-2.464198722912735,25.712616838777603
39130126000,777.486,212.331,123.0,,-2.533414873150561,25.764826806005736
39135126000,778.549,212.271,123.0,,-2.4599662811266128,25.76913545776137
39140126000,781.205,213.887,123.0,,-2.274975133948833,25.66632615511754
39145126000,775.905,211.521,123.0,,-2.643542140791743,25.816213568806745
39150126000,775.647,211.363,123.0,,-2.6615475737615024,25.82622196703515
39155126000,778.084,213.115,123.0,,-2.4913252514128303,25.714725421293966
39160132000,779.298,218.858,123.0,,-2.4021624247062885,25.34634459176825
39165126000,778.496,217.689,123.0,,-2.458565048505024,25.42115716359477
39170126000,779.527,218.259,123.0,,-2.3869110282412933,25.384934064643875
39175251000,776.541,216.104,123.0,,-2.5950594063244945,25.52214539233778
39180251000,776.82,216.856,123.0,,-2.575008209046637,25.473935445533403
39185251000,781.434,217.337,123.0,,-2.256144320614536,25.44482231649209
39190251000,780.872,218.867,123.0,,-2.293655005892547,25.346360232558453
39195265000,782.143,219.194,123.0,,-2.205690726528644,25.32581296674619
39200261000,778.093,216.104,123.0,,-2.487852049263411,25.52277588630209
39205251000,779.238,215.972,123.0,,-2.408946277331552,25.531713057375114
39210257000,779.983,211.907,123.0,,-2.361189844374191,25.7930366536104
39215251000,778.342,214.661,123.0,,-2.472064865813476,25.615505054702865
39220251000,780.879,219.642,123.0,,-2.292472930667857,25.29661135852913
39225251000,779.397,223.31,123.0,,-2.3913606213087366,25.06054803235222
39230251000,779.762,219.68,123.0,,-2.3694939922525906,25.293786582154443
39235251000,779.582,216.869,123.0,,-2.3843814186454457,25.4742099760662
39240251000,777.307,214.311,123.0,,-2.543874809942341,25.63760734199755
39245251000,780.215,219.146,123.0,,-2.3386657402161988,25.32820428698898
39250264000,780.115,221.558,123.0,,-2.3434561551565367,25.17332120234181
39255251000,778.706,219.005,123.0,,-2.442884976320067,25.33669017220556
39260251000,778.803,215.336,123.0,,-2.4395623654590013,25.57234516142742
39265251000,777.246,215.141,123.0,,-2.54729147571323,25.58426164515538
39270251000,777.689,214.673,123.0,,-2.5171628869574247,25.614493606329816
39275251000,778.898,213.876,123.0,,-2.434383576577128,25.666142847808064
39280251000,777.993,214.394,123.0,,-2.4963955866117646,25.632544664788565
39285251000,777.099,206.921,123.0,,-2.565530143644373,26.11213986889758
39290267000,776.315,212.544,123.0,,-2.614163398959035,25.750681825002346
39295251000,775.977,213.273,123.0,,-2.6367939621212693,25.70368752336463
39300251000,779.464,218.39,123.0,,-2.391175888023036,25.3764857786966
39305251000,779.858,217.694,123.0,,-2.364641110763184,25.421342271816243
39310251000,779.128,217.052,123.0,,-2.415597110300755,25.462278398836283
39315379000,780.105,218.196,123.0,,-2.3471110059866263,25.3891778411354
39320376000,780.122,218.974,123.0,,-2.345228180600144,25.33924211017748
39325376000,778.858,218.083,123.0,,-2.433276737650492,25.39595062609406
39330376000,779.021,218.052,123.0,,-2.422020327713858,25.397994112431213
39335376000,778.017,216.127,123.0,,-2.4931392854916825,25.52125276852766
39340376000,778.421,215.447,123.0,,-2.465876906542715,25.565080523891552
39345376000,779.709,216.306,123.0,,-2.3761264571854657,25.510415036069045
39350379000,780.111,215.668,123.0,,-2.3489384242366507,25.55153177138042
39355376000,781.668,218.057,123.0,,-2.239411164518351,25.39870745935548
39360376000,781.552,217.71,123.0,,-2.247681142828485,25.4209290876594
39365376000,779.32,211.725,123.0,,-2.407170793293296,25.80445209174284
39370376000,780.695,211.42,123.0,,-2.3123770091811857,25.82459846198456
39375376000,781.487,213.793,123.0,,-2.255544408325361,25.67246291823267
39380376000,785.3,218.249,123.0,,-1.9886776038906209,25.38753713188652
39385376000,784.426,218.645,123.0,,-2.048675213796888,25.361831930888343
39390376000,783.635,216.47,123.0,,-2.1050056879104453,25.501297692667286
39395376000,783.113,212.775,123.0,,-2.144045615150823,25.73844406475119
39400376000,779.772,212.562,123.0,,-2.375209588274355,25.75089730217212
39405376000,781.853,218.602,123.0,,-2.2262064978329748,25.36377590267601
39410376000,782.023,218.478,123.0,,-2.21459427706892,25.37180159843459
39415376000,780.369,220.954,123.0,,-2.326481475878776,25.212188166456755
39420387000,780.074,220.555,123.0,,-2.3471523445586406,25.23767970250811
39425376000,779.785,218.763,123.0,,-2.3686766223653284,25.35265413570914
39430376000,782.661,217.562,123.0,,-2.1712897054744573,25.43083717728198
39435379000,780.49,216.47,123.0,,-2.3220847413236005,25.50016115047313
39440376000,778.322,218.26,123.0,,-2.470031122501297,25.384370838946715
39445376000,779.667,217.68,123.0,,-2.3778306411570127,25.42216314706656
39450514000,778.79,219.667,123.0,,-2.4364760191739334,25.294232010982373
39455501000,780.071,218.041,123.0,,-2.3496360637581675,25.399140353332967
39460501000,780.907,216.997,123.0,,-2.292808566070803,25.46647562677059
39465501000,781.911,215.269,123.0,,-2.224985311532258,25.57783189775882
39470501000,778.859,217.202,123.0,,-2.433997301716429,25.45256299592986
39475503000,777.356,214.208,123.0,,-2.5405793367469967,25.644191759071195
39480501000,781.265,211.478,123.0,,-2.272929303042006,25.821096614202546
39485501000,781.861,211.27,123.0,,-2.2318723069085387,25.834631567637143
39490501000,779.077,217.759,123.0,,-2.4184562133936205,25.41687330861136
39495501000,776.995,218.57,123.0,,-2.5613305243723743,25.363969797235896
39500501000,777.023,216.449,123.0,,-2.5614246779443404,25.500165993238507
39505511000,778.271,221.1,123.0,,-2.470932949735721,25.202036916727657
39510510000,783.32,218.469,123.0,,-2.1250951153054647,25.37279688579345
39515501000,781.872,220.722,123.0,,-2.223092788452904,25.22761412038589
39520501000,780.867,213.142,123.0,,-2.2989982939579745,25.714024394401005
39525510000,780.936,213.796,123.0,,-2.2936354005505013,25.672082834520648
39530503000,780.057,211.795,123.0,,-2.356189877821006,25.80028127930084
39535501000,780.843,219.116,123.0,,-2.295389224130453,25.33039375471716
39540501000,779.587,219.3,123.0,,-2.381873107224417,25.31809248871092
39545501000,780.443,220.517,123.0,,-2.3217879026868373,25.24025477779879
39550501000,778.334,220.235,123.0,,-2.467417457065976,25.25759920913206
39555501000,779.453,221.204,123.0,,-2.3893835251188467,25.195784436684743
39560501000,777.135,220.927,123.0,,-2.5493816422588105,25.212685116842145
39565501000,776.264,219.889,123.0,,-2.6104318515102896,25.27896476638758
39570501000,777.066,218.378,123.0,,-2.556618567761012,25.376326428938256
39575501000,777.206,217.431,123.0,,-2.5478246690673383,25.43717393665207
39580501000,777.503,216.397,123.0,,-2.528305202209016,25.50373410216361
39585626000,778.468,218.039,123.0,,-2.460211501858967,25.398671911472835
39590634000,779.621,218.249,123.0,,-2.380444013374861,25.385584196487
39595640000,778.961,217.985,123.0,,-2.4261999565334595,25.402298243471336
39600626000,778.907,218.152,123.0,,-2.429824325986492,25.39155910812576
39605626000,780.954,217.904,123.0,,-2.288775177069915,25.408281398788983
39610626000,777.829,215.78,123.0,,-2.506446238707285,25.54343553127553
39615626000,780.084,216.781,123.0,,-2.3497956641493936,25.480079305347143
39620626000,777.256,216.41,123.0,,-2.545359578077532,25.502745655324087
39625626000,777.406,224.95,123.0,,-2.526940969070949,24.954453442971907
39630626000,777.167,223.709,123.0,,-2.5445635127178154,25.03405397644898
39635636000,778.851,224.016,123.0,,-2.4283597515466253,25.015011417057167
39640626000,778.788,221.464,123.0,,-2.4349641602727803,25.17886304764112
39645631000,779.35,221.069,123.0,,-2.3966040854707127,25.204421731193552
39650626000,779.821,234.375,123.0,,-2.35268338081101,24.35025419279544
39655632000,780.505,232.54,123.0,,-2.307329813896177,24.46829638219
39660626000,780.548,228.476,123.0,,-2.3077498288551466,24.7292682656114
39665626000,777.782,220.108,123.0,,-2.50559218000284,25.26550957317955
39670626000,778.556,222.404,123.0,,-2.4501399076097403,25.11838144188556
39675626000,775.916,222.745,123.0,,-2.6316233546937857,25.09539696789429
39680626000,775.767,225.351,123.0,,-2.6393658313034565,24.928060411322704
39685634000,775.15,226.151,123.0,,-2.681072282084464,24.87638533130757
39690626000,775.458,224.572,123.0,,-2.6613880493526465,24.977913357694227
39695626000,776.046,223.321,123.0,,-2.622103966017149,25.058472366881645
39700626000,779.446,226.81,123.0,,-2.384966306462038,24.83580782724464
39705626000,778.637,225.113,123.0,,-2.442130332833077,24.94450141741634
39710626000,775.83,223.139,123.0,,-2.637184375742802,25.07007819629195
39715626000,775.037,223.295,123.0,,-2.691628365630559,25.059731597141223
39720754000,773.981,225.206,,,-2.762404207667291,24.936600640266743
39725751000,773.373,226.787,,,-2.802628010176466,24.834808196367355
39730751000,771.008,230.561,,,-2.9612491541222337,24.591471445441847
39735751000,746.421,239.037,,,-4.636352130421297,24.032574362687257
39740751000,728.04,251.072,,,-5.871481827102107,23.245440632359767
39745758000,693.742,250.785,,,-8.210931490334477,23.225766138669503
39750751000,677.128,253.188,,,-9.336263644075146,23.049036075448072
39755751000,670.22,258.659,,,-9.78972076809149,22.68892862563205
39760754000,665.034,267.409,,,-10.114768554913836,22.12171594094232
39765751000,651.876,260.028,124.0,,-11.031806894205168,22.57198817993442
39770751000,652.088,260.153,124.0,,-11.01699189130423,22.56435169618777
39775751000,650.079,267.517,124.0,,-11.128155470541213,22.09078742948424
39780757000,652.893,267.242,124.0,,-10.93837204127979,22.11306358223817
39785751000,652.722,266.839,124.0,,-10.951270045060436,22.138469092388828
39790751000,652.708,271.865,124.0,,-10.935619795088416,21.81755025097229
39795751000,654.475,273.982,124.0,,-10.809126175243964,21.68522868225224
39800751000,652.647,272.234,124.0,,-10.938516894927064,21.79387413331565
39805751000,646.671,270.042,124.0,,-11.35040317265441,21.923854398803226
39810757000,645.375,269.237,124.0,,-11.44097594998236,21.97296971117908
39815751000,644.882,277.79,124.0,,-11.4451407680266,21.426250373043786
39820754000,644.351,266.23,124.0,,-11.520813585244673,22.163136843974463
39825751000,646.32,265.466,124.0,,-11.390017966942969,22.215335627411783
39830751000,648.331,265.227,124.0,,-11.254444683848533,22.23399689034891
39835751000,648.379,262.288,124.0,,-11.261454732771885,22.421731729806368
39840755000,647.941,259.683,124.0,,-11.300356918427216,22.587236674611773
39845751000,649.375,259.861,124.0,,-11.20228647732889,22.5783919036239
39850751000,646.627,259.622,124.0,,-11.389816129784432,22.588863508113448
39855876000,647.077,259.381,124.0,,-11.360130643876616,22.60499946998072
39860878000,650.831,256.843,124.0,,-11.113969220622256,22.77352792898261
39865876000,652.311,260.525,124.0,,-11.00058844370211,22.54098343218259
39870876000,652.706,262.975,124.0,,-10.965357641038612,22.385221561498536
39875876000,652.05,264.536,124.0,,-11.004566077350455,22.284410843691628
39880876000,652.856,264.452,124.0,,-10.95020512991061,22.291143697749707
39885876000,651.048,263.262,124.0,,-11.076905676894604,22.36411363106052
39890876000,648.874,261.683,124.0,,-11.22993968137532,22.46119399230894
39895876000,650.634,260.512,,,-11.11450601833539,22.538960102284165
39900876000,650.138,262.993,,,-11.13958204992502,22.379701361358524
39905876000,650.737,264.173,,,-11.094911211190729,22.305389591382884
39910883000,654.919,266.36,,,-10.803896944075802,22.17267491874249
39915879000,647.89,261.251,,,-11.298270764976976,22.4870446512864
39920876000,652.656,250.048,,,-11.0137936092367,23.210560775830828
39925876000,657.722,258.495,,,-10.639807385934942,22.679668169265977
39930889000,651.286,257.312,,,-11.081324428285228,22.74438571714616
39935878000,651.254,257.214,,,-11.083874153199025,22.750569547113223
39940876000,651.234,259.345,,,-11.077773157224788,22.61450352458186
39945876000,651.248,260.015,,,-11.074536730479709,22.571760413167457
39950876000,654.237,264.147,,,-10.857538146642687,22.312896261593583
39955876000,652.757,264.248,,,-10.957601770300496,22.30401341689795
39960876000,653.217,265.596,,,-10.921851213025192,22.21867020439424
39965876000,651.581,259.777,,,-11.052707894040427,22.587491108689168
39970876000,652.461,258.771,,,-10.99643052946327,22.653218689549185
39975876000,652.479,259.982,,,-10.991015357317265,22.57592074527741
39980876000,653.268,260.319,,,-10.936247779205871,22.555750322657257
39985876000,652.972,259.439,,,-10.9594006747912,22.61147848398195
39990876000,653.512,257.261,,,-10.930185111089653,22.751449300697352
39996015000,649.711,258.7,,,-11.183516120772328,22.653068250571195
40001001000,646.9,274.42,,,-11.320039647975635,21.64475478541604
40006001000,649.277,283.367,,,-11.130211203156954,21.0775257908856
40011001000,649.756,281.678,,,-11.103247649514008,21.18612474592485
40016001000,648.27,281.737,,,-11.203368455103025,21.17993844570912
40021001000,647.235,285.619,,,-11.260676220295675,20.93046083533112
40026001000,648.391,282.05,,,-11.194164402532392,21.16016150197526
40031001000,648.609,281.259,,,-11.182055207477582,21.21104278684007
40036001000,647.819,283.746,,,-11.227298878337963,21.050997790407468
40041001000,647.594,283.197,,,-11.244251746294958,21.085656927801857
