section id,recording id,timestamp [ns],gaze x [px],gaze y [px],worn,fixation id,blink id,azimuth [deg],elevation [deg]
d01ea4c3-1912-46a0-9798-db3d3f9d2881,74b23a8e-ccad-453a-a0bd-2af02cb0a30b,1759834367942797231,748.729,400.353,1,1,,-4.2980814575109285,13.67522526622758
d01ea4c3-1912-46a0-9798-db3d3f9d2881,74b23a8e-ccad-453a-a0bd-2af02cb0a30b,1759834367947797231,748.479,400.887,1,1,,-4.314115770490019,13.640740078018641
d01ea4c3-1912-46a0-9798-db3d3f9d2881,74b23a8e-ccad-453a-a0bd-2af02cb0a30b,1759834367952797231,744.029,402.163,1,1,,-4.605832746597936,13.556689585365348
d01ea4c3-1912-46a0-9798-db3d3f9d2881,74b23a8e-ccad-453a-a0bd-2af02cb0a30b,1759834367957801231,744.837,404.393,1,1,,-4.550951502289636,13.413546299708152
d01ea4c3-1912-46a0-9798-db3d3f9d2881,74b23a8e-ccad-453a-a0bd-2af02cb0a30b,1759834367962798231,744.897,402.372,1,1,,-4.548590825657448,13.543591627220941
d01ea4c3-1912-46a0-9798-db3d3f9d2881,74b23a8e-ccad-453a-a0bd-2af02cb0a30b,1759834367967801231,742.87,398.94,1,1,,-4.68474555784887,13.76352343471994
d01ea4c3-1912-46a0-9798-db3d3f9d2881,74b23a8e-ccad-453a-a0bd-2af02cb0a30b,1759834367972798231,743.929,398.543,1,1,,-4.615344252679171,13.789529897017069
d01ea4c3-1912-46a0-9798-db3d3f9d2881,74b23a8e-ccad-453a-a0bd-2af02cb0a30b,1759834367977798231,743.695,402.223,1,1,,-4.627764896469647,13.552689413103565
d01ea4c3-1912-46a0-9798-db3d3f9d2881,74b23a8e-ccad-453a-a0bd-2af02cb0a30b,1759834367982798231,745.32,399.496,1,1,,-4.523049140726702,13.728883391919776
d01ea4c3-1912-46a0-9798-db3d3f9d2881,74b23a8e-ccad-453a-a0bd-2af02cb0a30b,1759834367987923231,745.098,396.123,1,1,,-4.540348909895131,13.945740746753755
d01ea4c3-1912-46a0-9798-db3d3f9d2881,74b23a8e-ccad-453a-a0bd-2af02cb0a30b,1759834367992923231,746.631,396.455,1,1,,-4.439154384432733,13.925085431552104
d01ea4c3-1912-46a0-9798-db3d3f9d2881,74b23a8e-ccad-453a-a0bd-2af02cb0a30b,1759834367997923231,743.669,401.913,1,1,,-4.629751836735211,13.57259020958402
d01ea4c3-1912-46a0-9798-db3d3f9d2881,74b23a8e-ccad-453a-a0bd-2af02cb0a30b,1759834368002923231,746.308,408.824,1,1,,-4.450903454598346,13.12904760930149
d01ea4c3-1912-46a0-9798-db3d3f9d2881,74b23a8e-ccad-453a-a0bd-2af02cb0a30b,1759834368007932231,742.657,409.035,1,1,,-4.69061378806604,13.113823213922366
d01ea4c3-1912-46a0-9798-db3d3f9d2881,74b23a8e-ccad-453a-a0bd-2af02cb0a30b,1759834368012923231,740.598,407.094,1,1,,-4.827443511787998,13.237808187149447
d01ea4c3-1912-46a0-9798-db3d3f9d2881,74b23a8e-ccad-453a-a0bd-2af02cb0a30b,1759834368017923231,742.201,400.482,1,1,,-4.727517894749307,13.66399964195826
d01ea4c3-1912-46a0-9798-db3d3f9d2881,74b23a8e-ccad-453a-a0bd-2af02cb0a30b,1759834368022929231,744.977,399.497,1,1,,-4.545621399113466,13.728654620069625
d01ea4c3-1912-46a0-9798-db3d3f9d2881,74b23a8e-ccad-453a-a0bd-2af02cb0a30b,1759834368027923231,745.5,398.614,1,1,,-4.511917969327584,13.785690727067715
d01ea4c3-1912-46a0-9798-db3d3f9d2881,74b23a8e-ccad-453a-a0bd-2af02cb0a30b,1759834368032923231,744.918,396.206,1,1,,-4.552157922967964,13.940355178411462
d01ea4c3-1912-46a0-9798-db3d3f9d2881,74b23a8e-ccad-453a-a0bd-2af02cb0a30b,1759834368037923231,743.525,398.902,1,1,,-4.641635499683021,13.76624990082013
d01ea4c3-1912-46a0-9798-db3d3f9d2881,74b23a8e-ccad-453a-a0bd-2af02cb0a30b,1759834368042923231,741.814,399.744,1,1,,-4.7535357357089305,13.711278591183198
d01ea4c3-1912-46a0-9798-db3d3f9d2881,74b23a8e-ccad-453a-a0bd-2af02cb0a30b,1759834368047930231,741.631,400.563,1,1,,-4.764933159310281,13.658516208147738
d01ea4c3-1912-46a0-9798-db3d3f9d2881,74b23a8e-ccad-453a-a0bd-2af02cb0a30b,1759834368052923231,741.891,399.889,1,1,,-4.748386761029921,13.702006891570397
d01ea4c3-1912-46a0-9798-db3d3f9d2881,74b23a8e-ccad-453a-a0bd-2af02cb0a30b,1759834368057924231,744.471,398.57,1,1,,-4.5797021532627875,13.788039741445068
d01ea4c3-1912-46a0-9798-db3d3f9d2881,74b23a8e-ccad-453a-a0bd-2af02cb0a30b,1759834368062924231,744.483,400.91,1,1,,-4.576985364393486,13.637488518782865
d01ea4c3-1912-46a0-9798-db3d3f9d2881,74b23a8e-ccad-453a-a0bd-2af02cb0a30b,1759834368067923231,744.88,402.418,1,1,,-4.549666600432414,13.540642450551731
d01ea4c3-1912-46a0-9798-db3d3f9d2881,74b23a8e-ccad-453a-a0bd-2af02cb0a30b,1759834368072923231,744.075,403.063,1,1,,-4.602133428945169,13.498814149146341
d01ea4c3-1912-46a0-9798-db3d3f9d2881,74b23a8e-ccad-453a-a0bd-2af02cb0a30b,1759834368077924231,744.396,403.335,1,1,,-4.580804132935666,13.481433650118614
d01ea4c3-1912-46a0-9798-db3d3f9d2881,74b23a8e-ccad-453a-a0bd-2af02cb0a30b,1759834368082924231,743.225,404.576,1,1,,-4.656821458779201,13.401074434062895
d01ea4c3-1912-46a0-9798-db3d3f9d2881,74b23a8e-ccad-453a-a0bd-2af02cb0a30b,1759834368087924231,744.133,408.464,1,1,,-4.5940908219585666,13.151279607946401
d01ea4c3-1912-46a0-9798-db3d3f9d2881,74b23a8e-ccad-453a-a0bd-2af02cb0a30b,1759834368092926231,742.801,408.688,1,1,,-4.681442700357865,13.136264652126169
d01ea4c3-1912-46a0-9798-db3d3f9d2881,74b23a8e-ccad-453a-a0bd-2af02cb0a30b,1759834368097924231,746.465,404.178,1,1,,-4.44409524313548,13.428117555822352
d01ea4c3-1912-46a0-9798-db3d3f9d2881,74b23a8e-ccad-453a-a0bd-2af02cb0a30b,1759834368102924231,747.258,406.011,1,1,,-4.390547654382568,13.31043730863423
d01ea4c3-1912-46a0-9798-db3d3f9d2881,74b23a8e-ccad-453a-a0bd-2af02cb0a30b,1759834368107924231,747.285,403.641,1,1,,-4.3905964586556765,13.463024971918594
d01ea4c3-1912-46a0-9798-db3d3f9d2881,74b23a8e-ccad-453a-a0bd-2af02cb0a30b,1759834368112924231,749.699,401.225,1,1,,-4.2335910439992,13.619511235108579
d01ea4c3-1912-46a0-9798-db3d3f9d2881,74b23a8e-ccad-453a-a0bd-2af02cb0a30b,1759834368117925231,748.528,400.632,1,1,,-4.311111775968783,13.657181352383997
d01ea4c3-1912-46a0-9798-db3d3f9d2881,74b23a8e-ccad-453a-a0bd-2af02cb0a30b,1759834368122924231,747.054,402.411,1,1,,-4.406725284246421,13.542058120377511
d01ea4c3-1912-46a0-9798-db3d3f9d2881,74b23a8e-ccad-453a-a0bd-2af02cb0a30b,1759834368128059231,741.759,398.095,1,1,,-4.758548969763099,13.817335041003217
d01ea4c3-1912-46a0-9798-db3d3f9d2881,74b23a8e-ccad-453a-a0bd-2af02cb0a30b,1759834368133049231,740.568,403.499,1,1,,-4.832396745333691,13.469095930169424
d01ea4c3-1912-46a0-9798-db3d3f9d2881,74b23a8e-ccad-453a-a0bd-2af02cb0a30b,1759834368138050231,747.746,399.209,1,1,,-4.363646193894665,13.748397667361344
d01ea4c3-1912-46a0-9798-db3d3f9d2881,74b23a8e-ccad-453a-a0bd-2af02cb0a30b,1759834368143055231,747.748,400.547,1,1,,-4.3624671657396386,13.66226346685195
d01ea4c3-1912-46a0-9798-db3d3f9d2881,74b23a8e-ccad-453a-a0bd-2af02cb0a30b,1759834368148049231,747.99,403.357,1,1,,-4.344420952740988,13.48154961840173
d01ea4c3-1912-46a0-9798-db3d3f9d2881,74b23a8e-ccad-453a-a0bd-2af02cb0a30b,1759834368153049231,732.134,410.224,1,1,,-5.3808780737739275,13.032348898635485
d01ea4c3-1912-46a0-9798-db3d3f9d2881,74b23a8e-ccad-453a-a0bd-2af02cb0a30b,1759834368158049231,734.529,411.419,1,1,,-5.222513657740686,12.956611308175232
d01ea4c3-1912-46a0-9798-db3d3f9d2881,74b23a8e-ccad-453a-a0bd-2af02cb0a30b,1759834368163049231,735.908,404.884,1,1,,-5.137636657728049,13.377770882171134
d01ea4c3-1912-46a0-9798-db3d3f9d2881,74b23a8e-ccad-453a-a0bd-2af02cb0a30b,1759834368168049231,723.854,419.01,1,1,,-5.916236108963962,12.462732689341134
d01ea4c3-1912-46a0-9798-db3d3f9d2881,74b23a8e-ccad-453a-a0bd-2af02cb0a30b,1759834368173050231,731.406,414.035,1,1,,-5.42530757201454,12.786783869076002
d01ea4c3-1912-46a0-9798-db3d3f9d2881,74b23a8e-ccad-453a-a0bd-2af02cb0a30b,1759834368178049231,730.51,413.359,1,1,,-5.484680531368575,12.829819045635476
d01ea4c3-1912-46a0-9798-db3d3f9d2881,74b23a8e-ccad-453a-a0bd-2af02cb0a30b,1759834368183052231,733.946,412.277,1,1,,-5.260109526803696,12.901143879263339
d01ea4c3-1912-46a0-9798-db3d3f9d2881,74b23a8e-ccad-453a-a0bd-2af02cb0a30b,1759834368188050231,735.334,410.926,1,1,,-5.170091795504969,12.988751032929711
d01ea4c3-1912-46a0-9798-db3d3f9d2881,74b23a8e-ccad-453a-a0bd-2af02cb0a30b,1759834368193050231,734.562,407.479,1,,,-5.22380995250481,13.210143879580691
d01ea4c3-1912-46a0-9798-db3d3f9d2881,74b23a8e-ccad-453a-a0bd-2af02cb0a30b,1759834368198053231,737.446,411.548,1,,,-5.030889973914414,12.94972799340717
d01ea4c3-1912-46a0-9798-db3d3f9d2881,74b23a8e-ccad-453a-a0bd-2af02cb0a30b,1759834368203050231,725.381,431.189,1,,,-5.805337042479416,11.679888003694
d01ea4c3-1912-46a0-9798-db3d3f9d2881,74b23a8e-ccad-453a-a0bd-2af02cb0a30b,1759834368208050231,719.039,470.005,1,,,-6.189103058419181,9.17757978841542
d01ea4c3-1912-46a0-9798-db3d3f9d2881,74b23a8e-ccad-453a-a0bd-2af02cb0a30b,1759834368213050231,697.372,490.488,1,,,-7.583588132344509,7.849045648610132
d01ea4c3-1912-46a0-9798-db3d3f9d2881,74b23a8e-ccad-453a-a0bd-2af02cb0a30b,1759834368218050231,692.186,531.141,1,,,-7.89466881781688,5.228879505778345
d01ea4c3-1912-46a0-9798-db3d3f9d2881,74b23a8e-ccad-453a-a0bd-2af02cb0a30b,1759834368223050231,689.61,552.001,1,,,-8.052129089195835,3.884257959600218
d01ea4c3-1912-46a0-9798-db3d3f9d2881,74b23a8e-ccad-453a-a0bd-2af02cb0a30b,1759834368228050231,684.688,586.229,1,,,-8.36062399080325,1.6780704969611977
d01ea4c3-1912-46a0-9798-db3d3f9d2881,74b23a8e-ccad-453a-a0bd-2af02cb0a30b,1759834368233050231,676.819,618.323,1,,,-8.866515360569135,-0.38972320046816067
d01ea4c3-1912-46a0-9798-db3d3f9d2881,74b23a8e-ccad-453a-a0bd-2af02cb0a30b,1759834368238050231,681.928,665.459,1,,,-8.54586023212924,-3.426053952315761
d01ea4c3-1912-46a0-9798-db3d3f9d2881,74b23a8e-ccad-453a-a0bd-2af02cb0a30b,1759834368243050231,674.664,683.28,1,,,-9.023127718522794,-4.571378192086113
d01ea4c3-1912-46a0-9798-db3d3f9d2881,74b23a8e-ccad-453a-a0bd-2af02cb0a30b,1759834368248050231,689.711,697.822,1,,,-8.056834772108765,-5.512394292537612
d01ea4c3-1912-46a0-9798-db3d3f9d2881,74b23a8e-ccad-453a-a0bd-2af02cb0a30b,1759834368253050231,675.245,702.99,1,,,-8.996682719337347,-5.839714665483239
d01ea4c3-1912-46a0-9798-db3d3f9d2881,74b23a8e-ccad-453a-a0bd-2af02cb0a30b,1759834368258050231,680.417,704.96,1,2,,-8.663010985786412,-5.968472223176697
d01ea4c3-1912-46a0-9798-db3d3f9d2881,74b23a8e-ccad-453a-a0bd-2af02cb0a30b,1759834368263175231,682.828,713.955,1,2,,-8.512656734899027,-6.548295981751966
d01ea4c3-1912-46a0-9798-db3d3f9d2881,74b23a8e-ccad-453a-a0bd-2af02cb0a30b,1759834368268175231,685.06,711.566,1,2,,-8.366344431500126,-6.395469162894748
d01ea4c3-1912-46a0-9798-db3d3f9d2881,74b23a8e-ccad-453a-a0bd-2af02cb0a30b,1759834368273176231,686.452,708.14,1,2,,-8.273994647497155,-6.175526497832864
d01ea4c3-1912-46a0-9798-db3d3f9d2881,74b23a8e-ccad-453a-a0bd-2af02cb0a30b,1759834368278176231,686.239,717.04,1,2,,-8.293574963270746,-6.74826573501308
d01ea4c3-1912-46a0-9798-db3d3f9d2881,74b23a8e-ccad-453a-a0bd-2af02cb0a30b,1759834368283176231,683.895,718.596,1,2,,-8.446659343526957,-6.847373633591696
d01ea4c3-1912-46a0-9798-db3d3f9d2881,74b23a8e-ccad-453a-a0bd-2af02cb0a30b,1759834368288186231,682.177,718.12,1,2,,-8.557716567884976,-6.815965569114264
d01ea4c3-1912-46a0-9798-db3d3f9d2881,74b23a8e-ccad-453a-a0bd-2af02cb0a30b,1759834368293179231,680.871,712.363,1,2,,-8.63841365383807,-6.44504312182243
d01ea4c3-1912-46a0-9798-db3d3f9d2881,74b23a8e-ccad-453a-a0bd-2af02cb0a30b,1759834368298176231,683.298,714.361,1,2,,-8.4824383408723,-6.5746114773771485
d01ea4c3-1912-46a0-9798-db3d3f9d2881,74b23a8e-ccad-453a-a0bd-2af02cb0a30b,1759834368303180231,683.128,715.372,1,2,,-8.494169161755673,-6.639591325275447
d01ea4c3-1912-46a0-9798-db3d3f9d2881,74b23a8e-ccad-453a-a0bd-2af02cb0a30b,1759834368308176231,685.967,720.843,1,2,,-8.313868879838465,-6.992861182081476
d01ea4c3-1912-46a0-9798-db3d3f9d2881,74b23a8e-ccad-453a-a0bd-2af02cb0a30b,1759834368313176231,692.733,726.762,1,2,,-7.879020612983519,-7.376750273287531
d01ea4c3-1912-46a0-9798-db3d3f9d2881,74b23a8e-ccad-453a-a0bd-2af02cb0a30b,1759834368318176231,692.178,728.202,1,2,,-7.916111132045913,-7.469161887953283
d01ea4c3-1912-46a0-9798-db3d3f9d2881,74b23a8e-ccad-453a-a0bd-2af02cb0a30b,1759834368323176231,688.47,727.497,1,2,,-8.156290490358558,-7.422126359114145
d01ea4c3-1912-46a0-9798-db3d3f9d2881,74b23a8e-ccad-453a-a0bd-2af02cb0a30b,1759834368328183231,687.993,733.052,1,2,,-8.191462601180765,-7.779335249238789
d01ea4c3-1912-46a0-9798-db3d3f9d2881,74b23a8e-ccad-453a-a0bd-2af02cb0a30b,1759834368333176231,688.702,732.985,1,2,,-8.145400318248496,-7.77535095833247
d01ea4c3-1912-46a0-9798-db3d3f9d2881,74b23a8e-ccad-453a-a0bd-2af02cb0a30b,1759834368338176231,690.663,730.969,1,2,,-8.016498955770999,-7.646579912269662
d01ea4c3-1912-46a0-9798-db3d3f9d2881,74b23a8e-ccad-453a-a0bd-2af02cb0a30b,1759834368343179231,690.803,730.855,1,2,,-8.007305795984077,-7.639284416364252
d01ea4c3-1912-46a0-9798-db3d3f9d2881,74b23a8e-ccad-453a-a0bd-2af02cb0a30b,1759834368348182231,690.489,730.436,1,2,,-8.027406137330429,-7.612184405078696
d01ea4c3-1912-46a0-9798-db3d3f9d2881,74b23a8e-ccad-453a-a0bd-2af02cb0a30b,1759834368353176231,691.77,730.491,1,2,,-7.944232619785409,-7.6162835588321025
d01ea4c3-1912-46a0-9798-db3d3f9d2881,74b23a8e-ccad-453a-a0bd-2af02cb0a30b,1759834368358185231,693.654,730.792,1,2,,-7.82217954931851,-7.636549239501977
d01ea4c3-1912-46a0-9798-db3d3f9d2881,74b23a8e-ccad-453a-a0bd-2af02cb0a30b,1759834368363176231,694.402,729.081,1,2,,-7.77237034514412,-7.526714019660051
d01ea4c3-1912-46a0-9798-db3d3f9d2881,74b23a8e-ccad-453a-a0bd-2af02cb0a30b,1759834368368176231,692.741,724.528,1,2,,-7.8769782171328835,-7.232972293855458
d01ea4c3-1912-46a0-9798-db3d3f9d2881,74b23a8e-ccad-453a-a0bd-2af02cb0a30b,1759834368373176231,694.033,723.181,1,2,,-7.792192701059977,-7.146787062578221
d01ea4c3-1912-46a0-9798-db3d3f9d2881,74b23a8e-ccad-453a-a0bd-2af02cb0a30b,1759834368378176231,691.476,727.28,1,2,,-7.961000497210094,-7.4095189191491455
d01ea4c3-1912-46a0-9798-db3d3f9d2881,74b23a8e-ccad-453a-a0bd-2af02cb0a30b,1759834368383176231,693.234,726.778,1,2,,-7.846498220518545,-7.378006775431689
d01ea4c3-1912-46a0-9798-db3d3f9d2881,74b23a8e-ccad-453a-a0bd-2af02cb0a30b,1759834368388177231,692.53,725.665,1,2,,-7.891428697893099,-7.306058722795823
d01ea4c3-1912-46a0-9798-db3d3f9d2881,74b23a8e-ccad-453a-a0bd-2af02cb0a30b,1759834368393177231,690.401,724.478,1,2,,-8.028766459309923,-7.228691779992739
d01ea4c3-1912-46a0-9798-db3d3f9d2881,74b23a8e-ccad-453a-a0bd-2af02cb0a30b,1759834368398315231,691.266,726.765,1,2,,-7.974270290734098,-7.37629585763655
d01ea4c3-1912-46a0-9798-db3d3f9d2881,74b23a8e-ccad-453a-a0bd-2af02cb0a30b,1759834368403302231,690.682,727.341,1,2,,-8.01255585185165,-7.413092491751179
d01ea4c3-1912-46a0-9798-db3d3f9d2881,74b23a8e-ccad-453a-a0bd-2af02cb0a30b,1759834368408302231,690.303,727.533,1,2,,-8.037338370920516,-7.42528693257187
d01ea4c3-1912-46a0-9798-db3d3f9d2881,74b23a8e-ccad-453a-a0bd-2af02cb0a30b,1759834368413302231,691.885,727.064,1,2,,-7.934273243917887,-7.395822131766937
d01ea4c3-1912-46a0-9798-db3d3f9d2881,74b23a8e-ccad-453a-a0bd-2af02cb0a30b,1759834368418302231,690.587,723.944,1,2,,-8.016305569653888,-7.194440958280843
d01ea4c3-1912-46a0-9798-db3d3f9d2881,74b23a8e-ccad-453a-a0bd-2af02cb0a30b,1759834368423302231,691.873,730.164,1,2,,-7.937305829521313,-7.595327767669944
d01ea4c3-1912-46a0-9798-db3d3f9d2881,74b23a8e-ccad-453a-a0bd-2af02cb0a30b,1759834368428302231,694.951,724.438,1,2,,-7.733450193611323,-7.228083174942986
d01ea4c3-1912-46a0-9798-db3d3f9d2881,74b23a8e-ccad-453a-a0bd-2af02cb0a30b,1759834368433302231,694.314,725.19,1,2,,-7.775290469941497,-7.2762390856284265
d01ea4c3-1912-46a0-9798-db3d3f9d2881,74b23a8e-ccad-453a-a0bd-2af02cb0a30b,1759834368438305231,692.235,727.45,1,2,,-7.911872935822849,-7.420823417123073
d01ea4c3-1912-46a0-9798-db3d3f9d2881,74b23a8e-ccad-453a-a0bd-2af02cb0a30b,1759834368443302231,690.465,726.018,1,2,,-8.025739416566909,-7.327879854506051
d01ea4c3-1912-46a0-9798-db3d3f9d2881,74b23a8e-ccad-453a-a0bd-2af02cb0a30b,1759834368448302231,691.421,725.582,1,2,,-7.963382039232157,-7.30021218345558
d01ea4c3-1912-46a0-9798-db3d3f9d2881,74b23a8e-ccad-453a-a0bd-2af02cb0a30b,1759834368453302231,694.514,728.945,1,2,,-7.76500615314578,-7.518045286794275
d01ea4c3-1912-46a0-9798-db3d3f9d2881,74b23a8e-ccad-453a-a0bd-2af02cb0a30b,1759834368458302231,694.653,730.457,1,2,,-7.757008847822818,-7.615414557832644
d01ea4c3-1912-46a0-9798-db3d3f9d2881,74b23a8e-ccad-453a-a0bd-2af02cb0a30b,1759834368463309231,695.354,731.232,1,2,,-7.712077139902255,-7.665579828366745
d01ea4c3-1912-46a0-9798-db3d3f9d2881,74b23a8e-ccad-453a-a0bd-2af02cb0a30b,1759834368468306231,694.584,730.974,1,2,,-7.761862085862594,-7.648650335384606
d01ea4c3-1912-46a0-9798-db3d3f9d2881,74b23a8e-ccad-453a-a0bd-2af02cb0a30b,1759834368473303231,697.641,725.763,1,2,,-7.559740974647704,-7.314551806614794
d01ea4c3-1912-46a0-9798-db3d3f9d2881,74b23a8e-ccad-453a-a0bd-2af02cb0a30b,1759834368478305231,698.317,727.364,1,2,,-7.516963023187049,-7.417921552043374
d01ea4c3-1912-46a0-9798-db3d3f9d2881,74b23a8e-ccad-453a-a0bd-2af02cb0a30b,1759834368483312231,700.397,726.441,1,2,,-7.381312277806918,-7.359317816852861
d01ea4c3-1912-46a0-9798-db3d3f9d2881,74b23a8e-ccad-453a-a0bd-2af02cb0a30b,1759834368488302231,699.143,726.217,1,2,,-7.46260117237418,-7.344358348293759
d01ea4c3-1912-46a0-9798-db3d3f9d2881,74b23a8e-ccad-453a-a0bd-2af02cb0a30b,1759834368493303231,699.158,724.473,1,2,,-7.46043977952819,-7.232098880244356
d01ea4c3-1912-46a0-9798-db3d3f9d2881,74b23a8e-ccad-453a-a0bd-2af02cb0a30b,1759834368498305231,700.067,730.943,1,2,,-7.405800246926261,-7.649043364498782
d01ea4c3-1912-46a0-9798-db3d3f9d2881,74b23a8e-ccad-453a-a0bd-2af02cb0a30b,1759834368503303231,705.359,732.116,1,2,,-7.062898208798226,-7.726815132851468
d01ea4c3-1912-46a0-9798-db3d3f9d2881,74b23a8e-ccad-453a-a0bd-2af02cb0a30b,1759834368508303231,707.4,732.365,1,2,,-6.930477608397025,-7.743649382868
d01ea4c3-1912-46a0-9798-db3d3f9d2881,74b23a8e-ccad-453a-a0bd-2af02cb0a30b,1759834368513317231,714.158,729.621,1,2,,-6.489747371573105,-7.569527940836572
d01ea4c3-1912-46a0-9798-db3d3f9d2881,74b23a8e-ccad-453a-a0bd-2af02cb0a30b,1759834368518303231,715.433,734.568,1,2,,-6.409912746708457,-7.888736165555295
d01ea4c3-1912-46a0-9798-db3d3f9d2881,74b23a8e-ccad-453a-a0bd-2af02cb0a30b,1759834368523304231,714.454,730.738,1,2,,-6.471220897657318,-7.641636426116812
d01ea4c3-1912-46a0-9798-db3d3f9d2881,74b23a8e-ccad-453a-a0bd-2af02cb0a30b,1759834368528303231,715.193,729.374,1,2,,-6.422346118120009,-7.553988752393905
d01ea4c3-1912-46a0-9798-db3d3f9d2881,74b23a8e-ccad-453a-a0bd-2af02cb0a30b,1759834368533437231,718.839,725.993,1,2,,-6.183601941789682,-7.337404138513885
d01ea4c3-1912-46a0-9798-db3d3f9d2881,74b23a8e-ccad-453a-a0bd-2af02cb0a30b,1759834368538428231,718.024,727.962,1,2,,-6.237698862456497,-7.464023505696666
d01ea4c3-1912-46a0-9798-db3d3f9d2881,74b23a8e-ccad-453a-a0bd-2af02cb0a30b,1759834368543428231,719.336,727.022,1,2,,-6.151961340330997,-7.403890914043501
d01ea4c3-1912-46a0-9798-db3d3f9d2881,74b23a8e-ccad-453a-a0bd-2af02cb0a30b,1759834368548428231,720.845,726.159,1,2,,-6.053448264579594,-7.348748150718496
d01ea4c3-1912-46a0-9798-db3d3f9d2881,74b23a8e-ccad-453a-a0bd-2af02cb0a30b,1759834368553436231,724.884,726.446,1,2,,-5.791326377121763,-7.368620462281156
d01ea4c3-1912-46a0-9798-db3d3f9d2881,74b23a8e-ccad-453a-a0bd-2af02cb0a30b,1759834368558428231,722.117,724.561,1,2,,-5.969991135988674,-7.24621258146784
d01ea4c3-1912-46a0-9798-db3d3f9d2881,74b23a8e-ccad-453a-a0bd-2af02cb0a30b,1759834368563433231,720.66,725.304,1,2,,-6.06499775190724,-7.293606680811496
d01ea4c3-1912-46a0-9798-db3d3f9d2881,74b23a8e-ccad-453a-a0bd-2af02cb0a30b,1759834368568431231,719.294,725.636,1,2,,-6.153856464789828,-7.314549366845827
d01ea4c3-1912-46a0-9798-db3d3f9d2881,74b23a8e-ccad-453a-a0bd-2af02cb0a30b,1759834368573428231,718.783,727.4,1,2,,-6.188075246891886,-7.428082087177497
d01ea4c3-1912-46a0-9798-db3d3f9d2881,74b23a8e-ccad-453a-a0bd-2af02cb0a30b,1759834368578429231,720.088,721.7,1,2,,-6.100203324284524,-7.061107114739445
d01ea4c3-1912-46a0-9798-db3d3f9d2881,74b23a8e-ccad-453a-a0bd-2af02cb0a30b,1759834368583428231,717.826,730.417,1,2,,-6.251972938331789,-7.622149808507784
d01ea4c3-1912-46a0-9798-db3d3f9d2881,74b23a8e-ccad-453a-a0bd-2af02cb0a30b,1759834368588429231,709.794,736.847,1,2,,-6.777870432323916,-8.033335729379967
d01ea4c3-1912-46a0-9798-db3d3f9d2881,74b23a8e-ccad-453a-a0bd-2af02cb0a30b,1759834368593428231,709.831,737.27,1,2,,-6.775757300289846,-8.06056474896031
d01ea4c3-1912-46a0-9798-db3d3f9d2881,74b23a8e-ccad-453a-a0bd-2af02cb0a30b,1759834368598428231,714.467,736.648,1,2,,-6.474015191246501,-8.022384491538133
d01ea4c3-1912-46a0-9798-db3d3f9d2881,74b23a8e-ccad-453a-a0bd-2af02cb0a30b,1759834368603429231,715.802,736.949,1,2,,-6.387434688345113,-8.042295464690934
d01ea4c3-1912-46a0-9798-db3d3f9d2881,74b23a8e-ccad-453a-a0bd-2af02cb0a30b,1759834368608429231,718.373,735.066,1,2,,-6.2191508518929135,-7.921953815564641
d01ea4c3-1912-46a0-9798-db3d3f9d2881,74b23a8e-ccad-453a-a0bd-2af02cb0a30b,1759834368613429231,717.061,735.353,1,2,,-6.3046117044722685,-7.939936028753986
d01ea4c3-1912-46a0-9798-db3d3f9d2881,74b23a8e-ccad-453a-a0bd-2af02cb0a30b,1759834368618429231,721.417,733.556,1,2,,-6.0204539475018235,-7.825733232779041
d01ea4c3-1912-46a0-9798-db3d3f9d2881,74b23a8e-ccad-453a-a0bd-2af02cb0a30b,1759834368623429231,722.504,737.205,1,2,,-5.951909828273501,-8.061283287050115
d01ea4c3-1912-46a0-9798-db3d3f9d2881,74b23a8e-ccad-453a-a0bd-2af02cb0a30b,1759834368628433231,724.832,728.645,1,2,,-5.795822592440714,-7.51035403715901
d01ea4c3-1912-46a0-9798-db3d3f9d2881,74b23a8e-ccad-453a-a0bd-2af02cb0a30b,1759834368633429231,722.229,731.885,1,2,,-5.966729088981897,-7.718304755694871
d01ea4c3-1912-46a0-9798-db3d3f9d2881,74b23a8e-ccad-453a-a0bd-2af02cb0a30b,1759834368638429231,722.784,726.083,1,2,,-5.927486477431392,-7.344511905344548
d01ea4c3-1912-46a0-9798-db3d3f9d2881,74b23a8e-ccad-453a-a0bd-2af02cb0a30b,1759834368643429231,723.756,726.832,1,2,,-5.864731058451225,-7.393119669307648
d01ea4c3-1912-46a0-9798-db3d3f9d2881,74b23a8e-ccad-453a-a0bd-2af02cb0a30b,1759834368648429231,722.984,725.455,1,2,,-5.9141716474404715,-7.30408941174984
d01ea4c3-1912-46a0-9798-db3d3f9d2881,74b23a8e-ccad-453a-a0bd-2af02cb0a30b,1759834368653429231,723.76,723.987,1,2,,-5.8629893750124005,-7.209707298162749
d01ea4c3-1912-46a0-9798-db3d3f9d2881,74b23a8e-ccad-453a-a0bd-2af02cb0a30b,1759834368658429231,722.668,723.181,1,2,,-5.933484402975092,-7.157378828262559
d01ea4c3-1912-46a0-9798-db3d3f9d2881,74b23a8e-ccad-453a-a0bd-2af02cb0a30b,1759834368663429231,722.991,721.435,1,2,,-5.911612166790095,-7.044933099011707
d01ea4c3-1912-46a0-9798-db3d3f9d2881,74b23a8e-ccad-453a-a0bd-2af02cb0a30b,1759834368668554231,724.534,721.804,1,2,,-5.811666310413045,-7.0691901433670985
d01ea4c3-1912-46a0-9798-db3d3f9d2881,74b23a8e-ccad-453a-a0bd-2af02cb0a30b,1759834368673554231,725.286,736.335,1,2,,-5.770553111499912,-8.006172925884545
d01ea4c3-1912-46a0-9798-db3d3f9d2881,74b23a8e-ccad-453a-a0bd-2af02cb0a30b,1759834368678554231,723.707,735.105,1,2,,-5.8725260462815285,-7.9263870378598895
d01ea4c3-1912-46a0-9798-db3d3f9d2881,74b23a8e-ccad-453a-a0bd-2af02cb0a30b,1759834368683555231,721.861,734.017,1,2,,-5.991847748042833,-7.855576619463284
d01ea4c3-1912-46a0-9798-db3d3f9d2881,74b23a8e-ccad-453a-a0bd-2af02cb0a30b,1759834368688554231,722.552,731.891,1,2,,-5.94576491924612,-7.718829333381827
d01ea4c3-1912-46a0-9798-db3d3f9d2881,74b23a8e-ccad-453a-a0bd-2af02cb0a30b,1759834368693554231,719.435,731.126,1,2,,-6.147825862626096,-7.6684026726600365
d01ea4c3-1912-46a0-9798-db3d3f9d2881,74b23a8e-ccad-453a-a0bd-2af02cb0a30b,1759834368698555231,717.056,727.83,1,,,-6.300458386366551,-7.455178670744465
d01ea4c3-1912-46a0-9798-db3d3f9d2881,74b23a8e-ccad-453a-a0bd-2af02cb0a30b,1759834368703555231,716.876,728.235,1,,,-6.312390140330754,-7.481235710434027
d01ea4c3-1912-46a0-9798-db3d3f9d2881,74b23a8e-ccad-453a-a0bd-2af02cb0a30b,1759834368708554231,726.912,726.158,1,,,-5.6594505882163295,-7.350670056576843
d01ea4c3-1912-46a0-9798-db3d3f9d2881,74b23a8e-ccad-453a-a0bd-2af02cb0a30b,1759834368713555231,762.136,736.953,1,,,-3.374669836085648,-8.056169585231132
d01ea4c3-1912-46a0-9798-db3d3f9d2881,74b23a8e-ccad-453a-a0bd-2af02cb0a30b,1759834368718555231,786.777,739.902,1,,,-1.7724380587322253,-8.250227461691827
d01ea4c3-1912-46a0-9798-db3d3f9d2881,74b23a8e-ccad-453a-a0bd-2af02cb0a30b,1759834368723555231,812.249,738.332,1,,,-0.11499499153118646,-8.150068384189648
d01ea4c3-1912-46a0-9798-db3d3f9d2881,74b23a8e-ccad-453a-a0bd-2af02cb0a30b,1759834368728555231,820.164,725.049,1,,,0.3996249798007997,-7.292156352641093
d01ea4c3-1912-46a0-9798-db3d3f9d2881,74b23a8e-ccad-453a-a0bd-2af02cb0a30b,1759834368733555231,817.121,724.204,1,3,,0.20190730674990293,-7.237619053873248
d01ea4c3-1912-46a0-9798-db3d3f9d2881,74b23a8e-ccad-453a-a0bd-2af02cb0a30b,1759834368738567231,815.698,727.704,1,3,,0.10944047489197074,-7.463760309359591
d01ea4c3-1912-46a0-9798-db3d3f9d2881,74b23a8e-ccad-453a-a0bd-2af02cb0a30b,1759834368743555231,816.1,732.51,1,3,,0.13555186812979972,-7.77409389409144
d01ea4c3-1912-46a0-9798-db3d3f9d2881,74b23a8e-ccad-453a-a0bd-2af02cb0a30b,1759834368748555231,816.819,738.077,1,3,,0.18231682376188038,-8.13359208450886
d01ea4c3-1912-46a0-9798-db3d3f9d2881,74b23a8e-ccad-453a-a0bd-2af02cb0a30b,1759834368753555231,817.079,739.501,1,3,,0.19927800963220335,-8.225520676079865
d01ea4c3-1912-46a0-9798-db3d3f9d2881,74b23a8e-ccad-453a-a0bd-2af02cb0a30b,1759834368758555231,816.859,742.722,1,3,,0.18497875592067875,-8.433472976985763
d01ea4c3-1912-46a0-9798-db3d3f9d2881,74b23a8e-ccad-453a-a0bd-2af02cb0a30b,1759834368763564231,817.335,743.166,1,3,,0.2159199071336667,-8.462122853732186
d01ea4c3-1912-46a0-9798-db3d3f9d2881,74b23a8e-ccad-453a-a0bd-2af02cb0a30b,1759834368768555231,816.421,741.265,1,3,,0.156479658378889,-8.339416625672301
d01ea4c3-1912-46a0-9798-db3d3f9d2881,74b23a8e-ccad-453a-a0bd-2af02cb0a30b,1759834368773555231,817.169,738.162,1,3,,0.20508860064657286,-8.139065653155626
d01ea4c3-1912-46a0-9798-db3d3f9d2881,74b23a8e-ccad-453a-a0bd-2af02cb0a30b,1759834368778555231,810.792,730.301,1,3,,-0.2095055141047713,-7.63149583909964
d01ea4c3-1912-46a0-9798-db3d3f9d2881,74b23a8e-ccad-453a-a0bd-2af02cb0a30b,1759834368783555231,814.488,730.839,1,3,,0.030762465369533303,-7.666217390527011
d01ea4c3-1912-46a0-9798-db3d3f9d2881,74b23a8e-ccad-453a-a0bd-2af02cb0a30b,1759834368788555231,814.164,728.649,1,3,,0.009746931648102855,-7.52480390678404
d01ea4c3-1912-46a0-9798-db3d3f9d2881,74b23a8e-ccad-453a-a0bd-2af02cb0a30b,1759834368793555231,814.206,728.227,1,3,,0.01242882800314548,-7.497560549371307
d01ea4c3-1912-46a0-9798-db3d3f9d2881,74b23a8e-ccad-453a-a0bd-2af02cb0a30b,1759834368798555231,810.402,733.885,1,3,,-0.23498963325026187,-7.862937291277874
d01ea4c3-1912-46a0-9798-db3d3f9d2881,74b23a8e-ccad-453a-a0bd-2af02cb0a30b,1759834368803680231,810.452,731.904,1,3,,-0.23164988621258623,-7.735031666001355
d01ea4c3-1912-46a0-9798-db3d3f9d2881,74b23a8e-ccad-453a-a0bd-2af02cb0a30b,1759834368808681231,813.019,731.572,1,3,,-0.06473325039805632,-7.713595640903607
d01ea4c3-1912-46a0-9798-db3d3f9d2881,74b23a8e-ccad-453a-a0bd-2af02cb0a30b,1759834368813681231,818.332,727.104,1,3,,0.28058702400812524,-7.424912767522618
d01ea4c3-1912-46a0-9798-db3d3f9d2881,74b23a8e-ccad-453a-a0bd-2af02cb0a30b,1759834368818681231,818.28,728.358,1,3,,0.27724097761931643,-7.505926487445998
d01ea4c3-1912-46a0-9798-db3d3f9d2881,74b23a8e-ccad-453a-a0bd-2af02cb0a30b,1759834368823681231,819.658,731.98,1,3,,0.36685890764957946,-7.739791968085188
d01ea4c3-1912-46a0-9798-db3d3f9d2881,74b23a8e-ccad-453a-a0bd-2af02cb0a30b,1759834368828681231,816.95,729.041,1,3,,0.1907823265931979,-7.550060994667318
d01ea4c3-1912-46a0-9798-db3d3f9d2881,74b23a8e-ccad-453a-a0bd-2af02cb0a30b,1759834368833681231,811.078,727.971,1,3,,-0.19084702590974387,-7.481044842794421
d01ea4c3-1912-46a0-9798-db3d3f9d2881,74b23a8e-ccad-453a-a0bd-2af02cb0a30b,1759834368838681231,815.451,731.049,1,3,,0.09334307020495024,-7.679794649078088
d01ea4c3-1912-46a0-9798-db3d3f9d2881,74b23a8e-ccad-453a-a0bd-2af02cb0a30b,1759834368843681231,810.383,731.063,1,3,,-0.23608652708536867,-7.680707112330833
d01ea4c3-1912-46a0-9798-db3d3f9d2881,74b23a8e-ccad-453a-a0bd-2af02cb0a30b,1759834368848681231,811.24,731.354,1,3,,-0.1804194242272222,-7.699483194789378
d01ea4c3-1912-46a0-9798-db3d3f9d2881,74b23a8e-ccad-453a-a0bd-2af02cb0a30b,1759834368853681231,813.958,730.071,1,3,,-0.0036659806350322023,-7.616628315400427
d01ea4c3-1912-46a0-9798-db3d3f9d2881,74b23a8e-ccad-453a-a0bd-2af02cb0a30b,1759834368858681231,814.421,734.475,1,3,,0.02638556918232476,-7.901022431888704
d01ea4c3-1912-46a0-9798-db3d3f9d2881,74b23a8e-ccad-453a-a0bd-2af02cb0a30b,1759834368863681231,817.032,738.353,1,3,,0.19617604679483364,-8.151356777667218
d01ea4c3-1912-46a0-9798-db3d3f9d2881,74b23a8e-ccad-453a-a0bd-2af02cb0a30b,1759834368868681231,815.497,737.238,1,3,,0.09636412663146234,-8.079427159658279
d01ea4c3-1912-46a0-9798-db3d3f9d2881,74b23a8e-ccad-453a-a0bd-2af02cb0a30b,1759834368873681231,815.678,737.529,1,3,,0.10809583960581959,-8.098206086968435
d01ea4c3-1912-46a0-9798-db3d3f9d2881,74b23a8e-ccad-453a-a0bd-2af02cb0a30b,1759834368878686231,820.314,738.524,1,3,,0.40972066967478243,-8.16234804328245
d01ea4c3-1912-46a0-9798-db3d3f9d2881,74b23a8e-ccad-453a-a0bd-2af02cb0a30b,1759834368883681231,818.882,739.213,1,3,,0.3165861046339818,-8.206841859156125
d01ea4c3-1912-46a0-9798-db3d3f9d2881,74b23a8e-ccad-453a-a0bd-2af02cb0a30b,1759834368888681231,819.434,739.554,1,3,,0.35250708476861986,-8.22888841418757
d01ea4c3-1912-46a0-9798-db3d3f9d2881,74b23a8e-ccad-453a-a0bd-2af02cb0a30b,1759834368893681231,818.716,737.624,1,3,,0.3057484615765094,-8.104252042777988
d01ea4c3-1912-46a0-9798-db3d3f9d2881,74b23a8e-ccad-453a-a0bd-2af02cb0a30b,1759834368898682231,819.047,736.805,1,3,,0.3272711446589451,-8.051365839248001
d01ea4c3-1912-46a0-9798-db3d3f9d2881,74b23a8e-ccad-453a-a0bd-2af02cb0a30b,1759834368903681231,820.169,736.463,1,3,,0.4002305159364324,-8.02924197325781
d01ea4c3-1912-46a0-9798-db3d3f9d2881,74b23a8e-ccad-453a-a0bd-2af02cb0a30b,1759834368908689231,815.818,734.66,1,3,,0.117236658413792,-7.912974769324775
d01ea4c3-1912-46a0-9798-db3d3f9d2881,74b23a8e-ccad-453a-a0bd-2af02cb0a30b,1759834368913682231,817.018,732.338,1,3,,0.19522420700562113,-7.762995240669353
d01ea4c3-1912-46a0-9798-db3d3f9d2881,74b23a8e-ccad-453a-a0bd-2af02cb0a30b,1759834368918682231,816.841,735.321,1,3,,0.1837176519190099,-7.955624999751946
d01ea4c3-1912-46a0-9798-db3d3f9d2881,74b23a8e-ccad-453a-a0bd-2af02cb0a30b,1759834368923682231,817.551,735.38,1,3,,0.22995482618519153,-7.959388024181272
d01ea4c3-1912-46a0-9798-db3d3f9d2881,74b23a8e-ccad-453a-a0bd-2af02cb0a30b,1759834368928682231,819.133,735.156,1,3,,0.33282345063995306,-7.944890015753618
d01ea4c3-1912-46a0-9798-db3d3f9d2881,74b23a8e-ccad-453a-a0bd-2af02cb0a30b,1759834368933682231,819.553,734.754,1,3,,0.3601117260477321,-7.918935114723324
d01ea4c3-1912-46a0-9798-db3d3f9d2881,74b23a8e-ccad-453a-a0bd-2af02cb0a30b,1759834368938682231,818.722,736.93,1,3,,0.3061131992874805,-8.059474138815018
d01ea4c3-1912-46a0-9798-db3d3f9d2881,74b23a8e-ccad-453a-a0bd-2af02cb0a30b,1759834368943819231,823.168,736.763,1,3,,0.5952854345585967,-8.048495379743267
d01ea4c3-1912-46a0-9798-db3d3f9d2881,74b23a8e-ccad-453a-a0bd-2af02cb0a30b,1759834368948807231,822.094,736.232,1,3,,0.5254419674675158,-8.014294397126875
d01ea4c3-1912-46a0-9798-db3d3f9d2881,74b23a8e-ccad-453a-a0bd-2af02cb0a30b,1759834368953807231,818.831,737.724,1,3,,0.31319469798520744,-8.110695492655458
d01ea4c3-1912-46a0-9798-db3d3f9d2881,74b23a8e-ccad-453a-a0bd-2af02cb0a30b,1759834368958807231,822.69,728.799,1,3,,0.5638558541279903,-7.534219021654252
d01ea4c3-1912-46a0-9798-db3d3f9d2881,74b23a8e-ccad-453a-a0bd-2af02cb0a30b,1759834368963807231,821.138,730.184,1,3,,0.46305427895081447,-7.623725623365531
d01ea4c3-1912-46a0-9798-db3d3f9d2881,74b23a8e-ccad-453a-a0bd-2af02cb0a30b,1759834368968807231,816.215,730.741,1,3,,0.14300894988372634,-7.659882821406704
d01ea4c3-1912-46a0-9798-db3d3f9d2881,74b23a8e-ccad-453a-a0bd-2af02cb0a30b,1759834368973807231,816.643,726.179,1,3,,0.17083052905906512,-7.36524055210565
d01ea4c3-1912-46a0-9798-db3d3f9d2881,74b23a8e-ccad-453a-a0bd-2af02cb0a30b,1759834368978807231,825.333,734.318,1,3,,0.7359569079963598,-7.890487710812533
d01ea4c3-1912-46a0-9798-db3d3f9d2881,74b23a8e-ccad-453a-a0bd-2af02cb0a30b,1759834368983807231,823.333,739.2,1,3,,0.6061273280810257,-8.205850920320456
d01ea4c3-1912-46a0-9798-db3d3f9d2881,74b23a8e-ccad-453a-a0bd-2af02cb0a30b,1759834368988807231,824.813,735.18,1,3,,0.7021852891496924,-7.946200227673151
d01ea4c3-1912-46a0-9798-db3d3f9d2881,74b23a8e-ccad-453a-a0bd-2af02cb0a30b,1759834368993822231,823.793,731.13,1,3,,0.6356954255076697,-7.684743267294014
d01ea4c3-1912-46a0-9798-db3d3f9d2881,74b23a8e-ccad-453a-a0bd-2af02cb0a30b,1759834368998807231,816.215,740.512,1,3,,0.1430572678348967,-8.290806513408585
d01ea4c3-1912-46a0-9798-db3d3f9d2881,74b23a8e-ccad-453a-a0bd-2af02cb0a30b,1759834369003810231,818.289,732.967,1,3,,0.27789041731819886,-7.803595153765916
d01ea4c3-1912-46a0-9798-db3d3f9d2881,74b23a8e-ccad-453a-a0bd-2af02cb0a30b,1759834369008808231,815.67,730.584,1,3,,0.10762024934958099,-7.649715513922193
d01ea4c3-1912-46a0-9798-db3d3f9d2881,74b23a8e-ccad-453a-a0bd-2af02cb0a30b,1759834369013807231,815.653,731.691,1,3,,0.10649590008407613,-7.72121404780176
d01ea4c3-1912-46a0-9798-db3d3f9d2881,74b23a8e-ccad-453a-a0bd-2af02cb0a30b,1759834369018812231,814.553,730.833,1,3,,0.03501209894632536,-7.665862348531358
d01ea4c3-1912-46a0-9798-db3d3f9d2881,74b23a8e-ccad-453a-a0bd-2af02cb0a30b,1759834369023808231,812.518,729.595,1,3,,-0.09729619799710018,-7.585921206209903
d01ea4c3-1912-46a0-9798-db3d3f9d2881,74b23a8e-ccad-453a-a0bd-2af02cb0a30b,1759834369028811231,813.741,728.974,1,3,,-0.01779667429499532,-7.545764158453855
d01ea4c3-1912-46a0-9798-db3d3f9d2881,74b23a8e-ccad-453a-a0bd-2af02cb0a30b,1759834369033808231,817.552,728.889,1,3,,0.2298931420326007,-7.540200276993251
d01ea4c3-1912-46a0-9798-db3d3f9d2881,74b23a8e-ccad-453a-a0bd-2af02cb0a30b,1759834369038808231,816.798,731.847,1,3,,0.18095913720611598,-7.731305406580658
d01ea4c3-1912-46a0-9798-db3d3f9d2881,74b23a8e-ccad-453a-a0bd-2af02cb0a30b,1759834369043808231,827.35,725.319,1,3,,0.8665295993235973,-7.309234419495407
d01ea4c3-1912-46a0-9798-db3d3f9d2881,74b23a8e-ccad-453a-a0bd-2af02cb0a30b,1759834369048809231,827.24,724.286,1,3,,0.8592736357628544,-7.24256012873186
d01ea4c3-1912-46a0-9798-db3d3f9d2881,74b23a8e-ccad-453a-a0bd-2af02cb0a30b,1759834369053808231,826.077,723.565,1,3,,0.783694039158102,-7.196032825157427
d01ea4c3-1912-46a0-9798-db3d3f9d2881,74b23a8e-ccad-453a-a0bd-2af02cb0a30b,1759834369058816231,830.616,725.416,1,3,,1.078742412306203,-7.315314236853462
d01ea4c3-1912-46a0-9798-db3d3f9d2881,74b23a8e-ccad-453a-a0bd-2af02cb0a30b,1759834369063819231,828.898,731.555,1,3,,0.9675829565773508,-7.71185077865718
d01ea4c3-1912-46a0-9798-db3d3f9d2881,74b23a8e-ccad-453a-a0bd-2af02cb0a30b,1759834369068808231,826.086,718.853,1,3,,0.7839901364672996,-6.891665900379762
d01ea4c3-1912-46a0-9798-db3d3f9d2881,74b23a8e-ccad-453a-a0bd-2af02cb0a30b,1759834369073808231,828.397,720.067,1,3,,0.9341511339229361,-6.969958888438497
d01ea4c3-1912-46a0-9798-db3d3f9d2881,74b23a8e-ccad-453a-a0bd-2af02cb0a30b,1759834369078933231,828.635,719.833,1,3,,0.949593752940125,-6.954805095348021
d01ea4c3-1912-46a0-9798-db3d3f9d2881,74b23a8e-ccad-453a-a0bd-2af02cb0a30b,1759834369083816231,835.838,723.333,1,3,,1.4177755432339503,-7.180317792128293
d01ea4c3-1912-46a0-9798-db3d3f9d2881,74b23a8e-ccad-453a-a0bd-2af02cb0a30b,1759834369088939231,838.306,713.826,1,3,,1.5769351746233382,-6.56604382842698
d01ea4c3-1912-46a0-9798-db3d3f9d2881,74b23a8e-ccad-453a-a0bd-2af02cb0a30b,1759834369093933231,835.094,713.581,1,3,,1.3684054008440545,-6.5504864553912086
d01ea4c3-1912-46a0-9798-db3d3f9d2881,74b23a8e-ccad-453a-a0bd-2af02cb0a30b,1759834369098933231,834.713,714.307,1,3,,1.3437394022116285,-6.597401691894455
d01ea4c3-1912-46a0-9798-db3d3f9d2881,74b23a8e-ccad-453a-a0bd-2af02cb0a30b,1759834369103933231,838.175,710.634,1,3,,1.5680462990816788,-6.359869600079796
d01ea4c3-1912-46a0-9798-db3d3f9d2881,74b23a8e-ccad-453a-a0bd-2af02cb0a30b,1759834369113933231,836.666,712.893,1,3,,1.4704080784303362,-6.505889524242476
d01ea4c3-1912-46a0-9798-db3d3f9d2881,74b23a8e-ccad-453a-a0bd-2af02cb0a30b,1759834369118934231,834.578,713.688,1,3,,1.3349408450100326,-6.5574745399712775
d01ea4c3-1912-46a0-9798-db3d3f9d2881,74b23a8e-ccad-453a-a0bd-2af02cb0a30b,1759834369123934231,833.417,713.492,1,3,,1.259590323333095,-6.544885962598452
d01ea4c3-1912-46a0-9798-db3d3f9d2881,74b23a8e-ccad-453a-a0bd-2af02cb0a30b,1759834369128934231,835.266,720.353,1,3,,1.380313171347505,-6.987930886808776
d01ea4c3-1912-46a0-9798-db3d3f9d2881,74b23a8e-ccad-453a-a0bd-2af02cb0a30b,1759834369133934231,835.956,719.651,1,3,,1.424982505168638,-6.942503528184958
d01ea4c3-1912-46a0-9798-db3d3f9d2881,74b23a8e-ccad-453a-a0bd-2af02cb0a30b,1759834369138934231,834.238,718.11,1,3,,1.3132964407505554,-6.843133011009939
d01ea4c3-1912-46a0-9798-db3d3f9d2881,74b23a8e-ccad-453a-a0bd-2af02cb0a30b,1759834369143934231,833.554,717.519,1,3,,1.2688242975157296,-6.805003131671448
d01ea4c3-1912-46a0-9798-db3d3f9d2881,74b23a8e-ccad-453a-a0bd-2af02cb0a30b,1759834369148934231,833.606,717.796,1,3,,1.2722581935421664,-6.82286275538123
d01ea4c3-1912-46a0-9798-db3d3f9d2881,74b23a8e-ccad-453a-a0bd-2af02cb0a30b,1759834369153934231,839.448,711.496,1,3,,1.6507932688963494,-6.415457937149962
d01ea4c3-1912-46a0-9798-db3d3f9d2881,74b23a8e-ccad-453a-a0bd-2af02cb0a30b,1759834369158934231,828.803,715.386,1,3,,0.9601984107793091,-6.667542201517164
d01ea4c3-1912-46a0-9798-db3d3f9d2881,74b23a8e-ccad-453a-a0bd-2af02cb0a30b,1759834369163934231,828.72,717.242,1,3,,0.954957704705259,-6.787431876208368
d01ea4c3-1912-46a0-9798-db3d3f9d2881,74b23a8e-ccad-453a-a0bd-2af02cb0a30b,1759834369168934231,827.669,717.582,1,3,,0.8867697542366414,-6.809490797874065
d01ea4c3-1912-46a0-9798-db3d3f9d2881,74b23a8e-ccad-453a-a0bd-2af02cb0a30b,1759834369173934231,838.371,725.455,1,3,,1.5825347657460682,-7.3171504076218525
d01ea4c3-1912-46a0-9798-db3d3f9d2881,74b23a8e-ccad-453a-a0bd-2af02cb0a30b,1759834369178934231,827.761,726.133,1,3,,0.8933009870830115,-7.361780487271858
d01ea4c3-1912-46a0-9798-db3d3f9d2881,74b23a8e-ccad-453a-a0bd-2af02cb0a30b,1759834369183934231,832.978,724.154,1,3,,1.2320334044867343,-7.233599649132867
d01ea4c3-1912-46a0-9798-db3d3f9d2881,74b23a8e-ccad-453a-a0bd-2af02cb0a30b,1759834369188937231,833.144,723.544,1,3,,1.2427909491501234,-7.194228974471802
d01ea4c3-1912-46a0-9798-db3d3f9d2881,74b23a8e-ccad-453a-a0bd-2af02cb0a30b,1759834369193934231,832.585,721.449,1,3,,1.206263779824753,-7.058959129954181
d01ea4c3-1912-46a0-9798-db3d3f9d2881,74b23a8e-ccad-453a-a0bd-2af02cb0a30b,1759834369198937231,832.275,722.297,1,3,,1.186210444006938,-7.113712653244392
d01ea4c3-1912-46a0-9798-db3d3f9d2881,74b23a8e-ccad-453a-a0bd-2af02cb0a30b,1759834369203934231,833.763,721.473,1,3,,1.2827612162935556,-7.0604037416933005
d01ea4c3-1912-46a0-9798-db3d3f9d2881,74b23a8e-ccad-453a-a0bd-2af02cb0a30b,1759834369208934231,832.472,723.235,1,3,,1.199105801487159,-7.174284016372343
d01ea4c3-1912-46a0-9798-db3d3f9d2881,74b23a8e-ccad-453a-a0bd-2af02cb0a30b,1759834369214059231,831.819,721.047,1,3,,1.156486788891847,-7.033028890709169
d01ea4c3-1912-46a0-9798-db3d3f9d2881,74b23a8e-ccad-453a-a0bd-2af02cb0a30b,1759834369219060231,828.573,726.838,1,3,,0.9460784483748721,-7.40725397320425
d01ea4c3-1912-46a0-9798-db3d3f9d2881,74b23a8e-ccad-453a-a0bd-2af02cb0a30b,1759834369224059231,832.212,727.1,1,3,,1.1825741754899952,-7.423932184708522
d01ea4c3-1912-46a0-9798-db3d3f9d2881,74b23a8e-ccad-453a-a0bd-2af02cb0a30b,1759834369229071231,832.695,723.358,1,3,,1.2135806645252323,-7.182245467486052
d01ea4c3-1912-46a0-9798-db3d3f9d2881,74b23a8e-ccad-453a-a0bd-2af02cb0a30b,1759834369234060231,829.282,724.334,1,3,,0.9919335696937656,-7.245479322706183
d01ea4c3-1912-46a0-9798-db3d3f9d2881,74b23a8e-ccad-453a-a0bd-2af02cb0a30b,1759834369239060231,830.512,726.233,1,3,,1.0720295277668344,-7.368040539773968
d01ea4c3-1912-46a0-9798-db3d3f9d2881,74b23a8e-ccad-453a-a0bd-2af02cb0a30b,1759834369244060231,824.812,730.23,1,3,,0.7018931823395195,-7.626553905359882
d01ea4c3-1912-46a0-9798-db3d3f9d2881,74b23a8e-ccad-453a-a0bd-2af02cb0a30b,1759834369249060231,825.202,721.371,1,3,,0.7267220226814978,-7.054357339684215
d01ea4c3-1912-46a0-9798-db3d3f9d2881,74b23a8e-ccad-453a-a0bd-2af02cb0a30b,1759834369254060231,826.483,720.379,1,3,,0.8099031819262379,-6.990223748135226
d01ea4c3-1912-46a0-9798-db3d3f9d2881,74b23a8e-ccad-453a-a0bd-2af02cb0a30b,1759834369259060231,829.673,721.161,1,3,,1.0170918801608244,-7.040511568266199
d01ea4c3-1912-46a0-9798-db3d3f9d2881,74b23a8e-ccad-453a-a0bd-2af02cb0a30b,1759834369264060231,830.347,722.76,1,3,,1.0610067546055222,-7.143738851280929
d01ea4c3-1912-46a0-9798-db3d3f9d2881,74b23a8e-ccad-453a-a0bd-2af02cb0a30b,1759834369269060231,830.364,729.88,1,3,,1.0627319586070008,-7.603609109522305
d01ea4c3-1912-46a0-9798-db3d3f9d2881,74b23a8e-ccad-453a-a0bd-2af02cb0a30b,1759834369274061231,828.977,728.26,1,3,,0.9724618347688667,-7.499097731296945
d01ea4c3-1912-46a0-9798-db3d3f9d2881,74b23a8e-ccad-453a-a0bd-2af02cb0a30b,1759834369279060231,831.303,724.736,1,3,,1.1233187559227078,-7.271295167662418
d01ea4c3-1912-46a0-9798-db3d3f9d2881,74b23a8e-ccad-453a-a0bd-2af02cb0a30b,1759834369284060231,832.317,726.414,1,3,,1.1892991365525265,-7.3796389648545615
d01ea4c3-1912-46a0-9798-db3d3f9d2881,74b23a8e-ccad-453a-a0bd-2af02cb0a30b,1759834369289060231,831.865,724.47,1,3,,1.1598109853744432,-7.254125029024324
d01ea4c3-1912-46a0-9798-db3d3f9d2881,74b23a8e-ccad-453a-a0bd-2af02cb0a30b,1759834369294060231,831.034,724.787,1,3,,1.1058125638260752,-7.2746699462373146
d01ea4c3-1912-46a0-9798-db3d3f9d2881,74b23a8e-ccad-453a-a0bd-2af02cb0a30b,1759834369299060231,832.445,724.818,1,3,,1.197516450202097,-7.2765616511008595
d01ea4c3-1912-46a0-9798-db3d3f9d2881,74b23a8e-ccad-453a-a0bd-2af02cb0a30b,1759834369304060231,832.358,727.766,1,3,,1.1921443886925664,-7.466927864283731
d01ea4c3-1912-46a0-9798-db3d3f9d2881,74b23a8e-ccad-453a-a0bd-2af02cb0a30b,1759834369309060231,830.712,721.39,1,3,,1.0846111878709606,-7.055236649120014
d01ea4c3-1912-46a0-9798-db3d3f9d2881,74b23a8e-ccad-453a-a0bd-2af02cb0a30b,1759834369314060231,829.529,725.881,1,3,,1.008128242984852,-7.345376612723185
d01ea4c3-1912-46a0-9798-db3d3f9d2881,74b23a8e-ccad-453a-a0bd-2af02cb0a30b,1759834369319060231,831.095,719.462,1,3,,1.10933103729663,-6.930703729517181
d01ea4c3-1912-46a0-9798-db3d3f9d2881,74b23a8e-ccad-453a-a0bd-2af02cb0a30b,1759834369324060231,830.646,718.768,1,3,,1.080152239122548,-6.8859273586657626
d01ea4c3-1912-46a0-9798-db3d3f9d2881,74b23a8e-ccad-453a-a0bd-2af02cb0a30b,1759834369329060231,828.905,719.926,1,3,,0.9671238639678087,-6.960816276830296
d01ea4c3-1912-46a0-9798-db3d3f9d2881,74b23a8e-ccad-453a-a0bd-2af02cb0a30b,1759834369334060231,827.805,720.017,1,3,,0.8957505068422621,-6.966733947579508
d01ea4c3-1912-46a0-9798-db3d3f9d2881,74b23a8e-ccad-453a-a0bd-2af02cb0a30b,1759834369339061231,826.249,721.021,1,3,,0.7947217949306418,-7.0317278844845275
d01ea4c3-1912-46a0-9798-db3d3f9d2881,74b23a8e-ccad-453a-a0bd-2af02cb0a30b,1759834369344061231,829.427,722.521,1,3,,1.0012217373636223,-7.128367485380018
d01ea4c3-1912-46a0-9798-db3d3f9d2881,74b23a8e-ccad-453a-a0bd-2af02cb0a30b,1759834369349186231,831.971,719.182,1,3,,1.1661869005824408,-6.912556691767203
d01ea4c3-1912-46a0-9798-db3d3f9d2881,74b23a8e-ccad-453a-a0bd-2af02cb0a30b,1759834369354193231,830.85,719.438,1,3,,1.0934156420370862,-6.929179550680028
d01ea4c3-1912-46a0-9798-db3d3f9d2881,74b23a8e-ccad-453a-a0bd-2af02cb0a30b,1759834369359186231,830.897,720.622,1,3,,1.0965913735674717,-7.005632712147225
d01ea4c3-1912-46a0-9798-db3d3f9d2881,74b23a8e-ccad-453a-a0bd-2af02cb0a30b,1759834369364186231,823.121,722.867,1,3,,0.5916093195587279,-7.151084872252413
d01ea4c3-1912-46a0-9798-db3d3f9d2881,74b23a8e-ccad-453a-a0bd-2af02cb0a30b,1759834369369186231,829.231,722.566,1,3,,0.9885344316620511,-7.131297687235125
d01ea4c3-1912-46a0-9798-db3d3f9d2881,74b23a8e-ccad-453a-a0bd-2af02cb0a30b,1759834369374189231,830.117,725.635,1,3,,1.0462903270525044,-7.329505013785864
d01ea4c3-1912-46a0-9798-db3d3f9d2881,74b23a8e-ccad-453a-a0bd-2af02cb0a30b,1759834369379186231,831.136,725.321,1,3,,1.1124885990091657,-7.309103139484962
d01ea4c3-1912-46a0-9798-db3d3f9d2881,74b23a8e-ccad-453a-a0bd-2af02cb0a30b,1759834369384189231,831.232,719.058,1,3,,1.1182235706475798,-6.904590644201794
d01ea4c3-1912-46a0-9798-db3d3f9d2881,74b23a8e-ccad-453a-a0bd-2af02cb0a30b,1759834369389186231,831.416,717.445,1,3,,1.1300399439031183,-6.800381923464143
d01ea4c3-1912-46a0-9798-db3d3f9d2881,74b23a8e-ccad-453a-a0bd-2af02cb0a30b,1759834369394186231,830.147,715.676,1,3,,1.04748051696729,-6.686200047356478
d01ea4c3-1912-46a0-9798-db3d3f9d2881,74b23a8e-ccad-453a-a0bd-2af02cb0a30b,1759834369399186231,832.909,718.965,1,3,,1.227100011719144,-6.898463658313836
d01ea4c3-1912-46a0-9798-db3d3f9d2881,74b23a8e-ccad-453a-a0bd-2af02cb0a30b,1759834369404186231,832.456,717.825,1,3,,1.1975720279242972,-6.824858186001974
d01ea4c3-1912-46a0-9798-db3d3f9d2881,74b23a8e-ccad-453a-a0bd-2af02cb0a30b,1759834369409186231,831.195,718.662,1,3,,1.115765530274688,-6.879013901831848
d01ea4c3-1912-46a0-9798-db3d3f9d2881,74b23a8e-ccad-453a-a0bd-2af02cb0a30b,1759834369414186231,829.603,716.724,1,3,,1.012239165591622,-6.753937960310887
d01ea4c3-1912-46a0-9798-db3d3f9d2881,74b23a8e-ccad-453a-a0bd-2af02cb0a30b,1759834369419189231,829.774,715.818,1,3,,1.0232768963009724,-6.6953557120351475
d01ea4c3-1912-46a0-9798-db3d3f9d2881,74b23a8e-ccad-453a-a0bd-2af02cb0a30b,1759834369424186231,831.605,714.624,1,3,,1.1420307483841265,-6.618158073763108
d01ea4c3-1912-46a0-9798-db3d3f9d2881,74b23a8e-ccad-453a-a0bd-2af02cb0a30b,1759834369429186231,831.189,714.58,1,3,,1.11505428628224,-6.615295786383409
d01ea4c3-1912-46a0-9798-db3d3f9d2881,74b23a8e-ccad-453a-a0bd-2af02cb0a30b,1759834369434195231,830.97,715.22,1,3,,1.1008884365498777,-6.656660597259015
d01ea4c3-1912-46a0-9798-db3d3f9d2881,74b23a8e-ccad-453a-a0bd-2af02cb0a30b,1759834369439186231,834.834,710.537,1,3,,1.3512413090754405,-6.353885000169936
d01ea4c3-1912-46a0-9798-db3d3f9d2881,74b23a8e-ccad-453a-a0bd-2af02cb0a30b,1759834369444187231,830.825,710.805,1,3,,1.0911535373144987,-6.371488636633594
d01ea4c3-1912-46a0-9798-db3d3f9d2881,74b23a8e-ccad-453a-a0bd-2af02cb0a30b,1759834369449187231,830.789,721.04,1,3,,1.0895616126811543,-7.032653555887286
d01ea4c3-1912-46a0-9798-db3d3f9d2881,74b23a8e-ccad-453a-a0bd-2af02cb0a30b,1759834369454187231,843.697,717.945,1,3,,1.9274021762127052,-6.8315881620528
d01ea4c3-1912-46a0-9798-db3d3f9d2881,74b23a8e-ccad-453a-a0bd-2af02cb0a30b,1759834369459187231,838.129,717.208,1,3,,1.5658520352518068,-6.784550273886444
d01ea4c3-1912-46a0-9798-db3d3f9d2881,74b23a8e-ccad-453a-a0bd-2af02cb0a30b,1759834369464187231,836.197,716.168,1,3,,1.4403107476679669,-6.717525984202506
d01ea4c3-1912-46a0-9798-db3d3f9d2881,74b23a8e-ccad-453a-a0bd-2af02cb0a30b,1759834369469187231,833.562,717.737,1,3,,1.269395405234825,-6.81905393515187
d01ea4c3-1912-46a0-9798-db3d3f9d2881,74b23a8e-ccad-453a-a0bd-2af02cb0a30b,1759834369474187231,833.31,714.198,1,3,,1.2526607995715315,-6.590510447398758
d01ea4c3-1912-46a0-9798-db3d3f9d2881,74b23a8e-ccad-453a-a0bd-2af02cb0a30b,1759834369479187231,833.162,713.397,1,3,,1.2429951183893642,-6.538761641993321
d01ea4c3-1912-46a0-9798-db3d3f9d2881,74b23a8e-ccad-453a-a0bd-2af02cb0a30b,1759834369484312231,833.551,718.611,1,3,,1.268728401742127,-6.875527931023088
d01ea4c3-1912-46a0-9798-db3d3f9d2881,74b23a8e-ccad-453a-a0bd-2af02cb0a30b,1759834369489315231,833.142,720.019,1,3,,1.242285966162631,-6.966508001146662
d01ea4c3-1912-46a0-9798-db3d3f9d2881,74b23a8e-ccad-453a-a0bd-2af02cb0a30b,1759834369494312231,831.667,717.216,1,3,,1.1463042085682151,-6.785590887916649
d01ea4c3-1912-46a0-9798-db3d3f9d2881,74b23a8e-ccad-453a-a0bd-2af02cb0a30b,1759834369499312231,831.259,713.106,1,3,,1.1194635240903326,-6.520093623974691
d01ea4c3-1912-46a0-9798-db3d3f9d2881,74b23a8e-ccad-453a-a0bd-2af02cb0a30b,1759834369504312231,829.72,717.597,1,3,,1.0199228458577516,-6.810324486982073
d01ea4c3-1912-46a0-9798-db3d3f9d2881,74b23a8e-ccad-453a-a0bd-2af02cb0a30b,1759834369509315231,829.21,715.184,1,3,,0.9866365232202857,-6.654450789429085
d01ea4c3-1912-46a0-9798-db3d3f9d2881,74b23a8e-ccad-453a-a0bd-2af02cb0a30b,1759834369514321231,829.557,715.406,1,3,,1.0091574682518076,-6.668793411658903
d01ea4c3-1912-46a0-9798-db3d3f9d2881,74b23a8e-ccad-453a-a0bd-2af02cb0a30b,1759834369519312231,830.916,715.556,1,3,,1.0973725034905444,-6.678413311995483
d01ea4c3-1912-46a0-9798-db3d3f9d2881,74b23a8e-ccad-453a-a0bd-2af02cb0a30b,1759834369524312231,831.614,713.649,1,3,,1.1425823869988623,-6.555139762460254
d01ea4c3-1912-46a0-9798-db3d3f9d2881,74b23a8e-ccad-453a-a0bd-2af02cb0a30b,1759834369529312231,829.597,721.316,1,3,,1.0122236957736506,-7.05058135583252
d01ea4c3-1912-46a0-9798-db3d3f9d2881,74b23a8e-ccad-453a-a0bd-2af02cb0a30b,1759834369534312231,830.22,719.027,1,3,,1.052460613390204,-6.902649134814051
d01ea4c3-1912-46a0-9798-db3d3f9d2881,74b23a8e-ccad-453a-a0bd-2af02cb0a30b,1759834369539316231,829.586,718.722,1,3,,1.011306068582809,-6.882985307807378
d01ea4c3-1912-46a0-9798-db3d3f9d2881,74b23a8e-ccad-453a-a0bd-2af02cb0a30b,1759834369544312231,830.477,715.669,1,3,,1.068896205235566,-6.6857248565744465
d01ea4c3-1912-46a0-9798-db3d3f9d2881,74b23a8e-ccad-453a-a0bd-2af02cb0a30b,1759834369549312231,831.04,715.767,1,3,,1.1054482448959528,-6.692020108395328
d01ea4c3-1912-46a0-9798-db3d3f9d2881,74b23a8e-ccad-453a-a0bd-2af02cb0a30b,1759834369554313231,825.024,723.089,1,3,,0.7152804930892613,-7.1653302778789625
d01ea4c3-1912-46a0-9798-db3d3f9d2881,74b23a8e-ccad-453a-a0bd-2af02cb0a30b,1759834369559324231,825.324,722.381,1,,,0.7346952383771361,-7.1196028507668965
d01ea4c3-1912-46a0-9798-db3d3f9d2881,74b23a8e-ccad-453a-a0bd-2af02cb0a30b,1759834369564313231,826.893,725.007,1,,,0.8368156120377633,-7.289117381630023
d01ea4c3-1912-46a0-9798-db3d3f9d2881,74b23a8e-ccad-453a-a0bd-2af02cb0a30b,1759834369569313231,815.392,721.138,1,,,0.0895413392348569,-7.039635234779681
d01ea4c3-1912-46a0-9798-db3d3f9d2881,74b23a8e-ccad-453a-a0bd-2af02cb0a30b,1759834369574313231,810.44,726.831,1,,,-0.23228508339367357,-7.4073898344772
d01ea4c3-1912-46a0-9798-db3d3f9d2881,74b23a8e-ccad-453a-a0bd-2af02cb0a30b,1759834369579313231,781.271,723.096,1,,,-2.127216167248429,-7.1644858317216
d01ea4c3-1912-46a0-9798-db3d3f9d2881,74b23a8e-ccad-453a-a0bd-2af02cb0a30b,1759834369584313231,756.527,726.227,1,,,-3.735646029642191,-7.362781425490653
d01ea4c3-1912-46a0-9798-db3d3f9d2881,74b23a8e-ccad-453a-a0bd-2af02cb0a30b,1759834369589313231,758.417,728.17,1,,,-3.6135069509776567,-7.488598405875031
d01ea4c3-1912-46a0-9798-db3d3f9d2881,74b23a8e-ccad-453a-a0bd-2af02cb0a30b,1759834369594313231,760.32,723.983,1,,,-3.488494791661725,-7.2186975956686155
d01ea4c3-1912-46a0-9798-db3d3f9d2881,74b23a8e-ccad-453a-a0bd-2af02cb0a30b,1759834369599313231,750.344,720.66,1,4,,-4.135320536513739,-7.002172824928901
d01ea4c3-1912-46a0-9798-db3d3f9d2881,74b23a8e-ccad-453a-a0bd-2af02cb0a30b,1759834369604313231,750.638,727.883,1,4,,-4.118846090182149,-7.468352881723054
d01ea4c3-1912-46a0-9798-db3d3f9d2881,74b23a8e-ccad-453a-a0bd-2af02cb0a30b,1759834369609313231,752.5,726.774,1,4,,-3.997443986822568,-7.397225290638735
d01ea4c3-1912-46a0-9798-db3d3f9d2881,74b23a8e-ccad-453a-a0bd-2af02cb0a30b,1759834369614313231,753.178,721.869,1,4,,-3.9516968107965766,-7.080791094145452
d01ea4c3-1912-46a0-9798-db3d3f9d2881,74b23a8e-ccad-453a-a0bd-2af02cb0a30b,1759834369619438231,753.924,721.028,1,4,,-3.9029829825251423,-7.026663152910961
d01ea4c3-1912-46a0-9798-db3d3f9d2881,74b23a8e-ccad-453a-a0bd-2af02cb0a30b,1759834369624438231,758.025,725.745,1,4,,-3.6381652383672165,-7.331949283025855
d01ea4c3-1912-46a0-9798-db3d3f9d2881,74b23a8e-ccad-453a-a0bd-2af02cb0a30b,1759834369629438231,756.9,725.673,1,4,,-3.7112371368269703,-7.327103528358156
d01ea4c3-1912-46a0-9798-db3d3f9d2881,74b23a8e-ccad-453a-a0bd-2af02cb0a30b,1759834369634438231,747.887,727.238,1,4,,-4.297370862122406,-7.426093951828244
d01ea4c3-1912-46a0-9798-db3d3f9d2881,74b23a8e-ccad-453a-a0bd-2af02cb0a30b,1759834369639442231,751.999,727.348,1,4,,-4.030230106865922,-7.43419001607685
d01ea4c3-1912-46a0-9798-db3d3f9d2881,74b23a8e-ccad-453a-a0bd-2af02cb0a30b,1759834369644441231,756.085,726.062,1,4,,-3.7643044789159688,-7.352023770346575
d01ea4c3-1912-46a0-9798-db3d3f9d2881,74b23a8e-ccad-453a-a0bd-2af02cb0a30b,1759834369649439231,752.146,725.0,1,4,,-4.019846272692775,-7.282645427989502
d01ea4c3-1912-46a0-9798-db3d3f9d2881,74b23a8e-ccad-453a-a0bd-2af02cb0a30b,1759834369654439231,754.344,724.898,1,4,,-3.8769811481556027,-7.276560938022523
d01ea4c3-1912-46a0-9798-db3d3f9d2881,74b23a8e-ccad-453a-a0bd-2af02cb0a30b,1759834369659448231,758.099,718.508,1,4,,-3.631055949337001,-6.864844685960049
d01ea4c3-1912-46a0-9798-db3d3f9d2881,74b23a8e-ccad-453a-a0bd-2af02cb0a30b,1759834369664439231,756.289,720.525,1,4,,-3.7492031529885854,-6.994719481003127
d01ea4c3-1912-46a0-9798-db3d3f9d2881,74b23a8e-ccad-453a-a0bd-2af02cb0a30b,1759834369669439231,754.675,722.886,1,4,,-3.854807873003002,-7.1467937110096695
d01ea4c3-1912-46a0-9798-db3d3f9d2881,74b23a8e-ccad-453a-a0bd-2af02cb0a30b,1759834369674444231,754.436,727.314,1,4,,-3.871903566753172,-7.432527667333793
d01ea4c3-1912-46a0-9798-db3d3f9d2881,74b23a8e-ccad-453a-a0bd-2af02cb0a30b,1759834369679439231,753.849,726.941,1,4,,-3.9099059676470374,-7.408279878533602
d01ea4c3-1912-46a0-9798-db3d3f9d2881,74b23a8e-ccad-453a-a0bd-2af02cb0a30b,1759834369684439231,767.792,728.088,1,4,,-3.0042203070828455,-7.484975758878803
d01ea4c3-1912-46a0-9798-db3d3f9d2881,74b23a8e-ccad-453a-a0bd-2af02cb0a30b,1759834369689439231,761.611,724.914,1,4,,-3.404927709601223,-7.279000812670328
d01ea4c3-1912-46a0-9798-db3d3f9d2881,74b23a8e-ccad-453a-a0bd-2af02cb0a30b,1759834369694439231,760.508,722.145,1,4,,-3.4757082099812893,-7.100047367738937
d01ea4c3-1912-46a0-9798-db3d3f9d2881,74b23a8e-ccad-453a-a0bd-2af02cb0a30b,1759834369699447231,756.842,719.969,1,4,,-3.7131101159124458,-6.958906401033761
d01ea4c3-1912-46a0-9798-db3d3f9d2881,74b23a8e-ccad-453a-a0bd-2af02cb0a30b,1759834369704439231,753.504,720.147,1,4,,-3.929918797287635,-6.9697301146740465
d01ea4c3-1912-46a0-9798-db3d3f9d2881,74b23a8e-ccad-453a-a0bd-2af02cb0a30b,1759834369709439231,752.857,720.317,1,4,,-3.972009264899697,-6.980612166830437
d01ea4c3-1912-46a0-9798-db3d3f9d2881,74b23a8e-ccad-453a-a0bd-2af02cb0a30b,1759834369714439231,752.922,723.295,1,4,,-3.9688233884677553,-7.172821717599911
d01ea4c3-1912-46a0-9798-db3d3f9d2881,74b23a8e-ccad-453a-a0bd-2af02cb0a30b,1759834369719439231,753.59,727.481,1,4,,-3.9269114741801414,-7.443094985893471
d01ea4c3-1912-46a0-9798-db3d3f9d2881,74b23a8e-ccad-453a-a0bd-2af02cb0a30b,1759834369724439231,754.362,726.672,1,4,,-3.8764542281567715,-7.391058201276832
d01ea4c3-1912-46a0-9798-db3d3f9d2881,74b23a8e-ccad-453a-a0bd-2af02cb0a30b,1759834369729439231,756.707,723.321,1,4,,-3.7229509897507764,-7.1752604876633015
d01ea4c3-1912-46a0-9798-db3d3f9d2881,74b23a8e-ccad-453a-a0bd-2af02cb0a30b,1759834369734439231,756.126,723.168,1,4,,-3.7606312085687756,-7.165236677510948
d01ea4c3-1912-46a0-9798-db3d3f9d2881,74b23a8e-ccad-453a-a0bd-2af02cb0a30b,1759834369739439231,745.951,718.883,1,4,,-4.419918182423359,-6.886553963785458
d01ea4c3-1912-46a0-9798-db3d3f9d2881,74b23a8e-ccad-453a-a0bd-2af02cb0a30b,1759834369744439231,752.04,721.078,1,4,,-4.025288632717957,-7.02955404244968
d01ea4c3-1912-46a0-9798-db3d3f9d2881,74b23a8e-ccad-453a-a0bd-2af02cb0a30b,1759834369749440231,749.683,720.159,1,4,,-4.178060950071397,-6.969709137214822
d01ea4c3-1912-46a0-9798-db3d3f9d2881,74b23a8e-ccad-453a-a0bd-2af02cb0a30b,1759834369754449231,751.437,719.41,1,4,,-4.0639025711252055,-6.92174474840289
d01ea4c3-1912-46a0-9798-db3d3f9d2881,74b23a8e-ccad-453a-a0bd-2af02cb0a30b,1759834369759565231,750.718,722.647,1,4,,-4.111755493713908,-7.130487150084924
d01ea4c3-1912-46a0-9798-db3d3f9d2881,74b23a8e-ccad-453a-a0bd-2af02cb0a30b,1759834369764564231,750.421,720.328,1,4,,-4.130220678516523,-6.980764051812003
d01ea4c3-1912-46a0-9798-db3d3f9d2881,74b23a8e-ccad-453a-a0bd-2af02cb0a30b,1759834369769565231,751.028,723.722,1,4,,-4.0920178642758875,-7.19992746424637
d01ea4c3-1912-46a0-9798-db3d3f9d2881,74b23a8e-ccad-453a-a0bd-2af02cb0a30b,1759834369774565231,753.903,722.611,1,4,,-3.904858526631814,-7.128860520711772
d01ea4c3-1912-46a0-9798-db3d3f9d2881,74b23a8e-ccad-453a-a0bd-2af02cb0a30b,1759834369779565231,754.363,729.782,1,4,,-3.877475772460085,-7.59176202507541
d01ea4c3-1912-46a0-9798-db3d3f9d2881,74b23a8e-ccad-453a-a0bd-2af02cb0a30b,1759834369784569231,755.279,731.892,1,4,,-3.8187414846911403,-7.728136049480982
d01ea4c3-1912-46a0-9798-db3d3f9d2881,74b23a8e-ccad-453a-a0bd-2af02cb0a30b,1759834369789565231,763.434,729.59,1,4,,-3.2878528290714018,-7.581157853787419
d01ea4c3-1912-46a0-9798-db3d3f9d2881,74b23a8e-ccad-453a-a0bd-2af02cb0a30b,1759834369794575231,758.763,728.85,1,4,,-3.591252328108776,-7.532507351397978
d01ea4c3-1912-46a0-9798-db3d3f9d2881,74b23a8e-ccad-453a-a0bd-2af02cb0a30b,1759834369799565231,757.388,724.161,1,,,-3.6789812046870813,-7.229631871830533
d01ea4c3-1912-46a0-9798-db3d3f9d2881,74b23a8e-ccad-453a-a0bd-2af02cb0a30b,1759834369804565231,755.552,729.214,1,,,-3.800027771291187,-7.555388500011066
d01ea4c3-1912-46a0-9798-db3d3f9d2881,74b23a8e-ccad-453a-a0bd-2af02cb0a30b,1759834369809568231,764.246,728.867,1,,,-3.2348789278546968,-7.534655063105715
d01ea4c3-1912-46a0-9798-db3d3f9d2881,74b23a8e-ccad-453a-a0bd-2af02cb0a30b,1759834369814565231,779.921,739.007,1,,,-2.218340573416227,-8.191638874178876
d01ea4c3-1912-46a0-9798-db3d3f9d2881,74b23a8e-ccad-453a-a0bd-2af02cb0a30b,1759834369819567231,788.629,715.36,1,,,-1.648012805920192,-6.665489169876344
d01ea4c3-1912-46a0-9798-db3d3f9d2881,74b23a8e-ccad-453a-a0bd-2af02cb0a30b,1759834369824565231,805.6,716.741,1,,,-0.546257282424134,-6.755544549049295
d01ea4c3-1912-46a0-9798-db3d3f9d2881,74b23a8e-ccad-453a-a0bd-2af02cb0a30b,1759834369829565231,803.563,717.882,1,5,,-0.6786181024047282,-6.829213616234365
d01ea4c3-1912-46a0-9798-db3d3f9d2881,74b23a8e-ccad-453a-a0bd-2af02cb0a30b,1759834369834565231,801.0,719.037,1,5,,-0.8451275486813854,-6.903734004529756
d01ea4c3-1912-46a0-9798-db3d3f9d2881,74b23a8e-ccad-453a-a0bd-2af02cb0a30b,1759834369839565231,796.289,722.697,1,5,,-1.1514516741117244,-7.139941534469998
d01ea4c3-1912-46a0-9798-db3d3f9d2881,74b23a8e-ccad-453a-a0bd-2af02cb0a30b,1759834369844580231,796.458,731.041,1,5,,-1.1414213960267288,-7.678860718438947
d01ea4c3-1912-46a0-9798-db3d3f9d2881,74b23a8e-ccad-453a-a0bd-2af02cb0a30b,1759834369849566231,797.535,724.788,1,5,,-1.0707134690730562,-7.275077069902769
d01ea4c3-1912-46a0-9798-db3d3f9d2881,74b23a8e-ccad-453a-a0bd-2af02cb0a30b,1759834369854566231,795.689,727.672,1,5,,-1.1910188549268337,-7.461272259000568
d01ea4c3-1912-46a0-9798-db3d3f9d2881,74b23a8e-ccad-453a-a0bd-2af02cb0a30b,1759834369859566231,790.004,722.378,1,5,,-1.5597144493366981,-7.118915802707894
d01ea4c3-1912-46a0-9798-db3d3f9d2881,74b23a8e-ccad-453a-a0bd-2af02cb0a30b,1759834369864566231,790.271,724.247,1,5,,-1.5426303735505986,-7.239666738496717
d01ea4c3-1912-46a0-9798-db3d3f9d2881,74b23a8e-ccad-453a-a0bd-2af02cb0a30b,1759834369869566231,791.052,724.162,1,5,,-1.4919014403742519,-7.234277680090131
d01ea4c3-1912-46a0-9798-db3d3f9d2881,74b23a8e-ccad-453a-a0bd-2af02cb0a30b,1759834369874566231,791.344,725.126,1,5,,-1.4730870525554758,-7.296535445991975
d01ea4c3-1912-46a0-9798-db3d3f9d2881,74b23a8e-ccad-453a-a0bd-2af02cb0a30b,1759834369879568231,792.068,725.01,1,5,,-1.4259672568887272,-7.289094262582686
d01ea4c3-1912-46a0-9798-db3d3f9d2881,74b23a8e-ccad-453a-a0bd-2af02cb0a30b,1759834369884566231,798.275,719.432,1,5,,-1.022139285282445,-6.92917228433095
d01ea4c3-1912-46a0-9798-db3d3f9d2881,74b23a8e-ccad-453a-a0bd-2af02cb0a30b,1759834369889566231,802.213,722.683,1,5,,-0.7665917615047337,-7.139284562502196
d01ea4c3-1912-46a0-9798-db3d3f9d2881,74b23a8e-ccad-453a-a0bd-2af02cb0a30b,1759834369894691231,798.593,720.457,1,5,,-1.0015700773044636,-6.995369167418234
d01ea4c3-1912-46a0-9798-db3d3f9d2881,74b23a8e-ccad-453a-a0bd-2af02cb0a30b,1759834369899691231,801.389,723.108,1,5,,-0.8201872587316619,-7.166754746764585
d01ea4c3-1912-46a0-9798-db3d3f9d2881,74b23a8e-ccad-453a-a0bd-2af02cb0a30b,1759834369904579231,791.21,726.094,1,5,,-1.481912509044787,-7.359044643450497
d01ea4c3-1912-46a0-9798-db3d3f9d2881,74b23a8e-ccad-453a-a0bd-2af02cb0a30b,1759834369909691231,791.938,727.12,1,5,,-1.434719596666596,-7.425379623540652
d01ea4c3-1912-46a0-9798-db3d3f9d2881,74b23a8e-ccad-453a-a0bd-2af02cb0a30b,1759834369914691231,791.521,727.521,1,5,,-1.4619041940941715,-7.4512343169374535
d01ea4c3-1912-46a0-9798-db3d3f9d2881,74b23a8e-ccad-453a-a0bd-2af02cb0a30b,1759834369919691231,792.078,727.424,1,5,,-1.4256815264590579,-7.444963972578535
d01ea4c3-1912-46a0-9798-db3d3f9d2881,74b23a8e-ccad-453a-a0bd-2af02cb0a30b,1759834369924691231,791.984,726.668,1,5,,-1.4316743847096183,-7.396194066333075
d01ea4c3-1912-46a0-9798-db3d3f9d2881,74b23a8e-ccad-453a-a0bd-2af02cb0a30b,1759834369929691231,797.605,721.889,1,5,,-1.065873188373225,-7.087819629957511
d01ea4c3-1912-46a0-9798-db3d3f9d2881,74b23a8e-ccad-453a-a0bd-2af02cb0a30b,1759834369934691231,798.886,727.77,1,5,,-0.9832427088681577,-7.467759523772167
d01ea4c3-1912-46a0-9798-db3d3f9d2881,74b23a8e-ccad-453a-a0bd-2af02cb0a30b,1759834369939702231,798.737,729.271,1,5,,-0.9931081164266482,-7.5646784823047435
d01ea4c3-1912-46a0-9798-db3d3f9d2881,74b23a8e-ccad-453a-a0bd-2af02cb0a30b,1759834369944691231,796.872,726.959,1,5,,-1.1140383600014956,-7.41528550805985
d01ea4c3-1912-46a0-9798-db3d3f9d2881,74b23a8e-ccad-453a-a0bd-2af02cb0a30b,1759834369949691231,796.628,726.295,1,5,,-1.1298036472472954,-7.372399384014722
d01ea4c3-1912-46a0-9798-db3d3f9d2881,74b23a8e-ccad-453a-a0bd-2af02cb0a30b,1759834369954692231,794.811,725.593,1,5,,-1.247830847979394,-7.326921240909184
d01ea4c3-1912-46a0-9798-db3d3f9d2881,74b23a8e-ccad-453a-a0bd-2af02cb0a30b,1759834369959691231,792.048,728.181,1,5,,-1.4277459512150044,-7.493855042007398
d01ea4c3-1912-46a0-9798-db3d3f9d2881,74b23a8e-ccad-453a-a0bd-2af02cb0a30b,1759834369964691231,793.632,732.337,1,5,,-1.3253258141512696,-7.762345848863034
d01ea4c3-1912-46a0-9798-db3d3f9d2881,74b23a8e-ccad-453a-a0bd-2af02cb0a30b,1759834369969692231,792.018,727.933,1,5,,-1.4296196726442452,-7.477849705970979
d01ea4c3-1912-46a0-9798-db3d3f9d2881,74b23a8e-ccad-453a-a0bd-2af02cb0a30b,1759834369974692231,786.545,747.943,1,5,,-1.7891047921690855,-8.76925055612412
d01ea4c3-1912-46a0-9798-db3d3f9d2881,74b23a8e-ccad-453a-a0bd-2af02cb0a30b,1759834369979692231,793.249,729.513,1,5,,-1.3498746434932611,-7.579974082793767
d01ea4c3-1912-46a0-9798-db3d3f9d2881,74b23a8e-ccad-453a-a0bd-2af02cb0a30b,1759834369984692231,790.297,725.86,1,5,,-1.5412025112319534,-7.3438576151277974
d01ea4c3-1912-46a0-9798-db3d3f9d2881,74b23a8e-ccad-453a-a0bd-2af02cb0a30b,1759834369989692231,791.374,728.788,1,5,,-1.4716531265630561,-7.5330590955847
d01ea4c3-1912-46a0-9798-db3d3f9d2881,74b23a8e-ccad-453a-a0bd-2af02cb0a30b,1759834369994692231,793.805,725.799,1,5,,-1.3131952150490902,-7.340154760579399
d01ea4c3-1912-46a0-9798-db3d3f9d2881,74b23a8e-ccad-453a-a0bd-2af02cb0a30b,1759834369999692231,793.767,726.235,1,5,,-1.3157332150396606,-7.368317246663337
d01ea4c3-1912-46a0-9798-db3d3f9d2881,74b23a8e-ccad-453a-a0bd-2af02cb0a30b,1759834370004695231,789.511,728.204,1,5,,-1.5926204371621078,-7.495178911687841
d01ea4c3-1912-46a0-9798-db3d3f9d2881,74b23a8e-ccad-453a-a0bd-2af02cb0a30b,1759834370009692231,793.027,735.826,1,5,,-1.3651796526457618,-7.98758974384357
d01ea4c3-1912-46a0-9798-db3d3f9d2881,74b23a8e-ccad-453a-a0bd-2af02cb0a30b,1759834370014692231,794.94,734.724,1,5,,-1.2405648196974917,-7.916592016917588
d01ea4c3-1912-46a0-9798-db3d3f9d2881,74b23a8e-ccad-453a-a0bd-2af02cb0a30b,1759834370019692231,795.685,730.994,1,5,,-1.191687604083075,-7.675764944287257
d01ea4c3-1912-46a0-9798-db3d3f9d2881,74b23a8e-ccad-453a-a0bd-2af02cb0a30b,1759834370024692231,794.95,730.592,1,5,,-1.2394131917200386,-7.649788135462708
d01ea4c3-1912-46a0-9798-db3d3f9d2881,74b23a8e-ccad-453a-a0bd-2af02cb0a30b,1759834370029817231,795.97,731.696,1,5,,-1.1732325050430739,-7.72110494417677
d01ea4c3-1912-46a0-9798-db3d3f9d2881,74b23a8e-ccad-453a-a0bd-2af02cb0a30b,1759834370034817231,795.222,730.811,1,5,,-1.2217352144482412,-7.663931337303972
d01ea4c3-1912-46a0-9798-db3d3f9d2881,74b23a8e-ccad-453a-a0bd-2af02cb0a30b,1759834370039817231,796.618,732.451,1,5,,-1.1311685132697784,-7.769936455271787
d01ea4c3-1912-46a0-9798-db3d3f9d2881,74b23a8e-ccad-453a-a0bd-2af02cb0a30b,1759834370044817231,796.624,733.605,1,5,,-1.130926669430787,-7.844423338105142
d01ea4c3-1912-46a0-9798-db3d3f9d2881,74b23a8e-ccad-453a-a0bd-2af02cb0a30b,1759834370049817231,797.246,733.159,1,5,,-1.090447188976697,-7.815683997324281
d01ea4c3-1912-46a0-9798-db3d3f9d2881,74b23a8e-ccad-453a-a0bd-2af02cb0a30b,1759834370054817231,794.585,734.896,1,5,,-1.2636698096169134,-7.927646503158377
d01ea4c3-1912-46a0-9798-db3d3f9d2881,74b23a8e-ccad-453a-a0bd-2af02cb0a30b,1759834370059817231,793.306,729.071,1,5,,-1.3460944126834893,-7.551429072482707
d01ea4c3-1912-46a0-9798-db3d3f9d2881,74b23a8e-ccad-453a-a0bd-2af02cb0a30b,1759834370064817231,793.961,730.289,1,5,,-1.3036424159930615,-7.63014259898577
d01ea4c3-1912-46a0-9798-db3d3f9d2881,74b23a8e-ccad-453a-a0bd-2af02cb0a30b,1759834370069817231,793.585,732.513,1,5,,-1.3284331637777205,-7.773708885519341
d01ea4c3-1912-46a0-9798-db3d3f9d2881,74b23a8e-ccad-453a-a0bd-2af02cb0a30b,1759834370074827231,795.088,733.551,1,5,,-1.2307890707408566,-7.840853767074967
d01ea4c3-1912-46a0-9798-db3d3f9d2881,74b23a8e-ccad-453a-a0bd-2af02cb0a30b,1759834370079818231,790.345,727.592,1,5,,-1.5383157472175046,-7.455728021921717
d01ea4c3-1912-46a0-9798-db3d3f9d2881,74b23a8e-ccad-453a-a0bd-2af02cb0a30b,1759834370084818231,793.333,730.085,1,5,,-1.3444400713667284,-7.616946865495575
d01ea4c3-1912-46a0-9798-db3d3f9d2881,74b23a8e-ccad-453a-a0bd-2af02cb0a30b,1759834370089818231,792.302,728.844,1,5,,-1.4113026565661873,-7.536726745077931
d01ea4c3-1912-46a0-9798-db3d3f9d2881,74b23a8e-ccad-453a-a0bd-2af02cb0a30b,1759834370094823231,792.41,729.068,1,5,,-1.4043034853464424,-7.551215993261511
d01ea4c3-1912-46a0-9798-db3d3f9d2881,74b23a8e-ccad-453a-a0bd-2af02cb0a30b,1759834370099822231,792.283,728.851,1,5,,-1.4125652610638633,-7.537194120957068
d01ea4c3-1912-46a0-9798-db3d3f9d2881,74b23a8e-ccad-453a-a0bd-2af02cb0a30b,1759834370104818231,792.595,733.34,1,5,,-1.3928620545554273,-7.82705677330851
d01ea4c3-1912-46a0-9798-db3d3f9d2881,74b23a8e-ccad-453a-a0bd-2af02cb0a30b,1759834370109818231,792.39,733.431,1,5,,-1.4062464653767939,-7.832909891885111
d01ea4c3-1912-46a0-9798-db3d3f9d2881,74b23a8e-ccad-453a-a0bd-2af02cb0a30b,1759834370114818231,790.552,732.968,1,5,,-1.5256887158170536,-7.802896103034933
d01ea4c3-1912-46a0-9798-db3d3f9d2881,74b23a8e-ccad-453a-a0bd-2af02cb0a30b,1759834370119818231,788.418,728.789,1,5,,-1.6637364214100863,-7.532833848113107
d01ea4c3-1912-46a0-9798-db3d3f9d2881,74b23a8e-ccad-453a-a0bd-2af02cb0a30b,1759834370124818231,789.525,730.253,1,5,,-1.592005981510045,-7.627494113911042
d01ea4c3-1912-46a0-9798-db3d3f9d2881,74b23a8e-ccad-453a-a0bd-2af02cb0a30b,1759834370129818231,791.306,731.862,1,5,,-1.4764739688193547,-7.731547221211522
d01ea4c3-1912-46a0-9798-db3d3f9d2881,74b23a8e-ccad-453a-a0bd-2af02cb0a30b,1759834370134818231,788.75,731.657,1,5,,-1.6426561674709803,-7.718076521710472
d01ea4c3-1912-46a0-9798-db3d3f9d2881,74b23a8e-ccad-453a-a0bd-2af02cb0a30b,1759834370139818231,790.061,735.243,1,5,,-1.5580023003642485,-7.9497541086263706
d01ea4c3-1912-46a0-9798-db3d3f9d2881,74b23a8e-ccad-453a-a0bd-2af02cb0a30b,1759834370144818231,792.553,735.647,1,5,,-1.3959599509131198,-7.976034966413237
d01ea4c3-1912-46a0-9798-db3d3f9d2881,74b23a8e-ccad-453a-a0bd-2af02cb0a30b,1759834370149825231,792.818,736.521,1,5,,-1.3788131072701395,-8.032444004423482
d01ea4c3-1912-46a0-9798-db3d3f9d2881,74b23a8e-ccad-453a-a0bd-2af02cb0a30b,1759834370154818231,795.72,730.877,1,5,,-1.1893839437554365,-7.668242661766907
d01ea4c3-1912-46a0-9798-db3d3f9d2881,74b23a8e-ccad-453a-a0bd-2af02cb0a30b,1759834370159818231,796.219,727.952,1,5,,-1.1566141626948496,-7.4793405849056
d01ea4c3-1912-46a0-9798-db3d3f9d2881,74b23a8e-ccad-453a-a0bd-2af02cb0a30b,1759834370164943231,794.95,734.729,1,5,,-1.2399501773244015,-7.91691203695692
d01ea4c3-1912-46a0-9798-db3d3f9d2881,74b23a8e-ccad-453a-a0bd-2af02cb0a30b,1759834370169957231,793.223,736.447,1,5,,-1.3524965110743645,-8.027748881256613
d01ea4c3-1912-46a0-9798-db3d3f9d2881,74b23a8e-ccad-453a-a0bd-2af02cb0a30b,1759834370174946231,787.094,734.781,1,5,,-1.7508680218051986,-7.919616758445539
d01ea4c3-1912-46a0-9798-db3d3f9d2881,74b23a8e-ccad-453a-a0bd-2af02cb0a30b,1759834370179943231,789.713,733.996,1,5,,-1.5804040901704914,-7.869168994098548
d01ea4c3-1912-46a0-9798-db3d3f9d2881,74b23a8e-ccad-453a-a0bd-2af02cb0a30b,1759834370184943231,791.121,732.149,1,5,,-1.4885846401589635,-7.750052092644332
d01ea4c3-1912-46a0-9798-db3d3f9d2881,74b23a8e-ccad-453a-a0bd-2af02cb0a30b,1759834370189956231,792.638,734.344,1,5,,-1.3902385688696743,-7.891866731934997
d01ea4c3-1912-46a0-9798-db3d3f9d2881,74b23a8e-ccad-453a-a0bd-2af02cb0a30b,1759834370194949231,796.749,734.63,1,5,,-1.1229223304273128,-7.9106147321194795
d01ea4c3-1912-46a0-9798-db3d3f9d2881,74b23a8e-ccad-453a-a0bd-2af02cb0a30b,1759834370199944231,796.051,735.681,1,5,,-1.1684697972192295,-7.97847346797364
d01ea4c3-1912-46a0-9798-db3d3f9d2881,74b23a8e-ccad-453a-a0bd-2af02cb0a30b,1759834370204944231,795.458,734.706,1,5,,-1.2068617964324246,-7.915478520897097
d01ea4c3-1912-46a0-9798-db3d3f9d2881,74b23a8e-ccad-453a-a0bd-2af02cb0a30b,1759834370209944231,795.594,733.832,1,5,,-1.197968325820533,-7.859046364955636
d01ea4c3-1912-46a0-9798-db3d3f9d2881,74b23a8e-ccad-453a-a0bd-2af02cb0a30b,1759834370214945231,799.695,725.186,1,5,,-0.9304171831600153,-7.300884921875951
d01ea4c3-1912-46a0-9798-db3d3f9d2881,74b23a8e-ccad-453a-a0bd-2af02cb0a30b,1759834370219944231,799.458,725.496,1,5,,-0.9458540738004559,-7.320888974045943
d01ea4c3-1912-46a0-9798-db3d3f9d2881,74b23a8e-ccad-453a-a0bd-2af02cb0a30b,1759834370224944231,798.87,726.792,1,5,,-0.984209642595481,-7.4045611131169915
d01ea4c3-1912-46a0-9798-db3d3f9d2881,74b23a8e-ccad-453a-a0bd-2af02cb0a30b,1759834370229951231,796.55,728.996,1,5,,-1.1351874676382725,-7.546822293416976
d01ea4c3-1912-46a0-9798-db3d3f9d2881,74b23a8e-ccad-453a-a0bd-2af02cb0a30b,1759834370234944231,796.646,729.85,1,5,,-1.1290356561803452,-7.601964194294681
d01ea4c3-1912-46a0-9798-db3d3f9d2881,74b23a8e-ccad-453a-a0bd-2af02cb0a30b,1759834370239944231,792.615,724.167,1,5,,-1.3903375483111255,-7.23465736048417
d01ea4c3-1912-46a0-9798-db3d3f9d2881,74b23a8e-ccad-453a-a0bd-2af02cb0a30b,1759834370244956231,792.873,722.342,1,5,,-1.3733448542816649,-7.1168544028080065
d01ea4c3-1912-46a0-9798-db3d3f9d2881,74b23a8e-ccad-453a-a0bd-2af02cb0a30b,1759834370249944231,790.363,724.36,1,5,,-1.5366861068794166,-7.2469703168017805
d01ea4c3-1912-46a0-9798-db3d3f9d2881,74b23a8e-ccad-453a-a0bd-2af02cb0a30b,1759834370254944231,789.124,721.232,1,5,,-1.616721801719734,-7.044843983495123
d01ea4c3-1912-46a0-9798-db3d3f9d2881,74b23a8e-ccad-453a-a0bd-2af02cb0a30b,1759834370259950231,788.931,724.319,1,5,,-1.6297354544845302,-7.244250708210097
d01ea4c3-1912-46a0-9798-db3d3f9d2881,74b23a8e-ccad-453a-a0bd-2af02cb0a30b,1759834370264944231,786.93,733.681,1,5,,-1.7613302547251253,-7.848603958161161
d01ea4c3-1912-46a0-9798-db3d3f9d2881,74b23a8e-ccad-453a-a0bd-2af02cb0a30b,1759834370269944231,785.799,732.888,1,5,,-1.8347545652343944,-7.797272517930455
d01ea4c3-1912-46a0-9798-db3d3f9d2881,74b23a8e-ccad-453a-a0bd-2af02cb0a30b,1759834370274944231,798.963,722.508,1,5,,-0.9777119822986625,-7.127871995232269
d01ea4c3-1912-46a0-9798-db3d3f9d2881,74b23a8e-ccad-453a-a0bd-2af02cb0a30b,1759834370279946231,794.321,723.094,1,5,,-1.279364042270476,-7.165520042315545
d01ea4c3-1912-46a0-9798-db3d3f9d2881,74b23a8e-ccad-453a-a0bd-2af02cb0a30b,1759834370284945231,798.569,733.297,1,5,,-1.004412485776464,-7.824688190736945
d01ea4c3-1912-46a0-9798-db3d3f9d2881,74b23a8e-ccad-453a-a0bd-2af02cb0a30b,1759834370289945231,794.737,730.51,1,5,,-1.2532152737614237,-7.64448554120898
d01ea4c3-1912-46a0-9798-db3d3f9d2881,74b23a8e-ccad-453a-a0bd-2af02cb0a30b,1759834370294945231,794.137,728.855,1,5,,-1.2920191309924574,-7.537546552244473
d01ea4c3-1912-46a0-9798-db3d3f9d2881,74b23a8e-ccad-453a-a0bd-2af02cb0a30b,1759834370300070231,793.187,729.501,1,5,,-1.3538763998087897,-7.579220336777517
d01ea4c3-1912-46a0-9798-db3d3f9d2881,74b23a8e-ccad-453a-a0bd-2af02cb0a30b,1759834370305070231,790.737,728.032,1,5,,-1.512920761735927,-7.484138881228544
d01ea4c3-1912-46a0-9798-db3d3f9d2881,74b23a8e-ccad-453a-a0bd-2af02cb0a30b,1759834370310070231,791.96,726.624,1,5,,-1.4332508524458423,-7.393306643101698
d01ea4c3-1912-46a0-9798-db3d3f9d2881,74b23a8e-ccad-453a-a0bd-2af02cb0a30b,1759834370315070231,792.668,727.144,1,5,,-1.3873050192444627,-7.4269803822795195
d01ea4c3-1912-46a0-9798-db3d3f9d2881,74b23a8e-ccad-453a-a0bd-2af02cb0a30b,1759834370320075231,796.352,724.293,1,5,,-1.1475256825264395,-7.243059447080652
d01ea4c3-1912-46a0-9798-db3d3f9d2881,74b23a8e-ccad-453a-a0bd-2af02cb0a30b,1759834370325070231,799.625,712.894,1,5,,-0.9338733044450752,-6.506852493262325
d01ea4c3-1912-46a0-9798-db3d3f9d2881,74b23a8e-ccad-453a-a0bd-2af02cb0a30b,1759834370330076231,795.24,728.771,1,5,,-1.2203632898697596,-7.532204905239909
d01ea4c3-1912-46a0-9798-db3d3f9d2881,74b23a8e-ccad-453a-a0bd-2af02cb0a30b,1759834370335070231,792.757,726.033,1,,,-1.3813739023760456,-7.3552014537625805
d01ea4c3-1912-46a0-9798-db3d3f9d2881,74b23a8e-ccad-453a-a0bd-2af02cb0a30b,1759834370340070231,797.173,720.19,1,,,-1.0937871116531133,-6.97806045242688
d01ea4c3-1912-46a0-9798-db3d3f9d2881,74b23a8e-ccad-453a-a0bd-2af02cb0a30b,1759834370345070231,806.853,719.858,1,,,-0.46504290748477717,-6.956927737588122
d01ea4c3-1912-46a0-9798-db3d3f9d2881,74b23a8e-ccad-453a-a0bd-2af02cb0a30b,1759834370350078231,827.307,724.434,1,,,0.8636488768062128,-7.252068450445564
d01ea4c3-1912-46a0-9798-db3d3f9d2881,74b23a8e-ccad-453a-a0bd-2af02cb0a30b,1759834370355070231,850.553,722.432,1,,,2.3733225774548017,-7.120467509932433
d01ea4c3-1912-46a0-9798-db3d3f9d2881,74b23a8e-ccad-453a-a0bd-2af02cb0a30b,1759834370360077231,874.791,727.76,1,,,3.9488812580463386,-7.45974128578378
d01ea4c3-1912-46a0-9798-db3d3f9d2881,74b23a8e-ccad-453a-a0bd-2af02cb0a30b,1759834370365070231,896.761,704.367,1,,,5.365520504470493,-5.945020240270934
d01ea4c3-1912-46a0-9798-db3d3f9d2881,74b23a8e-ccad-453a-a0bd-2af02cb0a30b,1759834370370070231,914.338,713.584,1,,,6.508564935800303,-6.53401285663271
d01ea4c3-1912-46a0-9798-db3d3f9d2881,74b23a8e-ccad-453a-a0bd-2af02cb0a30b,1759834370375070231,923.094,711.493,1,6,,7.074784798823169,-6.396237356030962
d01ea4c3-1912-46a0-9798-db3d3f9d2881,74b23a8e-ccad-453a-a0bd-2af02cb0a30b,1759834370380070231,918.942,715.58,1,6,,6.807966238107437,-6.661015497426499
d01ea4c3-1912-46a0-9798-db3d3f9d2881,74b23a8e-ccad-453a-a0bd-2af02cb0a30b,1759834370385070231,914.205,712.145,1,6,,6.499241245351987,-6.4413072390691495
d01ea4c3-1912-46a0-9798-db3d3f9d2881,74b23a8e-ccad-453a-a0bd-2af02cb0a30b,1759834370390071231,901.693,713.644,1,6,,5.688949243545842,-6.541912645304549
d01ea4c3-1912-46a0-9798-db3d3f9d2881,74b23a8e-ccad-453a-a0bd-2af02cb0a30b,1759834370395071231,903.441,712.344,1,6,,5.801691099896302,-6.457553497484704
d01ea4c3-1912-46a0-9798-db3d3f9d2881,74b23a8e-ccad-453a-a0bd-2af02cb0a30b,1759834370400071231,909.892,711.637,1,6,,6.219463462555557,-6.4099953631890925
d01ea4c3-1912-46a0-9798-db3d3f9d2881,74b23a8e-ccad-453a-a0bd-2af02cb0a30b,1759834370405071231,908.768,712.82,1,6,,6.1471996275380745,-6.486598152112126
d01ea4c3-1912-46a0-9798-db3d3f9d2881,74b23a8e-ccad-453a-a0bd-2af02cb0a30b,1759834370410080231,904.656,712.033,1,6,,5.880291247531562,-6.437144296328296
d01ea4c3-1912-46a0-9798-db3d3f9d2881,74b23a8e-ccad-453a-a0bd-2af02cb0a30b,1759834370415078231,909.337,709.901,1,6,,6.182716723036576,-6.298254055477086
d01ea4c3-1912-46a0-9798-db3d3f9d2881,74b23a8e-ccad-453a-a0bd-2af02cb0a30b,1759834370420071231,902.762,714.176,1,6,,5.75844914353441,-6.575882336031683
d01ea4c3-1912-46a0-9798-db3d3f9d2881,74b23a8e-ccad-453a-a0bd-2af02cb0a30b,1759834370425071231,903.382,713.604,1,6,,5.798432992644403,-6.538856226478209
d01ea4c3-1912-46a0-9798-db3d3f9d2881,74b23a8e-ccad-453a-a0bd-2af02cb0a30b,1759834370430071231,903.392,712.679,1,6,,5.7986374969170145,-6.479172693619741
d01ea4c3-1912-46a0-9798-db3d3f9d2881,74b23a8e-ccad-453a-a0bd-2af02cb0a30b,1759834370435196231,904.072,713.191,1,6,,5.842951419165856,-6.5119894920949415
d01ea4c3-1912-46a0-9798-db3d3f9d2881,74b23a8e-ccad-453a-a0bd-2af02cb0a30b,1759834370440196231,904.414,714.463,1,6,,5.865700110693021,-6.5938882860300705
d01ea4c3-1912-46a0-9798-db3d3f9d2881,74b23a8e-ccad-453a-a0bd-2af02cb0a30b,1759834370445196231,908.357,713.188,1,6,,6.120735629472642,-6.510436775460231
d01ea4c3-1912-46a0-9798-db3d3f9d2881,74b23a8e-ccad-453a-a0bd-2af02cb0a30b,1759834370450199231,908.46,715.602,1,6,,6.128560019486781,-6.666036920342534
d01ea4c3-1912-46a0-9798-db3d3f9d2881,74b23a8e-ccad-453a-a0bd-2af02cb0a30b,1759834370455197231,906.06,711.391,1,6,,5.970984733010843,-6.395335972254853
d01ea4c3-1912-46a0-9798-db3d3f9d2881,74b23a8e-ccad-453a-a0bd-2af02cb0a30b,1759834370460196231,903.851,708.679,1,6,,5.826694159934676,-6.221137721479186
d01ea4c3-1912-46a0-9798-db3d3f9d2881,74b23a8e-ccad-453a-a0bd-2af02cb0a30b,1759834370465196231,905.252,708.077,1,6,,5.91720624850868,-6.181932678711657
d01ea4c3-1912-46a0-9798-db3d3f9d2881,74b23a8e-ccad-453a-a0bd-2af02cb0a30b,1759834370470196231,906.692,710.831,1,6,,6.0117110790645105,-6.359040210110871
d01ea4c3-1912-46a0-9798-db3d3f9d2881,74b23a8e-ccad-453a-a0bd-2af02cb0a30b,1759834370475199231,904.487,708.181,1,6,,5.867703258574291,-6.188870330776294
d01ea4c3-1912-46a0-9798-db3d3f9d2881,74b23a8e-ccad-453a-a0bd-2af02cb0a30b,1759834370480196231,911.328,711.88,1,6,,6.312625885201407,-6.425217016319465
d01ea4c3-1912-46a0-9798-db3d3f9d2881,74b23a8e-ccad-453a-a0bd-2af02cb0a30b,1759834370485199231,909.296,712.211,1,6,,6.181140790039657,-6.447146440898178
d01ea4c3-1912-46a0-9798-db3d3f9d2881,74b23a8e-ccad-453a-a0bd-2af02cb0a30b,1759834370490196231,909.236,712.513,1,6,,6.177338259239397,-6.466655988537091
d01ea4c3-1912-46a0-9798-db3d3f9d2881,74b23a8e-ccad-453a-a0bd-2af02cb0a30b,1759834370495197231,909.209,711.417,1,6,,6.175139078674811,-6.396021981739601
d01ea4c3-1912-46a0-9798-db3d3f9d2881,74b23a8e-ccad-453a-a0bd-2af02cb0a30b,1759834370500197231,908.7,713.914,1,6,,6.143286468835823,-6.5571274474489565
d01ea4c3-1912-46a0-9798-db3d3f9d2881,74b23a8e-ccad-453a-a0bd-2af02cb0a30b,1759834370505197231,909.588,706.005,1,6,,6.1972422899587984,-6.047034359367981
d01ea4c3-1912-46a0-9798-db3d3f9d2881,74b23a8e-ccad-453a-a0bd-2af02cb0a30b,1759834370510200231,910.443,702.282,1,6,,6.251001475440949,-5.806794769463912
d01ea4c3-1912-46a0-9798-db3d3f9d2881,74b23a8e-ccad-453a-a0bd-2af02cb0a30b,1759834370515197231,902.853,717.608,1,6,,5.765917889024978,-6.7971463549763484
d01ea4c3-1912-46a0-9798-db3d3f9d2881,74b23a8e-ccad-453a-a0bd-2af02cb0a30b,1759834370520200231,900.65,715.161,1,6,,5.621989587931127,-6.640009341914951
d01ea4c3-1912-46a0-9798-db3d3f9d2881,74b23a8e-ccad-453a-a0bd-2af02cb0a30b,1759834370525197231,906.982,704.596,1,6,,6.027819388905805,-5.95696029430885
d01ea4c3-1912-46a0-9798-db3d3f9d2881,74b23a8e-ccad-453a-a0bd-2af02cb0a30b,1759834370530197231,908.66,708.127,1,6,,6.138024101741604,-6.184111183442161
d01ea4c3-1912-46a0-9798-db3d3f9d2881,74b23a8e-ccad-453a-a0bd-2af02cb0a30b,1759834370535197231,909.968,706.779,1,6,,6.222197629845834,-6.096849247590646
d01ea4c3-1912-46a0-9798-db3d3f9d2881,74b23a8e-ccad-453a-a0bd-2af02cb0a30b,1759834370540198231,910.709,705.828,1,6,,6.2697669853605165,-6.035262175711154
d01ea4c3-1912-46a0-9798-db3d3f9d2881,74b23a8e-ccad-453a-a0bd-2af02cb0a30b,1759834370545197231,911.369,707.584,1,6,,6.31328504190297,-6.148268775421618
d01ea4c3-1912-46a0-9798-db3d3f9d2881,74b23a8e-ccad-453a-a0bd-2af02cb0a30b,1759834370550197231,908.305,706.326,1,6,,6.114234543410897,-6.068100076735548
d01ea4c3-1912-46a0-9798-db3d3f9d2881,74b23a8e-ccad-453a-a0bd-2af02cb0a30b,1759834370555211231,910.921,707.461,1,6,,6.2842261534939725,-6.140511817490079
d01ea4c3-1912-46a0-9798-db3d3f9d2881,74b23a8e-ccad-453a-a0bd-2af02cb0a30b,1759834370560197231,911.738,705.036,1,6,,6.33608037134964,-5.98395162812054
d01ea4c3-1912-46a0-9798-db3d3f9d2881,74b23a8e-ccad-453a-a0bd-2af02cb0a30b,1759834370565197231,910.211,705.464,1,6,,6.237333120696574,-6.011963062229393
d01ea4c3-1912-46a0-9798-db3d3f9d2881,74b23a8e-ccad-453a-a0bd-2af02cb0a30b,1759834370570197231,908.646,706.874,1,6,,6.136550029510455,-6.103360013178239
d01ea4c3-1912-46a0-9798-db3d3f9d2881,74b23a8e-ccad-453a-a0bd-2af02cb0a30b,1759834370575322231,907.903,707.334,1,,,6.08867096502058,-6.133247420033188
d01ea4c3-1912-46a0-9798-db3d3f9d2881,74b23a8e-ccad-453a-a0bd-2af02cb0a30b,1759834370580322231,907.775,699.943,1,,,6.077242369786886,-5.656737625016872
d01ea4c3-1912-46a0-9798-db3d3f9d2881,74b23a8e-ccad-453a-a0bd-2af02cb0a30b,1759834370585331231,899.742,703.96,1,,,5.558518117701187,-5.917961427090561
d01ea4c3-1912-46a0-9798-db3d3f9d2881,74b23a8e-ccad-453a-a0bd-2af02cb0a30b,1759834370590337231,891.326,711.014,1,,,5.015757638534045,-6.3752122892915075
d01ea4c3-1912-46a0-9798-db3d3f9d2881,74b23a8e-ccad-453a-a0bd-2af02cb0a30b,1759834370595325231,869.94,719.749,1,,,3.6314007658330185,-6.943824002087902
d01ea4c3-1912-46a0-9798-db3d3f9d2881,74b23a8e-ccad-453a-a0bd-2af02cb0a30b,1759834370600322231,839.495,750.572,1,,,1.659362484182564,-8.938480496685354
d01ea4c3-1912-46a0-9798-db3d3f9d2881,74b23a8e-ccad-453a-a0bd-2af02cb0a30b,1759834370605323231,834.093,751.066,1,,,1.3075941890280594,-8.97098730947914
d01ea4c3-1912-46a0-9798-db3d3f9d2881,74b23a8e-ccad-453a-a0bd-2af02cb0a30b,1759834370610323231,802.646,742.084,1,,,-0.7400478860277656,-8.39218426935541
d01ea4c3-1912-46a0-9798-db3d3f9d2881,74b23a8e-ccad-453a-a0bd-2af02cb0a30b,1759834370615325231,802.927,741.874,1,,,-0.7216978339467922,-8.378639540212964
d01ea4c3-1912-46a0-9798-db3d3f9d2881,74b23a8e-ccad-453a-a0bd-2af02cb0a30b,1759834370620323231,773.044,757.592,1,,,-2.6711837085067933,-9.389838510120002
d01ea4c3-1912-46a0-9798-db3d3f9d2881,74b23a8e-ccad-453a-a0bd-2af02cb0a30b,1759834370625326231,772.91,755.311,1,,,-2.679225986979742,-9.242699884696343
d01ea4c3-1912-46a0-9798-db3d3f9d2881,74b23a8e-ccad-453a-a0bd-2af02cb0a30b,1759834370630323231,767.012,746.32,1,7,,-3.0605221415789092,-8.661493307438416
d01ea4c3-1912-46a0-9798-db3d3f9d2881,74b23a8e-ccad-453a-a0bd-2af02cb0a30b,1759834370635323231,765.52,745.493,1,7,,-3.157367682541211,-8.60785542781397
d01ea4c3-1912-46a0-9798-db3d3f9d2881,74b23a8e-ccad-453a-a0bd-2af02cb0a30b,1759834370640323231,762.072,755.114,1,7,,-3.385413173912435,-9.227749407341504
d01ea4c3-1912-46a0-9798-db3d3f9d2881,74b23a8e-ccad-453a-a0bd-2af02cb0a30b,1759834370645323231,765.481,755.126,1,7,,-3.1632797573327354,-9.229302689707849
d01ea4c3-1912-46a0-9798-db3d3f9d2881,74b23a8e-ccad-453a-a0bd-2af02cb0a30b,1759834370650326231,764.437,755.619,1,7,,-3.2315329940660473,-9.260854458520559
d01ea4c3-1912-46a0-9798-db3d3f9d2881,74b23a8e-ccad-453a-a0bd-2af02cb0a30b,1759834370655336231,760.598,754.812,1,7,,-3.481374685361177,-9.207953081901175
d01ea4c3-1912-46a0-9798-db3d3f9d2881,74b23a8e-ccad-453a-a0bd-2af02cb0a30b,1759834370660323231,761.321,756.914,1,7,,-3.4351273223737158,-9.343672782126557
d01ea4c3-1912-46a0-9798-db3d3f9d2881,74b23a8e-ccad-453a-a0bd-2af02cb0a30b,1759834370665323231,761.384,756.777,1,7,,-3.430907577293309,-9.334885927770404
d01ea4c3-1912-46a0-9798-db3d3f9d2881,74b23a8e-ccad-453a-a0bd-2af02cb0a30b,1759834370670323231,762.999,758.839,1,7,,-3.326488769227381,-9.468231863612106
d01ea4c3-1912-46a0-9798-db3d3f9d2881,74b23a8e-ccad-453a-a0bd-2af02cb0a30b,1759834370675326231,763.154,760.319,1,7,,-3.316991793871901,-9.563730518003856
d01ea4c3-1912-46a0-9798-db3d3f9d2881,74b23a8e-ccad-453a-a0bd-2af02cb0a30b,1759834370680323231,767.205,745.636,1,7,,-3.0477240090767777,-8.617411932649013
d01ea4c3-1912-46a0-9798-db3d3f9d2881,74b23a8e-ccad-453a-a0bd-2af02cb0a30b,1759834370685326231,766.043,748.76,1,7,,-3.1244452019184203,-8.818727133740826
d01ea4c3-1912-46a0-9798-db3d3f9d2881,74b23a8e-ccad-453a-a0bd-2af02cb0a30b,1759834370690323231,767.335,758.046,1,7,,-3.0435465812465616,-9.418029336211669
d01ea4c3-1912-46a0-9798-db3d3f9d2881,74b23a8e-ccad-453a-a0bd-2af02cb0a30b,1759834370695323231,763.013,761.9,1,7,,-3.326799134546723,-9.66562280372963
d01ea4c3-1912-46a0-9798-db3d3f9d2881,74b23a8e-ccad-453a-a0bd-2af02cb0a30b,1759834370700324231,762.086,763.942,1,7,,-3.3881052989229747,-9.797064505320975
d01ea4c3-1912-46a0-9798-db3d3f9d2881,74b23a8e-ccad-453a-a0bd-2af02cb0a30b,1759834370705324231,760.153,765.425,1,7,,-3.514848154365786,-9.892208144504098
d01ea4c3-1912-46a0-9798-db3d3f9d2881,74b23a8e-ccad-453a-a0bd-2af02cb0a30b,1759834370710452231,760.145,763.385,1,7,,-3.514442860121809,-9.760686507070801
d01ea4c3-1912-46a0-9798-db3d3f9d2881,74b23a8e-ccad-453a-a0bd-2af02cb0a30b,1759834370715449231,762.92,756.338,1,7,,-3.3306577313307884,-9.306901913074253
d01ea4c3-1912-46a0-9798-db3d3f9d2881,74b23a8e-ccad-453a-a0bd-2af02cb0a30b,1759834370720449231,762.124,757.206,1,7,,-3.3828837496238324,-9.362703519151449
d01ea4c3-1912-46a0-9798-db3d3f9d2881,74b23a8e-ccad-453a-a0bd-2af02cb0a30b,1759834370725449231,765.613,757.813,1,7,,-3.1556836130659836,-9.402629077916098
d01ea4c3-1912-46a0-9798-db3d3f9d2881,74b23a8e-ccad-453a-a0bd-2af02cb0a30b,1759834370730449231,762.952,758.021,1,7,,-3.329258225025657,-9.415459504248467
d01ea4c3-1912-46a0-9798-db3d3f9d2881,74b23a8e-ccad-453a-a0bd-2af02cb0a30b,1759834370735449231,762.655,758.606,1,7,,-3.348801813440587,-9.45311259953153
d01ea4c3-1912-46a0-9798-db3d3f9d2881,74b23a8e-ccad-453a-a0bd-2af02cb0a30b,1759834370740449231,760.241,757.695,1,7,,-3.5057997596528936,-9.393770681259989
d01ea4c3-1912-46a0-9798-db3d3f9d2881,74b23a8e-ccad-453a-a0bd-2af02cb0a30b,1759834370745449231,758.72,755.19,1,7,,-3.603909860744103,-9.231900386970905
d01ea4c3-1912-46a0-9798-db3d3f9d2881,74b23a8e-ccad-453a-a0bd-2af02cb0a30b,1759834370750449231,761.956,771.175,1,7,,-3.3996948567243903,-10.263383549762455
d01ea4c3-1912-46a0-9798-db3d3f9d2881,74b23a8e-ccad-453a-a0bd-2af02cb0a30b,1759834370755449231,762.318,767.822,1,7,,-3.374603472492391,-10.047285492162926
d01ea4c3-1912-46a0-9798-db3d3f9d2881,74b23a8e-ccad-453a-a0bd-2af02cb0a30b,1759834370760449231,765.859,750.083,1,7,,-3.136889291917056,-8.904065174953457
d01ea4c3-1912-46a0-9798-db3d3f9d2881,74b23a8e-ccad-453a-a0bd-2af02cb0a30b,1759834370765449231,765.943,757.253,1,7,,-3.133952372037381,-9.366566272226855
d01ea4c3-1912-46a0-9798-db3d3f9d2881,74b23a8e-ccad-453a-a0bd-2af02cb0a30b,1759834370770452231,763.464,754.855,1,7,,-3.2946083843233054,-9.21136823964392
d01ea4c3-1912-46a0-9798-db3d3f9d2881,74b23a8e-ccad-453a-a0bd-2af02cb0a30b,1759834370775458231,762.872,760.763,1,7,,-3.33553182823931,-9.592303465656473
d01ea4c3-1912-46a0-9798-db3d3f9d2881,74b23a8e-ccad-453a-a0bd-2af02cb0a30b,1759834370780449231,760.5,756.146,1,7,,-3.4882721437724946,-9.29395608798455
d01ea4c3-1912-46a0-9798-db3d3f9d2881,74b23a8e-ccad-453a-a0bd-2af02cb0a30b,1759834370785449231,760.846,756.521,1,7,,-3.4659136767573795,-9.31822636979331
d01ea4c3-1912-46a0-9798-db3d3f9d2881,74b23a8e-ccad-453a-a0bd-2af02cb0a30b,1759834370790451231,757.801,767.345,1,7,,-3.669154234946876,-10.015375241446549
d01ea4c3-1912-46a0-9798-db3d3f9d2881,74b23a8e-ccad-453a-a0bd-2af02cb0a30b,1759834370795449231,758.801,767.623,1,7,,-3.604014034757915,-10.033600291414619
d01ea4c3-1912-46a0-9798-db3d3f9d2881,74b23a8e-ccad-453a-a0bd-2af02cb0a30b,1759834370800449231,758.173,764.658,1,7,,-3.6436770816965165,-9.842283716467898
d01ea4c3-1912-46a0-9798-db3d3f9d2881,74b23a8e-ccad-453a-a0bd-2af02cb0a30b,1759834370805450231,759.122,765.764,1,7,,-3.5822462509387996,-9.913794152464591
d01ea4c3-1912-46a0-9798-db3d3f9d2881,74b23a8e-ccad-453a-a0bd-2af02cb0a30b,1759834370810453231,761.054,764.558,1,7,,-3.455687437710411,-9.836543039001088
d01ea4c3-1912-46a0-9798-db3d3f9d2881,74b23a8e-ccad-453a-a0bd-2af02cb0a30b,1759834370815452231,761.139,761.761,1,7,,-3.4489660206651296,-9.656212302962762
d01ea4c3-1912-46a0-9798-db3d3f9d2881,74b23a8e-ccad-453a-a0bd-2af02cb0a30b,1759834370820450231,760.231,765.072,1,7,,-3.5095661178363953,-9.869482778733328
d01ea4c3-1912-46a0-9798-db3d3f9d2881,74b23a8e-ccad-453a-a0bd-2af02cb0a30b,1759834370825454231,759.681,755.5,1,7,,-3.5413792744111623,-9.252078907589466
d01ea4c3-1912-46a0-9798-db3d3f9d2881,74b23a8e-ccad-453a-a0bd-2af02cb0a30b,1759834370830450231,758.032,757.494,1,7,,-3.6496820399399468,-9.380320187972863
d01ea4c3-1912-46a0-9798-db3d3f9d2881,74b23a8e-ccad-453a-a0bd-2af02cb0a30b,1759834370835450231,759.474,756.823,1,7,,-3.5554646697541417,-9.337361232496896
d01ea4c3-1912-46a0-9798-db3d3f9d2881,74b23a8e-ccad-453a-a0bd-2af02cb0a30b,1759834370840450231,757.191,760.438,1,7,,-3.705812424273708,-9.569909715962018
d01ea4c3-1912-46a0-9798-db3d3f9d2881,74b23a8e-ccad-453a-a0bd-2af02cb0a30b,1759834370845575231,760.076,757.259,1,7,,-3.5164174435516857,-9.365642533230497
d01ea4c3-1912-46a0-9798-db3d3f9d2881,74b23a8e-ccad-453a-a0bd-2af02cb0a30b,1759834370850575231,760.127,757.524,1,7,,-3.513200607679823,-9.382725879066804
d01ea4c3-1912-46a0-9798-db3d3f9d2881,74b23a8e-ccad-453a-a0bd-2af02cb0a30b,1759834370855575231,761.709,759.706,1,7,,-3.410920227224135,-9.52386581214728
d01ea4c3-1912-46a0-9798-db3d3f9d2881,74b23a8e-ccad-453a-a0bd-2af02cb0a30b,1759834370860585231,760.63,763.783,1,7,,-3.4830072453883245,-9.786439305377426
d01ea4c3-1912-46a0-9798-db3d3f9d2881,74b23a8e-ccad-453a-a0bd-2af02cb0a30b,1759834370865575231,767.525,757.622,1,7,,-3.0309808995224747,-9.39072817391636
d01ea4c3-1912-46a0-9798-db3d3f9d2881,74b23a8e-ccad-453a-a0bd-2af02cb0a30b,1759834370870575231,766.869,757.732,1,7,,-3.0738101153843043,-9.397669686475433
d01ea4c3-1912-46a0-9798-db3d3f9d2881,74b23a8e-ccad-453a-a0bd-2af02cb0a30b,1759834370875578231,767.09,758.443,1,7,,-3.059629510951119,-9.443605616189611
d01ea4c3-1912-46a0-9798-db3d3f9d2881,74b23a8e-ccad-453a-a0bd-2af02cb0a30b,1759834370880575231,767.635,758.976,1,7,,-3.024281296826229,-9.478082892855152
d01ea4c3-1912-46a0-9798-db3d3f9d2881,74b23a8e-ccad-453a-a0bd-2af02cb0a30b,1759834370885575231,767.837,758.465,1,7,,-3.0109350569128313,-9.445162628064402
d01ea4c3-1912-46a0-9798-db3d3f9d2881,74b23a8e-ccad-453a-a0bd-2af02cb0a30b,1759834370890575231,765.283,762.186,1,7,,-3.178845578679552,-9.684607782735378
d01ea4c3-1912-46a0-9798-db3d3f9d2881,74b23a8e-ccad-453a-a0bd-2af02cb0a30b,1759834370895579231,762.357,761.805,1,7,,-3.3695057855546118,-9.659355768382348
d01ea4c3-1912-46a0-9798-db3d3f9d2881,74b23a8e-ccad-453a-a0bd-2af02cb0a30b,1759834370900578231,761.191,761.468,1,,,-3.445416955016865,-9.6373185379842
d01ea4c3-1912-46a0-9798-db3d3f9d2881,74b23a8e-ccad-453a-a0bd-2af02cb0a30b,1759834370905575231,762.878,764.816,1,,,-3.3368073007795895,-9.85361599057904
d01ea4c3-1912-46a0-9798-db3d3f9d2881,74b23a8e-ccad-453a-a0bd-2af02cb0a30b,1759834370910578231,769.585,748.903,1,,,-2.8937841008114327,-8.828666449272715
d01ea4c3-1912-46a0-9798-db3d3f9d2881,74b23a8e-ccad-453a-a0bd-2af02cb0a30b,1759834370915578231,790.602,752.701,1,,,-1.5257047127245744,-9.076725215362783
d01ea4c3-1912-46a0-9798-db3d3f9d2881,74b23a8e-ccad-453a-a0bd-2af02cb0a30b,1759834370920576231,807.982,723.518,1,,,-0.3918366945471111,-7.193374361867004
d01ea4c3-1912-46a0-9798-db3d3f9d2881,74b23a8e-ccad-453a-a0bd-2af02cb0a30b,1759834370925576231,824.756,723.422,1,,,0.6978593302866749,-7.186892655124863
d01ea4c3-1912-46a0-9798-db3d3f9d2881,74b23a8e-ccad-453a-a0bd-2af02cb0a30b,1759834370930579231,846.008,722.566,1,,,2.0781985875007862,-7.129740005045369
d01ea4c3-1912-46a0-9798-db3d3f9d2881,74b23a8e-ccad-453a-a0bd-2af02cb0a30b,1759834370935576231,866.819,713.539,1,,,3.427107201422761,-6.543559567362155
d01ea4c3-1912-46a0-9798-db3d3f9d2881,74b23a8e-ccad-453a-a0bd-2af02cb0a30b,1759834370940576231,886.494,714.597,1,,,4.703730127962332,-6.60756462124325
d01ea4c3-1912-46a0-9798-db3d3f9d2881,74b23a8e-ccad-453a-a0bd-2af02cb0a30b,1759834370945576231,882.672,711.838,1,8,,4.454912793638388,-6.43050391584264
d01ea4c3-1912-46a0-9798-db3d3f9d2881,74b23a8e-ccad-453a-a0bd-2af02cb0a30b,1759834370950576231,875.002,715.888,1,8,,3.95871840249977,-6.693546995385138
d01ea4c3-1912-46a0-9798-db3d3f9d2881,74b23a8e-ccad-453a-a0bd-2af02cb0a30b,1759834370955576231,874.847,715.384,1,8,,3.9485027055857147,-6.66109330966607
d01ea4c3-1912-46a0-9798-db3d3f9d2881,74b23a8e-ccad-453a-a0bd-2af02cb0a30b,1759834370960576231,874.538,716.286,1,8,,3.9287282772257646,-6.719339097868794
d01ea4c3-1912-46a0-9798-db3d3f9d2881,74b23a8e-ccad-453a-a0bd-2af02cb0a30b,1759834370965581231,867.603,717.182,1,8,,3.478970811760235,-6.778606363732719
d01ea4c3-1912-46a0-9798-db3d3f9d2881,74b23a8e-ccad-453a-a0bd-2af02cb0a30b,1759834370970576231,866.785,717.971,1,8,,3.4261303580877036,-6.829728576286854
d01ea4c3-1912-46a0-9798-db3d3f9d2881,74b23a8e-ccad-453a-a0bd-2af02cb0a30b,1759834370975576231,869.77,713.677,1,8,,3.6186202705750334,-6.55191227580754
d01ea4c3-1912-46a0-9798-db3d3f9d2881,74b23a8e-ccad-453a-a0bd-2af02cb0a30b,1759834370980705231,871.875,714.439,1,8,,3.755371177749865,-6.600679311041757
d01ea4c3-1912-46a0-9798-db3d3f9d2881,74b23a8e-ccad-453a-a0bd-2af02cb0a30b,1759834370985701231,868.331,716.182,1,8,,3.525937897265696,-6.713919715761264
d01ea4c3-1912-46a0-9798-db3d3f9d2881,74b23a8e-ccad-453a-a0bd-2af02cb0a30b,1759834370990701231,867.594,715.859,1,8,,3.478055107921748,-6.693207016976058
d01ea4c3-1912-46a0-9798-db3d3f9d2881,74b23a8e-ccad-453a-a0bd-2af02cb0a30b,1759834370995701231,867.331,716.101,1,8,,3.461026435665128,-6.708876175746966
d01ea4c3-1912-46a0-9798-db3d3f9d2881,74b23a8e-ccad-453a-a0bd-2af02cb0a30b,1759834371000701231,865.836,716.89,1,8,,3.3642168204135956,-6.760109860330638
d01ea4c3-1912-46a0-9798-db3d3f9d2881,74b23a8e-ccad-453a-a0bd-2af02cb0a30b,1759834371005701231,874.405,710.768,1,8,,3.91843536317668,-6.363220726670166
d01ea4c3-1912-46a0-9798-db3d3f9d2881,74b23a8e-ccad-453a-a0bd-2af02cb0a30b,1759834371010701231,874.081,709.015,1,8,,3.8969381837005725,-6.250136130108778
d01ea4c3-1912-46a0-9798-db3d3f9d2881,74b23a8e-ccad-453a-a0bd-2af02cb0a30b,1759834371015702231,872.938,710.643,1,8,,3.8232544650746445,-6.355424207385367
d01ea4c3-1912-46a0-9798-db3d3f9d2881,74b23a8e-ccad-453a-a0bd-2af02cb0a30b,1759834371020716231,872.49,712.329,1,8,,3.7946687640932666,-6.46436274648247
d01ea4c3-1912-46a0-9798-db3d3f9d2881,74b23a8e-ccad-453a-a0bd-2af02cb0a30b,1759834371025702231,873.079,705.633,1,8,,3.831053789520202,-6.032010943562845
d01ea4c3-1912-46a0-9798-db3d3f9d2881,74b23a8e-ccad-453a-a0bd-2af02cb0a30b,1759834371030701231,870.428,708.256,1,8,,3.6598652859607217,-6.2018398617015125
d01ea4c3-1912-46a0-9798-db3d3f9d2881,74b23a8e-ccad-453a-a0bd-2af02cb0a30b,1759834371035702231,872.435,709.437,1,8,,3.7903267677089536,-6.277710553171797
d01ea4c3-1912-46a0-9798-db3d3f9d2881,74b23a8e-ccad-453a-a0bd-2af02cb0a30b,1759834371040709231,872.002,709.311,1,8,,3.7622132434041653,-6.269669732519967
d01ea4c3-1912-46a0-9798-db3d3f9d2881,74b23a8e-ccad-453a-a0bd-2af02cb0a30b,1759834371045702231,875.055,709.225,1,8,,3.96018583937244,-6.263524608541566
d01ea4c3-1912-46a0-9798-db3d3f9d2881,74b23a8e-ccad-453a-a0bd-2af02cb0a30b,1759834371050702231,875.298,707.074,1,8,,3.9752983516833478,-6.124616418900141
d01ea4c3-1912-46a0-9798-db3d3f9d2881,74b23a8e-ccad-453a-a0bd-2af02cb0a30b,1759834371055702231,876.203,711.871,1,8,,4.035369465119329,-6.434020328500091
d01ea4c3-1912-46a0-9798-db3d3f9d2881,74b23a8e-ccad-453a-a0bd-2af02cb0a30b,1759834371060702231,873.658,700.638,1,8,,3.8672699921646223,-5.709386938194184
d01ea4c3-1912-46a0-9798-db3d3f9d2881,74b23a8e-ccad-453a-a0bd-2af02cb0a30b,1759834371065702231,876.217,705.174,1,8,,4.034329195273001,-6.001740211555568
d01ea4c3-1912-46a0-9798-db3d3f9d2881,74b23a8e-ccad-453a-a0bd-2af02cb0a30b,1759834371070702231,874.797,706.096,1,8,,3.942521870800227,-6.061551313491199
d01ea4c3-1912-46a0-9798-db3d3f9d2881,74b23a8e-ccad-453a-a0bd-2af02cb0a30b,1759834371075702231,873.354,708.507,1,8,,3.8496662818134593,-6.217506157105235
d01ea4c3-1912-46a0-9798-db3d3f9d2881,74b23a8e-ccad-453a-a0bd-2af02cb0a30b,1759834371080702231,868.593,711.335,1,8,,3.541674403407281,-6.40097984587082
d01ea4c3-1912-46a0-9798-db3d3f9d2881,74b23a8e-ccad-453a-a0bd-2af02cb0a30b,1759834371085702231,877.875,710.45,1,8,,4.143374687642174,-6.341988753425682
d01ea4c3-1912-46a0-9798-db3d3f9d2881,74b23a8e-ccad-453a-a0bd-2af02cb0a30b,1759834371090702231,874.33,711.76,1,8,,3.9138537133599223,-6.427296916207123
d01ea4c3-1912-46a0-9798-db3d3f9d2881,74b23a8e-ccad-453a-a0bd-2af02cb0a30b,1759834371095702231,875.515,709.838,1,8,,3.9901384253999823,-6.302966902191485
d01ea4c3-1912-46a0-9798-db3d3f9d2881,74b23a8e-ccad-453a-a0bd-2af02cb0a30b,1759834371100702231,872.555,711.808,1,8,,3.7987773847318316,-6.430742381400682
d01ea4c3-1912-46a0-9798-db3d3f9d2881,74b23a8e-ccad-453a-a0bd-2af02cb0a30b,1759834371105702231,873.462,713.363,1,,,3.8580706837343013,-6.530928253354189
d01ea4c3-1912-46a0-9798-db3d3f9d2881,74b23a8e-ccad-453a-a0bd-2af02cb0a30b,1759834371110702231,876.588,714.858,1,,,4.061289544838772,-6.626774317430997
d01ea4c3-1912-46a0-9798-db3d3f9d2881,74b23a8e-ccad-453a-a0bd-2af02cb0a30b,1759834371115827231,871.15,719.228,1,,,3.7097594927058446,-6.909976215304682
d01ea4c3-1912-46a0-9798-db3d3f9d2881,74b23a8e-ccad-453a-a0bd-2af02cb0a30b,1759834371120827231,854.767,729.895,1,,,2.648681552835365,-7.601594971743871
d01ea4c3-1912-46a0-9798-db3d3f9d2881,74b23a8e-ccad-453a-a0bd-2af02cb0a30b,1759834371125828231,855.11,729.681,1,,,2.670897250574616,-7.587754987365464
d01ea4c3-1912-46a0-9798-db3d3f9d2881,74b23a8e-ccad-453a-a0bd-2af02cb0a30b,1759834371130828231,819.312,732.765,1,,,0.3443954412709489,-7.790499048089745
d01ea4c3-1912-46a0-9798-db3d3f9d2881,74b23a8e-ccad-453a-a0bd-2af02cb0a30b,1759834371135828231,807.368,730.955,1,,,-0.4321377411205249,-7.67368742533772
d01ea4c3-1912-46a0-9798-db3d3f9d2881,74b23a8e-ccad-453a-a0bd-2af02cb0a30b,1759834371140828231,805.163,733.268,1,,,-0.5755965353840599,-7.823029834586112
d01ea4c3-1912-46a0-9798-db3d3f9d2881,74b23a8e-ccad-453a-a0bd-2af02cb0a30b,1759834371145828231,805.215,730.582,1,9,,-0.57210201688865,-7.649605280841921
d01ea4c3-1912-46a0-9798-db3d3f9d2881,74b23a8e-ccad-453a-a0bd-2af02cb0a30b,1759834371150834231,808.14,733.971,1,9,,-0.38205193437735685,-7.8685041612400335
d01ea4c3-1912-46a0-9798-db3d3f9d2881,74b23a8e-ccad-453a-a0bd-2af02cb0a30b,1759834371155828231,811.315,729.893,1,9,,-0.17550688474417542,-7.60512084134063
d01ea4c3-1912-46a0-9798-db3d3f9d2881,74b23a8e-ccad-453a-a0bd-2af02cb0a30b,1759834371160828231,809.574,728.611,1,9,,-0.28861902155509456,-7.522328197426682
d01ea4c3-1912-46a0-9798-db3d3f9d2881,74b23a8e-ccad-453a-a0bd-2af02cb0a30b,1759834371165828231,808.478,728.288,1,9,,-0.35985907238311965,-7.501485550711337
d01ea4c3-1912-46a0-9798-db3d3f9d2881,74b23a8e-ccad-453a-a0bd-2af02cb0a30b,1759834371170828231,808.542,731.013,1,9,,-0.35581167616407255,-7.677450590216066
d01ea4c3-1912-46a0-9798-db3d3f9d2881,74b23a8e-ccad-453a-a0bd-2af02cb0a30b,1759834371175828231,812.942,729.81,1,9,,-0.06971820106918386,-7.599790419389588
d01ea4c3-1912-46a0-9798-db3d3f9d2881,74b23a8e-ccad-453a-a0bd-2af02cb0a30b,1759834371180828231,812.1,734.911,1,9,,-0.1245707548110785,-7.929182744757298
d01ea4c3-1912-46a0-9798-db3d3f9d2881,74b23a8e-ccad-453a-a0bd-2af02cb0a30b,1759834371185828231,812.523,734.358,1,9,,-0.09707506458883984,-7.893468978819524
d01ea4c3-1912-46a0-9798-db3d3f9d2881,74b23a8e-ccad-453a-a0bd-2af02cb0a30b,1759834371190833231,812.615,728.846,1,9,,-0.09094183803548586,-7.537518014185513
d01ea4c3-1912-46a0-9798-db3d3f9d2881,74b23a8e-ccad-453a-a0bd-2af02cb0a30b,1759834371195831231,808.064,731.826,1,9,,-0.3869115018556145,-7.729963868923757
d01ea4c3-1912-46a0-9798-db3d3f9d2881,74b23a8e-ccad-453a-a0bd-2af02cb0a30b,1759834371200832231,809.085,732.145,1,9,,-0.3205544019001644,-7.7505771286286596
d01ea4c3-1912-46a0-9798-db3d3f9d2881,74b23a8e-ccad-453a-a0bd-2af02cb0a30b,1759834371205828231,806.221,733.582,1,9,,-0.5068342538023927,-7.843339706836288
d01ea4c3-1912-46a0-9798-db3d3f9d2881,74b23a8e-ccad-453a-a0bd-2af02cb0a30b,1759834371210828231,809.47,735.117,1,9,,-0.2956102054455524,-7.942507755186824
d01ea4c3-1912-46a0-9798-db3d3f9d2881,74b23a8e-ccad-453a-a0bd-2af02cb0a30b,1759834371215828231,807.312,731.32,1,9,,-0.4357554794564879,-7.697308798365734
d01ea4c3-1912-46a0-9798-db3d3f9d2881,74b23a8e-ccad-453a-a0bd-2af02cb0a30b,1759834371220828231,809.38,736.361,1,9,,-0.30151162212280774,-8.022852155835617
d01ea4c3-1912-46a0-9798-db3d3f9d2881,74b23a8e-ccad-453a-a0bd-2af02cb0a30b,1759834371225828231,808.786,735.27,1,9,,-0.34011546662562847,-7.952390896895733
d01ea4c3-1912-46a0-9798-db3d3f9d2881,74b23a8e-ccad-453a-a0bd-2af02cb0a30b,1759834371230843231,809.185,733.99,1,9,,-0.31411730616256034,-7.869693617086004
d01ea4c3-1912-46a0-9798-db3d3f9d2881,74b23a8e-ccad-453a-a0bd-2af02cb0a30b,1759834371235828231,809.405,734.033,1,9,,-0.29982626599651113,-7.872512979595285
d01ea4c3-1912-46a0-9798-db3d3f9d2881,74b23a8e-ccad-453a-a0bd-2af02cb0a30b,1759834371240829231,810.568,735.352,1,9,,-0.2242259616179356,-7.9576711179344874
d01ea4c3-1912-46a0-9798-db3d3f9d2881,74b23a8e-ccad-453a-a0bd-2af02cb0a30b,1759834371245829231,812.826,731.492,1,9,,-0.07731880837817522,-7.708425655327998
d01ea4c3-1912-46a0-9798-db3d3f9d2881,74b23a8e-ccad-453a-a0bd-2af02cb0a30b,1759834371250969231,812.743,732.234,1,9,,-0.08269376323433018,-7.756343702175313
d01ea4c3-1912-46a0-9798-db3d3f9d2881,74b23a8e-ccad-453a-a0bd-2af02cb0a30b,1759834371255954231,813.175,731.178,1,9,,-0.05461994903490156,-7.688111738515832
d01ea4c3-1912-46a0-9798-db3d3f9d2881,74b23a8e-ccad-453a-a0bd-2af02cb0a30b,1759834371260954231,812.009,731.181,1,9,,-0.13041331238227108,-7.688342867753712
d01ea4c3-1912-46a0-9798-db3d3f9d2881,74b23a8e-ccad-453a-a0bd-2af02cb0a30b,1759834371265954231,816.005,729.643,1,9,,0.12937472876002098,-7.58895889988987
d01ea4c3-1912-46a0-9798-db3d3f9d2881,74b23a8e-ccad-453a-a0bd-2af02cb0a30b,1759834371270954231,813.987,726.597,1,9,,-0.0017629358572567044,-7.39226565507106
d01ea4c3-1912-46a0-9798-db3d3f9d2881,74b23a8e-ccad-453a-a0bd-2af02cb0a30b,1759834371275954231,812.767,729.442,1,9,,-0.08109427493672164,-7.576001842709388
d01ea4c3-1912-46a0-9798-db3d3f9d2881,74b23a8e-ccad-453a-a0bd-2af02cb0a30b,1759834371280960231,811.523,732.885,1,9,,-0.16203174552209929,-7.798381196407288
d01ea4c3-1912-46a0-9798-db3d3f9d2881,74b23a8e-ccad-453a-a0bd-2af02cb0a30b,1759834371285957231,811.036,732.588,1,9,,-0.1937049476437516,-7.7791698870114185
d01ea4c3-1912-46a0-9798-db3d3f9d2881,74b23a8e-ccad-453a-a0bd-2af02cb0a30b,1759834371290954231,808.538,734.171,1,9,,-0.3562060776807999,-7.88138171355067
d01ea4c3-1912-46a0-9798-db3d3f9d2881,74b23a8e-ccad-453a-a0bd-2af02cb0a30b,1759834371295957231,812.228,733.304,1,9,,-0.11620294292131181,-7.825429994067354
d01ea4c3-1912-46a0-9798-db3d3f9d2881,74b23a8e-ccad-453a-a0bd-2af02cb0a30b,1759834371300954231,810.064,731.518,1,9,,-0.25687099482800146,-7.710122565322415
d01ea4c3-1912-46a0-9798-db3d3f9d2881,74b23a8e-ccad-453a-a0bd-2af02cb0a30b,1759834371305956231,806.379,732.678,1,9,,-0.4965023037602793,-7.784965404587281
d01ea4c3-1912-46a0-9798-db3d3f9d2881,74b23a8e-ccad-453a-a0bd-2af02cb0a30b,1759834371310954231,809.467,738.936,1,9,,-0.29598660286953443,-8.189122336627962
d01ea4c3-1912-46a0-9798-db3d3f9d2881,74b23a8e-ccad-453a-a0bd-2af02cb0a30b,1759834371315962231,810.563,736.085,1,9,,-0.22459158457311099,-8.00502062244669
d01ea4c3-1912-46a0-9798-db3d3f9d2881,74b23a8e-ccad-453a-a0bd-2af02cb0a30b,1759834371320954231,816.938,737.984,1,9,,0.1900508240806189,-8.12753593717531
d01ea4c3-1912-46a0-9798-db3d3f9d2881,74b23a8e-ccad-453a-a0bd-2af02cb0a30b,1759834371325968231,817.621,738.24,1,9,,0.23450344400051495,-8.144093960844097
d01ea4c3-1912-46a0-9798-db3d3f9d2881,74b23a8e-ccad-453a-a0bd-2af02cb0a30b,1759834371330955231,820.663,736.808,1,9,,0.43237681081433116,-8.051532866305806
d01ea4c3-1912-46a0-9798-db3d3f9d2881,74b23a8e-ccad-453a-a0bd-2af02cb0a30b,1759834371335964231,812.639,742.776,1,9,,-0.08970346911956725,-8.43702064008852
d01ea4c3-1912-46a0-9798-db3d3f9d2881,74b23a8e-ccad-453a-a0bd-2af02cb0a30b,1759834371340955231,818.522,735.847,1,9,,0.2930972690853597,-7.989554362288006
d01ea4c3-1912-46a0-9798-db3d3f9d2881,74b23a8e-ccad-453a-a0bd-2af02cb0a30b,1759834371345955231,815.771,737.613,1,9,,0.11418631104031525,-8.103647103782032
d01ea4c3-1912-46a0-9798-db3d3f9d2881,74b23a8e-ccad-453a-a0bd-2af02cb0a30b,1759834371350955231,811.721,738.558,1,9,,-0.14930414219298122,-8.164683231329052
d01ea4c3-1912-46a0-9798-db3d3f9d2881,74b23a8e-ccad-453a-a0bd-2af02cb0a30b,1759834371355955231,812.328,740.635,1,9,,-0.10990146428119855,-8.298780718762627
d01ea4c3-1912-46a0-9798-db3d3f9d2881,74b23a8e-ccad-453a-a0bd-2af02cb0a30b,1759834371360955231,814.467,738.104,1,9,,0.02935031747720306,-8.135381155578697
d01ea4c3-1912-46a0-9798-db3d3f9d2881,74b23a8e-ccad-453a-a0bd-2af02cb0a30b,1759834371365955231,812.023,738.765,1,9,,-0.1297132349401212,-8.178073474591685
d01ea4c3-1912-46a0-9798-db3d3f9d2881,74b23a8e-ccad-453a-a0bd-2af02cb0a30b,1759834371370962231,811.393,738.516,1,9,,-0.17064215358091586,-8.161960233090758
d01ea4c3-1912-46a0-9798-db3d3f9d2881,74b23a8e-ccad-453a-a0bd-2af02cb0a30b,1759834371375955231,810.77,741.059,1,9,,-0.21125994193228972,-8.326194374898677
d01ea4c3-1912-46a0-9798-db3d3f9d2881,74b23a8e-ccad-453a-a0bd-2af02cb0a30b,1759834371380955231,811.513,740.408,1,9,,-0.16293627140521302,-8.284167533419039
d01ea4c3-1912-46a0-9798-db3d3f9d2881,74b23a8e-ccad-453a-a0bd-2af02cb0a30b,1759834371385955231,814.295,742.822,1,9,,0.0180611239859127,-8.439986855250702
d01ea4c3-1912-46a0-9798-db3d3f9d2881,74b23a8e-ccad-453a-a0bd-2af02cb0a30b,1759834371391091231,814.199,732.432,1,9,,0.011946624340183787,-7.769082055763275
d01ea4c3-1912-46a0-9798-db3d3f9d2881,74b23a8e-ccad-453a-a0bd-2af02cb0a30b,1759834371396080231,813.973,731.214,1,9,,-0.002742582542917339,-7.690445341899294
d01ea4c3-1912-46a0-9798-db3d3f9d2881,74b23a8e-ccad-453a-a0bd-2af02cb0a30b,1759834371401080231,814.128,729.654,1,9,,0.007392070572302384,-7.589665002490181
d01ea4c3-1912-46a0-9798-db3d3f9d2881,74b23a8e-ccad-453a-a0bd-2af02cb0a30b,1759834371406092231,812.686,728.891,1,9,,-0.08636853040998185,-7.540462413441521
d01ea4c3-1912-46a0-9798-db3d3f9d2881,74b23a8e-ccad-453a-a0bd-2af02cb0a30b,1759834371411080231,813.662,735.009,1,9,,-0.02298699374824125,-7.9355414305510426
d01ea4c3-1912-46a0-9798-db3d3f9d2881,74b23a8e-ccad-453a-a0bd-2af02cb0a30b,1759834371416080231,815.21,733.744,1,9,,0.07766284517776428,-7.853782037320566
d01ea4c3-1912-46a0-9798-db3d3f9d2881,74b23a8e-ccad-453a-a0bd-2af02cb0a30b,1759834371421080231,811.343,737.285,1,,,-0.17389063955689124,-8.082519165193995
d01ea4c3-1912-46a0-9798-db3d3f9d2881,74b23a8e-ccad-453a-a0bd-2af02cb0a30b,1759834371426080231,808.684,736.742,1,,,-0.34684648285812314,-8.047394958768257
d01ea4c3-1912-46a0-9798-db3d3f9d2881,74b23a8e-ccad-453a-a0bd-2af02cb0a30b,1759834371431080231,807.807,719.328,1,,,-0.4030560476884715,-6.92271263374295
d01ea4c3-1912-46a0-9798-db3d3f9d2881,74b23a8e-ccad-453a-a0bd-2af02cb0a30b,1759834371436081231,804.577,711.615,1,,,-0.6123530885807038,-6.42435260019908
d01ea4c3-1912-46a0-9798-db3d3f9d2881,74b23a8e-ccad-453a-a0bd-2af02cb0a30b,1759834371441081231,796.861,708.767,1,,,-1.1129613045550675,-6.240074616714393
d01ea4c3-1912-46a0-9798-db3d3f9d2881,74b23a8e-ccad-453a-a0bd-2af02cb0a30b,1759834371446081231,795.816,698.206,1,,,-1.179758026348453,-5.557515048041966
d01ea4c3-1912-46a0-9798-db3d3f9d2881,74b23a8e-ccad-453a-a0bd-2af02cb0a30b,1759834371451084231,796.621,692.924,1,10,,-1.1271843255816945,-5.216174556604364
d01ea4c3-1912-46a0-9798-db3d3f9d2881,74b23a8e-ccad-453a-a0bd-2af02cb0a30b,1759834371456081231,800.081,691.415,1,10,,-0.9027963521461746,-5.118762471534816
d01ea4c3-1912-46a0-9798-db3d3f9d2881,74b23a8e-ccad-453a-a0bd-2af02cb0a30b,1759834371461081231,799.415,693.726,1,10,,-0.9461213388037757,-5.268111691316742
d01ea4c3-1912-46a0-9798-db3d3f9d2881,74b23a8e-ccad-453a-a0bd-2af02cb0a30b,1759834371466081231,800.528,696.93,1,10,,-0.8741823407680444,-5.475234842833085
d01ea4c3-1912-46a0-9798-db3d3f9d2881,74b23a8e-ccad-453a-a0bd-2af02cb0a30b,1759834371471081231,798.393,704.043,1,10,,-1.0130987537969671,-5.93489858154168
d01ea4c3-1912-46a0-9798-db3d3f9d2881,74b23a8e-ccad-453a-a0bd-2af02cb0a30b,1759834371476081231,798.469,702.838,1,10,,-1.0081015708173275,-5.856998198536118
d01ea4c3-1912-46a0-9798-db3d3f9d2881,74b23a8e-ccad-453a-a0bd-2af02cb0a30b,1759834371481081231,797.688,706.893,1,10,,-1.0591303756988162,-6.1190151091545495
d01ea4c3-1912-46a0-9798-db3d3f9d2881,74b23a8e-ccad-453a-a0bd-2af02cb0a30b,1759834371486084231,796.543,706.599,1,10,,-1.1333733761931553,-6.099939227777436
d01ea4c3-1912-46a0-9798-db3d3f9d2881,74b23a8e-ccad-453a-a0bd-2af02cb0a30b,1759834371491081231,797.911,706.03,1,10,,-1.0445590237251292,-6.063240639312309
d01ea4c3-1912-46a0-9798-db3d3f9d2881,74b23a8e-ccad-453a-a0bd-2af02cb0a30b,1759834371496081231,796.126,707.537,1,10,,-1.1605365021406415,-6.160533663054783
d01ea4c3-1912-46a0-9798-db3d3f9d2881,74b23a8e-ccad-453a-a0bd-2af02cb0a30b,1759834371501081231,795.364,706.469,1,10,,-1.2098546490506121,-6.091482913122871
d01ea4c3-1912-46a0-9798-db3d3f9d2881,74b23a8e-ccad-453a-a0bd-2af02cb0a30b,1759834371506086231,797.573,702.734,1,10,,-1.066184387835423,-5.850242031231337
d01ea4c3-1912-46a0-9798-db3d3f9d2881,74b23a8e-ccad-453a-a0bd-2af02cb0a30b,1759834371511081231,794.977,697.733,1,10,,-1.2341320749874058,-5.52694984234404
d01ea4c3-1912-46a0-9798-db3d3f9d2881,74b23a8e-ccad-453a-a0bd-2af02cb0a30b,1759834371516081231,793.919,698.852,1,10,,-1.3028638572147577,-5.599187792251782
d01ea4c3-1912-46a0-9798-db3d3f9d2881,74b23a8e-ccad-453a-a0bd-2af02cb0a30b,1759834371521094231,793.31,702.074,1,10,,-1.342676291462496,-5.807380725593226
d01ea4c3-1912-46a0-9798-db3d3f9d2881,74b23a8e-ccad-453a-a0bd-2af02cb0a30b,1759834371526087231,790.898,697.443,1,10,,-1.498578203508958,-5.507994994606732
d01ea4c3-1912-46a0-9798-db3d3f9d2881,74b23a8e-ccad-453a-a0bd-2af02cb0a30b,1759834371531208231,795.308,694.989,1,10,,-1.212441174150823,-5.349627052754091
d01ea4c3-1912-46a0-9798-db3d3f9d2881,74b23a8e-ccad-453a-a0bd-2af02cb0a30b,1759834371536206231,797.187,694.871,1,10,,-1.0906513803290876,-5.342038718908005
d01ea4c3-1912-46a0-9798-db3d3f9d2881,74b23a8e-ccad-453a-a0bd-2af02cb0a30b,1759834371541206231,797.179,695.384,1,10,,-1.091169753131087,-5.375219243689543
d01ea4c3-1912-46a0-9798-db3d3f9d2881,74b23a8e-ccad-453a-a0bd-2af02cb0a30b,1759834371546207231,796.761,695.955,1,10,,-1.1183132894167642,-5.412130941779131
d01ea4c3-1912-46a0-9798-db3d3f9d2881,74b23a8e-ccad-453a-a0bd-2af02cb0a30b,1759834371551207231,797.341,695.422,1,10,,-1.0806942993158233,-5.377699147557313
d01ea4c3-1912-46a0-9798-db3d3f9d2881,74b23a8e-ccad-453a-a0bd-2af02cb0a30b,1759834371556207231,792.994,697.561,1,10,,-1.3627010587721953,-5.515752969708386
d01ea4c3-1912-46a0-9798-db3d3f9d2881,74b23a8e-ccad-453a-a0bd-2af02cb0a30b,1759834371561207231,791.911,700.427,1,10,,-1.4332657841371794,-5.700899208348119
d01ea4c3-1912-46a0-9798-db3d3f9d2881,74b23a8e-ccad-453a-a0bd-2af02cb0a30b,1759834371566207231,791.81,698.549,1,10,,-1.4396204809611872,-5.579496979012072
d01ea4c3-1912-46a0-9798-db3d3f9d2881,74b23a8e-ccad-453a-a0bd-2af02cb0a30b,1759834371571207231,795.266,692.99,1,10,,-1.2149842781039366,-5.220395770841869
d01ea4c3-1912-46a0-9798-db3d3f9d2881,74b23a8e-ccad-453a-a0bd-2af02cb0a30b,1759834371576207231,797.862,693.54,1,,,-1.0467579322513898,-5.2560818720487354
d01ea4c3-1912-46a0-9798-db3d3f9d2881,74b23a8e-ccad-453a-a0bd-2af02cb0a30b,1759834371581207231,802.493,696.532,1,,,-0.7467170832768321,-5.449567374957841
d01ea4c3-1912-46a0-9798-db3d3f9d2881,74b23a8e-ccad-453a-a0bd-2af02cb0a30b,1759834371586207231,808.076,693.269,1,,,-0.38461730262741267,-5.2387680603972635
d01ea4c3-1912-46a0-9798-db3d3f9d2881,74b23a8e-ccad-453a-a0bd-2af02cb0a30b,1759834371591207231,843.705,696.39,1,,,1.9250616418084108,-5.439046628923721
d01ea4c3-1912-46a0-9798-db3d3f9d2881,74b23a8e-ccad-453a-a0bd-2af02cb0a30b,1759834371596207231,859.593,692.971,1,,,2.9542051162667344,-5.216384776248525
d01ea4c3-1912-46a0-9798-db3d3f9d2881,74b23a8e-ccad-453a-a0bd-2af02cb0a30b,1759834371601207231,898.904,682.218,1,,,5.496967627973379,-4.51549843409729
d01ea4c3-1912-46a0-9798-db3d3f9d2881,74b23a8e-ccad-453a-a0bd-2af02cb0a30b,1759834371606207231,924.623,677.669,1,,,7.158778950607036,-4.216419993106386
d01ea4c3-1912-46a0-9798-db3d3f9d2881,74b23a8e-ccad-453a-a0bd-2af02cb0a30b,1759834371611207231,934.403,687.631,1,,,7.795024552540429,-4.855579399252424
d01ea4c3-1912-46a0-9798-db3d3f9d2881,74b23a8e-ccad-453a-a0bd-2af02cb0a30b,1759834371616207231,941.574,692.779,1,11,,8.261136795488744,-5.1847388872204005
d01ea4c3-1912-46a0-9798-db3d3f9d2881,74b23a8e-ccad-453a-a0bd-2af02cb0a30b,1759834371621221231,941.466,690.036,1,11,,8.252747552648657,-5.0081771901448295
d01ea4c3-1912-46a0-9798-db3d3f9d2881,74b23a8e-ccad-453a-a0bd-2af02cb0a30b,1759834371626207231,934.95,691.026,1,11,,7.83189546015196,-5.074007008820207
d01ea4c3-1912-46a0-9798-db3d3f9d2881,74b23a8e-ccad-453a-a0bd-2af02cb0a30b,1759834371631207231,934.561,690.184,1,11,,7.806344032924065,-5.019944473781036
d01ea4c3-1912-46a0-9798-db3d3f9d2881,74b23a8e-ccad-453a-a0bd-2af02cb0a30b,1759834371636210231,934.001,684.295,1,11,,7.767552553319662,-4.640816291061158
d01ea4c3-1912-46a0-9798-db3d3f9d2881,74b23a8e-ccad-453a-a0bd-2af02cb0a30b,1759834371641207231,938.34,688.992,1,11,,8.05019388512101,-4.942004536533783
d01ea4c3-1912-46a0-9798-db3d3f9d2881,74b23a8e-ccad-453a-a0bd-2af02cb0a30b,1759834371646208231,942.219,689.01,1,11,,8.3009383964667,-4.941900223762014
d01ea4c3-1912-46a0-9798-db3d3f9d2881,74b23a8e-ccad-453a-a0bd-2af02cb0a30b,1759834371651207231,940.55,688.81,1,11,,8.192935568715352,-4.929581898209299
d01ea4c3-1912-46a0-9798-db3d3f9d2881,74b23a8e-ccad-453a-a0bd-2af02cb0a30b,1759834371656208231,938.271,688.864,1,11,,8.045623649865808,-4.933797737167565
d01ea4c3-1912-46a0-9798-db3d3f9d2881,74b23a8e-ccad-453a-a0bd-2af02cb0a30b,1759834371661333231,938.133,687.686,1,11,,8.036149709485274,-4.85796572519869
d01ea4c3-1912-46a0-9798-db3d3f9d2881,74b23a8e-ccad-453a-a0bd-2af02cb0a30b,1759834371666333231,937.874,686.664,1,11,,8.018971100627585,-4.792267138627697
d01ea4c3-1912-46a0-9798-db3d3f9d2881,74b23a8e-ccad-453a-a0bd-2af02cb0a30b,1759834371671333231,932.761,685.627,1,11,,7.688001154986256,-4.726999530164054
d01ea4c3-1912-46a0-9798-db3d3f9d2881,74b23a8e-ccad-453a-a0bd-2af02cb0a30b,1759834371676333231,934.376,687.518,1,11,,7.793190851366836,-4.848323803671006
d01ea4c3-1912-46a0-9798-db3d3f9d2881,74b23a8e-ccad-453a-a0bd-2af02cb0a30b,1759834371681333231,935.831,687.345,1,11,,7.8872251781022324,-4.836716162027845
d01ea4c3-1912-46a0-9798-db3d3f9d2881,74b23a8e-ccad-453a-a0bd-2af02cb0a30b,1759834371686333231,936.92,686.289,1,11,,7.957144249679795,-4.768364180860807
d01ea4c3-1912-46a0-9798-db3d3f9d2881,74b23a8e-ccad-453a-a0bd-2af02cb0a30b,1759834371691333231,942.702,681.727,1,11,,8.328842196599275,-4.472929380197635
d01ea4c3-1912-46a0-9798-db3d3f9d2881,74b23a8e-ccad-453a-a0bd-2af02cb0a30b,1759834371696333231,942.36,682.904,1,11,,8.307214819756819,-4.5488352591803185
d01ea4c3-1912-46a0-9798-db3d3f9d2881,74b23a8e-ccad-453a-a0bd-2af02cb0a30b,1759834371701333231,937.003,684.119,1,11,,7.9615707634857396,-4.628653768551074
d01ea4c3-1912-46a0-9798-db3d3f9d2881,74b23a8e-ccad-453a-a0bd-2af02cb0a30b,1759834371706336231,935.626,688.395,1,11,,7.874407182394814,-4.90436572661733
d01ea4c3-1912-46a0-9798-db3d3f9d2881,74b23a8e-ccad-453a-a0bd-2af02cb0a30b,1759834371711333231,937.651,689.956,1,11,,8.006103563536717,-5.004305115800707
d01ea4c3-1912-46a0-9798-db3d3f9d2881,74b23a8e-ccad-453a-a0bd-2af02cb0a30b,1759834371716333231,937.188,689.368,1,11,,7.975879656281113,-4.966552619352505
d01ea4c3-1912-46a0-9798-db3d3f9d2881,74b23a8e-ccad-453a-a0bd-2af02cb0a30b,1759834371721333231,937.969,689.52,1,11,,8.026420002839854,-4.976098466300459
d01ea4c3-1912-46a0-9798-db3d3f9d2881,74b23a8e-ccad-453a-a0bd-2af02cb0a30b,1759834371726333231,936.547,685.281,1,11,,7.932553000104611,-4.703610920299629
d01ea4c3-1912-46a0-9798-db3d3f9d2881,74b23a8e-ccad-453a-a0bd-2af02cb0a30b,1759834371731343231,934.253,688.899,1,11,,7.785871810060696,-4.93729723079869
d01ea4c3-1912-46a0-9798-db3d3f9d2881,74b23a8e-ccad-453a-a0bd-2af02cb0a30b,1759834371736333231,938.871,684.527,1,11,,8.08246886033104,-4.65432836092519
d01ea4c3-1912-46a0-9798-db3d3f9d2881,74b23a8e-ccad-453a-a0bd-2af02cb0a30b,1759834371741333231,938.733,684.807,1,11,,8.073661170953573,-4.672439438747063
d01ea4c3-1912-46a0-9798-db3d3f9d2881,74b23a8e-ccad-453a-a0bd-2af02cb0a30b,1759834371746333231,936.848,685.278,1,11,,7.952033458475138,-4.703293067084672
d01ea4c3-1912-46a0-9798-db3d3f9d2881,74b23a8e-ccad-453a-a0bd-2af02cb0a30b,1759834371751333231,937.407,684.988,1,11,,7.988050805554654,-4.684489179100281
d01ea4c3-1912-46a0-9798-db3d3f9d2881,74b23a8e-ccad-453a-a0bd-2af02cb0a30b,1759834371756333231,935.221,686.733,1,11,,7.847485218859094,-4.7974741133203445
d01ea4c3-1912-46a0-9798-db3d3f9d2881,74b23a8e-ccad-453a-a0bd-2af02cb0a30b,1759834371761333231,936.512,687.808,1,11,,7.931432405107304,-4.866342867408128
d01ea4c3-1912-46a0-9798-db3d3f9d2881,74b23a8e-ccad-453a-a0bd-2af02cb0a30b,1759834371766341231,933.783,685.312,1,11,,7.753934234232404,-4.706405756798403
d01ea4c3-1912-46a0-9798-db3d3f9d2881,74b23a8e-ccad-453a-a0bd-2af02cb0a30b,1759834371771345231,932.645,685.562,1,11,,7.6804528987784435,-4.722807354778996
d01ea4c3-1912-46a0-9798-db3d3f9d2881,74b23a8e-ccad-453a-a0bd-2af02cb0a30b,1759834371776337231,930.73,687.431,1,11,,7.55739428859679,-4.843765597797942
d01ea4c3-1912-46a0-9798-db3d3f9d2881,74b23a8e-ccad-453a-a0bd-2af02cb0a30b,1759834371781334231,933.093,687.441,1,11,,7.710240200550103,-4.843696284528542
d01ea4c3-1912-46a0-9798-db3d3f9d2881,74b23a8e-ccad-453a-a0bd-2af02cb0a30b,1759834371786334231,934.316,683.041,1,11,,7.787416431505953,-4.559989992265293
d01ea4c3-1912-46a0-9798-db3d3f9d2881,74b23a8e-ccad-453a-a0bd-2af02cb0a30b,1759834371791334231,938.339,684.866,1,11,,8.048225181034985,-4.676326469715336
d01ea4c3-1912-46a0-9798-db3d3f9d2881,74b23a8e-ccad-453a-a0bd-2af02cb0a30b,1759834371796459231,941.456,684.688,1,11,,8.249614351209846,-4.663930235077171
d01ea4c3-1912-46a0-9798-db3d3f9d2881,74b23a8e-ccad-453a-a0bd-2af02cb0a30b,1759834371801459231,940.35,686.662,1,11,,8.179018476318289,-4.791356234632114
d01ea4c3-1912-46a0-9798-db3d3f9d2881,74b23a8e-ccad-453a-a0bd-2af02cb0a30b,1759834371806459231,937.797,681.52,1,11,,8.01172787403983,-4.461011538662995
d01ea4c3-1912-46a0-9798-db3d3f9d2881,74b23a8e-ccad-453a-a0bd-2af02cb0a30b,1759834371811473231,940.005,679.259,1,11,,8.153507976855312,-4.314850386826163
d01ea4c3-1912-46a0-9798-db3d3f9d2881,74b23a8e-ccad-453a-a0bd-2af02cb0a30b,1759834371816469231,939.253,686.34,1,11,,8.107977520304264,-4.770987892889335
d01ea4c3-1912-46a0-9798-db3d3f9d2881,74b23a8e-ccad-453a-a0bd-2af02cb0a30b,1759834371821459231,942.529,684.931,1,11,,8.319053205803325,-4.679248913428122
d01ea4c3-1912-46a0-9798-db3d3f9d2881,74b23a8e-ccad-453a-a0bd-2af02cb0a30b,1759834371826459231,939.04,682.912,1,11,,8.092703006074663,-4.5502818807815695
d01ea4c3-1912-46a0-9798-db3d3f9d2881,74b23a8e-ccad-453a-a0bd-2af02cb0a30b,1759834371831472231,938.743,685.488,1,11,,8.074606902880852,-4.716253952175344
d01ea4c3-1912-46a0-9798-db3d3f9d2881,74b23a8e-ccad-453a-a0bd-2af02cb0a30b,1759834371836459231,938.833,684.371,1,11,,8.07995815566153,-4.6443146903085815
d01ea4c3-1912-46a0-9798-db3d3f9d2881,74b23a8e-ccad-453a-a0bd-2af02cb0a30b,1759834371841474231,937.4,684.591,1,11,,7.987387674109721,-4.658889999754998
d01ea4c3-1912-46a0-9798-db3d3f9d2881,74b23a8e-ccad-453a-a0bd-2af02cb0a30b,1759834371846460231,939.386,691.466,1,11,,8.119009461696432,-5.100934098810208
d01ea4c3-1912-46a0-9798-db3d3f9d2881,74b23a8e-ccad-453a-a0bd-2af02cb0a30b,1759834371851459231,939.556,691.9,1,11,,8.130176342166514,-5.128802600827664
d01ea4c3-1912-46a0-9798-db3d3f9d2881,74b23a8e-ccad-453a-a0bd-2af02cb0a30b,1759834371856459231,937.944,690.77,1,11,,8.025424655108765,-5.056585843919065
d01ea4c3-1912-46a0-9798-db3d3f9d2881,74b23a8e-ccad-453a-a0bd-2af02cb0a30b,1759834371861460231,937.852,691.601,1,11,,8.019859324136714,-5.110136971506512
d01ea4c3-1912-46a0-9798-db3d3f9d2881,74b23a8e-ccad-453a-a0bd-2af02cb0a30b,1759834371866460231,937.333,690.156,1,11,,7.9856327097925615,-5.017253089459432
d01ea4c3-1912-46a0-9798-db3d3f9d2881,74b23a8e-ccad-453a-a0bd-2af02cb0a30b,1759834371871464231,937.252,689.281,1,11,,7.979931483575039,-4.960928574140744
d01ea4c3-1912-46a0-9798-db3d3f9d2881,74b23a8e-ccad-453a-a0bd-2af02cb0a30b,1759834371876460231,934.551,689.334,1,11,,7.8053082341769455,-4.9652032475887
d01ea4c3-1912-46a0-9798-db3d3f9d2881,74b23a8e-ccad-453a-a0bd-2af02cb0a30b,1759834371881460231,935.827,689.345,1,11,,7.887844235107765,-4.965533658785281
d01ea4c3-1912-46a0-9798-db3d3f9d2881,74b23a8e-ccad-453a-a0bd-2af02cb0a30b,1759834371886460231,932.476,690.677,1,11,,7.671758068648557,-5.052345121716827
d01ea4c3-1912-46a0-9798-db3d3f9d2881,74b23a8e-ccad-453a-a0bd-2af02cb0a30b,1759834371891460231,933.302,689.167,1,11,,7.724502680736707,-4.954844334666351
d01ea4c3-1912-46a0-9798-db3d3f9d2881,74b23a8e-ccad-453a-a0bd-2af02cb0a30b,1759834371896464231,930.552,691.169,1,11,,7.547542459608334,-5.084607199633799
d01ea4c3-1912-46a0-9798-db3d3f9d2881,74b23a8e-ccad-453a-a0bd-2af02cb0a30b,1759834371901460231,945.312,694.12,1,11,,8.503469958490033,-5.2697366131022845
d01ea4c3-1912-46a0-9798-db3d3f9d2881,74b23a8e-ccad-453a-a0bd-2af02cb0a30b,1759834371906460231,941.511,693.655,1,11,,8.25749534096597,-5.241142598240865
d01ea4c3-1912-46a0-9798-db3d3f9d2881,74b23a8e-ccad-453a-a0bd-2af02cb0a30b,1759834371911460231,939.264,696.402,1,,,8.113536241838046,-5.418713148863018
d01ea4c3-1912-46a0-9798-db3d3f9d2881,74b23a8e-ccad-453a-a0bd-2af02cb0a30b,1759834371916460231,938.529,697.132,1,,,8.066412365327384,-5.465987654530152
d01ea4c3-1912-46a0-9798-db3d3f9d2881,74b23a8e-ccad-453a-a0bd-2af02cb0a30b,1759834371921460231,937.873,684.035,1,,,8.017748007994742,-4.622946002151467
d01ea4c3-1912-46a0-9798-db3d3f9d2881,74b23a8e-ccad-453a-a0bd-2af02cb0a30b,1759834371926460231,933.078,672.179,1,,,7.703263710086764,-3.8606275482684307
d01ea4c3-1912-46a0-9798-db3d3f9d2881,74b23a8e-ccad-453a-a0bd-2af02cb0a30b,1759834371931585231,930.587,626.559,1,,,7.532795760421973,-0.9210104142150023
d01ea4c3-1912-46a0-9798-db3d3f9d2881,74b23a8e-ccad-453a-a0bd-2af02cb0a30b,1759834371936585231,904.912,605.739,1,,,5.875077016719339,0.4216478083388988
d01ea4c3-1912-46a0-9798-db3d3f9d2881,74b23a8e-ccad-453a-a0bd-2af02cb0a30b,1759834371941585231,891.33,582.652,1,,,4.999526939886086,1.9130325956673717
d01ea4c3-1912-46a0-9798-db3d3f9d2881,74b23a8e-ccad-453a-a0bd-2af02cb0a30b,1759834371946588231,880.558,525.322,1,,,4.31424778100852,5.61684332553498
d01ea4c3-1912-46a0-9798-db3d3f9d2881,74b23a8e-ccad-453a-a0bd-2af02cb0a30b,1759834371951585231,851.734,508.388,1,,,2.448945742625704,6.715288881050486
d01ea4c3-1912-46a0-9798-db3d3f9d2881,74b23a8e-ccad-453a-a0bd-2af02cb0a30b,1759834371956590231,838.328,451.871,1,,,1.5872733170691233,10.365491078764286
d01ea4c3-1912-46a0-9798-db3d3f9d2881,74b23a8e-ccad-453a-a0bd-2af02cb0a30b,1759834371961592231,819.259,432.096,1,,,0.34254252556203574,11.642623713828634
d01ea4c3-1912-46a0-9798-db3d3f9d2881,74b23a8e-ccad-453a-a0bd-2af02cb0a30b,1759834371966585231,800.451,418.331,1,,,-0.8912538142830024,12.5297966635776
d01ea4c3-1912-46a0-9798-db3d3f9d2881,74b23a8e-ccad-453a-a0bd-2af02cb0a30b,1759834371971586231,802.212,410.104,1,,,-0.7768549266098933,13.059984624772923
d01ea4c3-1912-46a0-9798-db3d3f9d2881,74b23a8e-ccad-453a-a0bd-2af02cb0a30b,1759834371976585231,811.414,391.246,1,12,,-0.17314780993686565,14.274887660485856
d01ea4c3-1912-46a0-9798-db3d3f9d2881,74b23a8e-ccad-453a-a0bd-2af02cb0a30b,1759834371981586231,810.444,396.096,1,12,,-0.2367818071588437,13.962561875550952
d01ea4c3-1912-46a0-9798-db3d3f9d2881,74b23a8e-ccad-453a-a0bd-2af02cb0a30b,1759834371986586231,803.687,400.744,1,12,,-0.6811768752067321,13.663049600113137
d01ea4c3-1912-46a0-9798-db3d3f9d2881,74b23a8e-ccad-453a-a0bd-2af02cb0a30b,1759834371991586231,803.818,393.844,1,12,,-0.673484009110922,14.107402163926151
d01ea4c3-1912-46a0-9798-db3d3f9d2881,74b23a8e-ccad-453a-a0bd-2af02cb0a30b,1759834371996586231,804.152,394.638,1,12,,-0.6513900203938671,14.056300036588176
d01ea4c3-1912-46a0-9798-db3d3f9d2881,74b23a8e-ccad-453a-a0bd-2af02cb0a30b,1759834372001586231,803.87,395.308,1,12,,-0.6698337746646489,14.013167469015952
d01ea4c3-1912-46a0-9798-db3d3f9d2881,74b23a8e-ccad-453a-a0bd-2af02cb0a30b,1759834372006586231,800.807,389.279,1,12,,-0.8727019745413075,14.401141558040178
d01ea4c3-1912-46a0-9798-db3d3f9d2881,74b23a8e-ccad-453a-a0bd-2af02cb0a30b,1759834372011586231,801.623,389.694,1,12,,-0.8188396393236548,14.374526060888238
d01ea4c3-1912-46a0-9798-db3d3f9d2881,74b23a8e-ccad-453a-a0bd-2af02cb0a30b,1759834372016589231,802.725,390.446,1,12,,-0.74603092579814,14.326127239340101
d01ea4c3-1912-46a0-9798-db3d3f9d2881,74b23a8e-ccad-453a-a0bd-2af02cb0a30b,1759834372021586231,801.917,389.405,1,12,,-0.7995013618125344,14.393115865866443
d01ea4c3-1912-46a0-9798-db3d3f9d2881,74b23a8e-ccad-453a-a0bd-2af02cb0a30b,1759834372026586231,800.655,389.946,1,12,,-0.8826071595570539,14.358200692712511
d01ea4c3-1912-46a0-9798-db3d3f9d2881,74b23a8e-ccad-453a-a0bd-2af02cb0a30b,1759834372031586231,801.481,390.197,1,12,,-0.8280824976226753,14.342118194425211
d01ea4c3-1912-46a0-9798-db3d3f9d2881,74b23a8e-ccad-453a-a0bd-2af02cb0a30b,1759834372036586231,802.716,393.498,1,12,,-0.7461704941199832,14.129635321110156
d01ea4c3-1912-46a0-9798-db3d3f9d2881,74b23a8e-ccad-453a-a0bd-2af02cb0a30b,1759834372041595231,803.135,395.219,1,12,,-0.7182739952811007,14.018835837990746
d01ea4c3-1912-46a0-9798-db3d3f9d2881,74b23a8e-ccad-453a-a0bd-2af02cb0a30b,1759834372046586231,803.097,394.531,1,12,,-0.7208886381470951,14.06312178161755
d01ea4c3-1912-46a0-9798-db3d3f9d2881,74b23a8e-ccad-453a-a0bd-2af02cb0a30b,1759834372051586231,803.488,393.647,1,12,,-0.6952771534189873,14.120083409715043
d01ea4c3-1912-46a0-9798-db3d3f9d2881,74b23a8e-ccad-453a-a0bd-2af02cb0a30b,1759834372056591231,804.817,389.675,1,12,,-0.6082384732009586,14.375873027404474
d01ea4c3-1912-46a0-9798-db3d3f9d2881,74b23a8e-ccad-453a-a0bd-2af02cb0a30b,1759834372061586231,799.443,395.544,1,12,,-0.9614145894410261,13.997626763200834
d01ea4c3-1912-46a0-9798-db3d3f9d2881,74b23a8e-ccad-453a-a0bd-2af02cb0a30b,1759834372066711231,800.708,394.999,1,12,,-0.8782158513374804,14.032865672565626
d01ea4c3-1912-46a0-9798-db3d3f9d2881,74b23a8e-ccad-453a-a0bd-2af02cb0a30b,1759834372071711231,800.445,394.992,1,12,,-0.8955103349781198,14.033266300007492
d01ea4c3-1912-46a0-9798-db3d3f9d2881,74b23a8e-ccad-453a-a0bd-2af02cb0a30b,1759834372076711231,800.628,396.915,1,12,,-0.8831708898122049,13.909425654759982
d01ea4c3-1912-46a0-9798-db3d3f9d2881,74b23a8e-ccad-453a-a0bd-2af02cb0a30b,1759834372081712231,801.522,395.247,1,12,,-0.8245337252556224,14.016941408585527
d01ea4c3-1912-46a0-9798-db3d3f9d2881,74b23a8e-ccad-453a-a0bd-2af02cb0a30b,1759834372086714231,800.047,394.433,1,12,,-0.9218725016228648,14.069263725572473
d01ea4c3-1912-46a0-9798-db3d3f9d2881,74b23a8e-ccad-453a-a0bd-2af02cb0a30b,1759834372091712231,798.53,393.459,1,12,,-1.0219787202186537,14.131832439185269
d01ea4c3-1912-46a0-9798-db3d3f9d2881,74b23a8e-ccad-453a-a0bd-2af02cb0a30b,1759834372096715231,800.662,395.478,1,12,,-0.8811270667406572,14.0019845004606
d01ea4c3-1912-46a0-9798-db3d3f9d2881,74b23a8e-ccad-453a-a0bd-2af02cb0a30b,1759834372101712231,802.624,397.324,1,12,,-0.7516379267585228,13.88322313510239
d01ea4c3-1912-46a0-9798-db3d3f9d2881,74b23a8e-ccad-453a-a0bd-2af02cb0a30b,1759834372106712231,799.414,391.258,1,12,,-0.9642031870702468,14.273612818345686
d01ea4c3-1912-46a0-9798-db3d3f9d2881,74b23a8e-ccad-453a-a0bd-2af02cb0a30b,1759834372111712231,800.806,393.53,1,12,,-0.8719914260796815,14.127480619210903
d01ea4c3-1912-46a0-9798-db3d3f9d2881,74b23a8e-ccad-453a-a0bd-2af02cb0a30b,1759834372116712231,802.774,404.314,1,,,-0.7407237484424292,13.433065150633906
d01ea4c3-1912-46a0-9798-db3d3f9d2881,74b23a8e-ccad-453a-a0bd-2af02cb0a30b,1759834372121712231,802.222,402.687,1,,,-0.7772590607276829,13.537833880521326
d01ea4c3-1912-46a0-9798-db3d3f9d2881,74b23a8e-ccad-453a-a0bd-2af02cb0a30b,1759834372126712231,801.268,405.061,1,,,-0.8396862382818427,13.38484200888771
d01ea4c3-1912-46a0-9798-db3d3f9d2881,74b23a8e-ccad-453a-a0bd-2af02cb0a30b,1759834372131712231,801.664,409.175,1,,,-0.8129826059858779,13.119804438852208
d01ea4c3-1912-46a0-9798-db3d3f9d2881,74b23a8e-ccad-453a-a0bd-2af02cb0a30b,1759834372136712231,809.401,422.403,1,13,,-0.30366344522046873,12.267646276547975
d01ea4c3-1912-46a0-9798-db3d3f9d2881,74b23a8e-ccad-453a-a0bd-2af02cb0a30b,1759834372141712231,809.208,425.38,1,13,,-0.31612025191006465,12.075795430434237
d01ea4c3-1912-46a0-9798-db3d3f9d2881,74b23a8e-ccad-453a-a0bd-2af02cb0a30b,1759834372146712231,809.281,424.015,1,13,,-0.3113834976828447,12.163770925606656
d01ea4c3-1912-46a0-9798-db3d3f9d2881,74b23a8e-ccad-453a-a0bd-2af02cb0a30b,1759834372151725231,805.046,425.108,1,13,,-0.5889849378705443,12.093216234986572
d01ea4c3-1912-46a0-9798-db3d3f9d2881,74b23a8e-ccad-453a-a0bd-2af02cb0a30b,1759834372156712231,807.63,424.08,1,13,,-0.41965481947339206,12.159573829593922
d01ea4c3-1912-46a0-9798-db3d3f9d2881,74b23a8e-ccad-453a-a0bd-2af02cb0a30b,1759834372161712231,804.212,430.08,1,13,,-0.6430780472608097,11.772632723158411
d01ea4c3-1912-46a0-9798-db3d3f9d2881,74b23a8e-ccad-453a-a0bd-2af02cb0a30b,1759834372166712231,806.324,427.568,1,13,,-0.5049240841855791,11.934689384721892
d01ea4c3-1912-46a0-9798-db3d3f9d2881,74b23a8e-ccad-453a-a0bd-2af02cb0a30b,1759834372171718231,807.186,424.289,1,13,,-0.44874577858604286,12.146076515463324
d01ea4c3-1912-46a0-9798-db3d3f9d2881,74b23a8e-ccad-453a-a0bd-2af02cb0a30b,1759834372176712231,805.264,427.362,1,13,,-0.5744481654211786,11.947902277706385
d01ea4c3-1912-46a0-9798-db3d3f9d2881,74b23a8e-ccad-453a-a0bd-2af02cb0a30b,1759834372181713231,806.538,424.92,1,13,,-0.491169496145614,12.105406187870136
d01ea4c3-1912-46a0-9798-db3d3f9d2881,74b23a8e-ccad-453a-a0bd-2af02cb0a30b,1759834372186718231,806.826,422.975,1,13,,-0.4724328909730138,12.230738516545369
d01ea4c3-1912-46a0-9798-db3d3f9d2881,74b23a8e-ccad-453a-a0bd-2af02cb0a30b,1759834372191721231,801.774,426.041,1,13,,-0.8032965502249103,12.032924377802633
d01ea4c3-1912-46a0-9798-db3d3f9d2881,74b23a8e-ccad-453a-a0bd-2af02cb0a30b,1759834372196713231,806.37,422.716,1,13,,-0.5023996172386336,12.247459597467316
d01ea4c3-1912-46a0-9798-db3d3f9d2881,74b23a8e-ccad-453a-a0bd-2af02cb0a30b,1759834372201713231,806.875,421.889,1,13,,-0.4693481483545949,12.300744431095614
d01ea4c3-1912-46a0-9798-db3d3f9d2881,74b23a8e-ccad-453a-a0bd-2af02cb0a30b,1759834372206720231,807.096,424.031,1,13,,-0.4546905551200633,12.16272021421944
d01ea4c3-1912-46a0-9798-db3d3f9d2881,74b23a8e-ccad-453a-a0bd-2af02cb0a30b,1759834372211838231,809.246,425.542,1,13,,-0.31359710681753483,12.065308821740178
d01ea4c3-1912-46a0-9798-db3d3f9d2881,74b23a8e-ccad-453a-a0bd-2af02cb0a30b,1759834372216838231,809.147,425.723,1,13,,-0.3200666722678502,12.0536926092271
d01ea4c3-1912-46a0-9798-db3d3f9d2881,74b23a8e-ccad-453a-a0bd-2af02cb0a30b,1759834372221846231,808.753,426.265,1,13,,-0.34585395390285634,12.018691335564656
d01ea4c3-1912-46a0-9798-db3d3f9d2881,74b23a8e-ccad-453a-a0bd-2af02cb0a30b,1759834372226838231,810.311,431.7,1,13,,-0.2434769558038068,11.668312629666564
d01ea4c3-1912-46a0-9798-db3d3f9d2881,74b23a8e-ccad-453a-a0bd-2af02cb0a30b,1759834372231838231,806.645,430.478,1,13,,-0.4836287659666892,11.747081715126644
d01ea4c3-1912-46a0-9798-db3d3f9d2881,74b23a8e-ccad-453a-a0bd-2af02cb0a30b,1759834372236838231,806.972,427.897,1,13,,-0.4624309047696929,11.913468866887246
d01ea4c3-1912-46a0-9798-db3d3f9d2881,74b23a8e-ccad-453a-a0bd-2af02cb0a30b,1759834372241838231,806.055,426.973,1,13,,-0.5226632734425923,11.973035340383582
d01ea4c3-1912-46a0-9798-db3d3f9d2881,74b23a8e-ccad-453a-a0bd-2af02cb0a30b,1759834372246840231,805.602,430.142,1,13,,-0.5519956083038982,11.768697064962046
d01ea4c3-1912-46a0-9798-db3d3f9d2881,74b23a8e-ccad-453a-a0bd-2af02cb0a30b,1759834372251838231,803.962,426.727,1,13,,-0.6598021645030238,11.988804900188354
d01ea4c3-1912-46a0-9798-db3d3f9d2881,74b23a8e-ccad-453a-a0bd-2af02cb0a30b,1759834372256838231,805.448,427.992,1,13,,-0.5623213442186298,11.907275858224995
d01ea4c3-1912-46a0-9798-db3d3f9d2881,74b23a8e-ccad-453a-a0bd-2af02cb0a30b,1759834372261838231,803.835,424.274,1,13,,-0.6684749124651018,12.146920113293422
d01ea4c3-1912-46a0-9798-db3d3f9d2881,74b23a8e-ccad-453a-a0bd-2af02cb0a30b,1759834372266838231,805.137,424.165,1,13,,-0.583086459352873,12.153969668153486
d01ea4c3-1912-46a0-9798-db3d3f9d2881,74b23a8e-ccad-453a-a0bd-2af02cb0a30b,1759834372271838231,805.687,417.703,1,13,,-0.5476992280508108,12.570533855095258
d01ea4c3-1912-46a0-9798-db3d3f9d2881,74b23a8e-ccad-453a-a0bd-2af02cb0a30b,1759834372276843231,805.319,418.955,1,13,,-0.5716868574570494,12.489819272805077
d01ea4c3-1912-46a0-9798-db3d3f9d2881,74b23a8e-ccad-453a-a0bd-2af02cb0a30b,1759834372281838231,807.9,421.126,1,13,,-0.40218916340014915,12.349961755220018
d01ea4c3-1912-46a0-9798-db3d3f9d2881,74b23a8e-ccad-453a-a0bd-2af02cb0a30b,1759834372286839231,808.39,422.122,1,13,,-0.3699541360315972,12.285772676340269
d01ea4c3-1912-46a0-9798-db3d3f9d2881,74b23a8e-ccad-453a-a0bd-2af02cb0a30b,1759834372291838231,803.872,419.893,1,13,,-0.6665495940733945,12.429309890963305
d01ea4c3-1912-46a0-9798-db3d3f9d2881,74b23a8e-ccad-453a-a0bd-2af02cb0a30b,1759834372296839231,803.541,423.691,1,13,,-0.6877938504358794,12.184500933385207
d01ea4c3-1912-46a0-9798-db3d3f9d2881,74b23a8e-ccad-453a-a0bd-2af02cb0a30b,1759834372301839231,805.253,423.84,1,13,,-0.5755452074236593,12.17492998612685
d01ea4c3-1912-46a0-9798-db3d3f9d2881,74b23a8e-ccad-453a-a0bd-2af02cb0a30b,1759834372306839231,805.272,422.493,1,13,,-0.5744339728610175,12.261778861715449
d01ea4c3-1912-46a0-9798-db3d3f9d2881,74b23a8e-ccad-453a-a0bd-2af02cb0a30b,1759834372311842231,804.075,420.484,1,13,,-0.6531248236818681,12.391212545274755
d01ea4c3-1912-46a0-9798-db3d3f9d2881,74b23a8e-ccad-453a-a0bd-2af02cb0a30b,1759834372316842231,801.218,420.14,1,13,,-0.8406064617450058,12.413256571885237
d01ea4c3-1912-46a0-9798-db3d3f9d2881,74b23a8e-ccad-453a-a0bd-2af02cb0a30b,1759834372321839231,799.869,419.317,1,13,,-0.9292445137893667,12.466211282117877
d01ea4c3-1912-46a0-9798-db3d3f9d2881,74b23a8e-ccad-453a-a0bd-2af02cb0a30b,1759834372326839231,802.831,423.122,1,13,,-0.7343908647429446,12.221108811010206
d01ea4c3-1912-46a0-9798-db3d3f9d2881,74b23a8e-ccad-453a-a0bd-2af02cb0a30b,1759834372331846231,801.177,423.684,1,13,,-0.8427660963103452,12.184779420120407
d01ea4c3-1912-46a0-9798-db3d3f9d2881,74b23a8e-ccad-453a-a0bd-2af02cb0a30b,1759834372336839231,803.061,421.493,1,13,,-0.7195295385483133,12.326145083813348
d01ea4c3-1912-46a0-9798-db3d3f9d2881,74b23a8e-ccad-453a-a0bd-2af02cb0a30b,1759834372341964231,802.724,419.974,1,13,,-0.7418645725730807,12.424002322733466
d01ea4c3-1912-46a0-9798-db3d3f9d2881,74b23a8e-ccad-453a-a0bd-2af02cb0a30b,1759834372346964231,807.563,415.508,1,13,,-0.4247686192313359,12.711989059337816
d01ea4c3-1912-46a0-9798-db3d3f9d2881,74b23a8e-ccad-453a-a0bd-2af02cb0a30b,1759834372351964231,808.446,421.186,1,13,,-0.3663890045391211,12.346110266409337
d01ea4c3-1912-46a0-9798-db3d3f9d2881,74b23a8e-ccad-453a-a0bd-2af02cb0a30b,1759834372356964231,806.89,422.363,1,13,,-0.46830095837229807,12.27017705607201
d01ea4c3-1912-46a0-9798-db3d3f9d2881,74b23a8e-ccad-453a-a0bd-2af02cb0a30b,1759834372361964231,805.172,422.746,1,13,,-0.5809275952984183,12.245460627861888
d01ea4c3-1912-46a0-9798-db3d3f9d2881,74b23a8e-ccad-453a-a0bd-2af02cb0a30b,1759834372366964231,803.956,421.024,1,13,,-0.6609160310543566,12.356392873504754
d01ea4c3-1912-46a0-9798-db3d3f9d2881,74b23a8e-ccad-453a-a0bd-2af02cb0a30b,1759834372371964231,807.089,418.123,1,13,,-0.4556511499281812,12.543477594901027
d01ea4c3-1912-46a0-9798-db3d3f9d2881,74b23a8e-ccad-453a-a0bd-2af02cb0a30b,1759834372376967231,806.708,417.914,1,13,,-0.48065240164136486,12.556912050245154
d01ea4c3-1912-46a0-9798-db3d3f9d2881,74b23a8e-ccad-453a-a0bd-2af02cb0a30b,1759834372381964231,806.507,416.555,1,13,,-0.493961182995283,12.644512906364417
d01ea4c3-1912-46a0-9798-db3d3f9d2881,74b23a8e-ccad-453a-a0bd-2af02cb0a30b,1759834372386964231,806.896,414.893,1,13,,-0.4685827915574039,12.751634517508505
d01ea4c3-1912-46a0-9798-db3d3f9d2881,74b23a8e-ccad-453a-a0bd-2af02cb0a30b,1759834372391964231,805.01,417.4,1,13,,-0.5921238233568942,12.589981844516217
d01ea4c3-1912-46a0-9798-db3d3f9d2881,74b23a8e-ccad-453a-a0bd-2af02cb0a30b,1759834372396964231,804.125,418.552,1,,,-0.6500710035437853,12.515709142408333
d01ea4c3-1912-46a0-9798-db3d3f9d2881,74b23a8e-ccad-453a-a0bd-2af02cb0a30b,1759834372401965231,807.327,418.458,1,,,-0.44000091442445577,12.521898146827365
d01ea4c3-1912-46a0-9798-db3d3f9d2881,74b23a8e-ccad-453a-a0bd-2af02cb0a30b,1759834372406965231,822.889,415.063,1,,,0.5813935476844566,12.740317698330859
d01ea4c3-1912-46a0-9798-db3d3f9d2881,74b23a8e-ccad-453a-a0bd-2af02cb0a30b,1759834372411965231,827.995,417.534,1,,,0.9162964468900225,12.580622293551416
d01ea4c3-1912-46a0-9798-db3d3f9d2881,74b23a8e-ccad-453a-a0bd-2af02cb0a30b,1759834372416965231,828.138,418.825,1,14,,0.9255084187696451,12.497379825978273
d01ea4c3-1912-46a0-9798-db3d3f9d2881,74b23a8e-ccad-453a-a0bd-2af02cb0a30b,1759834372421965231,831.638,412.602,1,14,,1.156144565083106,12.897987504552423
d01ea4c3-1912-46a0-9798-db3d3f9d2881,74b23a8e-ccad-453a-a0bd-2af02cb0a30b,1759834372426965231,832.185,415.512,1,14,,1.1916187983545934,12.71041849576845
d01ea4c3-1912-46a0-9798-db3d3f9d2881,74b23a8e-ccad-453a-a0bd-2af02cb0a30b,1759834372431965231,833.312,418.614,1,14,,1.2650256887540472,12.510371940480123
d01ea4c3-1912-46a0-9798-db3d3f9d2881,74b23a8e-ccad-453a-a0bd-2af02cb0a30b,1759834372436965231,834.814,418.531,1,14,,1.363567148613758,12.515515718117427
d01ea4c3-1912-46a0-9798-db3d3f9d2881,74b23a8e-ccad-453a-a0bd-2af02cb0a30b,1759834372441965231,834.588,418.094,1,14,,1.348853456485153,12.543713143003497
d01ea4c3-1912-46a0-9798-db3d3f9d2881,74b23a8e-ccad-453a-a0bd-2af02cb0a30b,1759834372446965231,834.321,417.265,1,14,,1.331463920778407,12.59710871353679
d01ea4c3-1912-46a0-9798-db3d3f9d2881,74b23a8e-ccad-453a-a0bd-2af02cb0a30b,1759834372451965231,834.042,417.169,1,14,,1.313173561921149,12.603361399553416
d01ea4c3-1912-46a0-9798-db3d3f9d2881,74b23a8e-ccad-453a-a0bd-2af02cb0a30b,1759834372456965231,834.63,418.647,1,14,,1.351479486101068,12.508031319245694
d01ea4c3-1912-46a0-9798-db3d3f9d2881,74b23a8e-ccad-453a-a0bd-2af02cb0a30b,1759834372461965231,835.368,410.107,1,14,,1.4016129374297552,13.058181637673234
d01ea4c3-1912-46a0-9798-db3d3f9d2881,74b23a8e-ccad-453a-a0bd-2af02cb0a30b,1759834372466968231,835.967,410.84,1,14,,1.440812982560009,13.010861728316998
d01ea4c3-1912-46a0-9798-db3d3f9d2881,74b23a8e-ccad-453a-a0bd-2af02cb0a30b,1759834372471965231,835.417,413.724,1,14,,1.404098596063361,12.825138180911747
d01ea4c3-1912-46a0-9798-db3d3f9d2881,74b23a8e-ccad-453a-a0bd-2af02cb0a30b,1759834372477090231,836.245,416.856,1,14,,1.4578182325765052,12.623225013980148
d01ea4c3-1912-46a0-9798-db3d3f9d2881,74b23a8e-ccad-453a-a0bd-2af02cb0a30b,1759834372481973231,836.291,416.987,1,14,,1.460842897120746,12.614727421584718
d01ea4c3-1912-46a0-9798-db3d3f9d2881,74b23a8e-ccad-453a-a0bd-2af02cb0a30b,1759834372487091231,836.941,413.654,1,14,,1.5042035888184282,12.829377145349055
d01ea4c3-1912-46a0-9798-db3d3f9d2881,74b23a8e-ccad-453a-a0bd-2af02cb0a30b,1759834372492091231,836.818,414.733,1,14,,1.495858231302485,12.759908797160358
d01ea4c3-1912-46a0-9798-db3d3f9d2881,74b23a8e-ccad-453a-a0bd-2af02cb0a30b,1759834372497090231,836.957,414.777,1,14,,1.5049839331716313,12.757019064386489
d01ea4c3-1912-46a0-9798-db3d3f9d2881,74b23a8e-ccad-453a-a0bd-2af02cb0a30b,1759834372502091231,839.104,411.986,1,14,,1.6466267835463158,12.936452823532754
d01ea4c3-1912-46a0-9798-db3d3f9d2881,74b23a8e-ccad-453a-a0bd-2af02cb0a30b,1759834372507091231,838.364,415.358,1,14,,1.5972277764750145,12.719345761222726
d01ea4c3-1912-46a0-9798-db3d3f9d2881,74b23a8e-ccad-453a-a0bd-2af02cb0a30b,1759834372512091231,834.808,412.34,1,14,,1.3643814004899997,12.914371144383486
d01ea4c3-1912-46a0-9798-db3d3f9d2881,74b23a8e-ccad-453a-a0bd-2af02cb0a30b,1759834372517091231,835.719,417.047,1,14,,1.4232924375985267,12.610978618945385
d01ea4c3-1912-46a0-9798-db3d3f9d2881,74b23a8e-ccad-453a-a0bd-2af02cb0a30b,1759834372522091231,837.349,421.405,1,14,,1.5292871608438043,12.329876079300696
d01ea4c3-1912-46a0-9798-db3d3f9d2881,74b23a8e-ccad-453a-a0bd-2af02cb0a30b,1759834372527091231,839.183,422.364,1,14,,1.6493667297444927,12.26781626929281
d01ea4c3-1912-46a0-9798-db3d3f9d2881,74b23a8e-ccad-453a-a0bd-2af02cb0a30b,1759834372532091231,835.646,422.471,1,14,,1.4173882738802641,12.261436584869076
d01ea4c3-1912-46a0-9798-db3d3f9d2881,74b23a8e-ccad-453a-a0bd-2af02cb0a30b,1759834372537105231,834.945,416.179,1,14,,1.3726375889432196,12.667041921112991
d01ea4c3-1912-46a0-9798-db3d3f9d2881,74b23a8e-ccad-453a-a0bd-2af02cb0a30b,1759834372542091231,834.554,416.89,1,14,,1.3468636646319043,12.621285476641724
d01ea4c3-1912-46a0-9798-db3d3f9d2881,74b23a8e-ccad-453a-a0bd-2af02cb0a30b,1759834372547091231,838.602,414.832,1,14,,1.612999852209961,12.75320923365557
d01ea4c3-1912-46a0-9798-db3d3f9d2881,74b23a8e-ccad-453a-a0bd-2af02cb0a30b,1759834372552094231,837.496,410.499,1,14,,1.5413348570543257,13.03253008630343
d01ea4c3-1912-46a0-9798-db3d3f9d2881,74b23a8e-ccad-453a-a0bd-2af02cb0a30b,1759834372557091231,837.971,413.733,1,14,,1.5717828075453293,12.824139495675233
d01ea4c3-1912-46a0-9798-db3d3f9d2881,74b23a8e-ccad-453a-a0bd-2af02cb0a30b,1759834372562091231,836.161,412.911,1,14,,1.4531733942781997,12.877414779726495
d01ea4c3-1912-46a0-9798-db3d3f9d2881,74b23a8e-ccad-453a-a0bd-2af02cb0a30b,1759834372567091231,835.52,413.455,1,14,,1.4109342633414723,12.84246829458668
d01ea4c3-1912-46a0-9798-db3d3f9d2881,74b23a8e-ccad-453a-a0bd-2af02cb0a30b,1759834372572091231,836.385,417.531,1,14,,1.4668975343489292,12.579681351232347
d01ea4c3-1912-46a0-9798-db3d3f9d2881,74b23a8e-ccad-453a-a0bd-2af02cb0a30b,1759834372577091231,836.63,418.534,1,14,,1.4827705106106843,12.51503481454689
d01ea4c3-1912-46a0-9798-db3d3f9d2881,74b23a8e-ccad-453a-a0bd-2af02cb0a30b,1759834372582091231,838.007,414.428,1,14,,1.573987403120376,12.77934021181875
d01ea4c3-1912-46a0-9798-db3d3f9d2881,74b23a8e-ccad-453a-a0bd-2af02cb0a30b,1759834372587092231,836.382,414.873,1,14,,1.4672241020147272,12.750940282151698
d01ea4c3-1912-46a0-9798-db3d3f9d2881,74b23a8e-ccad-453a-a0bd-2af02cb0a30b,1759834372592092231,836.33,413.171,1,14,,1.4641597801177815,12.86061658538541
d01ea4c3-1912-46a0-9798-db3d3f9d2881,74b23a8e-ccad-453a-a0bd-2af02cb0a30b,1759834372597091231,839.286,413.942,1,14,,1.658101877309925,12.810426461794705
d01ea4c3-1912-46a0-9798-db3d3f9d2881,74b23a8e-ccad-453a-a0bd-2af02cb0a30b,1759834372602091231,839.763,415.289,1,14,,1.689088857543396,12.72355692814929
d01ea4c3-1912-46a0-9798-db3d3f9d2881,74b23a8e-ccad-453a-a0bd-2af02cb0a30b,1759834372607094231,841.305,412.354,1,14,,1.7910349966293488,12.91237652037548
d01ea4c3-1912-46a0-9798-db3d3f9d2881,74b23a8e-ccad-453a-a0bd-2af02cb0a30b,1759834372612219231,839.173,412.114,1,14,,1.6511411061336918,12.92820666256496
d01ea4c3-1912-46a0-9798-db3d3f9d2881,74b23a8e-ccad-453a-a0bd-2af02cb0a30b,1759834372617217231,836.545,413.472,1,14,,1.478214296059473,12.841179755859006
d01ea4c3-1912-46a0-9798-db3d3f9d2881,74b23a8e-ccad-453a-a0bd-2af02cb0a30b,1759834372622217231,835.355,415.456,1,14,,1.3997099464635046,12.713520502052603
d01ea4c3-1912-46a0-9798-db3d3f9d2881,74b23a8e-ccad-453a-a0bd-2af02cb0a30b,1759834372627221231,834.313,410.343,1,14,,1.3323094466806886,13.043122068948428
d01ea4c3-1912-46a0-9798-db3d3f9d2881,74b23a8e-ccad-453a-a0bd-2af02cb0a30b,1759834372632217231,833.169,412.592,1,14,,1.2567543880160938,12.898407282544078
d01ea4c3-1912-46a0-9798-db3d3f9d2881,74b23a8e-ccad-453a-a0bd-2af02cb0a30b,1759834372637217231,833.895,411.869,1,14,,1.3045450273073036,12.944844506041456
d01ea4c3-1912-46a0-9798-db3d3f9d2881,74b23a8e-ccad-453a-a0bd-2af02cb0a30b,1759834372642217231,832.808,409.947,1,14,,1.2335093225431235,13.0688720795082
d01ea4c3-1912-46a0-9798-db3d3f9d2881,74b23a8e-ccad-453a-a0bd-2af02cb0a30b,1759834372647226231,835.007,413.488,1,14,,1.3772433922889324,12.840388761532061
d01ea4c3-1912-46a0-9798-db3d3f9d2881,74b23a8e-ccad-453a-a0bd-2af02cb0a30b,1759834372652217231,836.238,414.606,1,14,,1.457856627522949,12.768171626526794
d01ea4c3-1912-46a0-9798-db3d3f9d2881,74b23a8e-ccad-453a-a0bd-2af02cb0a30b,1759834372657217231,834.688,414.601,1,14,,1.3560782241151828,12.768725060581911
d01ea4c3-1912-46a0-9798-db3d3f9d2881,74b23a8e-ccad-453a-a0bd-2af02cb0a30b,1759834372662223231,833.952,413.383,1,14,,1.3079950402841862,12.847347435657477
d01ea4c3-1912-46a0-9798-db3d3f9d2881,74b23a8e-ccad-453a-a0bd-2af02cb0a30b,1759834372667217231,834.232,409.887,1,14,,1.327069246035453,13.072494181966457
d01ea4c3-1912-46a0-9798-db3d3f9d2881,74b23a8e-ccad-453a-a0bd-2af02cb0a30b,1759834372672229231,834.596,413.668,1,14,,1.3502528685869362,12.828830582020268
d01ea4c3-1912-46a0-9798-db3d3f9d2881,74b23a8e-ccad-453a-a0bd-2af02cb0a30b,1759834372677217231,835.216,412.039,1,14,,1.3912824389189078,12.933699757382032
d01ea4c3-1912-46a0-9798-db3d3f9d2881,74b23a8e-ccad-453a-a0bd-2af02cb0a30b,1759834372682227231,839.895,409.375,1,14,,1.6992350853262408,13.104508165313312
d01ea4c3-1912-46a0-9798-db3d3f9d2881,74b23a8e-ccad-453a-a0bd-2af02cb0a30b,1759834372687217231,842.384,414.391,1,14,,1.8613309106170826,12.780940461111598
d01ea4c3-1912-46a0-9798-db3d3f9d2881,74b23a8e-ccad-453a-a0bd-2af02cb0a30b,1759834372692217231,842.21,415.525,1,14,,1.849655216374951,12.707903168602273
d01ea4c3-1912-46a0-9798-db3d3f9d2881,74b23a8e-ccad-453a-a0bd-2af02cb0a30b,1759834372697226231,840.242,415.015,1,14,,1.7206112824292035,12.741158682839462
d01ea4c3-1912-46a0-9798-db3d3f9d2881,74b23a8e-ccad-453a-a0bd-2af02cb0a30b,1759834372702217231,839.419,407.981,1,14,,1.6682834017785984,13.194434070249708
d01ea4c3-1912-46a0-9798-db3d3f9d2881,74b23a8e-ccad-453a-a0bd-2af02cb0a30b,1759834372707217231,845.231,413.111,1,14,,2.048665621118006,12.862800199366548
d01ea4c3-1912-46a0-9798-db3d3f9d2881,74b23a8e-ccad-453a-a0bd-2af02cb0a30b,1759834372712224231,845.38,411.426,1,14,,2.058932706037721,12.971264354282768
d01ea4c3-1912-46a0-9798-db3d3f9d2881,74b23a8e-ccad-453a-a0bd-2af02cb0a30b,1759834372717218231,841.494,412.637,1,14,,1.8033880381051464,12.894100209344836
d01ea4c3-1912-46a0-9798-db3d3f9d2881,74b23a8e-ccad-453a-a0bd-2af02cb0a30b,1759834372722218231,840.709,411.817,1,14,,1.752071784296008,12.94708992354031
d01ea4c3-1912-46a0-9798-db3d3f9d2881,74b23a8e-ccad-453a-a0bd-2af02cb0a30b,1759834372727218231,840.938,414.505,1,14,,1.7663927071733698,12.77388192970749
d01ea4c3-1912-46a0-9798-db3d3f9d2881,74b23a8e-ccad-453a-a0bd-2af02cb0a30b,1759834372732218231,839.996,415.878,1,14,,1.7042466886378518,12.685562865097854
d01ea4c3-1912-46a0-9798-db3d3f9d2881,74b23a8e-ccad-453a-a0bd-2af02cb0a30b,1759834372737221231,839.185,415.543,1,14,,1.6510601716065019,12.707310078842145
d01ea4c3-1912-46a0-9798-db3d3f9d2881,74b23a8e-ccad-453a-a0bd-2af02cb0a30b,1759834372742218231,843.036,415.037,1,14,,1.903985457073178,12.739203514689864
d01ea4c3-1912-46a0-9798-db3d3f9d2881,74b23a8e-ccad-453a-a0bd-2af02cb0a30b,1759834372747344231,841.025,412.027,1,14,,1.7727600498960856,12.933488140644647
d01ea4c3-1912-46a0-9798-db3d3f9d2881,74b23a8e-ccad-453a-a0bd-2af02cb0a30b,1759834372752343231,841.125,408.201,1,14,,1.7803665787316822,13.1799304586113
d01ea4c3-1912-46a0-9798-db3d3f9d2881,74b23a8e-ccad-453a-a0bd-2af02cb0a30b,1759834372757343231,839.948,409.291,1,14,,1.7027293807958257,13.10993001221028
d01ea4c3-1912-46a0-9798-db3d3f9d2881,74b23a8e-ccad-453a-a0bd-2af02cb0a30b,1759834372762343231,838.636,411.728,1,14,,1.6159357818877504,12.953154782956089
d01ea4c3-1912-46a0-9798-db3d3f9d2881,74b23a8e-ccad-453a-a0bd-2af02cb0a30b,1759834372767350231,840.299,413.51,1,14,,1.724734267989961,12.838088181736767
d01ea4c3-1912-46a0-9798-db3d3f9d2881,74b23a8e-ccad-453a-a0bd-2af02cb0a30b,1759834372772343231,840.245,414.167,1,14,,1.7209771144181423,12.795743397800884
d01ea4c3-1912-46a0-9798-db3d3f9d2881,74b23a8e-ccad-453a-a0bd-2af02cb0a30b,1759834372777343231,834.974,414.166,1,14,,1.374968757806278,12.796704633187817
d01ea4c3-1912-46a0-9798-db3d3f9d2881,74b23a8e-ccad-453a-a0bd-2af02cb0a30b,1759834372782349231,838.849,410.563,1,14,,1.6302403728971953,13.028223462207494
d01ea4c3-1912-46a0-9798-db3d3f9d2881,74b23a8e-ccad-453a-a0bd-2af02cb0a30b,1759834372787343231,839.727,412.835,1,14,,1.6873487776127518,12.881682595994711
d01ea4c3-1912-46a0-9798-db3d3f9d2881,74b23a8e-ccad-453a-a0bd-2af02cb0a30b,1759834372792343231,839.295,412.628,1,14,,1.6590358696479723,12.895108486585828
d01ea4c3-1912-46a0-9798-db3d3f9d2881,74b23a8e-ccad-453a-a0bd-2af02cb0a30b,1759834372797343231,842.423,410.599,1,14,,1.8649895146369841,13.025209532408713
d01ea4c3-1912-46a0-9798-db3d3f9d2881,74b23a8e-ccad-453a-a0bd-2af02cb0a30b,1759834372802344231,841.327,408.499,1,,,1.7935368784396266,13.160684061935708
d01ea4c3-1912-46a0-9798-db3d3f9d2881,74b23a8e-ccad-453a-a0bd-2af02cb0a30b,1759834372807343231,830.238,416.841,1,,,1.0636282189816526,12.625006881982484
d01ea4c3-1912-46a0-9798-db3d3f9d2881,74b23a8e-ccad-453a-a0bd-2af02cb0a30b,1759834372812344231,823.276,406.341,1,,,0.6074862232119977,13.302200888165592
d01ea4c3-1912-46a0-9798-db3d3f9d2881,74b23a8e-ccad-453a-a0bd-2af02cb0a30b,1759834372817344231,812.301,400.594,1,,,-0.11426042897042293,13.672879628520784
d01ea4c3-1912-46a0-9798-db3d3f9d2881,74b23a8e-ccad-453a-a0bd-2af02cb0a30b,1759834372822350231,810.666,406.18,1,15,,-0.22159022884407828,13.313040243720865
d01ea4c3-1912-46a0-9798-db3d3f9d2881,74b23a8e-ccad-453a-a0bd-2af02cb0a30b,1759834372827344231,809.757,407.949,1,15,,-0.2812224564509112,13.199101291059634
d01ea4c3-1912-46a0-9798-db3d3f9d2881,74b23a8e-ccad-453a-a0bd-2af02cb0a30b,1759834372832344231,807.508,409.362,1,15,,-0.4289369643764457,13.107999462539697
d01ea4c3-1912-46a0-9798-db3d3f9d2881,74b23a8e-ccad-453a-a0bd-2af02cb0a30b,1759834372837344231,810.802,406.36,1,15,,-0.21260712495264797,13.301441342996778
d01ea4c3-1912-46a0-9798-db3d3f9d2881,74b23a8e-ccad-453a-a0bd-2af02cb0a30b,1759834372842344231,810.253,407.633,1,15,,-0.24864133733814586,13.219489022129174
d01ea4c3-1912-46a0-9798-db3d3f9d2881,74b23a8e-ccad-453a-a0bd-2af02cb0a30b,1759834372847348231,806.309,409.433,1,15,,-0.5077093031949431,13.103399042760984
d01ea4c3-1912-46a0-9798-db3d3f9d2881,74b23a8e-ccad-453a-a0bd-2af02cb0a30b,1759834372852344231,803.963,413.342,1,15,,-0.6613571064913385,12.851434418815579
d01ea4c3-1912-46a0-9798-db3d3f9d2881,74b23a8e-ccad-453a-a0bd-2af02cb0a30b,1759834372857347231,805.834,409.676,1,15,,-0.5388763774781405,13.087771375400427
d01ea4c3-1912-46a0-9798-db3d3f9d2881,74b23a8e-ccad-453a-a0bd-2af02cb0a30b,1759834372862344231,806.949,415.902,1,15,,-0.46500299619598867,12.686613037968625
d01ea4c3-1912-46a0-9798-db3d3f9d2881,74b23a8e-ccad-453a-a0bd-2af02cb0a30b,1759834372867344231,807.852,414.977,1,15,,-0.4058355293746322,12.746235114621408
d01ea4c3-1912-46a0-9798-db3d3f9d2881,74b23a8e-ccad-453a-a0bd-2af02cb0a30b,1759834372872344231,807.268,409.682,1,15,,-0.44463051958501587,13.087411159012218
d01ea4c3-1912-46a0-9798-db3d3f9d2881,74b23a8e-ccad-453a-a0bd-2af02cb0a30b,1759834372877344231,808.562,410.673,1,15,,-0.3595450828199115,13.02358075265006
d01ea4c3-1912-46a0-9798-db3d3f9d2881,74b23a8e-ccad-453a-a0bd-2af02cb0a30b,1759834372882472231,810.885,410.505,1,15,,-0.2069219357893635,13.034412555261039
d01ea4c3-1912-46a0-9798-db3d3f9d2881,74b23a8e-ccad-453a-a0bd-2af02cb0a30b,1759834372887483231,810.586,409.915,1,15,,-0.22661731790386327,13.07246409201459
d01ea4c3-1912-46a0-9798-db3d3f9d2881,74b23a8e-ccad-453a-a0bd-2af02cb0a30b,1759834372892469231,812.828,398.787,1,15,,-0.0796788344093293,13.789256663051702
d01ea4c3-1912-46a0-9798-db3d3f9d2881,74b23a8e-ccad-453a-a0bd-2af02cb0a30b,1759834372897469231,812.61,401.2,1,15,,-0.09394137716982237,13.633864724969735
d01ea4c3-1912-46a0-9798-db3d3f9d2881,74b23a8e-ccad-453a-a0bd-2af02cb0a30b,1759834372902469231,812.686,403.583,1,15,,-0.0888114512468317,13.480347503348808
d01ea4c3-1912-46a0-9798-db3d3f9d2881,74b23a8e-ccad-453a-a0bd-2af02cb0a30b,1759834372907469231,812.076,406.918,1,15,,-0.1288590254161909,13.265531214108659
d01ea4c3-1912-46a0-9798-db3d3f9d2881,74b23a8e-ccad-453a-a0bd-2af02cb0a30b,1759834372912476231,811.928,407.278,1,15,,-0.13853372223068028,13.24232951847877
d01ea4c3-1912-46a0-9798-db3d3f9d2881,74b23a8e-ccad-453a-a0bd-2af02cb0a30b,1759834372917473231,814.273,405.571,1,15,,0.015570624786546921,13.352279535267368
d01ea4c3-1912-46a0-9798-db3d3f9d2881,74b23a8e-ccad-453a-a0bd-2af02cb0a30b,1759834372922470231,813.834,402.087,1,15,,-0.013341278531100826,13.576715110784134
d01ea4c3-1912-46a0-9798-db3d3f9d2881,74b23a8e-ccad-453a-a0bd-2af02cb0a30b,1759834372927470231,814.708,404.499,1,15,,0.0441797492091659,13.42128413835472
d01ea4c3-1912-46a0-9798-db3d3f9d2881,74b23a8e-ccad-453a-a0bd-2af02cb0a30b,1759834372932470231,814.866,405.285,1,15,,0.054549099226774,13.370684471598898
d01ea4c3-1912-46a0-9798-db3d3f9d2881,74b23a8e-ccad-453a-a0bd-2af02cb0a30b,1759834372937470231,814.353,405.368,1,15,,0.02085277338863419,13.365317789121228
d01ea4c3-1912-46a0-9798-db3d3f9d2881,74b23a8e-ccad-453a-a0bd-2af02cb0a30b,1759834372942470231,813.678,405.997,1,15,,-0.023553362412338123,13.324850610149051
d01ea4c3-1912-46a0-9798-db3d3f9d2881,74b23a8e-ccad-453a-a0bd-2af02cb0a30b,1759834372947473231,814.076,405.05,1,15,,0.0026331033736035955,13.38585527112416
d01ea4c3-1912-46a0-9798-db3d3f9d2881,74b23a8e-ccad-453a-a0bd-2af02cb0a30b,1759834372952474231,816.758,406.496,1,15,,0.17899340948284254,13.292579680879731
d01ea4c3-1912-46a0-9798-db3d3f9d2881,74b23a8e-ccad-453a-a0bd-2af02cb0a30b,1759834372957470231,815.403,407.596,1,15,,0.08991321010664738,13.22181444607211
d01ea4c3-1912-46a0-9798-db3d3f9d2881,74b23a8e-ccad-453a-a0bd-2af02cb0a30b,1759834372962482231,815.198,408.624,1,15,,0.0764167247733854,13.155566373029366
d01ea4c3-1912-46a0-9798-db3d3f9d2881,74b23a8e-ccad-453a-a0bd-2af02cb0a30b,1759834372967470231,814.156,408.006,1,15,,0.007915375444683653,13.195420264367298
d01ea4c3-1912-46a0-9798-db3d3f9d2881,74b23a8e-ccad-453a-a0bd-2af02cb0a30b,1759834372972470231,815.125,406.397,1,15,,0.07158814260372119,13.299019499101917
d01ea4c3-1912-46a0-9798-db3d3f9d2881,74b23a8e-ccad-453a-a0bd-2af02cb0a30b,1759834372977470231,814.235,405.246,1,15,,0.013072368194759001,13.373197538084641
d01ea4c3-1912-46a0-9798-db3d3f9d2881,74b23a8e-ccad-453a-a0bd-2af02cb0a30b,1759834372982473231,813.443,407.058,1,15,,-0.03892718309140777,13.256516075185887
d01ea4c3-1912-46a0-9798-db3d3f9d2881,74b23a8e-ccad-453a-a0bd-2af02cb0a30b,1759834372987479231,813.853,402.622,1,15,,-0.012128325540131645,13.542267841085463
d01ea4c3-1912-46a0-9798-db3d3f9d2881,74b23a8e-ccad-453a-a0bd-2af02cb0a30b,1759834372992470231,812.07,404.298,1,15,,-0.12936206896222519,13.434320870042322
d01ea4c3-1912-46a0-9798-db3d3f9d2881,74b23a8e-ccad-453a-a0bd-2af02cb0a30b,1759834372997470231,812.555,404.319,1,15,,-0.0974119040024271,13.432968542464858
d01ea4c3-1912-46a0-9798-db3d3f9d2881,74b23a8e-ccad-453a-a0bd-2af02cb0a30b,1759834373002470231,813.559,403.363,1,15,,-0.031402758730206856,13.494512853840583
d01ea4c3-1912-46a0-9798-db3d3f9d2881,74b23a8e-ccad-453a-a0bd-2af02cb0a30b,1759834373007478231,812.488,404.037,1,15,,-0.101826107180482,13.451094195366084
d01ea4c3-1912-46a0-9798-db3d3f9d2881,74b23a8e-ccad-453a-a0bd-2af02cb0a30b,1759834373012470231,807.812,401.786,1,15,,-0.4095913295795068,13.596097289031322
d01ea4c3-1912-46a0-9798-db3d3f9d2881,74b23a8e-ccad-453a-a0bd-2af02cb0a30b,1759834373017471231,808.205,405.686,1,15,,-0.3834212728397788,13.344861383992075
d01ea4c3-1912-46a0-9798-db3d3f9d2881,74b23a8e-ccad-453a-a0bd-2af02cb0a30b,1759834373022595231,809.547,406.702,1,15,,-0.29508893712515666,13.279438023860399
d01ea4c3-1912-46a0-9798-db3d3f9d2881,74b23a8e-ccad-453a-a0bd-2af02cb0a30b,1759834373027596231,810.498,404.459,1,15,,-0.23273984377324627,13.423921189109688
d01ea4c3-1912-46a0-9798-db3d3f9d2881,74b23a8e-ccad-453a-a0bd-2af02cb0a30b,1759834373032596231,811.254,404.413,1,15,,-0.1829786650347564,13.426920722957217
d01ea4c3-1912-46a0-9798-db3d3f9d2881,74b23a8e-ccad-453a-a0bd-2af02cb0a30b,1759834373037600231,811.154,404.253,1,15,,-0.18957426353375953,13.437172054357974
d01ea4c3-1912-46a0-9798-db3d3f9d2881,74b23a8e-ccad-453a-a0bd-2af02cb0a30b,1759834373042596231,811.347,404.59,1,15,,-0.17687621800197587,13.415470822011514
d01ea4c3-1912-46a0-9798-db3d3f9d2881,74b23a8e-ccad-453a-a0bd-2af02cb0a30b,1759834373047596231,811.878,406.59,1,15,,-0.1418859509956225,13.286667395846392
d01ea4c3-1912-46a0-9798-db3d3f9d2881,74b23a8e-ccad-453a-a0bd-2af02cb0a30b,1759834373052596231,815.362,407.562,1,15,,0.08722496346332853,13.223979718126055
d01ea4c3-1912-46a0-9798-db3d3f9d2881,74b23a8e-ccad-453a-a0bd-2af02cb0a30b,1759834373057596231,814.707,408.147,1,15,,0.04413130758866597,13.18628187318565
d01ea4c3-1912-46a0-9798-db3d3f9d2881,74b23a8e-ccad-453a-a0bd-2af02cb0a30b,1759834373062596231,815.563,409.437,1,15,,0.10043159900578978,13.103197627636508
d01ea4c3-1912-46a0-9798-db3d3f9d2881,74b23a8e-ccad-453a-a0bd-2af02cb0a30b,1759834373067596231,816.571,409.894,1,15,,0.1666825724858985,13.073701863494177
d01ea4c3-1912-46a0-9798-db3d3f9d2881,74b23a8e-ccad-453a-a0bd-2af02cb0a30b,1759834373072596231,815.323,408.6,1,15,,0.08465985967577108,13.157104364180134
d01ea4c3-1912-46a0-9798-db3d3f9d2881,74b23a8e-ccad-453a-a0bd-2af02cb0a30b,1759834373077607231,817.172,407.111,1,15,,0.20617910901008213,13.25298066559037
d01ea4c3-1912-46a0-9798-db3d3f9d2881,74b23a8e-ccad-453a-a0bd-2af02cb0a30b,1759834373082596231,820.245,415.845,1,15,,0.40781698474512507,12.690049246454697
d01ea4c3-1912-46a0-9798-db3d3f9d2881,74b23a8e-ccad-453a-a0bd-2af02cb0a30b,1759834373087605231,820.415,412.886,1,15,,0.4191217464346426,12.880755339839707
d01ea4c3-1912-46a0-9798-db3d3f9d2881,74b23a8e-ccad-453a-a0bd-2af02cb0a30b,1759834373092596231,818.886,406.587,1,15,,0.31889655850658927,13.28663838733449
d01ea4c3-1912-46a0-9798-db3d3f9d2881,74b23a8e-ccad-453a-a0bd-2af02cb0a30b,1759834373097596231,818.06,404.833,1,15,,0.2646067975780318,13.399656607517235
d01ea4c3-1912-46a0-9798-db3d3f9d2881,74b23a8e-ccad-453a-a0bd-2af02cb0a30b,1759834373102596231,816.497,405.122,1,15,,0.16182369321845458,13.381150385633578
d01ea4c3-1912-46a0-9798-db3d3f9d2881,74b23a8e-ccad-453a-a0bd-2af02cb0a30b,1759834373107611231,815.521,407.409,1,15,,0.09762749456375967,13.23384895789721
d01ea4c3-1912-46a0-9798-db3d3f9d2881,74b23a8e-ccad-453a-a0bd-2af02cb0a30b,1759834373112596231,816.909,406.097,1,15,,0.1888890109356729,13.318278766327701
d01ea4c3-1912-46a0-9798-db3d3f9d2881,74b23a8e-ccad-453a-a0bd-2af02cb0a30b,1759834373117596231,816.202,406.687,1,15,,0.14244107387083743,13.280335798937184
d01ea4c3-1912-46a0-9798-db3d3f9d2881,74b23a8e-ccad-453a-a0bd-2af02cb0a30b,1759834373122596231,815.752,405.815,1,15,,0.11285065411492697,13.336525690711172
d01ea4c3-1912-46a0-9798-db3d3f9d2881,74b23a8e-ccad-453a-a0bd-2af02cb0a30b,1759834373127597231,812.543,406.352,1,15,,-0.09816397634244767,13.301977384256443
d01ea4c3-1912-46a0-9798-db3d3f9d2881,74b23a8e-ccad-453a-a0bd-2af02cb0a30b,1759834373132597231,815.174,408.147,1,15,,0.07482845509423612,13.186273986010312
d01ea4c3-1912-46a0-9798-db3d3f9d2881,74b23a8e-ccad-453a-a0bd-2af02cb0a30b,1759834373137605231,818.776,408.804,1,15,,0.3115895445264105,13.143821059759675
d01ea4c3-1912-46a0-9798-db3d3f9d2881,74b23a8e-ccad-453a-a0bd-2af02cb0a30b,1759834373142597231,818.225,404.381,1,15,,0.2754474009948763,13.428812056529832
d01ea4c3-1912-46a0-9798-db3d3f9d2881,74b23a8e-ccad-453a-a0bd-2af02cb0a30b,1759834373147597231,817.849,404.043,1,15,,0.250743875092875,13.450573024626607
d01ea4c3-1912-46a0-9798-db3d3f9d2881,74b23a8e-ccad-453a-a0bd-2af02cb0a30b,1759834373152597231,818.779,404.472,1,15,,0.31189233172240716,13.422918634274412
d01ea4c3-1912-46a0-9798-db3d3f9d2881,74b23a8e-ccad-453a-a0bd-2af02cb0a30b,1759834373157722231,819.236,404.162,1,15,,0.34198449767575384,13.442841785352858
d01ea4c3-1912-46a0-9798-db3d3f9d2881,74b23a8e-ccad-453a-a0bd-2af02cb0a30b,1759834373162722231,819.713,404.87,1,15,,0.3733059370307764,13.397209561138927
d01ea4c3-1912-46a0-9798-db3d3f9d2881,74b23a8e-ccad-453a-a0bd-2af02cb0a30b,1759834373167722231,818.632,404.761,1,15,,0.30223805660835307,13.404289934838765
d01ea4c3-1912-46a0-9798-db3d3f9d2881,74b23a8e-ccad-453a-a0bd-2af02cb0a30b,1759834373172727231,820.992,407.846,1,15,,0.45726526663930467,13.205412622301598
d01ea4c3-1912-46a0-9798-db3d3f9d2881,74b23a8e-ccad-453a-a0bd-2af02cb0a30b,1759834373177722231,819.397,405.839,1,15,,0.35247408233023797,13.33479489361869
d01ea4c3-1912-46a0-9798-db3d3f9d2881,74b23a8e-ccad-453a-a0bd-2af02cb0a30b,1759834373182722231,819.729,404.667,1,15,,0.3744061376131682,13.410306867961433
d01ea4c3-1912-46a0-9798-db3d3f9d2881,74b23a8e-ccad-453a-a0bd-2af02cb0a30b,1759834373187722231,819.666,403.977,1,15,,0.3702440067698873,13.454714608915646
d01ea4c3-1912-46a0-9798-db3d3f9d2881,74b23a8e-ccad-453a-a0bd-2af02cb0a30b,1759834373192722231,820.179,405.18,1,15,,0.4039402198493105,13.377232948252917
d01ea4c3-1912-46a0-9798-db3d3f9d2881,74b23a8e-ccad-453a-a0bd-2af02cb0a30b,1759834373197722231,819.607,406.246,1,15,,0.36626675982246143,13.308571085744623
d01ea4c3-1912-46a0-9798-db3d3f9d2881,74b23a8e-ccad-453a-a0bd-2af02cb0a30b,1759834373202722231,820.438,405.644,1,15,,0.4209827128741597,13.34728433423207
d01ea4c3-1912-46a0-9798-db3d3f9d2881,74b23a8e-ccad-453a-a0bd-2af02cb0a30b,1759834373207722231,819.296,408.482,1,15,,0.3457279468384734,13.164575658828475
d01ea4c3-1912-46a0-9798-db3d3f9d2881,74b23a8e-ccad-453a-a0bd-2af02cb0a30b,1759834373212722231,817.753,408.633,1,15,,0.24436601154075407,13.154922211680232
d01ea4c3-1912-46a0-9798-db3d3f9d2881,74b23a8e-ccad-453a-a0bd-2af02cb0a30b,1759834373217722231,817.491,407.852,1,15,,0.22716279066865316,13.205192299769761
d01ea4c3-1912-46a0-9798-db3d3f9d2881,74b23a8e-ccad-453a-a0bd-2af02cb0a30b,1759834373222722231,819.541,402.78,1,15,,0.3620584394047848,13.531834121010347
d01ea4c3-1912-46a0-9798-db3d3f9d2881,74b23a8e-ccad-453a-a0bd-2af02cb0a30b,1759834373227722231,819.553,401.78,1,15,,0.3629017739299793,13.59628777309228
d01ea4c3-1912-46a0-9798-db3d3f9d2881,74b23a8e-ccad-453a-a0bd-2af02cb0a30b,1759834373232722231,820.555,402.101,1,15,,0.4288164289635843,13.575498219891202
d01ea4c3-1912-46a0-9798-db3d3f9d2881,74b23a8e-ccad-453a-a0bd-2af02cb0a30b,1759834373237723231,820.829,399.465,1,15,,0.44701904686304733,13.745293801106904
d01ea4c3-1912-46a0-9798-db3d3f9d2881,74b23a8e-ccad-453a-a0bd-2af02cb0a30b,1759834373242723231,820.375,395.41,1,15,,0.4172910331096633,14.006442302617039
d01ea4c3-1912-46a0-9798-db3d3f9d2881,74b23a8e-ccad-453a-a0bd-2af02cb0a30b,1759834373247726231,815.681,395.058,1,15,,0.10814636548347016,14.029341658675657
d01ea4c3-1912-46a0-9798-db3d3f9d2881,74b23a8e-ccad-453a-a0bd-2af02cb0a30b,1759834373252723231,817.176,397.026,1,15,,0.20657649546595347,13.9025544422246
d01ea4c3-1912-46a0-9798-db3d3f9d2881,74b23a8e-ccad-453a-a0bd-2af02cb0a30b,1759834373257725231,817.296,397.531,1,15,,0.21449429868005937,13.870039712418262
d01ea4c3-1912-46a0-9798-db3d3f9d2881,74b23a8e-ccad-453a-a0bd-2af02cb0a30b,1759834373262723231,815.997,401.263,1,,,0.1289192828543789,13.629703705649032
d01ea4c3-1912-46a0-9798-db3d3f9d2881,74b23a8e-ccad-453a-a0bd-2af02cb0a30b,1759834373267737231,819.07,407.626,1,,,0.3309190123351453,13.219698180557348
d01ea4c3-1912-46a0-9798-db3d3f9d2881,74b23a8e-ccad-453a-a0bd-2af02cb0a30b,1759834373272723231,817.707,411.272,1,,,0.24129917829091044,12.984850108249057
d01ea4c3-1912-46a0-9798-db3d3f9d2881,74b23a8e-ccad-453a-a0bd-2af02cb0a30b,1759834373277723231,817.787,408.852,1,,,0.24657983264974487,13.140751442721395
d01ea4c3-1912-46a0-9798-db3d3f9d2881,74b23a8e-ccad-453a-a0bd-2af02cb0a30b,1759834373282723231,836.599,444.793,1,,,1.475582047386164,10.822230965301884
d01ea4c3-1912-46a0-9798-db3d3f9d2881,74b23a8e-ccad-453a-a0bd-2af02cb0a30b,1759834373287723231,845.817,449.701,1,,,2.0768115364288757,10.504227393894146
d01ea4c3-1912-46a0-9798-db3d3f9d2881,74b23a8e-ccad-453a-a0bd-2af02cb0a30b,1759834373292848231,845.809,448.702,1,,,2.0765762043317415,10.568658935417062
d01ea4c3-1912-46a0-9798-db3d3f9d2881,74b23a8e-ccad-453a-a0bd-2af02cb0a30b,1759834373297848231,848.943,442.86,1,,,2.2829118373487605,10.944743692034496
d01ea4c3-1912-46a0-9798-db3d3f9d2881,74b23a8e-ccad-453a-a0bd-2af02cb0a30b,1759834373302851231,858.187,445.778,1,,,2.886079005946266,10.754474801381221
d01ea4c3-1912-46a0-9798-db3d3f9d2881,74b23a8e-ccad-453a-a0bd-2af02cb0a30b,1759834373307854231,866.834,444.779,1,,,3.4514631961103914,10.816517535127353
d01ea4c3-1912-46a0-9798-db3d3f9d2881,74b23a8e-ccad-453a-a0bd-2af02cb0a30b,1759834373312848231,877.594,458.254,1,,,4.147503193998832,9.944544980772006
d01ea4c3-1912-46a0-9798-db3d3f9d2881,74b23a8e-ccad-453a-a0bd-2af02cb0a30b,1759834373317849231,879.978,461.62,1,,,4.301271055138007,9.726786529940961
d01ea4c3-1912-46a0-9798-db3d3f9d2881,74b23a8e-ccad-453a-a0bd-2af02cb0a30b,1759834373322848231,890.489,480.849,1,,,4.976012966126578,8.483581076158616
d01ea4c3-1912-46a0-9798-db3d3f9d2881,74b23a8e-ccad-453a-a0bd-2af02cb0a30b,1759834373327848231,898.547,487.225,1,,,5.496543389186114,8.06980128324549
d01ea4c3-1912-46a0-9798-db3d3f9d2881,74b23a8e-ccad-453a-a0bd-2af02cb0a30b,1759834373332849231,910.979,491.085,1,,,6.301876291433262,7.8164173334362514
d01ea4c3-1912-46a0-9798-db3d3f9d2881,74b23a8e-ccad-453a-a0bd-2af02cb0a30b,1759834373337852231,908.832,503.619,1,,,6.155649456983033,7.009447536236543
d01ea4c3-1912-46a0-9798-db3d3f9d2881,74b23a8e-ccad-453a-a0bd-2af02cb0a30b,1759834373342849231,913.454,531.036,1,,,6.442626714341585,5.240487383166521
d01ea4c3-1912-46a0-9798-db3d3f9d2881,74b23a8e-ccad-453a-a0bd-2af02cb0a30b,1759834373347849231,909.641,523.974,1,,,6.198672989961944,5.696893743691487
d01ea4c3-1912-46a0-9798-db3d3f9d2881,74b23a8e-ccad-453a-a0bd-2af02cb0a30b,1759834373352855231,880.145,561.386,1,,,4.279449752448207,3.287735307867108
d01ea4c3-1912-46a0-9798-db3d3f9d2881,74b23a8e-ccad-453a-a0bd-2af02cb0a30b,1759834373357849231,876.54,576.48,1,,,4.044316355342302,2.3128418699599558
d01ea4c3-1912-46a0-9798-db3d3f9d2881,74b23a8e-ccad-453a-a0bd-2af02cb0a30b,1759834373362849231,852.758,608.206,1,,,2.5054688324450782,0.26276311920501977
d01ea4c3-1912-46a0-9798-db3d3f9d2881,74b23a8e-ccad-453a-a0bd-2af02cb0a30b,1759834373367849231,854.477,635.664,1,,,2.6170631659860546,-1.5127803950897827
d01ea4c3-1912-46a0-9798-db3d3f9d2881,74b23a8e-ccad-453a-a0bd-2af02cb0a30b,1759834373372852231,852.139,643.997,1,,,2.466297463767658,-2.051658153464464
d01ea4c3-1912-46a0-9798-db3d3f9d2881,74b23a8e-ccad-453a-a0bd-2af02cb0a30b,1759834373377849231,865.695,663.501,1,,,3.3447761637748012,-3.3115283237297013
d01ea4c3-1912-46a0-9798-db3d3f9d2881,74b23a8e-ccad-453a-a0bd-2af02cb0a30b,1759834373382849231,872.834,664.197,1,,,3.806657054538312,-3.3557934193947854
d01ea4c3-1912-46a0-9798-db3d3f9d2881,74b23a8e-ccad-453a-a0bd-2af02cb0a30b,1759834373387853231,868.036,686.313,1,,,3.4998601137419962,-4.785149032379979
d01ea4c3-1912-46a0-9798-db3d3f9d2881,74b23a8e-ccad-453a-a0bd-2af02cb0a30b,1759834373392855231,855.164,714.577,1,,,2.6711240741527402,-6.612573160063442
d01ea4c3-1912-46a0-9798-db3d3f9d2881,74b23a8e-ccad-453a-a0bd-2af02cb0a30b,1759834373397849231,843.32,755.905,1,,,1.9094697837291128,-9.282040395260147
d01ea4c3-1912-46a0-9798-db3d3f9d2881,74b23a8e-ccad-453a-a0bd-2af02cb0a30b,1759834373402849231,840.527,768.453,1,,,1.7298800846005695,-10.091878277220586
d01ea4c3-1912-46a0-9798-db3d3f9d2881,74b23a8e-ccad-453a-a0bd-2af02cb0a30b,1759834373407849231,843.752,799.786,1,,,1.9480349719897678,-12.110967569669828
d01ea4c3-1912-46a0-9798-db3d3f9d2881,74b23a8e-ccad-453a-a0bd-2af02cb0a30b,1759834373412849231,839.622,822.804,1,,,1.6830143986743302,-13.59407443988076
d01ea4c3-1912-46a0-9798-db3d3f9d2881,74b23a8e-ccad-453a-a0bd-2af02cb0a30b,1759834373417849231,832.252,843.503,1,,,1.2022261474443952,-14.927444213943632
d01ea4c3-1912-46a0-9798-db3d3f9d2881,74b23a8e-ccad-453a-a0bd-2af02cb0a30b,1759834373422849231,849.442,857.406,1,,,2.342980545832224,-15.817604244768363
d01ea4c3-1912-46a0-9798-db3d3f9d2881,74b23a8e-ccad-453a-a0bd-2af02cb0a30b,1759834373427978231,834.961,884.107,1,,,1.3915524989467747,-17.537272593284772
d01ea4c3-1912-46a0-9798-db3d3f9d2881,74b23a8e-ccad-453a-a0bd-2af02cb0a30b,1759834373432975231,832.773,896.145,1,,,1.248993989075599,-18.310917981823
d01ea4c3-1912-46a0-9798-db3d3f9d2881,74b23a8e-ccad-453a-a0bd-2af02cb0a30b,1759834373437977231,857.661,897.441,1,,,2.911104905765943,-18.386496673247056
d01ea4c3-1912-46a0-9798-db3d3f9d2881,74b23a8e-ccad-453a-a0bd-2af02cb0a30b,1759834373442974231,841.287,921.358,1,,,1.827959710719125,-19.92753471094
d01ea4c3-1912-46a0-9798-db3d3f9d2881,74b23a8e-ccad-453a-a0bd-2af02cb0a30b,1759834373447975231,828.716,918.078,1,16,,0.9827667634612982,-19.719965993377006
d01ea4c3-1912-46a0-9798-db3d3f9d2881,74b23a8e-ccad-453a-a0bd-2af02cb0a30b,1759834373452981231,848.716,924.979,1,16,,2.329034735893796,-20.157394070299603
d01ea4c3-1912-46a0-9798-db3d3f9d2881,74b23a8e-ccad-453a-a0bd-2af02cb0a30b,1759834373457975231,832.865,928.886,1,16,,1.2644065777259164,-20.412838558696073
d01ea4c3-1912-46a0-9798-db3d3f9d2881,74b23a8e-ccad-453a-a0bd-2af02cb0a30b,1759834373462975231,834.081,927.159,1,16,,1.3456918671692544,-20.301739555491345
d01ea4c3-1912-46a0-9798-db3d3f9d2881,74b23a8e-ccad-453a-a0bd-2af02cb0a30b,1759834373467975231,835.787,926.476,1,16,,1.4602360451196568,-20.257513880171068
d01ea4c3-1912-46a0-9798-db3d3f9d2881,74b23a8e-ccad-453a-a0bd-2af02cb0a30b,1759834373472975231,834.628,923.138,1,16,,1.3811756220073574,-20.04351644141576
d01ea4c3-1912-46a0-9798-db3d3f9d2881,74b23a8e-ccad-453a-a0bd-2af02cb0a30b,1759834373477975231,830.619,923.801,1,16,,1.1119531645822873,-20.086946600820095
d01ea4c3-1912-46a0-9798-db3d3f9d2881,74b23a8e-ccad-453a-a0bd-2af02cb0a30b,1759834373482975231,844.134,928.946,1,16,,2.0229704740361187,-20.41360112319476
d01ea4c3-1912-46a0-9798-db3d3f9d2881,74b23a8e-ccad-453a-a0bd-2af02cb0a30b,1759834373487975231,838.663,926.028,1,16,,1.6535325638180436,-20.22796422925446
d01ea4c3-1912-46a0-9798-db3d3f9d2881,74b23a8e-ccad-453a-a0bd-2af02cb0a30b,1759834373492984231,833.762,925.985,1,16,,1.3238676013581272,-20.22646342172244
d01ea4c3-1912-46a0-9798-db3d3f9d2881,74b23a8e-ccad-453a-a0bd-2af02cb0a30b,1759834373497975231,837.434,923.541,1,16,,1.5699287383161264,-20.068733828679846
d01ea4c3-1912-46a0-9798-db3d3f9d2881,74b23a8e-ccad-453a-a0bd-2af02cb0a30b,1759834373502975231,840.806,921.642,1,16,,1.795755578949268,-19.945910587423658
d01ea4c3-1912-46a0-9798-db3d3f9d2881,74b23a8e-ccad-453a-a0bd-2af02cb0a30b,1759834373507975231,844.781,920.403,1,16,,2.0621585693834157,-19.86517632073232
d01ea4c3-1912-46a0-9798-db3d3f9d2881,74b23a8e-ccad-453a-a0bd-2af02cb0a30b,1759834373512975231,846.805,919.866,1,16,,2.197764268873741,-19.830022385015177
d01ea4c3-1912-46a0-9798-db3d3f9d2881,74b23a8e-ccad-453a-a0bd-2af02cb0a30b,1759834373517975231,844.281,920.965,1,16,,2.0288185496282796,-19.901403616775184
d01ea4c3-1912-46a0-9798-db3d3f9d2881,74b23a8e-ccad-453a-a0bd-2af02cb0a30b,1759834373522975231,834.344,914.736,1,16,,1.3594206845226564,-19.504329217661642
d01ea4c3-1912-46a0-9798-db3d3f9d2881,74b23a8e-ccad-453a-a0bd-2af02cb0a30b,1759834373527975231,831.591,922.343,1,16,,1.1768545033018307,-19.99318713250417
d01ea4c3-1912-46a0-9798-db3d3f9d2881,74b23a8e-ccad-453a-a0bd-2af02cb0a30b,1759834373532976231,842.656,913.539,1,16,,1.9163100585797077,-19.42525612333519
d01ea4c3-1912-46a0-9798-db3d3f9d2881,74b23a8e-ccad-453a-a0bd-2af02cb0a30b,1759834373537975231,838.952,910.902,1,16,,1.6669771680685919,-19.257044293139575
d01ea4c3-1912-46a0-9798-db3d3f9d2881,74b23a8e-ccad-453a-a0bd-2af02cb0a30b,1759834373542975231,834.111,914.501,1,,,1.3437532684037128,-19.48926571699634
d01ea4c3-1912-46a0-9798-db3d3f9d2881,74b23a8e-ccad-453a-a0bd-2af02cb0a30b,1759834373547975231,838.373,918.21,1,,,1.6309938578546879,-19.726301390296232
d01ea4c3-1912-46a0-9798-db3d3f9d2881,74b23a8e-ccad-453a-a0bd-2af02cb0a30b,1759834373552976231,830.615,930.066,1,,,1.1132782550856044,-20.48903556085784
d01ea4c3-1912-46a0-9798-db3d3f9d2881,74b23a8e-ccad-453a-a0bd-2af02cb0a30b,1759834373557976231,821.342,947.329,1,,,0.4905877454698186,-21.59820141987962
d01ea4c3-1912-46a0-9798-db3d3f9d2881,74b23a8e-ccad-453a-a0bd-2af02cb0a30b,1759834373563101231,825.496,966.062,1,,,0.7752047781825814,-22.79946670692144
d01ea4c3-1912-46a0-9798-db3d3f9d2881,74b23a8e-ccad-453a-a0bd-2af02cb0a30b,1759834373568101231,822.835,985.771,1,,,0.5970896897933985,-24.06420484704269
d01ea4c3-1912-46a0-9798-db3d3f9d2881,74b23a8e-ccad-453a-a0bd-2af02cb0a30b,1759834373573101231,800.673,988.223,1,,,-0.9213183324841706,-24.221783621636064
d01ea4c3-1912-46a0-9798-db3d3f9d2881,74b23a8e-ccad-453a-a0bd-2af02cb0a30b,1759834373578101231,801.266,995.743,1,,,-0.883299672303206,-24.704332416914394
d01ea4c3-1912-46a0-9798-db3d3f9d2881,74b23a8e-ccad-453a-a0bd-2af02cb0a30b,1759834373583106231,813.005,1031.065,1,,,-0.07954220420928508,-26.971973250348473
d01ea4c3-1912-46a0-9798-db3d3f9d2881,74b23a8e-ccad-453a-a0bd-2af02cb0a30b,1759834373588101231,805.165,1026.35,1,17,,-0.6237876822933529,-26.669047494709105
d01ea4c3-1912-46a0-9798-db3d3f9d2881,74b23a8e-ccad-453a-a0bd-2af02cb0a30b,1759834373593101231,804.076,1028.454,1,17,,-0.700099939166633,-26.804036394414002
d01ea4c3-1912-46a0-9798-db3d3f9d2881,74b23a8e-ccad-453a-a0bd-2af02cb0a30b,1759834373598105231,805.687,1027.523,1,17,,-0.5878185392867854,-26.744368145694466
d01ea4c3-1912-46a0-9798-db3d3f9d2881,74b23a8e-ccad-453a-a0bd-2af02cb0a30b,1759834373603101231,825.125,1018.962,1,17,,0.7610012314239827,-26.193632747037803
d01ea4c3-1912-46a0-9798-db3d3f9d2881,74b23a8e-ccad-453a-a0bd-2af02cb0a30b,1759834373608101231,819.495,1023.545,1,17,,0.3714491911832377,-26.488650551213176
d01ea4c3-1912-46a0-9798-db3d3f9d2881,74b23a8e-ccad-453a-a0bd-2af02cb0a30b,1759834373613101231,816.907,1023.127,1,17,,0.19182886799342538,-26.4620899134586
d01ea4c3-1912-46a0-9798-db3d3f9d2881,74b23a8e-ccad-453a-a0bd-2af02cb0a30b,1759834373618101231,824.433,1034.994,1,17,,0.7166170271046878,-27.223066589220206
d01ea4c3-1912-46a0-9798-db3d3f9d2881,74b23a8e-ccad-453a-a0bd-2af02cb0a30b,1759834373623101231,814.677,1028.523,1,17,,0.03690025197177746,-26.808634250012226
d01ea4c3-1912-46a0-9798-db3d3f9d2881,74b23a8e-ccad-453a-a0bd-2af02cb0a30b,1759834373628110231,812.935,1021.66,1,17,,-0.08359267159910724,-26.368084160489538
d01ea4c3-1912-46a0-9798-db3d3f9d2881,74b23a8e-ccad-453a-a0bd-2af02cb0a30b,1759834373633101231,813.47,1021.078,1,17,,-0.04648878859473309,-26.330728477394622
d01ea4c3-1912-46a0-9798-db3d3f9d2881,74b23a8e-ccad-453a-a0bd-2af02cb0a30b,1759834373638101231,811.203,1017.528,1,17,,-0.2031628452491714,-26.102917948995763
d01ea4c3-1912-46a0-9798-db3d3f9d2881,74b23a8e-ccad-453a-a0bd-2af02cb0a30b,1759834373643101231,812.066,1019.183,1,17,,-0.14363293445285738,-26.209132311482726
d01ea4c3-1912-46a0-9798-db3d3f9d2881,74b23a8e-ccad-453a-a0bd-2af02cb0a30b,1759834373648102231,813.824,1018.523,1,17,,-0.021770054660542156,-26.166709515508785
d01ea4c3-1912-46a0-9798-db3d3f9d2881,74b23a8e-ccad-453a-a0bd-2af02cb0a30b,1759834373653102231,813.551,1016.342,1,17,,-0.04052482960417436,-26.02675020106572
d01ea4c3-1912-46a0-9798-db3d3f9d2881,74b23a8e-ccad-453a-a0bd-2af02cb0a30b,1759834373658102231,797.025,1021.847,1,17,,-1.186989178358883,-26.37893234850442
d01ea4c3-1912-46a0-9798-db3d3f9d2881,74b23a8e-ccad-453a-a0bd-2af02cb0a30b,1759834373663102231,802.995,1022.15,1,17,,-0.7730762288601866,-26.399209587888436
d01ea4c3-1912-46a0-9798-db3d3f9d2881,74b23a8e-ccad-453a-a0bd-2af02cb0a30b,1759834373668102231,806.822,1014.812,1,17,,-0.5058814101156736,-25.928471554250216
d01ea4c3-1912-46a0-9798-db3d3f9d2881,74b23a8e-ccad-453a-a0bd-2af02cb0a30b,1759834373673102231,805.924,1014.627,1,17,,-0.5679198471117511,-25.91653207030515
d01ea4c3-1912-46a0-9798-db3d3f9d2881,74b23a8e-ccad-453a-a0bd-2af02cb0a30b,1759834373678102231,812.772,1009.939,1,17,,-0.09392002621593667,-25.61577035056986
d01ea4c3-1912-46a0-9798-db3d3f9d2881,74b23a8e-ccad-453a-a0bd-2af02cb0a30b,1759834373683102231,802.026,1020.959,1,17,,-0.8398611709336532,-26.322643516244668
d01ea4c3-1912-46a0-9798-db3d3f9d2881,74b23a8e-ccad-453a-a0bd-2af02cb0a30b,1759834373688102231,797.881,1023.816,1,17,,-1.1285340454602641,-26.50546987717332
d01ea4c3-1912-46a0-9798-db3d3f9d2881,74b23a8e-ccad-453a-a0bd-2af02cb0a30b,1759834373693102231,796.805,1022.562,1,17,,-1.2026296978711153,-26.424806661685427
d01ea4c3-1912-46a0-9798-db3d3f9d2881,74b23a8e-ccad-453a-a0bd-2af02cb0a30b,1759834373698102231,793.158,1027.151,1,17,,-1.4583612009891542,-26.71871135701722
d01ea4c3-1912-46a0-9798-db3d3f9d2881,74b23a8e-ccad-453a-a0bd-2af02cb0a30b,1759834373703227231,799.707,1010.571,1,17,,-0.9962660202459175,-25.65562993214796
d01ea4c3-1912-46a0-9798-db3d3f9d2881,74b23a8e-ccad-453a-a0bd-2af02cb0a30b,1759834373708227231,799.967,1012.428,1,17,,-0.9790917049907802,-25.77483435500904
d01ea4c3-1912-46a0-9798-db3d3f9d2881,74b23a8e-ccad-453a-a0bd-2af02cb0a30b,1759834373713227231,789.49,1011.612,1,,,-1.7026140098558278,-25.720360679252273
d01ea4c3-1912-46a0-9798-db3d3f9d2881,74b23a8e-ccad-453a-a0bd-2af02cb0a30b,1759834373718231231,796.63,1026.37,1,,,-1.2166670550385592,-26.669274329297952
d01ea4c3-1912-46a0-9798-db3d3f9d2881,74b23a8e-ccad-453a-a0bd-2af02cb0a30b,1759834373723236231,789.51,1026.167,1,,,-1.7112097467679854,-26.654586856371537
d01ea4c3-1912-46a0-9798-db3d3f9d2881,74b23a8e-ccad-453a-a0bd-2af02cb0a30b,1759834373728227231,778.429,1031.445,1,18,,-2.486280229137091,-26.989672901456665
d01ea4c3-1912-46a0-9798-db3d3f9d2881,74b23a8e-ccad-453a-a0bd-2af02cb0a30b,1759834373733227231,776.435,1029.258,1,18,,-2.6227501976496024,-26.848377355013618
d01ea4c3-1912-46a0-9798-db3d3f9d2881,74b23a8e-ccad-453a-a0bd-2af02cb0a30b,1759834373738227231,778.031,1028.911,1,18,,-2.5113436867582433,-26.826809181413356
d01ea4c3-1912-46a0-9798-db3d3f9d2881,74b23a8e-ccad-453a-a0bd-2af02cb0a30b,1759834373743227231,776.537,1029.032,1,18,,-2.615380689306455,-26.833941705626113
d01ea4c3-1912-46a0-9798-db3d3f9d2881,74b23a8e-ccad-453a-a0bd-2af02cb0a30b,1759834373748227231,779.799,1030.483,1,18,,-2.3899549851265345,-26.92845205415761
d01ea4c3-1912-46a0-9798-db3d3f9d2881,74b23a8e-ccad-453a-a0bd-2af02cb0a30b,1759834373753227231,779.598,1029.261,1,18,,-2.402733447911214,-26.84993232005804
d01ea4c3-1912-46a0-9798-db3d3f9d2881,74b23a8e-ccad-453a-a0bd-2af02cb0a30b,1759834373758228231,778.356,1030.764,1,18,,-2.490661205039868,-26.94588834339364
d01ea4c3-1912-46a0-9798-db3d3f9d2881,74b23a8e-ccad-453a-a0bd-2af02cb0a30b,1759834373763228231,774.75,1031.351,1,18,,-2.742207271299616,-26.981981341657814
d01ea4c3-1912-46a0-9798-db3d3f9d2881,74b23a8e-ccad-453a-a0bd-2af02cb0a30b,1759834373768228231,777.365,1032.124,1,18,,-2.561022075469513,-27.03276550509584
d01ea4c3-1912-46a0-9798-db3d3f9d2881,74b23a8e-ccad-453a-a0bd-2af02cb0a30b,1759834373773228231,775.238,1032.994,1,18,,-2.710092818960851,-27.087676450533234
d01ea4c3-1912-46a0-9798-db3d3f9d2881,74b23a8e-ccad-453a-a0bd-2af02cb0a30b,1759834373778228231,775.712,1021.723,1,18,,-2.6650140779495217,-26.36444125951576
d01ea4c3-1912-46a0-9798-db3d3f9d2881,74b23a8e-ccad-453a-a0bd-2af02cb0a30b,1759834373783231231,789.211,1032.98,1,18,,-1.7368332528311234,-27.091950947356604
d01ea4c3-1912-46a0-9798-db3d3f9d2881,74b23a8e-ccad-453a-a0bd-2af02cb0a30b,1759834373788236231,787.488,1032.777,1,18,,-1.8567447877777976,-27.078417824972142
d01ea4c3-1912-46a0-9798-db3d3f9d2881,74b23a8e-ccad-453a-a0bd-2af02cb0a30b,1759834373793228231,778.798,1017.456,1,18,,-2.4468797576075656,-26.09189037633025
d01ea4c3-1912-46a0-9798-db3d3f9d2881,74b23a8e-ccad-453a-a0bd-2af02cb0a30b,1759834373798228231,777.336,1030.539,1,18,,-2.56141274898576,-26.931021189859976
d01ea4c3-1912-46a0-9798-db3d3f9d2881,74b23a8e-ccad-453a-a0bd-2af02cb0a30b,1759834373803233231,780.744,1024.571,1,18,,-2.318619627260514,-26.549315929505912
d01ea4c3-1912-46a0-9798-db3d3f9d2881,74b23a8e-ccad-453a-a0bd-2af02cb0a30b,1759834373808228231,782.812,1021.281,1,18,,-2.1722522316808175,-26.338849699091394
d01ea4c3-1912-46a0-9798-db3d3f9d2881,74b23a8e-ccad-453a-a0bd-2af02cb0a30b,1759834373813228231,805.781,1020.966,1,18,,-0.5794889741582394,-26.32343019330058
d01ea4c3-1912-46a0-9798-db3d3f9d2881,74b23a8e-ccad-453a-a0bd-2af02cb0a30b,1759834373818242231,799.046,1025.555,1,18,,-1.048473977057267,-26.61730306191514
d01ea4c3-1912-46a0-9798-db3d3f9d2881,74b23a8e-ccad-453a-a0bd-2af02cb0a30b,1759834373823228231,798.397,1023.302,1,18,,-1.092517905638429,-26.47255302787765
d01ea4c3-1912-46a0-9798-db3d3f9d2881,74b23a8e-ccad-453a-a0bd-2af02cb0a30b,1759834373828228231,791.202,1033.488,1,18,,-1.598547963866862,-27.125081783524283
d01ea4c3-1912-46a0-9798-db3d3f9d2881,74b23a8e-ccad-453a-a0bd-2af02cb0a30b,1759834373833228231,787.565,1029.87,1,18,,-1.8491462575929651,-26.891811617124443
d01ea4c3-1912-46a0-9798-db3d3f9d2881,74b23a8e-ccad-453a-a0bd-2af02cb0a30b,1759834373838363231,787.217,1030.138,1,18,,-1.873542686780578,-26.908919347603845
d01ea4c3-1912-46a0-9798-db3d3f9d2881,74b23a8e-ccad-453a-a0bd-2af02cb0a30b,1759834373843368231,791.18,1025.796,1,18,,-1.5949539150061505,-26.63119026120609
d01ea4c3-1912-46a0-9798-db3d3f9d2881,74b23a8e-ccad-453a-a0bd-2af02cb0a30b,1759834373848353231,789.77,1026.815,1,18,,-1.6935863509955473,-26.69624792470682
d01ea4c3-1912-46a0-9798-db3d3f9d2881,74b23a8e-ccad-453a-a0bd-2af02cb0a30b,1759834373853354231,788.235,1027.695,1,18,,-1.8008919405701327,-26.752324575374484
d01ea4c3-1912-46a0-9798-db3d3f9d2881,74b23a8e-ccad-453a-a0bd-2af02cb0a30b,1759834373858354231,782.515,1032.07,1,18,,-2.202403231470733,-27.03137245914251
d01ea4c3-1912-46a0-9798-db3d3f9d2881,74b23a8e-ccad-453a-a0bd-2af02cb0a30b,1759834373863354231,779.745,1025.729,1,18,,-2.389117184535145,-26.623243360748052
d01ea4c3-1912-46a0-9798-db3d3f9d2881,74b23a8e-ccad-453a-a0bd-2af02cb0a30b,1759834373868354231,787.144,1032.831,1,18,,-1.880739525298916,-27.081791363774418
d01ea4c3-1912-46a0-9798-db3d3f9d2881,74b23a8e-ccad-453a-a0bd-2af02cb0a30b,1759834373873354231,789.772,1008.081,1,18,,-1.6808266757231227,-25.4938825364324
d01ea4c3-1912-46a0-9798-db3d3f9d2881,74b23a8e-ccad-453a-a0bd-2af02cb0a30b,1759834373878354231,793.872,1020.063,1,18,,-1.4046442563545583,-26.263798762054094
d01ea4c3-1912-46a0-9798-db3d3f9d2881,74b23a8e-ccad-453a-a0bd-2af02cb0a30b,1759834373883354231,791.793,1023.29,1,18,,-1.5507665606790122,-26.470520348587687
d01ea4c3-1912-46a0-9798-db3d3f9d2881,74b23a8e-ccad-453a-a0bd-2af02cb0a30b,1759834373888354231,790.209,1021.637,1,18,,-1.659556554798464,-26.363994094126003
d01ea4c3-1912-46a0-9798-db3d3f9d2881,74b23a8e-ccad-453a-a0bd-2af02cb0a30b,1759834373893354231,778.236,1023.964,1,18,,-2.4921916849899906,-26.50930474008458
d01ea4c3-1912-46a0-9798-db3d3f9d2881,74b23a8e-ccad-453a-a0bd-2af02cb0a30b,1759834373898354231,780.587,1024.356,1,18,,-2.3293805823701077,-26.535403506326514
d01ea4c3-1912-46a0-9798-db3d3f9d2881,74b23a8e-ccad-453a-a0bd-2af02cb0a30b,1759834373903354231,781.011,1023.758,1,18,,-2.2993673829710346,-26.497206052426254
d01ea4c3-1912-46a0-9798-db3d3f9d2881,74b23a8e-ccad-453a-a0bd-2af02cb0a30b,1759834373908354231,783.617,1028.046,1,18,,-2.122184760809702,-26.77342070529856
d01ea4c3-1912-46a0-9798-db3d3f9d2881,74b23a8e-ccad-453a-a0bd-2af02cb0a30b,1759834373913354231,781.735,1025.473,1,18,,-2.250636830185071,-26.607549279973277
d01ea4c3-1912-46a0-9798-db3d3f9d2881,74b23a8e-ccad-453a-a0bd-2af02cb0a30b,1759834373918354231,791.439,1019.856,1,18,,-1.573147923363577,-26.249954950989494
d01ea4c3-1912-46a0-9798-db3d3f9d2881,74b23a8e-ccad-453a-a0bd-2af02cb0a30b,1759834373923354231,786.993,1026.49,1,18,,-1.8863026744903517,-26.674601079644276
d01ea4c3-1912-46a0-9798-db3d3f9d2881,74b23a8e-ccad-453a-a0bd-2af02cb0a30b,1759834373928354231,785.027,1022.496,1,18,,-2.0196248604047753,-26.41758639865844
d01ea4c3-1912-46a0-9798-db3d3f9d2881,74b23a8e-ccad-453a-a0bd-2af02cb0a30b,1759834373933354231,770.5,1017.055,1,18,,-3.0209667976235037,-26.062366387058375
d01ea4c3-1912-46a0-9798-db3d3f9d2881,74b23a8e-ccad-453a-a0bd-2af02cb0a30b,1759834373938357231,773.002,1021.583,1,18,,-2.8528005541279193,-26.354210790376587
d01ea4c3-1912-46a0-9798-db3d3f9d2881,74b23a8e-ccad-453a-a0bd-2af02cb0a30b,1759834373943367231,779.927,1010.586,1,18,,-2.362438285557784,-25.65149728569392
d01ea4c3-1912-46a0-9798-db3d3f9d2881,74b23a8e-ccad-453a-a0bd-2af02cb0a30b,1759834373948354231,776.355,1029.955,1,18,,-2.629017587433509,-26.893073890026024
d01ea4c3-1912-46a0-9798-db3d3f9d2881,74b23a8e-ccad-453a-a0bd-2af02cb0a30b,1759834373953354231,773.512,1024.838,1,18,,-2.8210389817775225,-26.563339624005312
d01ea4c3-1912-46a0-9798-db3d3f9d2881,74b23a8e-ccad-453a-a0bd-2af02cb0a30b,1759834373958359231,777.625,1022.544,1,18,,-2.5331460338009553,-26.41794526342737
d01ea4c3-1912-46a0-9798-db3d3f9d2881,74b23a8e-ccad-453a-a0bd-2af02cb0a30b,1759834373963355231,777.156,1021.63,1,,,-2.5647852271370053,-26.359101643166294
d01ea4c3-1912-46a0-9798-db3d3f9d2881,74b23a8e-ccad-453a-a0bd-2af02cb0a30b,1759834373968354231,776.026,1019.631,1,,,-2.641017146750719,-26.23027445997464
d01ea4c3-1912-46a0-9798-db3d3f9d2881,74b23a8e-ccad-453a-a0bd-2af02cb0a30b,1759834373973358231,778.945,1016.556,1,,,-2.4358754093431765,-26.034158755890907
d01ea4c3-1912-46a0-9798-db3d3f9d2881,74b23a8e-ccad-453a-a0bd-2af02cb0a30b,1759834373978480231,771.516,1008.235,1,,,-2.94077159684904,-25.49700424712166
d01ea4c3-1912-46a0-9798-db3d3f9d2881,74b23a8e-ccad-453a-a0bd-2af02cb0a30b,1759834373983480231,759.704,979.285,1,,,-3.717732165785699,-23.63398583826105
d01ea4c3-1912-46a0-9798-db3d3f9d2881,74b23a8e-ccad-453a-a0bd-2af02cb0a30b,1759834373988493231,748.718,934.74,1,,,-4.407536672256447,-20.771259572966375
d01ea4c3-1912-46a0-9798-db3d3f9d2881,74b23a8e-ccad-453a-a0bd-2af02cb0a30b,1759834373993480231,751.359,894.974,1,,,-4.185552464833437,-18.221900183874396
d01ea4c3-1912-46a0-9798-db3d3f9d2881,74b23a8e-ccad-453a-a0bd-2af02cb0a30b,1759834373998480231,730.48,860.354,1,,,-5.535876588159344,-15.987229832356142
d01ea4c3-1912-46a0-9798-db3d3f9d2881,74b23a8e-ccad-453a-a0bd-2af02cb0a30b,1759834374003480231,723.809,828.311,1,,,-5.941013511031549,-13.924921281619026
d01ea4c3-1912-46a0-9798-db3d3f9d2881,74b23a8e-ccad-453a-a0bd-2af02cb0a30b,1759834374008480231,718.726,783.512,1,,,-6.2315305404378165,-11.041508199064946
d01ea4c3-1912-46a0-9798-db3d3f9d2881,74b23a8e-ccad-453a-a0bd-2af02cb0a30b,1759834374013480231,698.728,761.111,1,,,-7.516767498274518,-9.589819374616466
d01ea4c3-1912-46a0-9798-db3d3f9d2881,74b23a8e-ccad-453a-a0bd-2af02cb0a30b,1759834374018480231,697.136,744.335,1,,,-7.606215529815519,-8.509721222824275
d01ea4c3-1912-46a0-9798-db3d3f9d2881,74b23a8e-ccad-453a-a0bd-2af02cb0a30b,1759834374023480231,677.263,712.779,1,,,-8.872543898864816,-6.4702427064289365
d01ea4c3-1912-46a0-9798-db3d3f9d2881,74b23a8e-ccad-453a-a0bd-2af02cb0a30b,1759834374028480231,684.923,694.683,1,,,-8.365166092950421,-5.308654299636694
d01ea4c3-1912-46a0-9798-db3d3f9d2881,74b23a8e-ccad-453a-a0bd-2af02cb0a30b,1759834374033480231,688.705,696.214,1,,,-8.121165740503743,-5.408480678598568
d01ea4c3-1912-46a0-9798-db3d3f9d2881,74b23a8e-ccad-453a-a0bd-2af02cb0a30b,1759834374038480231,675.241,684.147,1,19,,-8.986187930673898,-4.627302411035954
d01ea4c3-1912-46a0-9798-db3d3f9d2881,74b23a8e-ccad-453a-a0bd-2af02cb0a30b,1759834374043483231,677.054,691.769,1,19,,-8.872910622304873,-5.118408723644256
d01ea4c3-1912-46a0-9798-db3d3f9d2881,74b23a8e-ccad-453a-a0bd-2af02cb0a30b,1759834374048480231,678.114,699.663,1,19,,-8.808852118971386,-5.626757426301163
d01ea4c3-1912-46a0-9798-db3d3f9d2881,74b23a8e-ccad-453a-a0bd-2af02cb0a30b,1759834374053488231,678.764,702.777,1,19,,-8.768675113809055,-5.827408215867782
d01ea4c3-1912-46a0-9798-db3d3f9d2881,74b23a8e-ccad-453a-a0bd-2af02cb0a30b,1759834374058480231,680.305,703.049,1,19,,-8.669021101223281,-5.84546075734562
d01ea4c3-1912-46a0-9798-db3d3f9d2881,74b23a8e-ccad-453a-a0bd-2af02cb0a30b,1759834374063481231,683.815,703.723,1,19,,-8.442104948477546,-5.8901902368685946
d01ea4c3-1912-46a0-9798-db3d3f9d2881,74b23a8e-ccad-453a-a0bd-2af02cb0a30b,1759834374068481231,683.005,704.43,1,19,,-8.495024349473063,-5.9353765018652425
d01ea4c3-1912-46a0-9798-db3d3f9d2881,74b23a8e-ccad-453a-a0bd-2af02cb0a30b,1759834374073480231,680.43,704.129,1,19,,-8.661629207799797,-5.915011522906426
d01ea4c3-1912-46a0-9798-db3d3f9d2881,74b23a8e-ccad-453a-a0bd-2af02cb0a30b,1759834374078481231,680.677,703.415,1,19,,-8.645188108132258,-5.8692050334440315
d01ea4c3-1912-46a0-9798-db3d3f9d2881,74b23a8e-ccad-453a-a0bd-2af02cb0a30b,1759834374083481231,680.578,702.826,1,19,,-8.651206302993055,-5.83126866938522
d01ea4c3-1912-46a0-9798-db3d3f9d2881,74b23a8e-ccad-453a-a0bd-2af02cb0a30b,1759834374088481231,679.025,703.113,1,19,,-8.751977372092949,-5.849133140696085
d01ea4c3-1912-46a0-9798-db3d3f9d2881,74b23a8e-ccad-453a-a0bd-2af02cb0a30b,1759834374093487231,679.374,701.018,1,19,,-8.728119903387357,-5.714406365394671
d01ea4c3-1912-46a0-9798-db3d3f9d2881,74b23a8e-ccad-453a-a0bd-2af02cb0a30b,1759834374098481231,679.005,700.173,1,19,,-8.751470295048138,-5.659921867244552
d01ea4c3-1912-46a0-9798-db3d3f9d2881,74b23a8e-ccad-453a-a0bd-2af02cb0a30b,1759834374103491231,678.43,700.517,1,19,,-8.788908543007762,-5.681867463338607
d01ea4c3-1912-46a0-9798-db3d3f9d2881,74b23a8e-ccad-453a-a0bd-2af02cb0a30b,1759834374108495231,679.472,703.648,1,19,,-8.723357886122338,-5.8837063268441305
d01ea4c3-1912-46a0-9798-db3d3f9d2881,74b23a8e-ccad-453a-a0bd-2af02cb0a30b,1759834374113606231,680.616,711.073,1,19,,-8.654086824041677,-6.361935312858623
d01ea4c3-1912-46a0-9798-db3d3f9d2881,74b23a8e-ccad-453a-a0bd-2af02cb0a30b,1759834374118606231,678.992,705.52,1,19,,-8.755630287599278,-6.003977533078326
d01ea4c3-1912-46a0-9798-db3d3f9d2881,74b23a8e-ccad-453a-a0bd-2af02cb0a30b,1759834374123606231,686.449,706.499,1,19,,-8.273141831157483,-6.0698642640546625
d01ea4c3-1912-46a0-9798-db3d3f9d2881,74b23a8e-ccad-453a-a0bd-2af02cb0a30b,1759834374128606231,689.489,705.618,1,19,,-8.07565724598047,-6.014314685435428
d01ea4c3-1912-46a0-9798-db3d3f9d2881,74b23a8e-ccad-453a-a0bd-2af02cb0a30b,1759834374133606231,687.834,706.945,1,19,,-8.183670998754952,-6.099114935816497
d01ea4c3-1912-46a0-9798-db3d3f9d2881,74b23a8e-ccad-453a-a0bd-2af02cb0a30b,1759834374138606231,686.882,703.936,1,19,,-8.2435610359138,-5.905073609641798
d01ea4c3-1912-46a0-9798-db3d3f9d2881,74b23a8e-ccad-453a-a0bd-2af02cb0a30b,1759834374143611231,693.7,692.011,1,19,,-7.7956254465505275,-5.139440043801248
d01ea4c3-1912-46a0-9798-db3d3f9d2881,74b23a8e-ccad-453a-a0bd-2af02cb0a30b,1759834374148606231,693.096,691.721,1,19,,-7.834560029228432,-5.120540851461482
d01ea4c3-1912-46a0-9798-db3d3f9d2881,74b23a8e-ccad-453a-a0bd-2af02cb0a30b,1759834374153606231,688.56,698.92,1,19,,-8.131996988454445,-5.582725829777997
d01ea4c3-1912-46a0-9798-db3d3f9d2881,74b23a8e-ccad-453a-a0bd-2af02cb0a30b,1759834374158606231,688.165,699.82,1,19,,-8.158106716253744,-5.640491925472445
d01ea4c3-1912-46a0-9798-db3d3f9d2881,74b23a8e-ccad-453a-a0bd-2af02cb0a30b,1759834374163607231,687.534,699.791,1,19,,-8.198920171312782,-5.638447817947532
d01ea4c3-1912-46a0-9798-db3d3f9d2881,74b23a8e-ccad-453a-a0bd-2af02cb0a30b,1759834374168606231,691.871,708.727,1,19,,-7.923121553765234,-6.215375264805453
d01ea4c3-1912-46a0-9798-db3d3f9d2881,74b23a8e-ccad-453a-a0bd-2af02cb0a30b,1759834374173616231,679.935,703.805,1,19,,-8.69347009993206,-5.893976163132926
d01ea4c3-1912-46a0-9798-db3d3f9d2881,74b23a8e-ccad-453a-a0bd-2af02cb0a30b,1759834374178606231,678.108,705.048,1,19,,-8.8125797841385,-5.97322627663614
d01ea4c3-1912-46a0-9798-db3d3f9d2881,74b23a8e-ccad-453a-a0bd-2af02cb0a30b,1759834374183607231,678.977,703.584,1,19,,-8.755405943942563,-5.8794211773587755
d01ea4c3-1912-46a0-9798-db3d3f9d2881,74b23a8e-ccad-453a-a0bd-2af02cb0a30b,1759834374188607231,679.544,700.598,1,19,,-8.716827327255517,-5.68745662146052
d01ea4c3-1912-46a0-9798-db3d3f9d2881,74b23a8e-ccad-453a-a0bd-2af02cb0a30b,1759834374193610231,682.745,700.668,1,19,,-8.509554441274886,-5.693164576334161
d01ea4c3-1912-46a0-9798-db3d3f9d2881,74b23a8e-ccad-453a-a0bd-2af02cb0a30b,1759834374198607231,679.545,702.179,1,19,,-8.717760754878194,-5.789204803718284
d01ea4c3-1912-46a0-9798-db3d3f9d2881,74b23a8e-ccad-453a-a0bd-2af02cb0a30b,1759834374203608231,679.441,703.754,1,19,,-8.725447383170408,-5.890508224999577
d01ea4c3-1912-46a0-9798-db3d3f9d2881,74b23a8e-ccad-453a-a0bd-2af02cb0a30b,1759834374208607231,681.462,704.016,1,19,,-8.594678444272116,-5.908124957358079
d01ea4c3-1912-46a0-9798-db3d3f9d2881,74b23a8e-ccad-453a-a0bd-2af02cb0a30b,1759834374213608231,682.258,705.162,1,19,,-8.543859752353283,-5.98221805353852
d01ea4c3-1912-46a0-9798-db3d3f9d2881,74b23a8e-ccad-453a-a0bd-2af02cb0a30b,1759834374218618231,680.188,704.456,1,19,,-8.677529053361903,-5.935965074899123
d01ea4c3-1912-46a0-9798-db3d3f9d2881,74b23a8e-ccad-453a-a0bd-2af02cb0a30b,1759834374223615231,681.488,700.408,1,19,,-8.590804534097748,-5.67594694398778
d01ea4c3-1912-46a0-9798-db3d3f9d2881,74b23a8e-ccad-453a-a0bd-2af02cb0a30b,1759834374228607231,681.77,706.688,1,19,,-8.57642338012116,-6.080258263851901
d01ea4c3-1912-46a0-9798-db3d3f9d2881,74b23a8e-ccad-453a-a0bd-2af02cb0a30b,1759834374233607231,680.503,708.969,1,19,,-8.660003769974143,-6.226505835733048
d01ea4c3-1912-46a0-9798-db3d3f9d2881,74b23a8e-ccad-453a-a0bd-2af02cb0a30b,1759834374238607231,681.71,708.364,1,19,,-8.581359407474656,-6.188031668420802
d01ea4c3-1912-46a0-9798-db3d3f9d2881,74b23a8e-ccad-453a-a0bd-2af02cb0a30b,1759834374243732231,680.816,711.945,1,19,,-8.641686585166259,-6.418100518440414
d01ea4c3-1912-46a0-9798-db3d3f9d2881,74b23a8e-ccad-453a-a0bd-2af02cb0a30b,1759834374248735231,681.283,715.869,1,19,,-8.614096049493819,-6.670786831008542
d01ea4c3-1912-46a0-9798-db3d3f9d2881,74b23a8e-ccad-453a-a0bd-2af02cb0a30b,1759834374253732231,689.021,709.451,1,19,,-8.108266212772307,-6.260896830547567
d01ea4c3-1912-46a0-9798-db3d3f9d2881,74b23a8e-ccad-453a-a0bd-2af02cb0a30b,1759834374258732231,685.588,709.076,1,19,,-8.330520594496557,-6.235394754328134
d01ea4c3-1912-46a0-9798-db3d3f9d2881,74b23a8e-ccad-453a-a0bd-2af02cb0a30b,1759834374263733231,681.971,704.681,1,19,,-8.562147997987164,-5.951127303531493
d01ea4c3-1912-46a0-9798-db3d3f9d2881,74b23a8e-ccad-453a-a0bd-2af02cb0a30b,1759834374268732231,683.545,703.752,1,19,,-8.45964111819192,-5.891945986138965
d01ea4c3-1912-46a0-9798-db3d3f9d2881,74b23a8e-ccad-453a-a0bd-2af02cb0a30b,1759834374273732231,678.072,703.211,1,19,,-8.813795365244664,-5.855029261814145
d01ea4c3-1912-46a0-9798-db3d3f9d2881,74b23a8e-ccad-453a-a0bd-2af02cb0a30b,1759834374278732231,678.873,702.148,1,19,,-8.761222111748127,-5.786959946496021
d01ea4c3-1912-46a0-9798-db3d3f9d2881,74b23a8e-ccad-453a-a0bd-2af02cb0a30b,1759834374283733231,681.161,699.86,1,19,,-8.611673965565739,-5.640574759132626
d01ea4c3-1912-46a0-9798-db3d3f9d2881,74b23a8e-ccad-453a-a0bd-2af02cb0a30b,1759834374288733231,682.527,703.258,1,19,,-8.525230738575022,-5.859789273228282
d01ea4c3-1912-46a0-9798-db3d3f9d2881,74b23a8e-ccad-453a-a0bd-2af02cb0a30b,1759834374293733231,682.286,705.248,1,,,-8.542098043685927,-5.987739762532413
d01ea4c3-1912-46a0-9798-db3d3f9d2881,74b23a8e-ccad-453a-a0bd-2af02cb0a30b,1759834374298733231,681.978,708.294,1,,,-8.563976308519464,-6.183661679133175
d01ea4c3-1912-46a0-9798-db3d3f9d2881,74b23a8e-ccad-453a-a0bd-2af02cb0a30b,1759834374303733231,682.311,706.695,1,,,-8.541352443600122,-6.08089603631557
d01ea4c3-1912-46a0-9798-db3d3f9d2881,74b23a8e-ccad-453a-a0bd-2af02cb0a30b,1759834374308733231,690.209,704.402,1,,,-8.028270047483252,-5.936256260462994
d01ea4c3-1912-46a0-9798-db3d3f9d2881,74b23a8e-ccad-453a-a0bd-2af02cb0a30b,1759834374313733231,728.849,715.311,1,,,-5.528496222124577,-6.651788541835278
d01ea4c3-1912-46a0-9798-db3d3f9d2881,74b23a8e-ccad-453a-a0bd-2af02cb0a30b,1759834374318733231,762.282,708.787,1,,,-3.356796644856021,-6.237857527087736
d01ea4c3-1912-46a0-9798-db3d3f9d2881,74b23a8e-ccad-453a-a0bd-2af02cb0a30b,1759834374323733231,794.607,719.589,1,,,-1.2603824555214278,-6.939094440850635
d01ea4c3-1912-46a0-9798-db3d3f9d2881,74b23a8e-ccad-453a-a0bd-2af02cb0a30b,1759834374328733231,831.85,705.69,1,,,1.1572392969390815,-6.040883140396387
d01ea4c3-1912-46a0-9798-db3d3f9d2881,74b23a8e-ccad-453a-a0bd-2af02cb0a30b,1759834374333733231,841.72,708.668,1,,,1.7978742676511246,-6.232541626967927
d01ea4c3-1912-46a0-9798-db3d3f9d2881,74b23a8e-ccad-453a-a0bd-2af02cb0a30b,1759834374338733231,882.258,693.672,1,,,4.422594557632691,-5.258050346208927
d01ea4c3-1912-46a0-9798-db3d3f9d2881,74b23a8e-ccad-453a-a0bd-2af02cb0a30b,1759834374343733231,915.185,685.041,1,,,6.551165469328654,-4.693973075960537
d01ea4c3-1912-46a0-9798-db3d3f9d2881,74b23a8e-ccad-453a-a0bd-2af02cb0a30b,1759834374348733231,952.501,681.215,1,,,8.961676067616608,-4.436966221320302
d01ea4c3-1912-46a0-9798-db3d3f9d2881,74b23a8e-ccad-453a-a0bd-2af02cb0a30b,1759834374353750231,962.101,696.435,1,,,9.59011844425518,-5.4121927775162195
d01ea4c3-1912-46a0-9798-db3d3f9d2881,74b23a8e-ccad-453a-a0bd-2af02cb0a30b,1759834374358733231,973.318,678.06,1,,,10.304217837391388,-4.227316968502197
d01ea4c3-1912-46a0-9798-db3d3f9d2881,74b23a8e-ccad-453a-a0bd-2af02cb0a30b,1759834374363734231,971.009,695.968,1,20,,10.165462818850099,-5.378456276015721
d01ea4c3-1912-46a0-9798-db3d3f9d2881,74b23a8e-ccad-453a-a0bd-2af02cb0a30b,1759834374368733231,968.968,697.382,1,20,,10.034504144726647,-5.470152396593102
d01ea4c3-1912-46a0-9798-db3d3f9d2881,74b23a8e-ccad-453a-a0bd-2af02cb0a30b,1759834374373734231,973.066,696.185,1,20,,10.298551551916187,-5.3914639485632
d01ea4c3-1912-46a0-9798-db3d3f9d2881,74b23a8e-ccad-453a-a0bd-2af02cb0a30b,1759834374378858231,975.007,701.927,1,20,,10.427848295042084,-5.759251000120849
d01ea4c3-1912-46a0-9798-db3d3f9d2881,74b23a8e-ccad-453a-a0bd-2af02cb0a30b,1759834374383858231,966.744,700.387,1,20,,9.89274706768362,-5.664156758559022
d01ea4c3-1912-46a0-9798-db3d3f9d2881,74b23a8e-ccad-453a-a0bd-2af02cb0a30b,1759834374388862231,974.579,699.609,1,20,,10.398565835655745,-5.610634969956454
d01ea4c3-1912-46a0-9798-db3d3f9d2881,74b23a8e-ccad-453a-a0bd-2af02cb0a30b,1759834374393859231,972.399,697.403,1,20,,10.256224841855055,-5.470007618025087
d01ea4c3-1912-46a0-9798-db3d3f9d2881,74b23a8e-ccad-453a-a0bd-2af02cb0a30b,1759834374398859231,971.763,695.985,1,20,,10.214233295683671,-5.379193207942081
d01ea4c3-1912-46a0-9798-db3d3f9d2881,74b23a8e-ccad-453a-a0bd-2af02cb0a30b,1759834374403859231,975.011,680.724,1,20,,10.414831427790604,-4.397837137686533
d01ea4c3-1912-46a0-9798-db3d3f9d2881,74b23a8e-ccad-453a-a0bd-2af02cb0a30b,1759834374408859231,973.864,681.578,1,20,,10.341282511840774,-4.453080671967066
d01ea4c3-1912-46a0-9798-db3d3f9d2881,74b23a8e-ccad-453a-a0bd-2af02cb0a30b,1759834374413859231,971.445,684.563,1,20,,10.186760436881261,-4.645698867712265
d01ea4c3-1912-46a0-9798-db3d3f9d2881,74b23a8e-ccad-453a-a0bd-2af02cb0a30b,1759834374418859231,971.889,685.105,1,20,,10.215749044136937,-4.680335835635544
d01ea4c3-1912-46a0-9798-db3d3f9d2881,74b23a8e-ccad-453a-a0bd-2af02cb0a30b,1759834374423859231,966.341,691.094,1,20,,9.860909381839766,-5.0672662089467755
d01ea4c3-1912-46a0-9798-db3d3f9d2881,74b23a8e-ccad-453a-a0bd-2af02cb0a30b,1759834374428859231,963.072,697.12,1,20,,9.653351026266067,-5.455774711880513
d01ea4c3-1912-46a0-9798-db3d3f9d2881,74b23a8e-ccad-453a-a0bd-2af02cb0a30b,1759834374433864231,963.615,694.368,1,20,,9.686744983677329,-5.278690287003599
d01ea4c3-1912-46a0-9798-db3d3f9d2881,74b23a8e-ccad-453a-a0bd-2af02cb0a30b,1759834374438859231,964.836,695.887,1,20,,9.766542767197453,-5.375821437658381
d01ea4c3-1912-46a0-9798-db3d3f9d2881,74b23a8e-ccad-453a-a0bd-2af02cb0a30b,1759834374443859231,966.233,695.342,1,20,,9.856476427462777,-5.340206456506488
d01ea4c3-1912-46a0-9798-db3d3f9d2881,74b23a8e-ccad-453a-a0bd-2af02cb0a30b,1759834374448859231,966.526,695.156,1,20,,9.875346941811047,-5.328167098412013
d01ea4c3-1912-46a0-9798-db3d3f9d2881,74b23a8e-ccad-453a-a0bd-2af02cb0a30b,1759834374453859231,964.003,696.211,1,20,,9.712942588659807,-5.396967936651369
d01ea4c3-1912-46a0-9798-db3d3f9d2881,74b23a8e-ccad-453a-a0bd-2af02cb0a30b,1759834374458870231,963.975,696.053,1,20,,9.711002442301037,-5.386829152702885
d01ea4c3-1912-46a0-9798-db3d3f9d2881,74b23a8e-ccad-453a-a0bd-2af02cb0a30b,1759834374463859231,961.844,695.102,1,20,,9.572729099027567,-5.326569115250511
d01ea4c3-1912-46a0-9798-db3d3f9d2881,74b23a8e-ccad-453a-a0bd-2af02cb0a30b,1759834374468870231,961.717,695.589,1,20,,9.564814149129344,-5.357944284222506
d01ea4c3-1912-46a0-9798-db3d3f9d2881,74b23a8e-ccad-453a-a0bd-2af02cb0a30b,1759834374473859231,961.951,689.112,1,20,,9.576136050156498,-4.941563615383549
d01ea4c3-1912-46a0-9798-db3d3f9d2881,74b23a8e-ccad-453a-a0bd-2af02cb0a30b,1759834374478859231,961.185,688.418,1,20,,9.526314216399378,-4.897254836415968
d01ea4c3-1912-46a0-9798-db3d3f9d2881,74b23a8e-ccad-453a-a0bd-2af02cb0a30b,1759834374483860231,963.325,688.153,1,20,,9.664385729399362,-4.879403645406573
d01ea4c3-1912-46a0-9798-db3d3f9d2881,74b23a8e-ccad-453a-a0bd-2af02cb0a30b,1759834374488859231,970.835,695.126,1,20,,10.153718096309726,-5.32442924669758
d01ea4c3-1912-46a0-9798-db3d3f9d2881,74b23a8e-ccad-453a-a0bd-2af02cb0a30b,1759834374493859231,967.467,694.465,1,20,,9.935658222425106,-5.283392911447833
d01ea4c3-1912-46a0-9798-db3d3f9d2881,74b23a8e-ccad-453a-a0bd-2af02cb0a30b,1759834374498862231,967.324,703.064,1,20,,9.932039922843998,-5.83584588380947
d01ea4c3-1912-46a0-9798-db3d3f9d2881,74b23a8e-ccad-453a-a0bd-2af02cb0a30b,1759834374503860231,967.28,696.045,1,20,,9.924580240902717,-5.3849896554661285
d01ea4c3-1912-46a0-9798-db3d3f9d2881,74b23a8e-ccad-453a-a0bd-2af02cb0a30b,1759834374508864231,965.289,693.425,1,20,,9.794314692728053,-5.21741454967394
d01ea4c3-1912-46a0-9798-db3d3f9d2881,74b23a8e-ccad-453a-a0bd-2af02cb0a30b,1759834374513865231,960.897,695.076,1,20,,9.511537645785754,-5.325281504567269
d01ea4c3-1912-46a0-9798-db3d3f9d2881,74b23a8e-ccad-453a-a0bd-2af02cb0a30b,1759834374518988231,952.784,692.862,1,20,,8.985854752818954,-5.186106536734841
d01ea4c3-1912-46a0-9798-db3d3f9d2881,74b23a8e-ccad-453a-a0bd-2af02cb0a30b,1759834374523994231,956.077,696.063,1,20,,9.20053310021706,-5.390692197829925
d01ea4c3-1912-46a0-9798-db3d3f9d2881,74b23a8e-ccad-453a-a0bd-2af02cb0a30b,1759834374528985231,956.207,694.924,1,20,,9.208290003725466,-5.317391917158337
d01ea4c3-1912-46a0-9798-db3d3f9d2881,74b23a8e-ccad-453a-a0bd-2af02cb0a30b,1759834374533985231,954.971,695.938,1,20,,9.128962067535221,-5.383051041022043
d01ea4c3-1912-46a0-9798-db3d3f9d2881,74b23a8e-ccad-453a-a0bd-2af02cb0a30b,1759834374538985231,955.625,698.429,1,20,,9.172723920405458,-5.542945574889816
d01ea4c3-1912-46a0-9798-db3d3f9d2881,74b23a8e-ccad-453a-a0bd-2af02cb0a30b,1759834374543985231,956.454,696.228,1,20,,9.225004789996452,-5.4011436882781885
d01ea4c3-1912-46a0-9798-db3d3f9d2881,74b23a8e-ccad-453a-a0bd-2af02cb0a30b,1759834374548985231,956.996,696.365,1,20,,9.26012205673674,-5.409743713008831
d01ea4c3-1912-46a0-9798-db3d3f9d2881,74b23a8e-ccad-453a-a0bd-2af02cb0a30b,1759834374553985231,959.336,697.352,1,20,,9.412001375284396,-5.472212569908502
d01ea4c3-1912-46a0-9798-db3d3f9d2881,74b23a8e-ccad-453a-a0bd-2af02cb0a30b,1759834374558992231,958.106,696.561,1,20,,9.332017291570331,-5.421886096642981
d01ea4c3-1912-46a0-9798-db3d3f9d2881,74b23a8e-ccad-453a-a0bd-2af02cb0a30b,1759834374564000231,957.695,692.508,1,20,,9.303085641204968,-5.1614565442443965
d01ea4c3-1912-46a0-9798-db3d3f9d2881,74b23a8e-ccad-453a-a0bd-2af02cb0a30b,1759834374568990231,957.498,690.686,1,20,,9.28932357242771,-5.044401429058076
d01ea4c3-1912-46a0-9798-db3d3f9d2881,74b23a8e-ccad-453a-a0bd-2af02cb0a30b,1759834374573985231,961.612,685.964,1,20,,9.552547490341038,-4.739302359987493
d01ea4c3-1912-46a0-9798-db3d3f9d2881,74b23a8e-ccad-453a-a0bd-2af02cb0a30b,1759834374578985231,961.547,683.986,1,20,,9.547324240543043,-4.612191378228896
d01ea4c3-1912-46a0-9798-db3d3f9d2881,74b23a8e-ccad-453a-a0bd-2af02cb0a30b,1759834374583988231,960.899,684.33,1,,,9.505666191111587,-4.634539607387271
d01ea4c3-1912-46a0-9798-db3d3f9d2881,74b23a8e-ccad-453a-a0bd-2af02cb0a30b,1759834374588993231,957.14,687.439,1,,,9.264448329017073,-4.835743003050677
d01ea4c3-1912-46a0-9798-db3d3f9d2881,74b23a8e-ccad-453a-a0bd-2af02cb0a30b,1759834374593986231,955.924,693.157,1,,,9.188988627301036,-5.203883811823725
d01ea4c3-1912-46a0-9798-db3d3f9d2881,74b23a8e-ccad-453a-a0bd-2af02cb0a30b,1759834374598985231,933.592,722.458,1,,,7.761551951377008,-7.098038245731557
d01ea4c3-1912-46a0-9798-db3d3f9d2881,74b23a8e-ccad-453a-a0bd-2af02cb0a30b,1759834374603986231,906.104,752.376,1,,,5.99617942450006,-9.036120828664323
d01ea4c3-1912-46a0-9798-db3d3f9d2881,74b23a8e-ccad-453a-a0bd-2af02cb0a30b,1759834374608986231,874.57,786.504,1,,,3.9599173336514686,-11.246779978033324
d01ea4c3-1912-46a0-9798-db3d3f9d2881,74b23a8e-ccad-453a-a0bd-2af02cb0a30b,1759834374613986231,871.035,825.582,1,,,3.7505272177426496,-13.76336871405331
d01ea4c3-1912-46a0-9798-db3d3f9d2881,74b23a8e-ccad-453a-a0bd-2af02cb0a30b,1759834374618988231,873.672,833.95,1,,,3.9295364036339477,-14.300411030280252
d01ea4c3-1912-46a0-9798-db3d3f9d2881,74b23a8e-ccad-453a-a0bd-2af02cb0a30b,1759834374623986231,868.898,854.71,1,,,3.628689421125767,-15.637014596821016
d01ea4c3-1912-46a0-9798-db3d3f9d2881,74b23a8e-ccad-453a-a0bd-2af02cb0a30b,1759834374628986231,855.225,888.121,1,,,2.742805035305498,-17.789048536419454
d01ea4c3-1912-46a0-9798-db3d3f9d2881,74b23a8e-ccad-453a-a0bd-2af02cb0a30b,1759834374633986231,842.646,928.883,1,,,1.922803823790198,-20.410008741748044
d01ea4c3-1912-46a0-9798-db3d3f9d2881,74b23a8e-ccad-453a-a0bd-2af02cb0a30b,1759834374638986231,819.709,935.831,1,,,0.37931453674903326,-20.860568538943724
d01ea4c3-1912-46a0-9798-db3d3f9d2881,74b23a8e-ccad-453a-a0bd-2af02cb0a30b,1759834374643992231,837.285,971.718,1,,,1.579879418636918,-23.159611707819426
d01ea4c3-1912-46a0-9798-db3d3f9d2881,74b23a8e-ccad-453a-a0bd-2af02cb0a30b,1759834374648986231,838.202,976.935,1,,,1.6448560246609294,-23.49396002364619
d01ea4c3-1912-46a0-9798-db3d3f9d2881,74b23a8e-ccad-453a-a0bd-2af02cb0a30b,1759834374654111231,838.121,996.686,1,21,,1.649192384297476,-24.76090953271083
d01ea4c3-1912-46a0-9798-db3d3f9d2881,74b23a8e-ccad-453a-a0bd-2af02cb0a30b,1759834374659111231,832.02,977.091,1,21,,1.222863282943529,-23.505627900107726
d01ea4c3-1912-46a0-9798-db3d3f9d2881,74b23a8e-ccad-453a-a0bd-2af02cb0a30b,1759834374664111231,814.324,995.447,1,21,,0.013908952096124635,-24.685827241671323
d01ea4c3-1912-46a0-9798-db3d3f9d2881,74b23a8e-ccad-453a-a0bd-2af02cb0a30b,1759834374669111231,814.779,990.053,1,21,,0.04533280983544059,-24.339728226124773
d01ea4c3-1912-46a0-9798-db3d3f9d2881,74b23a8e-ccad-453a-a0bd-2af02cb0a30b,1759834374674124231,822.547,977.677,1,21,,0.576218126515261,-23.545000771480076
d01ea4c3-1912-46a0-9798-db3d3f9d2881,74b23a8e-ccad-453a-a0bd-2af02cb0a30b,1759834374679111231,824.839,977.233,1,21,,0.7326025554321481,-23.5161895389113
d01ea4c3-1912-46a0-9798-db3d3f9d2881,74b23a8e-ccad-453a-a0bd-2af02cb0a30b,1759834374684112231,823.696,975.65,1,21,,0.6543381982240637,-23.414810633802013
d01ea4c3-1912-46a0-9798-db3d3f9d2881,74b23a8e-ccad-453a-a0bd-2af02cb0a30b,1759834374689111231,823.715,976.446,1,21,,0.6557281201216378,-23.465909148337644
d01ea4c3-1912-46a0-9798-db3d3f9d2881,74b23a8e-ccad-453a-a0bd-2af02cb0a30b,1759834374694111231,822.944,974.595,1,21,,0.6028474414792704,-23.34722199784784
d01ea4c3-1912-46a0-9798-db3d3f9d2881,74b23a8e-ccad-453a-a0bd-2af02cb0a30b,1759834374699112231,835.118,971.268,1,21,,1.4320044821521012,-23.131370005047486
d01ea4c3-1912-46a0-9798-db3d3f9d2881,74b23a8e-ccad-453a-a0bd-2af02cb0a30b,1759834374704111231,837.983,971.668,1,21,,1.6274176251295018,-23.15616966441496
d01ea4c3-1912-46a0-9798-db3d3f9d2881,74b23a8e-ccad-453a-a0bd-2af02cb0a30b,1759834374709112231,833.267,953.552,1,21,,1.2995372436842112,-21.99536188355024
d01ea4c3-1912-46a0-9798-db3d3f9d2881,74b23a8e-ccad-453a-a0bd-2af02cb0a30b,1759834374714112231,833.807,956.35,1,21,,1.3371774758301027,-22.17472876335321
d01ea4c3-1912-46a0-9798-db3d3f9d2881,74b23a8e-ccad-453a-a0bd-2af02cb0a30b,1759834374719112231,835.455,957.394,1,21,,1.4493252383012163,-22.24130400443128
d01ea4c3-1912-46a0-9798-db3d3f9d2881,74b23a8e-ccad-453a-a0bd-2af02cb0a30b,1759834374724112231,837.182,957.297,1,21,,1.5665096963601497,-22.234584095256164
d01ea4c3-1912-46a0-9798-db3d3f9d2881,74b23a8e-ccad-453a-a0bd-2af02cb0a30b,1759834374729112231,838.723,960.865,1,21,,1.6727010180086224,-22.463023958383587
d01ea4c3-1912-46a0-9798-db3d3f9d2881,74b23a8e-ccad-453a-a0bd-2af02cb0a30b,1759834374734112231,834.82,959.7,1,21,,1.4071443072822867,-22.38935938263282
d01ea4c3-1912-46a0-9798-db3d3f9d2881,74b23a8e-ccad-453a-a0bd-2af02cb0a30b,1759834374739112231,836.015,960.108,1,21,,1.488466898900246,-22.415226765957648
d01ea4c3-1912-46a0-9798-db3d3f9d2881,74b23a8e-ccad-453a-a0bd-2af02cb0a30b,1759834374744112231,833.689,965.84,1,21,,1.3325829331735473,-22.783524608129866
d01ea4c3-1912-46a0-9798-db3d3f9d2881,74b23a8e-ccad-453a-a0bd-2af02cb0a30b,1759834374749113231,837.519,967.613,1,21,,1.5939173831371054,-22.896207304406936
d01ea4c3-1912-46a0-9798-db3d3f9d2881,74b23a8e-ccad-453a-a0bd-2af02cb0a30b,1759834374754112231,835.952,964.378,1,21,,1.485936418647757,-22.689162085028943
d01ea4c3-1912-46a0-9798-db3d3f9d2881,74b23a8e-ccad-453a-a0bd-2af02cb0a30b,1759834374759112231,837.148,951.825,1,21,,1.5618851580267528,-21.8835865035561
d01ea4c3-1912-46a0-9798-db3d3f9d2881,74b23a8e-ccad-453a-a0bd-2af02cb0a30b,1759834374764112231,838.695,957.525,1,21,,1.6692946920571528,-22.248769220182787
d01ea4c3-1912-46a0-9798-db3d3f9d2881,74b23a8e-ccad-453a-a0bd-2af02cb0a30b,1759834374769115231,842.697,955.83,1,21,,1.9399253542092174,-22.138757482271632
d01ea4c3-1912-46a0-9798-db3d3f9d2881,74b23a8e-ccad-453a-a0bd-2af02cb0a30b,1759834374774112231,844.293,957.546,1,,,2.049108589591326,-22.248268839361025
d01ea4c3-1912-46a0-9798-db3d3f9d2881,74b23a8e-ccad-453a-a0bd-2af02cb0a30b,1759834374779112231,843.729,956.623,1,,,2.010346434384303,-22.189256792684226
d01ea4c3-1912-46a0-9798-db3d3f9d2881,74b23a8e-ccad-453a-a0bd-2af02cb0a30b,1759834374784112231,839.932,956.53,1,,,1.7527022396227379,-22.184581065635623
d01ea4c3-1912-46a0-9798-db3d3f9d2881,74b23a8e-ccad-453a-a0bd-2af02cb0a30b,1759834374789237231,831.365,978.028,1,,,1.1784935896367077,-23.565901927582168
d01ea4c3-1912-46a0-9798-db3d3f9d2881,74b23a8e-ccad-453a-a0bd-2af02cb0a30b,1759834374794237231,825.126,984.371,1,,,0.753662301593381,-23.974094884462083
d01ea4c3-1912-46a0-9798-db3d3f9d2881,74b23a8e-ccad-453a-a0bd-2af02cb0a30b,1759834374799237231,817.634,1017.681,1,,,0.2420517663700096,-26.112395798964936
d01ea4c3-1912-46a0-9798-db3d3f9d2881,74b23a8e-ccad-453a-a0bd-2af02cb0a30b,1759834374804242231,808.589,1017.253,1,,,-0.38409980568453844,-26.08521161862151
d01ea4c3-1912-46a0-9798-db3d3f9d2881,74b23a8e-ccad-453a-a0bd-2af02cb0a30b,1759834374809241231,802.697,1008.738,1,,,-0.7891701253618068,-25.538324349726135
d01ea4c3-1912-46a0-9798-db3d3f9d2881,74b23a8e-ccad-453a-a0bd-2af02cb0a30b,1759834374814238231,815.116,1023.361,1,22,,0.06756947599949964,-26.47723160694937
d01ea4c3-1912-46a0-9798-db3d3f9d2881,74b23a8e-ccad-453a-a0bd-2af02cb0a30b,1759834374819239231,809.892,1029.933,1,22,,-0.29597979954234965,-26.89927471177867
d01ea4c3-1912-46a0-9798-db3d3f9d2881,74b23a8e-ccad-453a-a0bd-2af02cb0a30b,1759834374824238231,797.366,1033.669,1,22,,-1.1692405406902002,-27.138060287641927
d01ea4c3-1912-46a0-9798-db3d3f9d2881,74b23a8e-ccad-453a-a0bd-2af02cb0a30b,1759834374829238231,811.067,1011.382,1,22,,-0.2117955308529326,-25.708406765750485
d01ea4c3-1912-46a0-9798-db3d3f9d2881,74b23a8e-ccad-453a-a0bd-2af02cb0a30b,1759834374834238231,812.047,1023.503,1,22,,-0.14540208893463477,-26.486407988869114
d01ea4c3-1912-46a0-9798-db3d3f9d2881,74b23a8e-ccad-453a-a0bd-2af02cb0a30b,1759834374839238231,813.19,1017.491,1,22,,-0.06559330617225409,-26.10050896905251
d01ea4c3-1912-46a0-9798-db3d3f9d2881,74b23a8e-ccad-453a-a0bd-2af02cb0a30b,1759834374844238231,810.063,1021.641,1,22,,-0.28274211005206246,-26.36693162369544
d01ea4c3-1912-46a0-9798-db3d3f9d2881,74b23a8e-ccad-453a-a0bd-2af02cb0a30b,1759834374849238231,807.589,1021.333,1,22,,-0.45426540259543013,-26.347080047900434
d01ea4c3-1912-46a0-9798-db3d3f9d2881,74b23a8e-ccad-453a-a0bd-2af02cb0a30b,1759834374854238231,812.258,1025.992,1,22,,-0.13100876304064796,-26.64622909446935
d01ea4c3-1912-46a0-9798-db3d3f9d2881,74b23a8e-ccad-453a-a0bd-2af02cb0a30b,1759834374859249231,813.102,1024.078,1,22,,-0.07224947596214112,-26.523307196041706
d01ea4c3-1912-46a0-9798-db3d3f9d2881,74b23a8e-ccad-453a-a0bd-2af02cb0a30b,1759834374864238231,799.479,1023.772,1,22,,-1.0176066500610268,-26.502902045145166
d01ea4c3-1912-46a0-9798-db3d3f9d2881,74b23a8e-ccad-453a-a0bd-2af02cb0a30b,1759834374869241231,803.981,1015.037,1,22,,-0.7024526402091783,-25.942717110309722
d01ea4c3-1912-46a0-9798-db3d3f9d2881,74b23a8e-ccad-453a-a0bd-2af02cb0a30b,1759834374874241231,802.743,1013.119,1,22,,-0.7874269962204764,-25.81948273030731
d01ea4c3-1912-46a0-9798-db3d3f9d2881,74b23a8e-ccad-453a-a0bd-2af02cb0a30b,1759834374879238231,801.325,1020.886,1,22,,-0.888414954694284,-26.31788895696319
d01ea4c3-1912-46a0-9798-db3d3f9d2881,74b23a8e-ccad-453a-a0bd-2af02cb0a30b,1759834374884238231,801.102,1022.291,1,22,,-0.9044207860160166,-26.408056466724997
d01ea4c3-1912-46a0-9798-db3d3f9d2881,74b23a8e-ccad-453a-a0bd-2af02cb0a30b,1759834374889238231,801.446,1009.862,1,22,,-0.8759467859829824,-25.610300962820375
d01ea4c3-1912-46a0-9798-db3d3f9d2881,74b23a8e-ccad-453a-a0bd-2af02cb0a30b,1759834374894239231,798.788,1022.58,1,22,,-1.0650431805868334,-26.42625608032131
d01ea4c3-1912-46a0-9798-db3d3f9d2881,74b23a8e-ccad-453a-a0bd-2af02cb0a30b,1759834374899238231,799.933,1022.211,1,22,,-0.9854476754271226,-26.40274405857584
d01ea4c3-1912-46a0-9798-db3d3f9d2881,74b23a8e-ccad-453a-a0bd-2af02cb0a30b,1759834374904238231,797.391,1023.088,1,22,,-1.1622523088737824,-26.458659324535454
d01ea4c3-1912-46a0-9798-db3d3f9d2881,74b23a8e-ccad-453a-a0bd-2af02cb0a30b,1759834374909239231,793.719,1022.004,1,22,,-1.4163506132192458,-26.388409438480014
d01ea4c3-1912-46a0-9798-db3d3f9d2881,74b23a8e-ccad-453a-a0bd-2af02cb0a30b,1759834374914239231,795.315,1022.788,1,22,,-1.3061314755221367,-26.439006128725634
d01ea4c3-1912-46a0-9798-db3d3f9d2881,74b23a8e-ccad-453a-a0bd-2af02cb0a30b,1759834374919239231,795.283,1022.9,1,22,,-1.3083777581814668,-26.44623787975042
d01ea4c3-1912-46a0-9798-db3d3f9d2881,74b23a8e-ccad-453a-a0bd-2af02cb0a30b,1759834374924249231,792.351,1024.278,1,22,,-1.5126920032284066,-26.534078878320134
d01ea4c3-1912-46a0-9798-db3d3f9d2881,74b23a8e-ccad-453a-a0bd-2af02cb0a30b,1759834374929364231,790.123,1024.373,1,22,,-1.6673885519008154,-26.539577297924474
d01ea4c3-1912-46a0-9798-db3d3f9d2881,74b23a8e-ccad-453a-a0bd-2af02cb0a30b,1759834374934364231,791.635,1023.456,1,22,,-1.5618208526458346,-26.48113524244506
d01ea4c3-1912-46a0-9798-db3d3f9d2881,74b23a8e-ccad-453a-a0bd-2af02cb0a30b,1759834374939367231,790.628,1022.184,1,22,,-1.6308954335142747,-26.39920193067589
d01ea4c3-1912-46a0-9798-db3d3f9d2881,74b23a8e-ccad-453a-a0bd-2af02cb0a30b,1759834374944364231,796.476,1025.345,1,22,,-1.2268500774153495,-26.603397584314326
d01ea4c3-1912-46a0-9798-db3d3f9d2881,74b23a8e-ccad-453a-a0bd-2af02cb0a30b,1759834374949366231,795.339,1024.417,1,22,,-1.305323691711854,-26.543615680508232
d01ea4c3-1912-46a0-9798-db3d3f9d2881,74b23a8e-ccad-453a-a0bd-2af02cb0a30b,1759834374954364231,791.932,1024.847,1,22,,-1.5420755027912614,-26.57049073961619
d01ea4c3-1912-46a0-9798-db3d3f9d2881,74b23a8e-ccad-453a-a0bd-2af02cb0a30b,1759834374959364231,783.245,1020.421,1,22,,-2.1415025819278,-26.283812053386924
d01ea4c3-1912-46a0-9798-db3d3f9d2881,74b23a8e-ccad-453a-a0bd-2af02cb0a30b,1759834374964364231,797.643,1023.569,1,22,,-1.1449903494774694,-26.48958183829557
d01ea4c3-1912-46a0-9798-db3d3f9d2881,74b23a8e-ccad-453a-a0bd-2af02cb0a30b,1759834374969367231,794.836,1022.574,1,22,,-1.3391773098170894,-26.42521347927202
d01ea4c3-1912-46a0-9798-db3d3f9d2881,74b23a8e-ccad-453a-a0bd-2af02cb0a30b,1759834374974364231,791.432,1023.349,1,22,,-1.5758816687917987,-26.474221478764743
d01ea4c3-1912-46a0-9798-db3d3f9d2881,74b23a8e-ccad-453a-a0bd-2af02cb0a30b,1759834374979364231,792.883,1018.644,1,22,,-1.4723414539301558,-26.172538328215442
d01ea4c3-1912-46a0-9798-db3d3f9d2881,74b23a8e-ccad-453a-a0bd-2af02cb0a30b,1759834374984375231,780.819,1008.145,1,22,,-2.298676726065219,-25.495171061954846
d01ea4c3-1912-46a0-9798-db3d3f9d2881,74b23a8e-ccad-453a-a0bd-2af02cb0a30b,1759834374989364231,780.609,1009.084,1,22,,-2.3139933400462396,-25.555353020226583
d01ea4c3-1912-46a0-9798-db3d3f9d2881,74b23a8e-ccad-453a-a0bd-2af02cb0a30b,1759834374994364231,787.93,1010.895,1,22,,-1.8098994811986333,-25.673967644217655
d01ea4c3-1912-46a0-9798-db3d3f9d2881,74b23a8e-ccad-453a-a0bd-2af02cb0a30b,1759834374999364231,790.49,1014.055,1,22,,-1.6351052781399602,-25.87738733759269
d01ea4c3-1912-46a0-9798-db3d3f9d2881,74b23a8e-ccad-453a-a0bd-2af02cb0a30b,1759834375004364231,791.561,1012.868,1,22,,-1.5602877600113085,-25.801490541821497
d01ea4c3-1912-46a0-9798-db3d3f9d2881,74b23a8e-ccad-453a-a0bd-2af02cb0a30b,1759834375009365231,794.775,1018.239,1,22,,-1.3410198122511505,-26.146939588942136
d01ea4c3-1912-46a0-9798-db3d3f9d2881,74b23a8e-ccad-453a-a0bd-2af02cb0a30b,1759834375014364231,793.164,1006.647,1,22,,-1.445965330215172,-25.40262580725742
d01ea4c3-1912-46a0-9798-db3d3f9d2881,74b23a8e-ccad-453a-a0bd-2af02cb0a30b,1759834375019365231,793.321,1007.415,1,22,,-1.435563982422159,-25.451938548352523
d01ea4c3-1912-46a0-9798-db3d3f9d2881,74b23a8e-ccad-453a-a0bd-2af02cb0a30b,1759834375024365231,795.62,1003.583,1,22,,-1.2750486540093002,-25.206542414301953
d01ea4c3-1912-46a0-9798-db3d3f9d2881,74b23a8e-ccad-453a-a0bd-2af02cb0a30b,1759834375029368231,787.103,1023.855,1,22,,-1.8766505069969632,-26.505474667397834
d01ea4c3-1912-46a0-9798-db3d3f9d2881,74b23a8e-ccad-453a-a0bd-2af02cb0a30b,1759834375034365231,786.295,1021.933,1,22,,-1.9312519554108711,-26.38187420783876
d01ea4c3-1912-46a0-9798-db3d3f9d2881,74b23a8e-ccad-453a-a0bd-2af02cb0a30b,1759834375039365231,786.246,1018.979,1,22,,-1.9323288329861654,-26.19224003241353
d01ea4c3-1912-46a0-9798-db3d3f9d2881,74b23a8e-ccad-453a-a0bd-2af02cb0a30b,1759834375044367231,787.73,1023.781,1,22,,-1.8330562295818493,-26.50092802014366
d01ea4c3-1912-46a0-9798-db3d3f9d2881,74b23a8e-ccad-453a-a0bd-2af02cb0a30b,1759834375049365231,786.621,1028.021,1,22,,-1.9133285983567598,-26.772813462905248
d01ea4c3-1912-46a0-9798-db3d3f9d2881,74b23a8e-ccad-453a-a0bd-2af02cb0a30b,1759834375054372231,784.696,1026.203,1,22,,-2.045622817584485,-26.65546219726284
d01ea4c3-1912-46a0-9798-db3d3f9d2881,74b23a8e-ccad-453a-a0bd-2af02cb0a30b,1759834375059490231,785.26,1015.415,1,22,,-1.9978507494243927,-25.963201198353612
d01ea4c3-1912-46a0-9798-db3d3f9d2881,74b23a8e-ccad-453a-a0bd-2af02cb0a30b,1759834375064490231,786.773,1018.481,1,22,,-1.8954406859538093,-26.16043437165475
d01ea4c3-1912-46a0-9798-db3d3f9d2881,74b23a8e-ccad-453a-a0bd-2af02cb0a30b,1759834375069490231,786.191,1017.698,1,22,,-1.93519488557442,-26.11005241600722
d01ea4c3-1912-46a0-9798-db3d3f9d2881,74b23a8e-ccad-453a-a0bd-2af02cb0a30b,1759834375074490231,785.447,1018.169,1,22,,-1.987055680342045,-26.14003036259992
d01ea4c3-1912-46a0-9798-db3d3f9d2881,74b23a8e-ccad-453a-a0bd-2af02cb0a30b,1759834375079490231,786.088,1014.601,1,22,,-1.9399266334021408,-25.91120651604668
d01ea4c3-1912-46a0-9798-db3d3f9d2881,74b23a8e-ccad-453a-a0bd-2af02cb0a30b,1759834375084490231,791.417,1009.99,1,22,,-1.5684778783285205,-25.616762121117308
d01ea4c3-1912-46a0-9798-db3d3f9d2881,74b23a8e-ccad-453a-a0bd-2af02cb0a30b,1759834375089493231,775.145,1017.96,1,22,,-2.7003344146712873,-26.122687925609494
d01ea4c3-1912-46a0-9798-db3d3f9d2881,74b23a8e-ccad-453a-a0bd-2af02cb0a30b,1759834375094490231,779.213,1017.962,1,22,,-2.4186532969620744,-26.1245194561417
d01ea4c3-1912-46a0-9798-db3d3f9d2881,74b23a8e-ccad-453a-a0bd-2af02cb0a30b,1759834375099490231,787.662,1015.699,1,22,,-1.83184958839489,-25.9821941425341
d01ea4c3-1912-46a0-9798-db3d3f9d2881,74b23a8e-ccad-453a-a0bd-2af02cb0a30b,1759834375104491231,781.643,1021.462,1,22,,-2.2534207361577634,-26.350060820343927
d01ea4c3-1912-46a0-9798-db3d3f9d2881,74b23a8e-ccad-453a-a0bd-2af02cb0a30b,1759834375109490231,781.965,1021.882,1,22,,-2.2314541659357205,-26.377119223045526
d01ea4c3-1912-46a0-9798-db3d3f9d2881,74b23a8e-ccad-453a-a0bd-2af02cb0a30b,1759834375114490231,782.688,1019.303,1,22,,-2.1790900541222586,-26.21185560826068
d01ea4c3-1912-46a0-9798-db3d3f9d2881,74b23a8e-ccad-453a-a0bd-2af02cb0a30b,1759834375119491231,786.143,1020.86,1,22,,-1.940941459174618,-26.31295115350261
d01ea4c3-1912-46a0-9798-db3d3f9d2881,74b23a8e-ccad-453a-a0bd-2af02cb0a30b,1759834375124490231,791.038,1013.715,1,22,,-1.5969875192494154,-25.85572811483578
d01ea4c3-1912-46a0-9798-db3d3f9d2881,74b23a8e-ccad-453a-a0bd-2af02cb0a30b,1759834375129491231,786.648,1012.686,1,22,,-1.8997468756825506,-25.78850657859014
d01ea4c3-1912-46a0-9798-db3d3f9d2881,74b23a8e-ccad-453a-a0bd-2af02cb0a30b,1759834375134493231,786.424,1022.171,1,22,,-1.9224609931096144,-26.397170817114958
d01ea4c3-1912-46a0-9798-db3d3f9d2881,74b23a8e-ccad-453a-a0bd-2af02cb0a30b,1759834375139491231,788.686,1021.215,1,22,,-1.7648526822223047,-26.336485530005948
d01ea4c3-1912-46a0-9798-db3d3f9d2881,74b23a8e-ccad-453a-a0bd-2af02cb0a30b,1759834375144491231,783.516,1021.351,1,22,,-2.1235024574581245,-26.343589254195155
d01ea4c3-1912-46a0-9798-db3d3f9d2881,74b23a8e-ccad-453a-a0bd-2af02cb0a30b,1759834375149491231,781.744,1021.844,1,22,,-2.2467954359290245,-26.374641362306505
d01ea4c3-1912-46a0-9798-db3d3f9d2881,74b23a8e-ccad-453a-a0bd-2af02cb0a30b,1759834375154491231,767.937,1020.553,1,22,,-3.202754842147374,-26.285552187917602
d01ea4c3-1912-46a0-9798-db3d3f9d2881,74b23a8e-ccad-453a-a0bd-2af02cb0a30b,1759834375159491231,775.053,1014.859,1,22,,-2.703486357452226,-25.923631284574697
d01ea4c3-1912-46a0-9798-db3d3f9d2881,74b23a8e-ccad-453a-a0bd-2af02cb0a30b,1759834375164491231,776.979,1013.252,1,22,,-2.568661680494995,-25.821373019922646
d01ea4c3-1912-46a0-9798-db3d3f9d2881,74b23a8e-ccad-453a-a0bd-2af02cb0a30b,1759834375169491231,785.52,1016.454,1,22,,-1.9806901112979358,-26.030003112801268
d01ea4c3-1912-46a0-9798-db3d3f9d2881,74b23a8e-ccad-453a-a0bd-2af02cb0a30b,1759834375174491231,781.435,1016.571,1,22,,-2.2635171275993504,-26.036111881028493
d01ea4c3-1912-46a0-9798-db3d3f9d2881,74b23a8e-ccad-453a-a0bd-2af02cb0a30b,1759834375179491231,780.85,1015.456,1,22,,-2.303015855945937,-25.964287926148536
d01ea4c3-1912-46a0-9798-db3d3f9d2881,74b23a8e-ccad-453a-a0bd-2af02cb0a30b,1759834375184491231,781.035,1017.697,1,22,,-2.2922344696097143,-26.10821037743683
d01ea4c3-1912-46a0-9798-db3d3f9d2881,74b23a8e-ccad-453a-a0bd-2af02cb0a30b,1759834375189494231,786.168,1011.025,1,22,,-1.9317337895373086,-25.6817676416861
d01ea4c3-1912-46a0-9798-db3d3f9d2881,74b23a8e-ccad-453a-a0bd-2af02cb0a30b,1759834375194616231,782.401,1015.31,1,22,,-2.195564129650217,-25.95552848303205
d01ea4c3-1912-46a0-9798-db3d3f9d2881,74b23a8e-ccad-453a-a0bd-2af02cb0a30b,1759834375199619231,777.318,1009.874,1,22,,-2.5419228778510803,-25.60472740682648
d01ea4c3-1912-46a0-9798-db3d3f9d2881,74b23a8e-ccad-453a-a0bd-2af02cb0a30b,1759834375204616231,777.158,1008.823,1,,,-2.5519760211503026,-25.53722997705137
d01ea4c3-1912-46a0-9798-db3d3f9d2881,74b23a8e-ccad-453a-a0bd-2af02cb0a30b,1759834375209616231,775.86,1010.661,1,,,-2.643385167610946,-25.654632367136543
d01ea4c3-1912-46a0-9798-db3d3f9d2881,74b23a8e-ccad-453a-a0bd-2af02cb0a30b,1759834375214616231,775.646,1013.068,1,,,-2.660621522278197,-25.80897667013654
d01ea4c3-1912-46a0-9798-db3d3f9d2881,74b23a8e-ccad-453a-a0bd-2af02cb0a30b,1759834375219616231,775.053,1010.889,1,,,-2.699369448377191,-25.668884346412856
d01ea4c3-1912-46a0-9798-db3d3f9d2881,74b23a8e-ccad-453a-a0bd-2af02cb0a30b,1759834375224617231,780.997,954.84,1,,,-2.2446742956696646,-22.075864886638527
d01ea4c3-1912-46a0-9798-db3d3f9d2881,74b23a8e-ccad-453a-a0bd-2af02cb0a30b,1759834375229616231,809.075,928.221,1,,,-0.33697267547831866,-20.372491338300264
d01ea4c3-1912-46a0-9798-db3d3f9d2881,74b23a8e-ccad-453a-a0bd-2af02cb0a30b,1759834375234617231,822.475,892.481,1,,,0.5610904276545712,-18.077133533053416
d01ea4c3-1912-46a0-9798-db3d3f9d2881,74b23a8e-ccad-453a-a0bd-2af02cb0a30b,1759834375239617231,847.654,844.816,1,,,2.2194974074810228,-15.00859783827686
d01ea4c3-1912-46a0-9798-db3d3f9d2881,74b23a8e-ccad-453a-a0bd-2af02cb0a30b,1759834375244617231,839.651,813.468,1,,,1.682538723696448,-12.993031269702723
d01ea4c3-1912-46a0-9798-db3d3f9d2881,74b23a8e-ccad-453a-a0bd-2af02cb0a30b,1759834375249617231,848.4,755.826,1,,,2.240462898684142,-9.276083273703412
d01ea4c3-1912-46a0-9798-db3d3f9d2881,74b23a8e-ccad-453a-a0bd-2af02cb0a30b,1759834375254617231,849.323,728.485,1,,,2.2945815707926807,-7.5114431998031295
d01ea4c3-1912-46a0-9798-db3d3f9d2881,74b23a8e-ccad-453a-a0bd-2af02cb0a30b,1759834375259621231,856.122,691.388,1,,,2.729077395246357,-5.114539660979894
d01ea4c3-1912-46a0-9798-db3d3f9d2881,74b23a8e-ccad-453a-a0bd-2af02cb0a30b,1759834375264625231,870.777,663.467,1,,,3.673511883972215,-3.3088720661594717
d01ea4c3-1912-46a0-9798-db3d3f9d2881,74b23a8e-ccad-453a-a0bd-2af02cb0a30b,1759834375269617231,862.776,613.284,1,,,3.1529364018428443,-0.0655613889284556
d01ea4c3-1912-46a0-9798-db3d3f9d2881,74b23a8e-ccad-453a-a0bd-2af02cb0a30b,1759834375274617231,846.867,603.241,1,,,2.1247197582044572,0.5838923707025636
d01ea4c3-1912-46a0-9798-db3d3f9d2881,74b23a8e-ccad-453a-a0bd-2af02cb0a30b,1759834375279617231,848.673,610.504,1,23,,2.2413810070310647,0.11416835991081531
d01ea4c3-1912-46a0-9798-db3d3f9d2881,74b23a8e-ccad-453a-a0bd-2af02cb0a30b,1759834375284617231,849.512,613.404,1,23,,2.295622356612825,-0.07340340964968355
d01ea4c3-1912-46a0-9798-db3d3f9d2881,74b23a8e-ccad-453a-a0bd-2af02cb0a30b,1759834375289631231,852.207,614.346,1,23,,2.469800605633917,-0.13430845927086538
d01ea4c3-1912-46a0-9798-db3d3f9d2881,74b23a8e-ccad-453a-a0bd-2af02cb0a30b,1759834375294617231,850.569,611.147,1,23,,2.3639134419605226,0.07258171944331138
d01ea4c3-1912-46a0-9798-db3d3f9d2881,74b23a8e-ccad-453a-a0bd-2af02cb0a30b,1759834375299621231,850.63,615.942,1,23,,2.3678976057459495,-0.23748898664927084
d01ea4c3-1912-46a0-9798-db3d3f9d2881,74b23a8e-ccad-453a-a0bd-2af02cb0a30b,1759834375304621231,851.69,617.77,1,23,,2.436452369772488,-0.35573749331460736
d01ea4c3-1912-46a0-9798-db3d3f9d2881,74b23a8e-ccad-453a-a0bd-2af02cb0a30b,1759834375309617231,853.562,618.359,1,23,,2.557406949532238,-0.3937940314610069
d01ea4c3-1912-46a0-9798-db3d3f9d2881,74b23a8e-ccad-453a-a0bd-2af02cb0a30b,1759834375314623231,854.045,618.82,1,23,,2.5886736715946026,-0.4235804689056602
d01ea4c3-1912-46a0-9798-db3d3f9d2881,74b23a8e-ccad-453a-a0bd-2af02cb0a30b,1759834375319625231,853.461,620.9,1,23,,2.5509460674034794,-0.5581399730950287
d01ea4c3-1912-46a0-9798-db3d3f9d2881,74b23a8e-ccad-453a-a0bd-2af02cb0a30b,1759834375324618231,856.353,619.579,1,23,,2.7378357178742916,-0.4726690117795941
d01ea4c3-1912-46a0-9798-db3d3f9d2881,74b23a8e-ccad-453a-a0bd-2af02cb0a30b,1759834375329617231,859.964,620.869,1,23,,2.9712866999935112,-0.5559949544478354
d01ea4c3-1912-46a0-9798-db3d3f9d2881,74b23a8e-ccad-453a-a0bd-2af02cb0a30b,1759834375334743231,864.833,619.332,1,23,,3.2858962431907504,-0.45656483309711293
d01ea4c3-1912-46a0-9798-db3d3f9d2881,74b23a8e-ccad-453a-a0bd-2af02cb0a30b,1759834375339743231,865.994,622.175,1,23,,3.3610166123401366,-0.6403227421870524
d01ea4c3-1912-46a0-9798-db3d3f9d2881,74b23a8e-ccad-453a-a0bd-2af02cb0a30b,1759834375344743231,865.259,623.68,1,23,,3.313542596305069,-0.7376577120869475
d01ea4c3-1912-46a0-9798-db3d3f9d2881,74b23a8e-ccad-453a-a0bd-2af02cb0a30b,1759834375349743231,864.528,626.185,1,23,,3.266387618542228,-0.8995957461350212
d01ea4c3-1912-46a0-9798-db3d3f9d2881,74b23a8e-ccad-453a-a0bd-2af02cb0a30b,1759834375354745231,866.119,626.792,1,23,,3.369218844982625,-0.9388410390028519
d01ea4c3-1912-46a0-9798-db3d3f9d2881,74b23a8e-ccad-453a-a0bd-2af02cb0a30b,1759834375359750231,865.081,628.548,1,23,,3.3022037271438,-1.0523659830759022
d01ea4c3-1912-46a0-9798-db3d3f9d2881,74b23a8e-ccad-453a-a0bd-2af02cb0a30b,1759834375364748231,865.744,627.933,1,23,,3.345020362646665,-1.012554977557054
d01ea4c3-1912-46a0-9798-db3d3f9d2881,74b23a8e-ccad-453a-a0bd-2af02cb0a30b,1759834375369744231,866.727,625.065,1,23,,3.4084498514519215,-0.8271900040738022
d01ea4c3-1912-46a0-9798-db3d3f9d2881,74b23a8e-ccad-453a-a0bd-2af02cb0a30b,1759834375374743231,865.741,613.636,1,23,,3.344544089647088,-0.08830854360433411
d01ea4c3-1912-46a0-9798-db3d3f9d2881,74b23a8e-ccad-453a-a0bd-2af02cb0a30b,1759834375379743231,865.507,618.52,1,23,,3.3294820101587645,-0.4040813035235952
d01ea4c3-1912-46a0-9798-db3d3f9d2881,74b23a8e-ccad-453a-a0bd-2af02cb0a30b,1759834375384748231,866.733,631.076,1,,,3.4090815372092313,-1.2156929608310167
d01ea4c3-1912-46a0-9798-db3d3f9d2881,74b23a8e-ccad-453a-a0bd-2af02cb0a30b,1759834375389743231,866.823,630.753,1,,,3.414908958682903,-1.1948225034542221
d01ea4c3-1912-46a0-9798-db3d3f9d2881,74b23a8e-ccad-453a-a0bd-2af02cb0a30b,1759834375394743231,864.987,630.575,1,,,3.29617647695615,-1.1833876596120534
d01ea4c3-1912-46a0-9798-db3d3f9d2881,74b23a8e-ccad-453a-a0bd-2af02cb0a30b,1759834375399743231,855.379,628.59,1,,,2.6751131737087808,-1.0553159432428878
d01ea4c3-1912-46a0-9798-db3d3f9d2881,74b23a8e-ccad-453a-a0bd-2af02cb0a30b,1759834375404746231,823.541,629.359,1,,,0.6166247204505155,-1.1055983413045272
d01ea4c3-1912-46a0-9798-db3d3f9d2881,74b23a8e-ccad-453a-a0bd-2af02cb0a30b,1759834375409743231,786.693,651.909,1,,,-1.767169329145,-2.5639142939516972
d01ea4c3-1912-46a0-9798-db3d3f9d2881,74b23a8e-ccad-453a-a0bd-2af02cb0a30b,1759834375414743231,764.813,640.714,1,,,-3.1817699030742825,-1.83916939577957
d01ea4c3-1912-46a0-9798-db3d3f9d2881,74b23a8e-ccad-453a-a0bd-2af02cb0a30b,1759834375419743231,722.524,653.07,1,,,-5.918107964187692,-2.6341263072448453
d01ea4c3-1912-46a0-9798-db3d3f9d2881,74b23a8e-ccad-453a-a0bd-2af02cb0a30b,1759834375424755231,706.531,661.68,1,,,-6.954150959876147,-3.187334080784102
d01ea4c3-1912-46a0-9798-db3d3f9d2881,74b23a8e-ccad-453a-a0bd-2af02cb0a30b,1759834375429743231,710.224,652.387,1,,,-6.713189702387529,-2.5884738614449248
d01ea4c3-1912-46a0-9798-db3d3f9d2881,74b23a8e-ccad-453a-a0bd-2af02cb0a30b,1759834375434746231,707.523,649.837,1,24,,-6.887257666346228,-2.4236176546679755
d01ea4c3-1912-46a0-9798-db3d3f9d2881,74b23a8e-ccad-453a-a0bd-2af02cb0a30b,1759834375439756231,711.345,647.181,1,24,,-6.639722974985795,-2.2527011162961097
d01ea4c3-1912-46a0-9798-db3d3f9d2881,74b23a8e-ccad-453a-a0bd-2af02cb0a30b,1759834375444751231,712.148,643.947,1,24,,-6.587284329954288,-2.0441618245231057
d01ea4c3-1912-46a0-9798-db3d3f9d2881,74b23a8e-ccad-453a-a0bd-2af02cb0a30b,1759834375449757231,713.055,641.576,1,24,,-6.528302625108206,-1.8912186502705788
d01ea4c3-1912-46a0-9798-db3d3f9d2881,74b23a8e-ccad-453a-a0bd-2af02cb0a30b,1759834375454744231,713.934,640.552,1,24,,-6.471355344768838,-1.8252563871416276
d01ea4c3-1912-46a0-9798-db3d3f9d2881,74b23a8e-ccad-453a-a0bd-2af02cb0a30b,1759834375459744231,718.603,641.262,1,24,,-6.169656659739645,-1.8715111307334364
d01ea4c3-1912-46a0-9798-db3d3f9d2881,74b23a8e-ccad-453a-a0bd-2af02cb0a30b,1759834375464744231,719.822,640.652,1,24,,-6.090766604974518,-1.8322202829074639
d01ea4c3-1912-46a0-9798-db3d3f9d2881,74b23a8e-ccad-453a-a0bd-2af02cb0a30b,1759834375469869231,720.155,640.948,1,24,,-6.069270008230862,-1.851342030868785
d01ea4c3-1912-46a0-9798-db3d3f9d2881,74b23a8e-ccad-453a-a0bd-2af02cb0a30b,1759834375474869231,720.289,643.702,1,24,,-6.061049622024468,-2.0291277405498147
d01ea4c3-1912-46a0-9798-db3d3f9d2881,74b23a8e-ccad-453a-a0bd-2af02cb0a30b,1759834375479869231,726.315,647.899,1,24,,-5.67206008549735,-2.300678844995703
d01ea4c3-1912-46a0-9798-db3d3f9d2881,74b23a8e-ccad-453a-a0bd-2af02cb0a30b,1759834375484882231,722.905,645.04,1,24,,-5.8920866899936994,-2.11574450646472
d01ea4c3-1912-46a0-9798-db3d3f9d2881,74b23a8e-ccad-453a-a0bd-2af02cb0a30b,1759834375489869231,722.117,643.618,1,24,,-5.9428750626608515,-2.0238697514373984
d01ea4c3-1912-46a0-9798-db3d3f9d2881,74b23a8e-ccad-453a-a0bd-2af02cb0a30b,1759834375494869231,718.948,639.344,1,24,,-6.147115229165495,-1.7476758285821627
d01ea4c3-1912-46a0-9798-db3d3f9d2881,74b23a8e-ccad-453a-a0bd-2af02cb0a30b,1759834375499869231,718.152,647.378,1,24,,-6.199747170118952,-2.2661756037846197
d01ea4c3-1912-46a0-9798-db3d3f9d2881,74b23a8e-ccad-453a-a0bd-2af02cb0a30b,1759834375504869231,718.238,647.073,1,24,,-6.194124763141265,-2.246539183444984
d01ea4c3-1912-46a0-9798-db3d3f9d2881,74b23a8e-ccad-453a-a0bd-2af02cb0a30b,1759834375509869231,719.831,652.885,1,24,,-6.092171286606702,-2.621819820333034
d01ea4c3-1912-46a0-9798-db3d3f9d2881,74b23a8e-ccad-453a-a0bd-2af02cb0a30b,1759834375514869231,722.788,651.067,1,24,,-5.900693139602287,-2.504838442714706
d01ea4c3-1912-46a0-9798-db3d3f9d2881,74b23a8e-ccad-453a-a0bd-2af02cb0a30b,1759834375519876231,724.087,650.039,1,24,,-5.816492598462829,-2.4386139638920445
d01ea4c3-1912-46a0-9798-db3d3f9d2881,74b23a8e-ccad-453a-a0bd-2af02cb0a30b,1759834375524869231,720.468,641.531,1,24,,-6.049145785413739,-1.889004148230886
d01ea4c3-1912-46a0-9798-db3d3f9d2881,74b23a8e-ccad-453a-a0bd-2af02cb0a30b,1759834375529869231,719.662,642.02,1,24,,-6.101298161445574,-1.9204908953118418
d01ea4c3-1912-46a0-9798-db3d3f9d2881,74b23a8e-ccad-453a-a0bd-2af02cb0a30b,1759834375534869231,721.261,645.904,1,24,,-5.998508426899723,-2.171407399626679
d01ea4c3-1912-46a0-9798-db3d3f9d2881,74b23a8e-ccad-453a-a0bd-2af02cb0a30b,1759834375539869231,722.891,644.212,1,24,,-5.892876132520356,-2.0623006133946102
d01ea4c3-1912-46a0-9798-db3d3f9d2881,74b23a8e-ccad-453a-a0bd-2af02cb0a30b,1759834375544870231,723.971,647.731,1,24,,-5.823644208185218,-2.289600613929182
d01ea4c3-1912-46a0-9798-db3d3f9d2881,74b23a8e-ccad-453a-a0bd-2af02cb0a30b,1759834375549870231,725.935,650.006,1,24,,-5.6969709821673895,-2.436653841373425
d01ea4c3-1912-46a0-9798-db3d3f9d2881,74b23a8e-ccad-453a-a0bd-2af02cb0a30b,1759834375554876231,722.573,648.27,1,24,,-5.914080418834246,-2.324251640629434
d01ea4c3-1912-46a0-9798-db3d3f9d2881,74b23a8e-ccad-453a-a0bd-2af02cb0a30b,1759834375559870231,722.068,646.528,1,24,,-5.946447365237835,-2.211752027579731
d01ea4c3-1912-46a0-9798-db3d3f9d2881,74b23a8e-ccad-453a-a0bd-2af02cb0a30b,1759834375564873231,728.006,645.916,1,24,,-5.562471188702522,-2.1727761770194722
d01ea4c3-1912-46a0-9798-db3d3f9d2881,74b23a8e-ccad-453a-a0bd-2af02cb0a30b,1759834375569874231,725.249,648.516,1,24,,-5.74111062017628,-2.340399053006839
d01ea4c3-1912-46a0-9798-db3d3f9d2881,74b23a8e-ccad-453a-a0bd-2af02cb0a30b,1759834375574877231,719.431,650.473,1,24,,-6.11758006492554,-2.4660917682739627
d01ea4c3-1912-46a0-9798-db3d3f9d2881,74b23a8e-ccad-453a-a0bd-2af02cb0a30b,1759834375579870231,719.503,651.204,1,24,,-6.1131051513984,-2.5133225387967286
d01ea4c3-1912-46a0-9798-db3d3f9d2881,74b23a8e-ccad-453a-a0bd-2af02cb0a30b,1759834375584876231,718.094,650.235,1,24,,-6.203997437849953,-2.450592210960302
d01ea4c3-1912-46a0-9798-db3d3f9d2881,74b23a8e-ccad-453a-a0bd-2af02cb0a30b,1759834375589870231,719.727,649.901,1,24,,-6.098378726435636,-2.4292280160223645
d01ea4c3-1912-46a0-9798-db3d3f9d2881,74b23a8e-ccad-453a-a0bd-2af02cb0a30b,1759834375594870231,720.128,650.592,1,24,,-6.072592874329811,-2.4738662562369793
d01ea4c3-1912-46a0-9798-db3d3f9d2881,74b23a8e-ccad-453a-a0bd-2af02cb0a30b,1759834375599870231,718.387,651.483,1,24,,-6.1852997982541345,-2.5311453397970336
d01ea4c3-1912-46a0-9798-db3d3f9d2881,74b23a8e-ccad-453a-a0bd-2af02cb0a30b,1759834375604995231,720.335,652.701,1,24,,-6.059590323211261,-2.6100350433425907
d01ea4c3-1912-46a0-9798-db3d3f9d2881,74b23a8e-ccad-453a-a0bd-2af02cb0a30b,1759834375609995231,715.89,653.508,1,24,,-6.347116543249791,-2.6615565738311795
d01ea4c3-1912-46a0-9798-db3d3f9d2881,74b23a8e-ccad-453a-a0bd-2af02cb0a30b,1759834375615004231,714.301,652.615,1,24,,-6.449690735963791,-2.603721631584355
d01ea4c3-1912-46a0-9798-db3d3f9d2881,74b23a8e-ccad-453a-a0bd-2af02cb0a30b,1759834375619995231,711.752,656.324,1,24,,-6.615268493304997,-2.8426574025674864
d01ea4c3-1912-46a0-9798-db3d3f9d2881,74b23a8e-ccad-453a-a0bd-2af02cb0a30b,1759834375624995231,711.933,656.935,1,24,,-6.603706958933057,-2.8821128218869485
d01ea4c3-1912-46a0-9798-db3d3f9d2881,74b23a8e-ccad-453a-a0bd-2af02cb0a30b,1759834375629995231,711.617,659.997,1,24,,-6.624865415336177,-3.07963096241446
d01ea4c3-1912-46a0-9798-db3d3f9d2881,74b23a8e-ccad-453a-a0bd-2af02cb0a30b,1759834375634995231,717.122,657.319,1,24,,-6.268262858497307,-2.907645701178544
d01ea4c3-1912-46a0-9798-db3d3f9d2881,74b23a8e-ccad-453a-a0bd-2af02cb0a30b,1759834375639995231,719.697,660.186,1,24,,-6.102417895827899,-3.0930315385913376
d01ea4c3-1912-46a0-9798-db3d3f9d2881,74b23a8e-ccad-453a-a0bd-2af02cb0a30b,1759834375644996231,731.743,658.511,1,24,,-5.322954583449654,-2.986485208475588
d01ea4c3-1912-46a0-9798-db3d3f9d2881,74b23a8e-ccad-453a-a0bd-2af02cb0a30b,1759834375649996231,732.442,657.577,1,24,,-5.277532023458195,-2.9262709151251136
d01ea4c3-1912-46a0-9798-db3d3f9d2881,74b23a8e-ccad-453a-a0bd-2af02cb0a30b,1759834375655008231,732.579,655.391,1,24,,-5.268268083833784,-2.7851080267241137
d01ea4c3-1912-46a0-9798-db3d3f9d2881,74b23a8e-ccad-453a-a0bd-2af02cb0a30b,1759834375659996231,731.785,654.591,1,24,,-5.319518921464478,-2.7333742178265377
d01ea4c3-1912-46a0-9798-db3d3f9d2881,74b23a8e-ccad-453a-a0bd-2af02cb0a30b,1759834375664996231,735.293,650.673,1,24,,-5.091964110945578,-2.4806964804645033
d01ea4c3-1912-46a0-9798-db3d3f9d2881,74b23a8e-ccad-453a-a0bd-2af02cb0a30b,1759834375669996231,734.094,652.67,1,24,,-5.169820382929481,-2.6095468660955623
d01ea4c3-1912-46a0-9798-db3d3f9d2881,74b23a8e-ccad-453a-a0bd-2af02cb0a30b,1759834375674996231,735.729,652.362,1,24,,-5.064059018570009,-2.5898218615945754
d01ea4c3-1912-46a0-9798-db3d3f9d2881,74b23a8e-ccad-453a-a0bd-2af02cb0a30b,1759834375679996231,733.835,654.206,1,24,,-5.186859644624358,-2.7087426295055703
d01ea4c3-1912-46a0-9798-db3d3f9d2881,74b23a8e-ccad-453a-a0bd-2af02cb0a30b,1759834375684996231,729.297,647.89,1,24,,-5.47929289712728,-2.300413049318331
d01ea4c3-1912-46a0-9798-db3d3f9d2881,74b23a8e-ccad-453a-a0bd-2af02cb0a30b,1759834375689996231,731.513,652.117,1,24,,-5.336654104662042,-2.5735663853153032
d01ea4c3-1912-46a0-9798-db3d3f9d2881,74b23a8e-ccad-453a-a0bd-2af02cb0a30b,1759834375694996231,728.596,654.576,1,24,,-5.5257247839098875,-2.732066785932183
d01ea4c3-1912-46a0-9798-db3d3f9d2881,74b23a8e-ccad-453a-a0bd-2af02cb0a30b,1759834375699996231,729.476,655.431,1,24,,-5.468957690133601,-2.787318776166405
d01ea4c3-1912-46a0-9798-db3d3f9d2881,74b23a8e-ccad-453a-a0bd-2af02cb0a30b,1759834375704996231,730.917,655.33,1,24,,-5.375773779955389,-2.781013725569103
d01ea4c3-1912-46a0-9798-db3d3f9d2881,74b23a8e-ccad-453a-a0bd-2af02cb0a30b,1759834375709996231,730.685,655.351,1,24,,-5.390766103410427,-2.7823510257661326
d01ea4c3-1912-46a0-9798-db3d3f9d2881,74b23a8e-ccad-453a-a0bd-2af02cb0a30b,1759834375714996231,731.976,656.471,1,24,,-5.307456557938747,-2.8547869822212064
d01ea4c3-1912-46a0-9798-db3d3f9d2881,74b23a8e-ccad-453a-a0bd-2af02cb0a30b,1759834375719996231,734.49,654.394,1,24,,-5.144543274829209,-2.720933974972037
d01ea4c3-1912-46a0-9798-db3d3f9d2881,74b23a8e-ccad-453a-a0bd-2af02cb0a30b,1759834375724996231,733.722,654.825,1,24,,-5.19425250895254,-2.748723331169934
d01ea4c3-1912-46a0-9798-db3d3f9d2881,74b23a8e-ccad-453a-a0bd-2af02cb0a30b,1759834375730004231,729.978,654.428,1,24,,-5.436357131074884,-2.722616571202033
d01ea4c3-1912-46a0-9798-db3d3f9d2881,74b23a8e-ccad-453a-a0bd-2af02cb0a30b,1759834375734996231,730.468,656.723,1,24,,-5.405055765937892,-2.870911054196055
d01ea4c3-1912-46a0-9798-db3d3f9d2881,74b23a8e-ccad-453a-a0bd-2af02cb0a30b,1759834375740002231,729.482,653.496,1,24,,-5.468223345132179,-2.6623880057834466
d01ea4c3-1912-46a0-9798-db3d3f9d2881,74b23a8e-ccad-453a-a0bd-2af02cb0a30b,1759834375745129231,737.946,657.64,1,24,,-4.921505208704686,-2.930970287455595
d01ea4c3-1912-46a0-9798-db3d3f9d2881,74b23a8e-ccad-453a-a0bd-2af02cb0a30b,1759834375750124231,737.742,657.978,1,24,,-4.934771125686129,-2.952791298077374
d01ea4c3-1912-46a0-9798-db3d3f9d2881,74b23a8e-ccad-453a-a0bd-2af02cb0a30b,1759834375755128231,733.943,656.392,1,24,,-5.180232550936621,-2.8499034606409928
d01ea4c3-1912-46a0-9798-db3d3f9d2881,74b23a8e-ccad-453a-a0bd-2af02cb0a30b,1759834375760122231,733.104,659.353,1,24,,-5.235076737877262,-3.041052579637021
d01ea4c3-1912-46a0-9798-db3d3f9d2881,74b23a8e-ccad-453a-a0bd-2af02cb0a30b,1759834375765122231,730.526,651.524,1,24,,-5.400410102279247,-2.535155929612583
d01ea4c3-1912-46a0-9798-db3d3f9d2881,74b23a8e-ccad-453a-a0bd-2af02cb0a30b,1759834375770122231,730.224,652.494,1,24,,-5.420102064730295,-2.5978023926339944
d01ea4c3-1912-46a0-9798-db3d3f9d2881,74b23a8e-ccad-453a-a0bd-2af02cb0a30b,1759834375775122231,732.615,653.77,1,24,,-5.2656500374704995,-2.680463950014315
d01ea4c3-1912-46a0-9798-db3d3f9d2881,74b23a8e-ccad-453a-a0bd-2af02cb0a30b,1759834375780125231,732.177,652.973,1,24,,-5.293836578968548,-2.628928216959705
d01ea4c3-1912-46a0-9798-db3d3f9d2881,74b23a8e-ccad-453a-a0bd-2af02cb0a30b,1759834375785122231,732.166,652.831,1,24,,-5.29457049867495,-2.619747028420744
d01ea4c3-1912-46a0-9798-db3d3f9d2881,74b23a8e-ccad-453a-a0bd-2af02cb0a30b,1759834375790122231,730.248,654.129,1,24,,-5.418841712626562,-2.7033669043665762
d01ea4c3-1912-46a0-9798-db3d3f9d2881,74b23a8e-ccad-453a-a0bd-2af02cb0a30b,1759834375795122231,729.845,654.502,1,24,,-5.4449712582787155,-2.727394072993803
d01ea4c3-1912-46a0-9798-db3d3f9d2881,74b23a8e-ccad-453a-a0bd-2af02cb0a30b,1759834375800132231,727.574,655.971,1,24,,-5.592080316062941,-2.82196541030799
d01ea4c3-1912-46a0-9798-db3d3f9d2881,74b23a8e-ccad-453a-a0bd-2af02cb0a30b,1759834375805127231,727.711,655.971,1,24,,-5.583222670520837,-2.822033240563773
d01ea4c3-1912-46a0-9798-db3d3f9d2881,74b23a8e-ccad-453a-a0bd-2af02cb0a30b,1759834375810129231,730.348,656.848,1,24,,-5.412839842921121,-2.878956321441174
d01ea4c3-1912-46a0-9798-db3d3f9d2881,74b23a8e-ccad-453a-a0bd-2af02cb0a30b,1759834375815122231,728.398,653.863,1,24,,-5.538408141111353,-2.6859827277604778
d01ea4c3-1912-46a0-9798-db3d3f9d2881,74b23a8e-ccad-453a-a0bd-2af02cb0a30b,1759834375820122231,726.652,653.656,1,24,,-5.651278153138092,-2.6723994045449473
d01ea4c3-1912-46a0-9798-db3d3f9d2881,74b23a8e-ccad-453a-a0bd-2af02cb0a30b,1759834375825122231,728.887,654.033,1,24,,-5.5068383052271,-2.696982462864212
d01ea4c3-1912-46a0-9798-db3d3f9d2881,74b23a8e-ccad-453a-a0bd-2af02cb0a30b,1759834375830122231,727.175,652.306,1,24,,-5.617224706284173,-2.585322175285781
d01ea4c3-1912-46a0-9798-db3d3f9d2881,74b23a8e-ccad-453a-a0bd-2af02cb0a30b,1759834375835122231,728.525,651.262,1,24,,-5.529715934306187,-2.5180642556700836
d01ea4c3-1912-46a0-9798-db3d3f9d2881,74b23a8e-ccad-453a-a0bd-2af02cb0a30b,1759834375840122231,728.377,649.855,1,24,,-5.539097907292041,-2.4271718234569026
d01ea4c3-1912-46a0-9798-db3d3f9d2881,74b23a8e-ccad-453a-a0bd-2af02cb0a30b,1759834375845122231,728.434,654.912,1,24,,-5.536281316674688,-2.7537110791596793
d01ea4c3-1912-46a0-9798-db3d3f9d2881,74b23a8e-ccad-453a-a0bd-2af02cb0a30b,1759834375850123231,733.783,650.567,1,24,,-5.189593089711732,-2.4736823157900645
d01ea4c3-1912-46a0-9798-db3d3f9d2881,74b23a8e-ccad-453a-a0bd-2af02cb0a30b,1759834375855122231,731.761,658.725,1,24,,-5.321803442048633,-3.0003211808068126
d01ea4c3-1912-46a0-9798-db3d3f9d2881,74b23a8e-ccad-453a-a0bd-2af02cb0a30b,1759834375860123231,731.423,659.61,1,24,,-5.3438635541969015,-3.05739508349426
d01ea4c3-1912-46a0-9798-db3d3f9d2881,74b23a8e-ccad-453a-a0bd-2af02cb0a30b,1759834375865123231,730.673,657.319,1,24,,-5.391903868360778,-2.9093890496233814
d01ea4c3-1912-46a0-9798-db3d3f9d2881,74b23a8e-ccad-453a-a0bd-2af02cb0a30b,1759834375870123231,731.549,656.366,1,24,,-5.33509420732367,-2.847985823801267
d01ea4c3-1912-46a0-9798-db3d3f9d2881,74b23a8e-ccad-453a-a0bd-2af02cb0a30b,1759834375875126231,729.958,657.251,1,24,,-5.438161033155029,-2.9049363273617446
d01ea4c3-1912-46a0-9798-db3d3f9d2881,74b23a8e-ccad-453a-a0bd-2af02cb0a30b,1759834375880248231,731.942,658.268,1,24,,-5.310034043803816,-2.970819119525627
d01ea4c3-1912-46a0-9798-db3d3f9d2881,74b23a8e-ccad-453a-a0bd-2af02cb0a30b,1759834375885248231,730.132,658.618,1,24,,-5.427131001391083,-2.9931846115280596
d01ea4c3-1912-46a0-9798-db3d3f9d2881,74b23a8e-ccad-453a-a0bd-2af02cb0a30b,1759834375890248231,730.114,655.109,1,24,,-5.427669566705673,-2.766650686578417
d01ea4c3-1912-46a0-9798-db3d3f9d2881,74b23a8e-ccad-453a-a0bd-2af02cb0a30b,1759834375895248231,732.648,655.005,1,24,,-5.2637748508547775,-2.7601696807883918
d01ea4c3-1912-46a0-9798-db3d3f9d2881,74b23a8e-ccad-453a-a0bd-2af02cb0a30b,1759834375900249231,733.095,652.133,1,24,,-5.234368077754053,-2.5747717172127556
d01ea4c3-1912-46a0-9798-db3d3f9d2881,74b23a8e-ccad-453a-a0bd-2af02cb0a30b,1759834375905251231,737.768,654.535,1,24,,-4.932513919033665,-2.7303761630205328
d01ea4c3-1912-46a0-9798-db3d3f9d2881,74b23a8e-ccad-453a-a0bd-2af02cb0a30b,1759834375910248231,735.266,656.384,1,24,,-5.094659830372653,-2.8495744473017433
d01ea4c3-1912-46a0-9798-db3d3f9d2881,74b23a8e-ccad-453a-a0bd-2af02cb0a30b,1759834375915248231,734.101,654.123,1,24,,-5.169638735381597,-2.7034142929030165
d01ea4c3-1912-46a0-9798-db3d3f9d2881,74b23a8e-ccad-453a-a0bd-2af02cb0a30b,1759834375920248231,734.782,653.36,1,24,,-5.1254389777189475,-2.6541891543398504
d01ea4c3-1912-46a0-9798-db3d3f9d2881,74b23a8e-ccad-453a-a0bd-2af02cb0a30b,1759834375925248231,736.649,656.496,1,24,,-5.005201612128269,-2.856916737042004
d01ea4c3-1912-46a0-9798-db3d3f9d2881,74b23a8e-ccad-453a-a0bd-2af02cb0a30b,1759834375930248231,738.022,656.615,1,24,,-4.916433367304148,-2.8647882364187858
d01ea4c3-1912-46a0-9798-db3d3f9d2881,74b23a8e-ccad-453a-a0bd-2af02cb0a30b,1759834375935248231,738.955,656.383,1,24,,-4.856080642894232,-2.8498710064119344
d01ea4c3-1912-46a0-9798-db3d3f9d2881,74b23a8e-ccad-453a-a0bd-2af02cb0a30b,1759834375940249231,739.627,656.384,1,24,,-4.81260160439438,-2.850016488480186
d01ea4c3-1912-46a0-9798-db3d3f9d2881,74b23a8e-ccad-453a-a0bd-2af02cb0a30b,1759834375945248231,736.966,654.76,1,24,,-4.984455007774691,-2.744812489234068
d01ea4c3-1912-46a0-9798-db3d3f9d2881,74b23a8e-ccad-453a-a0bd-2af02cb0a30b,1759834375950248231,737.596,656.806,1,24,,-4.9440425881049554,-2.8770418603633647
d01ea4c3-1912-46a0-9798-db3d3f9d2881,74b23a8e-ccad-453a-a0bd-2af02cb0a30b,1759834375955248231,735.734,658.359,1,24,,-5.064755775227216,-2.977150671115748
d01ea4c3-1912-46a0-9798-db3d3f9d2881,74b23a8e-ccad-453a-a0bd-2af02cb0a30b,1759834375960253231,735.827,658.679,1,24,,-5.058817412003985,-2.9978243853271134
d01ea4c3-1912-46a0-9798-db3d3f9d2881,74b23a8e-ccad-453a-a0bd-2af02cb0a30b,1759834375965249231,735.824,655.053,1,24,,-5.058344710219,-2.7636573607464134
d01ea4c3-1912-46a0-9798-db3d3f9d2881,74b23a8e-ccad-453a-a0bd-2af02cb0a30b,1759834375970249231,737.078,657.06,1,24,,-4.977561071293655,-2.8933848642819266
d01ea4c3-1912-46a0-9798-db3d3f9d2881,74b23a8e-ccad-453a-a0bd-2af02cb0a30b,1759834375975249231,736.635,658.947,1,24,,-5.006572499897564,-3.0152069621210518
d01ea4c3-1912-46a0-9798-db3d3f9d2881,74b23a8e-ccad-453a-a0bd-2af02cb0a30b,1759834375980249231,737.912,657.165,1,24,,-4.923629858867671,-2.900256535815979
d01ea4c3-1912-46a0-9798-db3d3f9d2881,74b23a8e-ccad-453a-a0bd-2af02cb0a30b,1759834375985249231,738.323,656.716,1,24,,-4.896994478355918,-2.8713252256477566
d01ea4c3-1912-46a0-9798-db3d3f9d2881,74b23a8e-ccad-453a-a0bd-2af02cb0a30b,1759834375990249231,738.771,654.985,1,24,,-4.867741636019019,-2.759585933703104
d01ea4c3-1912-46a0-9798-db3d3f9d2881,74b23a8e-ccad-453a-a0bd-2af02cb0a30b,1759834375995249231,740.527,655.395,1,24,,-4.754187778228871,-2.786239008652692
d01ea4c3-1912-46a0-9798-db3d3f9d2881,74b23a8e-ccad-453a-a0bd-2af02cb0a30b,1759834376000258231,731.138,661.026,1,24,,-5.362557564805107,-3.1488075018383856
d01ea4c3-1912-46a0-9798-db3d3f9d2881,74b23a8e-ccad-453a-a0bd-2af02cb0a30b,1759834376005254231,737.109,663.863,1,24,,-4.976862009928182,-3.3327621486787833
d01ea4c3-1912-46a0-9798-db3d3f9d2881,74b23a8e-ccad-453a-a0bd-2af02cb0a30b,1759834376010377231,736.854,661.821,1,24,,-4.992973513702984,-3.2008925940179562
d01ea4c3-1912-46a0-9798-db3d3f9d2881,74b23a8e-ccad-453a-a0bd-2af02cb0a30b,1759834376015374231,736.874,662.235,1,24,,-4.99170339888233,-3.2276089630839264
d01ea4c3-1912-46a0-9798-db3d3f9d2881,74b23a8e-ccad-453a-a0bd-2af02cb0a30b,1759834376020374231,737.358,661.465,1,,,-4.960257807122003,-3.177948784775529
d01ea4c3-1912-46a0-9798-db3d3f9d2881,74b23a8e-ccad-453a-a0bd-2af02cb0a30b,1759834376025374231,738.414,658.974,1,,,-4.891509076245212,-3.0171517200004803
d01ea4c3-1912-46a0-9798-db3d3f9d2881,74b23a8e-ccad-453a-a0bd-2af02cb0a30b,1759834376030374231,722.524,668.452,1,,,-5.921518830228622,-3.626938968084837
d01ea4c3-1912-46a0-9798-db3d3f9d2881,74b23a8e-ccad-453a-a0bd-2af02cb0a30b,1759834376035374231,715.482,664.617,1,,,-6.376100896598158,-3.3783389078059645
d01ea4c3-1912-46a0-9798-db3d3f9d2881,74b23a8e-ccad-453a-a0bd-2af02cb0a30b,1759834376040374231,708.51,666.236,1,25,,-6.827478238126052,-3.4815269277755134
d01ea4c3-1912-46a0-9798-db3d3f9d2881,74b23a8e-ccad-453a-a0bd-2af02cb0a30b,1759834376045374231,708.201,665.436,1,25,,-6.847188536295303,-3.429877588775606
d01ea4c3-1912-46a0-9798-db3d3f9d2881,74b23a8e-ccad-453a-a0bd-2af02cb0a30b,1759834376050374231,712.619,659.868,1,25,,-6.56003599749833,-3.0714346912437738
d01ea4c3-1912-46a0-9798-db3d3f9d2881,74b23a8e-ccad-453a-a0bd-2af02cb0a30b,1759834376055374231,713.11,658.109,1,25,,-6.527855131100879,-2.9580350854008044
d01ea4c3-1912-46a0-9798-db3d3f9d2881,74b23a8e-ccad-453a-a0bd-2af02cb0a30b,1759834376060374231,720.338,653.242,1,25,,-6.05948099156788,-2.6449318975851717
d01ea4c3-1912-46a0-9798-db3d3f9d2881,74b23a8e-ccad-453a-a0bd-2af02cb0a30b,1759834376065375231,719.067,653.727,1,25,,-6.141724227647244,-2.676048853798641
d01ea4c3-1912-46a0-9798-db3d3f9d2881,74b23a8e-ccad-453a-a0bd-2af02cb0a30b,1759834376070375231,715.894,653.357,1,25,,-6.346833602823158,-2.6518205678062943
d01ea4c3-1912-46a0-9798-db3d3f9d2881,74b23a8e-ccad-453a-a0bd-2af02cb0a30b,1759834376075375231,717.231,651.811,1,25,,-6.260081116959575,-2.552197501973782
d01ea4c3-1912-46a0-9798-db3d3f9d2881,74b23a8e-ccad-453a-a0bd-2af02cb0a30b,1759834376080375231,716.293,652.635,1,25,,-6.3208852546665195,-2.605240465820106
d01ea4c3-1912-46a0-9798-db3d3f9d2881,74b23a8e-ccad-453a-a0bd-2af02cb0a30b,1759834376085375231,719.528,652.624,1,25,,-6.111762198486659,-2.6049572080627006
d01ea4c3-1912-46a0-9798-db3d3f9d2881,74b23a8e-ccad-453a-a0bd-2af02cb0a30b,1759834376090378231,721.05,657.334,1,25,,-6.014272158981251,-2.9091601084065437
d01ea4c3-1912-46a0-9798-db3d3f9d2881,74b23a8e-ccad-453a-a0bd-2af02cb0a30b,1759834376095375231,720.096,657.335,1,25,,-6.075987457137792,-2.9091025764484337
d01ea4c3-1912-46a0-9798-db3d3f9d2881,74b23a8e-ccad-453a-a0bd-2af02cb0a30b,1759834376100375231,719.137,657.278,1,25,,-6.137981479097644,-2.9052966400764237
d01ea4c3-1912-46a0-9798-db3d3f9d2881,74b23a8e-ccad-453a-a0bd-2af02cb0a30b,1759834376105375231,722.53,657.66,1,25,,-5.918635477054664,-2.9304147146769006
d01ea4c3-1912-46a0-9798-db3d3f9d2881,74b23a8e-ccad-453a-a0bd-2af02cb0a30b,1759834376110380231,722.954,660.357,1,25,,-5.891768631455211,-3.1045211378372626
d01ea4c3-1912-46a0-9798-db3d3f9d2881,74b23a8e-ccad-453a-a0bd-2af02cb0a30b,1759834376115375231,719.507,659.005,1,25,,-6.114412645901298,-3.016798251614483
d01ea4c3-1912-46a0-9798-db3d3f9d2881,74b23a8e-ccad-453a-a0bd-2af02cb0a30b,1759834376120375231,719.746,661.66,1,25,,-6.099588795375789,-3.188183119209959
d01ea4c3-1912-46a0-9798-db3d3f9d2881,74b23a8e-ccad-453a-a0bd-2af02cb0a30b,1759834376125375231,720.315,662.39,1,25,,-6.062921751118651,-3.235387389972917
d01ea4c3-1912-46a0-9798-db3d3f9d2881,74b23a8e-ccad-453a-a0bd-2af02cb0a30b,1759834376130375231,716.658,657.659,1,25,,-6.298361036675991,-2.92949934733456
d01ea4c3-1912-46a0-9798-db3d3f9d2881,74b23a8e-ccad-453a-a0bd-2af02cb0a30b,1759834376135375231,718.032,655.463,1,25,,-6.209045016376865,-2.7879838629602904
d01ea4c3-1912-46a0-9798-db3d3f9d2881,74b23a8e-ccad-453a-a0bd-2af02cb0a30b,1759834376140375231,717.115,656.276,1,25,,-6.268522264057715,-2.8403620503350973
d01ea4c3-1912-46a0-9798-db3d3f9d2881,74b23a8e-ccad-453a-a0bd-2af02cb0a30b,1759834376145375231,717.441,660.24,1,25,,-6.2482857471849185,-3.0962110381717225
d01ea4c3-1912-46a0-9798-db3d3f9d2881,74b23a8e-ccad-453a-a0bd-2af02cb0a30b,1759834376150500231,718.94,659.14,1,25,,-6.151127076181831,-3.0253994053583635
d01ea4c3-1912-46a0-9798-db3d3f9d2881,74b23a8e-ccad-453a-a0bd-2af02cb0a30b,1759834376155500231,718.63,656.098,1,25,,-6.170477363091246,-2.8290692189910724
d01ea4c3-1912-46a0-9798-db3d3f9d2881,74b23a8e-ccad-453a-a0bd-2af02cb0a30b,1759834376160500231,718.823,660.377,1,25,,-6.158963654510606,-3.1052493477688614
d01ea4c3-1912-46a0-9798-db3d3f9d2881,74b23a8e-ccad-453a-a0bd-2af02cb0a30b,1759834376165501231,718.749,667.022,1,25,,-6.165372504795025,-3.5340390905853023
d01ea4c3-1912-46a0-9798-db3d3f9d2881,74b23a8e-ccad-453a-a0bd-2af02cb0a30b,1759834376170500231,720.308,665.288,1,25,,-6.064085546127726,-3.4223918529244175
d01ea4c3-1912-46a0-9798-db3d3f9d2881,74b23a8e-ccad-453a-a0bd-2af02cb0a30b,1759834376175504231,721.122,665.475,1,25,,-6.011463244960702,-3.4345820863710195
d01ea4c3-1912-46a0-9798-db3d3f9d2881,74b23a8e-ccad-453a-a0bd-2af02cb0a30b,1759834376180501231,721.087,665.393,1,25,,-6.013693321564541,-3.429313966506406
d01ea4c3-1912-46a0-9798-db3d3f9d2881,74b23a8e-ccad-453a-a0bd-2af02cb0a30b,1759834376185511231,721.64,652.704,1,25,,-5.975200618397447,-2.6103893240718836
d01ea4c3-1912-46a0-9798-db3d3f9d2881,74b23a8e-ccad-453a-a0bd-2af02cb0a30b,1759834376190502231,720.92,651.17,1,25,,-6.0214604485871925,-2.511239022557929
d01ea4c3-1912-46a0-9798-db3d3f9d2881,74b23a8e-ccad-453a-a0bd-2af02cb0a30b,1759834376195501231,720.243,654.216,1,25,,-6.065795982197682,-2.7077830872032105
d01ea4c3-1912-46a0-9798-db3d3f9d2881,74b23a8e-ccad-453a-a0bd-2af02cb0a30b,1759834376200501231,721.786,653.175,1,25,,-5.96580979700683,-2.640794557818324
d01ea4c3-1912-46a0-9798-db3d3f9d2881,74b23a8e-ccad-453a-a0bd-2af02cb0a30b,1759834376205501231,721.021,659.98,1,25,,-6.016705711415168,-3.0799223126580504
d01ea4c3-1912-46a0-9798-db3d3f9d2881,74b23a8e-ccad-453a-a0bd-2af02cb0a30b,1759834376210508231,722.068,659.804,1,25,,-5.94893684291166,-3.0686925549028445
d01ea4c3-1912-46a0-9798-db3d3f9d2881,74b23a8e-ccad-453a-a0bd-2af02cb0a30b,1759834376215501231,721.978,657.326,1,25,,-5.954232028414353,-2.9087600540484684
d01ea4c3-1912-46a0-9798-db3d3f9d2881,74b23a8e-ccad-453a-a0bd-2af02cb0a30b,1759834376220517231,720.297,655.39,1,25,,-6.0625346625834045,-2.7835812206899155
d01ea4c3-1912-46a0-9798-db3d3f9d2881,74b23a8e-ccad-453a-a0bd-2af02cb0a30b,1759834376225501231,722.313,650.497,1,25,,-5.931294638912333,-2.4679925611923075
d01ea4c3-1912-46a0-9798-db3d3f9d2881,74b23a8e-ccad-453a-a0bd-2af02cb0a30b,1759834376230501231,723.635,651.815,1,25,,-5.846062417289289,-2.5532053171546796
d01ea4c3-1912-46a0-9798-db3d3f9d2881,74b23a8e-ccad-453a-a0bd-2af02cb0a30b,1759834376235501231,721.736,656.379,1,,,-5.969733129542679,-2.8475767228582716
d01ea4c3-1912-46a0-9798-db3d3f9d2881,74b23a8e-ccad-453a-a0bd-2af02cb0a30b,1759834376240501231,723.323,655.516,1,,,-5.866904028796044,-2.792114176949643
d01ea4c3-1912-46a0-9798-db3d3f9d2881,74b23a8e-ccad-453a-a0bd-2af02cb0a30b,1759834376245501231,726.758,657.065,1,,,-5.645055669025841,-2.8924884760538236
d01ea4c3-1912-46a0-9798-db3d3f9d2881,74b23a8e-ccad-453a-a0bd-2af02cb0a30b,1759834376250501231,740.877,664.846,1,,,-4.7332632970433375,-3.39676789523296
d01ea4c3-1912-46a0-9798-db3d3f9d2881,74b23a8e-ccad-453a-a0bd-2af02cb0a30b,1759834376255501231,770.044,656.935,1,,,-2.844775956165296,-2.888170138171897
d01ea4c3-1912-46a0-9798-db3d3f9d2881,74b23a8e-ccad-453a-a0bd-2af02cb0a30b,1759834376260501231,790.515,667.971,1,,,-1.5208639310164926,-3.6027656328142372
d01ea4c3-1912-46a0-9798-db3d3f9d2881,74b23a8e-ccad-453a-a0bd-2af02cb0a30b,1759834376265501231,790.363,682.695,1,,,-1.531831724077593,-4.554670690703188
d01ea4c3-1912-46a0-9798-db3d3f9d2881,74b23a8e-ccad-453a-a0bd-2af02cb0a30b,1759834376270512231,799.531,678.883,1,26,,-0.937692602365265,-4.3086216401316575
d01ea4c3-1912-46a0-9798-db3d3f9d2881,74b23a8e-ccad-453a-a0bd-2af02cb0a30b,1759834376275502231,797.709,672.09,1,26,,-1.0553417647446133,-3.8693185951736875
d01ea4c3-1912-46a0-9798-db3d3f9d2881,74b23a8e-ccad-453a-a0bd-2af02cb0a30b,1759834376280502231,796.129,671.91,1,26,,-1.157594748574199,-3.8576591239091376
d01ea4c3-1912-46a0-9798-db3d3f9d2881,74b23a8e-ccad-453a-a0bd-2af02cb0a30b,1759834376285628231,794.817,674.27,1,26,,-1.2427363333399324,-4.010168298760539
d01ea4c3-1912-46a0-9798-db3d3f9d2881,74b23a8e-ccad-453a-a0bd-2af02cb0a30b,1759834376290627231,797.65,672.878,1,26,,-1.059170596034686,-3.920255260492811
d01ea4c3-1912-46a0-9798-db3d3f9d2881,74b23a8e-ccad-453a-a0bd-2af02cb0a30b,1759834376295634231,805.138,667.15,1,26,,-0.5741447327380595,-3.550029545507425
d01ea4c3-1912-46a0-9798-db3d3f9d2881,74b23a8e-ccad-453a-a0bd-2af02cb0a30b,1759834376300627231,801.852,667.993,1,26,,-0.7869164825922492,-3.604498556903654
d01ea4c3-1912-46a0-9798-db3d3f9d2881,74b23a8e-ccad-453a-a0bd-2af02cb0a30b,1759834376305627231,802.419,669.364,1,26,,-0.7502441672816954,-3.6931438369369958
d01ea4c3-1912-46a0-9798-db3d3f9d2881,74b23a8e-ccad-453a-a0bd-2af02cb0a30b,1759834376310627231,793.344,687.149,1,26,,-1.339057846787168,-4.842755550523502
d01ea4c3-1912-46a0-9798-db3d3f9d2881,74b23a8e-ccad-453a-a0bd-2af02cb0a30b,1759834376315627231,797.474,678.71,1,26,,-1.0709456143981733,-4.297368701431132
d01ea4c3-1912-46a0-9798-db3d3f9d2881,74b23a8e-ccad-453a-a0bd-2af02cb0a30b,1759834376320627231,796.836,677.28,1,26,,-1.1121297224791309,-4.204897257168703
d01ea4c3-1912-46a0-9798-db3d3f9d2881,74b23a8e-ccad-453a-a0bd-2af02cb0a30b,1759834376325627231,797.963,674.52,1,26,,-1.039024772048983,-4.026476032276308
d01ea4c3-1912-46a0-9798-db3d3f9d2881,74b23a8e-ccad-453a-a0bd-2af02cb0a30b,1759834376330627231,798.879,672.76,1,26,,-0.9796186495084184,-3.912670402909432
d01ea4c3-1912-46a0-9798-db3d3f9d2881,74b23a8e-ccad-453a-a0bd-2af02cb0a30b,1759834376335627231,799.277,674.253,1,26,,-0.9538859826097843,-4.009209062361995
d01ea4c3-1912-46a0-9798-db3d3f9d2881,74b23a8e-ccad-453a-a0bd-2af02cb0a30b,1759834376340627231,797.338,674.65,1,26,,-1.0794781041624977,-4.034840817748083
d01ea4c3-1912-46a0-9798-db3d3f9d2881,74b23a8e-ccad-453a-a0bd-2af02cb0a30b,1759834376345628231,800.574,674.635,1,26,,-0.8699144613539473,-4.033983817008663
d01ea4c3-1912-46a0-9798-db3d3f9d2881,74b23a8e-ccad-453a-a0bd-2af02cb0a30b,1759834376350627231,803.51,674.016,1,26,,-0.6797987054349027,-3.993954293208789
d01ea4c3-1912-46a0-9798-db3d3f9d2881,74b23a8e-ccad-453a-a0bd-2af02cb0a30b,1759834376355630231,806.806,667.038,1,26,,-0.46613694616644163,-3.5428026057440505
d01ea4c3-1912-46a0-9798-db3d3f9d2881,74b23a8e-ccad-453a-a0bd-2af02cb0a30b,1759834376360627231,804.006,670.446,1,26,,-0.6475442109481838,-3.763113994292042
d01ea4c3-1912-46a0-9798-db3d3f9d2881,74b23a8e-ccad-453a-a0bd-2af02cb0a30b,1759834376365627231,804.311,669.014,1,26,,-0.627762271514645,-3.6705678884920374
d01ea4c3-1912-46a0-9798-db3d3f9d2881,74b23a8e-ccad-453a-a0bd-2af02cb0a30b,1759834376370627231,795.892,673.651,1,26,,-1.1730445402201939,-3.970194074462165
d01ea4c3-1912-46a0-9798-db3d3f9d2881,74b23a8e-ccad-453a-a0bd-2af02cb0a30b,1759834376375627231,799.113,675.034,1,26,,-0.9645624172628101,-4.0597039504213885
d01ea4c3-1912-46a0-9798-db3d3f9d2881,74b23a8e-ccad-453a-a0bd-2af02cb0a30b,1759834376380627231,797.785,678.452,1,26,,-1.050740732270069,-4.280661895577515
d01ea4c3-1912-46a0-9798-db3d3f9d2881,74b23a8e-ccad-453a-a0bd-2af02cb0a30b,1759834376385628231,799.329,668.515,1,26,,-0.950233267030946,-3.638198487921593
d01ea4c3-1912-46a0-9798-db3d3f9d2881,74b23a8e-ccad-453a-a0bd-2af02cb0a30b,1759834376390630231,797.731,670.824,1,26,,-1.0538360048298259,-3.787469701909423
d01ea4c3-1912-46a0-9798-db3d3f9d2881,74b23a8e-ccad-453a-a0bd-2af02cb0a30b,1759834376395628231,803.261,666.363,1,26,,-0.6956325376960127,-3.4991241723541138
d01ea4c3-1912-46a0-9798-db3d3f9d2881,74b23a8e-ccad-453a-a0bd-2af02cb0a30b,1759834376400628231,802.157,674.294,1,26,,-0.7673993933500349,-4.011903745773088
d01ea4c3-1912-46a0-9798-db3d3f9d2881,74b23a8e-ccad-453a-a0bd-2af02cb0a30b,1759834376405628231,801.257,673.535,1,26,,-0.8256405199574594,-3.962826086707861
d01ea4c3-1912-46a0-9798-db3d3f9d2881,74b23a8e-ccad-453a-a0bd-2af02cb0a30b,1759834376410634231,805.531,666.5,1,26,,-0.5486929829587038,-3.507977752478604
d01ea4c3-1912-46a0-9798-db3d3f9d2881,74b23a8e-ccad-453a-a0bd-2af02cb0a30b,1759834376415637231,799.073,674.764,1,26,,-0.9671453089193367,-4.04228324784383
d01ea4c3-1912-46a0-9798-db3d3f9d2881,74b23a8e-ccad-453a-a0bd-2af02cb0a30b,1759834376420766231,801.183,671.943,1,26,,-0.8303805349407112,-3.8598686108006306
d01ea4c3-1912-46a0-9798-db3d3f9d2881,74b23a8e-ccad-453a-a0bd-2af02cb0a30b,1759834376425753231,802.673,671.817,1,26,,-0.7338713220617651,-3.8517539896476927
d01ea4c3-1912-46a0-9798-db3d3f9d2881,74b23a8e-ccad-453a-a0bd-2af02cb0a30b,1759834376430755231,804.484,669.09,1,26,,-0.6165069133306275,-3.6754882710415866
d01ea4c3-1912-46a0-9798-db3d3f9d2881,74b23a8e-ccad-453a-a0bd-2af02cb0a30b,1759834376435753231,803.795,669.307,1,26,,-0.6611702083207008,-3.6895020600549304
d01ea4c3-1912-46a0-9798-db3d3f9d2881,74b23a8e-ccad-453a-a0bd-2af02cb0a30b,1759834376440753231,805.914,666.197,1,26,,-0.5238525342981322,-3.4884118623033227
d01ea4c3-1912-46a0-9798-db3d3f9d2881,74b23a8e-ccad-453a-a0bd-2af02cb0a30b,1759834376445753231,804.919,665.063,1,26,,-0.5882450076604381,-3.4150403384474
d01ea4c3-1912-46a0-9798-db3d3f9d2881,74b23a8e-ccad-453a-a0bd-2af02cb0a30b,1759834376450753231,802.768,664.633,1,26,,-0.7274935497097851,-3.387193082728187
d01ea4c3-1912-46a0-9798-db3d3f9d2881,74b23a8e-ccad-453a-a0bd-2af02cb0a30b,1759834376455753231,804.569,667.861,1,26,,-0.6110192192986564,-3.5959935616343053
d01ea4c3-1912-46a0-9798-db3d3f9d2881,74b23a8e-ccad-453a-a0bd-2af02cb0a30b,1759834376460753231,801.714,667.658,1,26,,-0.7958295128795406,-3.5828429453838977
d01ea4c3-1912-46a0-9798-db3d3f9d2881,74b23a8e-ccad-453a-a0bd-2af02cb0a30b,1759834376465753231,800.466,667.672,1,26,,-0.8766337529714266,-3.5837277184523906
d01ea4c3-1912-46a0-9798-db3d3f9d2881,74b23a8e-ccad-453a-a0bd-2af02cb0a30b,1759834376470755231,799.09,667.392,1,26,,-0.9656513099818033,-3.5655900923489185
d01ea4c3-1912-46a0-9798-db3d3f9d2881,74b23a8e-ccad-453a-a0bd-2af02cb0a30b,1759834376475763231,799.286,667.392,1,26,,-0.9529993707947444,-3.5655511582642587
d01ea4c3-1912-46a0-9798-db3d3f9d2881,74b23a8e-ccad-453a-a0bd-2af02cb0a30b,1759834376480753231,802.703,665.806,1,26,,-0.7317019713070764,-3.4630753057917936
d01ea4c3-1912-46a0-9798-db3d3f9d2881,74b23a8e-ccad-453a-a0bd-2af02cb0a30b,1759834376485763231,804.492,667.369,1,26,,-0.615962802298862,-3.564156119100988
d01ea4c3-1912-46a0-9798-db3d3f9d2881,74b23a8e-ccad-453a-a0bd-2af02cb0a30b,1759834376490754231,801.313,666.733,1,26,,-0.8217212817148686,-3.523011638885685
d01ea4c3-1912-46a0-9798-db3d3f9d2881,74b23a8e-ccad-453a-a0bd-2af02cb0a30b,1759834376495754231,801.496,667.196,1,26,,-0.8098897910281411,-3.5529095310411436
d01ea4c3-1912-46a0-9798-db3d3f9d2881,74b23a8e-ccad-453a-a0bd-2af02cb0a30b,1759834376500754231,797.143,664.044,1,26,,-1.091538342862073,-3.349044940562377
d01ea4c3-1912-46a0-9798-db3d3f9d2881,74b23a8e-ccad-453a-a0bd-2af02cb0a30b,1759834376505754231,797.739,662.76,1,26,,-1.0529246961168284,-3.2660202098834046
d01ea4c3-1912-46a0-9798-db3d3f9d2881,74b23a8e-ccad-453a-a0bd-2af02cb0a30b,1759834376510754231,797.257,665.782,1,26,,-1.0842385424747687,-3.4614150543600544
d01ea4c3-1912-46a0-9798-db3d3f9d2881,74b23a8e-ccad-453a-a0bd-2af02cb0a30b,1759834376515754231,798.29,664.42,1,26,,-1.0173334219541532,-3.373362015997445
d01ea4c3-1912-46a0-9798-db3d3f9d2881,74b23a8e-ccad-453a-a0bd-2af02cb0a30b,1759834376520754231,797.385,660.833,1,26,,-1.0757664625749088,-3.141348346182711
d01ea4c3-1912-46a0-9798-db3d3f9d2881,74b23a8e-ccad-453a-a0bd-2af02cb0a30b,1759834376525765231,799.671,673.967,1,26,,-0.9283784813286619,-3.9907368590942975
d01ea4c3-1912-46a0-9798-db3d3f9d2881,74b23a8e-ccad-453a-a0bd-2af02cb0a30b,1759834376530754231,799.776,672.233,1,26,,-0.9214885095868931,-3.878597172596591
d01ea4c3-1912-46a0-9798-db3d3f9d2881,74b23a8e-ccad-453a-a0bd-2af02cb0a30b,1759834376535754231,801.049,664.878,1,26,,-0.8387253621284224,-3.4030206391114204
d01ea4c3-1912-46a0-9798-db3d3f9d2881,74b23a8e-ccad-453a-a0bd-2af02cb0a30b,1759834376540762231,800.834,661.874,1,26,,-0.8525618582607829,-3.208744870424282
d01ea4c3-1912-46a0-9798-db3d3f9d2881,74b23a8e-ccad-453a-a0bd-2af02cb0a30b,1759834376545754231,795.957,667.279,1,26,,-1.1684623298063745,-3.5581584600962555
d01ea4c3-1912-46a0-9798-db3d3f9d2881,74b23a8e-ccad-453a-a0bd-2af02cb0a30b,1759834376550758231,798.51,667.833,1,26,,-1.0032168226987699,-3.5940381216079413
d01ea4c3-1912-46a0-9798-db3d3f9d2881,74b23a8e-ccad-453a-a0bd-2af02cb0a30b,1759834376555879231,801.404,661.967,1,26,,-0.8156925230154763,-3.2147976618309775
d01ea4c3-1912-46a0-9798-db3d3f9d2881,74b23a8e-ccad-453a-a0bd-2af02cb0a30b,1759834376560879231,802.77,662.592,1,26,,-0.7273033489282628,-3.2552184936275044
d01ea4c3-1912-46a0-9798-db3d3f9d2881,74b23a8e-ccad-453a-a0bd-2af02cb0a30b,1759834376565879231,804.654,665.758,1,26,,-0.6054160007099676,-3.459959685944851
d01ea4c3-1912-46a0-9798-db3d3f9d2881,74b23a8e-ccad-453a-a0bd-2af02cb0a30b,1759834376570879231,803.202,663.805,1,26,,-0.6993647896319587,-3.333703294721514
d01ea4c3-1912-46a0-9798-db3d3f9d2881,74b23a8e-ccad-453a-a0bd-2af02cb0a30b,1759834376575879231,802.187,660.939,1,26,,-0.7649513684185214,-3.1483018599503922
d01ea4c3-1912-46a0-9798-db3d3f9d2881,74b23a8e-ccad-453a-a0bd-2af02cb0a30b,1759834376580879231,801.852,660.459,1,26,,-0.7866299354900149,-3.1172430688483845
d01ea4c3-1912-46a0-9798-db3d3f9d2881,74b23a8e-ccad-453a-a0bd-2af02cb0a30b,1759834376585884231,798.303,663.553,1,26,,-1.0164372419738859,-3.3173058505681072
d01ea4c3-1912-46a0-9798-db3d3f9d2881,74b23a8e-ccad-453a-a0bd-2af02cb0a30b,1759834376590879231,798.947,664.521,1,26,,-0.9748158625838302,-3.3799206504371164
d01ea4c3-1912-46a0-9798-db3d3f9d2881,74b23a8e-ccad-453a-a0bd-2af02cb0a30b,1759834376595880231,800.394,663.021,1,26,,-0.8810760658282216,-3.282913220084223
d01ea4c3-1912-46a0-9798-db3d3f9d2881,74b23a8e-ccad-453a-a0bd-2af02cb0a30b,1759834376600880231,799.609,663.873,1,26,,-0.9318992628587438,-3.3380121193075527
d01ea4c3-1912-46a0-9798-db3d3f9d2881,74b23a8e-ccad-453a-a0bd-2af02cb0a30b,1759834376605880231,800.861,660.455,1,26,,-0.8507724239674782,-3.1169983845302025
d01ea4c3-1912-46a0-9798-db3d3f9d2881,74b23a8e-ccad-453a-a0bd-2af02cb0a30b,1759834376610883231,801.893,659.783,1,26,,-0.783933424499442,-3.0735504105591316
d01ea4c3-1912-46a0-9798-db3d3f9d2881,74b23a8e-ccad-453a-a0bd-2af02cb0a30b,1759834376615880231,799.808,660.969,1,26,,-0.9189481211799799,-3.150204410487514
d01ea4c3-1912-46a0-9798-db3d3f9d2881,74b23a8e-ccad-453a-a0bd-2af02cb0a30b,1759834376620882231,798.744,661.972,1,26,,-0.9878186486946737,-3.215056347868012
d01ea4c3-1912-46a0-9798-db3d3f9d2881,74b23a8e-ccad-453a-a0bd-2af02cb0a30b,1759834376625890231,800.433,665.95,1,26,,-0.8786997738607258,-3.472343366441631
d01ea4c3-1912-46a0-9798-db3d3f9d2881,74b23a8e-ccad-453a-a0bd-2af02cb0a30b,1759834376630880231,801.359,664.827,1,26,,-0.8186690795105251,-3.3997618550177915
d01ea4c3-1912-46a0-9798-db3d3f9d2881,74b23a8e-ccad-453a-a0bd-2af02cb0a30b,1759834376635880231,803.617,660.549,1,26,,-0.6724101100202176,-3.12308563135964
d01ea4c3-1912-46a0-9798-db3d3f9d2881,74b23a8e-ccad-453a-a0bd-2af02cb0a30b,1759834376640880231,803.747,660.429,1,26,,-0.6639888852013969,-3.1153306878579925
d01ea4c3-1912-46a0-9798-db3d3f9d2881,74b23a8e-ccad-453a-a0bd-2af02cb0a30b,1759834376645880231,806.993,668.866,1,26,,-0.45406344445720664,-3.660997163284181
d01ea4c3-1912-46a0-9798-db3d3f9d2881,74b23a8e-ccad-453a-a0bd-2af02cb0a30b,1759834376650880231,805.718,671.135,1,26,,-0.5367143862075681,-3.8077306416353798
d01ea4c3-1912-46a0-9798-db3d3f9d2881,74b23a8e-ccad-453a-a0bd-2af02cb0a30b,1759834376655880231,806.688,673.289,1,26,,-0.4739663239250332,-3.946981752458787
d01ea4c3-1912-46a0-9798-db3d3f9d2881,74b23a8e-ccad-453a-a0bd-2af02cb0a30b,1759834376660880231,807.297,672.532,1,26,,-0.43448785878531543,-3.8980752696643166
d01ea4c3-1912-46a0-9798-db3d3f9d2881,74b23a8e-ccad-453a-a0bd-2af02cb0a30b,1759834376665880231,815.865,672.522,1,26,,0.12029008669837804,-3.897414448648092
d01ea4c3-1912-46a0-9798-db3d3f9d2881,74b23a8e-ccad-453a-a0bd-2af02cb0a30b,1759834376670880231,825.013,667.265,1,26,,0.7124263439961424,-3.5572917075302746
d01ea4c3-1912-46a0-9798-db3d3f9d2881,74b23a8e-ccad-453a-a0bd-2af02cb0a30b,1759834376675884231,824.313,667.361,1,26,,0.6671439534561838,-3.563513362303961
d01ea4c3-1912-46a0-9798-db3d3f9d2881,74b23a8e-ccad-453a-a0bd-2af02cb0a30b,1759834376680881231,823.612,668.293,1,26,,0.6218037467667126,-3.6238297952278065
d01ea4c3-1912-46a0-9798-db3d3f9d2881,74b23a8e-ccad-453a-a0bd-2af02cb0a30b,1759834376685880231,823.539,669.079,1,26,,0.6170714057327968,-3.674647018102551
d01ea4c3-1912-46a0-9798-db3d3f9d2881,74b23a8e-ccad-453a-a0bd-2af02cb0a30b,1759834376691005231,824.519,668.434,1,26,,0.6804720778646015,-3.6329177723993307
d01ea4c3-1912-46a0-9798-db3d3f9d2881,74b23a8e-ccad-453a-a0bd-2af02cb0a30b,1759834376696006231,822.088,667.149,1,26,,0.5231143485224756,-3.549905385503508
d01ea4c3-1912-46a0-9798-db3d3f9d2881,74b23a8e-ccad-453a-a0bd-2af02cb0a30b,1759834376701006231,821.586,667.384,1,26,,0.4906060469004841,-3.565087200230581
d01ea4c3-1912-46a0-9798-db3d3f9d2881,74b23a8e-ccad-453a-a0bd-2af02cb0a30b,1759834376706006231,824.921,667.879,1,26,,0.706515294814804,-3.597014976646875
d01ea4c3-1912-46a0-9798-db3d3f9d2881,74b23a8e-ccad-453a-a0bd-2af02cb0a30b,1759834376711009231,822.712,670.361,1,26,,0.5635695475073301,-3.7575404716081326
d01ea4c3-1912-46a0-9798-db3d3f9d2881,74b23a8e-ccad-453a-a0bd-2af02cb0a30b,1759834376716006231,820.946,667.898,1,26,,0.449219113645049,-3.598359933441368
d01ea4c3-1912-46a0-9798-db3d3f9d2881,74b23a8e-ccad-453a-a0bd-2af02cb0a30b,1759834376721006231,825.544,665.787,1,26,,0.746775983652233,-3.4616998743217486
d01ea4c3-1912-46a0-9798-db3d3f9d2881,74b23a8e-ccad-453a-a0bd-2af02cb0a30b,1759834376726006231,825.385,664.601,1,26,,0.7364710616364728,-3.385057378837791
d01ea4c3-1912-46a0-9798-db3d3f9d2881,74b23a8e-ccad-453a-a0bd-2af02cb0a30b,1759834376731006231,822.422,664.663,1,26,,0.5446825329481886,-3.389109157030492
d01ea4c3-1912-46a0-9798-db3d3f9d2881,74b23a8e-ccad-453a-a0bd-2af02cb0a30b,1759834376736006231,823.173,663.573,1,26,,0.5932805628550208,-3.318579070282589
d01ea4c3-1912-46a0-9798-db3d3f9d2881,74b23a8e-ccad-453a-a0bd-2af02cb0a30b,1759834376741006231,825.67,662.014,1,26,,0.7548436128577676,-3.217722057778494
d01ea4c3-1912-46a0-9798-db3d3f9d2881,74b23a8e-ccad-453a-a0bd-2af02cb0a30b,1759834376746006231,824.109,661.538,1,26,,0.6538244001758036,-3.187000528358146
d01ea4c3-1912-46a0-9798-db3d3f9d2881,74b23a8e-ccad-453a-a0bd-2af02cb0a30b,1759834376751006231,820.349,665.432,1,26,,0.41050860901809216,-3.4389027438325313
d01ea4c3-1912-46a0-9798-db3d3f9d2881,74b23a8e-ccad-453a-a0bd-2af02cb0a30b,1759834376756006231,822.219,663.46,1,26,,0.5315118350185644,-3.3113428959578632
d01ea4c3-1912-46a0-9798-db3d3f9d2881,74b23a8e-ccad-453a-a0bd-2af02cb0a30b,1759834376761012231,821.194,663.439,1,26,,0.4651897468749549,-3.309951970845177
d01ea4c3-1912-46a0-9798-db3d3f9d2881,74b23a8e-ccad-453a-a0bd-2af02cb0a30b,1759834376766006231,821.17,664.43,1,26,,0.46361511819787576,-3.3740935960495295
d01ea4c3-1912-46a0-9798-db3d3f9d2881,74b23a8e-ccad-453a-a0bd-2af02cb0a30b,1759834376771006231,823.003,659.619,1,26,,0.5822064164573107,-3.062900442429346
d01ea4c3-1912-46a0-9798-db3d3f9d2881,74b23a8e-ccad-453a-a0bd-2af02cb0a30b,1759834376776010231,821.894,662.206,1,26,,0.5104694421946836,-3.23019059508541
d01ea4c3-1912-46a0-9798-db3d3f9d2881,74b23a8e-ccad-453a-a0bd-2af02cb0a30b,1759834376781007231,821.48,662.446,1,26,,0.4836909802876701,-3.245781363545935
d01ea4c3-1912-46a0-9798-db3d3f9d2881,74b23a8e-ccad-453a-a0bd-2af02cb0a30b,1759834376786006231,821.01,663.591,1,26,,0.4532499025375617,-3.3198072046600653
d01ea4c3-1912-46a0-9798-db3d3f9d2881,74b23a8e-ccad-453a-a0bd-2af02cb0a30b,1759834376791013231,820.08,662.78,1,26,,0.3930931502759593,-3.267375275136264
d01ea4c3-1912-46a0-9798-db3d3f9d2881,74b23a8e-ccad-453a-a0bd-2af02cb0a30b,1759834376796006231,821.581,660.354,1,26,,0.49015603443332223,-3.1104590179960803
d01ea4c3-1912-46a0-9798-db3d3f9d2881,74b23a8e-ccad-453a-a0bd-2af02cb0a30b,1759834376801009231,817.788,669.881,1,26,,0.24476140825661621,-3.726622974448648
d01ea4c3-1912-46a0-9798-db3d3f9d2881,74b23a8e-ccad-453a-a0bd-2af02cb0a30b,1759834376806016231,820.712,670.679,1,26,,0.434057421514024,-3.77814363690711
d01ea4c3-1912-46a0-9798-db3d3f9d2881,74b23a8e-ccad-453a-a0bd-2af02cb0a30b,1759834376811007231,819.612,667.531,1,26,,0.36281357197783104,-3.574652983926783
d01ea4c3-1912-46a0-9798-db3d3f9d2881,74b23a8e-ccad-453a-a0bd-2af02cb0a30b,1759834376816010231,820.522,661.457,1,26,,0.4216777270789368,-3.1817841301855854
d01ea4c3-1912-46a0-9798-db3d3f9d2881,74b23a8e-ccad-453a-a0bd-2af02cb0a30b,1759834376821018231,828.217,665.476,1,26,,0.9197836436965982,-3.4415479263597177
d01ea4c3-1912-46a0-9798-db3d3f9d2881,74b23a8e-ccad-453a-a0bd-2af02cb0a30b,1759834376826132231,815.611,660.682,1,26,,0.10382632563847809,-3.1317385278383774
d01ea4c3-1912-46a0-9798-db3d3f9d2881,74b23a8e-ccad-453a-a0bd-2af02cb0a30b,1759834376831132231,804.388,661.945,1,26,,-0.6225070665942012,-3.2133900682389775
d01ea4c3-1912-46a0-9798-db3d3f9d2881,74b23a8e-ccad-453a-a0bd-2af02cb0a30b,1759834376836132231,805.571,661.972,1,26,,-0.5459460034882714,-3.2151669264691787
d01ea4c3-1912-46a0-9798-db3d3f9d2881,74b23a8e-ccad-453a-a0bd-2af02cb0a30b,1759834376841132231,803.677,654.549,1,26,,-0.6683284568570381,-2.7350731428745534
d01ea4c3-1912-46a0-9798-db3d3f9d2881,74b23a8e-ccad-453a-a0bd-2af02cb0a30b,1759834376846132231,800.629,658.327,1,26,,-0.865719553269525,-2.9793852796913796
d01ea4c3-1912-46a0-9798-db3d3f9d2881,74b23a8e-ccad-453a-a0bd-2af02cb0a30b,1759834376851132231,801.535,649.341,1,26,,-0.8067771783989449,-2.3981514865936155
d01ea4c3-1912-46a0-9798-db3d3f9d2881,74b23a8e-ccad-453a-a0bd-2af02cb0a30b,1759834376856143231,801.286,649.385,1,26,,-0.8228891635544633,-2.401038284216769
d01ea4c3-1912-46a0-9798-db3d3f9d2881,74b23a8e-ccad-453a-a0bd-2af02cb0a30b,1759834376861132231,801.705,649.705,1,26,,-0.7958288726728386,-2.421702394923764
d01ea4c3-1912-46a0-9798-db3d3f9d2881,74b23a8e-ccad-453a-a0bd-2af02cb0a30b,1759834376866132231,802.184,651.587,1,26,,-0.7648717682147174,-2.543465894630829
d01ea4c3-1912-46a0-9798-db3d3f9d2881,74b23a8e-ccad-453a-a0bd-2af02cb0a30b,1759834376871136231,801.575,652.91,1,26,,-0.804315808688039,-2.6289938219814726
d01ea4c3-1912-46a0-9798-db3d3f9d2881,74b23a8e-ccad-453a-a0bd-2af02cb0a30b,1759834376876132231,798.534,649.611,1,26,,-1.0009370907658848,-2.4156219935057464
d01ea4c3-1912-46a0-9798-db3d3f9d2881,74b23a8e-ccad-453a-a0bd-2af02cb0a30b,1759834376881139231,798.059,652.543,1,26,,-1.031773906446189,-2.6052061427462365
d01ea4c3-1912-46a0-9798-db3d3f9d2881,74b23a8e-ccad-453a-a0bd-2af02cb0a30b,1759834376886143231,799.017,652.542,1,26,,-0.9698004265434135,-2.605155416891732
d01ea4c3-1912-46a0-9798-db3d3f9d2881,74b23a8e-ccad-453a-a0bd-2af02cb0a30b,1759834376891132231,797.736,651.726,1,26,,-1.0526791056888205,-2.552376948981706
d01ea4c3-1912-46a0-9798-db3d3f9d2881,74b23a8e-ccad-453a-a0bd-2af02cb0a30b,1759834376896132231,799.64,652.253,1,26,,-0.9294708109781473,-2.586469302169627
d01ea4c3-1912-46a0-9798-db3d3f9d2881,74b23a8e-ccad-453a-a0bd-2af02cb0a30b,1759834376901133231,799.207,654.434,1,26,,-0.9575668570958988,-2.7275542621644386
d01ea4c3-1912-46a0-9798-db3d3f9d2881,74b23a8e-ccad-453a-a0bd-2af02cb0a30b,1759834376906136231,799.212,650.954,1,26,,-0.9571159770685821,-2.5024594726329705
d01ea4c3-1912-46a0-9798-db3d3f9d2881,74b23a8e-ccad-453a-a0bd-2af02cb0a30b,1759834376911133231,800.574,649.785,1,26,,-0.8689860896043371,-2.4268912029843466
d01ea4c3-1912-46a0-9798-db3d3f9d2881,74b23a8e-ccad-453a-a0bd-2af02cb0a30b,1759834376916133231,799.607,649.429,1,26,,-0.9315241285570929,-2.403818714554965
d01ea4c3-1912-46a0-9798-db3d3f9d2881,74b23a8e-ccad-453a-a0bd-2af02cb0a30b,1759834376921133231,799.158,656.268,1,26,,-0.9608426153576897,-2.8461373994241517
d01ea4c3-1912-46a0-9798-db3d3f9d2881,74b23a8e-ccad-453a-a0bd-2af02cb0a30b,1759834376926133231,796.587,652.955,1,26,,-1.1270224913958629,-2.6318326234651592
d01ea4c3-1912-46a0-9798-db3d3f9d2881,74b23a8e-ccad-453a-a0bd-2af02cb0a30b,1759834376931133231,795.982,653.421,1,26,,-1.1661851937424654,-2.6619559422611125
d01ea4c3-1912-46a0-9798-db3d3f9d2881,74b23a8e-ccad-453a-a0bd-2af02cb0a30b,1759834376936137231,794.16,654.145,1,26,,-1.284148755765489,-2.70872824571648
d01ea4c3-1912-46a0-9798-db3d3f9d2881,74b23a8e-ccad-453a-a0bd-2af02cb0a30b,1759834376941133231,793.218,655.649,1,26,,-1.345173805616374,-2.805984281440962
d01ea4c3-1912-46a0-9798-db3d3f9d2881,74b23a8e-ccad-453a-a0bd-2af02cb0a30b,1759834376946133231,794.464,656.438,1,26,,-1.2645496218405081,-2.8570749071046735
d01ea4c3-1912-46a0-9798-db3d3f9d2881,74b23a8e-ccad-453a-a0bd-2af02cb0a30b,1759834376951138231,794.734,657.371,1,26,,-1.2471713004388674,-2.9173848863721523
d01ea4c3-1912-46a0-9798-db3d3f9d2881,74b23a8e-ccad-453a-a0bd-2af02cb0a30b,1759834376956133231,793.717,656.614,1,26,,-1.312913084362622,-2.8684399951086137
d01ea4c3-1912-46a0-9798-db3d3f9d2881,74b23a8e-ccad-453a-a0bd-2af02cb0a30b,1759834376961138231,799.374,654.514,1,26,,-0.9467483711469363,-2.7327048571861274
d01ea4c3-1912-46a0-9798-db3d3f9d2881,74b23a8e-ccad-453a-a0bd-2af02cb0a30b,1759834376966258231,796.672,655.212,1,26,,-1.1216736320864722,-2.7778413749648583
d01ea4c3-1912-46a0-9798-db3d3f9d2881,74b23a8e-ccad-453a-a0bd-2af02cb0a30b,1759834376971258231,800.464,644.891,1,26,,-0.8759996542287524,-2.110331738444476
d01ea4c3-1912-46a0-9798-db3d3f9d2881,74b23a8e-ccad-453a-a0bd-2af02cb0a30b,1759834376976258231,800.525,645.409,1,26,,-0.8720365589053317,-2.1438073257781567
d01ea4c3-1912-46a0-9798-db3d3f9d2881,74b23a8e-ccad-453a-a0bd-2af02cb0a30b,1759834376981267231,799.288,647.796,1,26,,-0.9521120116775942,-2.298193925314119
d01ea4c3-1912-46a0-9798-db3d3f9d2881,74b23a8e-ccad-453a-a0bd-2af02cb0a30b,1759834376986264231,797.752,649.821,1,26,,-1.051535648095609,-2.429185550520401
d01ea4c3-1912-46a0-9798-db3d3f9d2881,74b23a8e-ccad-453a-a0bd-2af02cb0a30b,1759834376991258231,798.885,649.077,1,26,,-0.9782309254548771,-2.3810529747253995
d01ea4c3-1912-46a0-9798-db3d3f9d2881,74b23a8e-ccad-453a-a0bd-2af02cb0a30b,1759834376996258231,795.183,649.185,1,26,,-1.217775499858792,-2.3880111276112093
d01ea4c3-1912-46a0-9798-db3d3f9d2881,74b23a8e-ccad-453a-a0bd-2af02cb0a30b,1759834377001262231,795.548,650.148,1,26,,-1.1941546872094508,-2.450300694942728
d01ea4c3-1912-46a0-9798-db3d3f9d2881,74b23a8e-ccad-453a-a0bd-2af02cb0a30b,1759834377006259231,792.953,649.967,1,26,,-1.3620588506192608,-2.438504775014539
d01ea4c3-1912-46a0-9798-db3d3f9d2881,74b23a8e-ccad-453a-a0bd-2af02cb0a30b,1759834377011258231,793.664,650.512,1,26,,-1.3160740110645945,-2.473788607507562
d01ea4c3-1912-46a0-9798-db3d3f9d2881,74b23a8e-ccad-453a-a0bd-2af02cb0a30b,1759834377016268231,796.934,648.993,1,26,,-1.1044761583410363,-2.375573017245495
d01ea4c3-1912-46a0-9798-db3d3f9d2881,74b23a8e-ccad-453a-a0bd-2af02cb0a30b,1759834377021259231,796.592,650.031,1,26,,-1.126645269387317,-2.4427095839217743
d01ea4c3-1912-46a0-9798-db3d3f9d2881,74b23a8e-ccad-453a-a0bd-2af02cb0a30b,1759834377026259231,796.128,650.232,1,26,,-1.1566636613890715,-2.455736098887284
d01ea4c3-1912-46a0-9798-db3d3f9d2881,74b23a8e-ccad-453a-a0bd-2af02cb0a30b,1759834377031259231,794.69,645.56,1,26,,-1.2495014229235442,-2.1535175365245194
d01ea4c3-1912-46a0-9798-db3d3f9d2881,74b23a8e-ccad-453a-a0bd-2af02cb0a30b,1759834377036259231,793.824,645.451,1,26,,-1.305536277677133,-2.146410805103434
d01ea4c3-1912-46a0-9798-db3d3f9d2881,74b23a8e-ccad-453a-a0bd-2af02cb0a30b,1759834377041259231,792.077,647.786,1,26,,-1.4186189815211154,-2.297436935119015
d01ea4c3-1912-46a0-9798-db3d3f9d2881,74b23a8e-ccad-453a-a0bd-2af02cb0a30b,1759834377046270231,793.526,648.019,1,26,,-1.3249327549871621,-2.3125014626827323
d01ea4c3-1912-46a0-9798-db3d3f9d2881,74b23a8e-ccad-453a-a0bd-2af02cb0a30b,1759834377051259231,796.09,643.716,1,26,,-1.1588726455380718,-2.0342805972613296
d01ea4c3-1912-46a0-9798-db3d3f9d2881,74b23a8e-ccad-453a-a0bd-2af02cb0a30b,1759834377056259231,789.205,642.878,1,26,,-1.604213659928807,-1.9799361521697894
d01ea4c3-1912-46a0-9798-db3d3f9d2881,74b23a8e-ccad-453a-a0bd-2af02cb0a30b,1759834377061262231,792.52,644.23,1,26,,-1.389842651020869,-2.067469028023298
d01ea4c3-1912-46a0-9798-db3d3f9d2881,74b23a8e-ccad-453a-a0bd-2af02cb0a30b,1759834377066259231,794.405,643.105,1,26,,-1.2678612860205143,-1.9946906277397787
d01ea4c3-1912-46a0-9798-db3d3f9d2881,74b23a8e-ccad-453a-a0bd-2af02cb0a30b,1759834377071259231,794.491,643.719,1,26,,-1.2623106222969067,-2.0344076534766473
d01ea4c3-1912-46a0-9798-db3d3f9d2881,74b23a8e-ccad-453a-a0bd-2af02cb0a30b,1759834377076259231,798.273,643.135,1,26,,-1.0176668221174026,-1.9966926526599107
d01ea4c3-1912-46a0-9798-db3d3f9d2881,74b23a8e-ccad-453a-a0bd-2af02cb0a30b,1759834377081259231,799.231,644.58,1,26,,-0.9557070028923718,-2.090169914781218
d01ea4c3-1912-46a0-9798-db3d3f9d2881,74b23a8e-ccad-453a-a0bd-2af02cb0a30b,1759834377086259231,799.434,646.279,1,26,,-0.9426284326948616,-2.2001029743170752
d01ea4c3-1912-46a0-9798-db3d3f9d2881,74b23a8e-ccad-453a-a0bd-2af02cb0a30b,1759834377091259231,799.253,647.967,1,26,,-0.9543834879323868,-2.3092947955361796
d01ea4c3-1912-46a0-9798-db3d3f9d2881,74b23a8e-ccad-453a-a0bd-2af02cb0a30b,1759834377096259231,794.824,646.698,1,26,,-1.2408510197887168,-2.2271383318078506
d01ea4c3-1912-46a0-9798-db3d3f9d2881,74b23a8e-ccad-453a-a0bd-2af02cb0a30b,1759834377101385231,792.903,646.121,1,26,,-1.365129948558532,-2.1897701453713587
d01ea4c3-1912-46a0-9798-db3d3f9d2881,74b23a8e-ccad-453a-a0bd-2af02cb0a30b,1759834377106384231,794.673,646.053,1,26,,-1.2506242409534134,-2.1854035595579187
d01ea4c3-1912-46a0-9798-db3d3f9d2881,74b23a8e-ccad-453a-a0bd-2af02cb0a30b,1759834377111384231,796.349,644.932,1,26,,-1.1421421215811955,-2.1128874944171483
d01ea4c3-1912-46a0-9798-db3d3f9d2881,74b23a8e-ccad-453a-a0bd-2af02cb0a30b,1759834377116385231,795.84,643.594,1,26,,-1.1750524128614728,-2.0263886117907166
d01ea4c3-1912-46a0-9798-db3d3f9d2881,74b23a8e-ccad-453a-a0bd-2af02cb0a30b,1759834377121384231,794.327,638.736,1,26,,-1.2727631649322368,-1.7120791651501337
d01ea4c3-1912-46a0-9798-db3d3f9d2881,74b23a8e-ccad-453a-a0bd-2af02cb0a30b,1759834377126388231,793.906,636.936,1,26,,-1.299953030855172,-1.595669128650843
d01ea4c3-1912-46a0-9798-db3d3f9d2881,74b23a8e-ccad-453a-a0bd-2af02cb0a30b,1759834377131385231,796.572,644.244,1,26,,-1.127701938822543,-2.068398131482833
d01ea4c3-1912-46a0-9798-db3d3f9d2881,74b23a8e-ccad-453a-a0bd-2af02cb0a30b,1759834377136385231,797.187,644.211,1,26,,-1.0879503767006542,-2.0662638954151022
d01ea4c3-1912-46a0-9798-db3d3f9d2881,74b23a8e-ccad-453a-a0bd-2af02cb0a30b,1759834377141385231,795.794,643.228,1,26,,-1.1780023439833913,-2.0027044471359594
d01ea4c3-1912-46a0-9798-db3d3f9d2881,74b23a8e-ccad-453a-a0bd-2af02cb0a30b,1759834377146385231,795.819,642.917,1,26,,-1.1764096614453414,-1.9825742648534943
d01ea4c3-1912-46a0-9798-db3d3f9d2881,74b23a8e-ccad-453a-a0bd-2af02cb0a30b,1759834377151389231,797.001,643.173,1,26,,-1.0999188007116019,-1.9991303169602102
d01ea4c3-1912-46a0-9798-db3d3f9d2881,74b23a8e-ccad-453a-a0bd-2af02cb0a30b,1759834377156388231,796.36,642.385,1,26,,-1.1413826714196598,-1.9481920825630845
d01ea4c3-1912-46a0-9798-db3d3f9d2881,74b23a8e-ccad-453a-a0bd-2af02cb0a30b,1759834377161387231,797.849,640.817,1,26,,-1.045001984925793,-1.846736905047324
d01ea4c3-1912-46a0-9798-db3d3f9d2881,74b23a8e-ccad-453a-a0bd-2af02cb0a30b,1759834377166385231,798.461,640.005,1,26,,-1.0054047990485853,-1.7942666049203702
d01ea4c3-1912-46a0-9798-db3d3f9d2881,74b23a8e-ccad-453a-a0bd-2af02cb0a30b,1759834377171393231,799.321,642.047,1,26,,-0.9498669921393611,-1.9263362014721448
d01ea4c3-1912-46a0-9798-db3d3f9d2881,74b23a8e-ccad-453a-a0bd-2af02cb0a30b,1759834377176385231,796.296,642.357,1,26,,-1.1455075296206219,-1.9463591419954422
d01ea4c3-1912-46a0-9798-db3d3f9d2881,74b23a8e-ccad-453a-a0bd-2af02cb0a30b,1759834377181385231,798.429,645.941,1,26,,-1.0076529448939084,-2.17819783681045
d01ea4c3-1912-46a0-9798-db3d3f9d2881,74b23a8e-ccad-453a-a0bd-2af02cb0a30b,1759834377186385231,799.264,644.895,1,26,,-0.9536306683276721,-2.110589185770356
d01ea4c3-1912-46a0-9798-db3d3f9d2881,74b23a8e-ccad-453a-a0bd-2af02cb0a30b,1759834377191385231,799.813,644.36,1,26,,-0.91807866948315,-2.075952644600342
d01ea4c3-1912-46a0-9798-db3d3f9d2881,74b23a8e-ccad-453a-a0bd-2af02cb0a30b,1759834377196385231,797.202,642.694,1,26,,-1.086935925513819,-1.968181150613806
d01ea4c3-1912-46a0-9798-db3d3f9d2881,74b23a8e-ccad-453a-a0bd-2af02cb0a30b,1759834377201386231,796.211,642.456,1,26,,-1.1510060774904622,-1.95274190227627
d01ea4c3-1912-46a0-9798-db3d3f9d2881,74b23a8e-ccad-453a-a0bd-2af02cb0a30b,1759834377206385231,794.617,642.277,1,26,,-1.2541115203106115,-1.9411448841073349
d01ea4c3-1912-46a0-9798-db3d3f9d2881,74b23a8e-ccad-453a-a0bd-2af02cb0a30b,1759834377211385231,794.17,642.226,1,26,,-1.2830212733910233,-1.9378684803053572
d01ea4c3-1912-46a0-9798-db3d3f9d2881,74b23a8e-ccad-453a-a0bd-2af02cb0a30b,1759834377216392231,795.178,644.511,1,26,,-1.2178878270522457,-2.0856392390151655
d01ea4c3-1912-46a0-9798-db3d3f9d2881,74b23a8e-ccad-453a-a0bd-2af02cb0a30b,1759834377221386231,793.518,642.71,1,26,,-1.3252060297842223,-1.9691360324640341
d01ea4c3-1912-46a0-9798-db3d3f9d2881,74b23a8e-ccad-453a-a0bd-2af02cb0a30b,1759834377226386231,792.46,641.731,1,26,,-1.393631809767106,-1.9058167107177582
d01ea4c3-1912-46a0-9798-db3d3f9d2881,74b23a8e-ccad-453a-a0bd-2af02cb0a30b,1759834377231386231,792.614,641.849,1,,,-1.3836591905612856,-1.9134310110033705
d01ea4c3-1912-46a0-9798-db3d3f9d2881,74b23a8e-ccad-453a-a0bd-2af02cb0a30b,1759834377236511231,791.849,639.147,1,,,-1.4330851106588485,-1.7386599375964997
d01ea4c3-1912-46a0-9798-db3d3f9d2881,74b23a8e-ccad-453a-a0bd-2af02cb0a30b,1759834377241396231,795.322,645.814,1,,,-1.2086092280412768,-2.169975421110079
d01ea4c3-1912-46a0-9798-db3d3f9d2881,74b23a8e-ccad-453a-a0bd-2af02cb0a30b,1759834377246511231,796.968,661.645,1,,,-1.1027715915104357,-3.1938562344319914
d01ea4c3-1912-46a0-9798-db3d3f9d2881,74b23a8e-ccad-453a-a0bd-2af02cb0a30b,1759834377251511231,806.197,699.89,1,,,-0.5066955264379471,-5.6667157109920625
d01ea4c3-1912-46a0-9798-db3d3f9d2881,74b23a8e-ccad-453a-a0bd-2af02cb0a30b,1759834377256511231,827.989,706.228,1,,,0.9068541798968391,-6.075902749441067
d01ea4c3-1912-46a0-9798-db3d3f9d2881,74b23a8e-ccad-453a-a0bd-2af02cb0a30b,1759834377261521231,839.696,727.313,1,,,1.6688618761531975,-7.436993587277336
d01ea4c3-1912-46a0-9798-db3d3f9d2881,74b23a8e-ccad-453a-a0bd-2af02cb0a30b,1759834377266511231,842.87,743.997,1,,,1.877947489898379,-8.513691784862585
d01ea4c3-1912-46a0-9798-db3d3f9d2881,74b23a8e-ccad-453a-a0bd-2af02cb0a30b,1759834377271522231,849.321,776.435,1,,,2.3058835200010495,-10.605021656673001
d01ea4c3-1912-46a0-9798-db3d3f9d2881,74b23a8e-ccad-453a-a0bd-2af02cb0a30b,1759834377276511231,860.381,768.227,1,,,3.0252582741671774,-10.073345923940657
d01ea4c3-1912-46a0-9798-db3d3f9d2881,74b23a8e-ccad-453a-a0bd-2af02cb0a30b,1759834377281514231,868.295,772.631,1,,,3.543371604110757,-10.355054136292152
d01ea4c3-1912-46a0-9798-db3d3f9d2881,74b23a8e-ccad-453a-a0bd-2af02cb0a30b,1759834377286527231,857.827,794.806,1,,,2.868356529774345,-11.786851578523503
d01ea4c3-1912-46a0-9798-db3d3f9d2881,74b23a8e-ccad-453a-a0bd-2af02cb0a30b,1759834377291511231,847.304,829.246,1,,,2.1905864585995287,-14.007016985860226
d01ea4c3-1912-46a0-9798-db3d3f9d2881,74b23a8e-ccad-453a-a0bd-2af02cb0a30b,1759834377296511231,857.266,843.738,1,,,2.8536021774026326,-14.93630252258032
d01ea4c3-1912-46a0-9798-db3d3f9d2881,74b23a8e-ccad-453a-a0bd-2af02cb0a30b,1759834377301511231,865.015,848.453,1,,,3.367948349223629,-15.236507018094606
d01ea4c3-1912-46a0-9798-db3d3f9d2881,74b23a8e-ccad-453a-a0bd-2af02cb0a30b,1759834377306511231,878.857,877.903,1,,,4.307247340014009,-17.121607051141524
d01ea4c3-1912-46a0-9798-db3d3f9d2881,74b23a8e-ccad-453a-a0bd-2af02cb0a30b,1759834377311511231,883.871,897.603,1,,,4.660652937847154,-18.38270956762857
d01ea4c3-1912-46a0-9798-db3d3f9d2881,74b23a8e-ccad-453a-a0bd-2af02cb0a30b,1759834377316512231,881.288,907.394,1,,,4.498622309808579,-19.012460086597518
d01ea4c3-1912-46a0-9798-db3d3f9d2881,74b23a8e-ccad-453a-a0bd-2af02cb0a30b,1759834377321512231,876.726,931.49,1,,,4.218829223376149,-20.560610795457425
d01ea4c3-1912-46a0-9798-db3d3f9d2881,74b23a8e-ccad-453a-a0bd-2af02cb0a30b,1759834377326512231,895.916,940.735,1,,,5.524178975803559,-21.13843652696572
d01ea4c3-1912-46a0-9798-db3d3f9d2881,74b23a8e-ccad-453a-a0bd-2af02cb0a30b,1759834377331512231,900.605,947.482,1,,,5.851477431724605,-21.566387952085414
d01ea4c3-1912-46a0-9798-db3d3f9d2881,74b23a8e-ccad-453a-a0bd-2af02cb0a30b,1759834377336512231,897.422,951.19,1,,,5.642282374005873,-21.806811344643815
d01ea4c3-1912-46a0-9798-db3d3f9d2881,74b23a8e-ccad-453a-a0bd-2af02cb0a30b,1759834377341512231,892.057,957.293,1,27,,5.288466722451843,-22.202575520783576
d01ea4c3-1912-46a0-9798-db3d3f9d2881,74b23a8e-ccad-453a-a0bd-2af02cb0a30b,1759834377346512231,889.03,955.167,1,27,,5.080132748414098,-22.06891284819214
d01ea4c3-1912-46a0-9798-db3d3f9d2881,74b23a8e-ccad-453a-a0bd-2af02cb0a30b,1759834377351512231,888.847,958.085,1,27,,5.07201423835189,-22.256071567967183
d01ea4c3-1912-46a0-9798-db3d3f9d2881,74b23a8e-ccad-453a-a0bd-2af02cb0a30b,1759834377356512231,893.149,956.353,1,27,,5.361039692396127,-22.141365280802013
d01ea4c3-1912-46a0-9798-db3d3f9d2881,74b23a8e-ccad-453a-a0bd-2af02cb0a30b,1759834377361512231,894.882,956.43,1,27,,5.47865544350983,-22.14473957767675
d01ea4c3-1912-46a0-9798-db3d3f9d2881,74b23a8e-ccad-453a-a0bd-2af02cb0a30b,1759834377366523231,897.38,954.921,1,27,,5.645438263283524,-22.045812302216884
d01ea4c3-1912-46a0-9798-db3d3f9d2881,74b23a8e-ccad-453a-a0bd-2af02cb0a30b,1759834377371637231,898.294,953.109,1,27,,5.704404141589082,-21.928942645538697
d01ea4c3-1912-46a0-9798-db3d3f9d2881,74b23a8e-ccad-453a-a0bd-2af02cb0a30b,1759834377376651231,897.751,953.64,1,27,,5.668507973671617,-21.96343204938379
d01ea4c3-1912-46a0-9798-db3d3f9d2881,74b23a8e-ccad-453a-a0bd-2af02cb0a30b,1759834377381637231,899.995,951.678,1,27,,5.81713480160817,-21.83566669698814
d01ea4c3-1912-46a0-9798-db3d3f9d2881,74b23a8e-ccad-453a-a0bd-2af02cb0a30b,1759834377386641231,901.028,934.054,1,27,,5.858454526114733,-20.70588427868602
d01ea4c3-1912-46a0-9798-db3d3f9d2881,74b23a8e-ccad-453a-a0bd-2af02cb0a30b,1759834377391637231,895.88,932.403,1,27,,5.509360801352764,-20.604627989180436
d01ea4c3-1912-46a0-9798-db3d3f9d2881,74b23a8e-ccad-453a-a0bd-2af02cb0a30b,1759834377396637231,893.139,932.17,1,27,,5.324567020592086,-20.591995875218934
d01ea4c3-1912-46a0-9798-db3d3f9d2881,74b23a8e-ccad-453a-a0bd-2af02cb0a30b,1759834377401637231,892.635,931.779,1,27,,5.290065372383901,-20.567390240997387
d01ea4c3-1912-46a0-9798-db3d3f9d2881,74b23a8e-ccad-453a-a0bd-2af02cb0a30b,1759834377406641231,889.769,925.627,1,27,,5.088985875865991,-20.175390238631326
d01ea4c3-1912-46a0-9798-db3d3f9d2881,74b23a8e-ccad-453a-a0bd-2af02cb0a30b,1759834377411637231,885.878,924.404,1,27,,4.825968039479249,-20.09997295039789
d01ea4c3-1912-46a0-9798-db3d3f9d2881,74b23a8e-ccad-453a-a0bd-2af02cb0a30b,1759834377416648231,882.117,937.768,1,27,,4.589396319024963,-20.959310896727253
d01ea4c3-1912-46a0-9798-db3d3f9d2881,74b23a8e-ccad-453a-a0bd-2af02cb0a30b,1759834377421638231,883.597,939.433,1,27,,4.691308352036891,-21.064978202433963
d01ea4c3-1912-46a0-9798-db3d3f9d2881,74b23a8e-ccad-453a-a0bd-2af02cb0a30b,1759834377426637231,874.182,934.557,1,27,,4.0508712510974,-20.758888225696165
d01ea4c3-1912-46a0-9798-db3d3f9d2881,74b23a8e-ccad-453a-a0bd-2af02cb0a30b,1759834377431638231,879.62,930.587,1,27,,4.4126612765134094,-20.50074344726397
d01ea4c3-1912-46a0-9798-db3d3f9d2881,74b23a8e-ccad-453a-a0bd-2af02cb0a30b,1759834377436638231,888.591,925.397,1,27,,5.009525650531633,-20.16159010851201
d01ea4c3-1912-46a0-9798-db3d3f9d2881,74b23a8e-ccad-453a-a0bd-2af02cb0a30b,1759834377441638231,887.352,933.016,1,,,4.936097815354363,-20.65086473588241
d01ea4c3-1912-46a0-9798-db3d3f9d2881,74b23a8e-ccad-453a-a0bd-2af02cb0a30b,1759834377446638231,886.154,947.545,1,,,4.874741258841869,-21.582858389063855
d01ea4c3-1912-46a0-9798-db3d3f9d2881,74b23a8e-ccad-453a-a0bd-2af02cb0a30b,1759834377451641231,869.439,950.038,1,,,3.7470574369689906,-21.754432272965357
d01ea4c3-1912-46a0-9798-db3d3f9d2881,74b23a8e-ccad-453a-a0bd-2af02cb0a30b,1759834377456638231,847.907,964.611,1,,,2.2989377735703926,-22.700031677414366
d01ea4c3-1912-46a0-9798-db3d3f9d2881,74b23a8e-ccad-453a-a0bd-2af02cb0a30b,1759834377461638231,819.259,972.996,1,,,0.35129685291811624,-23.245070568154556
d01ea4c3-1912-46a0-9798-db3d3f9d2881,74b23a8e-ccad-453a-a0bd-2af02cb0a30b,1759834377466639231,806.657,992.014,1,,,-0.5120522125027721,-24.465489449693735
d01ea4c3-1912-46a0-9798-db3d3f9d2881,74b23a8e-ccad-453a-a0bd-2af02cb0a30b,1759834377471638231,811.42,996.877,1,,,-0.1857502657370127,-24.777603522948034
d01ea4c3-1912-46a0-9798-db3d3f9d2881,74b23a8e-ccad-453a-a0bd-2af02cb0a30b,1759834377476638231,816.32,995.877,1,28,,0.15102675209359218,-24.713290486978057
d01ea4c3-1912-46a0-9798-db3d3f9d2881,74b23a8e-ccad-453a-a0bd-2af02cb0a30b,1759834377481652231,806.073,986.254,1,28,,-0.5508064117611077,-24.095930182606867
d01ea4c3-1912-46a0-9798-db3d3f9d2881,74b23a8e-ccad-453a-a0bd-2af02cb0a30b,1759834377486638231,803.356,983.079,1,28,,-0.7359900396187586,-23.892053972072816
d01ea4c3-1912-46a0-9798-db3d3f9d2881,74b23a8e-ccad-453a-a0bd-2af02cb0a30b,1759834377491638231,803.899,982.413,1,28,,-0.6986184357538414,-23.84938297269787
d01ea4c3-1912-46a0-9798-db3d3f9d2881,74b23a8e-ccad-453a-a0bd-2af02cb0a30b,1759834377496638231,804.206,983.332,1,28,,-0.6779136244362401,-23.90835067371264
d01ea4c3-1912-46a0-9798-db3d3f9d2881,74b23a8e-ccad-453a-a0bd-2af02cb0a30b,1759834377501638231,803.708,981.642,1,28,,-0.7114808823200469,-23.79989715954789
d01ea4c3-1912-46a0-9798-db3d3f9d2881,74b23a8e-ccad-453a-a0bd-2af02cb0a30b,1759834377506642231,804.177,981.569,1,28,,-0.6793686774637608,-23.795219619810105
d01ea4c3-1912-46a0-9798-db3d3f9d2881,74b23a8e-ccad-453a-a0bd-2af02cb0a30b,1759834377511763231,811.49,982.444,1,28,,-0.17941817105673485,-23.85163126212566
d01ea4c3-1912-46a0-9798-db3d3f9d2881,74b23a8e-ccad-453a-a0bd-2af02cb0a30b,1759834377516766231,810.61,983.33,1,28,,-0.23971150744909012,-23.908469226630427
d01ea4c3-1912-46a0-9798-db3d3f9d2881,74b23a8e-ccad-453a-a0bd-2af02cb0a30b,1759834377521763231,809.019,983.546,1,28,,-0.3486154900537693,-23.922288566359732
d01ea4c3-1912-46a0-9798-db3d3f9d2881,74b23a8e-ccad-453a-a0bd-2af02cb0a30b,1759834377526763231,813.688,983.549,1,28,,-0.029110753990514465,-23.922477771003884
d01ea4c3-1912-46a0-9798-db3d3f9d2881,74b23a8e-ccad-453a-a0bd-2af02cb0a30b,1759834377531764231,808.183,991.847,1,28,,-0.4072879920157406,-24.45485183942627
d01ea4c3-1912-46a0-9798-db3d3f9d2881,74b23a8e-ccad-453a-a0bd-2af02cb0a30b,1759834377536764231,808.234,990.548,1,28,,-0.4035710077628039,-24.371534028837804
d01ea4c3-1912-46a0-9798-db3d3f9d2881,74b23a8e-ccad-453a-a0bd-2af02cb0a30b,1759834377541764231,799.971,998.69,1,28,,-0.9733627330391817,-24.893266309319074
d01ea4c3-1912-46a0-9798-db3d3f9d2881,74b23a8e-ccad-453a-a0bd-2af02cb0a30b,1759834377546764231,805.008,992.081,1,28,,-0.6252260666277503,-24.46969585227242
d01ea4c3-1912-46a0-9798-db3d3f9d2881,74b23a8e-ccad-453a-a0bd-2af02cb0a30b,1759834377551764231,803.918,990.04,1,28,,-0.699437296225955,-24.33866335479391
d01ea4c3-1912-46a0-9798-db3d3f9d2881,74b23a8e-ccad-453a-a0bd-2af02cb0a30b,1759834377556764231,809.641,983.589,1,28,,-0.30602288862110283,-23.92504531102204
d01ea4c3-1912-46a0-9798-db3d3f9d2881,74b23a8e-ccad-453a-a0bd-2af02cb0a30b,1759834377561764231,805.468,980.81,1,28,,-0.5909355504666991,-23.74663002846027
d01ea4c3-1912-46a0-9798-db3d3f9d2881,74b23a8e-ccad-453a-a0bd-2af02cb0a30b,1759834377566764231,809.402,979.032,1,28,,-0.3217059729710948,-23.63270064775358
d01ea4c3-1912-46a0-9798-db3d3f9d2881,74b23a8e-ccad-453a-a0bd-2af02cb0a30b,1759834377571764231,804.85,990.059,1,28,,-0.6355179691512771,-24.3399365898479
d01ea4c3-1912-46a0-9798-db3d3f9d2881,74b23a8e-ccad-453a-a0bd-2af02cb0a30b,1759834377576764231,808.141,982.494,1,28,,-0.4084797729451704,-23.85478874455526
d01ea4c3-1912-46a0-9798-db3d3f9d2881,74b23a8e-ccad-453a-a0bd-2af02cb0a30b,1759834377581764231,808.994,982.34,1,28,,-0.350110552203139,-23.84491322581725
d01ea4c3-1912-46a0-9798-db3d3f9d2881,74b23a8e-ccad-453a-a0bd-2af02cb0a30b,1759834377586764231,799.897,979.352,1,28,,-0.9712657219334133,-23.652546175500827
d01ea4c3-1912-46a0-9798-db3d3f9d2881,74b23a8e-ccad-453a-a0bd-2af02cb0a30b,1759834377591764231,804.147,975.759,1,28,,-0.6799049319355847,-23.42249306065243
d01ea4c3-1912-46a0-9798-db3d3f9d2881,74b23a8e-ccad-453a-a0bd-2af02cb0a30b,1759834377596764231,801.836,975.528,1,28,,-0.8375604238639547,-23.407493472183027
d01ea4c3-1912-46a0-9798-db3d3f9d2881,74b23a8e-ccad-453a-a0bd-2af02cb0a30b,1759834377601764231,806.101,988.311,1,28,,-0.5493482474237157,-24.227872453473452
d01ea4c3-1912-46a0-9798-db3d3f9d2881,74b23a8e-ccad-453a-a0bd-2af02cb0a30b,1759834377606770231,793.0,990.596,1,28,,-1.4484398011529944,-24.372758439744647
d01ea4c3-1912-46a0-9798-db3d3f9d2881,74b23a8e-ccad-453a-a0bd-2af02cb0a30b,1759834377611767231,794.09,986.121,1,28,,-1.3714568570057237,-24.085864116740705
d01ea4c3-1912-46a0-9798-db3d3f9d2881,74b23a8e-ccad-453a-a0bd-2af02cb0a30b,1759834377616764231,791.23,980.305,1,28,,-1.5640641803234998,-23.71220560139576
d01ea4c3-1912-46a0-9798-db3d3f9d2881,74b23a8e-ccad-453a-a0bd-2af02cb0a30b,1759834377621764231,793.398,980.391,1,28,,-1.4159005226856618,-23.718140483966913
d01ea4c3-1912-46a0-9798-db3d3f9d2881,74b23a8e-ccad-453a-a0bd-2af02cb0a30b,1759834377626777231,792.69,982.366,1,28,,-1.4652987165535312,-23.84473986375618
d01ea4c3-1912-46a0-9798-db3d3f9d2881,74b23a8e-ccad-453a-a0bd-2af02cb0a30b,1759834377631764231,790.97,982.75,1,28,,-1.5832179033448694,-23.868946885296197
d01ea4c3-1912-46a0-9798-db3d3f9d2881,74b23a8e-ccad-453a-a0bd-2af02cb0a30b,1759834377636764231,791.974,985.71,1,,,-1.5161057790176093,-24.059093027410015
d01ea4c3-1912-46a0-9798-db3d3f9d2881,74b23a8e-ccad-453a-a0bd-2af02cb0a30b,1759834377641767231,795.95,981.846,1,,,-1.242123932079052,-23.811977566065337
d01ea4c3-1912-46a0-9798-db3d3f9d2881,74b23a8e-ccad-453a-a0bd-2af02cb0a30b,1759834377646897231,796.992,988.649,1,,,-1.1737872251449681,-24.248597939634177
d01ea4c3-1912-46a0-9798-db3d3f9d2881,74b23a8e-ccad-453a-a0bd-2af02cb0a30b,1759834377651890231,800.946,989.345,1,,,-0.9030229727614133,-24.293810840229362
d01ea4c3-1912-46a0-9798-db3d3f9d2881,74b23a8e-ccad-453a-a0bd-2af02cb0a30b,1759834377656892231,827.333,957.833,1,,,0.8982908211785985,-22.27122000695809
d01ea4c3-1912-46a0-9798-db3d3f9d2881,74b23a8e-ccad-453a-a0bd-2af02cb0a30b,1759834377661890231,842.874,985.588,1,,,1.968887702348525,-24.047378223103628
d01ea4c3-1912-46a0-9798-db3d3f9d2881,74b23a8e-ccad-453a-a0bd-2af02cb0a30b,1759834377666893231,836.264,970.646,1,,,1.5098165739980802,-23.091102147645095
d01ea4c3-1912-46a0-9798-db3d3f9d2881,74b23a8e-ccad-453a-a0bd-2af02cb0a30b,1759834377671890231,833.216,970.172,1,29,,1.3019811913511175,-23.061501622794346
d01ea4c3-1912-46a0-9798-db3d3f9d2881,74b23a8e-ccad-453a-a0bd-2af02cb0a30b,1759834377676894231,832.946,970.209,1,29,,1.2836045349743335,-23.06398499869378
d01ea4c3-1912-46a0-9798-db3d3f9d2881,74b23a8e-ccad-453a-a0bd-2af02cb0a30b,1759834377681890231,834.402,970.655,1,29,,1.38296057077185,-23.09223319260213
d01ea4c3-1912-46a0-9798-db3d3f9d2881,74b23a8e-ccad-453a-a0bd-2af02cb0a30b,1759834377686890231,831.444,970.917,1,29,,1.181484477182963,-23.109755430911637
d01ea4c3-1912-46a0-9798-db3d3f9d2881,74b23a8e-ccad-453a-a0bd-2af02cb0a30b,1759834377691902231,831.434,970.419,1,29,,1.180656135215635,-23.07781283584019
d01ea4c3-1912-46a0-9798-db3d3f9d2881,74b23a8e-ccad-453a-a0bd-2af02cb0a30b,1759834377696890231,825.461,969.662,1,29,,0.7735949085696066,-23.03039503045862
d01ea4c3-1912-46a0-9798-db3d3f9d2881,74b23a8e-ccad-453a-a0bd-2af02cb0a30b,1759834377701890231,822.654,969.46,1,29,,0.5823136073400335,-23.017898654490192
d01ea4c3-1912-46a0-9798-db3d3f9d2881,74b23a8e-ccad-453a-a0bd-2af02cb0a30b,1759834377706890231,829.611,971.012,1,29,,1.0566568763810356,-23.116223197181416
d01ea4c3-1912-46a0-9798-db3d3f9d2881,74b23a8e-ccad-453a-a0bd-2af02cb0a30b,1759834377711890231,829.347,967.122,1,29,,1.0375678589835444,-22.866784336076066
d01ea4c3-1912-46a0-9798-db3d3f9d2881,74b23a8e-ccad-453a-a0bd-2af02cb0a30b,1759834377716890231,840.232,973.592,1,29,,1.7816367263587907,-23.278849396701787
d01ea4c3-1912-46a0-9798-db3d3f9d2881,74b23a8e-ccad-453a-a0bd-2af02cb0a30b,1759834377721890231,827.188,973.54,1,29,,0.8921126092582262,-23.278891269577663
d01ea4c3-1912-46a0-9798-db3d3f9d2881,74b23a8e-ccad-453a-a0bd-2af02cb0a30b,1759834377726891231,825.171,977.449,1,29,,0.7553120931340999,-23.530005209554794
d01ea4c3-1912-46a0-9798-db3d3f9d2881,74b23a8e-ccad-453a-a0bd-2af02cb0a30b,1759834377731890231,829.043,976.909,1,29,,1.0195886993459353,-23.494664783915074
d01ea4c3-1912-46a0-9798-db3d3f9d2881,74b23a8e-ccad-453a-a0bd-2af02cb0a30b,1759834377736890231,835.065,985.197,1,29,,1.4341553926249766,-24.024817795763887
d01ea4c3-1912-46a0-9798-db3d3f9d2881,74b23a8e-ccad-453a-a0bd-2af02cb0a30b,1759834377741901231,819.797,981.843,1,29,,0.38871995170579965,-23.81260865657235
d01ea4c3-1912-46a0-9798-db3d3f9d2881,74b23a8e-ccad-453a-a0bd-2af02cb0a30b,1759834377746902231,820.148,979.893,1,29,,0.412523944465638,-23.6874982772858
d01ea4c3-1912-46a0-9798-db3d3f9d2881,74b23a8e-ccad-453a-a0bd-2af02cb0a30b,1759834377751899231,817.846,984.089,1,29,,0.25543225490815047,-23.956900598699896
d01ea4c3-1912-46a0-9798-db3d3f9d2881,74b23a8e-ccad-453a-a0bd-2af02cb0a30b,1759834377756891231,825.799,991.651,1,29,,0.8012866809480905,-24.441016870645768
d01ea4c3-1912-46a0-9798-db3d3f9d2881,74b23a8e-ccad-453a-a0bd-2af02cb0a30b,1759834377761896231,823.434,990.546,1,29,,0.638886810060429,-24.370509776001832
d01ea4c3-1912-46a0-9798-db3d3f9d2881,74b23a8e-ccad-453a-a0bd-2af02cb0a30b,1759834377766891231,824.662,985.445,1,29,,0.7221145694045714,-24.043037176016036
d01ea4c3-1912-46a0-9798-db3d3f9d2881,74b23a8e-ccad-453a-a0bd-2af02cb0a30b,1759834377771894231,826.782,981.26,1,29,,0.8662403962772559,-23.77422381841055
d01ea4c3-1912-46a0-9798-db3d3f9d2881,74b23a8e-ccad-453a-a0bd-2af02cb0a30b,1759834377776901231,828.623,980.942,1,29,,0.9919942761444962,-23.753453391619537
d01ea4c3-1912-46a0-9798-db3d3f9d2881,74b23a8e-ccad-453a-a0bd-2af02cb0a30b,1759834377782016231,828.383,979.835,1,29,,0.9753172026549034,-23.68249492137022
d01ea4c3-1912-46a0-9798-db3d3f9d2881,74b23a8e-ccad-453a-a0bd-2af02cb0a30b,1759834377787016231,830.057,977.95,1,29,,1.0891264521832125,-23.561238534167106
d01ea4c3-1912-46a0-9798-db3d3f9d2881,74b23a8e-ccad-453a-a0bd-2af02cb0a30b,1759834377792016231,831.506,979.266,1,,,1.188545899016133,-23.645311068160332
d01ea4c3-1912-46a0-9798-db3d3f9d2881,74b23a8e-ccad-453a-a0bd-2af02cb0a30b,1759834377797016231,833.227,983.498,1,,,1.3076845352377335,-23.916375640525107
d01ea4c3-1912-46a0-9798-db3d3f9d2881,74b23a8e-ccad-453a-a0bd-2af02cb0a30b,1759834377802016231,835.424,965.66,1,,,1.4505783087938526,-22.77152035557823
d01ea4c3-1912-46a0-9798-db3d3f9d2881,74b23a8e-ccad-453a-a0bd-2af02cb0a30b,1759834377807016231,830.679,940.637,1,,,1.1204748593404927,-21.167341841234297
d01ea4c3-1912-46a0-9798-db3d3f9d2881,74b23a8e-ccad-453a-a0bd-2af02cb0a30b,1759834377812016231,856.047,904.322,1,,,2.8077850145700936,-18.828839811688294
d01ea4c3-1912-46a0-9798-db3d3f9d2881,74b23a8e-ccad-453a-a0bd-2af02cb0a30b,1759834377817016231,857.233,859.896,1,,,2.859951036800898,-15.97507579316505
d01ea4c3-1912-46a0-9798-db3d3f9d2881,74b23a8e-ccad-453a-a0bd-2af02cb0a30b,1759834377822016231,886.163,840.825,1,,,4.757973670417223,-14.736116571250824
d01ea4c3-1912-46a0-9798-db3d3f9d2881,74b23a8e-ccad-453a-a0bd-2af02cb0a30b,1759834377827016231,901.046,801.199,1,,,5.702141583650658,-12.18055578951868
d01ea4c3-1912-46a0-9798-db3d3f9d2881,74b23a8e-ccad-453a-a0bd-2af02cb0a30b,1759834377832016231,909.006,777.951,1,,,6.203501703383125,-10.680961141276505
d01ea4c3-1912-46a0-9798-db3d3f9d2881,74b23a8e-ccad-453a-a0bd-2af02cb0a30b,1759834377837016231,892.599,769.108,1,,,5.12705454919605,-10.11938636892523
d01ea4c3-1912-46a0-9798-db3d3f9d2881,74b23a8e-ccad-453a-a0bd-2af02cb0a30b,1759834377842016231,892.23,744.586,1,,,5.089262863056207,-8.539706873742553
d01ea4c3-1912-46a0-9798-db3d3f9d2881,74b23a8e-ccad-453a-a0bd-2af02cb0a30b,1759834377847017231,897.831,729.127,1,,,5.445509368633941,-7.541326324684739
d01ea4c3-1912-46a0-9798-db3d3f9d2881,74b23a8e-ccad-453a-a0bd-2af02cb0a30b,1759834377852017231,883.003,695.727,1,,,4.471411766745079,-5.39055396321598
d01ea4c3-1912-46a0-9798-db3d3f9d2881,74b23a8e-ccad-453a-a0bd-2af02cb0a30b,1759834377857017231,904.292,697.65,1,,,5.850812917342079,-5.509771488221134
d01ea4c3-1912-46a0-9798-db3d3f9d2881,74b23a8e-ccad-453a-a0bd-2af02cb0a30b,1759834377862017231,903.995,700.189,1,30,,5.8325717404808834,-5.673598217157645
d01ea4c3-1912-46a0-9798-db3d3f9d2881,74b23a8e-ccad-453a-a0bd-2af02cb0a30b,1759834377867017231,900.25,699.451,1,30,,5.589760220660753,-5.6269882448813675
d01ea4c3-1912-46a0-9798-db3d3f9d2881,74b23a8e-ccad-453a-a0bd-2af02cb0a30b,1759834377872017231,898.417,700.555,1,30,,5.471436091206458,-5.698672973456995
d01ea4c3-1912-46a0-9798-db3d3f9d2881,74b23a8e-ccad-453a-a0bd-2af02cb0a30b,1759834377877017231,885.786,700.67,1,30,,4.653168050542231,-5.7090256509952075
d01ea4c3-1912-46a0-9798-db3d3f9d2881,74b23a8e-ccad-453a-a0bd-2af02cb0a30b,1759834377882017231,886.359,700.483,1,30,,4.69028346686492,-5.696843486982716
d01ea4c3-1912-46a0-9798-db3d3f9d2881,74b23a8e-ccad-453a-a0bd-2af02cb0a30b,1759834377887017231,888.096,696.994,1,30,,4.801741995933965,-5.471317634180054
d01ea4c3-1912-46a0-9798-db3d3f9d2881,74b23a8e-ccad-453a-a0bd-2af02cb0a30b,1759834377892017231,882.901,699.269,1,30,,4.465848829545144,-5.619250062347643
d01ea4c3-1912-46a0-9798-db3d3f9d2881,74b23a8e-ccad-453a-a0bd-2af02cb0a30b,1759834377897017231,885.811,695.576,1,30,,4.6532621957227995,-5.380240593636961
d01ea4c3-1912-46a0-9798-db3d3f9d2881,74b23a8e-ccad-453a-a0bd-2af02cb0a30b,1759834377902017231,887.046,697.161,1,30,,4.733720771290719,-5.482326292384309
d01ea4c3-1912-46a0-9798-db3d3f9d2881,74b23a8e-ccad-453a-a0bd-2af02cb0a30b,1759834377907017231,883.877,692.135,1,30,,4.5270381726968205,-5.1585206310144
d01ea4c3-1912-46a0-9798-db3d3f9d2881,74b23a8e-ccad-453a-a0bd-2af02cb0a30b,1759834377912017231,890.316,693.029,1,30,,4.944310376593137,-5.214979293560604
d01ea4c3-1912-46a0-9798-db3d3f9d2881,74b23a8e-ccad-453a-a0bd-2af02cb0a30b,1759834377917142231,886.39,694.948,1,30,,4.690584105814275,-5.339604174131435
d01ea4c3-1912-46a0-9798-db3d3f9d2881,74b23a8e-ccad-453a-a0bd-2af02cb0a30b,1759834377922142231,885.673,696.616,1,30,,4.6446189695359585,-5.44745391645361
d01ea4c3-1912-46a0-9798-db3d3f9d2881,74b23a8e-ccad-453a-a0bd-2af02cb0a30b,1759834377927142231,882.676,695.14,1,30,,4.450101921001255,-5.35275424352442
d01ea4c3-1912-46a0-9798-db3d3f9d2881,74b23a8e-ccad-453a-a0bd-2af02cb0a30b,1759834377932142231,881.867,694.819,1,30,,4.397622934171751,-5.332153767033343
d01ea4c3-1912-46a0-9798-db3d3f9d2881,74b23a8e-ccad-453a-a0bd-2af02cb0a30b,1759834377937142231,890.835,696.295,1,30,,4.978904112293274,-5.425604438550288
d01ea4c3-1912-46a0-9798-db3d3f9d2881,74b23a8e-ccad-453a-a0bd-2af02cb0a30b,1759834377942143231,882.432,695.533,1,30,,4.434435811100319,-5.378171671302683
d01ea4c3-1912-46a0-9798-db3d3f9d2881,74b23a8e-ccad-453a-a0bd-2af02cb0a30b,1759834377947143231,879.776,704.031,1,30,,4.264712187315939,-5.927280611875461
d01ea4c3-1912-46a0-9798-db3d3f9d2881,74b23a8e-ccad-453a-a0bd-2af02cb0a30b,1759834377952143231,880.523,702.382,1,30,,4.312650068627598,-5.820663289453345
d01ea4c3-1912-46a0-9798-db3d3f9d2881,74b23a8e-ccad-453a-a0bd-2af02cb0a30b,1759834377957143231,881.964,702.927,1,30,,4.406224955715219,-5.855552869276636
d01ea4c3-1912-46a0-9798-db3d3f9d2881,74b23a8e-ccad-453a-a0bd-2af02cb0a30b,1759834377962143231,885.155,704.718,1,30,,4.613581169673909,-5.970420871427116
d01ea4c3-1912-46a0-9798-db3d3f9d2881,74b23a8e-ccad-453a-a0bd-2af02cb0a30b,1759834377967143231,881.67,702.889,1,30,,4.387171656348339,-5.85316040326868
d01ea4c3-1912-46a0-9798-db3d3f9d2881,74b23a8e-ccad-453a-a0bd-2af02cb0a30b,1759834377972143231,883.22,701.336,1,30,,4.487121696637671,-5.75260990232995
d01ea4c3-1912-46a0-9798-db3d3f9d2881,74b23a8e-ccad-453a-a0bd-2af02cb0a30b,1759834377977143231,885.89,695.158,1,30,,4.658308255725239,-5.3532774141878905
d01ea4c3-1912-46a0-9798-db3d3f9d2881,74b23a8e-ccad-453a-a0bd-2af02cb0a30b,1759834377982143231,887.334,694.25,1,30,,4.751537204979288,-5.294370596156495
d01ea4c3-1912-46a0-9798-db3d3f9d2881,74b23a8e-ccad-453a-a0bd-2af02cb0a30b,1759834377987153231,885.572,694.432,1,30,,4.637445028428984,-5.306479898872585
d01ea4c3-1912-46a0-9798-db3d3f9d2881,74b23a8e-ccad-453a-a0bd-2af02cb0a30b,1759834377992143231,883.134,697.745,1,30,,4.480514418350365,-5.52084309794368
d01ea4c3-1912-46a0-9798-db3d3f9d2881,74b23a8e-ccad-453a-a0bd-2af02cb0a30b,1759834377997143231,882.854,699.298,1,30,,4.462800231187617,-5.621135069233376
d01ea4c3-1912-46a0-9798-db3d3f9d2881,74b23a8e-ccad-453a-a0bd-2af02cb0a30b,1759834378002143231,885.095,698.614,1,30,,4.607765944986278,-5.5764734768590305
d01ea4c3-1912-46a0-9798-db3d3f9d2881,74b23a8e-ccad-453a-a0bd-2af02cb0a30b,1759834378007143231,886.587,697.086,1,30,,4.703998530112598,-5.477585535925788
d01ea4c3-1912-46a0-9798-db3d3f9d2881,74b23a8e-ccad-453a-a0bd-2af02cb0a30b,1759834378012146231,884.595,698.683,1,30,,4.5754375702234364,-5.581084206395692
d01ea4c3-1912-46a0-9798-db3d3f9d2881,74b23a8e-ccad-453a-a0bd-2af02cb0a30b,1759834378017143231,885.574,698.691,1,30,,4.638833093083584,-5.581403594211184
d01ea4c3-1912-46a0-9798-db3d3f9d2881,74b23a8e-ccad-453a-a0bd-2af02cb0a30b,1759834378022143231,885.289,700.859,1,30,,4.6210312701889835,-5.7213482652505885
d01ea4c3-1912-46a0-9798-db3d3f9d2881,74b23a8e-ccad-453a-a0bd-2af02cb0a30b,1759834378027143231,885.414,700.299,1,30,,4.628986749424599,-5.685163238070114
d01ea4c3-1912-46a0-9798-db3d3f9d2881,74b23a8e-ccad-453a-a0bd-2af02cb0a30b,1759834378032143231,890.859,695.481,1,30,,4.980175971299837,-5.373063777249624
d01ea4c3-1912-46a0-9798-db3d3f9d2881,74b23a8e-ccad-453a-a0bd-2af02cb0a30b,1759834378037143231,889.741,693.171,1,30,,4.90707850096998,-5.224261717535958
d01ea4c3-1912-46a0-9798-db3d3f9d2881,74b23a8e-ccad-453a-a0bd-2af02cb0a30b,1759834378042152231,890.297,691.845,1,30,,4.942718048822679,-5.138532142525816
d01ea4c3-1912-46a0-9798-db3d3f9d2881,74b23a8e-ccad-453a-a0bd-2af02cb0a30b,1759834378047144231,886.674,698.476,1,30,,4.710055544128723,-5.5672879423641115
d01ea4c3-1912-46a0-9798-db3d3f9d2881,74b23a8e-ccad-453a-a0bd-2af02cb0a30b,1759834378052268231,887.125,694.756,1,30,,4.738142425853644,-5.327103173102434
d01ea4c3-1912-46a0-9798-db3d3f9d2881,74b23a8e-ccad-453a-a0bd-2af02cb0a30b,1759834378057269231,878.043,700.3,1,30,,4.151378141429178,-5.686766676728732
d01ea4c3-1912-46a0-9798-db3d3f9d2881,74b23a8e-ccad-453a-a0bd-2af02cb0a30b,1759834378062269231,886.193,699.484,1,30,,4.679164732457549,-5.632423265712921
d01ea4c3-1912-46a0-9798-db3d3f9d2881,74b23a8e-ccad-453a-a0bd-2af02cb0a30b,1759834378067269231,890.894,697.392,1,30,,4.983092924486952,-5.496405148610181
d01ea4c3-1912-46a0-9798-db3d3f9d2881,74b23a8e-ccad-453a-a0bd-2af02cb0a30b,1759834378072269231,890.103,696.043,1,30,,4.931405013502912,-5.409504526219545
d01ea4c3-1912-46a0-9798-db3d3f9d2881,74b23a8e-ccad-453a-a0bd-2af02cb0a30b,1759834378077269231,887.055,698.569,1,30,,4.734776478783517,-5.573181992074856
d01ea4c3-1912-46a0-9798-db3d3f9d2881,74b23a8e-ccad-453a-a0bd-2af02cb0a30b,1759834378082269231,887.547,695.832,1,30,,4.765831489503382,-5.396442896378687
d01ea4c3-1912-46a0-9798-db3d3f9d2881,74b23a8e-ccad-453a-a0bd-2af02cb0a30b,1759834378087278231,888.169,695.8,1,30,,4.806104701583222,-5.394267828272541
d01ea4c3-1912-46a0-9798-db3d3f9d2881,74b23a8e-ccad-453a-a0bd-2af02cb0a30b,1759834378092269231,882.682,696.138,1,30,,4.4507935567653165,-5.417141016320825
d01ea4c3-1912-46a0-9798-db3d3f9d2881,74b23a8e-ccad-453a-a0bd-2af02cb0a30b,1759834378097269231,884.084,698.278,1,30,,4.542174712619121,-5.5550275800245545
d01ea4c3-1912-46a0-9798-db3d3f9d2881,74b23a8e-ccad-453a-a0bd-2af02cb0a30b,1759834378102269231,888.408,698.574,1,30,,4.822432135750747,-5.573231790778791
d01ea4c3-1912-46a0-9798-db3d3f9d2881,74b23a8e-ccad-453a-a0bd-2af02cb0a30b,1759834378107269231,890.036,696.504,1,30,,4.927243088949263,-5.439292924846428
d01ea4c3-1912-46a0-9798-db3d3f9d2881,74b23a8e-ccad-453a-a0bd-2af02cb0a30b,1759834378112269231,884.942,698.657,1,30,,4.59786996219143,-5.579302457052562
d01ea4c3-1912-46a0-9798-db3d3f9d2881,74b23a8e-ccad-453a-a0bd-2af02cb0a30b,1759834378117269231,887.718,696.572,1,30,,4.777086914006367,-5.444135361308003
d01ea4c3-1912-46a0-9798-db3d3f9d2881,74b23a8e-ccad-453a-a0bd-2af02cb0a30b,1759834378122272231,888.805,695.411,1,30,,4.847158528339126,-5.368981875850106
d01ea4c3-1912-46a0-9798-db3d3f9d2881,74b23a8e-ccad-453a-a0bd-2af02cb0a30b,1759834378127285231,892.503,703.059,1,30,,5.089180275157473,-5.861662830842444
d01ea4c3-1912-46a0-9798-db3d3f9d2881,74b23a8e-ccad-453a-a0bd-2af02cb0a30b,1759834378132269231,893.356,705.857,1,30,,5.1454321044912605,-6.042005324595371
d01ea4c3-1912-46a0-9798-db3d3f9d2881,74b23a8e-ccad-453a-a0bd-2af02cb0a30b,1759834378137272231,892.443,703.297,1,30,,5.0853757029745505,-5.877062973366486
d01ea4c3-1912-46a0-9798-db3d3f9d2881,74b23a8e-ccad-453a-a0bd-2af02cb0a30b,1759834378142269231,884.398,706.086,1,30,,4.5649570165289655,-6.058900578098185
d01ea4c3-1912-46a0-9798-db3d3f9d2881,74b23a8e-ccad-453a-a0bd-2af02cb0a30b,1759834378147269231,886.645,703.32,1,30,,4.7096879285734055,-5.879902022505653
d01ea4c3-1912-46a0-9798-db3d3f9d2881,74b23a8e-ccad-453a-a0bd-2af02cb0a30b,1759834378152269231,889.283,695.767,1,30,,4.878234658573239,-5.3918414263215855
d01ea4c3-1912-46a0-9798-db3d3f9d2881,74b23a8e-ccad-453a-a0bd-2af02cb0a30b,1759834378157269231,894.769,696.737,1,30,,5.2338003864967995,-5.453275421904143
d01ea4c3-1912-46a0-9798-db3d3f9d2881,74b23a8e-ccad-453a-a0bd-2af02cb0a30b,1759834378162282231,892.779,696.92,1,30,,5.104987635732959,-5.465529710495646
d01ea4c3-1912-46a0-9798-db3d3f9d2881,74b23a8e-ccad-453a-a0bd-2af02cb0a30b,1759834378167269231,893.4,696.709,1,30,,5.145136533969243,-5.451765906481365
d01ea4c3-1912-46a0-9798-db3d3f9d2881,74b23a8e-ccad-453a-a0bd-2af02cb0a30b,1759834378172270231,893.255,697.359,1,30,,5.1359643954208005,-5.49370275741697
d01ea4c3-1912-46a0-9798-db3d3f9d2881,74b23a8e-ccad-453a-a0bd-2af02cb0a30b,1759834378177270231,893.922,694.514,1,30,,5.178282333205426,-5.309973803677742
d01ea4c3-1912-46a0-9798-db3d3f9d2881,74b23a8e-ccad-453a-a0bd-2af02cb0a30b,1759834378182270231,898.854,694.031,1,,,5.497423165858423,-5.277707454493548
d01ea4c3-1912-46a0-9798-db3d3f9d2881,74b23a8e-ccad-453a-a0bd-2af02cb0a30b,1759834378187395231,898.408,696.684,1,,,5.469464877823712,-5.448966812493444
d01ea4c3-1912-46a0-9798-db3d3f9d2881,74b23a8e-ccad-453a-a0bd-2af02cb0a30b,1759834378192395231,893.521,698.767,1,,,5.153643180893883,-5.584495702790613
d01ea4c3-1912-46a0-9798-db3d3f9d2881,74b23a8e-ccad-453a-a0bd-2af02cb0a30b,1759834378197395231,873.831,697.373,1,,,3.877701837671115,-5.498523962661718
d01ea4c3-1912-46a0-9798-db3d3f9d2881,74b23a8e-ccad-453a-a0bd-2af02cb0a30b,1759834378202395231,842.658,696.753,1,,,1.8572835928816065,-5.462622002114474
d01ea4c3-1912-46a0-9798-db3d3f9d2881,74b23a8e-ccad-453a-a0bd-2af02cb0a30b,1759834378207395231,809.061,685.651,1,,,-0.3205762791650125,-4.746284145591339
d01ea4c3-1912-46a0-9798-db3d3f9d2881,74b23a8e-ccad-453a-a0bd-2af02cb0a30b,1759834378212395231,789.715,678.178,1,,,-1.5734015162780088,-4.262623439246005
d01ea4c3-1912-46a0-9798-db3d3f9d2881,74b23a8e-ccad-453a-a0bd-2af02cb0a30b,1759834378217408231,777.426,678.843,1,,,-2.3694462626506665,-4.304892911380964
d01ea4c3-1912-46a0-9798-db3d3f9d2881,74b23a8e-ccad-453a-a0bd-2af02cb0a30b,1759834378222395231,770.745,661.03,1,,,-2.799863067138656,-3.1529528411212735
d01ea4c3-1912-46a0-9798-db3d3f9d2881,74b23a8e-ccad-453a-a0bd-2af02cb0a30b,1759834378227395231,768.149,660.376,1,31,,-2.967788810610084,-3.110500527652803
d01ea4c3-1912-46a0-9798-db3d3f9d2881,74b23a8e-ccad-453a-a0bd-2af02cb0a30b,1759834378232397231,770.535,661.271,1,31,,-2.813453429523534,-3.1685286572091584
d01ea4c3-1912-46a0-9798-db3d3f9d2881,74b23a8e-ccad-453a-a0bd-2af02cb0a30b,1759834378237395231,769.422,663.153,1,31,,-2.885727504139772,-3.2900809098352197
d01ea4c3-1912-46a0-9798-db3d3f9d2881,74b23a8e-ccad-453a-a0bd-2af02cb0a30b,1759834378242405231,771.668,663.406,1,31,,-2.740399281768095,-3.306625567035801
d01ea4c3-1912-46a0-9798-db3d3f9d2881,74b23a8e-ccad-453a-a0bd-2af02cb0a30b,1759834378247395231,771.164,663.317,1,31,,-2.772975047593414,-3.3008151376606554
d01ea4c3-1912-46a0-9798-db3d3f9d2881,74b23a8e-ccad-453a-a0bd-2af02cb0a30b,1759834378252395231,773.874,667.404,1,31,,-2.598051705477111,-3.565210118431819
d01ea4c3-1912-46a0-9798-db3d3f9d2881,74b23a8e-ccad-453a-a0bd-2af02cb0a30b,1759834378257396231,773.146,668.528,1,31,,-2.6453308228881145,-3.6377941061347863
d01ea4c3-1912-46a0-9798-db3d3f9d2881,74b23a8e-ccad-453a-a0bd-2af02cb0a30b,1759834378262396231,775.805,666.039,1,31,,-2.4729183288332846,-3.477066128705396
d01ea4c3-1912-46a0-9798-db3d3f9d2881,74b23a8e-ccad-453a-a0bd-2af02cb0a30b,1759834378267396231,773.374,666.08,1,31,,-2.630294274175588,-3.479582526493871
d01ea4c3-1912-46a0-9798-db3d3f9d2881,74b23a8e-ccad-453a-a0bd-2af02cb0a30b,1759834378272404231,772.954,666.234,1,31,,-2.6574653119849487,-3.4894890642666327
d01ea4c3-1912-46a0-9798-db3d3f9d2881,74b23a8e-ccad-453a-a0bd-2af02cb0a30b,1759834378277400231,771.241,664.03,1,31,,-2.7681218244420807,-3.346894007326908
d01ea4c3-1912-46a0-9798-db3d3f9d2881,74b23a8e-ccad-453a-a0bd-2af02cb0a30b,1759834378282396231,773.784,660.817,1,31,,-2.6031697651372,-3.1393453048841304
d01ea4c3-1912-46a0-9798-db3d3f9d2881,74b23a8e-ccad-453a-a0bd-2af02cb0a30b,1759834378287396231,773.581,665.344,1,31,,-2.6168071418478003,-3.431975319119835
d01ea4c3-1912-46a0-9798-db3d3f9d2881,74b23a8e-ccad-453a-a0bd-2af02cb0a30b,1759834378292396231,770.748,667.877,1,31,,-2.800469716136161,-3.5955765884377224
d01ea4c3-1912-46a0-9798-db3d3f9d2881,74b23a8e-ccad-453a-a0bd-2af02cb0a30b,1759834378297400231,772.812,665.322,1,31,,-2.66658652177334,-3.4305349162626046
d01ea4c3-1912-46a0-9798-db3d3f9d2881,74b23a8e-ccad-453a-a0bd-2af02cb0a30b,1759834378302402231,773.959,663.745,1,31,,-2.592171892373431,-3.3286785671651726
d01ea4c3-1912-46a0-9798-db3d3f9d2881,74b23a8e-ccad-453a-a0bd-2af02cb0a30b,1759834378307396231,775.877,661.581,1,31,,-2.467790929777963,-3.188889672480084
d01ea4c3-1912-46a0-9798-db3d3f9d2881,74b23a8e-ccad-453a-a0bd-2af02cb0a30b,1759834378312396231,773.593,659.735,1,31,,-2.6154209461122315,-3.06940224596545
d01ea4c3-1912-46a0-9798-db3d3f9d2881,74b23a8e-ccad-453a-a0bd-2af02cb0a30b,1759834378317396231,772.592,658.862,1,31,,-2.6801017479084037,-3.0128552058629614
d01ea4c3-1912-46a0-9798-db3d3f9d2881,74b23a8e-ccad-453a-a0bd-2af02cb0a30b,1759834378322524231,770.663,658.806,1,31,,-2.8049632429962705,-3.0091224706548356
d01ea4c3-1912-46a0-9798-db3d3f9d2881,74b23a8e-ccad-453a-a0bd-2af02cb0a30b,1759834378327521231,768.865,655.088,1,31,,-2.9208812878378136,-2.768668055105902
d01ea4c3-1912-46a0-9798-db3d3f9d2881,74b23a8e-ccad-453a-a0bd-2af02cb0a30b,1759834378332521231,769.236,654.129,1,31,,-2.8967740522305627,-2.706703301714479
d01ea4c3-1912-46a0-9798-db3d3f9d2881,74b23a8e-ccad-453a-a0bd-2af02cb0a30b,1759834378337521231,769.931,657.511,1,31,,-2.852144563572667,-2.925353360381964
d01ea4c3-1912-46a0-9798-db3d3f9d2881,74b23a8e-ccad-453a-a0bd-2af02cb0a30b,1759834378342521231,769.278,658.459,1,31,,-2.894514345316,-2.986657609632811
d01ea4c3-1912-46a0-9798-db3d3f9d2881,74b23a8e-ccad-453a-a0bd-2af02cb0a30b,1759834378347521231,768.977,656.85,1,31,,-2.9138009747892966,-2.8825917296750077
d01ea4c3-1912-46a0-9798-db3d3f9d2881,74b23a8e-ccad-453a-a0bd-2af02cb0a30b,1759834378352521231,770.239,660.66,1,31,,-2.8325752192290627,-3.128996358917093
d01ea4c3-1912-46a0-9798-db3d3f9d2881,74b23a8e-ccad-453a-a0bd-2af02cb0a30b,1759834378357521231,771.483,660.433,1,31,,-2.752033353846077,-3.1143866154016315
d01ea4c3-1912-46a0-9798-db3d3f9d2881,74b23a8e-ccad-453a-a0bd-2af02cb0a30b,1759834378362522231,772.372,659.93,1,31,,-2.694452164211014,-3.0819398153117272
d01ea4c3-1912-46a0-9798-db3d3f9d2881,74b23a8e-ccad-453a-a0bd-2af02cb0a30b,1759834378367521231,768.619,656.526,1,31,,-2.936945675336668,-2.861605277194778
d01ea4c3-1912-46a0-9798-db3d3f9d2881,74b23a8e-ccad-453a-a0bd-2af02cb0a30b,1759834378372535231,766.368,667.737,1,31,,-3.083957525324784,-3.5861587978093485
d01ea4c3-1912-46a0-9798-db3d3f9d2881,74b23a8e-ccad-453a-a0bd-2af02cb0a30b,1759834378377522231,768.142,659.603,1,31,,-2.9681323847085195,-3.060517076020584
d01ea4c3-1912-46a0-9798-db3d3f9d2881,74b23a8e-ccad-453a-a0bd-2af02cb0a30b,1759834378382522231,765.642,657.223,1,31,,-3.129640064475604,-2.906481941849122
d01ea4c3-1912-46a0-9798-db3d3f9d2881,74b23a8e-ccad-453a-a0bd-2af02cb0a30b,1759834378387522231,765.181,657.392,1,31,,-3.1595190446237553,-2.917406913023328
d01ea4c3-1912-46a0-9798-db3d3f9d2881,74b23a8e-ccad-453a-a0bd-2af02cb0a30b,1759834378392527231,767.755,656.427,1,31,,-2.992871924006447,-2.8551821160757505
d01ea4c3-1912-46a0-9798-db3d3f9d2881,74b23a8e-ccad-453a-a0bd-2af02cb0a30b,1759834378397522231,768.882,657.604,1,31,,-2.9200322851348908,-2.9313441893230823
d01ea4c3-1912-46a0-9798-db3d3f9d2881,74b23a8e-ccad-453a-a0bd-2af02cb0a30b,1759834378402522231,764.108,654.654,1,31,,-3.2286568265539186,-2.7403244271337526
d01ea4c3-1912-46a0-9798-db3d3f9d2881,74b23a8e-ccad-453a-a0bd-2af02cb0a30b,1759834378407522231,766.546,657.884,1,31,,-3.071208691802823,-2.9492814505322387
d01ea4c3-1912-46a0-9798-db3d3f9d2881,74b23a8e-ccad-453a-a0bd-2af02cb0a30b,1759834378412522231,767.351,656.529,1,31,,-3.018974938185903,-2.861745664928191
d01ea4c3-1912-46a0-9798-db3d3f9d2881,74b23a8e-ccad-453a-a0bd-2af02cb0a30b,1759834378417522231,769.359,654.405,1,31,,-2.8888552451581346,-2.724550370728301
d01ea4c3-1912-46a0-9798-db3d3f9d2881,74b23a8e-ccad-453a-a0bd-2af02cb0a30b,1759834378422522231,762.451,661.33,1,31,,-3.336627552097976,-3.1717476169374264
d01ea4c3-1912-46a0-9798-db3d3f9d2881,74b23a8e-ccad-453a-a0bd-2af02cb0a30b,1759834378427522231,762.339,656.027,1,31,,-3.3432652337297326,-2.828942117240924
d01ea4c3-1912-46a0-9798-db3d3f9d2881,74b23a8e-ccad-453a-a0bd-2af02cb0a30b,1759834378432522231,761.7,653.448,1,31,,-3.384283102281392,-2.6621937281141235
d01ea4c3-1912-46a0-9798-db3d3f9d2881,74b23a8e-ccad-453a-a0bd-2af02cb0a30b,1759834378437522231,764.535,652.192,1,31,,-3.200746860068323,-2.58116406121998
d01ea4c3-1912-46a0-9798-db3d3f9d2881,74b23a8e-ccad-453a-a0bd-2af02cb0a30b,1759834378442522231,766.051,652.934,1,31,,-3.102769062159736,-2.6292331431967617
d01ea4c3-1912-46a0-9798-db3d3f9d2881,74b23a8e-ccad-453a-a0bd-2af02cb0a30b,1759834378447522231,761.617,653.574,1,31,,-3.3896394865592097,-2.6703272572763224
d01ea4c3-1912-46a0-9798-db3d3f9d2881,74b23a8e-ccad-453a-a0bd-2af02cb0a30b,1759834378452531231,762.814,651.326,1,31,,-3.311962858343004,-2.525128018089614
d01ea4c3-1912-46a0-9798-db3d3f9d2881,74b23a8e-ccad-453a-a0bd-2af02cb0a30b,1759834378457534231,764.629,652.909,1,31,,-3.1947586137501505,-2.6275349437214084
d01ea4c3-1912-46a0-9798-db3d3f9d2881,74b23a8e-ccad-453a-a0bd-2af02cb0a30b,1759834378462647231,764.757,651.523,1,31,,-3.1862917955777608,-2.5379490935414637
d01ea4c3-1912-46a0-9798-db3d3f9d2881,74b23a8e-ccad-453a-a0bd-2af02cb0a30b,1759834378467647231,763.718,651.584,1,31,,-3.2535679632941603,-2.5418111211096117
d01ea4c3-1912-46a0-9798-db3d3f9d2881,74b23a8e-ccad-453a-a0bd-2af02cb0a30b,1759834378472647231,763.135,646.494,1,,,-3.2907392951265515,-2.2127406000277694
d01ea4c3-1912-46a0-9798-db3d3f9d2881,74b23a8e-ccad-453a-a0bd-2af02cb0a30b,1759834378477647231,762.355,649.19,1,,,-3.341492442915577,-2.387014030074883
d01ea4c3-1912-46a0-9798-db3d3f9d2881,74b23a8e-ccad-453a-a0bd-2af02cb0a30b,1759834378482648231,768.672,653.79,1,,,-2.9332885450190815,-2.684770188500349
d01ea4c3-1912-46a0-9798-db3d3f9d2881,74b23a8e-ccad-453a-a0bd-2af02cb0a30b,1759834378487648231,775.473,657.475,1,,,-2.4935461908638383,-2.923361845829973
d01ea4c3-1912-46a0-9798-db3d3f9d2881,74b23a8e-ccad-453a-a0bd-2af02cb0a30b,1759834378492648231,783.153,689.632,1,,,-1.9997971170469075,-5.002633966154588
d01ea4c3-1912-46a0-9798-db3d3f9d2881,74b23a8e-ccad-453a-a0bd-2af02cb0a30b,1759834378497648231,788.105,689.916,1,,,-1.6788829175680966,-5.0213339389471034
d01ea4c3-1912-46a0-9798-db3d3f9d2881,74b23a8e-ccad-453a-a0bd-2af02cb0a30b,1759834378502648231,786.958,687.094,1,32,,-1.7529099390015266,-4.838895422834834
d01ea4c3-1912-46a0-9798-db3d3f9d2881,74b23a8e-ccad-453a-a0bd-2af02cb0a30b,1759834378507648231,787.811,686.288,1,32,,-1.6975264788908104,-4.786821083582389
d01ea4c3-1912-46a0-9798-db3d3f9d2881,74b23a8e-ccad-453a-a0bd-2af02cb0a30b,1759834378512661231,788.054,685.06,1,32,,-1.6816536967808633,-4.707490191069633
d01ea4c3-1912-46a0-9798-db3d3f9d2881,74b23a8e-ccad-453a-a0bd-2af02cb0a30b,1759834378517651231,788.491,683.241,1,32,,-1.6531727845353978,-4.589912186550998
d01ea4c3-1912-46a0-9798-db3d3f9d2881,74b23a8e-ccad-453a-a0bd-2af02cb0a30b,1759834378522648231,789.967,684.121,1,32,,-1.5576283039522547,-4.646839657049874
d01ea4c3-1912-46a0-9798-db3d3f9d2881,74b23a8e-ccad-453a-a0bd-2af02cb0a30b,1759834378527648231,792.256,681.729,1,32,,-1.4091469039382158,-4.492316879092272
d01ea4c3-1912-46a0-9798-db3d3f9d2881,74b23a8e-ccad-453a-a0bd-2af02cb0a30b,1759834378532648231,791.951,677.781,1,32,,-1.4285413872907182,-4.237065846351034
d01ea4c3-1912-46a0-9798-db3d3f9d2881,74b23a8e-ccad-453a-a0bd-2af02cb0a30b,1759834378537648231,782.489,685.368,1,32,,-2.042242977093062,-4.7270180445254635
d01ea4c3-1912-46a0-9798-db3d3f9d2881,74b23a8e-ccad-453a-a0bd-2af02cb0a30b,1759834378542649231,783.188,684.566,1,32,,-1.9968875835428903,-4.675203407892159
d01ea4c3-1912-46a0-9798-db3d3f9d2881,74b23a8e-ccad-453a-a0bd-2af02cb0a30b,1759834378547651231,780.655,687.024,1,32,,-2.1613009727238404,-4.833939408882372
d01ea4c3-1912-46a0-9798-db3d3f9d2881,74b23a8e-ccad-453a-a0bd-2af02cb0a30b,1759834378552648231,780.204,686.083,1,32,,-2.1904003947237514,-4.77303604697429
d01ea4c3-1912-46a0-9798-db3d3f9d2881,74b23a8e-ccad-453a-a0bd-2af02cb0a30b,1759834378557651231,783.313,684.49,1,32,,-1.9887641575550625,-4.670299714005762
d01ea4c3-1912-46a0-9798-db3d3f9d2881,74b23a8e-ccad-453a-a0bd-2af02cb0a30b,1759834378562648231,785.184,689.262,1,32,,-1.8681065334746174,-4.9788762508383035
d01ea4c3-1912-46a0-9798-db3d3f9d2881,74b23a8e-ccad-453a-a0bd-2af02cb0a30b,1759834378567649231,783.974,684.172,1,32,,-1.9459209101515151,-4.649788637262086
d01ea4c3-1912-46a0-9798-db3d3f9d2881,74b23a8e-ccad-453a-a0bd-2af02cb0a30b,1759834378572648231,785.667,685.555,1,32,,-1.836360784799294,-4.739322466024135
d01ea4c3-1912-46a0-9798-db3d3f9d2881,74b23a8e-ccad-453a-a0bd-2af02cb0a30b,1759834378577651231,787.548,685.935,1,32,,-1.7145275324157778,-4.764010236168042
d01ea4c3-1912-46a0-9798-db3d3f9d2881,74b23a8e-ccad-453a-a0bd-2af02cb0a30b,1759834378582652231,787.965,685.532,1,32,,-1.6874830237333558,-4.737963302880428
d01ea4c3-1912-46a0-9798-db3d3f9d2881,74b23a8e-ccad-453a-a0bd-2af02cb0a30b,1759834378587649231,789.292,685.686,1,32,,-1.6014904400417405,-4.74797840645156
d01ea4c3-1912-46a0-9798-db3d3f9d2881,74b23a8e-ccad-453a-a0bd-2af02cb0a30b,1759834378592649231,791.347,690.355,1,32,,-1.4688154514472511,-5.049913768917418
d01ea4c3-1912-46a0-9798-db3d3f9d2881,74b23a8e-ccad-453a-a0bd-2af02cb0a30b,1759834378597774231,792.073,687.336,1,32,,-1.4214357708366505,-4.8547739639121295
d01ea4c3-1912-46a0-9798-db3d3f9d2881,74b23a8e-ccad-453a-a0bd-2af02cb0a30b,1759834378602782231,790.571,680.347,1,,,-1.5181521196823036,-4.402927678321619
d01ea4c3-1912-46a0-9798-db3d3f9d2881,74b23a8e-ccad-453a-a0bd-2af02cb0a30b,1759834378607774231,784.168,680.86,1,,,-1.9330117146531103,-4.435765155879558
d01ea4c3-1912-46a0-9798-db3d3f9d2881,74b23a8e-ccad-453a-a0bd-2af02cb0a30b,1759834378612778231,794.717,679.396,1,,,-1.2495413178614445,-4.341583280103141
d01ea4c3-1912-46a0-9798-db3d3f9d2881,74b23a8e-ccad-453a-a0bd-2af02cb0a30b,1759834378617776231,818.014,675.604,1,,,0.25943834678335836,-4.096697941474508
d01ea4c3-1912-46a0-9798-db3d3f9d2881,74b23a8e-ccad-453a-a0bd-2af02cb0a30b,1759834378622774231,853.045,666.524,1,,,2.5266578541207037,-3.5079796811607546
d01ea4c3-1912-46a0-9798-db3d3f9d2881,74b23a8e-ccad-453a-a0bd-2af02cb0a30b,1759834378627774231,887.895,650.182,1,,,4.778451953562941,-2.4489335468279627
d01ea4c3-1912-46a0-9798-db3d3f9d2881,74b23a8e-ccad-453a-a0bd-2af02cb0a30b,1759834378632774231,913.517,657.23,1,,,6.435366908924175,-2.9007175609615747
d01ea4c3-1912-46a0-9798-db3d3f9d2881,74b23a8e-ccad-453a-a0bd-2af02cb0a30b,1759834378637774231,923.163,650.251,1,,,7.056921679739375,-2.449218201289672
d01ea4c3-1912-46a0-9798-db3d3f9d2881,74b23a8e-ccad-453a-a0bd-2af02cb0a30b,1759834378642786231,942.689,632.039,1,,,8.314106281830547,-1.2732690786150904
d01ea4c3-1912-46a0-9798-db3d3f9d2881,74b23a8e-ccad-453a-a0bd-2af02cb0a30b,1759834378647774231,943.287,638.541,1,33,,8.353609640618595,-1.6920132230829779
d01ea4c3-1912-46a0-9798-db3d3f9d2881,74b23a8e-ccad-453a-a0bd-2af02cb0a30b,1759834378652777231,940.366,640.202,1,33,,8.165455109787118,-1.7992941819646067
d01ea4c3-1912-46a0-9798-db3d3f9d2881,74b23a8e-ccad-453a-a0bd-2af02cb0a30b,1759834378657791231,940.817,638.219,1,33,,8.194235384501901,-1.6715658345953879
d01ea4c3-1912-46a0-9798-db3d3f9d2881,74b23a8e-ccad-453a-a0bd-2af02cb0a30b,1759834378662774231,942.008,630.734,1,33,,8.27005243125718,-1.1892646070333694
d01ea4c3-1912-46a0-9798-db3d3f9d2881,74b23a8e-ccad-453a-a0bd-2af02cb0a30b,1759834378667774231,939.878,629.44,1,33,,8.132522429253806,-1.1061102427355134
d01ea4c3-1912-46a0-9798-db3d3f9d2881,74b23a8e-ccad-453a-a0bd-2af02cb0a30b,1759834378672777231,941.774,628.778,1,33,,8.254713408401255,-1.0632958787210378
d01ea4c3-1912-46a0-9798-db3d3f9d2881,74b23a8e-ccad-453a-a0bd-2af02cb0a30b,1759834378677774231,941.546,627.283,1,33,,8.239876609338035,-0.9670334302984785
d01ea4c3-1912-46a0-9798-db3d3f9d2881,74b23a8e-ccad-453a-a0bd-2af02cb0a30b,1759834378682777231,941.921,627.571,1,33,,8.264069141821903,-0.9855423440619558
d01ea4c3-1912-46a0-9798-db3d3f9d2881,74b23a8e-ccad-453a-a0bd-2af02cb0a30b,1759834378687775231,941.506,626.203,1,33,,8.237238263532369,-0.8974212228483379
d01ea4c3-1912-46a0-9798-db3d3f9d2881,74b23a8e-ccad-453a-a0bd-2af02cb0a30b,1759834378692775231,934.035,629.65,1,33,,7.755552854567928,-1.1200083352329062
d01ea4c3-1912-46a0-9798-db3d3f9d2881,74b23a8e-ccad-453a-a0bd-2af02cb0a30b,1759834378697775231,934.98,627.285,1,33,,7.8163070483696595,-0.967591572600368
d01ea4c3-1912-46a0-9798-db3d3f9d2881,74b23a8e-ccad-453a-a0bd-2af02cb0a30b,1759834378702775231,938.637,626.454,1,33,,8.05215085176627,-0.9137648090265037
d01ea4c3-1912-46a0-9798-db3d3f9d2881,74b23a8e-ccad-453a-a0bd-2af02cb0a30b,1759834378707775231,938.056,628.878,1,33,,8.014869818489986,-1.070033121115866
d01ea4c3-1912-46a0-9798-db3d3f9d2881,74b23a8e-ccad-453a-a0bd-2af02cb0a30b,1759834378712775231,935.971,628.401,1,33,,7.880304849112593,-1.03941054924399
d01ea4c3-1912-46a0-9798-db3d3f9d2881,74b23a8e-ccad-453a-a0bd-2af02cb0a30b,1759834378717775231,936.091,632.491,1,33,,7.888527792516921,-1.3029605350463636
d01ea4c3-1912-46a0-9798-db3d3f9d2881,74b23a8e-ccad-453a-a0bd-2af02cb0a30b,1759834378722775231,935.768,631.482,1,33,,7.867531664908355,-1.2379468746477993
d01ea4c3-1912-46a0-9798-db3d3f9d2881,74b23a8e-ccad-453a-a0bd-2af02cb0a30b,1759834378727775231,939.1,629.715,1,33,,8.082347510323917,-1.1238549059441871
d01ea4c3-1912-46a0-9798-db3d3f9d2881,74b23a8e-ccad-453a-a0bd-2af02cb0a30b,1759834378732900231,938.01,632.833,1,33,,8.012328974545623,-1.3248160427655389
d01ea4c3-1912-46a0-9798-db3d3f9d2881,74b23a8e-ccad-453a-a0bd-2af02cb0a30b,1759834378737900231,937.466,633.268,1,33,,7.977330753898125,-1.3529143423495888
d01ea4c3-1912-46a0-9798-db3d3f9d2881,74b23a8e-ccad-453a-a0bd-2af02cb0a30b,1759834378742900231,934.639,632.261,1,33,,7.794759722833378,-1.2882847758145282
d01ea4c3-1912-46a0-9798-db3d3f9d2881,74b23a8e-ccad-453a-a0bd-2af02cb0a30b,1759834378747900231,935.987,629.43,1,33,,7.88145587981105,-1.105716840668783
d01ea4c3-1912-46a0-9798-db3d3f9d2881,74b23a8e-ccad-453a-a0bd-2af02cb0a30b,1759834378752900231,936.052,627.476,1,33,,7.88546181882927,-0.9797720274626692
d01ea4c3-1912-46a0-9798-db3d3f9d2881,74b23a8e-ccad-453a-a0bd-2af02cb0a30b,1759834378757900231,930.407,628.94,1,33,,7.521385363652443,-1.074498698082107
d01ea4c3-1912-46a0-9798-db3d3f9d2881,74b23a8e-ccad-453a-a0bd-2af02cb0a30b,1759834378762900231,941.395,631.951,1,33,,8.230605030854788,-1.267691259280957
d01ea4c3-1912-46a0-9798-db3d3f9d2881,74b23a8e-ccad-453a-a0bd-2af02cb0a30b,1759834378767908231,940.081,630.567,1,33,,8.145695649933845,-1.1786959949096234
d01ea4c3-1912-46a0-9798-db3d3f9d2881,74b23a8e-ccad-453a-a0bd-2af02cb0a30b,1759834378772900231,940.544,631.603,1,33,,8.175663272726318,-1.2453716185183115
d01ea4c3-1912-46a0-9798-db3d3f9d2881,74b23a8e-ccad-453a-a0bd-2af02cb0a30b,1759834378777900231,941.366,626.2,1,33,,8.228186504964823,-0.8972646462759543
d01ea4c3-1912-46a0-9798-db3d3f9d2881,74b23a8e-ccad-453a-a0bd-2af02cb0a30b,1759834378782900231,940.883,628.145,1,33,,8.197171230602233,-1.0225788448225634
d01ea4c3-1912-46a0-9798-db3d3f9d2881,74b23a8e-ccad-453a-a0bd-2af02cb0a30b,1759834378787901231,937.813,625.716,1,33,,7.998961185368426,-0.8663043427820805
d01ea4c3-1912-46a0-9798-db3d3f9d2881,74b23a8e-ccad-453a-a0bd-2af02cb0a30b,1759834378792901231,937.756,625.211,1,33,,7.995244638515432,-0.8337332308812115
d01ea4c3-1912-46a0-9798-db3d3f9d2881,74b23a8e-ccad-453a-a0bd-2af02cb0a30b,1759834378797901231,935.116,624.926,1,33,,7.824901223134243,-0.8155406086248225
d01ea4c3-1912-46a0-9798-db3d3f9d2881,74b23a8e-ccad-453a-a0bd-2af02cb0a30b,1759834378802904231,941.362,635.668,1,33,,8.229011081770475,-1.507163695366488
d01ea4c3-1912-46a0-9798-db3d3f9d2881,74b23a8e-ccad-453a-a0bd-2af02cb0a30b,1759834378807901231,936.698,632.079,1,33,,7.927608265890947,-1.2763314706537037
d01ea4c3-1912-46a0-9798-db3d3f9d2881,74b23a8e-ccad-453a-a0bd-2af02cb0a30b,1759834378812901231,933.135,632.456,1,33,,7.697748422533273,-1.300940250166704
d01ea4c3-1912-46a0-9798-db3d3f9d2881,74b23a8e-ccad-453a-a0bd-2af02cb0a30b,1759834378817901231,933.411,632.513,1,33,,7.715576586795498,-1.3046230734522573
d01ea4c3-1912-46a0-9798-db3d3f9d2881,74b23a8e-ccad-453a-a0bd-2af02cb0a30b,1759834378822901231,932.847,632.851,1,33,,7.679220265361463,-1.3264426624457215
d01ea4c3-1912-46a0-9798-db3d3f9d2881,74b23a8e-ccad-453a-a0bd-2af02cb0a30b,1759834378827901231,937.239,631.159,1,33,,7.96241736731935,-1.2170170633424378
d01ea4c3-1912-46a0-9798-db3d3f9d2881,74b23a8e-ccad-453a-a0bd-2af02cb0a30b,1759834378832901231,935.943,631.199,1,33,,7.87880280306506,-1.2197190622791498
d01ea4c3-1912-46a0-9798-db3d3f9d2881,74b23a8e-ccad-453a-a0bd-2af02cb0a30b,1759834378837905231,936.392,629.081,1,,,7.907569318558196,-1.0831912928579621
d01ea4c3-1912-46a0-9798-db3d3f9d2881,74b23a8e-ccad-453a-a0bd-2af02cb0a30b,1759834378842901231,936.212,630.308,1,,,7.896069391672111,-1.1622609074651333
d01ea4c3-1912-46a0-9798-db3d3f9d2881,74b23a8e-ccad-453a-a0bd-2af02cb0a30b,1759834378847901231,937.138,627.349,1,,,7.955500402669183,-0.9715300779844753
d01ea4c3-1912-46a0-9798-db3d3f9d2881,74b23a8e-ccad-453a-a0bd-2af02cb0a30b,1759834378852901231,939.628,633.053,1,,,8.116771157884436,-1.3388381962504181
d01ea4c3-1912-46a0-9798-db3d3f9d2881,74b23a8e-ccad-453a-a0bd-2af02cb0a30b,1759834378857910231,968.223,642.539,1,,,9.96248233362358,-1.945928413137513
d01ea4c3-1912-46a0-9798-db3d3f9d2881,74b23a8e-ccad-453a-a0bd-2af02cb0a30b,1759834378862901231,990.229,645.197,1,,,11.38124352948178,-2.1128101244954087
d01ea4c3-1912-46a0-9798-db3d3f9d2881,74b23a8e-ccad-453a-a0bd-2af02cb0a30b,1759834378868026231,993.672,631.776,1,,,11.599957047199851,-1.2511599607188446
d01ea4c3-1912-46a0-9798-db3d3f9d2881,74b23a8e-ccad-453a-a0bd-2af02cb0a30b,1759834378873026231,996.372,630.277,1,,,11.773581874438174,-1.1547484429384343
d01ea4c3-1912-46a0-9798-db3d3f9d2881,74b23a8e-ccad-453a-a0bd-2af02cb0a30b,1759834378878029231,999.658,632.275,1,34,,11.98543006568881,-1.2824958830928412
d01ea4c3-1912-46a0-9798-db3d3f9d2881,74b23a8e-ccad-453a-a0bd-2af02cb0a30b,1759834378883028231,999.625,630.08,1,34,,11.98294894873353,-1.141721842696287
d01ea4c3-1912-46a0-9798-db3d3f9d2881,74b23a8e-ccad-453a-a0bd-2af02cb0a30b,1759834378888026231,998.379,630.789,1,34,,11.902818802930593,-1.18733532925663
d01ea4c3-1912-46a0-9798-db3d3f9d2881,74b23a8e-ccad-453a-a0bd-2af02cb0a30b,1759834378893029231,996.157,630.226,1,34,,11.759722039684418,-1.1515030922058769
d01ea4c3-1912-46a0-9798-db3d3f9d2881,74b23a8e-ccad-453a-a0bd-2af02cb0a30b,1759834378898036231,995.852,633.108,1,34,,11.740551795925105,-1.3363468712664528
d01ea4c3-1912-46a0-9798-db3d3f9d2881,74b23a8e-ccad-453a-a0bd-2af02cb0a30b,1759834378903027231,996.73,634.96,1,34,,11.797412317461811,-1.4550541960068177
d01ea4c3-1912-46a0-9798-db3d3f9d2881,74b23a8e-ccad-453a-a0bd-2af02cb0a30b,1759834378908027231,998.109,635.288,1,34,,11.886288876399924,-1.4758906061510195
d01ea4c3-1912-46a0-9798-db3d3f9d2881,74b23a8e-ccad-453a-a0bd-2af02cb0a30b,1759834378913027231,1000.513,635.974,1,34,,12.041211682242828,-1.519504481913185
d01ea4c3-1912-46a0-9798-db3d3f9d2881,74b23a8e-ccad-453a-a0bd-2af02cb0a30b,1759834378918027231,1001.803,638.021,1,34,,12.124695388602472,-1.6505255579428395
d01ea4c3-1912-46a0-9798-db3d3f9d2881,74b23a8e-ccad-453a-a0bd-2af02cb0a30b,1759834378923027231,1002.173,638.276,1,34,,12.148561958696053,-1.6668402604310273
d01ea4c3-1912-46a0-9798-db3d3f9d2881,74b23a8e-ccad-453a-a0bd-2af02cb0a30b,1759834378928027231,1001.114,636.865,1,34,,12.0801096839543,-1.576572188340513
d01ea4c3-1912-46a0-9798-db3d3f9d2881,74b23a8e-ccad-453a-a0bd-2af02cb0a30b,1759834378933027231,999.305,642.715,1,34,,11.965093692550788,-1.9519103567301617
d01ea4c3-1912-46a0-9798-db3d3f9d2881,74b23a8e-ccad-453a-a0bd-2af02cb0a30b,1759834378938027231,997.82,642.282,1,34,,11.869306414697084,-1.9244070860145936
d01ea4c3-1912-46a0-9798-db3d3f9d2881,74b23a8e-ccad-453a-a0bd-2af02cb0a30b,1759834378943027231,1000.175,647.54,1,34,,12.022522098863433,-2.261105035644163
d01ea4c3-1912-46a0-9798-db3d3f9d2881,74b23a8e-ccad-453a-a0bd-2af02cb0a30b,1759834378948027231,996.25,645.188,1,34,,11.76902099906623,-2.1110919144625706
d01ea4c3-1912-46a0-9798-db3d3f9d2881,74b23a8e-ccad-453a-a0bd-2af02cb0a30b,1759834378953029231,995.349,646.441,1,34,,11.711369445887778,-2.1916020263797518
d01ea4c3-1912-46a0-9798-db3d3f9d2881,74b23a8e-ccad-453a-a0bd-2af02cb0a30b,1759834378958027231,999.46,645.392,1,34,,11.97584193427856,-2.1235371534202243
d01ea4c3-1912-46a0-9798-db3d3f9d2881,74b23a8e-ccad-453a-a0bd-2af02cb0a30b,1759834378963027231,1000.016,644.88,1,34,,12.011478629666898,-2.090602809878148
d01ea4c3-1912-46a0-9798-db3d3f9d2881,74b23a8e-ccad-453a-a0bd-2af02cb0a30b,1759834378968027231,993.129,640.356,1,34,,11.566774964694611,-1.801736025684197
d01ea4c3-1912-46a0-9798-db3d3f9d2881,74b23a8e-ccad-453a-a0bd-2af02cb0a30b,1759834378973027231,993.841,640.68,1,34,,11.612717161452037,-1.8223496761291353
d01ea4c3-1912-46a0-9798-db3d3f9d2881,74b23a8e-ccad-453a-a0bd-2af02cb0a30b,1759834378978027231,996.683,639.97,1,34,,11.79550616515807,-1.7763324823855087
d01ea4c3-1912-46a0-9798-db3d3f9d2881,74b23a8e-ccad-453a-a0bd-2af02cb0a30b,1759834378983029231,1001.78,640.361,1,34,,12.123787057427812,-1.800576202963652
d01ea4c3-1912-46a0-9798-db3d3f9d2881,74b23a8e-ccad-453a-a0bd-2af02cb0a30b,1759834378988041231,1002.022,639.898,1,34,,12.139293127169822,-1.7708190336468195
d01ea4c3-1912-46a0-9798-db3d3f9d2881,74b23a8e-ccad-453a-a0bd-2af02cb0a30b,1759834378993032231,1000.994,639.621,1,34,,12.072985760064107,-1.7532805975409458
d01ea4c3-1912-46a0-9798-db3d3f9d2881,74b23a8e-ccad-453a-a0bd-2af02cb0a30b,1759834378998028231,1004.105,637.772,1,34,,12.272812233118996,-1.6342407658160147
d01ea4c3-1912-46a0-9798-db3d3f9d2881,74b23a8e-ccad-453a-a0bd-2af02cb0a30b,1759834379003156231,1000.874,645.784,1,34,,12.067006139280796,-2.1483480336686274
d01ea4c3-1912-46a0-9798-db3d3f9d2881,74b23a8e-ccad-453a-a0bd-2af02cb0a30b,1759834379008155231,1001.166,645.572,1,34,,12.085734425917238,-2.1347310163231277
d01ea4c3-1912-46a0-9798-db3d3f9d2881,74b23a8e-ccad-453a-a0bd-2af02cb0a30b,1759834379013153231,1000.562,638.511,1,34,,12.044943570809345,-1.6821633934746005
d01ea4c3-1912-46a0-9798-db3d3f9d2881,74b23a8e-ccad-453a-a0bd-2af02cb0a30b,1759834379018160231,1001.305,639.06,1,34,,12.09288379288414,-1.7172153893095876
d01ea4c3-1912-46a0-9798-db3d3f9d2881,74b23a8e-ccad-453a-a0bd-2af02cb0a30b,1759834379023162231,1002.097,639.045,1,34,,12.143863568358038,-1.7161573465442843
d01ea4c3-1912-46a0-9798-db3d3f9d2881,74b23a8e-ccad-453a-a0bd-2af02cb0a30b,1759834379028153231,1004.69,639.407,1,34,,12.31088698316089,-1.738936672722248
d01ea4c3-1912-46a0-9798-db3d3f9d2881,74b23a8e-ccad-453a-a0bd-2af02cb0a30b,1759834379033155231,1006.203,640.13,1,34,,12.408438035335617,-1.7849763691308738
d01ea4c3-1912-46a0-9798-db3d3f9d2881,74b23a8e-ccad-453a-a0bd-2af02cb0a30b,1759834379038168231,1004.247,637.781,1,34,,12.281995913311544,-1.6347577989162976
d01ea4c3-1912-46a0-9798-db3d3f9d2881,74b23a8e-ccad-453a-a0bd-2af02cb0a30b,1759834379043153231,1005.753,636.324,1,34,,12.378585346678433,-1.5411500592258451
d01ea4c3-1912-46a0-9798-db3d3f9d2881,74b23a8e-ccad-453a-a0bd-2af02cb0a30b,1759834379048153231,1005.862,635.63,1,34,,12.385424849818833,-1.496667919649305
d01ea4c3-1912-46a0-9798-db3d3f9d2881,74b23a8e-ccad-453a-a0bd-2af02cb0a30b,1759834379053159231,1007.297,633.31,1,34,,12.477349798423319,-1.3478399006362287
d01ea4c3-1912-46a0-9798-db3d3f9d2881,74b23a8e-ccad-453a-a0bd-2af02cb0a30b,1759834379058158231,1005.002,632.466,1,34,,12.329445573609298,-1.2940729815714662
d01ea4c3-1912-46a0-9798-db3d3f9d2881,74b23a8e-ccad-453a-a0bd-2af02cb0a30b,1759834379063153231,998.923,634.41,1,,,11.938551558578087,-1.4194462261789234
d01ea4c3-1912-46a0-9798-db3d3f9d2881,74b23a8e-ccad-453a-a0bd-2af02cb0a30b,1759834379068153231,994.029,633.249,1,,,11.62323010687936,-1.3456547936904453
d01ea4c3-1912-46a0-9798-db3d3f9d2881,74b23a8e-ccad-453a-a0bd-2af02cb0a30b,1759834379073162231,995.281,630.165,1,,,11.703290477342014,-1.147640043404456
d01ea4c3-1912-46a0-9798-db3d3f9d2881,74b23a8e-ccad-453a-a0bd-2af02cb0a30b,1759834379078153231,996.434,650.361,1,,,11.782505991254839,-2.442806558846385
d01ea4c3-1912-46a0-9798-db3d3f9d2881,74b23a8e-ccad-453a-a0bd-2af02cb0a30b,1759834379083153231,992.203,671.87,1,,,11.519117580688107,-3.8234393037663827
d01ea4c3-1912-46a0-9798-db3d3f9d2881,74b23a8e-ccad-453a-a0bd-2af02cb0a30b,1759834379088153231,979.203,715.606,1,,,10.709813071167487,-6.634975583934557
d01ea4c3-1912-46a0-9798-db3d3f9d2881,74b23a8e-ccad-453a-a0bd-2af02cb0a30b,1759834379093153231,960.441,724.839,1,,,9.503069233090377,-7.238021788741297
d01ea4c3-1912-46a0-9798-db3d3f9d2881,74b23a8e-ccad-453a-a0bd-2af02cb0a30b,1759834379098156231,948.061,749.825,1,,,8.721804719871596,-8.850271793962959
d01ea4c3-1912-46a0-9798-db3d3f9d2881,74b23a8e-ccad-453a-a0bd-2af02cb0a30b,1759834379103159231,928.438,778.146,1,,,7.471387538923815,-10.682302225858251
d01ea4c3-1912-46a0-9798-db3d3f9d2881,74b23a8e-ccad-453a-a0bd-2af02cb0a30b,1759834379108154231,930.665,800.313,1,,,7.6398703520203854,-12.104885342585815
d01ea4c3-1912-46a0-9798-db3d3f9d2881,74b23a8e-ccad-453a-a0bd-2af02cb0a30b,1759834379113153231,902.932,822.307,1,,,5.844770960153492,-13.536364047405032
d01ea4c3-1912-46a0-9798-db3d3f9d2881,74b23a8e-ccad-453a-a0bd-2af02cb0a30b,1759834379118154231,907.105,844.804,1,,,6.1429847400932225,-14.978484884902532
d01ea4c3-1912-46a0-9798-db3d3f9d2881,74b23a8e-ccad-453a-a0bd-2af02cb0a30b,1759834379123154231,892.738,882.95,1,,,5.235066577886836,-17.436655676731686
d01ea4c3-1912-46a0-9798-db3d3f9d2881,74b23a8e-ccad-453a-a0bd-2af02cb0a30b,1759834379128154231,900.123,908.831,1,,,5.760365157067702,-19.090546109681803
d01ea4c3-1912-46a0-9798-db3d3f9d2881,74b23a8e-ccad-453a-a0bd-2af02cb0a30b,1759834379133154231,895.97,943.914,1,,,5.5326611547811595,-21.342076215078432
d01ea4c3-1912-46a0-9798-db3d3f9d2881,74b23a8e-ccad-453a-a0bd-2af02cb0a30b,1759834379138279231,891.118,966.017,1,,,5.238341887692351,-22.762242077522846
d01ea4c3-1912-46a0-9798-db3d3f9d2881,74b23a8e-ccad-453a-a0bd-2af02cb0a30b,1759834379143279231,898.791,972.329,1,,,5.770885674917963,-23.15941575259734
d01ea4c3-1912-46a0-9798-db3d3f9d2881,74b23a8e-ccad-453a-a0bd-2af02cb0a30b,1759834379148279231,880.131,1005.898,1,,,4.549139318481779,-25.327274523597325
d01ea4c3-1912-46a0-9798-db3d3f9d2881,74b23a8e-ccad-453a-a0bd-2af02cb0a30b,1759834379153279231,859.756,999.442,1,,,3.1384302053129938,-24.92784328593741
d01ea4c3-1912-46a0-9798-db3d3f9d2881,74b23a8e-ccad-453a-a0bd-2af02cb0a30b,1759834379158282231,863.695,996.822,1,,,3.4063101958887407,-24.75742441790934
d01ea4c3-1912-46a0-9798-db3d3f9d2881,74b23a8e-ccad-453a-a0bd-2af02cb0a30b,1759834379163279231,871.187,966.791,1,,,3.884116175150554,-22.827264038308904
d01ea4c3-1912-46a0-9798-db3d3f9d2881,74b23a8e-ccad-453a-a0bd-2af02cb0a30b,1759834379168279231,871.019,968.754,1,,,3.8749703499219383,-22.95324759070315
d01ea4c3-1912-46a0-9798-db3d3f9d2881,74b23a8e-ccad-453a-a0bd-2af02cb0a30b,1759834379173279231,870.62,970.366,1,,,3.8497032535562856,-23.05686219657063
d01ea4c3-1912-46a0-9798-db3d3f9d2881,74b23a8e-ccad-453a-a0bd-2af02cb0a30b,1759834379178287231,873.177,970.917,1,35,,4.024496411089182,-23.090390843495726
d01ea4c3-1912-46a0-9798-db3d3f9d2881,74b23a8e-ccad-453a-a0bd-2af02cb0a30b,1759834379183279231,867.698,957.216,1,35,,3.636615498592876,-22.215708575020617
d01ea4c3-1912-46a0-9798-db3d3f9d2881,74b23a8e-ccad-453a-a0bd-2af02cb0a30b,1759834379188279231,867.607,954.463,1,35,,3.6275958649143507,-22.039239029701022
d01ea4c3-1912-46a0-9798-db3d3f9d2881,74b23a8e-ccad-453a-a0bd-2af02cb0a30b,1759834379193279231,868.265,956.366,1,35,,3.67414320813211,-22.160884903667434
d01ea4c3-1912-46a0-9798-db3d3f9d2881,74b23a8e-ccad-453a-a0bd-2af02cb0a30b,1759834379198279231,862.433,966.997,1,35,,3.2888603710083526,-22.84589965411323
d01ea4c3-1912-46a0-9798-db3d3f9d2881,74b23a8e-ccad-453a-a0bd-2af02cb0a30b,1759834379203282231,866.868,967.384,1,35,,3.5909678612477713,-22.86808944738157
d01ea4c3-1912-46a0-9798-db3d3f9d2881,74b23a8e-ccad-453a-a0bd-2af02cb0a30b,1759834379208283231,873.921,968.475,1,35,,4.072132303941333,-22.93335370185968
d01ea4c3-1912-46a0-9798-db3d3f9d2881,74b23a8e-ccad-453a-a0bd-2af02cb0a30b,1759834379213279231,874.302,964.609,1,35,,4.093330225607659,-22.685292364723974
d01ea4c3-1912-46a0-9798-db3d3f9d2881,74b23a8e-ccad-453a-a0bd-2af02cb0a30b,1759834379218279231,881.584,959.274,1,35,,4.581030636419955,-22.338038421280178
d01ea4c3-1912-46a0-9798-db3d3f9d2881,74b23a8e-ccad-453a-a0bd-2af02cb0a30b,1759834379223283231,882.943,961.045,1,35,,4.675648949105984,-22.45052244698138
d01ea4c3-1912-46a0-9798-db3d3f9d2881,74b23a8e-ccad-453a-a0bd-2af02cb0a30b,1759834379228280231,882.388,960.142,1,35,,4.636754174784704,-22.39306110470269
d01ea4c3-1912-46a0-9798-db3d3f9d2881,74b23a8e-ccad-453a-a0bd-2af02cb0a30b,1759834379233280231,885.607,961.305,1,35,,4.856894814893667,-22.46505868606361
d01ea4c3-1912-46a0-9798-db3d3f9d2881,74b23a8e-ccad-453a-a0bd-2af02cb0a30b,1759834379238283231,880.777,967.633,1,35,,4.537514315889971,-22.87435120649103
d01ea4c3-1912-46a0-9798-db3d3f9d2881,74b23a8e-ccad-453a-a0bd-2af02cb0a30b,1759834379243280231,882.918,967.003,1,35,,4.682258558671782,-22.832327709633205
d01ea4c3-1912-46a0-9798-db3d3f9d2881,74b23a8e-ccad-453a-a0bd-2af02cb0a30b,1759834379248280231,873.791,965.862,1,35,,4.060093034792839,-22.765965153852026
d01ea4c3-1912-46a0-9798-db3d3f9d2881,74b23a8e-ccad-453a-a0bd-2af02cb0a30b,1759834379253280231,872.181,965.44,1,35,,3.950159666665725,-22.74003144325722
d01ea4c3-1912-46a0-9798-db3d3f9d2881,74b23a8e-ccad-453a-a0bd-2af02cb0a30b,1759834379258289231,877.333,960.553,1,35,,4.294223256708491,-22.423213091888844
d01ea4c3-1912-46a0-9798-db3d3f9d2881,74b23a8e-ccad-453a-a0bd-2af02cb0a30b,1759834379263288231,889.253,949.041,1,35,,5.086344744442166,-21.67623461789503
d01ea4c3-1912-46a0-9798-db3d3f9d2881,74b23a8e-ccad-453a-a0bd-2af02cb0a30b,1759834379268280231,880.946,955.137,1,35,,4.532350308849636,-22.073442573616802
d01ea4c3-1912-46a0-9798-db3d3f9d2881,74b23a8e-ccad-453a-a0bd-2af02cb0a30b,1759834379273408231,878.926,956.218,1,35,,4.396796671319329,-22.144201717533992
d01ea4c3-1912-46a0-9798-db3d3f9d2881,74b23a8e-ccad-453a-a0bd-2af02cb0a30b,1759834379278405231,878.82,956.642,1,,,4.390142790862118,-22.171478473599045
d01ea4c3-1912-46a0-9798-db3d3f9d2881,74b23a8e-ccad-453a-a0bd-2af02cb0a30b,1759834379283405231,878.496,955.547,1,,,4.36681698882239,-22.101528286664003
d01ea4c3-1912-46a0-9798-db3d3f9d2881,74b23a8e-ccad-453a-a0bd-2af02cb0a30b,1759834379288405231,877.264,953.991,1,,,4.281377022033853,-22.002639980328077
d01ea4c3-1912-46a0-9798-db3d3f9d2881,74b23a8e-ccad-453a-a0bd-2af02cb0a30b,1759834379293405231,881.218,955.569,1,,,4.55133328142273,-22.100896426943162
d01ea4c3-1912-46a0-9798-db3d3f9d2881,74b23a8e-ccad-453a-a0bd-2af02cb0a30b,1759834379298405231,863.505,979.726,1,,,3.3748068173199885,-23.66137505957316
d01ea4c3-1912-46a0-9798-db3d3f9d2881,74b23a8e-ccad-453a-a0bd-2af02cb0a30b,1759834379303405231,854.616,986.233,1,,,2.7731830936968347,-24.083558746274054
d01ea4c3-1912-46a0-9798-db3d3f9d2881,74b23a8e-ccad-453a-a0bd-2af02cb0a30b,1759834379308405231,848.242,980.173,1,,,2.332440772900804,-23.69791421313482
d01ea4c3-1912-46a0-9798-db3d3f9d2881,74b23a8e-ccad-453a-a0bd-2af02cb0a30b,1759834379313405231,837.992,974.582,1,,,1.6293985932527575,-23.343086834873265
d01ea4c3-1912-46a0-9798-db3d3f9d2881,74b23a8e-ccad-453a-a0bd-2af02cb0a30b,1759834379318406231,831.624,969.961,1,,,1.1934574569184169,-23.04836974719628
d01ea4c3-1912-46a0-9798-db3d3f9d2881,74b23a8e-ccad-453a-a0bd-2af02cb0a30b,1759834379323406231,821.435,957.683,1,,,0.4980100611699298,-22.262450429640023
d01ea4c3-1912-46a0-9798-db3d3f9d2881,74b23a8e-ccad-453a-a0bd-2af02cb0a30b,1759834379328407231,822.77,957.152,1,36,,0.5885484921833924,-22.228250171707415
d01ea4c3-1912-46a0-9798-db3d3f9d2881,74b23a8e-ccad-453a-a0bd-2af02cb0a30b,1759834379333406231,825.621,948.955,1,36,,0.7804260824029632,-21.701939647082533
d01ea4c3-1912-46a0-9798-db3d3f9d2881,74b23a8e-ccad-453a-a0bd-2af02cb0a30b,1759834379338406231,831.547,957.315,1,36,,1.1841774119035662,-22.237191008780037
d01ea4c3-1912-46a0-9798-db3d3f9d2881,74b23a8e-ccad-453a-a0bd-2af02cb0a30b,1759834379343406231,828.029,956.982,1,36,,0.94532893262413,-22.216526081698877
d01ea4c3-1912-46a0-9798-db3d3f9d2881,74b23a8e-ccad-453a-a0bd-2af02cb0a30b,1759834379348406231,838.021,969.175,1,36,,1.6288359846258382,-22.996238477617844
d01ea4c3-1912-46a0-9798-db3d3f9d2881,74b23a8e-ccad-453a-a0bd-2af02cb0a30b,1759834379353406231,839.138,963.579,1,36,,1.7021708658950596,-22.63696785121032
d01ea4c3-1912-46a0-9798-db3d3f9d2881,74b23a8e-ccad-453a-a0bd-2af02cb0a30b,1759834379358406231,837.546,962.089,1,36,,1.5932984494122904,-22.541864293489287
d01ea4c3-1912-46a0-9798-db3d3f9d2881,74b23a8e-ccad-453a-a0bd-2af02cb0a30b,1759834379363406231,835.852,962.917,1,36,,1.47854725944786,-22.595472443373662
d01ea4c3-1912-46a0-9798-db3d3f9d2881,74b23a8e-ccad-453a-a0bd-2af02cb0a30b,1759834379368409231,838.747,961.705,1,36,,1.6747176171129725,-22.516897320710157
d01ea4c3-1912-46a0-9798-db3d3f9d2881,74b23a8e-ccad-453a-a0bd-2af02cb0a30b,1759834379373406231,838.921,946.428,1,36,,1.6796035235166085,-21.53682525347718
d01ea4c3-1912-46a0-9798-db3d3f9d2881,74b23a8e-ccad-453a-a0bd-2af02cb0a30b,1759834379378406231,842.069,948.209,1,36,,1.8934196669077685,-21.650122309312557
d01ea4c3-1912-46a0-9798-db3d3f9d2881,74b23a8e-ccad-453a-a0bd-2af02cb0a30b,1759834379383406231,836.094,960.216,1,36,,1.493849922526755,-22.422138279567395
d01ea4c3-1912-46a0-9798-db3d3f9d2881,74b23a8e-ccad-453a-a0bd-2af02cb0a30b,1759834379388417231,839.918,953.986,1,36,,1.7505398389907074,-22.021372401439788
d01ea4c3-1912-46a0-9798-db3d3f9d2881,74b23a8e-ccad-453a-a0bd-2af02cb0a30b,1759834379393406231,838.77,955.404,1,36,,1.6733969968166924,-22.112712437909693
d01ea4c3-1912-46a0-9798-db3d3f9d2881,74b23a8e-ccad-453a-a0bd-2af02cb0a30b,1759834379398406231,838.195,955.552,1,36,,1.6344401965876034,-22.122354028183256
d01ea4c3-1912-46a0-9798-db3d3f9d2881,74b23a8e-ccad-453a-a0bd-2af02cb0a30b,1759834379403409231,840.271,959.255,1,36,,1.7770307936172105,-22.359235049759434
d01ea4c3-1912-46a0-9798-db3d3f9d2881,74b23a8e-ccad-453a-a0bd-2af02cb0a30b,1759834379408407231,835.943,960.12,1,36,,1.4835766795305987,-22.41602129229512
d01ea4c3-1912-46a0-9798-db3d3f9d2881,74b23a8e-ccad-453a-a0bd-2af02cb0a30b,1759834379413531231,835.396,965.159,1,36,,1.4484163373791012,-22.739377976549623
d01ea4c3-1912-46a0-9798-db3d3f9d2881,74b23a8e-ccad-453a-a0bd-2af02cb0a30b,1759834379418531231,829.494,961.3,1,36,,1.0459014560930668,-22.4932587359412
d01ea4c3-1912-46a0-9798-db3d3f9d2881,74b23a8e-ccad-453a-a0bd-2af02cb0a30b,1759834379423532231,829.045,953.996,1,36,,1.0134908334090347,-22.02477082019728
d01ea4c3-1912-46a0-9798-db3d3f9d2881,74b23a8e-ccad-453a-a0bd-2af02cb0a30b,1759834379428531231,825.979,959.833,1,36,,0.8068028398803743,-22.399805703791674
d01ea4c3-1912-46a0-9798-db3d3f9d2881,74b23a8e-ccad-453a-a0bd-2af02cb0a30b,1759834379433532231,830.466,959.193,1,36,,1.111340705877358,-22.357867264891564
d01ea4c3-1912-46a0-9798-db3d3f9d2881,74b23a8e-ccad-453a-a0bd-2af02cb0a30b,1759834379438532231,837.271,954.359,1,36,,1.5712734880389023,-22.046072366188053
d01ea4c3-1912-46a0-9798-db3d3f9d2881,74b23a8e-ccad-453a-a0bd-2af02cb0a30b,1759834379443532231,836.317,954.592,1,36,,1.506702992377609,-22.06133306695105
d01ea4c3-1912-46a0-9798-db3d3f9d2881,74b23a8e-ccad-453a-a0bd-2af02cb0a30b,1759834379448533231,833.557,954.694,1,36,,1.3195991911443636,-22.068536221204145
d01ea4c3-1912-46a0-9798-db3d3f9d2881,74b23a8e-ccad-453a-a0bd-2af02cb0a30b,1759834379453532231,821.966,948.926,1,36,,0.5329745432110651,-21.70056899145213
d01ea4c3-1912-46a0-9798-db3d3f9d2881,74b23a8e-ccad-453a-a0bd-2af02cb0a30b,1759834379458532231,825.132,953.742,1,36,,0.748185324047878,-22.009119664831136
d01ea4c3-1912-46a0-9798-db3d3f9d2881,74b23a8e-ccad-453a-a0bd-2af02cb0a30b,1759834379463544231,823.047,957.702,1,36,,0.6074128602860569,-22.26348720644951
d01ea4c3-1912-46a0-9798-db3d3f9d2881,74b23a8e-ccad-453a-a0bd-2af02cb0a30b,1759834379468532231,818.213,962.923,1,36,,0.27957191139984305,-22.598957607216338
d01ea4c3-1912-46a0-9798-db3d3f9d2881,74b23a8e-ccad-453a-a0bd-2af02cb0a30b,1759834379473532231,818.912,967.38,1,36,,0.327324343693254,-22.88481987784987
d01ea4c3-1912-46a0-9798-db3d3f9d2881,74b23a8e-ccad-453a-a0bd-2af02cb0a30b,1759834379478532231,828.519,957.554,1,36,,0.9787566966468226,-22.25311108378552
d01ea4c3-1912-46a0-9798-db3d3f9d2881,74b23a8e-ccad-453a-a0bd-2af02cb0a30b,1759834379483542231,818.048,954.637,1,36,,0.268008291701005,-22.06739958670684
d01ea4c3-1912-46a0-9798-db3d3f9d2881,74b23a8e-ccad-453a-a0bd-2af02cb0a30b,1759834379488532231,817.31,954.966,1,36,,0.21794588295284673,-22.08854422392383
d01ea4c3-1912-46a0-9798-db3d3f9d2881,74b23a8e-ccad-453a-a0bd-2af02cb0a30b,1759834379493541231,824.266,956.746,1,36,,0.6899648963898786,-22.2020066968385
d01ea4c3-1912-46a0-9798-db3d3f9d2881,74b23a8e-ccad-453a-a0bd-2af02cb0a30b,1759834379498535231,827.134,959.863,1,36,,0.8852602699270791,-22.401484464800685
d01ea4c3-1912-46a0-9798-db3d3f9d2881,74b23a8e-ccad-453a-a0bd-2af02cb0a30b,1759834379503532231,831.302,957.159,1,36,,1.1674634029624973,-22.227217894961655
d01ea4c3-1912-46a0-9798-db3d3f9d2881,74b23a8e-ccad-453a-a0bd-2af02cb0a30b,1759834379508532231,837.786,958.245,1,36,,1.607926470692317,-22.295198079230765
d01ea4c3-1912-46a0-9798-db3d3f9d2881,74b23a8e-ccad-453a-a0bd-2af02cb0a30b,1759834379513532231,839.13,958.713,1,36,,1.6993139899438428,-22.324838628987212
d01ea4c3-1912-46a0-9798-db3d3f9d2881,74b23a8e-ccad-453a-a0bd-2af02cb0a30b,1759834379518533231,839.99,958.428,1,36,,1.7575463784767924,-22.306275309634852
d01ea4c3-1912-46a0-9798-db3d3f9d2881,74b23a8e-ccad-453a-a0bd-2af02cb0a30b,1759834379523532231,839.94,957.19,1,36,,1.7535625710925298,-22.22686476596425
d01ea4c3-1912-46a0-9798-db3d3f9d2881,74b23a8e-ccad-453a-a0bd-2af02cb0a30b,1759834379528533231,835.292,962.474,1,36,,1.4403214130958708,-22.567187743609264
d01ea4c3-1912-46a0-9798-db3d3f9d2881,74b23a8e-ccad-453a-a0bd-2af02cb0a30b,1759834379533533231,845.641,971.007,1,36,,2.1488801471604027,-23.11110544744536
d01ea4c3-1912-46a0-9798-db3d3f9d2881,74b23a8e-ccad-453a-a0bd-2af02cb0a30b,1759834379538533231,837.039,964.383,1,36,,1.5598547910411236,-22.689133989020583
d01ea4c3-1912-46a0-9798-db3d3f9d2881,74b23a8e-ccad-453a-a0bd-2af02cb0a30b,1759834379543540231,837.959,964.221,1,36,,1.6223627637762408,-22.678509129929445
d01ea4c3-1912-46a0-9798-db3d3f9d2881,74b23a8e-ccad-453a-a0bd-2af02cb0a30b,1759834379548667231,839.431,961.787,1,36,,1.7212132897605232,-22.521916461699487
d01ea4c3-1912-46a0-9798-db3d3f9d2881,74b23a8e-ccad-453a-a0bd-2af02cb0a30b,1759834379553661231,837.917,963.828,1,36,,1.6192795877220536,-22.65333974889585
d01ea4c3-1912-46a0-9798-db3d3f9d2881,74b23a8e-ccad-453a-a0bd-2af02cb0a30b,1759834379558658231,837.314,963.967,1,36,,1.5783558435171336,-22.66241642478724
d01ea4c3-1912-46a0-9798-db3d3f9d2881,74b23a8e-ccad-453a-a0bd-2af02cb0a30b,1759834379563658231,839.732,962.611,1,36,,1.7421134553784126,-22.574682307210498
d01ea4c3-1912-46a0-9798-db3d3f9d2881,74b23a8e-ccad-453a-a0bd-2af02cb0a30b,1759834379568658231,844.254,956.888,1,36,,2.0461075693202044,-22.206057027867573
d01ea4c3-1912-46a0-9798-db3d3f9d2881,74b23a8e-ccad-453a-a0bd-2af02cb0a30b,1759834379573658231,845.068,977.512,1,36,,2.1139078608228616,-23.528557571283642
d01ea4c3-1912-46a0-9798-db3d3f9d2881,74b23a8e-ccad-453a-a0bd-2af02cb0a30b,1759834379578658231,840.619,968.001,1,36,,1.805161060684948,-22.92015461150325
d01ea4c3-1912-46a0-9798-db3d3f9d2881,74b23a8e-ccad-453a-a0bd-2af02cb0a30b,1759834379583658231,836.386,969.975,1,36,,1.5178643865874233,-23.048075668330057
d01ea4c3-1912-46a0-9798-db3d3f9d2881,74b23a8e-ccad-453a-a0bd-2af02cb0a30b,1759834379588658231,834.192,955.079,1,36,,1.3628108132952061,-22.09310617628323
d01ea4c3-1912-46a0-9798-db3d3f9d2881,74b23a8e-ccad-453a-a0bd-2af02cb0a30b,1759834379593658231,836.919,955.917,1,36,,1.5480876714640721,-22.146106013612933
d01ea4c3-1912-46a0-9798-db3d3f9d2881,74b23a8e-ccad-453a-a0bd-2af02cb0a30b,1759834379598658231,844.154,954.726,1,36,,2.038111899513775,-22.067433470437944
d01ea4c3-1912-46a0-9798-db3d3f9d2881,74b23a8e-ccad-453a-a0bd-2af02cb0a30b,1759834379603670231,847.253,963.264,1,36,,2.2536014563185205,-22.61389078963657
d01ea4c3-1912-46a0-9798-db3d3f9d2881,74b23a8e-ccad-453a-a0bd-2af02cb0a30b,1759834379608658231,846.785,963.48,1,36,,2.2219626003396185,-22.62794912383394
d01ea4c3-1912-46a0-9798-db3d3f9d2881,74b23a8e-ccad-453a-a0bd-2af02cb0a30b,1759834379613659231,846.999,963.634,1,36,,2.2365566630060716,-22.637729043220997
d01ea4c3-1912-46a0-9798-db3d3f9d2881,74b23a8e-ccad-453a-a0bd-2af02cb0a30b,1759834379618658231,841.424,952.705,1,36,,1.8520017108778364,-21.938708182453045
d01ea4c3-1912-46a0-9798-db3d3f9d2881,74b23a8e-ccad-453a-a0bd-2af02cb0a30b,1759834379623658231,837.977,973.651,1,36,,1.6279383267688288,-23.28338046525277
d01ea4c3-1912-46a0-9798-db3d3f9d2881,74b23a8e-ccad-453a-a0bd-2af02cb0a30b,1759834379628658231,841.697,962.864,1,36,,1.8757878406644612,-22.590271636931135
d01ea4c3-1912-46a0-9798-db3d3f9d2881,74b23a8e-ccad-453a-a0bd-2af02cb0a30b,1759834379633659231,838.217,964.739,1,36,,1.6400895902041541,-22.711666117426866
d01ea4c3-1912-46a0-9798-db3d3f9d2881,74b23a8e-ccad-453a-a0bd-2af02cb0a30b,1759834379638659231,829.938,955.254,1,36,,1.0743984519005962,-22.105314377655827
d01ea4c3-1912-46a0-9798-db3d3f9d2881,74b23a8e-ccad-453a-a0bd-2af02cb0a30b,1759834379643659231,833.155,979.265,1,36,,1.3011913248790021,-23.64484006307738
d01ea4c3-1912-46a0-9798-db3d3f9d2881,74b23a8e-ccad-453a-a0bd-2af02cb0a30b,1759834379648659231,850.408,958.056,1,36,,2.4643640487952974,-22.278588789799375
d01ea4c3-1912-46a0-9798-db3d3f9d2881,74b23a8e-ccad-453a-a0bd-2af02cb0a30b,1759834379653659231,846.36,958.053,1,36,,2.1896616801858793,-22.280031648756424
d01ea4c3-1912-46a0-9798-db3d3f9d2881,74b23a8e-ccad-453a-a0bd-2af02cb0a30b,1759834379658664231,844.594,958.369,1,36,,2.070034839292052,-22.30094373265758
d01ea4c3-1912-46a0-9798-db3d3f9d2881,74b23a8e-ccad-453a-a0bd-2af02cb0a30b,1759834379663659231,842.797,959.101,1,36,,1.9484677613246926,-22.348510802634483
d01ea4c3-1912-46a0-9798-db3d3f9d2881,74b23a8e-ccad-453a-a0bd-2af02cb0a30b,1759834379668659231,846.738,956.6,1,36,,2.214401825447588,-22.18665270976775
d01ea4c3-1912-46a0-9798-db3d3f9d2881,74b23a8e-ccad-453a-a0bd-2af02cb0a30b,1759834379673662231,842.155,956.237,1,36,,1.9033319749322073,-22.16501911625125
d01ea4c3-1912-46a0-9798-db3d3f9d2881,74b23a8e-ccad-453a-a0bd-2af02cb0a30b,1759834379678667231,842.278,958.138,1,36,,1.9126857835988056,-22.28691075143768
d01ea4c3-1912-46a0-9798-db3d3f9d2881,74b23a8e-ccad-453a-a0bd-2af02cb0a30b,1759834379683786231,837.387,955.962,1,36,,1.5798336698260038,-22.148887217725516
d01ea4c3-1912-46a0-9798-db3d3f9d2881,74b23a8e-ccad-453a-a0bd-2af02cb0a30b,1759834379688788231,836.491,964.004,1,36,,1.5224206492706809,-22.665024504294955
d01ea4c3-1912-46a0-9798-db3d3f9d2881,74b23a8e-ccad-453a-a0bd-2af02cb0a30b,1759834379693784231,833.596,955.81,1,36,,1.322682022213924,-22.140156440468417
d01ea4c3-1912-46a0-9798-db3d3f9d2881,74b23a8e-ccad-453a-a0bd-2af02cb0a30b,1759834379698784231,835.245,957.257,1,36,,1.4350207897877332,-22.23255255113932
d01ea4c3-1912-46a0-9798-db3d3f9d2881,74b23a8e-ccad-453a-a0bd-2af02cb0a30b,1759834379703784231,841.932,958.706,1,36,,1.8895063943541153,-22.323460587630343
d01ea4c3-1912-46a0-9798-db3d3f9d2881,74b23a8e-ccad-453a-a0bd-2af02cb0a30b,1759834379708791231,846.982,955.122,1,36,,2.2300801811564557,-22.09179692627845
d01ea4c3-1912-46a0-9798-db3d3f9d2881,74b23a8e-ccad-453a-a0bd-2af02cb0a30b,1759834379713784231,833.311,963.45,1,36,,1.306035262556243,-22.63031621201843
d01ea4c3-1912-46a0-9798-db3d3f9d2881,74b23a8e-ccad-453a-a0bd-2af02cb0a30b,1759834379718784231,828.975,961.792,1,36,,1.0107812679598718,-22.52493661692812
d01ea4c3-1912-46a0-9798-db3d3f9d2881,74b23a8e-ccad-453a-a0bd-2af02cb0a30b,1759834379723784231,831.682,964.193,1,36,,1.1955321853659393,-22.67832878232506
d01ea4c3-1912-46a0-9798-db3d3f9d2881,74b23a8e-ccad-453a-a0bd-2af02cb0a30b,1759834379728784231,835.147,948.291,1,36,,1.4250011699171816,-21.657378121253537
d01ea4c3-1912-46a0-9798-db3d3f9d2881,74b23a8e-ccad-453a-a0bd-2af02cb0a30b,1759834379733785231,833.396,953.427,1,36,,1.3082686387928855,-21.98733486755738
d01ea4c3-1912-46a0-9798-db3d3f9d2881,74b23a8e-ccad-453a-a0bd-2af02cb0a30b,1759834379738784231,823.287,967.654,1,36,,0.6251953877905996,-22.901956192241375
d01ea4c3-1912-46a0-9798-db3d3f9d2881,74b23a8e-ccad-453a-a0bd-2af02cb0a30b,1759834379743791231,826.117,958.401,1,36,,0.8159103512109676,-22.307883148514588
d01ea4c3-1912-46a0-9798-db3d3f9d2881,74b23a8e-ccad-453a-a0bd-2af02cb0a30b,1759834379748785231,825.432,967.896,1,36,,0.7712252102883008,-22.917117401067895
d01ea4c3-1912-46a0-9798-db3d3f9d2881,74b23a8e-ccad-453a-a0bd-2af02cb0a30b,1759834379753785231,822.932,966.104,1,36,,0.600778282542258,-22.802545293955216
d01ea4c3-1912-46a0-9798-db3d3f9d2881,74b23a8e-ccad-453a-a0bd-2af02cb0a30b,1759834379758785231,823.419,962.596,1,36,,0.6333710450577046,-22.577447551721804
d01ea4c3-1912-46a0-9798-db3d3f9d2881,74b23a8e-ccad-453a-a0bd-2af02cb0a30b,1759834379763794231,825.466,961.029,1,36,,0.7722193560447752,-22.476560000252853
d01ea4c3-1912-46a0-9798-db3d3f9d2881,74b23a8e-ccad-453a-a0bd-2af02cb0a30b,1759834379768785231,825.161,960.171,1,36,,0.7513232052333251,-22.421566009139745
d01ea4c3-1912-46a0-9798-db3d3f9d2881,74b23a8e-ccad-453a-a0bd-2af02cb0a30b,1759834379773785231,828.675,962.157,1,,,0.9904919775418753,-22.548383346553635
d01ea4c3-1912-46a0-9798-db3d3f9d2881,74b23a8e-ccad-453a-a0bd-2af02cb0a30b,1759834379778788231,828.679,962.697,1,,,0.9909352736635855,-22.583030545143757
d01ea4c3-1912-46a0-9798-db3d3f9d2881,74b23a8e-ccad-453a-a0bd-2af02cb0a30b,1759834379783785231,837.327,958.631,1,,,1.576920884744705,-22.320129602237277
d01ea4c3-1912-46a0-9798-db3d3f9d2881,74b23a8e-ccad-453a-a0bd-2af02cb0a30b,1759834379788785231,851.502,953.405,1,,,2.535275655920895,-21.979782575958744
d01ea4c3-1912-46a0-9798-db3d3f9d2881,74b23a8e-ccad-453a-a0bd-2af02cb0a30b,1759834379793785231,868.233,915.839,1,,,3.6326392968948618,-19.562028692459446
d01ea4c3-1912-46a0-9798-db3d3f9d2881,74b23a8e-ccad-453a-a0bd-2af02cb0a30b,1759834379798785231,896.151,896.344,1,,,5.4784164509270195,-18.29324317216249
d01ea4c3-1912-46a0-9798-db3d3f9d2881,74b23a8e-ccad-453a-a0bd-2af02cb0a30b,1759834379803785231,904.366,834.675,1,,,5.951458392652364,-14.329975829927312
d01ea4c3-1912-46a0-9798-db3d3f9d2881,74b23a8e-ccad-453a-a0bd-2af02cb0a30b,1759834379808785231,928.918,810.876,1,,,7.537620537876203,-12.784374205116642
d01ea4c3-1912-46a0-9798-db3d3f9d2881,74b23a8e-ccad-453a-a0bd-2af02cb0a30b,1759834379813785231,932.199,784.606,1,,,7.723214972228993,-11.094965947131284
d01ea4c3-1912-46a0-9798-db3d3f9d2881,74b23a8e-ccad-453a-a0bd-2af02cb0a30b,1759834379818914231,923.323,741.141,1,,,7.107928890880863,-8.305098374357748
d01ea4c3-1912-46a0-9798-db3d3f9d2881,74b23a8e-ccad-453a-a0bd-2af02cb0a30b,1759834379823910231,942.393,733.776,1,,,8.340325727817564,-7.821926341307007
d01ea4c3-1912-46a0-9798-db3d3f9d2881,74b23a8e-ccad-453a-a0bd-2af02cb0a30b,1759834379828910231,951.641,696.771,1,,,8.914173156437254,-5.43790767861396
d01ea4c3-1912-46a0-9798-db3d3f9d2881,74b23a8e-ccad-453a-a0bd-2af02cb0a30b,1759834379833910231,975.913,673.542,1,,,10.469348491814198,-3.936232856704065
d01ea4c3-1912-46a0-9798-db3d3f9d2881,74b23a8e-ccad-453a-a0bd-2af02cb0a30b,1759834379838911231,964.716,655.659,1,,,9.739965433690633,-2.7900799246365433
d01ea4c3-1912-46a0-9798-db3d3f9d2881,74b23a8e-ccad-453a-a0bd-2af02cb0a30b,1759834379843911231,981.834,650.907,1,,,10.842051807931757,-2.4810816984860518
d01ea4c3-1912-46a0-9798-db3d3f9d2881,74b23a8e-ccad-453a-a0bd-2af02cb0a30b,1759834379848911231,971.59,647.332,1,37,,10.180735953363387,-2.253396721561429
d01ea4c3-1912-46a0-9798-db3d3f9d2881,74b23a8e-ccad-453a-a0bd-2af02cb0a30b,1759834379853911231,969.573,647.507,1,37,,10.05077974556208,-2.2650189642837555
d01ea4c3-1912-46a0-9798-db3d3f9d2881,74b23a8e-ccad-453a-a0bd-2af02cb0a30b,1759834379858916231,964.92,653.361,1,37,,9.752377672915578,-2.6422997482537274
d01ea4c3-1912-46a0-9798-db3d3f9d2881,74b23a8e-ccad-453a-a0bd-2af02cb0a30b,1759834379863911231,963.863,653.171,1,37,,9.684159924839772,-2.6303023649346815
d01ea4c3-1912-46a0-9798-db3d3f9d2881,74b23a8e-ccad-453a-a0bd-2af02cb0a30b,1759834379868911231,962.146,657.126,1,37,,9.574680798935054,-2.8849635333376527
d01ea4c3-1912-46a0-9798-db3d3f9d2881,74b23a8e-ccad-453a-a0bd-2af02cb0a30b,1759834379873912231,957.224,651.714,1,37,,9.255579439366285,-2.537849336468883
d01ea4c3-1912-46a0-9798-db3d3f9d2881,74b23a8e-ccad-453a-a0bd-2af02cb0a30b,1759834379878913231,957.419,654.829,1,37,,9.268989053806086,-2.738222763186818
d01ea4c3-1912-46a0-9798-db3d3f9d2881,74b23a8e-ccad-453a-a0bd-2af02cb0a30b,1759834379883911231,955.37,650.724,1,37,,9.135706756269478,-2.474538325293473
d01ea4c3-1912-46a0-9798-db3d3f9d2881,74b23a8e-ccad-453a-a0bd-2af02cb0a30b,1759834379888911231,951.756,650.032,1,37,,8.902357786610077,-2.4306256867918585
d01ea4c3-1912-46a0-9798-db3d3f9d2881,74b23a8e-ccad-453a-a0bd-2af02cb0a30b,1759834379893916231,953.149,650.453,1,37,,8.992332453382941,-2.457462065563155
d01ea4c3-1912-46a0-9798-db3d3f9d2881,74b23a8e-ccad-453a-a0bd-2af02cb0a30b,1759834379898911231,953.157,654.594,1,37,,8.993974122606696,-2.723944749669505
d01ea4c3-1912-46a0-9798-db3d3f9d2881,74b23a8e-ccad-453a-a0bd-2af02cb0a30b,1759834379903911231,953.973,654.587,1,37,,9.046613737468956,-2.7233522971271067
d01ea4c3-1912-46a0-9798-db3d3f9d2881,74b23a8e-ccad-453a-a0bd-2af02cb0a30b,1759834379908914231,952.75,659.261,1,37,,8.969109277979591,-3.024360618968781
d01ea4c3-1912-46a0-9798-db3d3f9d2881,74b23a8e-ccad-453a-a0bd-2af02cb0a30b,1759834379913918231,950.331,658.591,1,37,,8.812825735693504,-2.9817745256349264
d01ea4c3-1912-46a0-9798-db3d3f9d2881,74b23a8e-ccad-453a-a0bd-2af02cb0a30b,1759834379918914231,950.523,661.185,1,37,,8.82605744654833,-3.1486606270950706
d01ea4c3-1912-46a0-9798-db3d3f9d2881,74b23a8e-ccad-453a-a0bd-2af02cb0a30b,1759834379923911231,944.529,659.513,1,37,,8.438592176759201,-3.0422946243880493
d01ea4c3-1912-46a0-9798-db3d3f9d2881,74b23a8e-ccad-453a-a0bd-2af02cb0a30b,1759834379928911231,951.399,652.623,1,37,,8.880029079136788,-2.5974703998476936
d01ea4c3-1912-46a0-9798-db3d3f9d2881,74b23a8e-ccad-453a-a0bd-2af02cb0a30b,1759834379933911231,948.866,654.471,1,37,,8.717075908078874,-2.7168683673130274
d01ea4c3-1912-46a0-9798-db3d3f9d2881,74b23a8e-ccad-453a-a0bd-2af02cb0a30b,1759834379938912231,951.988,656.763,1,37,,8.91917939622357,-2.8637435801025557
d01ea4c3-1912-46a0-9798-db3d3f9d2881,74b23a8e-ccad-453a-a0bd-2af02cb0a30b,1759834379943912231,951.783,657.514,1,37,,8.906215219261068,-2.912139123337121
d01ea4c3-1912-46a0-9798-db3d3f9d2881,74b23a8e-ccad-453a-a0bd-2af02cb0a30b,1759834379948912231,954.995,659.905,1,37,,9.114188443629569,-3.0653161535774496
d01ea4c3-1912-46a0-9798-db3d3f9d2881,74b23a8e-ccad-453a-a0bd-2af02cb0a30b,1759834379954037231,946.905,650.889,1,37,,8.589593347060962,-2.4866369875871808
d01ea4c3-1912-46a0-9798-db3d3f9d2881,74b23a8e-ccad-453a-a0bd-2af02cb0a30b,1759834379959037231,948.652,659.74,1,37,,8.70480496345316,-3.056080601170402
d01ea4c3-1912-46a0-9798-db3d3f9d2881,74b23a8e-ccad-453a-a0bd-2af02cb0a30b,1759834379964037231,946.526,660.592,1,37,,8.567865792879186,-3.1113942085485893
d01ea4c3-1912-46a0-9798-db3d3f9d2881,74b23a8e-ccad-453a-a0bd-2af02cb0a30b,1759834379969037231,945.898,660.041,1,37,,8.527147913391625,-3.0760293016701508
d01ea4c3-1912-46a0-9798-db3d3f9d2881,74b23a8e-ccad-453a-a0bd-2af02cb0a30b,1759834379974037231,945.512,660.582,1,37,,8.502391834125026,-3.110941781631214
d01ea4c3-1912-46a0-9798-db3d3f9d2881,74b23a8e-ccad-453a-a0bd-2af02cb0a30b,1759834379979037231,945.75,659.879,1,37,,8.517564352153956,-3.065611549483261
d01ea4c3-1912-46a0-9798-db3d3f9d2881,74b23a8e-ccad-453a-a0bd-2af02cb0a30b,1759834379984037231,946.346,659.199,1,37,,8.55583226048791,-3.0217017315302854
d01ea4c3-1912-46a0-9798-db3d3f9d2881,74b23a8e-ccad-453a-a0bd-2af02cb0a30b,1759834379989037231,946.546,658.666,1,37,,8.568577896339008,-2.9874042625055863
d01ea4c3-1912-46a0-9798-db3d3f9d2881,74b23a8e-ccad-453a-a0bd-2af02cb0a30b,1759834379994037231,947.943,658.113,1,37,,8.658571070058912,-2.9515040951806943
d01ea4c3-1912-46a0-9798-db3d3f9d2881,74b23a8e-ccad-453a-a0bd-2af02cb0a30b,1759834379999037231,947.018,658.118,1,37,,8.598830226488575,-2.9519873541042965
d01ea4c3-1912-46a0-9798-db3d3f9d2881,74b23a8e-ccad-453a-a0bd-2af02cb0a30b,1759834380004037231,947.181,660.137,1,37,,8.610012207758254,-3.081970563857286
d01ea4c3-1912-46a0-9798-db3d3f9d2881,74b23a8e-ccad-453a-a0bd-2af02cb0a30b,1759834380009038231,947.827,656.366,1,37,,8.650556260427374,-2.839041908063629
d01ea4c3-1912-46a0-9798-db3d3f9d2881,74b23a8e-ccad-453a-a0bd-2af02cb0a30b,1759834380014037231,948.815,656.609,1,37,,8.714412405737185,-2.8544875148327553
d01ea4c3-1912-46a0-9798-db3d3f9d2881,74b23a8e-ccad-453a-a0bd-2af02cb0a30b,1759834380019037231,944.141,659.216,1,37,,8.413470447706523,-3.0233020601892684
d01ea4c3-1912-46a0-9798-db3d3f9d2881,74b23a8e-ccad-453a-a0bd-2af02cb0a30b,1759834380024037231,941.162,663.695,1,37,,8.222556544046336,-3.312328483489327
d01ea4c3-1912-46a0-9798-db3d3f9d2881,74b23a8e-ccad-453a-a0bd-2af02cb0a30b,1759834380029037231,942.038,660.711,1,37,,8.27817088596461,-3.11998478418499
d01ea4c3-1912-46a0-9798-db3d3f9d2881,74b23a8e-ccad-453a-a0bd-2af02cb0a30b,1759834380034037231,944.022,659.605,1,,,8.405930786536402,-3.0483327590597518
d01ea4c3-1912-46a0-9798-db3d3f9d2881,74b23a8e-ccad-453a-a0bd-2af02cb0a30b,1759834380039037231,944.046,657.51,1,,,8.406843181347528,-2.913441436478972
d01ea4c3-1912-46a0-9798-db3d3f9d2881,74b23a8e-ccad-453a-a0bd-2af02cb0a30b,1759834380044038231,940.255,660.058,1,,,8.162871825570871,-3.078290492310279
d01ea4c3-1912-46a0-9798-db3d3f9d2881,74b23a8e-ccad-453a-a0bd-2af02cb0a30b,1759834380049038231,935.349,664.502,1,,,7.847430758122063,-3.365525761143232
d01ea4c3-1912-46a0-9798-db3d3f9d2881,74b23a8e-ccad-453a-a0bd-2af02cb0a30b,1759834380054037231,905.444,688.008,1,,,5.921951731834544,-4.887657574004562
d01ea4c3-1912-46a0-9798-db3d3f9d2881,74b23a8e-ccad-453a-a0bd-2af02cb0a30b,1759834380059038231,868.678,672.377,1,,,3.5390331197772102,-3.8847543587629745
d01ea4c3-1912-46a0-9798-db3d3f9d2881,74b23a8e-ccad-453a-a0bd-2af02cb0a30b,1759834380064039231,854.294,687.8,1,,,2.610076566311652,-4.882925797170551
d01ea4c3-1912-46a0-9798-db3d3f9d2881,74b23a8e-ccad-453a-a0bd-2af02cb0a30b,1759834380069038231,819.56,688.744,1,,,0.3597427236316978,-4.946153553923268
d01ea4c3-1912-46a0-9798-db3d3f9d2881,74b23a8e-ccad-453a-a0bd-2af02cb0a30b,1759834380074038231,811.748,688.85,1,,,-0.14654340346877873,-4.953098106034879
d01ea4c3-1912-46a0-9798-db3d3f9d2881,74b23a8e-ccad-453a-a0bd-2af02cb0a30b,1759834380079038231,783.559,709.251,1,,,-1.976215487126083,-6.27043986291681
d01ea4c3-1912-46a0-9798-db3d3f9d2881,74b23a8e-ccad-453a-a0bd-2af02cb0a30b,1759834380084038231,778.34,713.758,1,,,-2.3157539325052965,-6.561094553995362
d01ea4c3-1912-46a0-9798-db3d3f9d2881,74b23a8e-ccad-453a-a0bd-2af02cb0a30b,1759834380089163231,775.228,711.283,1,38,,-2.517235743798759,-6.400844632554784
d01ea4c3-1912-46a0-9798-db3d3f9d2881,74b23a8e-ccad-453a-a0bd-2af02cb0a30b,1759834380094163231,780.58,695.051,1,38,,-2.167263323152889,-5.352666577855049
d01ea4c3-1912-46a0-9798-db3d3f9d2881,74b23a8e-ccad-453a-a0bd-2af02cb0a30b,1759834380099164231,782.804,697.64,1,38,,-2.023451828551551,-5.520144524151935
d01ea4c3-1912-46a0-9798-db3d3f9d2881,74b23a8e-ccad-453a-a0bd-2af02cb0a30b,1759834380104166231,782.582,702.043,1,38,,-2.0384736547682665,-5.804669423644168
d01ea4c3-1912-46a0-9798-db3d3f9d2881,74b23a8e-ccad-453a-a0bd-2af02cb0a30b,1759834380109163231,795.065,696.366,1,38,,-1.2283287746954432,-5.438619575418221
d01ea4c3-1912-46a0-9798-db3d3f9d2881,74b23a8e-ccad-453a-a0bd-2af02cb0a30b,1759834380114163231,795.267,697.863,1,38,,-1.2153325677652467,-5.535380616153109
d01ea4c3-1912-46a0-9798-db3d3f9d2881,74b23a8e-ccad-453a-a0bd-2af02cb0a30b,1759834380119163231,793.988,700.228,1,38,,-1.298534148570834,-5.688151157602598
d01ea4c3-1912-46a0-9798-db3d3f9d2881,74b23a8e-ccad-453a-a0bd-2af02cb0a30b,1759834380124165231,792.399,702.207,1,38,,-1.4017999086318569,-5.815941368005507
d01ea4c3-1912-46a0-9798-db3d3f9d2881,74b23a8e-ccad-453a-a0bd-2af02cb0a30b,1759834380129166231,793.145,702.985,1,38,,-1.353466390519618,-5.8662782018702195
d01ea4c3-1912-46a0-9798-db3d3f9d2881,74b23a8e-ccad-453a-a0bd-2af02cb0a30b,1759834380134163231,791.026,703.605,1,38,,-1.4909685779924515,-5.906216722064257
d01ea4c3-1912-46a0-9798-db3d3f9d2881,74b23a8e-ccad-453a-a0bd-2af02cb0a30b,1759834380139163231,789.734,705.729,1,38,,-1.5750817544001219,-6.043385988803771
d01ea4c3-1912-46a0-9798-db3d3f9d2881,74b23a8e-ccad-453a-a0bd-2af02cb0a30b,1759834380144163231,786.853,709.889,1,38,,-1.7625588463667503,-6.311936613142266
d01ea4c3-1912-46a0-9798-db3d3f9d2881,74b23a8e-ccad-453a-a0bd-2af02cb0a30b,1759834380149163231,785.236,709.353,1,38,,-1.8673871404098452,-6.277188464319704
d01ea4c3-1912-46a0-9798-db3d3f9d2881,74b23a8e-ccad-453a-a0bd-2af02cb0a30b,1759834380154163231,782.824,707.979,1,38,,-2.0236773701172415,-6.188171073449711
d01ea4c3-1912-46a0-9798-db3d3f9d2881,74b23a8e-ccad-453a-a0bd-2af02cb0a30b,1759834380159164231,783.589,710.515,1,38,,-1.9744777769854738,-6.352108077178985
d01ea4c3-1912-46a0-9798-db3d3f9d2881,74b23a8e-ccad-453a-a0bd-2af02cb0a30b,1759834380164164231,783.093,711.12,1,38,,-2.0067364236311405,-6.391130145730191
d01ea4c3-1912-46a0-9798-db3d3f9d2881,74b23a8e-ccad-453a-a0bd-2af02cb0a30b,1759834380169164231,784.224,708.751,1,38,,-1.9329541505000774,-6.238226587773695
d01ea4c3-1912-46a0-9798-db3d3f9d2881,74b23a8e-ccad-453a-a0bd-2af02cb0a30b,1759834380174164231,785.724,708.051,1,38,,-1.8355663109666345,-6.193098131829979
d01ea4c3-1912-46a0-9798-db3d3f9d2881,74b23a8e-ccad-453a-a0bd-2af02cb0a30b,1759834380179164231,782.996,707.775,1,38,,-2.012544324927907,-6.175023908532289
d01ea4c3-1912-46a0-9798-db3d3f9d2881,74b23a8e-ccad-453a-a0bd-2af02cb0a30b,1759834380184168231,785.411,708.188,1,38,,-1.8558838076700603,-6.201945398457984
d01ea4c3-1912-46a0-9798-db3d3f9d2881,74b23a8e-ccad-453a-a0bd-2af02cb0a30b,1759834380189164231,776.526,695.588,1,38,,-2.430208472640562,-5.386991688602104
d01ea4c3-1912-46a0-9798-db3d3f9d2881,74b23a8e-ccad-453a-a0bd-2af02cb0a30b,1759834380194164231,777.117,696.056,1,38,,-2.391917164655345,-5.417301527903742
d01ea4c3-1912-46a0-9798-db3d3f9d2881,74b23a8e-ccad-453a-a0bd-2af02cb0a30b,1759834380199164231,779.51,697.381,1,38,,-2.237029146217448,-5.50315122497317
d01ea4c3-1912-46a0-9798-db3d3f9d2881,74b23a8e-ccad-453a-a0bd-2af02cb0a30b,1759834380204164231,784.702,709.225,1,38,,-1.9020331110789328,-6.268843337350364
d01ea4c3-1912-46a0-9798-db3d3f9d2881,74b23a8e-ccad-453a-a0bd-2af02cb0a30b,1759834380209164231,783.868,709.913,1,38,,-1.9562807431008298,-6.3132147768400495
d01ea4c3-1912-46a0-9798-db3d3f9d2881,74b23a8e-ccad-453a-a0bd-2af02cb0a30b,1759834380214164231,782.54,706.726,1,38,,-2.0419189550561474,-6.1072337666730006
d01ea4c3-1912-46a0-9798-db3d3f9d2881,74b23a8e-ccad-453a-a0bd-2af02cb0a30b,1759834380219164231,779.31,705.059,1,38,,-2.251251025160195,-5.999220317766728
d01ea4c3-1912-46a0-9798-db3d3f9d2881,74b23a8e-ccad-453a-a0bd-2af02cb0a30b,1759834380224164231,778.853,707.399,1,38,,-2.2812826498080496,-6.1503241637190476
d01ea4c3-1912-46a0-9798-db3d3f9d2881,74b23a8e-ccad-453a-a0bd-2af02cb0a30b,1759834380229289231,778.219,710.523,1,38,,-2.322966306589956,-6.352098332322915
d01ea4c3-1912-46a0-9798-db3d3f9d2881,74b23a8e-ccad-453a-a0bd-2af02cb0a30b,1759834380234289231,775.459,708.961,1,38,,-2.5017711643889813,-6.250888588537502
d01ea4c3-1912-46a0-9798-db3d3f9d2881,74b23a8e-ccad-453a-a0bd-2af02cb0a30b,1759834380239289231,776.194,706.374,1,38,,-2.4535802839522463,-6.08384236146853
d01ea4c3-1912-46a0-9798-db3d3f9d2881,74b23a8e-ccad-453a-a0bd-2af02cb0a30b,1759834380244289231,776.953,706.124,1,38,,-2.404297580296206,-6.0677770477633235
d01ea4c3-1912-46a0-9798-db3d3f9d2881,74b23a8e-ccad-453a-a0bd-2af02cb0a30b,1759834380249290231,774.513,710.38,1,38,,-2.563438325570419,-6.342475314615879
d01ea4c3-1912-46a0-9798-db3d3f9d2881,74b23a8e-ccad-453a-a0bd-2af02cb0a30b,1759834380254290231,778.094,710.528,1,38,,-2.3310716690405098,-6.352416017179319
d01ea4c3-1912-46a0-9798-db3d3f9d2881,74b23a8e-ccad-453a-a0bd-2af02cb0a30b,1759834380259290231,775.536,707.073,1,38,,-2.496412629689354,-6.1289558665933335
d01ea4c3-1912-46a0-9798-db3d3f9d2881,74b23a8e-ccad-453a-a0bd-2af02cb0a30b,1759834380264289231,772.597,708.29,1,38,,-2.6873859345419766,-6.207186586864361
d01ea4c3-1912-46a0-9798-db3d3f9d2881,74b23a8e-ccad-453a-a0bd-2af02cb0a30b,1759834380269304231,773.441,701.722,1,38,,-2.6312921497976713,-5.782999221588568
d01ea4c3-1912-46a0-9798-db3d3f9d2881,74b23a8e-ccad-453a-a0bd-2af02cb0a30b,1759834380274290231,774.896,705.336,1,38,,-2.5376353380635432,-6.0166693352543215
d01ea4c3-1912-46a0-9798-db3d3f9d2881,74b23a8e-ccad-453a-a0bd-2af02cb0a30b,1759834380279290231,774.875,704.86,1,38,,-2.538871094861032,-5.985904257124345
d01ea4c3-1912-46a0-9798-db3d3f9d2881,74b23a8e-ccad-453a-a0bd-2af02cb0a30b,1759834380284290231,772.259,706.321,1,38,,-2.708898716120693,-6.079996838154159
d01ea4c3-1912-46a0-9798-db3d3f9d2881,74b23a8e-ccad-453a-a0bd-2af02cb0a30b,1759834380289290231,775.722,700.422,1,38,,-2.4831506384747994,-5.699302601840793
d01ea4c3-1912-46a0-9798-db3d3f9d2881,74b23a8e-ccad-453a-a0bd-2af02cb0a30b,1759834380294290231,775.57,699.99,1,38,,-2.492922198177105,-5.671331583552359
d01ea4c3-1912-46a0-9798-db3d3f9d2881,74b23a8e-ccad-453a-a0bd-2af02cb0a30b,1759834380299291231,775.088,700.895,1,38,,-2.5243415900010846,-5.729793919282521
d01ea4c3-1912-46a0-9798-db3d3f9d2881,74b23a8e-ccad-453a-a0bd-2af02cb0a30b,1759834380304290231,777.1,698.964,1,38,,-2.3935356549142734,-5.605213476687742
d01ea4c3-1912-46a0-9798-db3d3f9d2881,74b23a8e-ccad-453a-a0bd-2af02cb0a30b,1759834380309290231,774.227,700.721,1,38,,-2.580157128431958,-5.71842824485656
d01ea4c3-1912-46a0-9798-db3d3f9d2881,74b23a8e-ccad-453a-a0bd-2af02cb0a30b,1759834380314290231,774.633,701.819,1,38,,-2.553996302050923,-5.78943507922716
d01ea4c3-1912-46a0-9798-db3d3f9d2881,74b23a8e-ccad-453a-a0bd-2af02cb0a30b,1759834380319290231,774.12,703.56,1,38,,-2.5876075656408823,-5.901817788348999
d01ea4c3-1912-46a0-9798-db3d3f9d2881,74b23a8e-ccad-453a-a0bd-2af02cb0a30b,1759834380324290231,774.454,702.782,1,,,-2.5658373122803138,-5.85158790282198
d01ea4c3-1912-46a0-9798-db3d3f9d2881,74b23a8e-ccad-453a-a0bd-2af02cb0a30b,1759834380329290231,772.914,706.265,1,,,-2.6664031447444994,-6.076467808680177
d01ea4c3-1912-46a0-9798-db3d3f9d2881,74b23a8e-ccad-453a-a0bd-2af02cb0a30b,1759834380334290231,773.014,715.329,1,,,-2.661823812860474,-6.661909468764967
d01ea4c3-1912-46a0-9798-db3d3f9d2881,74b23a8e-ccad-453a-a0bd-2af02cb0a30b,1759834380339290231,782.159,728.315,1,,,-2.070502096670503,-7.501634169177217
d01ea4c3-1912-46a0-9798-db3d3f9d2881,74b23a8e-ccad-453a-a0bd-2af02cb0a30b,1759834380344290231,794.618,752.481,1,,,-1.2640520074589627,-9.062829496425694
d01ea4c3-1912-46a0-9798-db3d3f9d2881,74b23a8e-ccad-453a-a0bd-2af02cb0a30b,1759834380349290231,800.2,795.65,1,,,-0.9059431112942068,-11.847317926907209
d01ea4c3-1912-46a0-9798-db3d3f9d2881,74b23a8e-ccad-453a-a0bd-2af02cb0a30b,1759834380354291231,814.055,816.401,1,,,0.0012791364540208376,-13.184534209289973
d01ea4c3-1912-46a0-9798-db3d3f9d2881,74b23a8e-ccad-453a-a0bd-2af02cb0a30b,1759834380359298231,830.498,856.595,1,,,1.0887993616158795,-15.769781216708617
d01ea4c3-1912-46a0-9798-db3d3f9d2881,74b23a8e-ccad-453a-a0bd-2af02cb0a30b,1759834380364416231,845.634,872.345,1,,,2.0969609469608947,-16.778896600856825
d01ea4c3-1912-46a0-9798-db3d3f9d2881,74b23a8e-ccad-453a-a0bd-2af02cb0a30b,1759834380369416231,854.984,902.274,1,,,2.735397574864916,-18.697855458438028
d01ea4c3-1912-46a0-9798-db3d3f9d2881,74b23a8e-ccad-453a-a0bd-2af02cb0a30b,1759834380374416231,841.28,936.126,1,,,1.834205938137566,-20.87516021587923
d01ea4c3-1912-46a0-9798-db3d3f9d2881,74b23a8e-ccad-453a-a0bd-2af02cb0a30b,1759834380379416231,840.721,978.89,1,,,1.817854436461274,-23.618543062901367
d01ea4c3-1912-46a0-9798-db3d3f9d2881,74b23a8e-ccad-453a-a0bd-2af02cb0a30b,1759834380384424231,866.074,985.165,1,,,3.5563302553212406,-24.00852905662412
d01ea4c3-1912-46a0-9798-db3d3f9d2881,74b23a8e-ccad-453a-a0bd-2af02cb0a30b,1759834380389416231,848.917,995.937,1,,,2.390390717735897,-24.708701076997137
d01ea4c3-1912-46a0-9798-db3d3f9d2881,74b23a8e-ccad-453a-a0bd-2af02cb0a30b,1759834380394419231,845.008,1030.092,1,,,2.1465909845060422,-26.901922866882963
d01ea4c3-1912-46a0-9798-db3d3f9d2881,74b23a8e-ccad-453a-a0bd-2af02cb0a30b,1759834380399418231,839.818,1020.495,1,,,1.7796794209922315,-26.28805918496311
d01ea4c3-1912-46a0-9798-db3d3f9d2881,74b23a8e-ccad-453a-a0bd-2af02cb0a30b,1759834380404416231,841.945,1017.441,1,,,1.9250149504481826,-26.091223073032236
d01ea4c3-1912-46a0-9798-db3d3f9d2881,74b23a8e-ccad-453a-a0bd-2af02cb0a30b,1759834380409416231,844.51,1009.864,1,,,2.0971800729805787,-25.603990557477662
d01ea4c3-1912-46a0-9798-db3d3f9d2881,74b23a8e-ccad-453a-a0bd-2af02cb0a30b,1759834380414416231,850.747,993.431,1,,,2.514068167935972,-24.54710699921603
d01ea4c3-1912-46a0-9798-db3d3f9d2881,74b23a8e-ccad-453a-a0bd-2af02cb0a30b,1759834380419416231,849.335,986.228,1,39,,2.4116468877017017,-24.085766062656372
d01ea4c3-1912-46a0-9798-db3d3f9d2881,74b23a8e-ccad-453a-a0bd-2af02cb0a30b,1759834380424426231,846.515,989.012,1,39,,2.2204954631237857,-24.265546031016186
d01ea4c3-1912-46a0-9798-db3d3f9d2881,74b23a8e-ccad-453a-a0bd-2af02cb0a30b,1759834380429416231,845.231,1001.005,1,39,,2.1406981708678128,-25.035357744573556
d01ea4c3-1912-46a0-9798-db3d3f9d2881,74b23a8e-ccad-453a-a0bd-2af02cb0a30b,1759834380434416231,856.403,1009.339,1,39,,2.9175433884223665,-25.564509424303353
d01ea4c3-1912-46a0-9798-db3d3f9d2881,74b23a8e-ccad-453a-a0bd-2af02cb0a30b,1759834380439416231,852.709,1005.032,1,39,,2.6587838980589105,-25.290238257511795
d01ea4c3-1912-46a0-9798-db3d3f9d2881,74b23a8e-ccad-453a-a0bd-2af02cb0a30b,1759834380444416231,859.772,1003.091,1,39,,3.143327858015077,-25.161832248636433
d01ea4c3-1912-46a0-9798-db3d3f9d2881,74b23a8e-ccad-453a-a0bd-2af02cb0a30b,1759834380449424231,861.08,1000.427,1,39,,3.230534273446524,-24.9902490163214
d01ea4c3-1912-46a0-9798-db3d3f9d2881,74b23a8e-ccad-453a-a0bd-2af02cb0a30b,1759834380454416231,860.964,996.997,1,39,,3.2188996931661062,-24.770340873945763
d01ea4c3-1912-46a0-9798-db3d3f9d2881,74b23a8e-ccad-453a-a0bd-2af02cb0a30b,1759834380459416231,856.988,987.872,1,39,,2.9371068278012262,-24.187468321479333
d01ea4c3-1912-46a0-9798-db3d3f9d2881,74b23a8e-ccad-453a-a0bd-2af02cb0a30b,1759834380464416231,856.358,987.312,1,39,,2.8934343069734507,-24.15187737227463
d01ea4c3-1912-46a0-9798-db3d3f9d2881,74b23a8e-ccad-453a-a0bd-2af02cb0a30b,1759834380469417231,853.543,989.485,1,39,,2.7025035067803302,-24.292648069011562
d01ea4c3-1912-46a0-9798-db3d3f9d2881,74b23a8e-ccad-453a-a0bd-2af02cb0a30b,1759834380474417231,851.867,993.61,1,39,,2.591036351961992,-24.558042000951094
d01ea4c3-1912-46a0-9798-db3d3f9d2881,74b23a8e-ccad-453a-a0bd-2af02cb0a30b,1759834380479417231,850.115,990.573,1,39,,2.468454573012541,-24.364069657758257
d01ea4c3-1912-46a0-9798-db3d3f9d2881,74b23a8e-ccad-453a-a0bd-2af02cb0a30b,1759834380484417231,851.217,991.491,1,39,,2.5447550201018108,-24.422440348614973
d01ea4c3-1912-46a0-9798-db3d3f9d2881,74b23a8e-ccad-453a-a0bd-2af02cb0a30b,1759834380489420231,862.138,986.386,1,39,,3.288264908863886,-24.08920955410268
d01ea4c3-1912-46a0-9798-db3d3f9d2881,74b23a8e-ccad-453a-a0bd-2af02cb0a30b,1759834380494417231,851.191,978.382,1,39,,2.5325838567020136,-23.581762848261967
d01ea4c3-1912-46a0-9798-db3d3f9d2881,74b23a8e-ccad-453a-a0bd-2af02cb0a30b,1759834380499542231,851.594,981.368,1,39,,2.5624117984966466,-23.773048267750976
d01ea4c3-1912-46a0-9798-db3d3f9d2881,74b23a8e-ccad-453a-a0bd-2af02cb0a30b,1759834380504542231,834.502,991.875,1,39,,1.3984428484225149,-24.45337529556482
d01ea4c3-1912-46a0-9798-db3d3f9d2881,74b23a8e-ccad-453a-a0bd-2af02cb0a30b,1759834380509542231,839.287,987.966,1,39,,1.7246332940818274,-24.201160411943523
d01ea4c3-1912-46a0-9798-db3d3f9d2881,74b23a8e-ccad-453a-a0bd-2af02cb0a30b,1759834380514553231,857.282,978.533,1,39,,2.948668384414925,-23.588410714176728
d01ea4c3-1912-46a0-9798-db3d3f9d2881,74b23a8e-ccad-453a-a0bd-2af02cb0a30b,1759834380519550231,861.795,976.213,1,39,,3.254475366320499,-23.437172331635576
d01ea4c3-1912-46a0-9798-db3d3f9d2881,74b23a8e-ccad-453a-a0bd-2af02cb0a30b,1759834380524542231,856.362,976.461,1,39,,2.8839555144364777,-23.45606933637037
d01ea4c3-1912-46a0-9798-db3d3f9d2881,74b23a8e-ccad-453a-a0bd-2af02cb0a30b,1759834380529542231,854.876,974.046,1,39,,2.780578371733296,-23.301925889127464
d01ea4c3-1912-46a0-9798-db3d3f9d2881,74b23a8e-ccad-453a-a0bd-2af02cb0a30b,1759834380534542231,849.494,981.353,1,39,,2.4188866012204286,-23.773053992568062
d01ea4c3-1912-46a0-9798-db3d3f9d2881,74b23a8e-ccad-453a-a0bd-2af02cb0a30b,1759834380539542231,844.93,981.78,1,39,,2.1072141883009334,-23.80232226902693
d01ea4c3-1912-46a0-9798-db3d3f9d2881,74b23a8e-ccad-453a-a0bd-2af02cb0a30b,1759834380544542231,840.555,984.318,1,39,,1.8095030856149303,-23.96673415308919
d01ea4c3-1912-46a0-9798-db3d3f9d2881,74b23a8e-ccad-453a-a0bd-2af02cb0a30b,1759834380549542231,842.095,985.811,1,39,,1.9157356848270226,-24.061996253442686
d01ea4c3-1912-46a0-9798-db3d3f9d2881,74b23a8e-ccad-453a-a0bd-2af02cb0a30b,1759834380554542231,844.376,984.904,1,39,,2.071273326540037,-24.002925343730276
d01ea4c3-1912-46a0-9798-db3d3f9d2881,74b23a8e-ccad-453a-a0bd-2af02cb0a30b,1759834380559545231,840.543,970.71,1,39,,1.8013808828181548,-23.093886369477822
d01ea4c3-1912-46a0-9798-db3d3f9d2881,74b23a8e-ccad-453a-a0bd-2af02cb0a30b,1759834380564542231,841.793,969.271,1,39,,1.8857466170252628,-23.001191434754684
d01ea4c3-1912-46a0-9798-db3d3f9d2881,74b23a8e-ccad-453a-a0bd-2af02cb0a30b,1759834380569550231,843.074,967.696,1,39,,1.97210518172376,-22.899728880346157
d01ea4c3-1912-46a0-9798-db3d3f9d2881,74b23a8e-ccad-453a-a0bd-2af02cb0a30b,1759834380574547231,846.641,969.266,1,39,,2.2158333829881722,-22.999058430314083
d01ea4c3-1912-46a0-9798-db3d3f9d2881,74b23a8e-ccad-453a-a0bd-2af02cb0a30b,1759834380579543231,848.212,977.326,1,39,,2.3284116577716683,-23.515362634789295
d01ea4c3-1912-46a0-9798-db3d3f9d2881,74b23a8e-ccad-453a-a0bd-2af02cb0a30b,1759834380584543231,850.544,979.455,1,39,,2.48921316832717,-23.650842263651484
d01ea4c3-1912-46a0-9798-db3d3f9d2881,74b23a8e-ccad-453a-a0bd-2af02cb0a30b,1759834380589543231,852.399,974.917,1,39,,2.6123034855073466,-23.358966638585198
d01ea4c3-1912-46a0-9798-db3d3f9d2881,74b23a8e-ccad-453a-a0bd-2af02cb0a30b,1759834380594543231,851.854,975.024,1,39,,2.575213553145628,-23.366113442685386
d01ea4c3-1912-46a0-9798-db3d3f9d2881,74b23a8e-ccad-453a-a0bd-2af02cb0a30b,1759834380599543231,854.865,973.563,1,39,,2.7794046391817897,-23.270995383190638
d01ea4c3-1912-46a0-9798-db3d3f9d2881,74b23a8e-ccad-453a-a0bd-2af02cb0a30b,1759834380604543231,859.077,958.39,1,39,,3.0528825885762716,-22.295847655167588
d01ea4c3-1912-46a0-9798-db3d3f9d2881,74b23a8e-ccad-453a-a0bd-2af02cb0a30b,1759834380609543231,863.817,968.441,1,39,,3.384473681081189,-22.937696732452608
d01ea4c3-1912-46a0-9798-db3d3f9d2881,74b23a8e-ccad-453a-a0bd-2af02cb0a30b,1759834380614543231,844.719,995.529,1,39,,2.1017776552360443,-24.684275572300308
d01ea4c3-1912-46a0-9798-db3d3f9d2881,74b23a8e-ccad-453a-a0bd-2af02cb0a30b,1759834380619543231,864.289,969.508,1,39,,3.4176989666768343,-23.005847278061925
d01ea4c3-1912-46a0-9798-db3d3f9d2881,74b23a8e-ccad-453a-a0bd-2af02cb0a30b,1759834380624543231,862.17,970.491,1,39,,3.274401226129828,-23.07008642785824
d01ea4c3-1912-46a0-9798-db3d3f9d2881,74b23a8e-ccad-453a-a0bd-2af02cb0a30b,1759834380629543231,862.637,972.109,1,39,,3.307802035032826,-23.17355096389511
d01ea4c3-1912-46a0-9798-db3d3f9d2881,74b23a8e-ccad-453a-a0bd-2af02cb0a30b,1759834380634668231,853.03,961.641,1,39,,2.645013256581518,-22.507333188134492
d01ea4c3-1912-46a0-9798-db3d3f9d2881,74b23a8e-ccad-453a-a0bd-2af02cb0a30b,1759834380639668231,861.474,972.644,1,39,,3.229091295275861,-23.20849590605223
d01ea4c3-1912-46a0-9798-db3d3f9d2881,74b23a8e-ccad-453a-a0bd-2af02cb0a30b,1759834380644668231,857.879,976.814,1,39,,2.9878092014955615,-23.477856661165983
d01ea4c3-1912-46a0-9798-db3d3f9d2881,74b23a8e-ccad-453a-a0bd-2af02cb0a30b,1759834380649668231,848.346,974.281,1,39,,2.335442563739386,-23.32002684747456
d01ea4c3-1912-46a0-9798-db3d3f9d2881,74b23a8e-ccad-453a-a0bd-2af02cb0a30b,1759834380654668231,851.087,969.559,1,39,,2.518834118592405,-23.01596484743877
d01ea4c3-1912-46a0-9798-db3d3f9d2881,74b23a8e-ccad-453a-a0bd-2af02cb0a30b,1759834380659668231,848.013,966.328,1,39,,2.307325338849608,-22.810113770184223
d01ea4c3-1912-46a0-9798-db3d3f9d2881,74b23a8e-ccad-453a-a0bd-2af02cb0a30b,1759834380664668231,852.604,972.121,1,39,,2.6241327562263193,-23.179593909536887
d01ea4c3-1912-46a0-9798-db3d3f9d2881,74b23a8e-ccad-453a-a0bd-2af02cb0a30b,1759834380669674231,853.45,971.782,1,39,,2.681507392693179,-23.15745112611826
d01ea4c3-1912-46a0-9798-db3d3f9d2881,74b23a8e-ccad-453a-a0bd-2af02cb0a30b,1759834380674668231,851.118,965.963,1,39,,2.5182981319601923,-22.785375593992953
d01ea4c3-1912-46a0-9798-db3d3f9d2881,74b23a8e-ccad-453a-a0bd-2af02cb0a30b,1759834380679672231,847.015,967.317,1,39,,2.2400824843729894,-22.873933329991512
d01ea4c3-1912-46a0-9798-db3d3f9d2881,74b23a8e-ccad-453a-a0bd-2af02cb0a30b,1759834380684675231,853.645,971.553,1,39,,2.694582289917914,-23.142684799914896
d01ea4c3-1912-46a0-9798-db3d3f9d2881,74b23a8e-ccad-453a-a0bd-2af02cb0a30b,1759834380689669231,844.931,982.447,1,39,,2.107688883976755,-23.84514825683953
d01ea4c3-1912-46a0-9798-db3d3f9d2881,74b23a8e-ccad-453a-a0bd-2af02cb0a30b,1759834380694669231,846.802,979.902,1,39,,2.233872006344755,-23.6811650899747
d01ea4c3-1912-46a0-9798-db3d3f9d2881,74b23a8e-ccad-453a-a0bd-2af02cb0a30b,1759834380699669231,846.318,977.033,1,39,,2.198901527098807,-23.497321664875432
d01ea4c3-1912-46a0-9798-db3d3f9d2881,74b23a8e-ccad-453a-a0bd-2af02cb0a30b,1759834380704669231,841.743,982.835,1,39,,1.8898865501331303,-23.87119398775399
d01ea4c3-1912-46a0-9798-db3d3f9d2881,74b23a8e-ccad-453a-a0bd-2af02cb0a30b,1759834380709673231,848.03,972.65,1,39,,2.3127362888454455,-23.215509023428737
d01ea4c3-1912-46a0-9798-db3d3f9d2881,74b23a8e-ccad-453a-a0bd-2af02cb0a30b,1759834380714669231,853.542,972.489,1,39,,2.688317908880532,-23.202739594628383
d01ea4c3-1912-46a0-9798-db3d3f9d2881,74b23a8e-ccad-453a-a0bd-2af02cb0a30b,1759834380719672231,853.025,973.822,1,39,,2.654155096900489,-23.28843749910453
d01ea4c3-1912-46a0-9798-db3d3f9d2881,74b23a8e-ccad-453a-a0bd-2af02cb0a30b,1759834380724669231,851.865,975.367,1,39,,2.576279040861857,-23.388097646215982
d01ea4c3-1912-46a0-9798-db3d3f9d2881,74b23a8e-ccad-453a-a0bd-2af02cb0a30b,1759834380729669231,841.02,978.548,1,39,,1.8381036779517492,-23.596509032942716
d01ea4c3-1912-46a0-9798-db3d3f9d2881,74b23a8e-ccad-453a-a0bd-2af02cb0a30b,1759834380734669231,842.527,980.177,1,39,,1.9419409334505289,-23.700459140198223
d01ea4c3-1912-46a0-9798-db3d3f9d2881,74b23a8e-ccad-453a-a0bd-2af02cb0a30b,1759834380739669231,845.473,982.584,1,39,,2.144836594594056,-23.85371079186797
d01ea4c3-1912-46a0-9798-db3d3f9d2881,74b23a8e-ccad-453a-a0bd-2af02cb0a30b,1759834380744669231,847.476,977.995,1,39,,2.2786345995037225,-23.558588925127086
d01ea4c3-1912-46a0-9798-db3d3f9d2881,74b23a8e-ccad-453a-a0bd-2af02cb0a30b,1759834380749669231,852.725,980.824,1,39,,2.639302786024615,-23.737624924681345
d01ea4c3-1912-46a0-9798-db3d3f9d2881,74b23a8e-ccad-453a-a0bd-2af02cb0a30b,1759834380754669231,852.801,977.896,1,39,,2.642139391257981,-23.549843945575702
d01ea4c3-1912-46a0-9798-db3d3f9d2881,74b23a8e-ccad-453a-a0bd-2af02cb0a30b,1759834380759669231,852.238,972.612,1,39,,2.5995651030874907,-23.21125247441214
d01ea4c3-1912-46a0-9798-db3d3f9d2881,74b23a8e-ccad-453a-a0bd-2af02cb0a30b,1759834380764669231,846.342,976.047,1,39,,2.1998927903034597,-23.434079453490842
d01ea4c3-1912-46a0-9798-db3d3f9d2881,74b23a8e-ccad-453a-a0bd-2af02cb0a30b,1759834380769794231,844.907,976.755,1,39,,2.1024220265338345,-23.4800893550094
d01ea4c3-1912-46a0-9798-db3d3f9d2881,74b23a8e-ccad-453a-a0bd-2af02cb0a30b,1759834380774794231,836.316,974.903,1,39,,1.5151767766183677,-23.3641550752332
d01ea4c3-1912-46a0-9798-db3d3f9d2881,74b23a8e-ccad-453a-a0bd-2af02cb0a30b,1759834380779795231,840.209,972.788,1,39,,1.7796835791244008,-23.227302649646536
d01ea4c3-1912-46a0-9798-db3d3f9d2881,74b23a8e-ccad-453a-a0bd-2af02cb0a30b,1759834380784794231,841.859,974.3,1,39,,1.8930190444692312,-23.323747338442207
d01ea4c3-1912-46a0-9798-db3d3f9d2881,74b23a8e-ccad-453a-a0bd-2af02cb0a30b,1759834380789795231,850.897,982.568,1,39,,2.5157487809210206,-23.85033342560628
d01ea4c3-1912-46a0-9798-db3d3f9d2881,74b23a8e-ccad-453a-a0bd-2af02cb0a30b,1759834380794795231,832.518,960.676,1,39,,1.2511715690595873,-22.452584143557406
d01ea4c3-1912-46a0-9798-db3d3f9d2881,74b23a8e-ccad-453a-a0bd-2af02cb0a30b,1759834380799795231,839.674,965.628,1,39,,1.7396070634962546,-22.76822288272645
d01ea4c3-1912-46a0-9798-db3d3f9d2881,74b23a8e-ccad-453a-a0bd-2af02cb0a30b,1759834380804795231,844.894,969.036,1,39,,2.0967652682260782,-22.9849712385062
d01ea4c3-1912-46a0-9798-db3d3f9d2881,74b23a8e-ccad-453a-a0bd-2af02cb0a30b,1759834380809807231,848.539,967.39,1,39,,2.3438371537907354,-22.877980149232584
d01ea4c3-1912-46a0-9798-db3d3f9d2881,74b23a8e-ccad-453a-a0bd-2af02cb0a30b,1759834380814795231,850.396,966.21,1,39,,2.469349371830157,-22.801526162197078
d01ea4c3-1912-46a0-9798-db3d3f9d2881,74b23a8e-ccad-453a-a0bd-2af02cb0a30b,1759834380819795231,849.463,973.093,1,39,,2.4107571256581877,-23.24333304298688
d01ea4c3-1912-46a0-9798-db3d3f9d2881,74b23a8e-ccad-453a-a0bd-2af02cb0a30b,1759834380824795231,853.877,972.363,1,39,,2.711082472231292,-23.194480297588992
d01ea4c3-1912-46a0-9798-db3d3f9d2881,74b23a8e-ccad-453a-a0bd-2af02cb0a30b,1759834380829795231,854.94,970.131,1,39,,2.781645631597814,-23.05083248493515
d01ea4c3-1912-46a0-9798-db3d3f9d2881,74b23a8e-ccad-453a-a0bd-2af02cb0a30b,1759834380834795231,855.395,971.198,1,39,,2.813545201988212,-23.119038111464384
d01ea4c3-1912-46a0-9798-db3d3f9d2881,74b23a8e-ccad-453a-a0bd-2af02cb0a30b,1759834380839795231,836.216,986.076,1,39,,1.5133573757417604,-24.0809134921306
d01ea4c3-1912-46a0-9798-db3d3f9d2881,74b23a8e-ccad-453a-a0bd-2af02cb0a30b,1759834380844795231,848.233,975.156,1,39,,2.3283505006212253,-23.376156758701867
d01ea4c3-1912-46a0-9798-db3d3f9d2881,74b23a8e-ccad-453a-a0bd-2af02cb0a30b,1759834380849795231,855.66,966.795,1,39,,2.82787941485925,-22.836578243081497
d01ea4c3-1912-46a0-9798-db3d3f9d2881,74b23a8e-ccad-453a-a0bd-2af02cb0a30b,1759834380854795231,856.847,966.076,1,39,,2.9080283823088924,-22.789865414892258
d01ea4c3-1912-46a0-9798-db3d3f9d2881,74b23a8e-ccad-453a-a0bd-2af02cb0a30b,1759834380859795231,854.481,965.907,1,39,,2.746947627787332,-22.78023297796471
d01ea4c3-1912-46a0-9798-db3d3f9d2881,74b23a8e-ccad-453a-a0bd-2af02cb0a30b,1759834380864795231,854.31,967.173,1,39,,2.7363641872070485,-22.861479730690544
d01ea4c3-1912-46a0-9798-db3d3f9d2881,74b23a8e-ccad-453a-a0bd-2af02cb0a30b,1759834380869801231,853.368,969.727,1,39,,2.674258277567965,-23.025673689131324
d01ea4c3-1912-46a0-9798-db3d3f9d2881,74b23a8e-ccad-453a-a0bd-2af02cb0a30b,1759834380874799231,855.285,972.706,1,39,,2.8073189079050676,-23.215792426480597
d01ea4c3-1912-46a0-9798-db3d3f9d2881,74b23a8e-ccad-453a-a0bd-2af02cb0a30b,1759834380879795231,868.803,975.191,1,39,,3.7314250173990797,-23.36732353262656
d01ea4c3-1912-46a0-9798-db3d3f9d2881,74b23a8e-ccad-453a-a0bd-2af02cb0a30b,1759834380884796231,865.236,972.657,1,39,,3.485491269131611,-23.207152010557525
d01ea4c3-1912-46a0-9798-db3d3f9d2881,74b23a8e-ccad-453a-a0bd-2af02cb0a30b,1759834380889809231,859.697,974.932,1,39,,3.1101346444679256,-23.356213095990892
d01ea4c3-1912-46a0-9798-db3d3f9d2881,74b23a8e-ccad-453a-a0bd-2af02cb0a30b,1759834380894796231,860.275,970.218,1,39,,3.1450738925410624,-23.053662375143226
d01ea4c3-1912-46a0-9798-db3d3f9d2881,74b23a8e-ccad-453a-a0bd-2af02cb0a30b,1759834380899796231,862.698,970.968,1,39,,3.3107819870961825,-23.100381411193997
d01ea4c3-1912-46a0-9798-db3d3f9d2881,74b23a8e-ccad-453a-a0bd-2af02cb0a30b,1759834380904796231,865.302,975.007,1,39,,3.4924380022675274,-23.357769952570358
d01ea4c3-1912-46a0-9798-db3d3f9d2881,74b23a8e-ccad-453a-a0bd-2af02cb0a30b,1759834380909930231,864.696,975.294,1,39,,3.4513983318145938,-23.376552619312495
d01ea4c3-1912-46a0-9798-db3d3f9d2881,74b23a8e-ccad-453a-a0bd-2af02cb0a30b,1759834380914921231,861.393,973.934,1,39,,3.2247721234951037,-23.291274277910432
d01ea4c3-1912-46a0-9798-db3d3f9d2881,74b23a8e-ccad-453a-a0bd-2af02cb0a30b,1759834380919921231,866.098,969.729,1,39,,3.5410437456841346,-23.01891498395693
d01ea4c3-1912-46a0-9798-db3d3f9d2881,74b23a8e-ccad-453a-a0bd-2af02cb0a30b,1759834380924921231,852.945,980.197,1,39,,2.6538530830854588,-23.697312442010777
d01ea4c3-1912-46a0-9798-db3d3f9d2881,74b23a8e-ccad-453a-a0bd-2af02cb0a30b,1759834380929924231,869.069,971.442,1,39,,3.7453078715051253,-23.12684570740712
d01ea4c3-1912-46a0-9798-db3d3f9d2881,74b23a8e-ccad-453a-a0bd-2af02cb0a30b,1759834380934926231,868.179,972.204,1,39,,3.6855319723483255,-23.176283069280768
d01ea4c3-1912-46a0-9798-db3d3f9d2881,74b23a8e-ccad-453a-a0bd-2af02cb0a30b,1759834380939921231,865.946,971.898,1,,,3.533015436113584,-23.158031373974897
d01ea4c3-1912-46a0-9798-db3d3f9d2881,74b23a8e-ccad-453a-a0bd-2af02cb0a30b,1759834380944921231,866.138,976.045,1,,,3.5505966509050304,-23.423780340018155
d01ea4c3-1912-46a0-9798-db3d3f9d2881,74b23a8e-ccad-453a-a0bd-2af02cb0a30b,1759834380949921231,866.025,975.772,1,,,3.542580414229113,-23.40635664840542
d01ea4c3-1912-46a0-9798-db3d3f9d2881,74b23a8e-ccad-453a-a0bd-2af02cb0a30b,1759834380954921231,869.298,965.888,1,,,3.7546332806774823,-22.770674260479403
d01ea4c3-1912-46a0-9798-db3d3f9d2881,74b23a8e-ccad-453a-a0bd-2af02cb0a30b,1759834380959921231,896.728,931.222,1,,,5.564699313680135,-20.52828369677013
d01ea4c3-1912-46a0-9798-db3d3f9d2881,74b23a8e-ccad-453a-a0bd-2af02cb0a30b,1759834380964921231,925.77,897.042,1,,,7.45440791164963,-18.311453817610726
d01ea4c3-1912-46a0-9798-db3d3f9d2881,74b23a8e-ccad-453a-a0bd-2af02cb0a30b,1759834380969921231,938.958,858.801,1,,,8.265037383475942,-15.848908611489602
d01ea4c3-1912-46a0-9798-db3d3f9d2881,74b23a8e-ccad-453a-a0bd-2af02cb0a30b,1759834380974921231,959.68,825.76,1,,,9.575549136304183,-13.711886976861292
d01ea4c3-1912-46a0-9798-db3d3f9d2881,74b23a8e-ccad-453a-a0bd-2af02cb0a30b,1759834380979921231,951.034,804.226,1,,,8.977215237163245,-12.339962149928521
d01ea4c3-1912-46a0-9798-db3d3f9d2881,74b23a8e-ccad-453a-a0bd-2af02cb0a30b,1759834380984931231,950.014,761.601,1,,,8.860204895093009,-9.605411529748732
d01ea4c3-1912-46a0-9798-db3d3f9d2881,74b23a8e-ccad-453a-a0bd-2af02cb0a30b,1759834380989921231,987.298,722.689,1,,,11.2398502702575,-7.08444553962246
d01ea4c3-1912-46a0-9798-db3d3f9d2881,74b23a8e-ccad-453a-a0bd-2af02cb0a30b,1759834380994922231,986.765,690.55,1,,,11.179412708225684,-5.023816546632576
d01ea4c3-1912-46a0-9798-db3d3f9d2881,74b23a8e-ccad-453a-a0bd-2af02cb0a30b,1759834380999922231,977.217,654.074,1,,,10.545474965695174,-2.685439477856857
d01ea4c3-1912-46a0-9798-db3d3f9d2881,74b23a8e-ccad-453a-a0bd-2af02cb0a30b,1759834381004922231,986.087,645.041,1,,,11.114385177368625,-2.1036165601886734
d01ea4c3-1912-46a0-9798-db3d3f9d2881,74b23a8e-ccad-453a-a0bd-2af02cb0a30b,1759834381009922231,993.45,636.815,1,,,11.586632886229674,-1.574504475451147
d01ea4c3-1912-46a0-9798-db3d3f9d2881,74b23a8e-ccad-453a-a0bd-2af02cb0a30b,1759834381014922231,986.218,627.821,1,,,11.11937738778815,-0.9981608092244215
d01ea4c3-1912-46a0-9798-db3d3f9d2881,74b23a8e-ccad-453a-a0bd-2af02cb0a30b,1759834381019928231,993.854,630.379,1,40,,11.611422033599535,-1.1615454044801272
d01ea4c3-1912-46a0-9798-db3d3f9d2881,74b23a8e-ccad-453a-a0bd-2af02cb0a30b,1759834381024922231,1001.272,642.542,1,40,,12.091672394727325,-1.9404367239464704
d01ea4c3-1912-46a0-9798-db3d3f9d2881,74b23a8e-ccad-453a-a0bd-2af02cb0a30b,1759834381029922231,1005.708,640.198,1,40,,12.37660192961461,-1.7894043450185315
d01ea4c3-1912-46a0-9798-db3d3f9d2881,74b23a8e-ccad-453a-a0bd-2af02cb0a30b,1759834381034922231,1001.73,622.933,1,40,,12.117550172642128,-0.6833127862040855
d01ea4c3-1912-46a0-9798-db3d3f9d2881,74b23a8e-ccad-453a-a0bd-2af02cb0a30b,1759834381039922231,994.138,633.288,1,40,,11.630197342573682,-1.3481040400121684
d01ea4c3-1912-46a0-9798-db3d3f9d2881,74b23a8e-ccad-453a-a0bd-2af02cb0a30b,1759834381045047231,996.129,636.145,1,40,,11.759009289919499,-1.5310973659982139
d01ea4c3-1912-46a0-9798-db3d3f9d2881,74b23a8e-ccad-453a-a0bd-2af02cb0a30b,1759834381050048231,1003.828,632.864,1,40,,12.253972517077221,-1.3196968278392134
d01ea4c3-1912-46a0-9798-db3d3f9d2881,74b23a8e-ccad-453a-a0bd-2af02cb0a30b,1759834381055047231,1004.817,632.064,1,40,,12.317476585720993,-1.2683190056991767
d01ea4c3-1912-46a0-9798-db3d3f9d2881,74b23a8e-ccad-453a-a0bd-2af02cb0a30b,1759834381060051231,1003.435,633.257,1,40,,12.228719050332838,-1.3449533496408164
d01ea4c3-1912-46a0-9798-db3d3f9d2881,74b23a8e-ccad-453a-a0bd-2af02cb0a30b,1759834381065047231,1005.278,634.086,1,40,,12.347562396709732,-1.397850601821172
d01ea4c3-1912-46a0-9798-db3d3f9d2881,74b23a8e-ccad-453a-a0bd-2af02cb0a30b,1759834381070050231,1009.002,632.091,1,40,,12.586817142055445,-1.269496049382159
d01ea4c3-1912-46a0-9798-db3d3f9d2881,74b23a8e-ccad-453a-a0bd-2af02cb0a30b,1759834381075047231,1010.849,633.189,1,40,,12.70586969360333,-1.3395804185954086
d01ea4c3-1912-46a0-9798-db3d3f9d2881,74b23a8e-ccad-453a-a0bd-2af02cb0a30b,1759834381080047231,1007.925,633.371,1,40,,12.517764387342895,-1.3516816821309652
d01ea4c3-1912-46a0-9798-db3d3f9d2881,74b23a8e-ccad-453a-a0bd-2af02cb0a30b,1759834381085047231,1009.466,633.734,1,40,,12.617011224664132,-1.3747171027467417
d01ea4c3-1912-46a0-9798-db3d3f9d2881,74b23a8e-ccad-453a-a0bd-2af02cb0a30b,1759834381090047231,1007.582,635.914,1,40,,12.496198003396644,-1.5146088211675635
d01ea4c3-1912-46a0-9798-db3d3f9d2881,74b23a8e-ccad-453a-a0bd-2af02cb0a30b,1759834381095048231,1006.443,635.692,1,40,,12.422864301326365,-1.5005907776971958
d01ea4c3-1912-46a0-9798-db3d3f9d2881,74b23a8e-ccad-453a-a0bd-2af02cb0a30b,1759834381100047231,1007.302,635.878,1,40,,12.478191389168316,-1.5123709976904531
d01ea4c3-1912-46a0-9798-db3d3f9d2881,74b23a8e-ccad-453a-a0bd-2af02cb0a30b,1759834381105048231,1008.415,630.31,1,40,,12.548732853588838,-1.1554962353977691
d01ea4c3-1912-46a0-9798-db3d3f9d2881,74b23a8e-ccad-453a-a0bd-2af02cb0a30b,1759834381110048231,1012.699,626.561,1,40,,12.823827006848889,-0.9149028514458118
d01ea4c3-1912-46a0-9798-db3d3f9d2881,74b23a8e-ccad-453a-a0bd-2af02cb0a30b,1759834381115048231,1010.981,631.989,1,40,,12.71416800371302,-1.262753125523955
d01ea4c3-1912-46a0-9798-db3d3f9d2881,74b23a8e-ccad-453a-a0bd-2af02cb0a30b,1759834381120052231,1005.821,636.669,1,40,,12.383066862253505,-1.5632923933230467
d01ea4c3-1912-46a0-9798-db3d3f9d2881,74b23a8e-ccad-453a-a0bd-2af02cb0a30b,1759834381125051231,1008.005,632.702,1,40,,12.522768334536925,-1.3088091367964512
d01ea4c3-1912-46a0-9798-db3d3f9d2881,74b23a8e-ccad-453a-a0bd-2af02cb0a30b,1759834381130048231,1004.026,633.57,1,40,,12.2668318179554,-1.3649005334704452
d01ea4c3-1912-46a0-9798-db3d3f9d2881,74b23a8e-ccad-453a-a0bd-2af02cb0a30b,1759834381135048231,1004.977,633.473,1,40,,12.328007364506876,-1.3585734747900458
d01ea4c3-1912-46a0-9798-db3d3f9d2881,74b23a8e-ccad-453a-a0bd-2af02cb0a30b,1759834381140048231,1005.218,634.507,1,40,,12.343767319243067,-1.4248398455990354
d01ea4c3-1912-46a0-9798-db3d3f9d2881,74b23a8e-ccad-453a-a0bd-2af02cb0a30b,1759834381145048231,1004.663,634.435,1,40,,12.308042741334706,-1.4202509161082657
d01ea4c3-1912-46a0-9798-db3d3f9d2881,74b23a8e-ccad-453a-a0bd-2af02cb0a30b,1759834381150048231,999.937,633.468,1,40,,12.003586498665808,-1.3589255209353448
d01ea4c3-1912-46a0-9798-db3d3f9d2881,74b23a8e-ccad-453a-a0bd-2af02cb0a30b,1759834381155048231,1007.126,637.306,1,40,,12.46714772086411,-1.6039182593116266
d01ea4c3-1912-46a0-9798-db3d3f9d2881,74b23a8e-ccad-453a-a0bd-2af02cb0a30b,1759834381160048231,1007.618,636.853,1,40,,12.498736225710823,-1.5748128001360453
d01ea4c3-1912-46a0-9798-db3d3f9d2881,74b23a8e-ccad-453a-a0bd-2af02cb0a30b,1759834381165048231,1006.656,635.009,1,,,12.436447110980811,-1.4568045623643127
d01ea4c3-1912-46a0-9798-db3d3f9d2881,74b23a8e-ccad-453a-a0bd-2af02cb0a30b,1759834381170048231,1009.662,634.171,1,,,12.62968910439403,-1.402656467222931
d01ea4c3-1912-46a0-9798-db3d3f9d2881,74b23a8e-ccad-453a-a0bd-2af02cb0a30b,1759834381175048231,1015.853,628.138,1,,,13.026920132857049,-1.015524725239695
d01ea4c3-1912-46a0-9798-db3d3f9d2881,74b23a8e-ccad-453a-a0bd-2af02cb0a30b,1759834381180179231,1016.282,621.64,1,,,13.053771249832739,-0.5995187220294769
d01ea4c3-1912-46a0-9798-db3d3f9d2881,74b23a8e-ccad-453a-a0bd-2af02cb0a30b,1759834381185177231,1032.073,607.869,1,,,14.068888725017052,0.2816645057211048
d01ea4c3-1912-46a0-9798-db3d3f9d2881,74b23a8e-ccad-453a-a0bd-2af02cb0a30b,1759834381190173231,1025.235,610.898,1,41,,13.62912166347175,0.08812999828660177
d01ea4c3-1912-46a0-9798-db3d3f9d2881,74b23a8e-ccad-453a-a0bd-2af02cb0a30b,1759834381195174231,1019.506,612.031,1,41,,13.260691153831038,0.015667535481878502
d01ea4c3-1912-46a0-9798-db3d3f9d2881,74b23a8e-ccad-453a-a0bd-2af02cb0a30b,1759834381200173231,1019.637,613.561,1,41,,13.26916438570924,-0.08226267808996596
d01ea4c3-1912-46a0-9798-db3d3f9d2881,74b23a8e-ccad-453a-a0bd-2af02cb0a30b,1759834381205181231,1018.269,613.488,1,41,,13.181176145058165,-0.07758390753380401
d01ea4c3-1912-46a0-9798-db3d3f9d2881,74b23a8e-ccad-453a-a0bd-2af02cb0a30b,1759834381210174231,1025.771,615.029,1,41,,13.663638860631265,-0.17606738835125776
d01ea4c3-1912-46a0-9798-db3d3f9d2881,74b23a8e-ccad-453a-a0bd-2af02cb0a30b,1759834381215174231,1025.945,623.061,1,41,,13.675326396763896,-0.6897718389019762
d01ea4c3-1912-46a0-9798-db3d3f9d2881,74b23a8e-ccad-453a-a0bd-2af02cb0a30b,1759834381220184231,1024.057,622.92,1,41,,13.553957172763273,-0.6808621204794187
d01ea4c3-1912-46a0-9798-db3d3f9d2881,74b23a8e-ccad-453a-a0bd-2af02cb0a30b,1759834381225174231,1028.255,621.521,1,41,,13.823688069470357,-0.5911207709567631
d01ea4c3-1912-46a0-9798-db3d3f9d2881,74b23a8e-ccad-453a-a0bd-2af02cb0a30b,1759834381230174231,1039.887,622.53,1,41,,14.571551010127177,-0.6547491789067579
d01ea4c3-1912-46a0-9798-db3d3f9d2881,74b23a8e-ccad-453a-a0bd-2af02cb0a30b,1759834381235174231,1038.966,618.156,1,41,,14.511940456172288,-0.3754682954180689
d01ea4c3-1912-46a0-9798-db3d3f9d2881,74b23a8e-ccad-453a-a0bd-2af02cb0a30b,1759834381240187231,1035.827,619.101,1,41,,14.310294031148615,-0.4360062168726033
d01ea4c3-1912-46a0-9798-db3d3f9d2881,74b23a8e-ccad-453a-a0bd-2af02cb0a30b,1759834381245174231,1039.674,614.024,1,41,,14.557322852849753,-0.11156510486952702
d01ea4c3-1912-46a0-9798-db3d3f9d2881,74b23a8e-ccad-453a-a0bd-2af02cb0a30b,1759834381250175231,1037.72,618.137,1,41,,14.431879142558534,-0.37433273261422667
d01ea4c3-1912-46a0-9798-db3d3f9d2881,74b23a8e-ccad-453a-a0bd-2af02cb0a30b,1759834381255174231,1045.152,616.633,1,41,,14.909403186868891,-0.27800949426895843
d01ea4c3-1912-46a0-9798-db3d3f9d2881,74b23a8e-ccad-453a-a0bd-2af02cb0a30b,1759834381260174231,1035.468,614.498,1,41,,14.287011182198052,-0.14190824545891714
d01ea4c3-1912-46a0-9798-db3d3f9d2881,74b23a8e-ccad-453a-a0bd-2af02cb0a30b,1759834381265174231,1035.757,614.558,1,41,,14.305599688879509,-0.14578632223459712
d01ea4c3-1912-46a0-9798-db3d3f9d2881,74b23a8e-ccad-453a-a0bd-2af02cb0a30b,1759834381270174231,1039.493,606.638,1,41,,14.545849414678553,0.36014304958935983
d01ea4c3-1912-46a0-9798-db3d3f9d2881,74b23a8e-ccad-453a-a0bd-2af02cb0a30b,1759834381275174231,1030.359,613.886,1,41,,13.958603774132678,-0.10287865092849145
d01ea4c3-1912-46a0-9798-db3d3f9d2881,74b23a8e-ccad-453a-a0bd-2af02cb0a30b,1759834381280174231,1032.177,612.804,1,41,,14.075450074892712,-0.03371358085172272
d01ea4c3-1912-46a0-9798-db3d3f9d2881,74b23a8e-ccad-453a-a0bd-2af02cb0a30b,1759834381285174231,1032.967,610.751,1,41,,14.126223517617387,0.09750288873623893
d01ea4c3-1912-46a0-9798-db3d3f9d2881,74b23a8e-ccad-453a-a0bd-2af02cb0a30b,1759834381290174231,1033.123,610.352,1,41,,14.136277223258372,0.12301568409645408
d01ea4c3-1912-46a0-9798-db3d3f9d2881,74b23a8e-ccad-453a-a0bd-2af02cb0a30b,1759834381295174231,1031.97,611.105,1,41,,14.062171144900754,0.07488280334948803
d01ea4c3-1912-46a0-9798-db3d3f9d2881,74b23a8e-ccad-453a-a0bd-2af02cb0a30b,1759834381300174231,1031.263,615.742,1,41,,14.016749254310957,-0.22151669022714662
d01ea4c3-1912-46a0-9798-db3d3f9d2881,74b23a8e-ccad-453a-a0bd-2af02cb0a30b,1759834381305174231,1029.869,614.881,1,41,,13.92707493206298,-0.16655416994842517
d01ea4c3-1912-46a0-9798-db3d3f9d2881,74b23a8e-ccad-453a-a0bd-2af02cb0a30b,1759834381310175231,1029.291,615.904,1,41,,13.889991698760909,-0.23192056933189065
d01ea4c3-1912-46a0-9798-db3d3f9d2881,74b23a8e-ccad-453a-a0bd-2af02cb0a30b,1759834381315306231,1029.38,615.133,1,41,,13.895697585094288,-0.1826300733656705
d01ea4c3-1912-46a0-9798-db3d3f9d2881,74b23a8e-ccad-453a-a0bd-2af02cb0a30b,1759834381320300231,1028.411,613.776,1,41,,13.83331102170009,-0.09590335327092814
d01ea4c3-1912-46a0-9798-db3d3f9d2881,74b23a8e-ccad-453a-a0bd-2af02cb0a30b,1759834381325308231,1022.26,615.74,1,41,,13.437889072492375,-0.22167175191073726
d01ea4c3-1912-46a0-9798-db3d3f9d2881,74b23a8e-ccad-453a-a0bd-2af02cb0a30b,1759834381330300231,1026.423,611.819,1,41,,13.705550291654573,0.029225882669023536
d01ea4c3-1912-46a0-9798-db3d3f9d2881,74b23a8e-ccad-453a-a0bd-2af02cb0a30b,1759834381335300231,1025.842,613.919,1,41,,13.66814666764466,-0.10506306796183884
d01ea4c3-1912-46a0-9798-db3d3f9d2881,74b23a8e-ccad-453a-a0bd-2af02cb0a30b,1759834381340300231,1026.36,614.019,1,41,,13.701505683747946,-0.11147622153811655
d01ea4c3-1912-46a0-9798-db3d3f9d2881,74b23a8e-ccad-453a-a0bd-2af02cb0a30b,1759834381345300231,1023.923,616.829,1,41,,13.54487216282253,-0.2912689911171049
d01ea4c3-1912-46a0-9798-db3d3f9d2881,74b23a8e-ccad-453a-a0bd-2af02cb0a30b,1759834381350300231,1021.257,616.893,1,41,,13.373433838577803,-0.29542221245169825
d01ea4c3-1912-46a0-9798-db3d3f9d2881,74b23a8e-ccad-453a-a0bd-2af02cb0a30b,1759834381355300231,1019.518,626.63,1,41,,13.262483555316258,-0.9186849287463872
d01ea4c3-1912-46a0-9798-db3d3f9d2881,74b23a8e-ccad-453a-a0bd-2af02cb0a30b,1759834381360300231,1020.028,626.582,1,41,,13.295253309003668,-0.9155532789018527
d01ea4c3-1912-46a0-9798-db3d3f9d2881,74b23a8e-ccad-453a-a0bd-2af02cb0a30b,1759834381365300231,1012.409,630.233,1,41,,12.805726113761583,-1.1500719877558028
d01ea4c3-1912-46a0-9798-db3d3f9d2881,74b23a8e-ccad-453a-a0bd-2af02cb0a30b,1759834381370304231,1012.384,629.631,1,41,,12.803999338737105,-1.1115499811457648
d01ea4c3-1912-46a0-9798-db3d3f9d2881,74b23a8e-ccad-453a-a0bd-2af02cb0a30b,1759834381375300231,1008.47,628.589,1,41,,12.551991574032353,-1.0452509817097737
d01ea4c3-1912-46a0-9798-db3d3f9d2881,74b23a8e-ccad-453a-a0bd-2af02cb0a30b,1759834381380311231,1017.969,640.786,1,41,,13.165812357691667,-1.8248261150158671
d01ea4c3-1912-46a0-9798-db3d3f9d2881,74b23a8e-ccad-453a-a0bd-2af02cb0a30b,1759834381385300231,1016.286,636.485,1,41,,13.056423065659885,-1.5498207655746319
d01ea4c3-1912-46a0-9798-db3d3f9d2881,74b23a8e-ccad-453a-a0bd-2af02cb0a30b,1759834381390313231,1014.313,634.139,1,41,,12.928977791636088,-1.3999384269869963
d01ea4c3-1912-46a0-9798-db3d3f9d2881,74b23a8e-ccad-453a-a0bd-2af02cb0a30b,1759834381395300231,1015.277,633.295,1,41,,12.99079641263861,-1.345808582780611
d01ea4c3-1912-46a0-9798-db3d3f9d2881,74b23a8e-ccad-453a-a0bd-2af02cb0a30b,1759834381400300231,1012.008,631.779,1,41,,12.780185779988976,-1.2491630764896653
d01ea4c3-1912-46a0-9798-db3d3f9d2881,74b23a8e-ccad-453a-a0bd-2af02cb0a30b,1759834381405305231,1010.065,632.514,1,41,,12.655277615050375,-1.2964930600906228
d01ea4c3-1912-46a0-9798-db3d3f9d2881,74b23a8e-ccad-453a-a0bd-2af02cb0a30b,1759834381410301231,1009.871,632.822,1,41,,12.64285101336393,-1.3162349554518968
d01ea4c3-1912-46a0-9798-db3d3f9d2881,74b23a8e-ccad-453a-a0bd-2af02cb0a30b,1759834381415300231,1009.666,634.468,1,41,,12.629982581532753,-1.4216846441656075
d01ea4c3-1912-46a0-9798-db3d3f9d2881,74b23a8e-ccad-453a-a0bd-2af02cb0a30b,1759834381420301231,1008.663,629.182,1,41,,12.564474979575666,-1.0831833402694286
d01ea4c3-1912-46a0-9798-db3d3f9d2881,74b23a8e-ccad-453a-a0bd-2af02cb0a30b,1759834381425303231,1016.677,624.843,1,41,,13.079483278912882,-0.8045165064756195
d01ea4c3-1912-46a0-9798-db3d3f9d2881,74b23a8e-ccad-453a-a0bd-2af02cb0a30b,1759834381430303231,1013.177,629.877,1,41,,12.855074913146932,-1.127195057119196
d01ea4c3-1912-46a0-9798-db3d3f9d2881,74b23a8e-ccad-453a-a0bd-2af02cb0a30b,1759834381435309231,1012.715,632.671,1,41,,12.825836793921766,-1.3061464602111075
d01ea4c3-1912-46a0-9798-db3d3f9d2881,74b23a8e-ccad-453a-a0bd-2af02cb0a30b,1759834381440301231,1011.078,631.578,1,41,,12.720325171580008,-1.2363963025321836
d01ea4c3-1912-46a0-9798-db3d3f9d2881,74b23a8e-ccad-453a-a0bd-2af02cb0a30b,1759834381445301231,1010.714,627.268,1,41,,12.696206605907165,-0.9603654661429178
d01ea4c3-1912-46a0-9798-db3d3f9d2881,74b23a8e-ccad-453a-a0bd-2af02cb0a30b,1759834381450426231,1010.341,627.41,1,41,,12.672188301353435,-0.9695037878138376
d01ea4c3-1912-46a0-9798-db3d3f9d2881,74b23a8e-ccad-453a-a0bd-2af02cb0a30b,1759834381455307231,1009.608,610.157,1,41,,12.624018603619243,0.1356666791526618
d01ea4c3-1912-46a0-9798-db3d3f9d2881,74b23a8e-ccad-453a-a0bd-2af02cb0a30b,1759834381460426231,1013.152,614.159,1,41,,12.852008983639832,-0.12062803535264888
d01ea4c3-1912-46a0-9798-db3d3f9d2881,74b23a8e-ccad-453a-a0bd-2af02cb0a30b,1759834381465426231,1012.746,619.102,1,41,,12.826109525073676,-0.437201814615305
d01ea4c3-1912-46a0-9798-db3d3f9d2881,74b23a8e-ccad-453a-a0bd-2af02cb0a30b,1759834381470426231,1014.107,620.072,1,41,,12.913731875100416,-0.49923174000832926
d01ea4c3-1912-46a0-9798-db3d3f9d2881,74b23a8e-ccad-453a-a0bd-2af02cb0a30b,1759834381475426231,1017.497,621.647,1,41,,13.131900143243726,-0.5998817453922899
d01ea4c3-1912-46a0-9798-db3d3f9d2881,74b23a8e-ccad-453a-a0bd-2af02cb0a30b,1759834381480426231,1019.784,623.607,1,41,,13.279199499501509,-0.7251969890993573
d01ea4c3-1912-46a0-9798-db3d3f9d2881,74b23a8e-ccad-453a-a0bd-2af02cb0a30b,1759834381485426231,1013.977,630.659,1,41,,12.906632646704576,-1.177150030663263
d01ea4c3-1912-46a0-9798-db3d3f9d2881,74b23a8e-ccad-453a-a0bd-2af02cb0a30b,1759834381490426231,1012.164,629.407,1,41,,12.78978156905233,-1.0972217473630614
d01ea4c3-1912-46a0-9798-db3d3f9d2881,74b23a8e-ccad-453a-a0bd-2af02cb0a30b,1759834381495426231,1012.351,624.795,1,41,,12.801176534267245,-0.8018600822221623
d01ea4c3-1912-46a0-9798-db3d3f9d2881,74b23a8e-ccad-453a-a0bd-2af02cb0a30b,1759834381500426231,1013.392,623.62,1,41,,12.868005689529129,-0.7265230847099112
d01ea4c3-1912-46a0-9798-db3d3f9d2881,74b23a8e-ccad-453a-a0bd-2af02cb0a30b,1759834381505426231,1022.469,633.998,1,41,,13.453607626620903,-1.389740256376783
d01ea4c3-1912-46a0-9798-db3d3f9d2881,74b23a8e-ccad-453a-a0bd-2af02cb0a30b,1759834381510426231,1021.717,633.09,1,41,,13.40502391210453,-1.3317486904405196
d01ea4c3-1912-46a0-9798-db3d3f9d2881,74b23a8e-ccad-453a-a0bd-2af02cb0a30b,1759834381515430231,1021.181,630.738,1,41,,13.370077759726687,-1.1813738987651614
d01ea4c3-1912-46a0-9798-db3d3f9d2881,74b23a8e-ccad-453a-a0bd-2af02cb0a30b,1759834381520431231,1022.828,621.964,1,41,,13.474802561457613,-0.6197939608478419
d01ea4c3-1912-46a0-9798-db3d3f9d2881,74b23a8e-ccad-453a-a0bd-2af02cb0a30b,1759834381525427231,1019.141,619.699,1,41,,13.237515353482088,-0.47508279872286496
d01ea4c3-1912-46a0-9798-db3d3f9d2881,74b23a8e-ccad-453a-a0bd-2af02cb0a30b,1759834381530427231,1014.694,621.902,1,41,,12.951634371097624,-0.616382113630017
d01ea4c3-1912-46a0-9798-db3d3f9d2881,74b23a8e-ccad-453a-a0bd-2af02cb0a30b,1759834381535427231,1008.173,628.22,1,41,,12.532847240706879,-1.0215811464247528
d01ea4c3-1912-46a0-9798-db3d3f9d2881,74b23a8e-ccad-453a-a0bd-2af02cb0a30b,1759834381540429231,1007.524,628.008,1,41,,12.491006658667068,-1.0081247711445152
d01ea4c3-1912-46a0-9798-db3d3f9d2881,74b23a8e-ccad-453a-a0bd-2af02cb0a30b,1759834381545427231,1010.587,624.265,1,41,,12.687606465894735,-0.7680087922152843
d01ea4c3-1912-46a0-9798-db3d3f9d2881,74b23a8e-ccad-453a-a0bd-2af02cb0a30b,1759834381550427231,1009.011,627.506,1,41,,12.58666832103136,-0.9758050105192065
d01ea4c3-1912-46a0-9798-db3d3f9d2881,74b23a8e-ccad-453a-a0bd-2af02cb0a30b,1759834381555427231,1010.68,629.775,1,41,,12.694360517533319,-1.1209267006964287
d01ea4c3-1912-46a0-9798-db3d3f9d2881,74b23a8e-ccad-453a-a0bd-2af02cb0a30b,1759834381560427231,1011.941,627.892,1,41,,12.77524794353029,-1.0002258503989638
d01ea4c3-1912-46a0-9798-db3d3f9d2881,74b23a8e-ccad-453a-a0bd-2af02cb0a30b,1759834381565427231,1007.834,629.483,1,41,,12.511197124149719,-1.1025447838875508
d01ea4c3-1912-46a0-9798-db3d3f9d2881,74b23a8e-ccad-453a-a0bd-2af02cb0a30b,1759834381570427231,1010.762,629.21,1,41,,12.699566385468547,-1.0847395662811914
d01ea4c3-1912-46a0-9798-db3d3f9d2881,74b23a8e-ccad-453a-a0bd-2af02cb0a30b,1759834381575431231,1009.815,626.164,1,41,,12.638169590447536,-0.8897522082949532
d01ea4c3-1912-46a0-9798-db3d3f9d2881,74b23a8e-ccad-453a-a0bd-2af02cb0a30b,1759834381580427231,1008.641,628.911,1,,,12.563010090662361,-1.0658204388443684
d01ea4c3-1912-46a0-9798-db3d3f9d2881,74b23a8e-ccad-453a-a0bd-2af02cb0a30b,1759834381585565231,1007.299,625.591,1,,,12.476220072265308,-0.8532727649788668
d01ea4c3-1912-46a0-9798-db3d3f9d2881,74b23a8e-ccad-453a-a0bd-2af02cb0a30b,1759834381590552231,997.586,626.56,1,,,11.851158163400335,-0.9161930317612392
d01ea4c3-1912-46a0-9798-db3d3f9d2881,74b23a8e-ccad-453a-a0bd-2af02cb0a30b,1759834381595552231,971.617,619.345,1,,,10.178024696121058,-0.454573669034856
d01ea4c3-1912-46a0-9798-db3d3f9d2881,74b23a8e-ccad-453a-a0bd-2af02cb0a30b,1759834381600552231,935.96,632.479,1,,,7.880047667433854,-1.3021810511188225
d01ea4c3-1912-46a0-9798-db3d3f9d2881,74b23a8e-ccad-453a-a0bd-2af02cb0a30b,1759834381605552231,898.974,631.717,1,,,5.492272205687557,-1.2556761999480377
d01ea4c3-1912-46a0-9798-db3d3f9d2881,74b23a8e-ccad-453a-a0bd-2af02cb0a30b,1759834381610552231,854.474,625.04,1,,,2.616498506953086,-0.8258128813433219
d01ea4c3-1912-46a0-9798-db3d3f9d2881,74b23a8e-ccad-453a-a0bd-2af02cb0a30b,1759834381615559231,826.139,628.049,1,,,0.7846545146556879,-1.0207915933425626
d01ea4c3-1912-46a0-9798-db3d3f9d2881,74b23a8e-ccad-453a-a0bd-2af02cb0a30b,1759834381620553231,809.79,600.237,1,,,-0.27253092355305664,0.7784146419447258
d01ea4c3-1912-46a0-9798-db3d3f9d2881,74b23a8e-ccad-453a-a0bd-2af02cb0a30b,1759834381625553231,771.301,610.005,1,,,-2.7613288210757787,0.14640894650389977
d01ea4c3-1912-46a0-9798-db3d3f9d2881,74b23a8e-ccad-453a-a0bd-2af02cb0a30b,1759834381630567231,736.18,607.695,1,,,-5.031792249292326,0.2955698466700733
d01ea4c3-1912-46a0-9798-db3d3f9d2881,74b23a8e-ccad-453a-a0bd-2af02cb0a30b,1759834381635553231,714.574,597.732,1,,,-6.428584074432072,0.9383858406009652
d01ea4c3-1912-46a0-9798-db3d3f9d2881,74b23a8e-ccad-453a-a0bd-2af02cb0a30b,1759834381640553231,711.37,589.261,1,,,-6.636436909564301,1.4848657283776925
d01ea4c3-1912-46a0-9798-db3d3f9d2881,74b23a8e-ccad-453a-a0bd-2af02cb0a30b,1759834381645553231,712.486,594.129,1,42,,-6.563762923912843,1.1707815191248936
d01ea4c3-1912-46a0-9798-db3d3f9d2881,74b23a8e-ccad-453a-a0bd-2af02cb0a30b,1759834381650553231,710.932,596.509,1,42,,-6.663958140917129,1.0171341503963864
d01ea4c3-1912-46a0-9798-db3d3f9d2881,74b23a8e-ccad-453a-a0bd-2af02cb0a30b,1759834381655553231,712.208,597.562,1,42,,-6.581422723480516,0.9492627061212422
d01ea4c3-1912-46a0-9798-db3d3f9d2881,74b23a8e-ccad-453a-a0bd-2af02cb0a30b,1759834381660553231,714.815,597.47,1,42,,-6.412990161698623,0.955280707407374
d01ea4c3-1912-46a0-9798-db3d3f9d2881,74b23a8e-ccad-453a-a0bd-2af02cb0a30b,1759834381665553231,714.132,599.613,1,42,,-6.457000709860748,0.8169299683635423
d01ea4c3-1912-46a0-9798-db3d3f9d2881,74b23a8e-ccad-453a-a0bd-2af02cb0a30b,1759834381670553231,715.009,602.614,1,42,,-6.400159203714097,0.6233141755993138
d01ea4c3-1912-46a0-9798-db3d3f9d2881,74b23a8e-ccad-453a-a0bd-2af02cb0a30b,1759834381675556231,722.369,605.919,1,42,,-5.924414823471343,0.41011787969585844
d01ea4c3-1912-46a0-9798-db3d3f9d2881,74b23a8e-ccad-453a-a0bd-2af02cb0a30b,1759834381680569231,718.62,607.2,1,42,,-6.166681852512471,0.32736157347328576
d01ea4c3-1912-46a0-9798-db3d3f9d2881,74b23a8e-ccad-453a-a0bd-2af02cb0a30b,1759834381685556231,718.265,606.697,1,42,,-6.1896254011686445,0.3597800071669457
d01ea4c3-1912-46a0-9798-db3d3f9d2881,74b23a8e-ccad-453a-a0bd-2af02cb0a30b,1759834381690553231,719.084,605.878,1,42,,-6.136704062633055,0.412698255866598
d01ea4c3-1912-46a0-9798-db3d3f9d2881,74b23a8e-ccad-453a-a0bd-2af02cb0a30b,1759834381695569231,718.455,604.949,1,42,,-6.17737032697128,0.4726169565694374
d01ea4c3-1912-46a0-9798-db3d3f9d2881,74b23a8e-ccad-453a-a0bd-2af02cb0a30b,1759834381700553231,718.073,606.889,1,42,,-6.201972303939792,0.3474131562898523
d01ea4c3-1912-46a0-9798-db3d3f9d2881,74b23a8e-ccad-453a-a0bd-2af02cb0a30b,1759834381705553231,719.904,608.974,1,42,,-6.083616458987387,0.2128386894107354
d01ea4c3-1912-46a0-9798-db3d3f9d2881,74b23a8e-ccad-453a-a0bd-2af02cb0a30b,1759834381710554231,722.415,608.608,1,42,,-5.921421268894966,0.23646826303907417
d01ea4c3-1912-46a0-9798-db3d3f9d2881,74b23a8e-ccad-453a-a0bd-2af02cb0a30b,1759834381715554231,722.449,602.655,1,42,,-5.919394434953292,0.6208332699618792
d01ea4c3-1912-46a0-9798-db3d3f9d2881,74b23a8e-ccad-453a-a0bd-2af02cb0a30b,1759834381720553231,719.786,604.081,1,42,,-6.09141027760836,0.5287351752013667
d01ea4c3-1912-46a0-9798-db3d3f9d2881,74b23a8e-ccad-453a-a0bd-2af02cb0a30b,1759834381725679231,717.504,603.78,1,42,,-6.238878766361963,0.5480873500335633
d01ea4c3-1912-46a0-9798-db3d3f9d2881,74b23a8e-ccad-453a-a0bd-2af02cb0a30b,1759834381730679231,720.014,598.842,1,42,,-6.076938456059756,0.8669301799594175
d01ea4c3-1912-46a0-9798-db3d3f9d2881,74b23a8e-ccad-453a-a0bd-2af02cb0a30b,1759834381735686231,719.687,599.489,1,42,,-6.098037694509674,0.8251383294660751
d01ea4c3-1912-46a0-9798-db3d3f9d2881,74b23a8e-ccad-453a-a0bd-2af02cb0a30b,1759834381740683231,721.26,602.296,1,42,,-5.996236425340104,0.6439967582315241
d01ea4c3-1912-46a0-9798-db3d3f9d2881,74b23a8e-ccad-453a-a0bd-2af02cb0a30b,1759834381745679231,723.12,601.136,1,42,,-5.8761102396916165,0.7189099421697008
d01ea4c3-1912-46a0-9798-db3d3f9d2881,74b23a8e-ccad-453a-a0bd-2af02cb0a30b,1759834381750685231,720.486,603.708,1,42,,-6.046199611483546,0.5528117308608683
d01ea4c3-1912-46a0-9798-db3d3f9d2881,74b23a8e-ccad-453a-a0bd-2af02cb0a30b,1759834381755688231,719.679,606.241,1,42,,-6.098274475385495,0.38927513240362593
d01ea4c3-1912-46a0-9798-db3d3f9d2881,74b23a8e-ccad-453a-a0bd-2af02cb0a30b,1759834381760684231,724.383,596.749,1,42,,-5.794762031235536,1.0022584747971326
d01ea4c3-1912-46a0-9798-db3d3f9d2881,74b23a8e-ccad-453a-a0bd-2af02cb0a30b,1759834381765682231,721.99,601.303,1,42,,-5.949086337545664,0.7081133573598604
d01ea4c3-1912-46a0-9798-db3d3f9d2881,74b23a8e-ccad-453a-a0bd-2af02cb0a30b,1759834381770679231,721.207,605.15,1,42,,-5.999540342560124,0.4597190618236908
d01ea4c3-1912-46a0-9798-db3d3f9d2881,74b23a8e-ccad-453a-a0bd-2af02cb0a30b,1759834381775679231,721.587,607.991,1,42,,-5.974935438417473,0.27630555576176963
d01ea4c3-1912-46a0-9798-db3d3f9d2881,74b23a8e-ccad-453a-a0bd-2af02cb0a30b,1759834381780679231,722.653,608.078,1,42,,-5.906037823211078,0.2707090154772792
d01ea4c3-1912-46a0-9798-db3d3f9d2881,74b23a8e-ccad-453a-a0bd-2af02cb0a30b,1759834381785679231,721.388,611.23,1,42,,-5.987722901287224,0.06716336837382701
d01ea4c3-1912-46a0-9798-db3d3f9d2881,74b23a8e-ccad-453a-a0bd-2af02cb0a30b,1759834381790679231,724.188,600.775,1,42,,-5.807079084148823,0.7422776191292305
d01ea4c3-1912-46a0-9798-db3d3f9d2881,74b23a8e-ccad-453a-a0bd-2af02cb0a30b,1759834381795679231,718.929,601.872,1,42,,-6.146902545147811,0.6713124519826398
d01ea4c3-1912-46a0-9798-db3d3f9d2881,74b23a8e-ccad-453a-a0bd-2af02cb0a30b,1759834381800679231,718.961,602.588,1,42,,-6.144784135531728,0.6250591012770323
d01ea4c3-1912-46a0-9798-db3d3f9d2881,74b23a8e-ccad-453a-a0bd-2af02cb0a30b,1759834381805679231,722.415,605.769,1,42,,-5.921465614959986,0.41978952950348075
d01ea4c3-1912-46a0-9798-db3d3f9d2881,74b23a8e-ccad-453a-a0bd-2af02cb0a30b,1759834381810687231,720.177,608.219,1,42,,-6.065985514055871,0.2615923416617297
d01ea4c3-1912-46a0-9798-db3d3f9d2881,74b23a8e-ccad-453a-a0bd-2af02cb0a30b,1759834381815679231,711.312,609.228,1,42,,-6.6388106982127,0.19637345619779434
d01ea4c3-1912-46a0-9798-db3d3f9d2881,74b23a8e-ccad-453a-a0bd-2af02cb0a30b,1759834381820686231,708.4,597.827,1,42,,-6.827482867518337,0.9319673573112962
d01ea4c3-1912-46a0-9798-db3d3f9d2881,74b23a8e-ccad-453a-a0bd-2af02cb0a30b,1759834381825680231,709.982,600.437,1,42,,-6.7251031114263204,0.7636463563017202
d01ea4c3-1912-46a0-9798-db3d3f9d2881,74b23a8e-ccad-453a-a0bd-2af02cb0a30b,1759834381830683231,704.694,601.804,1,42,,-7.0665996692824224,0.6752166835839569
d01ea4c3-1912-46a0-9798-db3d3f9d2881,74b23a8e-ccad-453a-a0bd-2af02cb0a30b,1759834381835680231,702.171,600.796,1,42,,-7.22969302735486,0.7401785296267378
d01ea4c3-1912-46a0-9798-db3d3f9d2881,74b23a8e-ccad-453a-a0bd-2af02cb0a30b,1759834381840680231,701.785,598.163,1,42,,-7.254807600334346,0.9099605353111577
d01ea4c3-1912-46a0-9798-db3d3f9d2881,74b23a8e-ccad-453a-a0bd-2af02cb0a30b,1759834381845680231,707.323,602.089,1,42,,-6.896760075140684,0.6569503842499081
d01ea4c3-1912-46a0-9798-db3d3f9d2881,74b23a8e-ccad-453a-a0bd-2af02cb0a30b,1759834381850683231,703.728,596.671,1,42,,-7.129422934422037,1.0063323119803425
d01ea4c3-1912-46a0-9798-db3d3f9d2881,74b23a8e-ccad-453a-a0bd-2af02cb0a30b,1759834381855683231,703.959,598.038,1,42,,-7.114374457070486,0.9181271061803548
d01ea4c3-1912-46a0-9798-db3d3f9d2881,74b23a8e-ccad-453a-a0bd-2af02cb0a30b,1759834381860805231,702.72,597.525,1,42,,-7.194460199655249,0.9511975411296041
d01ea4c3-1912-46a0-9798-db3d3f9d2881,74b23a8e-ccad-453a-a0bd-2af02cb0a30b,1759834381865810231,699.856,600.412,1,42,,-7.379218100899686,0.7648128796708907
d01ea4c3-1912-46a0-9798-db3d3f9d2881,74b23a8e-ccad-453a-a0bd-2af02cb0a30b,1759834381870805231,699.465,603.25,1,42,,-7.404293179696315,0.581818938610492
d01ea4c3-1912-46a0-9798-db3d3f9d2881,74b23a8e-ccad-453a-a0bd-2af02cb0a30b,1759834381875805231,698.155,601.282,1,42,,-7.489028031611054,0.7086673478132879
d01ea4c3-1912-46a0-9798-db3d3f9d2881,74b23a8e-ccad-453a-a0bd-2af02cb0a30b,1759834381880805231,697.876,600.506,1,42,,-7.507142084331377,0.7586979753795632
d01ea4c3-1912-46a0-9798-db3d3f9d2881,74b23a8e-ccad-453a-a0bd-2af02cb0a30b,1759834381885805231,697.89,601.118,1,42,,-7.506181197895567,0.7192172878231525
d01ea4c3-1912-46a0-9798-db3d3f9d2881,74b23a8e-ccad-453a-a0bd-2af02cb0a30b,1759834381890805231,696.369,602.335,1,42,,-7.604356706935524,0.640717847238417
d01ea4c3-1912-46a0-9798-db3d3f9d2881,74b23a8e-ccad-453a-a0bd-2af02cb0a30b,1759834381895805231,694.17,601.06,1,42,,-7.746429406686857,0.7228329049854703
d01ea4c3-1912-46a0-9798-db3d3f9d2881,74b23a8e-ccad-453a-a0bd-2af02cb0a30b,1759834381900805231,696.164,599.876,1,42,,-7.617779126487141,0.7992144085643703
d01ea4c3-1912-46a0-9798-db3d3f9d2881,74b23a8e-ccad-453a-a0bd-2af02cb0a30b,1759834381905805231,697.347,600.655,1,42,,-7.541280584291672,0.7490847277143671
d01ea4c3-1912-46a0-9798-db3d3f9d2881,74b23a8e-ccad-453a-a0bd-2af02cb0a30b,1759834381910808231,696.667,601.803,1,42,,-7.585109059378905,0.674995931002312
d01ea4c3-1912-46a0-9798-db3d3f9d2881,74b23a8e-ccad-453a-a0bd-2af02cb0a30b,1759834381915805231,697.756,597.294,1,42,,-7.515159655836058,0.965802865756202
d01ea4c3-1912-46a0-9798-db3d3f9d2881,74b23a8e-ccad-453a-a0bd-2af02cb0a30b,1759834381920805231,695.891,600.83,1,42,,-7.635351477636883,0.7377303805804899
d01ea4c3-1912-46a0-9798-db3d3f9d2881,74b23a8e-ccad-453a-a0bd-2af02cb0a30b,1759834381925805231,696.468,604.482,1,42,,-7.597817146149953,0.502281956325053
d01ea4c3-1912-46a0-9798-db3d3f9d2881,74b23a8e-ccad-453a-a0bd-2af02cb0a30b,1759834381930805231,691.449,602.781,1,42,,-7.922111464707643,0.6117984431535388
d01ea4c3-1912-46a0-9798-db3d3f9d2881,74b23a8e-ccad-453a-a0bd-2af02cb0a30b,1759834381935806231,695.144,599.239,1,42,,-7.683716407952146,0.840245973252074
d01ea4c3-1912-46a0-9798-db3d3f9d2881,74b23a8e-ccad-453a-a0bd-2af02cb0a30b,1759834381940806231,694.11,597.879,1,42,,-7.7505695428982415,0.9278781693854006
d01ea4c3-1912-46a0-9798-db3d3f9d2881,74b23a8e-ccad-453a-a0bd-2af02cb0a30b,1759834381945812231,694.29,596.428,1,,,-7.73907185103994,1.021447799823128
d01ea4c3-1912-46a0-9798-db3d3f9d2881,74b23a8e-ccad-453a-a0bd-2af02cb0a30b,1759834381950806231,700.305,595.813,1,,,-7.3505920592776395,1.0614611356026675
d01ea4c3-1912-46a0-9798-db3d3f9d2881,74b23a8e-ccad-453a-a0bd-2af02cb0a30b,1759834381955806231,703.608,619.72,1,,,-7.136603419213116,-0.48049535416973144
d01ea4c3-1912-46a0-9798-db3d3f9d2881,74b23a8e-ccad-453a-a0bd-2af02cb0a30b,1759834381960806231,716.373,638.725,1,,,-6.313455418666183,-1.7075377403699405
d01ea4c3-1912-46a0-9798-db3d3f9d2881,74b23a8e-ccad-453a-a0bd-2af02cb0a30b,1759834381965806231,748.035,652.537,1,,,-4.268141069332751,-2.6022555146726276
d01ea4c3-1912-46a0-9798-db3d3f9d2881,74b23a8e-ccad-453a-a0bd-2af02cb0a30b,1759834381970810231,776.178,687.652,1,,,-2.451535618524862,-4.874122532506483
d01ea4c3-1912-46a0-9798-db3d3f9d2881,74b23a8e-ccad-453a-a0bd-2af02cb0a30b,1759834381975806231,800.339,720.735,1,,,-0.8881716343388102,-7.013389461552083
d01ea4c3-1912-46a0-9798-db3d3f9d2881,74b23a8e-ccad-453a-a0bd-2af02cb0a30b,1759834381980806231,828.921,736.809,1,,,0.9694601884851337,-8.051102894073782
d01ea4c3-1912-46a0-9798-db3d3f9d2881,74b23a8e-ccad-453a-a0bd-2af02cb0a30b,1759834381985806231,861.921,779.815,1,,,3.130175487143921,-10.819841890042728
d01ea4c3-1912-46a0-9798-db3d3f9d2881,74b23a8e-ccad-453a-a0bd-2af02cb0a30b,1759834381990806231,867.652,794.56,1,,,3.5114337626233536,-11.767985342815301
d01ea4c3-1912-46a0-9798-db3d3f9d2881,74b23a8e-ccad-453a-a0bd-2af02cb0a30b,1759834381995931231,879.815,829.882,1,,,4.331161726103658,-14.035984280894061
d01ea4c3-1912-46a0-9798-db3d3f9d2881,74b23a8e-ccad-453a-a0bd-2af02cb0a30b,1759834382000931231,871.919,862.735,1,,,3.8344009276745945,-16.151229095419122
d01ea4c3-1912-46a0-9798-db3d3f9d2881,74b23a8e-ccad-453a-a0bd-2af02cb0a30b,1759834382005934231,889.687,876.635,1,,,5.025391970508781,-17.033540226539458
d01ea4c3-1912-46a0-9798-db3d3f9d2881,74b23a8e-ccad-453a-a0bd-2af02cb0a30b,1759834382010931231,904.498,909.921,1,,,6.054547935515843,-19.156654341355747
d01ea4c3-1912-46a0-9798-db3d3f9d2881,74b23a8e-ccad-453a-a0bd-2af02cb0a30b,1759834382015931231,889.007,934.362,1,,,5.049375105439409,-20.735848546700787
d01ea4c3-1912-46a0-9798-db3d3f9d2881,74b23a8e-ccad-453a-a0bd-2af02cb0a30b,1759834382020931231,883.271,962.834,1,,,4.700420665807362,-22.564865235682596
d01ea4c3-1912-46a0-9798-db3d3f9d2881,74b23a8e-ccad-453a-a0bd-2af02cb0a30b,1759834382025931231,882.49,957.784,1,,,4.640484938043622,-22.241868966915835
d01ea4c3-1912-46a0-9798-db3d3f9d2881,74b23a8e-ccad-453a-a0bd-2af02cb0a30b,1759834382030932231,878.015,974.521,1,43,,4.358713179953706,-23.317903453283968
d01ea4c3-1912-46a0-9798-db3d3f9d2881,74b23a8e-ccad-453a-a0bd-2af02cb0a30b,1759834382035931231,895.642,971.803,1,43,,5.5555782298769625,-23.128780782851067
d01ea4c3-1912-46a0-9798-db3d3f9d2881,74b23a8e-ccad-453a-a0bd-2af02cb0a30b,1759834382040932231,897.893,970.719,1,43,,5.706926198491696,-23.057166204523654
d01ea4c3-1912-46a0-9798-db3d3f9d2881,74b23a8e-ccad-453a-a0bd-2af02cb0a30b,1759834382045932231,900.113,966.463,1,43,,5.850485095297549,-22.78243232980377
d01ea4c3-1912-46a0-9798-db3d3f9d2881,74b23a8e-ccad-453a-a0bd-2af02cb0a30b,1759834382050932231,900.45,961.796,1,43,,5.8651872822452145,-22.483244702680587
d01ea4c3-1912-46a0-9798-db3d3f9d2881,74b23a8e-ccad-453a-a0bd-2af02cb0a30b,1759834382055939231,897.58,960.543,1,43,,5.668269981039067,-22.405706862357757
d01ea4c3-1912-46a0-9798-db3d3f9d2881,74b23a8e-ccad-453a-a0bd-2af02cb0a30b,1759834382060932231,903.174,956.95,1,43,,6.041461772299941,-22.170251236360894
d01ea4c3-1912-46a0-9798-db3d3f9d2881,74b23a8e-ccad-453a-a0bd-2af02cb0a30b,1759834382065932231,894.188,948.862,1,43,,5.419852871663433,-21.660597737057884
d01ea4c3-1912-46a0-9798-db3d3f9d2881,74b23a8e-ccad-453a-a0bd-2af02cb0a30b,1759834382070932231,893.479,947.504,1,43,,5.3698468016923036,-21.5741788369606
d01ea4c3-1912-46a0-9798-db3d3f9d2881,74b23a8e-ccad-453a-a0bd-2af02cb0a30b,1759834382075932231,889.88,947.523,1,43,,5.126559926870139,-21.57848897326801
d01ea4c3-1912-46a0-9798-db3d3f9d2881,74b23a8e-ccad-453a-a0bd-2af02cb0a30b,1759834382080932231,891.213,948.997,1,43,,5.218854199701994,-21.671795830516462
d01ea4c3-1912-46a0-9798-db3d3f9d2881,74b23a8e-ccad-453a-a0bd-2af02cb0a30b,1759834382085932231,891.867,947.661,1,43,,5.261076340112776,-21.585651196613515
d01ea4c3-1912-46a0-9798-db3d3f9d2881,74b23a8e-ccad-453a-a0bd-2af02cb0a30b,1759834382090932231,890.864,943.876,1,43,,5.18782710737287,-21.343954594805982
d01ea4c3-1912-46a0-9798-db3d3f9d2881,74b23a8e-ccad-453a-a0bd-2af02cb0a30b,1759834382095932231,889.073,942.233,1,43,,5.064571526652362,-21.240136691992042
d01ea4c3-1912-46a0-9798-db3d3f9d2881,74b23a8e-ccad-453a-a0bd-2af02cb0a30b,1759834382100932231,891.061,943.985,1,43,,5.20131835183099,-21.350786378444877
d01ea4c3-1912-46a0-9798-db3d3f9d2881,74b23a8e-ccad-453a-a0bd-2af02cb0a30b,1759834382105937231,885.258,947.773,1,43,,4.814422173105605,-21.5982282166175
d01ea4c3-1912-46a0-9798-db3d3f9d2881,74b23a8e-ccad-453a-a0bd-2af02cb0a30b,1759834382110932231,883.876,937.871,1,43,,4.708161493044987,-20.964631621023656
d01ea4c3-1912-46a0-9798-db3d3f9d2881,74b23a8e-ccad-453a-a0bd-2af02cb0a30b,1759834382115932231,884.125,937.11,1,43,,4.723950872441066,-20.915695545201903
d01ea4c3-1912-46a0-9798-db3d3f9d2881,74b23a8e-ccad-453a-a0bd-2af02cb0a30b,1759834382120932231,878.582,947.583,1,43,,4.362810094396904,-21.591026708643565
d01ea4c3-1912-46a0-9798-db3d3f9d2881,74b23a8e-ccad-453a-a0bd-2af02cb0a30b,1759834382125937231,878.05,950.339,1,43,,4.3301281838189185,-21.767991147216403
d01ea4c3-1912-46a0-9798-db3d3f9d2881,74b23a8e-ccad-453a-a0bd-2af02cb0a30b,1759834382131057231,879.936,944.85,1,43,,4.450962858818746,-21.414842418135656
d01ea4c3-1912-46a0-9798-db3d3f9d2881,74b23a8e-ccad-453a-a0bd-2af02cb0a30b,1759834382136057231,880.197,944.517,1,43,,4.468151915303582,-21.39329546336232
d01ea4c3-1912-46a0-9798-db3d3f9d2881,74b23a8e-ccad-453a-a0bd-2af02cb0a30b,1759834382141060231,883.355,939.947,1,43,,4.675643860502402,-21.098066152059403
d01ea4c3-1912-46a0-9798-db3d3f9d2881,74b23a8e-ccad-453a-a0bd-2af02cb0a30b,1759834382146058231,884.673,937.292,1,,,4.761132929539211,-20.926966050301143
d01ea4c3-1912-46a0-9798-db3d3f9d2881,74b23a8e-ccad-453a-a0bd-2af02cb0a30b,1759834382151058231,868.398,945.716,1,,,3.6721752593691965,-21.477974711082695
d01ea4c3-1912-46a0-9798-db3d3f9d2881,74b23a8e-ccad-453a-a0bd-2af02cb0a30b,1759834382156058231,872.575,943.327,1,,,3.9519542755085646,-21.32222054694159
d01ea4c3-1912-46a0-9798-db3d3f9d2881,74b23a8e-ccad-453a-a0bd-2af02cb0a30b,1759834382161058231,862.209,962.318,1,,,3.2691252840040943,-22.546024151487085
d01ea4c3-1912-46a0-9798-db3d3f9d2881,74b23a8e-ccad-453a-a0bd-2af02cb0a30b,1759834382166058231,868.416,975.635,1,,,3.70552675462566,-23.396059871091598
d01ea4c3-1912-46a0-9798-db3d3f9d2881,74b23a8e-ccad-453a-a0bd-2af02cb0a30b,1759834382171058231,869.044,973.447,1,44,,3.7458655568829187,-23.255358312111834
d01ea4c3-1912-46a0-9798-db3d3f9d2881,74b23a8e-ccad-453a-a0bd-2af02cb0a30b,1759834382176058231,871.676,979.27,1,44,,3.93232149605347,-23.62685818785964
d01ea4c3-1912-46a0-9798-db3d3f9d2881,74b23a8e-ccad-453a-a0bd-2af02cb0a30b,1759834382181058231,870.929,977.806,1,44,,3.8795468992142808,-23.533521025743593
d01ea4c3-1912-46a0-9798-db3d3f9d2881,74b23a8e-ccad-453a-a0bd-2af02cb0a30b,1759834382186058231,869.802,976.055,1,44,,3.8005526605580022,-23.4220354701751
d01ea4c3-1912-46a0-9798-db3d3f9d2881,74b23a8e-ccad-453a-a0bd-2af02cb0a30b,1759834382191064231,866.055,969.874,1,44,,3.5382969937693494,-23.02822233687744
d01ea4c3-1912-46a0-9798-db3d3f9d2881,74b23a8e-ccad-453a-a0bd-2af02cb0a30b,1759834382196058231,865.366,967.959,1,44,,3.4893960148003833,-22.905855586849892
d01ea4c3-1912-46a0-9798-db3d3f9d2881,74b23a8e-ccad-453a-a0bd-2af02cb0a30b,1759834382201058231,864.414,972.108,1,44,,3.4288607503691817,-23.17246301521206
d01ea4c3-1912-46a0-9798-db3d3f9d2881,74b23a8e-ccad-453a-a0bd-2af02cb0a30b,1759834382206060231,862.796,974.965,1,44,,3.321470141277499,-23.356567083684055
d01ea4c3-1912-46a0-9798-db3d3f9d2881,74b23a8e-ccad-453a-a0bd-2af02cb0a30b,1759834382211058231,861.857,963.003,1,44,,3.245877843255548,-22.590125679829725
d01ea4c3-1912-46a0-9798-db3d3f9d2881,74b23a8e-ccad-453a-a0bd-2af02cb0a30b,1759834382216058231,858.006,979.121,1,44,,2.9986481045967537,-23.625752321378208
d01ea4c3-1912-46a0-9798-db3d3f9d2881,74b23a8e-ccad-453a-a0bd-2af02cb0a30b,1759834382221058231,861.191,974.056,1,44,,3.211158620172874,-23.299223770659285
d01ea4c3-1912-46a0-9798-db3d3f9d2881,74b23a8e-ccad-453a-a0bd-2af02cb0a30b,1759834382226058231,867.375,970.346,1,44,,3.628687720418321,-23.057658968344725
d01ea4c3-1912-46a0-9798-db3d3f9d2881,74b23a8e-ccad-453a-a0bd-2af02cb0a30b,1759834382231058231,868.407,970.083,1,44,,3.698647671798228,-23.040146382977788
d01ea4c3-1912-46a0-9798-db3d3f9d2881,74b23a8e-ccad-453a-a0bd-2af02cb0a30b,1759834382236058231,850.415,961.196,1,44,,2.467051014725935,-22.47994338165611
d01ea4c3-1912-46a0-9798-db3d3f9d2881,74b23a8e-ccad-453a-a0bd-2af02cb0a30b,1759834382241066231,861.38,978.852,1,44,,3.228802997022431,-23.606602380091417
d01ea4c3-1912-46a0-9798-db3d3f9d2881,74b23a8e-ccad-453a-a0bd-2af02cb0a30b,1759834382246058231,861.336,979.33,1,44,,3.226248943947067,-23.637262390198213
d01ea4c3-1912-46a0-9798-db3d3f9d2881,74b23a8e-ccad-453a-a0bd-2af02cb0a30b,1759834382251059231,856.366,969.354,1,44,,2.878094900745306,-23.00033986905017
d01ea4c3-1912-46a0-9798-db3d3f9d2881,74b23a8e-ccad-453a-a0bd-2af02cb0a30b,1759834382256058231,872.885,992.159,1,44,,4.031417784817932,-24.452227987053107
d01ea4c3-1912-46a0-9798-db3d3f9d2881,74b23a8e-ccad-453a-a0bd-2af02cb0a30b,1759834382261061231,870.616,990.95,1,44,,3.8742900248553402,-24.376376577744953
d01ea4c3-1912-46a0-9798-db3d3f9d2881,74b23a8e-ccad-453a-a0bd-2af02cb0a30b,1759834382266191231,865.57,983.248,1,44,,3.5197303700384395,-23.885954633683774
d01ea4c3-1912-46a0-9798-db3d3f9d2881,74b23a8e-ccad-453a-a0bd-2af02cb0a30b,1759834382271184231,866.676,988.486,1,44,,3.601333140810696,-24.221024821849298
d01ea4c3-1912-46a0-9798-db3d3f9d2881,74b23a8e-ccad-453a-a0bd-2af02cb0a30b,1759834382276184231,865.326,983.344,1,44,,3.503108300487634,-23.892271001251537
d01ea4c3-1912-46a0-9798-db3d3f9d2881,74b23a8e-ccad-453a-a0bd-2af02cb0a30b,1759834382281184231,862.975,979.25,1,44,,3.338128079311913,-23.631183132190813
d01ea4c3-1912-46a0-9798-db3d3f9d2881,74b23a8e-ccad-453a-a0bd-2af02cb0a30b,1759834382286184231,860.372,980.482,1,44,,3.161554637765938,-23.711723379923345
d01ea4c3-1912-46a0-9798-db3d3f9d2881,74b23a8e-ccad-453a-a0bd-2af02cb0a30b,1759834382291189231,861.711,980.587,1,44,,3.253090751621411,-23.71769328166729
d01ea4c3-1912-46a0-9798-db3d3f9d2881,74b23a8e-ccad-453a-a0bd-2af02cb0a30b,1759834382296184231,862.873,981.068,1,44,,3.3330306501647953,-23.74779048643158
d01ea4c3-1912-46a0-9798-db3d3f9d2881,74b23a8e-ccad-453a-a0bd-2af02cb0a30b,1759834382301184231,863.366,981.67,1,44,,3.3673304357230363,-23.786150476931734
d01ea4c3-1912-46a0-9798-db3d3f9d2881,74b23a8e-ccad-453a-a0bd-2af02cb0a30b,1759834382306184231,864.248,982.213,1,44,,3.428191233592098,-23.82041849854544
d01ea4c3-1912-46a0-9798-db3d3f9d2881,74b23a8e-ccad-453a-a0bd-2af02cb0a30b,1759834382311184231,863.231,984.94,1,44,,3.361530731596863,-23.995855323755688
d01ea4c3-1912-46a0-9798-db3d3f9d2881,74b23a8e-ccad-453a-a0bd-2af02cb0a30b,1759834382316184231,864.271,979.954,1,44,,3.427357739191655,-23.67558040166881
d01ea4c3-1912-46a0-9798-db3d3f9d2881,74b23a8e-ccad-453a-a0bd-2af02cb0a30b,1759834382321184231,865.315,980.279,1,44,,3.4990537518787703,-23.69574639102401
d01ea4c3-1912-46a0-9798-db3d3f9d2881,74b23a8e-ccad-453a-a0bd-2af02cb0a30b,1759834382326184231,867.982,972.455,1,44,,3.672378049046521,-23.192455592393888
d01ea4c3-1912-46a0-9798-db3d3f9d2881,74b23a8e-ccad-453a-a0bd-2af02cb0a30b,1759834382331184231,866.122,973.819,1,44,,3.547104062929241,-23.281065953217354
d01ea4c3-1912-46a0-9798-db3d3f9d2881,74b23a8e-ccad-453a-a0bd-2af02cb0a30b,1759834382336184231,866.935,972.925,1,44,,3.6015061982005707,-23.223253828015153
d01ea4c3-1912-46a0-9798-db3d3f9d2881,74b23a8e-ccad-453a-a0bd-2af02cb0a30b,1759834382341184231,868.195,973.539,1,44,,3.6881162872157596,-23.26180073869695
d01ea4c3-1912-46a0-9798-db3d3f9d2881,74b23a8e-ccad-453a-a0bd-2af02cb0a30b,1759834382346191231,865.794,972.454,1,44,,3.52324208891348,-23.193811304811778
d01ea4c3-1912-46a0-9798-db3d3f9d2881,74b23a8e-ccad-453a-a0bd-2af02cb0a30b,1759834382351184231,865.929,974.491,1,44,,3.534658659983002,-23.32427198622163
d01ea4c3-1912-46a0-9798-db3d3f9d2881,74b23a8e-ccad-453a-a0bd-2af02cb0a30b,1759834382356184231,864.521,968.483,1,44,,3.4324458819075243,-22.93997585883088
d01ea4c3-1912-46a0-9798-db3d3f9d2881,74b23a8e-ccad-453a-a0bd-2af02cb0a30b,1759834382361185231,882.175,950.127,1,44,,4.6090061044546005,-21.75138897540864
d01ea4c3-1912-46a0-9798-db3d3f9d2881,74b23a8e-ccad-453a-a0bd-2af02cb0a30b,1759834382366185231,889.478,978.521,1,44,,5.146516989927403,-23.564765189501568
d01ea4c3-1912-46a0-9798-db3d3f9d2881,74b23a8e-ccad-453a-a0bd-2af02cb0a30b,1759834382371185231,886.779,963.537,1,44,,4.93972192651376,-22.607103897876225
d01ea4c3-1912-46a0-9798-db3d3f9d2881,74b23a8e-ccad-453a-a0bd-2af02cb0a30b,1759834382376185231,879.912,956.052,1,44,,4.463412074392597,-22.13280210679086
d01ea4c3-1912-46a0-9798-db3d3f9d2881,74b23a8e-ccad-453a-a0bd-2af02cb0a30b,1759834382381185231,876.569,961.096,1,44,,4.243029754901838,-22.458570227920735
d01ea4c3-1912-46a0-9798-db3d3f9d2881,74b23a8e-ccad-453a-a0bd-2af02cb0a30b,1759834382386189231,880.171,963.034,1,44,,4.490117482839502,-22.580069162939385
d01ea4c3-1912-46a0-9798-db3d3f9d2881,74b23a8e-ccad-453a-a0bd-2af02cb0a30b,1759834382391185231,881.639,958.958,1,44,,4.584356064311827,-22.317747011564315
d01ea4c3-1912-46a0-9798-db3d3f9d2881,74b23a8e-ccad-453a-a0bd-2af02cb0a30b,1759834382396185231,877.548,961.534,1,44,,4.310069689517492,-22.48588985843044
d01ea4c3-1912-46a0-9798-db3d3f9d2881,74b23a8e-ccad-453a-a0bd-2af02cb0a30b,1759834382401310231,878.577,963.746,1,44,,4.382770718050848,-22.626944223406646
d01ea4c3-1912-46a0-9798-db3d3f9d2881,74b23a8e-ccad-453a-a0bd-2af02cb0a30b,1759834382406310231,877.791,966.723,1,44,,4.333184234970403,-22.818322768200453
d01ea4c3-1912-46a0-9798-db3d3f9d2881,74b23a8e-ccad-453a-a0bd-2af02cb0a30b,1759834382411310231,878.048,966.797,1,44,,4.350797218900167,-22.822864140218982
d01ea4c3-1912-46a0-9798-db3d3f9d2881,74b23a8e-ccad-453a-a0bd-2af02cb0a30b,1759834382416313231,874.569,968.189,1,44,,4.115858847815698,-22.914585738901057
d01ea4c3-1912-46a0-9798-db3d3f9d2881,74b23a8e-ccad-453a-a0bd-2af02cb0a30b,1759834382421310231,875.138,967.163,1,44,,4.153332799108324,-22.84839772904125
d01ea4c3-1912-46a0-9798-db3d3f9d2881,74b23a8e-ccad-453a-a0bd-2af02cb0a30b,1759834382426310231,877.501,963.815,1,44,,4.309766189260245,-22.63210746404303
d01ea4c3-1912-46a0-9798-db3d3f9d2881,74b23a8e-ccad-453a-a0bd-2af02cb0a30b,1759834382431310231,874.494,965.797,1,44,,4.107851279963759,-22.761330733094027
d01ea4c3-1912-46a0-9798-db3d3f9d2881,74b23a8e-ccad-453a-a0bd-2af02cb0a30b,1759834382436310231,875.874,966.32,1,44,,4.202309448710582,-22.793848205976392
d01ea4c3-1912-46a0-9798-db3d3f9d2881,74b23a8e-ccad-453a-a0bd-2af02cb0a30b,1759834382441310231,874.963,968.076,1,44,,4.142546603105965,-22.90704987959981
d01ea4c3-1912-46a0-9798-db3d3f9d2881,74b23a8e-ccad-453a-a0bd-2af02cb0a30b,1759834382446310231,871.787,968.3,1,44,,3.9266913838446484,-22.923599756171285
d01ea4c3-1912-46a0-9798-db3d3f9d2881,74b23a8e-ccad-453a-a0bd-2af02cb0a30b,1759834382451310231,874.003,969.99,1,44,,4.079546819492609,-23.03044964832185
d01ea4c3-1912-46a0-9798-db3d3f9d2881,74b23a8e-ccad-453a-a0bd-2af02cb0a30b,1759834382456310231,874.484,959.738,1,44,,4.099852894865878,-22.37298222679068
d01ea4c3-1912-46a0-9798-db3d3f9d2881,74b23a8e-ccad-453a-a0bd-2af02cb0a30b,1759834382461311231,871.782,961.456,1,44,,3.918448109976259,-22.48488679141673
d01ea4c3-1912-46a0-9798-db3d3f9d2881,74b23a8e-ccad-453a-a0bd-2af02cb0a30b,1759834382466311231,865.119,964.856,1,44,,3.4693921979582076,-22.707080496170278
d01ea4c3-1912-46a0-9798-db3d3f9d2881,74b23a8e-ccad-453a-a0bd-2af02cb0a30b,1759834382471311231,863.958,968.989,1,44,,3.3946042400786784,-22.972773564122498
d01ea4c3-1912-46a0-9798-db3d3f9d2881,74b23a8e-ccad-453a-a0bd-2af02cb0a30b,1759834382476311231,866.306,971.221,1,44,,3.556826940385597,-23.114421979015848
d01ea4c3-1912-46a0-9798-db3d3f9d2881,74b23a8e-ccad-453a-a0bd-2af02cb0a30b,1759834382481311231,861.228,966.691,1,44,,3.2066118393517904,-22.82697234501581
d01ea4c3-1912-46a0-9798-db3d3f9d2881,74b23a8e-ccad-453a-a0bd-2af02cb0a30b,1759834382486311231,877.593,958.978,1,44,,4.309871034831054,-22.322035991717947
d01ea4c3-1912-46a0-9798-db3d3f9d2881,74b23a8e-ccad-453a-a0bd-2af02cb0a30b,1759834382491311231,872.327,969.866,1,44,,3.96531970320836,-23.02365929109562
d01ea4c3-1912-46a0-9798-db3d3f9d2881,74b23a8e-ccad-453a-a0bd-2af02cb0a30b,1759834382496311231,873.48,969.858,1,44,,4.043802391301008,-23.022310691834118
d01ea4c3-1912-46a0-9798-db3d3f9d2881,74b23a8e-ccad-453a-a0bd-2af02cb0a30b,1759834382501311231,867.692,956.078,1,44,,3.6350028281993896,-22.142747290874812
d01ea4c3-1912-46a0-9798-db3d3f9d2881,74b23a8e-ccad-453a-a0bd-2af02cb0a30b,1759834382506311231,860.828,957.489,1,44,,3.1709189867267074,-22.237145057051926
d01ea4c3-1912-46a0-9798-db3d3f9d2881,74b23a8e-ccad-453a-a0bd-2af02cb0a30b,1759834382511311231,858.533,958.659,1,44,,3.016225955829898,-22.31342850973179
d01ea4c3-1912-46a0-9798-db3d3f9d2881,74b23a8e-ccad-453a-a0bd-2af02cb0a30b,1759834382516311231,854.146,962.031,1,,,2.721137146837763,-22.531835838146666
d01ea4c3-1912-46a0-9798-db3d3f9d2881,74b23a8e-ccad-453a-a0bd-2af02cb0a30b,1759834382526311231,866.643,979.847,1,,,3.5892712614900777,-23.66721826218757
d01ea4c3-1912-46a0-9798-db3d3f9d2881,74b23a8e-ccad-453a-a0bd-2af02cb0a30b,1759834382531311231,865.446,982.489,1,,,3.5104166913628596,-23.83736954045463
d01ea4c3-1912-46a0-9798-db3d3f9d2881,74b23a8e-ccad-453a-a0bd-2af02cb0a30b,1759834382536311231,881.318,946.411,1,,,4.546269160391164,-21.5138952125166
d01ea4c3-1912-46a0-9798-db3d3f9d2881,74b23a8e-ccad-453a-a0bd-2af02cb0a30b,1759834382541436231,879.363,950.278,1,45,,4.418910770606819,-21.763145572360433
d01ea4c3-1912-46a0-9798-db3d3f9d2881,74b23a8e-ccad-453a-a0bd-2af02cb0a30b,1759834382546446231,870.275,954.669,1,45,,3.8086065493093897,-22.05079593874876
d01ea4c3-1912-46a0-9798-db3d3f9d2881,74b23a8e-ccad-453a-a0bd-2af02cb0a30b,1759834382551436231,870.767,956.612,1,45,,3.8440903113087024,-22.175031471715524
d01ea4c3-1912-46a0-9798-db3d3f9d2881,74b23a8e-ccad-453a-a0bd-2af02cb0a30b,1759834382556437231,873.403,957.899,1,45,,4.024329046108193,-22.255822344016334
d01ea4c3-1912-46a0-9798-db3d3f9d2881,74b23a8e-ccad-453a-a0bd-2af02cb0a30b,1759834382561436231,879.215,960.885,1,45,,4.4223985086065785,-22.4430842990208
d01ea4c3-1912-46a0-9798-db3d3f9d2881,74b23a8e-ccad-453a-a0bd-2af02cb0a30b,1759834382566445231,867.778,963.686,1,45,,3.648880618192697,-22.630445948259894
d01ea4c3-1912-46a0-9798-db3d3f9d2881,74b23a8e-ccad-453a-a0bd-2af02cb0a30b,1759834382571437231,869.028,963.336,1,45,,3.7334483878487887,-22.60719004309975
d01ea4c3-1912-46a0-9798-db3d3f9d2881,74b23a8e-ccad-453a-a0bd-2af02cb0a30b,1759834382576437231,872.699,962.173,1,45,,3.981524688473034,-22.53028004592058
d01ea4c3-1912-46a0-9798-db3d3f9d2881,74b23a8e-ccad-453a-a0bd-2af02cb0a30b,1759834382581442231,871.676,950.834,1,45,,3.8993066538273924,-21.80404570892057
d01ea4c3-1912-46a0-9798-db3d3f9d2881,74b23a8e-ccad-453a-a0bd-2af02cb0a30b,1759834382586437231,870.316,948.294,1,45,,3.804562198454504,-21.642113901613104
d01ea4c3-1912-46a0-9798-db3d3f9d2881,74b23a8e-ccad-453a-a0bd-2af02cb0a30b,1759834382591441231,871.508,951.242,1,45,,3.8883871052495245,-21.83031458466391
d01ea4c3-1912-46a0-9798-db3d3f9d2881,74b23a8e-ccad-453a-a0bd-2af02cb0a30b,1759834382596437231,872.918,952.668,1,45,,3.985481524145081,-21.920847820603704
d01ea4c3-1912-46a0-9798-db3d3f9d2881,74b23a8e-ccad-453a-a0bd-2af02cb0a30b,1759834382601437231,868.875,952.475,1,45,,3.7114373580752997,-21.911057502579055
d01ea4c3-1912-46a0-9798-db3d3f9d2881,74b23a8e-ccad-453a-a0bd-2af02cb0a30b,1759834382606437231,864.904,959.661,1,45,,3.449547887960924,-22.374158907594303
d01ea4c3-1912-46a0-9798-db3d3f9d2881,74b23a8e-ccad-453a-a0bd-2af02cb0a30b,1759834382611437231,871.704,956.761,1,45,,3.9077733791778764,-22.183975569559596
d01ea4c3-1912-46a0-9798-db3d3f9d2881,74b23a8e-ccad-453a-a0bd-2af02cb0a30b,1759834382616440231,883.763,963.901,1,45,,4.735325954179494,-22.63284763995716
d01ea4c3-1912-46a0-9798-db3d3f9d2881,74b23a8e-ccad-453a-a0bd-2af02cb0a30b,1759834382621437231,881.385,967.88,1,45,,4.579202062060161,-22.889703455097564
d01ea4c3-1912-46a0-9798-db3d3f9d2881,74b23a8e-ccad-453a-a0bd-2af02cb0a30b,1759834382626437231,880.258,956.604,1,45,,4.487615126930426,-22.167984560279823
d01ea4c3-1912-46a0-9798-db3d3f9d2881,74b23a8e-ccad-453a-a0bd-2af02cb0a30b,1759834382631437231,872.716,959.954,1,45,,3.9800696475354886,-22.38799475504928
d01ea4c3-1912-46a0-9798-db3d3f9d2881,74b23a8e-ccad-453a-a0bd-2af02cb0a30b,1759834382636443231,875.823,958.127,1,45,,4.188726432427369,-22.268749636854594
d01ea4c3-1912-46a0-9798-db3d3f9d2881,74b23a8e-ccad-453a-a0bd-2af02cb0a30b,1759834382641437231,879.177,960.452,1,45,,4.41923624894466,-22.41538269644012
d01ea4c3-1912-46a0-9798-db3d3f9d2881,74b23a8e-ccad-453a-a0bd-2af02cb0a30b,1759834382646448231,877.345,960.155,1,45,,4.294514459054978,-22.39767121923727
d01ea4c3-1912-46a0-9798-db3d3f9d2881,74b23a8e-ccad-453a-a0bd-2af02cb0a30b,1759834382651437231,874.469,961.045,1,45,,4.100368486140217,-22.45675729581224
d01ea4c3-1912-46a0-9798-db3d3f9d2881,74b23a8e-ccad-453a-a0bd-2af02cb0a30b,1759834382656437231,870.411,979.975,1,45,,3.846768027157633,-23.672956082330884
d01ea4c3-1912-46a0-9798-db3d3f9d2881,74b23a8e-ccad-453a-a0bd-2af02cb0a30b,1759834382661437231,868.194,967.501,1,45,,3.681307505596801,-22.874733964491888
d01ea4c3-1912-46a0-9798-db3d3f9d2881,74b23a8e-ccad-453a-a0bd-2af02cb0a30b,1759834382666438231,871.257,961.777,1,45,,3.883132465593187,-22.50585403197486
d01ea4c3-1912-46a0-9798-db3d3f9d2881,74b23a8e-ccad-453a-a0bd-2af02cb0a30b,1759834382671437231,883.66,956.823,1,45,,4.718519074532414,-22.179400691402158
d01ea4c3-1912-46a0-9798-db3d3f9d2881,74b23a8e-ccad-453a-a0bd-2af02cb0a30b,1759834382676563231,887.316,962.96,1,45,,4.975330424835241,-22.569651238214465
d01ea4c3-1912-46a0-9798-db3d3f9d2881,74b23a8e-ccad-453a-a0bd-2af02cb0a30b,1759834382681565231,882.403,960.278,1,45,,4.6379539436929536,-22.40179527494864
d01ea4c3-1912-46a0-9798-db3d3f9d2881,74b23a8e-ccad-453a-a0bd-2af02cb0a30b,1759834382686563231,878.877,951.46,1,45,,4.387477640583615,-21.83925176827894
d01ea4c3-1912-46a0-9798-db3d3f9d2881,74b23a8e-ccad-453a-a0bd-2af02cb0a30b,1759834382691563231,881.288,953.699,1,45,,4.553634552617613,-21.98097763912651
d01ea4c3-1912-46a0-9798-db3d3f9d2881,74b23a8e-ccad-453a-a0bd-2af02cb0a30b,1759834382696573231,879.083,959.681,1,45,,4.411858386910544,-22.36603551272898
d01ea4c3-1912-46a0-9798-db3d3f9d2881,74b23a8e-ccad-453a-a0bd-2af02cb0a30b,1759834382701563231,877.954,956.297,1,45,,4.331016563456299,-22.149996049667394
d01ea4c3-1912-46a0-9798-db3d3f9d2881,74b23a8e-ccad-453a-a0bd-2af02cb0a30b,1759834382706563231,877.338,958.03,1,45,,4.291375744501776,-22.261456546048375
d01ea4c3-1912-46a0-9798-db3d3f9d2881,74b23a8e-ccad-453a-a0bd-2af02cb0a30b,1759834382711563231,888.441,967.254,1,45,,5.058183754256515,-22.843845220764873
d01ea4c3-1912-46a0-9798-db3d3f9d2881,74b23a8e-ccad-453a-a0bd-2af02cb0a30b,1759834382716563231,873.778,972.828,1,45,,4.06774265265901,-23.21245261479835
d01ea4c3-1912-46a0-9798-db3d3f9d2881,74b23a8e-ccad-453a-a0bd-2af02cb0a30b,1759834382721563231,873.414,962.34,1,45,,4.030273009456045,-22.540483378357333
d01ea4c3-1912-46a0-9798-db3d3f9d2881,74b23a8e-ccad-453a-a0bd-2af02cb0a30b,1759834382726563231,879.521,959.681,1,45,,4.441562870372055,-22.365683476436402
d01ea4c3-1912-46a0-9798-db3d3f9d2881,74b23a8e-ccad-453a-a0bd-2af02cb0a30b,1759834382731563231,881.788,962.431,1,45,,4.599166567062446,-22.54024570483715
d01ea4c3-1912-46a0-9798-db3d3f9d2881,74b23a8e-ccad-453a-a0bd-2af02cb0a30b,1759834382736565231,883.526,953.571,1,45,,4.705011926571053,-21.971118225990967
d01ea4c3-1912-46a0-9798-db3d3f9d2881,74b23a8e-ccad-453a-a0bd-2af02cb0a30b,1759834382741563231,880.959,954.048,1,45,,4.5318166382602945,-22.003650212936797
d01ea4c3-1912-46a0-9798-db3d3f9d2881,74b23a8e-ccad-453a-a0bd-2af02cb0a30b,1759834382746577231,882.17,954.764,1,45,,4.614779744736481,-22.048610692738844
d01ea4c3-1912-46a0-9798-db3d3f9d2881,74b23a8e-ccad-453a-a0bd-2af02cb0a30b,1759834382751564231,876.846,953.226,1,45,,4.252149830251347,-21.953928087157472
d01ea4c3-1912-46a0-9798-db3d3f9d2881,74b23a8e-ccad-453a-a0bd-2af02cb0a30b,1759834382756563231,876.112,953.158,1,45,,4.202376110050639,-21.950066193359497
d01ea4c3-1912-46a0-9798-db3d3f9d2881,74b23a8e-ccad-453a-a0bd-2af02cb0a30b,1759834382761563231,876.212,950.637,1,45,,4.206131205599705,-21.788408396549606
d01ea4c3-1912-46a0-9798-db3d3f9d2881,74b23a8e-ccad-453a-a0bd-2af02cb0a30b,1759834382766570231,878.352,963.301,1,45,,4.366926487084421,-22.5985734023463
d01ea4c3-1912-46a0-9798-db3d3f9d2881,74b23a8e-ccad-453a-a0bd-2af02cb0a30b,1759834382771570231,879.532,962.477,1,45,,4.445957170992939,-22.544850262110558
d01ea4c3-1912-46a0-9798-db3d3f9d2881,74b23a8e-ccad-453a-a0bd-2af02cb0a30b,1759834382776564231,877.801,959.219,1,45,,4.324312704981905,-22.337365676175096
d01ea4c3-1912-46a0-9798-db3d3f9d2881,74b23a8e-ccad-453a-a0bd-2af02cb0a30b,1759834382781564231,871.663,959.845,1,45,,3.9085012393427063,-22.381742319711798
d01ea4c3-1912-46a0-9798-db3d3f9d2881,74b23a8e-ccad-453a-a0bd-2af02cb0a30b,1759834382786564231,876.38,970.285,1,45,,4.24176799023647,-23.04760344085815
d01ea4c3-1912-46a0-9798-db3d3f9d2881,74b23a8e-ccad-453a-a0bd-2af02cb0a30b,1759834382791564231,878.014,964.898,1,45,,4.346027444130238,-22.701169242609943
d01ea4c3-1912-46a0-9798-db3d3f9d2881,74b23a8e-ccad-453a-a0bd-2af02cb0a30b,1759834382796564231,876.48,965.179,1,45,,4.242094470116211,-22.720282540445712
d01ea4c3-1912-46a0-9798-db3d3f9d2881,74b23a8e-ccad-453a-a0bd-2af02cb0a30b,1759834382801564231,879.944,963.183,1,,,4.474867186088438,-22.589821654398477
d01ea4c3-1912-46a0-9798-db3d3f9d2881,74b23a8e-ccad-453a-a0bd-2af02cb0a30b,1759834382806564231,878.853,962.127,1,,,4.399419741875523,-22.522943562665105
d01ea4c3-1912-46a0-9798-db3d3f9d2881,74b23a8e-ccad-453a-a0bd-2af02cb0a30b,1759834382811689231,877.625,964.308,1,,,4.318832889565444,-22.66364778799013
d01ea4c3-1912-46a0-9798-db3d3f9d2881,74b23a8e-ccad-453a-a0bd-2af02cb0a30b,1759834382816689231,881.645,960.956,1,,,4.587454537828035,-22.445819969474755
d01ea4c3-1912-46a0-9798-db3d3f9d2881,74b23a8e-ccad-453a-a0bd-2af02cb0a30b,1759834382821689231,917.465,914.592,1,,,6.929944617202942,-19.443649995958094
d01ea4c3-1912-46a0-9798-db3d3f9d2881,74b23a8e-ccad-453a-a0bd-2af02cb0a30b,1759834382826689231,937.927,889.316,1,,,8.249984785675448,-17.803903231917232
d01ea4c3-1912-46a0-9798-db3d3f9d2881,74b23a8e-ccad-453a-a0bd-2af02cb0a30b,1759834382831689231,937.04,852.456,1,,,8.1282176229003,-15.444274887631437
d01ea4c3-1912-46a0-9798-db3d3f9d2881,74b23a8e-ccad-453a-a0bd-2af02cb0a30b,1759834382836694231,944.836,815.499,1,,,8.58672269438047,-13.068165907028279
d01ea4c3-1912-46a0-9798-db3d3f9d2881,74b23a8e-ccad-453a-a0bd-2af02cb0a30b,1759834382841692231,944.429,775.873,1,,,8.511615405336533,-10.525740060449463
d01ea4c3-1912-46a0-9798-db3d3f9d2881,74b23a8e-ccad-453a-a0bd-2af02cb0a30b,1759834382846689231,958.634,731.949,1,,,9.391943783275863,-7.69572425505137
d01ea4c3-1912-46a0-9798-db3d3f9d2881,74b23a8e-ccad-453a-a0bd-2af02cb0a30b,1759834382851689231,972.173,705.665,1,,,10.247378826223605,-6.0006224529995835
d01ea4c3-1912-46a0-9798-db3d3f9d2881,74b23a8e-ccad-453a-a0bd-2af02cb0a30b,1759834382856689231,984.97,689.907,1,,,11.063118216465345,-4.983304557161586
d01ea4c3-1912-46a0-9798-db3d3f9d2881,74b23a8e-ccad-453a-a0bd-2af02cb0a30b,1759834382861697231,973.572,671.303,1,,,10.31726951917008,-3.793142464876411
d01ea4c3-1912-46a0-9798-db3d3f9d2881,74b23a8e-ccad-453a-a0bd-2af02cb0a30b,1759834382866689231,987.57,649.312,1,,,11.211185237002613,-2.3774258412984683
d01ea4c3-1912-46a0-9798-db3d3f9d2881,74b23a8e-ccad-453a-a0bd-2af02cb0a30b,1759834382871690231,977.031,642.714,1,,,10.530286840109174,-1.9557272239298835
d01ea4c3-1912-46a0-9798-db3d3f9d2881,74b23a8e-ccad-453a-a0bd-2af02cb0a30b,1759834382876690231,982.094,643.919,1,,,10.8568027774349,-2.0322940435400385
d01ea4c3-1912-46a0-9798-db3d3f9d2881,74b23a8e-ccad-453a-a0bd-2af02cb0a30b,1759834382881689231,996.798,645.511,1,,,11.804405133449617,-2.1316742223626393
d01ea4c3-1912-46a0-9798-db3d3f9d2881,74b23a8e-ccad-453a-a0bd-2af02cb0a30b,1759834382886690231,1002.334,649.163,1,,,12.162107864984801,-2.36466891814015
d01ea4c3-1912-46a0-9798-db3d3f9d2881,74b23a8e-ccad-453a-a0bd-2af02cb0a30b,1759834382891690231,999.753,650.419,1,,,11.996275532230225,-2.445740286548996
d01ea4c3-1912-46a0-9798-db3d3f9d2881,74b23a8e-ccad-453a-a0bd-2af02cb0a30b,1759834382896690231,1004.386,648.961,1,46,,12.29411566183792,-2.3512670687286352
d01ea4c3-1912-46a0-9798-db3d3f9d2881,74b23a8e-ccad-453a-a0bd-2af02cb0a30b,1759834382901690231,1007.951,650.848,1,46,,12.524340266172615,-2.4712962032638264
d01ea4c3-1912-46a0-9798-db3d3f9d2881,74b23a8e-ccad-453a-a0bd-2af02cb0a30b,1759834382906690231,1005.382,647.448,1,46,,12.357757557838077,-2.2540404471788205
d01ea4c3-1912-46a0-9798-db3d3f9d2881,74b23a8e-ccad-453a-a0bd-2af02cb0a30b,1759834382911690231,1004.624,646.767,1,46,,12.308728135902703,-2.2105803392771146
d01ea4c3-1912-46a0-9798-db3d3f9d2881,74b23a8e-ccad-453a-a0bd-2af02cb0a30b,1759834382916690231,1003.636,645.635,1,46,,12.244777099469733,-2.138242068313571
d01ea4c3-1912-46a0-9798-db3d3f9d2881,74b23a8e-ccad-453a-a0bd-2af02cb0a30b,1759834382921690231,1002.532,644.272,1,46,,12.173300432012555,-2.0511118549598057
d01ea4c3-1912-46a0-9798-db3d3f9d2881,74b23a8e-ccad-453a-a0bd-2af02cb0a30b,1759834382926690231,990.642,640.348,1,46,,11.406580764749364,-1.801585453649598
d01ea4c3-1912-46a0-9798-db3d3f9d2881,74b23a8e-ccad-453a-a0bd-2af02cb0a30b,1759834382931690231,992.425,644.448,1,46,,11.522489076658177,-2.06433466775879
d01ea4c3-1912-46a0-9798-db3d3f9d2881,74b23a8e-ccad-453a-a0bd-2af02cb0a30b,1759834382936690231,992.67,645.621,1,46,,11.538601955683768,-2.1395592381787822
d01ea4c3-1912-46a0-9798-db3d3f9d2881,74b23a8e-ccad-453a-a0bd-2af02cb0a30b,1759834382941690231,992.606,645.435,1,46,,11.534440718258487,-2.127617122996311
d01ea4c3-1912-46a0-9798-db3d3f9d2881,74b23a8e-ccad-453a-a0bd-2af02cb0a30b,1759834382946815231,994.893,640.944,1,46,,11.680495075504176,-1.8391126875239414
d01ea4c3-1912-46a0-9798-db3d3f9d2881,74b23a8e-ccad-453a-a0bd-2af02cb0a30b,1759834382951822231,1002.073,641.062,1,46,,12.142869688228592,-1.8454437826440477
d01ea4c3-1912-46a0-9798-db3d3f9d2881,74b23a8e-ccad-453a-a0bd-2af02cb0a30b,1759834382956815231,990.284,638.079,1,46,,11.38297564991528,-1.6560610563137137
d01ea4c3-1912-46a0-9798-db3d3f9d2881,74b23a8e-ccad-453a-a0bd-2af02cb0a30b,1759834382961818231,994.558,641.347,1,46,,11.659034022383812,-1.865040949104263
d01ea4c3-1912-46a0-9798-db3d3f9d2881,74b23a8e-ccad-453a-a0bd-2af02cb0a30b,1759834382966815231,994.844,645.83,1,46,,11.678697842807424,-2.1525205144540545
d01ea4c3-1912-46a0-9798-db3d3f9d2881,74b23a8e-ccad-453a-a0bd-2af02cb0a30b,1759834382971815231,1003.457,650.168,1,46,,12.2347729512698,-2.4288066247136606
d01ea4c3-1912-46a0-9798-db3d3f9d2881,74b23a8e-ccad-453a-a0bd-2af02cb0a30b,1759834382976815231,1000.855,660.126,1,46,,12.071073682063151,-3.0676999444462587
d01ea4c3-1912-46a0-9798-db3d3f9d2881,74b23a8e-ccad-453a-a0bd-2af02cb0a30b,1759834382981815231,997.736,656.866,1,46,,11.868801920385177,-2.8595880361852464
d01ea4c3-1912-46a0-9798-db3d3f9d2881,74b23a8e-ccad-453a-a0bd-2af02cb0a30b,1759834382986816231,996.762,652.91,1,46,,11.80451802343558,-2.6061836745323412
d01ea4c3-1912-46a0-9798-db3d3f9d2881,74b23a8e-ccad-453a-a0bd-2af02cb0a30b,1759834382991818231,995.539,648.12,1,46,,11.72417252614956,-2.2992610357085463
d01ea4c3-1912-46a0-9798-db3d3f9d2881,74b23a8e-ccad-453a-a0bd-2af02cb0a30b,1759834382996816231,995.094,647.221,1,46,,11.695194662958713,-2.241703806497275
d01ea4c3-1912-46a0-9798-db3d3f9d2881,74b23a8e-ccad-453a-a0bd-2af02cb0a30b,1759834383001816231,996.706,657.159,1,46,,11.802548161642802,-2.8786916570727774
d01ea4c3-1912-46a0-9798-db3d3f9d2881,74b23a8e-ccad-453a-a0bd-2af02cb0a30b,1759834383006816231,990.756,653.642,1,46,,11.417899096967647,-2.65459882871851
d01ea4c3-1912-46a0-9798-db3d3f9d2881,74b23a8e-ccad-453a-a0bd-2af02cb0a30b,1759834383011816231,992.83,648.968,1,46,,11.54990970192472,-2.354236251361196
d01ea4c3-1912-46a0-9798-db3d3f9d2881,74b23a8e-ccad-453a-a0bd-2af02cb0a30b,1759834383016824231,991.743,648.403,1,46,,11.479724194157928,-2.318227901370057
d01ea4c3-1912-46a0-9798-db3d3f9d2881,74b23a8e-ccad-453a-a0bd-2af02cb0a30b,1759834383021816231,992.519,652.939,1,46,,11.5312055721423,-2.6090458660511655
d01ea4c3-1912-46a0-9798-db3d3f9d2881,74b23a8e-ccad-453a-a0bd-2af02cb0a30b,1759834383026816231,991.847,652.862,1,46,,11.487909579058845,-2.6042518094764007
d01ea4c3-1912-46a0-9798-db3d3f9d2881,74b23a8e-ccad-453a-a0bd-2af02cb0a30b,1759834383031816231,991.948,651.38,1,46,,11.493881666587736,-2.5091557628785726
d01ea4c3-1912-46a0-9798-db3d3f9d2881,74b23a8e-ccad-453a-a0bd-2af02cb0a30b,1759834383036816231,989.42,649.876,1,46,,11.330568665792104,-2.413265921759478
d01ea4c3-1912-46a0-9798-db3d3f9d2881,74b23a8e-ccad-453a-a0bd-2af02cb0a30b,1759834383041816231,990.725,650.429,1,46,,11.414781867158377,-2.4484514213954887
d01ea4c3-1912-46a0-9798-db3d3f9d2881,74b23a8e-ccad-453a-a0bd-2af02cb0a30b,1759834383046819231,990.67,648.042,1,46,,11.410527558285702,-2.2952845146354774
d01ea4c3-1912-46a0-9798-db3d3f9d2881,74b23a8e-ccad-453a-a0bd-2af02cb0a30b,1759834383051816231,990.609,648.122,1,46,,11.406616041086908,-2.3004157618812986
d01ea4c3-1912-46a0-9798-db3d3f9d2881,74b23a8e-ccad-453a-a0bd-2af02cb0a30b,1759834383056816231,983.657,640.568,1,46,,10.956666100901192,-1.8168815113614105
d01ea4c3-1912-46a0-9798-db3d3f9d2881,74b23a8e-ccad-453a-a0bd-2af02cb0a30b,1759834383061830231,983.644,644.482,1,,,10.956821634746953,-2.0681243322342513
d01ea4c3-1912-46a0-9798-db3d3f9d2881,74b23a8e-ccad-453a-a0bd-2af02cb0a30b,1759834383066816231,982.081,646.651,1,,,10.856708900254167,-2.207707180756133
d01ea4c3-1912-46a0-9798-db3d3f9d2881,74b23a8e-ccad-453a-a0bd-2af02cb0a30b,1759834383071816231,967.997,650.377,1,,,9.94993762998114,-2.4498365568998333
d01ea4c3-1912-46a0-9798-db3d3f9d2881,74b23a8e-ccad-453a-a0bd-2af02cb0a30b,1759834383076817231,942.87,651.475,1,,,8.32932950185444,-2.525014003239013
d01ea4c3-1912-46a0-9798-db3d3f9d2881,74b23a8e-ccad-453a-a0bd-2af02cb0a30b,1759834383081822231,914.898,679.279,1,,,6.530604551978469,-4.322525300832086
d01ea4c3-1912-46a0-9798-db3d3f9d2881,74b23a8e-ccad-453a-a0bd-2af02cb0a30b,1759834383086941231,875.089,676.307,1,,,3.9545603532139926,-4.137848976248689
d01ea4c3-1912-46a0-9798-db3d3f9d2881,74b23a8e-ccad-453a-a0bd-2af02cb0a30b,1759834383091942231,848.699,673.571,1,,,2.2460548596770304,-3.963860099242737
d01ea4c3-1912-46a0-9798-db3d3f9d2881,74b23a8e-ccad-453a-a0bd-2af02cb0a30b,1759834383096943231,843.852,664.879,1,,,1.931607148204879,-3.4022394617794958
d01ea4c3-1912-46a0-9798-db3d3f9d2881,74b23a8e-ccad-453a-a0bd-2af02cb0a30b,1759834383101942231,813.818,667.366,1,,,-0.012221291814368247,-3.5639985409226234
d01ea4c3-1912-46a0-9798-db3d3f9d2881,74b23a8e-ccad-453a-a0bd-2af02cb0a30b,1759834383106942231,816.158,674.489,1,,,0.13924938044395538,-4.024589061079838
d01ea4c3-1912-46a0-9798-db3d3f9d2881,74b23a8e-ccad-453a-a0bd-2af02cb0a30b,1759834383111942231,816.843,695.522,1,,,0.18366466513672758,-5.3843397057311435
d01ea4c3-1912-46a0-9798-db3d3f9d2881,74b23a8e-ccad-453a-a0bd-2af02cb0a30b,1759834383116948231,809.4,691.993,1,47,,-0.2987440040279076,-5.15628772103154
d01ea4c3-1912-46a0-9798-db3d3f9d2881,74b23a8e-ccad-453a-a0bd-2af02cb0a30b,1759834383121942231,805.266,693.248,1,47,,-0.5667510922296921,-5.237344982046344
d01ea4c3-1912-46a0-9798-db3d3f9d2881,74b23a8e-ccad-453a-a0bd-2af02cb0a30b,1759834383126942231,808.829,689.955,1,47,,-0.3357178315448539,-5.024525866149729
d01ea4c3-1912-46a0-9798-db3d3f9d2881,74b23a8e-ccad-453a-a0bd-2af02cb0a30b,1759834383131942231,812.081,685.754,1,47,,-0.12487161521427598,-4.752997098626599
d01ea4c3-1912-46a0-9798-db3d3f9d2881,74b23a8e-ccad-453a-a0bd-2af02cb0a30b,1759834383136942231,810.25,688.91,1,47,,-0.243622521580263,-4.956983798055062
d01ea4c3-1912-46a0-9798-db3d3f9d2881,74b23a8e-ccad-453a-a0bd-2af02cb0a30b,1759834383141942231,814.422,691.329,1,47,,0.02676388921028998,-5.113380454089185
d01ea4c3-1912-46a0-9798-db3d3f9d2881,74b23a8e-ccad-453a-a0bd-2af02cb0a30b,1759834383146948231,809.285,695.439,1,47,,-0.30633285296393414,-5.379020249197224
d01ea4c3-1912-46a0-9798-db3d3f9d2881,74b23a8e-ccad-453a-a0bd-2af02cb0a30b,1759834383151942231,816.259,694.485,1,47,,0.14579502237770048,-5.317324342545196
d01ea4c3-1912-46a0-9798-db3d3f9d2881,74b23a8e-ccad-453a-a0bd-2af02cb0a30b,1759834383156942231,814.997,694.045,1,47,,0.06400364837732835,-5.2889341063206485
d01ea4c3-1912-46a0-9798-db3d3f9d2881,74b23a8e-ccad-453a-a0bd-2af02cb0a30b,1759834383161942231,817.122,691.971,1,47,,0.2017218800866792,-5.154842349156468
d01ea4c3-1912-46a0-9798-db3d3f9d2881,74b23a8e-ccad-453a-a0bd-2af02cb0a30b,1759834383166942231,816.744,689.658,1,47,,0.17723383902298614,-5.005295558045446
d01ea4c3-1912-46a0-9798-db3d3f9d2881,74b23a8e-ccad-453a-a0bd-2af02cb0a30b,1759834383171942231,811.763,695.981,1,47,,-0.14569885340286007,-5.414057433932699
d01ea4c3-1912-46a0-9798-db3d3f9d2881,74b23a8e-ccad-453a-a0bd-2af02cb0a30b,1759834383176942231,811.757,693.095,1,47,,-0.14600645004608231,-5.22751724494955
d01ea4c3-1912-46a0-9798-db3d3f9d2881,74b23a8e-ccad-453a-a0bd-2af02cb0a30b,1759834383181942231,812.96,693.322,1,47,,-0.06805986822069765,-5.2422057151165085
d01ea4c3-1912-46a0-9798-db3d3f9d2881,74b23a8e-ccad-453a-a0bd-2af02cb0a30b,1759834383186949231,815.755,688.602,1,47,,0.11317856862034416,-4.937073392970738
d01ea4c3-1912-46a0-9798-db3d3f9d2881,74b23a8e-ccad-453a-a0bd-2af02cb0a30b,1759834383191943231,810.559,698.107,1,47,,-0.2237854611703437,-5.551460770532368
d01ea4c3-1912-46a0-9798-db3d3f9d2881,74b23a8e-ccad-453a-a0bd-2af02cb0a30b,1759834383196942231,810.84,695.354,1,47,,-0.2055257805008947,-5.373541190943064
d01ea4c3-1912-46a0-9798-db3d3f9d2881,74b23a8e-ccad-453a-a0bd-2af02cb0a30b,1759834383201946231,808.452,692.144,1,47,,-0.36024741733428167,-5.16602318262812
d01ea4c3-1912-46a0-9798-db3d3f9d2881,74b23a8e-ccad-453a-a0bd-2af02cb0a30b,1759834383206943231,811.034,689.132,1,47,,-0.19281111016631922,-4.971319414967575
d01ea4c3-1912-46a0-9798-db3d3f9d2881,74b23a8e-ccad-453a-a0bd-2af02cb0a30b,1759834383211943231,809.717,690.809,1,47,,-0.27817882593654575,-5.07978348862173
d01ea4c3-1912-46a0-9798-db3d3f9d2881,74b23a8e-ccad-453a-a0bd-2af02cb0a30b,1759834383216945231,806.612,691.984,1,47,,-0.4794906039981116,-5.155656610829441
d01ea4c3-1912-46a0-9798-db3d3f9d2881,74b23a8e-ccad-453a-a0bd-2af02cb0a30b,1759834383222068231,811.221,704.957,1,47,,-0.18098206880387485,-5.9941986134342615
d01ea4c3-1912-46a0-9798-db3d3f9d2881,74b23a8e-ccad-453a-a0bd-2af02cb0a30b,1759834383227068231,813.263,701.645,1,47,,-0.04846842818667279,-5.780151292068983
d01ea4c3-1912-46a0-9798-db3d3f9d2881,74b23a8e-ccad-453a-a0bd-2af02cb0a30b,1759834383232068231,813.17,695.539,1,47,,-0.05443847560871061,-5.385517811726235
d01ea4c3-1912-46a0-9798-db3d3f9d2881,74b23a8e-ccad-453a-a0bd-2af02cb0a30b,1759834383237068231,811.314,696.668,1,47,,-0.17480092725788116,-5.458482660057237
d01ea4c3-1912-46a0-9798-db3d3f9d2881,74b23a8e-ccad-453a-a0bd-2af02cb0a30b,1759834383242068231,812.125,695.401,1,47,,-0.12216069638328375,-5.376613833402207
d01ea4c3-1912-46a0-9798-db3d3f9d2881,74b23a8e-ccad-453a-a0bd-2af02cb0a30b,1759834383247068231,812.165,695.248,1,47,,-0.1196060969435479,-5.366723329289853
d01ea4c3-1912-46a0-9798-db3d3f9d2881,74b23a8e-ccad-453a-a0bd-2af02cb0a30b,1759834383252068231,813.6,694.246,1,47,,-0.026553273969539444,-5.301893797038243
d01ea4c3-1912-46a0-9798-db3d3f9d2881,74b23a8e-ccad-453a-a0bd-2af02cb0a30b,1759834383257081231,810.925,693.15,1,47,,-0.19996135375976307,-5.231080095879209
d01ea4c3-1912-46a0-9798-db3d3f9d2881,74b23a8e-ccad-453a-a0bd-2af02cb0a30b,1759834383262068231,811.032,692.449,1,47,,-0.19299631024715821,-5.185760033658867
d01ea4c3-1912-46a0-9798-db3d3f9d2881,74b23a8e-ccad-453a-a0bd-2af02cb0a30b,1759834383267068231,812.301,692.571,1,47,,-0.11071563448669929,-5.193649274942499
d01ea4c3-1912-46a0-9798-db3d3f9d2881,74b23a8e-ccad-453a-a0bd-2af02cb0a30b,1759834383272068231,807.853,695.539,1,47,,-0.39916457805393357,-5.385510891137265
d01ea4c3-1912-46a0-9798-db3d3f9d2881,74b23a8e-ccad-453a-a0bd-2af02cb0a30b,1759834383277068231,807.721,695.147,1,47,,-0.40773033110933593,-5.360166342760406
d01ea4c3-1912-46a0-9798-db3d3f9d2881,74b23a8e-ccad-453a-a0bd-2af02cb0a30b,1759834383282077231,815.84,692.141,1,47,,0.11866025323487252,-5.165859671175225
d01ea4c3-1912-46a0-9798-db3d3f9d2881,74b23a8e-ccad-453a-a0bd-2af02cb0a30b,1759834383287068231,814.87,692.0,1,47,,0.05580186414849703,-5.156720853032352
d01ea4c3-1912-46a0-9798-db3d3f9d2881,74b23a8e-ccad-453a-a0bd-2af02cb0a30b,1759834383292077231,809.933,687.038,1,47,,-0.2641332567709661,-4.8359606618573325
d01ea4c3-1912-46a0-9798-db3d3f9d2881,74b23a8e-ccad-453a-a0bd-2af02cb0a30b,1759834383297068231,810.379,687.063,1,47,,-0.23519493567529748,-4.837579335098265
d01ea4c3-1912-46a0-9798-db3d3f9d2881,74b23a8e-ccad-453a-a0bd-2af02cb0a30b,1759834383302068231,809.989,687.517,1,47,,-0.2604656020969045,-4.8669465230078295
d01ea4c3-1912-46a0-9798-db3d3f9d2881,74b23a8e-ccad-453a-a0bd-2af02cb0a30b,1759834383307069231,811.361,688.563,1,47,,-0.17163162838851231,-4.9345779091907325
d01ea4c3-1912-46a0-9798-db3d3f9d2881,74b23a8e-ccad-453a-a0bd-2af02cb0a30b,1759834383312069231,811.806,687.502,1,47,,-0.14275723496583295,-4.865977523691507
d01ea4c3-1912-46a0-9798-db3d3f9d2881,74b23a8e-ccad-453a-a0bd-2af02cb0a30b,1759834383317069231,812.576,690.143,1,47,,-0.09290469861627967,-5.036691369928533
d01ea4c3-1912-46a0-9798-db3d3f9d2881,74b23a8e-ccad-453a-a0bd-2af02cb0a30b,1759834383322069231,809.664,688.254,1,,,-0.2815398391490862,-4.914566173255514
d01ea4c3-1912-46a0-9798-db3d3f9d2881,74b23a8e-ccad-453a-a0bd-2af02cb0a30b,1759834383327069231,816.441,689.222,1,,,0.15762143864993713,-4.9771483159040555
d01ea4c3-1912-46a0-9798-db3d3f9d2881,74b23a8e-ccad-453a-a0bd-2af02cb0a30b,1759834383332082231,816.11,699.378,1,,,0.1361813492314482,-5.633590121964046
d01ea4c3-1912-46a0-9798-db3d3f9d2881,74b23a8e-ccad-453a-a0bd-2af02cb0a30b,1759834383337069231,831.349,731.457,1,,,1.1268944748880743,-7.705355198259859
d01ea4c3-1912-46a0-9798-db3d3f9d2881,74b23a8e-ccad-453a-a0bd-2af02cb0a30b,1759834383342081231,845.072,745.394,1,,,2.0214667189845343,-8.603505568564902
d01ea4c3-1912-46a0-9798-db3d3f9d2881,74b23a8e-ccad-453a-a0bd-2af02cb0a30b,1759834383347069231,868.889,771.568,1,,,3.581722379234337,-10.28635036653229
d01ea4c3-1912-46a0-9798-db3d3f9d2881,74b23a8e-ccad-453a-a0bd-2af02cb0a30b,1759834383352069231,871.855,810.643,1,,,3.7954796959353545,-12.801875221185163
d01ea4c3-1912-46a0-9798-db3d3f9d2881,74b23a8e-ccad-453a-a0bd-2af02cb0a30b,1759834383357208231,892.352,828.69,1,,,5.155104900472625,-13.952828488292326
d01ea4c3-1912-46a0-9798-db3d3f9d2881,74b23a8e-ccad-453a-a0bd-2af02cb0a30b,1759834383362194231,891.779,867.678,1,,,5.154692045827252,-16.4572695858879
d01ea4c3-1912-46a0-9798-db3d3f9d2881,74b23a8e-ccad-453a-a0bd-2af02cb0a30b,1759834383367194231,895.528,886.026,1,,,5.424278239148452,-17.63199836165242
d01ea4c3-1912-46a0-9798-db3d3f9d2881,74b23a8e-ccad-453a-a0bd-2af02cb0a30b,1759834383372194231,905.419,930.65,1,,,6.148479525575748,-20.48380690470365
d01ea4c3-1912-46a0-9798-db3d3f9d2881,74b23a8e-ccad-453a-a0bd-2af02cb0a30b,1759834383377199231,895.137,949.556,1,,,5.485076869938609,-21.70423047301173
d01ea4c3-1912-46a0-9798-db3d3f9d2881,74b23a8e-ccad-453a-a0bd-2af02cb0a30b,1759834383382194231,901.746,955.438,1,,,5.942077739003489,-22.074836732457968
d01ea4c3-1912-46a0-9798-db3d3f9d2881,74b23a8e-ccad-453a-a0bd-2af02cb0a30b,1759834383387194231,890.28,984.055,1,,,5.210377674256063,-23.918587692338473
d01ea4c3-1912-46a0-9798-db3d3f9d2881,74b23a8e-ccad-453a-a0bd-2af02cb0a30b,1759834383392198231,891.872,977.35,1,,,5.307931003178303,-23.487580915202816
d01ea4c3-1912-46a0-9798-db3d3f9d2881,74b23a8e-ccad-453a-a0bd-2af02cb0a30b,1759834383397194231,869.683,955.532,1,,,3.769430088670155,-22.10654069223931
d01ea4c3-1912-46a0-9798-db3d3f9d2881,74b23a8e-ccad-453a-a0bd-2af02cb0a30b,1759834383402195231,877.533,947.973,1,,,4.292288410983987,-21.616702120173
d01ea4c3-1912-46a0-9798-db3d3f9d2881,74b23a8e-ccad-453a-a0bd-2af02cb0a30b,1759834383407194231,881.348,949.814,1,48,,4.55266908100167,-21.731991811066145
d01ea4c3-1912-46a0-9798-db3d3f9d2881,74b23a8e-ccad-453a-a0bd-2af02cb0a30b,1759834383412195231,881.679,952.435,1,48,,4.578456801862869,-21.899722738415623
d01ea4c3-1912-46a0-9798-db3d3f9d2881,74b23a8e-ccad-453a-a0bd-2af02cb0a30b,1759834383417211231,880.269,958.966,1,48,,4.491392837691956,-22.31932078118337
d01ea4c3-1912-46a0-9798-db3d3f9d2881,74b23a8e-ccad-453a-a0bd-2af02cb0a30b,1759834383422195231,887.484,963.536,1,48,,4.987553673253302,-22.606443042035494
d01ea4c3-1912-46a0-9798-db3d3f9d2881,74b23a8e-ccad-453a-a0bd-2af02cb0a30b,1759834383427195231,887.263,961.016,1,48,,4.968867608045729,-22.445174614107636
d01ea4c3-1912-46a0-9798-db3d3f9d2881,74b23a8e-ccad-453a-a0bd-2af02cb0a30b,1759834383432195231,894.656,975.07,1,48,,5.493926884162654,-23.33892735607351
d01ea4c3-1912-46a0-9798-db3d3f9d2881,74b23a8e-ccad-453a-a0bd-2af02cb0a30b,1759834383437200231,898.007,972.721,1,48,,5.71820988057172,-23.185250537653715
d01ea4c3-1912-46a0-9798-db3d3f9d2881,74b23a8e-ccad-453a-a0bd-2af02cb0a30b,1759834383442195231,887.748,954.965,1,48,,4.992975631969081,-22.0570707736951
d01ea4c3-1912-46a0-9798-db3d3f9d2881,74b23a8e-ccad-453a-a0bd-2af02cb0a30b,1759834383447195231,884.037,957.269,1,48,,4.7447046352427185,-22.207695518435234
d01ea4c3-1912-46a0-9798-db3d3f9d2881,74b23a8e-ccad-453a-a0bd-2af02cb0a30b,1759834383452195231,887.655,957.982,1,48,,4.991013264384046,-22.25041326910156
d01ea4c3-1912-46a0-9798-db3d3f9d2881,74b23a8e-ccad-453a-a0bd-2af02cb0a30b,1759834383457195231,889.825,958.864,1,48,,5.139497774995435,-22.305116993287175
d01ea4c3-1912-46a0-9798-db3d3f9d2881,74b23a8e-ccad-453a-a0bd-2af02cb0a30b,1759834383462195231,900.533,961.228,1,48,,5.869863110670004,-22.446785866073462
d01ea4c3-1912-46a0-9798-db3d3f9d2881,74b23a8e-ccad-453a-a0bd-2af02cb0a30b,1759834383467195231,898.199,961.976,1,48,,5.712712432539368,-22.496928138624632
d01ea4c3-1912-46a0-9798-db3d3f9d2881,74b23a8e-ccad-453a-a0bd-2af02cb0a30b,1759834383472200231,886.733,963.431,1,48,,4.9364317115031815,-22.600326481276266
d01ea4c3-1912-46a0-9798-db3d3f9d2881,74b23a8e-ccad-453a-a0bd-2af02cb0a30b,1759834383477200231,887.782,962.03,1,48,,5.005565940093571,-22.509712351010688
d01ea4c3-1912-46a0-9798-db3d3f9d2881,74b23a8e-ccad-453a-a0bd-2af02cb0a30b,1759834383482195231,883.732,957.146,1,48,,4.723880913833089,-22.200035391722807
d01ea4c3-1912-46a0-9798-db3d3f9d2881,74b23a8e-ccad-453a-a0bd-2af02cb0a30b,1759834383487195231,890.151,962.86,1,48,,5.167723173079349,-22.560876987079087
d01ea4c3-1912-46a0-9798-db3d3f9d2881,74b23a8e-ccad-453a-a0bd-2af02cb0a30b,1759834383492321231,888.705,959.789,1,48,,5.064936211660791,-22.36534324072308
d01ea4c3-1912-46a0-9798-db3d3f9d2881,74b23a8e-ccad-453a-a0bd-2af02cb0a30b,1759834383497321231,877.557,956.187,1,48,,4.303980536639622,-22.143228368367428
d01ea4c3-1912-46a0-9798-db3d3f9d2881,74b23a8e-ccad-453a-a0bd-2af02cb0a30b,1759834383502330231,878.693,956.238,1,48,,4.381031972407662,-22.145620312788385
d01ea4c3-1912-46a0-9798-db3d3f9d2881,74b23a8e-ccad-453a-a0bd-2af02cb0a30b,1759834383507320231,881.465,949.744,1,48,,4.560507312114361,-21.727398366576598
d01ea4c3-1912-46a0-9798-db3d3f9d2881,74b23a8e-ccad-453a-a0bd-2af02cb0a30b,1759834383512321231,882.285,949.994,1,48,,4.616313372034309,-21.74284135600508
d01ea4c3-1912-46a0-9798-db3d3f9d2881,74b23a8e-ccad-453a-a0bd-2af02cb0a30b,1759834383517321231,882.369,949.716,1,48,,4.62163266621534,-21.724921707718316
d01ea4c3-1912-46a0-9798-db3d3f9d2881,74b23a8e-ccad-453a-a0bd-2af02cb0a30b,1759834383522326231,879.896,948.337,1,48,,4.452539188735417,-21.638375100783307
d01ea4c3-1912-46a0-9798-db3d3f9d2881,74b23a8e-ccad-453a-a0bd-2af02cb0a30b,1759834383527321231,886.613,952.14,1,48,,4.912143704664333,-21.87693496835173
d01ea4c3-1912-46a0-9798-db3d3f9d2881,74b23a8e-ccad-453a-a0bd-2af02cb0a30b,1759834383532321231,881.752,955.609,1,48,,4.587585177872991,-22.103035188496264
d01ea4c3-1912-46a0-9798-db3d3f9d2881,74b23a8e-ccad-453a-a0bd-2af02cb0a30b,1759834383537324231,885.493,961.323,1,48,,4.849195915732977,-22.46625720079802
d01ea4c3-1912-46a0-9798-db3d3f9d2881,74b23a8e-ccad-453a-a0bd-2af02cb0a30b,1759834383542321231,887.893,955.864,1,48,,5.004131502293213,-22.114540255958026
d01ea4c3-1912-46a0-9798-db3d3f9d2881,74b23a8e-ccad-453a-a0bd-2af02cb0a30b,1759834383547321231,893.357,963.342,1,48,,5.386214154726148,-22.58891719117224
d01ea4c3-1912-46a0-9798-db3d3f9d2881,74b23a8e-ccad-453a-a0bd-2af02cb0a30b,1759834383552321231,888.049,967.323,1,48,,5.031648647885497,-22.848586468802537
d01ea4c3-1912-46a0-9798-db3d3f9d2881,74b23a8e-ccad-453a-a0bd-2af02cb0a30b,1759834383557321231,889.593,968.61,1,48,,5.138688963138852,-22.92973629616568
d01ea4c3-1912-46a0-9798-db3d3f9d2881,74b23a8e-ccad-453a-a0bd-2af02cb0a30b,1759834383562321231,886.257,974.733,1,48,,4.920884421841327,-23.324844007784122
d01ea4c3-1912-46a0-9798-db3d3f9d2881,74b23a8e-ccad-453a-a0bd-2af02cb0a30b,1759834383567321231,883.642,979.467,1,48,,4.749603104596426,-23.63036907081607
d01ea4c3-1912-46a0-9798-db3d3f9d2881,74b23a8e-ccad-453a-a0bd-2af02cb0a30b,1759834383572321231,880.724,978.732,1,48,,4.54931578621977,-23.58566665084143
d01ea4c3-1912-46a0-9798-db3d3f9d2881,74b23a8e-ccad-453a-a0bd-2af02cb0a30b,1759834383577325231,882.234,978.436,1,48,,4.651956035113148,-23.565461653658527
d01ea4c3-1912-46a0-9798-db3d3f9d2881,74b23a8e-ccad-453a-a0bd-2af02cb0a30b,1759834383582321231,880.781,964.664,1,48,,4.5337379335374575,-22.684060368809703
d01ea4c3-1912-46a0-9798-db3d3f9d2881,74b23a8e-ccad-453a-a0bd-2af02cb0a30b,1759834383587321231,883.637,966.308,1,48,,4.730136005545668,-22.787215913454094
d01ea4c3-1912-46a0-9798-db3d3f9d2881,74b23a8e-ccad-453a-a0bd-2af02cb0a30b,1759834383592321231,880.938,975.755,1,48,,4.5597471664365194,-23.394713329778767
d01ea4c3-1912-46a0-9798-db3d3f9d2881,74b23a8e-ccad-453a-a0bd-2af02cb0a30b,1759834383597321231,880.556,978.048,1,48,,4.536894112916351,-23.541979843038295
d01ea4c3-1912-46a0-9798-db3d3f9d2881,74b23a8e-ccad-453a-a0bd-2af02cb0a30b,1759834383602321231,874.607,978.896,1,48,,4.131972023606747,-23.6008246751048
d01ea4c3-1912-46a0-9798-db3d3f9d2881,74b23a8e-ccad-453a-a0bd-2af02cb0a30b,1759834383607322231,875.998,977.278,1,48,,4.224820801181628,-23.496130213432206
d01ea4c3-1912-46a0-9798-db3d3f9d2881,74b23a8e-ccad-453a-a0bd-2af02cb0a30b,1759834383612324231,864.437,973.269,1,48,,3.431672157628759,-23.2468807306173
d01ea4c3-1912-46a0-9798-db3d3f9d2881,74b23a8e-ccad-453a-a0bd-2af02cb0a30b,1759834383617322231,876.707,977.454,1,48,,4.273436524099421,-23.506868740484254
d01ea4c3-1912-46a0-9798-db3d3f9d2881,74b23a8e-ccad-453a-a0bd-2af02cb0a30b,1759834383622322231,874.093,971.75,1,48,,4.08786627219875,-23.143152853379465
d01ea4c3-1912-46a0-9798-db3d3f9d2881,74b23a8e-ccad-453a-a0bd-2af02cb0a30b,1759834383627447231,873.708,971.464,1,48,,4.061267033322912,-23.125131956556995
d01ea4c3-1912-46a0-9798-db3d3f9d2881,74b23a8e-ccad-453a-a0bd-2af02cb0a30b,1759834383632447231,873.047,971.681,1,48,,4.01655711837988,-23.139473964181487
d01ea4c3-1912-46a0-9798-db3d3f9d2881,74b23a8e-ccad-453a-a0bd-2af02cb0a30b,1759834383637454231,869.97,966.068,1,48,,3.800528009902269,-22.781772878228974
d01ea4c3-1912-46a0-9798-db3d3f9d2881,74b23a8e-ccad-453a-a0bd-2af02cb0a30b,1759834383642447231,876.158,971.346,1,48,,4.228043698496665,-23.115796476553594
d01ea4c3-1912-46a0-9798-db3d3f9d2881,74b23a8e-ccad-453a-a0bd-2af02cb0a30b,1759834383647447231,875.269,967.386,1,48,,4.162511449821015,-22.862598501890023
d01ea4c3-1912-46a0-9798-db3d3f9d2881,74b23a8e-ccad-453a-a0bd-2af02cb0a30b,1759834383652447231,872.399,966.836,1,48,,3.966584041221285,-22.82939091260781
d01ea4c3-1912-46a0-9798-db3d3f9d2881,74b23a8e-ccad-453a-a0bd-2af02cb0a30b,1759834383657447231,856.304,972.984,1,48,,2.8769824695323103,-23.233091009811808
d01ea4c3-1912-46a0-9798-db3d3f9d2881,74b23a8e-ccad-453a-a0bd-2af02cb0a30b,1759834383662447231,870.393,961.84,1,48,,3.8245579039071855,-22.510452679978552
d01ea4c3-1912-46a0-9798-db3d3f9d2881,74b23a8e-ccad-453a-a0bd-2af02cb0a30b,1759834383667450231,872.638,959.244,1,48,,3.9740055763206596,-22.34256862884145
d01ea4c3-1912-46a0-9798-db3d3f9d2881,74b23a8e-ccad-453a-a0bd-2af02cb0a30b,1759834383672447231,873.172,957.811,1,48,,4.008539932644167,-22.250323558375438
d01ea4c3-1912-46a0-9798-db3d3f9d2881,74b23a8e-ccad-453a-a0bd-2af02cb0a30b,1759834383677452231,873.284,962.216,1,48,,4.021330057888025,-22.53263848036641
d01ea4c3-1912-46a0-9798-db3d3f9d2881,74b23a8e-ccad-453a-a0bd-2af02cb0a30b,1759834383682447231,873.015,962.81,1,48,,4.003734558420671,-22.570888216599496
d01ea4c3-1912-46a0-9798-db3d3f9d2881,74b23a8e-ccad-453a-a0bd-2af02cb0a30b,1759834383687447231,870.45,964.602,1,48,,3.8315195685673333,-22.68746362456174
d01ea4c3-1912-46a0-9798-db3d3f9d2881,74b23a8e-ccad-453a-a0bd-2af02cb0a30b,1759834383692447231,873.801,960.227,1,48,,4.054031852041033,-22.404764947727422
d01ea4c3-1912-46a0-9798-db3d3f9d2881,74b23a8e-ccad-453a-a0bd-2af02cb0a30b,1759834383697447231,875.331,960.153,1,48,,4.15779624462428,-22.398984298015336
d01ea4c3-1912-46a0-9798-db3d3f9d2881,74b23a8e-ccad-453a-a0bd-2af02cb0a30b,1759834383702447231,872.423,960.811,1,48,,3.96120760401191,-22.44314177235013
d01ea4c3-1912-46a0-9798-db3d3f9d2881,74b23a8e-ccad-453a-a0bd-2af02cb0a30b,1759834383707457231,872.424,967.084,1,,,3.9686041700361137,-22.845257664268747
d01ea4c3-1912-46a0-9798-db3d3f9d2881,74b23a8e-ccad-453a-a0bd-2af02cb0a30b,1759834383712448231,877.221,961.377,1,,,4.287621054097312,-22.476061000996083
d01ea4c3-1912-46a0-9798-db3d3f9d2881,74b23a8e-ccad-453a-a0bd-2af02cb0a30b,1759834383717448231,874.299,959.396,1,,,4.086861389329197,-22.351149223945463
d01ea4c3-1912-46a0-9798-db3d3f9d2881,74b23a8e-ccad-453a-a0bd-2af02cb0a30b,1759834383722454231,889.13,956.584,1,,,5.088998581705623,-22.159611789534086
d01ea4c3-1912-46a0-9798-db3d3f9d2881,74b23a8e-ccad-453a-a0bd-2af02cb0a30b,1759834383727448231,899.673,965.503,1,,,5.81890507768416,-22.72139350404658
d01ea4c3-1912-46a0-9798-db3d3f9d2881,74b23a8e-ccad-453a-a0bd-2af02cb0a30b,1759834383732453231,902.348,960.939,1,49,,5.992526701387658,-22.426474346596386
d01ea4c3-1912-46a0-9798-db3d3f9d2881,74b23a8e-ccad-453a-a0bd-2af02cb0a30b,1759834383737457231,897.857,951.832,1,49,,5.6727093778970605,-21.847520376912808
d01ea4c3-1912-46a0-9798-db3d3f9d2881,74b23a8e-ccad-453a-a0bd-2af02cb0a30b,1759834383742448231,900.416,948.29,1,49,,5.840035566343425,-21.618337577330273
d01ea4c3-1912-46a0-9798-db3d3f9d2881,74b23a8e-ccad-453a-a0bd-2af02cb0a30b,1759834383747457231,900.649,947.233,1,49,,5.854024792629735,-21.55037741326874
d01ea4c3-1912-46a0-9798-db3d3f9d2881,74b23a8e-ccad-453a-a0bd-2af02cb0a30b,1759834383752448231,901.053,947.608,1,49,,5.881993961653579,-21.57405802228403
d01ea4c3-1912-46a0-9798-db3d3f9d2881,74b23a8e-ccad-453a-a0bd-2af02cb0a30b,1759834383757448231,900.633,947.517,1,49,,5.853452377732537,-21.56857824404786
d01ea4c3-1912-46a0-9798-db3d3f9d2881,74b23a8e-ccad-453a-a0bd-2af02cb0a30b,1759834383762573231,905.528,949.932,1,49,,6.18849000054687,-21.71851777153151
d01ea4c3-1912-46a0-9798-db3d3f9d2881,74b23a8e-ccad-453a-a0bd-2af02cb0a30b,1759834383767576231,905.701,947.076,1,49,,6.19514537856048,-21.535460328348908
d01ea4c3-1912-46a0-9798-db3d3f9d2881,74b23a8e-ccad-453a-a0bd-2af02cb0a30b,1759834383772573231,898.787,963.403,1,49,,5.755075170339048,-22.58774252608033
d01ea4c3-1912-46a0-9798-db3d3f9d2881,74b23a8e-ccad-453a-a0bd-2af02cb0a30b,1759834383777573231,900.535,962.456,1,49,,5.872087998502064,-22.525454246366134
d01ea4c3-1912-46a0-9798-db3d3f9d2881,74b23a8e-ccad-453a-a0bd-2af02cb0a30b,1759834383782573231,899.951,944.36,1,49,,5.802185875957108,-21.367003327471412
d01ea4c3-1912-46a0-9798-db3d3f9d2881,74b23a8e-ccad-453a-a0bd-2af02cb0a30b,1759834383787573231,899.298,948.761,1,49,,5.765212605121287,-21.64950423454058
d01ea4c3-1912-46a0-9798-db3d3f9d2881,74b23a8e-ccad-453a-a0bd-2af02cb0a30b,1759834383792573231,910.121,954.854,1,49,,6.5082438273334295,-22.028953882121865
d01ea4c3-1912-46a0-9798-db3d3f9d2881,74b23a8e-ccad-453a-a0bd-2af02cb0a30b,1759834383797573231,908.813,955.984,1,49,,6.421777452379578,-22.1026447318985
d01ea4c3-1912-46a0-9798-db3d3f9d2881,74b23a8e-ccad-453a-a0bd-2af02cb0a30b,1759834383802573231,897.741,960.151,1,49,,5.6785859148679725,-22.38048931919092
d01ea4c3-1912-46a0-9798-db3d3f9d2881,74b23a8e-ccad-453a-a0bd-2af02cb0a30b,1759834383807573231,900.29,954.599,1,49,,5.842040588076705,-22.022459468009888
d01ea4c3-1912-46a0-9798-db3d3f9d2881,74b23a8e-ccad-453a-a0bd-2af02cb0a30b,1759834383812573231,904.969,955.514,1,49,,6.160554910357559,-22.07650956443112
d01ea4c3-1912-46a0-9798-db3d3f9d2881,74b23a8e-ccad-453a-a0bd-2af02cb0a30b,1759834383817574231,903.753,956.954,1,49,,6.080706117817169,-22.169904656087006
d01ea4c3-1912-46a0-9798-db3d3f9d2881,74b23a8e-ccad-453a-a0bd-2af02cb0a30b,1759834383822573231,898.368,955.889,1,49,,5.713999843152463,-22.106894141049988
d01ea4c3-1912-46a0-9798-db3d3f9d2881,74b23a8e-ccad-453a-a0bd-2af02cb0a30b,1759834383827574231,900.754,958.654,1,49,,5.880356720482628,-22.28169987773414
d01ea4c3-1912-46a0-9798-db3d3f9d2881,74b23a8e-ccad-453a-a0bd-2af02cb0a30b,1759834383832576231,901.647,954.14,1,49,,5.933116135288563,-21.991819444144856
d01ea4c3-1912-46a0-9798-db3d3f9d2881,74b23a8e-ccad-453a-a0bd-2af02cb0a30b,1759834383837577231,899.933,958.426,1,49,,5.824317659308633,-22.267890178241508
d01ea4c3-1912-46a0-9798-db3d3f9d2881,74b23a8e-ccad-453a-a0bd-2af02cb0a30b,1759834383842574231,903.846,960.106,1,49,,6.092612780577404,-22.37165930027906
d01ea4c3-1912-46a0-9798-db3d3f9d2881,74b23a8e-ccad-453a-a0bd-2af02cb0a30b,1759834383847587231,893.05,958.267,1,49,,5.357354366650622,-22.26408582769537
d01ea4c3-1912-46a0-9798-db3d3f9d2881,74b23a8e-ccad-453a-a0bd-2af02cb0a30b,1759834383852581231,894.405,945.488,1,49,,5.4293478705140314,-21.444243844045907
d01ea4c3-1912-46a0-9798-db3d3f9d2881,74b23a8e-ccad-453a-a0bd-2af02cb0a30b,1759834383857583231,899.534,951.521,1,49,,5.785717099233186,-21.82607348668584
d01ea4c3-1912-46a0-9798-db3d3f9d2881,74b23a8e-ccad-453a-a0bd-2af02cb0a30b,1759834383862574231,913.774,951.195,1,49,,6.748521077162246,-21.790827320283185
d01ea4c3-1912-46a0-9798-db3d3f9d2881,74b23a8e-ccad-453a-a0bd-2af02cb0a30b,1759834383867582231,910.84,951.384,1,49,,6.550388535236446,-21.806074423450696
d01ea4c3-1912-46a0-9798-db3d3f9d2881,74b23a8e-ccad-453a-a0bd-2af02cb0a30b,1759834383872574231,908.921,949.49,1,49,,6.417115104191905,-21.686784965554335
d01ea4c3-1912-46a0-9798-db3d3f9d2881,74b23a8e-ccad-453a-a0bd-2af02cb0a30b,1759834383877574231,899.033,951.695,1,49,,5.752106006990228,-21.83766607309553
d01ea4c3-1912-46a0-9798-db3d3f9d2881,74b23a8e-ccad-453a-a0bd-2af02cb0a30b,1759834383882574231,899.177,954.62,1,49,,5.766658667654292,-22.024913032189037
d01ea4c3-1912-46a0-9798-db3d3f9d2881,74b23a8e-ccad-453a-a0bd-2af02cb0a30b,1759834383887574231,903.142,957.202,1,49,,6.039762580506196,-22.186412657378902
d01ea4c3-1912-46a0-9798-db3d3f9d2881,74b23a8e-ccad-453a-a0bd-2af02cb0a30b,1759834383892574231,904.505,954.51,1,49,,6.127317585818214,-22.012665264766518
d01ea4c3-1912-46a0-9798-db3d3f9d2881,74b23a8e-ccad-453a-a0bd-2af02cb0a30b,1759834383897699231,908.388,953.176,1,49,,6.3878204551082565,-21.923312668293164
d01ea4c3-1912-46a0-9798-db3d3f9d2881,74b23a8e-ccad-453a-a0bd-2af02cb0a30b,1759834383902699231,909.646,951.209,1,49,,6.469317978671065,-21.796098594480068
d01ea4c3-1912-46a0-9798-db3d3f9d2881,74b23a8e-ccad-453a-a0bd-2af02cb0a30b,1759834383907699231,909.522,950.622,1,49,,6.459841102332527,-21.758637225855423
d01ea4c3-1912-46a0-9798-db3d3f9d2881,74b23a8e-ccad-453a-a0bd-2af02cb0a30b,1759834383912699231,912.75,955.097,1,49,,6.686776023755554,-22.041705174507776
d01ea4c3-1912-46a0-9798-db3d3f9d2881,74b23a8e-ccad-453a-a0bd-2af02cb0a30b,1759834383917699231,904.162,944.8,1,49,,6.087307629543705,-21.391232381366958
d01ea4c3-1912-46a0-9798-db3d3f9d2881,74b23a8e-ccad-453a-a0bd-2af02cb0a30b,1759834383922700231,896.884,950.997,1,49,,5.605543440518837,-21.79491969651658
d01ea4c3-1912-46a0-9798-db3d3f9d2881,74b23a8e-ccad-453a-a0bd-2af02cb0a30b,1759834383927700231,896.368,950.86,1,49,,5.570405080360513,-21.786614319611015
d01ea4c3-1912-46a0-9798-db3d3f9d2881,74b23a8e-ccad-453a-a0bd-2af02cb0a30b,1759834383932703231,902.92,951.477,1,49,,6.014747556258951,-21.819999976331335
d01ea4c3-1912-46a0-9798-db3d3f9d2881,74b23a8e-ccad-453a-a0bd-2af02cb0a30b,1759834383937700231,901.158,958.599,1,49,,5.9076728010511,-22.2777930862857
d01ea4c3-1912-46a0-9798-db3d3f9d2881,74b23a8e-ccad-453a-a0bd-2af02cb0a30b,1759834383942700231,905.662,949.172,1,49,,6.196192992515054,-21.669720063923528
d01ea4c3-1912-46a0-9798-db3d3f9d2881,74b23a8e-ccad-453a-a0bd-2af02cb0a30b,1759834383947700231,904.843,954.715,1,49,,6.1506017036365135,-22.02546966451773
d01ea4c3-1912-46a0-9798-db3d3f9d2881,74b23a8e-ccad-453a-a0bd-2af02cb0a30b,1759834383952705231,907.211,955.422,1,49,,6.312258139978501,-22.068312327978525
d01ea4c3-1912-46a0-9798-db3d3f9d2881,74b23a8e-ccad-453a-a0bd-2af02cb0a30b,1759834383957708231,908.004,949.469,1,49,,6.355072481471023,-21.68641470407844
d01ea4c3-1912-46a0-9798-db3d3f9d2881,74b23a8e-ccad-453a-a0bd-2af02cb0a30b,1759834383962700231,910.893,947.679,1,49,,6.547074740917116,-21.568825233321043
d01ea4c3-1912-46a0-9798-db3d3f9d2881,74b23a8e-ccad-453a-a0bd-2af02cb0a30b,1759834383967700231,912.243,951.067,1,49,,6.644686105707477,-21.784262529823504
d01ea4c3-1912-46a0-9798-db3d3f9d2881,74b23a8e-ccad-453a-a0bd-2af02cb0a30b,1759834383972700231,917.946,960.747,1,49,,7.050317256927065,-22.39748117686082
d01ea4c3-1912-46a0-9798-db3d3f9d2881,74b23a8e-ccad-453a-a0bd-2af02cb0a30b,1759834383977704231,918.424,959.476,1,49,,7.0800751919620435,-22.31556039946408
d01ea4c3-1912-46a0-9798-db3d3f9d2881,74b23a8e-ccad-453a-a0bd-2af02cb0a30b,1759834383982703231,918.17,958.264,1,49,,7.060300340113222,-22.2383457632667
d01ea4c3-1912-46a0-9798-db3d3f9d2881,74b23a8e-ccad-453a-a0bd-2af02cb0a30b,1759834383987700231,912.611,962.714,1,49,,6.692323516684533,-22.52938415698996
d01ea4c3-1912-46a0-9798-db3d3f9d2881,74b23a8e-ccad-453a-a0bd-2af02cb0a30b,1759834383992700231,910.895,963.302,1,49,,6.577003046410659,-22.568919012745802
d01ea4c3-1912-46a0-9798-db3d3f9d2881,74b23a8e-ccad-453a-a0bd-2af02cb0a30b,1759834383997700231,913.392,961.716,1,49,,6.743354609002578,-22.464661874392085
d01ea4c3-1912-46a0-9798-db3d3f9d2881,74b23a8e-ccad-453a-a0bd-2af02cb0a30b,1759834384002700231,907.197,960.172,1,49,,6.320061649009435,-22.37243111223791
d01ea4c3-1912-46a0-9798-db3d3f9d2881,74b23a8e-ccad-453a-a0bd-2af02cb0a30b,1759834384007700231,905.868,964.748,1,49,,6.238435406597188,-22.666798412318254
d01ea4c3-1912-46a0-9798-db3d3f9d2881,74b23a8e-ccad-453a-a0bd-2af02cb0a30b,1759834384012700231,919.004,957.283,1,49,,7.114790171803195,-22.174588646361055
d01ea4c3-1912-46a0-9798-db3d3f9d2881,74b23a8e-ccad-453a-a0bd-2af02cb0a30b,1759834384017700231,917.59,958.082,1,49,,7.020655579698777,-22.227347877729848
d01ea4c3-1912-46a0-9798-db3d3f9d2881,74b23a8e-ccad-453a-a0bd-2af02cb0a30b,1759834384022713231,915.048,959.565,1,49,,6.851320102734776,-22.32512573606593
d01ea4c3-1912-46a0-9798-db3d3f9d2881,74b23a8e-ccad-453a-a0bd-2af02cb0a30b,1759834384027701231,913.266,960.617,1,49,,6.73259863894637,-22.39444777062987
d01ea4c3-1912-46a0-9798-db3d3f9d2881,74b23a8e-ccad-453a-a0bd-2af02cb0a30b,1759834384032701231,910.031,960.051,1,49,,6.512079403198069,-22.36172263914109
d01ea4c3-1912-46a0-9798-db3d3f9d2881,74b23a8e-ccad-453a-a0bd-2af02cb0a30b,1759834384037826231,909.098,958.444,1,49,,6.445742933591206,-22.259860639884558
d01ea4c3-1912-46a0-9798-db3d3f9d2881,74b23a8e-ccad-453a-a0bd-2af02cb0a30b,1759834384042826231,912.695,956.51,1,49,,6.685783070709222,-22.13220770436406
d01ea4c3-1912-46a0-9798-db3d3f9d2881,74b23a8e-ccad-453a-a0bd-2af02cb0a30b,1759834384047826231,902.335,960.937,1,49,,5.991588495511581,-22.426408951192546
d01ea4c3-1912-46a0-9798-db3d3f9d2881,74b23a8e-ccad-453a-a0bd-2af02cb0a30b,1759834384052826231,908.432,964.82,1,49,,6.412686637487932,-22.668712443658944
d01ea4c3-1912-46a0-9798-db3d3f9d2881,74b23a8e-ccad-453a-a0bd-2af02cb0a30b,1759834384057826231,909.458,960.257,1,49,,6.473605110578927,-22.375501800401832
d01ea4c3-1912-46a0-9798-db3d3f9d2881,74b23a8e-ccad-453a-a0bd-2af02cb0a30b,1759834384062826231,913.532,960.29,1,49,,6.749967180145532,-22.373231488124393
d01ea4c3-1912-46a0-9798-db3d3f9d2881,74b23a8e-ccad-453a-a0bd-2af02cb0a30b,1759834384067826231,913.356,963.532,1,49,,6.744528356717124,-22.580893095568648
d01ea4c3-1912-46a0-9798-db3d3f9d2881,74b23a8e-ccad-453a-a0bd-2af02cb0a30b,1759834384072826231,915.853,956.398,1,,,6.899501124231361,-22.12155906576974
d01ea4c3-1912-46a0-9798-db3d3f9d2881,74b23a8e-ccad-453a-a0bd-2af02cb0a30b,1759834384077826231,909.162,960.886,1,,,6.454747845859164,-22.416089528777263
d01ea4c3-1912-46a0-9798-db3d3f9d2881,74b23a8e-ccad-453a-a0bd-2af02cb0a30b,1759834384082826231,892.592,954.079,1,,,5.319846068561501,-21.996225434728164
d01ea4c3-1912-46a0-9798-db3d3f9d2881,74b23a8e-ccad-453a-a0bd-2af02cb0a30b,1759834384087826231,893.491,944.407,1,,,5.3660202490985975,-21.375817166223122
d01ea4c3-1912-46a0-9798-db3d3f9d2881,74b23a8e-ccad-453a-a0bd-2af02cb0a30b,1759834384092826231,867.13,900.53,1,,,3.545713696836023,-18.58034491513067
d01ea4c3-1912-46a0-9798-db3d3f9d2881,74b23a8e-ccad-453a-a0bd-2af02cb0a30b,1759834384097826231,859.406,874.924,1,,,3.012905021867778,-16.939834826691445
d01ea4c3-1912-46a0-9798-db3d3f9d2881,74b23a8e-ccad-453a-a0bd-2af02cb0a30b,1759834384102828231,872.791,846.719,1,,,3.88033854797722,-15.121694420142617
d01ea4c3-1912-46a0-9798-db3d3f9d2881,74b23a8e-ccad-453a-a0bd-2af02cb0a30b,1759834384107826231,850.337,807.857,1,,,2.382344854565577,-12.629333307163913
d01ea4c3-1912-46a0-9798-db3d3f9d2881,74b23a8e-ccad-453a-a0bd-2af02cb0a30b,1759834384112826231,861.389,770.088,1,,,3.0917058115410683,-10.19304078454605
d01ea4c3-1912-46a0-9798-db3d3f9d2881,74b23a8e-ccad-453a-a0bd-2af02cb0a30b,1759834384117827231,822.963,751.137,1,,,0.5826484120868517,-8.976393797524278
d01ea4c3-1912-46a0-9798-db3d3f9d2881,74b23a8e-ccad-453a-a0bd-2af02cb0a30b,1759834384122827231,809.379,724.505,1,,,-0.3011170828882408,-7.257136490734695
d01ea4c3-1912-46a0-9798-db3d3f9d2881,74b23a8e-ccad-453a-a0bd-2af02cb0a30b,1759834384127830231,816.944,714.686,1,,,0.19035254969823587,-6.6227770708426785
d01ea4c3-1912-46a0-9798-db3d3f9d2881,74b23a8e-ccad-453a-a0bd-2af02cb0a30b,1759834384132826231,808.295,685.879,1,,,-0.3701906214655283,-4.761056902323019
d01ea4c3-1912-46a0-9798-db3d3f9d2881,74b23a8e-ccad-453a-a0bd-2af02cb0a30b,1759834384137837231,807.804,673.587,1,,,-0.4017071785375055,-3.966266373907663
d01ea4c3-1912-46a0-9798-db3d3f9d2881,74b23a8e-ccad-453a-a0bd-2af02cb0a30b,1759834384142827231,800.387,673.327,1,50,,-0.8819630867283801,-3.9493579871603828
d01ea4c3-1912-46a0-9798-db3d3f9d2881,74b23a8e-ccad-453a-a0bd-2af02cb0a30b,1759834384147827231,801.368,670.563,1,50,,-0.818319903995464,-3.7706443151712357
d01ea4c3-1912-46a0-9798-db3d3f9d2881,74b23a8e-ccad-453a-a0bd-2af02cb0a30b,1759834384152827231,798.218,675.537,1,50,,-1.0225312560086048,-4.092190981837925
d01ea4c3-1912-46a0-9798-db3d3f9d2881,74b23a8e-ccad-453a-a0bd-2af02cb0a30b,1759834384157827231,798.685,679.321,1,50,,-0.9925108676789964,-4.3368771975438465
d01ea4c3-1912-46a0-9798-db3d3f9d2881,74b23a8e-ccad-453a-a0bd-2af02cb0a30b,1759834384162829231,798.511,680.659,1,50,,-1.0038284705660527,-4.423418341133734
d01ea4c3-1912-46a0-9798-db3d3f9d2881,74b23a8e-ccad-453a-a0bd-2af02cb0a30b,1759834384172952231,794.854,684.381,1,50,,-1.2410314015512545,-4.663863109056561
d01ea4c3-1912-46a0-9798-db3d3f9d2881,74b23a8e-ccad-453a-a0bd-2af02cb0a30b,1759834384177843231,793.56,692.109,1,50,,-1.3255177037765782,-5.163368521209639
d01ea4c3-1912-46a0-9798-db3d3f9d2881,74b23a8e-ccad-453a-a0bd-2af02cb0a30b,1759834384182952231,793.582,692.23,1,50,,-1.3241278632947282,-5.171200540119731
d01ea4c3-1912-46a0-9798-db3d3f9d2881,74b23a8e-ccad-453a-a0bd-2af02cb0a30b,1759834384187952231,799.279,684.293,1,50,,-0.954296640562829,-4.6583268678074745
d01ea4c3-1912-46a0-9798-db3d3f9d2881,74b23a8e-ccad-453a-a0bd-2af02cb0a30b,1759834384192952231,798.001,684.56,1,50,,-1.0371286297299842,-4.675578721378513
d01ea4c3-1912-46a0-9798-db3d3f9d2881,74b23a8e-ccad-453a-a0bd-2af02cb0a30b,1759834384197952231,802.742,682.979,1,50,,-0.7298741258757092,-4.573466794243699
d01ea4c3-1912-46a0-9798-db3d3f9d2881,74b23a8e-ccad-453a-a0bd-2af02cb0a30b,1759834384202952231,798.714,686.244,1,50,,-0.9910483648332964,-4.78446749939067
d01ea4c3-1912-46a0-9798-db3d3f9d2881,74b23a8e-ccad-453a-a0bd-2af02cb0a30b,1759834384207952231,797.462,684.723,1,50,,-1.0720937517435545,-4.686100660433884
d01ea4c3-1912-46a0-9798-db3d3f9d2881,74b23a8e-ccad-453a-a0bd-2af02cb0a30b,1759834384212958231,796.133,684.573,1,50,,-1.1581664366563462,-4.6763561065104735
d01ea4c3-1912-46a0-9798-db3d3f9d2881,74b23a8e-ccad-453a-a0bd-2af02cb0a30b,1759834384217952231,798.394,685.805,1,50,,-1.0117400771828367,-4.756076395694209
d01ea4c3-1912-46a0-9798-db3d3f9d2881,74b23a8e-ccad-453a-a0bd-2af02cb0a30b,1759834384222952231,795.986,685.12,1,50,,-1.1677439645036118,-4.711672735597778
d01ea4c3-1912-46a0-9798-db3d3f9d2881,74b23a8e-ccad-453a-a0bd-2af02cb0a30b,1759834384227952231,796.969,685.865,1,50,,-1.1041210137419606,-4.759923641018288
d01ea4c3-1912-46a0-9798-db3d3f9d2881,74b23a8e-ccad-453a-a0bd-2af02cb0a30b,1759834384232953231,795.447,686.041,1,,,-1.2026965829025598,-4.771235182105502
d01ea4c3-1912-46a0-9798-db3d3f9d2881,74b23a8e-ccad-453a-a0bd-2af02cb0a30b,1759834384237952231,798.135,687.108,1,,,-1.02859366746124,-4.840311447714189
d01ea4c3-1912-46a0-9798-db3d3f9d2881,74b23a8e-ccad-453a-a0bd-2af02cb0a30b,1759834384242956231,794.697,680.299,1,,,-1.2508823844269907,-4.399979191044622
d01ea4c3-1912-46a0-9798-db3d3f9d2881,74b23a8e-ccad-453a-a0bd-2af02cb0a30b,1759834384247957231,794.762,667.714,1,,,-1.2458918860723296,-3.5862802291662836
d01ea4c3-1912-46a0-9798-db3d3f9d2881,74b23a8e-ccad-453a-a0bd-2af02cb0a30b,1759834384252955231,794.092,657.373,1,,,-1.2886672087258781,-2.9174910197515747
d01ea4c3-1912-46a0-9798-db3d3f9d2881,74b23a8e-ccad-453a-a0bd-2af02cb0a30b,1759834384257953231,792.877,641.898,1,,,-1.3666332296350538,-1.9166217807817794
d01ea4c3-1912-46a0-9798-db3d3f9d2881,74b23a8e-ccad-453a-a0bd-2af02cb0a30b,1759834384262962231,791.476,636.694,1,,,-1.4571466407598113,-1.5799700407859187
d01ea4c3-1912-46a0-9798-db3d3f9d2881,74b23a8e-ccad-453a-a0bd-2af02cb0a30b,1759834384267953231,793.056,626.817,1,,,-1.354699084522437,-0.9410891070104856
d01ea4c3-1912-46a0-9798-db3d3f9d2881,74b23a8e-ccad-453a-a0bd-2af02cb0a30b,1759834384272953231,792.842,625.731,1,51,,-1.3685085418744547,-0.8708121313970356
d01ea4c3-1912-46a0-9798-db3d3f9d2881,74b23a8e-ccad-453a-a0bd-2af02cb0a30b,1759834384277953231,794.883,623.667,1,51,,-1.2365319839563165,-0.7373031611762136
d01ea4c3-1912-46a0-9798-db3d3f9d2881,74b23a8e-ccad-453a-a0bd-2af02cb0a30b,1759834384282953231,797.324,623.554,1,51,,-1.07867136084068,-0.7300447978447767
d01ea4c3-1912-46a0-9798-db3d3f9d2881,74b23a8e-ccad-453a-a0bd-2af02cb0a30b,1759834384287959231,799.77,616.968,1,51,,-0.9204402397147073,-0.3040006911590444
d01ea4c3-1912-46a0-9798-db3d3f9d2881,74b23a8e-ccad-453a-a0bd-2af02cb0a30b,1759834384292953231,801.337,621.856,1,51,,-0.8191438940934698,-0.6202227426163257
d01ea4c3-1912-46a0-9798-db3d3f9d2881,74b23a8e-ccad-453a-a0bd-2af02cb0a30b,1759834384297955231,798.374,622.033,1,51,,-1.0107439269861345,-0.6316659340670087
d01ea4c3-1912-46a0-9798-db3d3f9d2881,74b23a8e-ccad-453a-a0bd-2af02cb0a30b,1759834384302953231,799.9,625.276,1,51,,-0.9121330126614889,-0.8414249726157521
d01ea4c3-1912-46a0-9798-db3d3f9d2881,74b23a8e-ccad-453a-a0bd-2af02cb0a30b,1759834384307957231,799.858,619.164,1,51,,-0.9147940822261614,-0.4460508418021041
d01ea4c3-1912-46a0-9798-db3d3f9d2881,74b23a8e-ccad-453a-a0bd-2af02cb0a30b,1759834384313078231,799.622,621.34,1,51,,-0.9300616801631633,-0.5868395702277268
d01ea4c3-1912-46a0-9798-db3d3f9d2881,74b23a8e-ccad-453a-a0bd-2af02cb0a30b,1759834384318078231,798.635,622.355,1,51,,-0.9939172505057352,-0.6524875042426427
d01ea4c3-1912-46a0-9798-db3d3f9d2881,74b23a8e-ccad-453a-a0bd-2af02cb0a30b,1759834384323079231,800.829,624.943,1,51,,-0.8520575497301772,-0.8199299326716297
d01ea4c3-1912-46a0-9798-db3d3f9d2881,74b23a8e-ccad-453a-a0bd-2af02cb0a30b,1759834384328078231,800.436,625.067,1,51,,-0.8774216547696623,-0.8279474867782947
d01ea4c3-1912-46a0-9798-db3d3f9d2881,74b23a8e-ccad-453a-a0bd-2af02cb0a30b,1759834384333078231,799.465,625.664,1,51,,-0.9402550492463176,-0.8665231423755598
d01ea4c3-1912-46a0-9798-db3d3f9d2881,74b23a8e-ccad-453a-a0bd-2af02cb0a30b,1759834384338078231,799.633,621.843,1,51,,-0.929331255713817,-0.6193557830368062
d01ea4c3-1912-46a0-9798-db3d3f9d2881,74b23a8e-ccad-453a-a0bd-2af02cb0a30b,1759834384343086231,801.425,619.461,1,51,,-0.8134585422633496,-0.46528862315553504
d01ea4c3-1912-46a0-9798-db3d3f9d2881,74b23a8e-ccad-453a-a0bd-2af02cb0a30b,1759834384348079231,796.081,627.654,1,51,,-1.159133259995662,-0.9952580245476778
d01ea4c3-1912-46a0-9798-db3d3f9d2881,74b23a8e-ccad-453a-a0bd-2af02cb0a30b,1759834384353085231,797.64,628.957,1,51,,-1.0583364239214859,-1.079575594148907
d01ea4c3-1912-46a0-9798-db3d3f9d2881,74b23a8e-ccad-453a-a0bd-2af02cb0a30b,1759834384358079231,796.615,621.332,1,51,,-1.1244777344719683,-0.5862820474487053
d01ea4c3-1912-46a0-9798-db3d3f9d2881,74b23a8e-ccad-453a-a0bd-2af02cb0a30b,1759834384363079231,800.701,620.004,1,51,,-0.8602424506721815,-0.5004250889978313
d01ea4c3-1912-46a0-9798-db3d3f9d2881,74b23a8e-ccad-453a-a0bd-2af02cb0a30b,1759834384368086231,799.626,624.155,1,51,,-0.9298004942422731,-0.7689293601986621
d01ea4c3-1912-46a0-9798-db3d3f9d2881,74b23a8e-ccad-453a-a0bd-2af02cb0a30b,1759834384373079231,799.351,626.616,1,51,,-0.9476542975160723,-0.9281619117970639
d01ea4c3-1912-46a0-9798-db3d3f9d2881,74b23a8e-ccad-453a-a0bd-2af02cb0a30b,1759834384378083231,801.987,628.706,1,51,,-0.7772094442659051,-1.0633559723852772
d01ea4c3-1912-46a0-9798-db3d3f9d2881,74b23a8e-ccad-453a-a0bd-2af02cb0a30b,1759834384383079231,799.335,629.034,1,51,,-0.9486869740464356,-1.0845431911170966
d01ea4c3-1912-46a0-9798-db3d3f9d2881,74b23a8e-ccad-453a-a0bd-2af02cb0a30b,1759834384388079231,802.611,624.362,1,51,,-0.7367990165839404,-0.7823630170000724
d01ea4c3-1912-46a0-9798-db3d3f9d2881,74b23a8e-ccad-453a-a0bd-2af02cb0a30b,1759834384393079231,802.701,626.681,1,51,,-0.7309850249897525,-0.9323365889063583
d01ea4c3-1912-46a0-9798-db3d3f9d2881,74b23a8e-ccad-453a-a0bd-2af02cb0a30b,1759834384398079231,806.474,627.776,1,51,,-0.4869907920856192,-1.0032336151007126
d01ea4c3-1912-46a0-9798-db3d3f9d2881,74b23a8e-ccad-453a-a0bd-2af02cb0a30b,1759834384403082231,805.075,625.118,1,51,,-0.5774562929599057,-0.8312778603424945
d01ea4c3-1912-46a0-9798-db3d3f9d2881,74b23a8e-ccad-453a-a0bd-2af02cb0a30b,1759834384408079231,797.206,632.713,1,51,,-1.0864516899241106,-1.3225155590297635
d01ea4c3-1912-46a0-9798-db3d3f9d2881,74b23a8e-ccad-453a-a0bd-2af02cb0a30b,1759834384413092231,798.593,629.667,1,51,,-0.9966611978919288,-1.1254983515047037
d01ea4c3-1912-46a0-9798-db3d3f9d2881,74b23a8e-ccad-453a-a0bd-2af02cb0a30b,1759834384418079231,799.123,630.414,1,51,,-0.962406928279184,-1.1738264771152034
d01ea4c3-1912-46a0-9798-db3d3f9d2881,74b23a8e-ccad-453a-a0bd-2af02cb0a30b,1759834384423079231,798.227,629.457,1,51,,-1.0203370082004464,-1.1119289984726353
d01ea4c3-1912-46a0-9798-db3d3f9d2881,74b23a8e-ccad-453a-a0bd-2af02cb0a30b,1759834384428079231,799.5,629.566,1,51,,-0.9380488506699558,-1.1189822262679314
d01ea4c3-1912-46a0-9798-db3d3f9d2881,74b23a8e-ccad-453a-a0bd-2af02cb0a30b,1759834384433083231,796.332,633.169,1,51,,-1.1429940622455281,-1.3520553794849313
d01ea4c3-1912-46a0-9798-db3d3f9d2881,74b23a8e-ccad-453a-a0bd-2af02cb0a30b,1759834384438079231,794.816,632.691,1,51,,-1.2409726254740296,-1.321072918962266
d01ea4c3-1912-46a0-9798-db3d3f9d2881,74b23a8e-ccad-453a-a0bd-2af02cb0a30b,1759834384443083231,797.45,630.076,1,51,,-1.0706094517399578,-1.1519550996251755
d01ea4c3-1912-46a0-9798-db3d3f9d2881,74b23a8e-ccad-453a-a0bd-2af02cb0a30b,1759834384448205231,797.892,629.664,1,51,,-1.041990123684932,-1.1252836931817085
d01ea4c3-1912-46a0-9798-db3d3f9d2881,74b23a8e-ccad-453a-a0bd-2af02cb0a30b,1759834384453217231,800.362,631.566,1,51,,-0.8823429259452993,-1.2483808000499863
d01ea4c3-1912-46a0-9798-db3d3f9d2881,74b23a8e-ccad-453a-a0bd-2af02cb0a30b,1759834384458205231,801.023,630.743,1,51,,-0.8395475832045096,-1.1951136483434548
d01ea4c3-1912-46a0-9798-db3d3f9d2881,74b23a8e-ccad-453a-a0bd-2af02cb0a30b,1759834384463205231,801.786,629.221,1,51,,-0.7901814415595411,-1.0966443505794081
d01ea4c3-1912-46a0-9798-db3d3f9d2881,74b23a8e-ccad-453a-a0bd-2af02cb0a30b,1759834384468205231,805.687,622.187,1,51,,-0.5378683198929223,-0.6416199923102248
d01ea4c3-1912-46a0-9798-db3d3f9d2881,74b23a8e-ccad-453a-a0bd-2af02cb0a30b,1759834384473205231,802.828,626.714,1,51,,-0.7227835014134968,-0.9344614179276065
d01ea4c3-1912-46a0-9798-db3d3f9d2881,74b23a8e-ccad-453a-a0bd-2af02cb0a30b,1759834384478205231,803.744,629.564,1,51,,-0.6635501044418599,-1.118840594464397
d01ea4c3-1912-46a0-9798-db3d3f9d2881,74b23a8e-ccad-453a-a0bd-2af02cb0a30b,1759834384483205231,804.192,628.117,1,51,,-0.6345568448251926,-1.0252749118158704
d01ea4c3-1912-46a0-9798-db3d3f9d2881,74b23a8e-ccad-453a-a0bd-2af02cb0a30b,1759834384488205231,802.334,630.128,1,51,,-0.7547310409963538,-1.1553727008041306
d01ea4c3-1912-46a0-9798-db3d3f9d2881,74b23a8e-ccad-453a-a0bd-2af02cb0a30b,1759834384493205231,805.581,634.978,1,51,,-0.5448398798783961,-1.4691455842258363
d01ea4c3-1912-46a0-9798-db3d3f9d2881,74b23a8e-ccad-453a-a0bd-2af02cb0a30b,1759834384498205231,803.31,633.742,1,51,,-0.6916556560097203,-1.3891478039312641
d01ea4c3-1912-46a0-9798-db3d3f9d2881,74b23a8e-ccad-453a-a0bd-2af02cb0a30b,1759834384503205231,806.625,634.215,1,51,,-0.4773116587656192,-1.4197355948814785
d01ea4c3-1912-46a0-9798-db3d3f9d2881,74b23a8e-ccad-453a-a0bd-2af02cb0a30b,1759834384508205231,806.503,631.654,1,51,,-0.4851585656328182,-1.254106148098636
d01ea4c3-1912-46a0-9798-db3d3f9d2881,74b23a8e-ccad-453a-a0bd-2af02cb0a30b,1759834384513205231,807.148,632.075,1,51,,-0.4434677764015059,-1.2813050136615298
d01ea4c3-1912-46a0-9798-db3d3f9d2881,74b23a8e-ccad-453a-a0bd-2af02cb0a30b,1759834384518205231,807.837,631.529,1,51,,-0.39889162385029714,-1.246015411651055
d01ea4c3-1912-46a0-9798-db3d3f9d2881,74b23a8e-ccad-453a-a0bd-2af02cb0a30b,1759834384523205231,805.048,632.748,1,,,-0.5792478611195843,-1.3248568577740687
d01ea4c3-1912-46a0-9798-db3d3f9d2881,74b23a8e-ccad-453a-a0bd-2af02cb0a30b,1759834384528205231,805.513,631.959,1,,,-0.5492128833814349,-1.2737896991681985
d01ea4c3-1912-46a0-9798-db3d3f9d2881,74b23a8e-ccad-453a-a0bd-2af02cb0a30b,1759834384533205231,805.526,630.705,1,,,-0.5483285617341442,-1.1927119150360752
d01ea4c3-1912-46a0-9798-db3d3f9d2881,74b23a8e-ccad-453a-a0bd-2af02cb0a30b,1759834384538205231,808.009,603.463,1,,,-0.3877028338236156,0.5697157726677671
d01ea4c3-1912-46a0-9798-db3d3f9d2881,74b23a8e-ccad-453a-a0bd-2af02cb0a30b,1759834384543206231,799.821,606.166,1,,,-0.9171417865273432,0.3948634651644996
d01ea4c3-1912-46a0-9798-db3d3f9d2881,74b23a8e-ccad-453a-a0bd-2af02cb0a30b,1759834384548205231,796.279,605.032,1,,,-1.146247241984373,0.4681949281887204
d01ea4c3-1912-46a0-9798-db3d3f9d2881,74b23a8e-ccad-453a-a0bd-2af02cb0a30b,1759834384553206231,792.804,599.379,1,52,,-1.3710246682942637,0.8338462207289207
d01ea4c3-1912-46a0-9798-db3d3f9d2881,74b23a8e-ccad-453a-a0bd-2af02cb0a30b,1759834384558206231,792.933,599.58,1,52,,-1.3626501813076972,0.8208807574151608
d01ea4c3-1912-46a0-9798-db3d3f9d2881,74b23a8e-ccad-453a-a0bd-2af02cb0a30b,1759834384563209231,793.431,599.55,1,52,,-1.330455304789348,0.8228308768681442
d01ea4c3-1912-46a0-9798-db3d3f9d2881,74b23a8e-ccad-453a-a0bd-2af02cb0a30b,1759834384568217231,795.992,597.57,1,52,,-1.1648644189998114,0.9509475702181976
d01ea4c3-1912-46a0-9798-db3d3f9d2881,74b23a8e-ccad-453a-a0bd-2af02cb0a30b,1759834384573206231,794.167,600.849,1,52,,-1.2828376974060578,0.7387780475317179
d01ea4c3-1912-46a0-9798-db3d3f9d2881,74b23a8e-ccad-453a-a0bd-2af02cb0a30b,1759834384578331231,794.966,600.326,1,52,,-1.23115154373419,0.7726604275857303
d01ea4c3-1912-46a0-9798-db3d3f9d2881,74b23a8e-ccad-453a-a0bd-2af02cb0a30b,1759834384583331231,792.798,600.32,1,52,,-1.3713977670479667,0.7730255452774801
d01ea4c3-1912-46a0-9798-db3d3f9d2881,74b23a8e-ccad-453a-a0bd-2af02cb0a30b,1759834384588331231,791.03,600.967,1,52,,-1.4857066946506756,0.7311252919459268
d01ea4c3-1912-46a0-9798-db3d3f9d2881,74b23a8e-ccad-453a-a0bd-2af02cb0a30b,1759834384593331231,788.408,600.989,1,52,,-1.6552406072513401,0.7296644251098727
d01ea4c3-1912-46a0-9798-db3d3f9d2881,74b23a8e-ccad-453a-a0bd-2af02cb0a30b,1759834384598332231,792.279,597.402,1,52,,-1.4049737215633664,0.9617328219080328
d01ea4c3-1912-46a0-9798-db3d3f9d2881,74b23a8e-ccad-453a-a0bd-2af02cb0a30b,1759834384603331231,791.537,598.857,1,52,,-1.4529166803090208,0.8676538293429445
d01ea4c3-1912-46a0-9798-db3d3f9d2881,74b23a8e-ccad-453a-a0bd-2af02cb0a30b,1759834384608331231,789.88,598.683,1,52,,-1.56006413049404,0.8788723158638003
d01ea4c3-1912-46a0-9798-db3d3f9d2881,74b23a8e-ccad-453a-a0bd-2af02cb0a30b,1759834384613331231,793.808,599.605,1,52,,-1.3060939289997353,0.8192680792479026
d01ea4c3-1912-46a0-9798-db3d3f9d2881,74b23a8e-ccad-453a-a0bd-2af02cb0a30b,1759834384618331231,794.843,595.108,1,52,,-1.2392368632649111,1.110201879176788
d01ea4c3-1912-46a0-9798-db3d3f9d2881,74b23a8e-ccad-453a-a0bd-2af02cb0a30b,1759834384623331231,794.67,600.207,1,52,,-1.25030358828701,0.7803146484106092
d01ea4c3-1912-46a0-9798-db3d3f9d2881,74b23a8e-ccad-453a-a0bd-2af02cb0a30b,1759834384628332231,792.933,598.34,1,52,,-1.362685166231103,0.9010956555246594
d01ea4c3-1912-46a0-9798-db3d3f9d2881,74b23a8e-ccad-453a-a0bd-2af02cb0a30b,1759834384633331231,794.313,599.451,1,52,,-1.2733877120792285,0.8292294094985058
d01ea4c3-1912-46a0-9798-db3d3f9d2881,74b23a8e-ccad-453a-a0bd-2af02cb0a30b,1759834384638331231,796.062,604.553,1,52,,-1.1602501785561494,0.499205812048477
d01ea4c3-1912-46a0-9798-db3d3f9d2881,74b23a8e-ccad-453a-a0bd-2af02cb0a30b,1759834384643332231,798.332,609.588,1,52,,-1.0134563730823232,0.17343967607156516
d01ea4c3-1912-46a0-9798-db3d3f9d2881,74b23a8e-ccad-453a-a0bd-2af02cb0a30b,1759834384648332231,797.307,608.585,1,52,,-1.0797289178215979,0.23836482007161566
d01ea4c3-1912-46a0-9798-db3d3f9d2881,74b23a8e-ccad-453a-a0bd-2af02cb0a30b,1759834384653342231,799.032,603.518,1,52,,-0.9682063535705174,0.5661240029394123
d01ea4c3-1912-46a0-9798-db3d3f9d2881,74b23a8e-ccad-453a-a0bd-2af02cb0a30b,1759834384658331231,799.721,603.576,1,52,,-0.9236699758836874,0.5623671409263185
d01ea4c3-1912-46a0-9798-db3d3f9d2881,74b23a8e-ccad-453a-a0bd-2af02cb0a30b,1759834384663332231,800.312,598.962,1,52,,-0.8854812911558909,0.8609184828439005
d01ea4c3-1912-46a0-9798-db3d3f9d2881,74b23a8e-ccad-453a-a0bd-2af02cb0a30b,1759834384668334231,798.164,597.641,1,52,,-1.0243960495588722,0.9463222869663127
d01ea4c3-1912-46a0-9798-db3d3f9d2881,74b23a8e-ccad-453a-a0bd-2af02cb0a30b,1759834384673332231,802.294,591.142,1,52,,-0.7574033673680112,1.366805774913298
d01ea4c3-1912-46a0-9798-db3d3f9d2881,74b23a8e-ccad-453a-a0bd-2af02cb0a30b,1759834384678332231,800.758,598.984,1,52,,-0.8566325990129978,0.8594594772592352
d01ea4c3-1912-46a0-9798-db3d3f9d2881,74b23a8e-ccad-453a-a0bd-2af02cb0a30b,1759834384683332231,798.813,599.399,1,52,,-0.9824180994905457,0.8325883511055314
d01ea4c3-1912-46a0-9798-db3d3f9d2881,74b23a8e-ccad-453a-a0bd-2af02cb0a30b,1759834384688340231,798.312,598.197,1,52,,-1.0148450276490053,0.9103955503424489
d01ea4c3-1912-46a0-9798-db3d3f9d2881,74b23a8e-ccad-453a-a0bd-2af02cb0a30b,1759834384693332231,797.049,598.807,1,52,,-1.0965008000222956,0.8708872515431033
d01ea4c3-1912-46a0-9798-db3d3f9d2881,74b23a8e-ccad-453a-a0bd-2af02cb0a30b,1759834384698335231,795.775,597.192,1,52,,-1.1788782652651115,0.9753988069728519
d01ea4c3-1912-46a0-9798-db3d3f9d2881,74b23a8e-ccad-453a-a0bd-2af02cb0a30b,1759834384703332231,792.772,594.221,1,52,,-1.373142732801781,1.1675197384658575
d01ea4c3-1912-46a0-9798-db3d3f9d2881,74b23a8e-ccad-453a-a0bd-2af02cb0a30b,1759834384708332231,790.158,594.874,1,52,,-1.5421980372198636,1.1252483850115584
d01ea4c3-1912-46a0-9798-db3d3f9d2881,74b23a8e-ccad-453a-a0bd-2af02cb0a30b,1759834384713457231,790.562,594.332,1,52,,-1.516080183737759,1.1603368108232672
d01ea4c3-1912-46a0-9798-db3d3f9d2881,74b23a8e-ccad-453a-a0bd-2af02cb0a30b,1759834384718457231,790.085,595.114,1,52,,-1.5468936866528353,1.1097310534941178
d01ea4c3-1912-46a0-9798-db3d3f9d2881,74b23a8e-ccad-453a-a0bd-2af02cb0a30b,1759834384723471231,794.545,602.367,1,52,,-1.258396577295589,0.6405864537866315
d01ea4c3-1912-46a0-9798-db3d3f9d2881,74b23a8e-ccad-453a-a0bd-2af02cb0a30b,1759834384728457231,794.756,603.397,1,52,,-1.2447181817715531,0.5739494123333497
d01ea4c3-1912-46a0-9798-db3d3f9d2881,74b23a8e-ccad-453a-a0bd-2af02cb0a30b,1759834384733457231,795.269,600.512,1,52,,-1.2116001566742554,0.7606155106909458
d01ea4c3-1912-46a0-9798-db3d3f9d2881,74b23a8e-ccad-453a-a0bd-2af02cb0a30b,1759834384738457231,793.722,598.627,1,52,,-1.3116696819359523,0.8825365672561496
d01ea4c3-1912-46a0-9798-db3d3f9d2881,74b23a8e-ccad-453a-a0bd-2af02cb0a30b,1759834384743457231,788.276,591.808,1,52,,-1.6639971359915253,1.3235899404526794
d01ea4c3-1912-46a0-9798-db3d3f9d2881,74b23a8e-ccad-453a-a0bd-2af02cb0a30b,1759834384748457231,792.155,596.781,1,52,,-1.4129778096934273,1.001909691556966
d01ea4c3-1912-46a0-9798-db3d3f9d2881,74b23a8e-ccad-453a-a0bd-2af02cb0a30b,1759834384753460231,793.43,602.467,1,52,,-1.3304610646545671,0.6341012711601676
d01ea4c3-1912-46a0-9798-db3d3f9d2881,74b23a8e-ccad-453a-a0bd-2af02cb0a30b,1759834384758469231,794.719,603.129,1,52,,-1.2471085778025535,0.5913263951069654
d01ea4c3-1912-46a0-9798-db3d3f9d2881,74b23a8e-ccad-453a-a0bd-2af02cb0a30b,1759834384763464231,796.381,602.965,1,52,,-1.1396575584586202,0.6019432885027838
d01ea4c3-1912-46a0-9798-db3d3f9d2881,74b23a8e-ccad-453a-a0bd-2af02cb0a30b,1759834384768458231,794.362,598.217,1,52,,-1.2702324391965354,0.9090864547107924
d01ea4c3-1912-46a0-9798-db3d3f9d2881,74b23a8e-ccad-453a-a0bd-2af02cb0a30b,1759834384773458231,795.201,596.743,1,52,,-1.2160509082408537,1.0044430581119652
d01ea4c3-1912-46a0-9798-db3d3f9d2881,74b23a8e-ccad-453a-a0bd-2af02cb0a30b,1759834384778458231,795.297,597.082,1,52,,-1.2098248869687314,0.9824866057999938
d01ea4c3-1912-46a0-9798-db3d3f9d2881,74b23a8e-ccad-453a-a0bd-2af02cb0a30b,1759834384783458231,791.027,601.687,1,52,,-1.4858585641879898,0.6845668172892715
d01ea4c3-1912-46a0-9798-db3d3f9d2881,74b23a8e-ccad-453a-a0bd-2af02cb0a30b,1759834384788458231,794.762,601.031,1,52,,-1.2443334181693122,0.7269994120234771
d01ea4c3-1912-46a0-9798-db3d3f9d2881,74b23a8e-ccad-453a-a0bd-2af02cb0a30b,1759834384793459231,796.711,605.153,1,52,,-1.1183149963136205,0.46039005146566164
d01ea4c3-1912-46a0-9798-db3d3f9d2881,74b23a8e-ccad-453a-a0bd-2af02cb0a30b,1759834384798458231,795.936,593.385,1,52,,-1.16853892412497,1.2216591037731743
d01ea4c3-1912-46a0-9798-db3d3f9d2881,74b23a8e-ccad-453a-a0bd-2af02cb0a30b,1759834384803458231,796.824,597.614,1,52,,-1.1110379435810334,0.9480905997449541
d01ea4c3-1912-46a0-9798-db3d3f9d2881,74b23a8e-ccad-453a-a0bd-2af02cb0a30b,1759834384808458231,795.959,598.53,1,52,,-1.1669504979167686,0.8888065502645793
d01ea4c3-1912-46a0-9798-db3d3f9d2881,74b23a8e-ccad-453a-a0bd-2af02cb0a30b,1759834384813458231,799.025,597.347,1,52,,-0.9687188981797469,0.9653552257771397
d01ea4c3-1912-46a0-9798-db3d3f9d2881,74b23a8e-ccad-453a-a0bd-2af02cb0a30b,1759834384818458231,800.857,598.927,1,52,,-0.8502233017222404,0.8631439712321238
d01ea4c3-1912-46a0-9798-db3d3f9d2881,74b23a8e-ccad-453a-a0bd-2af02cb0a30b,1759834384823458231,801.477,598.929,1,52,,-0.810118076486128,0.8630517988245265
d01ea4c3-1912-46a0-9798-db3d3f9d2881,74b23a8e-ccad-453a-a0bd-2af02cb0a30b,1759834384828458231,802.516,597.338,1,52,,-0.7429360386705054,0.9659724460955589
d01ea4c3-1912-46a0-9798-db3d3f9d2881,74b23a8e-ccad-453a-a0bd-2af02cb0a30b,1759834384833458231,802.423,596.413,1,52,,-0.7490044333796301,1.025785501488056
d01ea4c3-1912-46a0-9798-db3d3f9d2881,74b23a8e-ccad-453a-a0bd-2af02cb0a30b,1759834384838465231,799.355,596.379,1,52,,-0.9473936476859431,1.0280242620871054
d01ea4c3-1912-46a0-9798-db3d3f9d2881,74b23a8e-ccad-453a-a0bd-2af02cb0a30b,1759834384843458231,803.028,605.978,1,52,,-0.7097919510011619,0.4070151534973509
d01ea4c3-1912-46a0-9798-db3d3f9d2881,74b23a8e-ccad-453a-a0bd-2af02cb0a30b,1759834384848458231,804.502,605.739,1,52,,-0.6144670566134706,0.4224960324231939
d01ea4c3-1912-46a0-9798-db3d3f9d2881,74b23a8e-ccad-453a-a0bd-2af02cb0a30b,1759834384853583231,800.855,601.948,1,52,,-0.8503420568232064,0.6677472571867824
d01ea4c3-1912-46a0-9798-db3d3f9d2881,74b23a8e-ccad-453a-a0bd-2af02cb0a30b,1759834384858584231,803.295,603.885,1,52,,-0.6925111724491282,0.5423959313504119
d01ea4c3-1912-46a0-9798-db3d3f9d2881,74b23a8e-ccad-453a-a0bd-2af02cb0a30b,1759834384863584231,803.792,604.788,1,52,,-0.6604272039211423,0.4839840394127194
d01ea4c3-1912-46a0-9798-db3d3f9d2881,74b23a8e-ccad-453a-a0bd-2af02cb0a30b,1759834384868593231,805.282,606.191,1,52,,-0.5640340087553039,0.39324887061778185
d01ea4c3-1912-46a0-9798-db3d3f9d2881,74b23a8e-ccad-453a-a0bd-2af02cb0a30b,1759834384873584231,810.344,606.922,1,52,,-0.23670091348695999,0.34595763951934266
d01ea4c3-1912-46a0-9798-db3d3f9d2881,74b23a8e-ccad-453a-a0bd-2af02cb0a30b,1759834384878584231,809.305,607.012,1,52,,-0.3039362449111176,0.34010937409637365
d01ea4c3-1912-46a0-9798-db3d3f9d2881,74b23a8e-ccad-453a-a0bd-2af02cb0a30b,1759834384883587231,810.459,608.236,1,52,,-0.22925183491805975,0.2609174448985298
d01ea4c3-1912-46a0-9798-db3d3f9d2881,74b23a8e-ccad-453a-a0bd-2af02cb0a30b,1759834384888586231,814.494,608.38,1,52,,0.031627231095127675,0.2516450308772706
d01ea4c3-1912-46a0-9798-db3d3f9d2881,74b23a8e-ccad-453a-a0bd-2af02cb0a30b,1759834384893584231,808.883,606.454,1,52,,-0.33116547788678163,0.3762125773245005
d01ea4c3-1912-46a0-9798-db3d3f9d2881,74b23a8e-ccad-453a-a0bd-2af02cb0a30b,1759834384898584231,810.485,607.459,1,52,,-0.22761098809324223,0.31117710317427144
d01ea4c3-1912-46a0-9798-db3d3f9d2881,74b23a8e-ccad-453a-a0bd-2af02cb0a30b,1759834384903584231,809.158,610.13,1,52,,-0.31337651965530483,0.13837593306179916
d01ea4c3-1912-46a0-9798-db3d3f9d2881,74b23a8e-ccad-453a-a0bd-2af02cb0a30b,1759834384908584231,809.115,610.505,1,52,,-0.31619810302392665,0.11411880622999374
d01ea4c3-1912-46a0-9798-db3d3f9d2881,74b23a8e-ccad-453a-a0bd-2af02cb0a30b,1759834384913584231,812.774,608.957,1,52,,-0.07959139615067413,0.21425489194466737
d01ea4c3-1912-46a0-9798-db3d3f9d2881,74b23a8e-ccad-453a-a0bd-2af02cb0a30b,1759834384918584231,817.34,612.48,1,52,,0.21567394377142446,-0.013658462877100028
d01ea4c3-1912-46a0-9798-db3d3f9d2881,74b23a8e-ccad-453a-a0bd-2af02cb0a30b,1759834384923584231,817.536,611.282,1,52,,0.22832257048205248,0.06389409161592777
d01ea4c3-1912-46a0-9798-db3d3f9d2881,74b23a8e-ccad-453a-a0bd-2af02cb0a30b,1759834384928584231,811.683,610.138,1,52,,-0.15014420970363931,0.137906008890382
d01ea4c3-1912-46a0-9798-db3d3f9d2881,74b23a8e-ccad-453a-a0bd-2af02cb0a30b,1759834384933584231,810.182,612.227,1,52,,-0.2471788771425773,0.0027010764313683167
d01ea4c3-1912-46a0-9798-db3d3f9d2881,74b23a8e-ccad-453a-a0bd-2af02cb0a30b,1759834384938584231,810.48,609.092,1,52,,-0.22789331590482834,0.2055244082240643
d01ea4c3-1912-46a0-9798-db3d3f9d2881,74b23a8e-ccad-453a-a0bd-2af02cb0a30b,1759834384943584231,811.719,607.784,1,52,,-0.14782529611869,0.29016182595558143
d01ea4c3-1912-46a0-9798-db3d3f9d2881,74b23a8e-ccad-453a-a0bd-2af02cb0a30b,1759834384948584231,812.675,604.1,1,52,,-0.0859736009609343,0.5285076546076352
d01ea4c3-1912-46a0-9798-db3d3f9d2881,74b23a8e-ccad-453a-a0bd-2af02cb0a30b,1759834384953587231,814.7,609.93,1,52,,0.04495507526244242,0.1513115037482312
d01ea4c3-1912-46a0-9798-db3d3f9d2881,74b23a8e-ccad-453a-a0bd-2af02cb0a30b,1759834384958584231,815.088,608.111,1,52,,0.07001946932648534,0.2690428684127082
d01ea4c3-1912-46a0-9798-db3d3f9d2881,74b23a8e-ccad-453a-a0bd-2af02cb0a30b,1759834384963584231,815.744,608.908,1,52,,0.11246477659910595,0.21745633884094337
d01ea4c3-1912-46a0-9798-db3d3f9d2881,74b23a8e-ccad-453a-a0bd-2af02cb0a30b,1759834384968585231,816.158,608.584,1,52,,0.1392342393913721,0.2383883312133443
d01ea4c3-1912-46a0-9798-db3d3f9d2881,74b23a8e-ccad-453a-a0bd-2af02cb0a30b,1759834384973585231,817.026,609.262,1,52,,0.19534201306006155,0.1945333820208362
d01ea4c3-1912-46a0-9798-db3d3f9d2881,74b23a8e-ccad-453a-a0bd-2af02cb0a30b,1759834384978585231,816.842,614.065,1,52,,0.18345073033302864,-0.11617087801541506
d01ea4c3-1912-46a0-9798-db3d3f9d2881,74b23a8e-ccad-453a-a0bd-2af02cb0a30b,1759834384983585231,815.805,605.111,1,52,,0.11638774413372444,0.46308277682981525
d01ea4c3-1912-46a0-9798-db3d3f9d2881,74b23a8e-ccad-453a-a0bd-2af02cb0a30b,1759834384988710231,820.78,609.287,1,52,,0.4380704321211385,0.19293562975882478
d01ea4c3-1912-46a0-9798-db3d3f9d2881,74b23a8e-ccad-453a-a0bd-2af02cb0a30b,1759834384993710231,820.504,610.557,1,52,,0.42023167266432276,0.11076815685654945
d01ea4c3-1912-46a0-9798-db3d3f9d2881,74b23a8e-ccad-453a-a0bd-2af02cb0a30b,1759834384998710231,824.406,608.71,1,52,,0.6724991570166363,0.230277799309344
d01ea4c3-1912-46a0-9798-db3d3f9d2881,74b23a8e-ccad-453a-a0bd-2af02cb0a30b,1759834385003710231,820.038,607.188,1,52,,0.39011911535458454,0.32870726242686105
d01ea4c3-1912-46a0-9798-db3d3f9d2881,74b23a8e-ccad-453a-a0bd-2af02cb0a30b,1759834385008710231,819.566,606.596,1,52,,0.3595699746774745,0.3670139975167521
d01ea4c3-1912-46a0-9798-db3d3f9d2881,74b23a8e-ccad-453a-a0bd-2af02cb0a30b,1759834385013710231,819.635,609.276,1,52,,0.3640112881763049,0.19364331714313618
d01ea4c3-1912-46a0-9798-db3d3f9d2881,74b23a8e-ccad-453a-a0bd-2af02cb0a30b,1759834385018711231,819.857,611.075,1,52,,0.37841493878520666,0.07725209003857111
d01ea4c3-1912-46a0-9798-db3d3f9d2881,74b23a8e-ccad-453a-a0bd-2af02cb0a30b,1759834385023710231,822.023,610.335,1,52,,0.5184621467795383,0.12510893684738034
d01ea4c3-1912-46a0-9798-db3d3f9d2881,74b23a8e-ccad-453a-a0bd-2af02cb0a30b,1759834385028710231,821.939,610.571,1,52,,0.5130119907192893,0.10984751555899445
d01ea4c3-1912-46a0-9798-db3d3f9d2881,74b23a8e-ccad-453a-a0bd-2af02cb0a30b,1759834385033710231,819.2,610.02,1,52,,0.3358962107484873,0.14552101005313814
d01ea4c3-1912-46a0-9798-db3d3f9d2881,74b23a8e-ccad-453a-a0bd-2af02cb0a30b,1759834385038710231,823.797,609.26,1,52,,0.6331491443795064,0.19467020716860317
d01ea4c3-1912-46a0-9798-db3d3f9d2881,74b23a8e-ccad-453a-a0bd-2af02cb0a30b,1759834385043710231,821.006,611.176,1,52,,0.45267497528205436,0.07071284665202739
d01ea4c3-1912-46a0-9798-db3d3f9d2881,74b23a8e-ccad-453a-a0bd-2af02cb0a30b,1759834385048710231,822.189,610.497,1,52,,0.5291646922062085,0.11467261826577901
d01ea4c3-1912-46a0-9798-db3d3f9d2881,74b23a8e-ccad-453a-a0bd-2af02cb0a30b,1759834385053710231,822.048,610.767,1,52,,0.52007986159547,0.0971723665443675
d01ea4c3-1912-46a0-9798-db3d3f9d2881,74b23a8e-ccad-453a-a0bd-2af02cb0a30b,1759834385058710231,823.734,617.455,1,52,,0.6290824202738216,-0.3354737157343463
d01ea4c3-1912-46a0-9798-db3d3f9d2881,74b23a8e-ccad-453a-a0bd-2af02cb0a30b,1759834385063710231,826.388,599.911,1,52,,0.8007421865187274,0.7994794676464095
d01ea4c3-1912-46a0-9798-db3d3f9d2881,74b23a8e-ccad-453a-a0bd-2af02cb0a30b,1759834385068710231,823.605,604.255,1,52,,0.6207769378974238,0.5184983563047888
d01ea4c3-1912-46a0-9798-db3d3f9d2881,74b23a8e-ccad-453a-a0bd-2af02cb0a30b,1759834385073710231,824.452,607.125,1,52,,0.6754898323816767,0.3327787124785322
d01ea4c3-1912-46a0-9798-db3d3f9d2881,74b23a8e-ccad-453a-a0bd-2af02cb0a30b,1759834385078716231,823.68,608.305,1,52,,0.625573564457238,0.25644211741087475
d01ea4c3-1912-46a0-9798-db3d3f9d2881,74b23a8e-ccad-453a-a0bd-2af02cb0a30b,1759834385083711231,821.915,610.883,1,52,,0.5114885000684853,0.08968976326457499
d01ea4c3-1912-46a0-9798-db3d3f9d2881,74b23a8e-ccad-453a-a0bd-2af02cb0a30b,1759834385088711231,819.088,614.899,1,52,,0.3286659516506426,-0.17015602906202137
d01ea4c3-1912-46a0-9798-db3d3f9d2881,74b23a8e-ccad-453a-a0bd-2af02cb0a30b,1759834385093711231,819.587,609.773,1,52,,0.36092088466454403,0.16146952469863468
d01ea4c3-1912-46a0-9798-db3d3f9d2881,74b23a8e-ccad-453a-a0bd-2af02cb0a30b,1759834385098711231,820.983,610.348,1,52,,0.45119942606473173,0.12426840231147716
d01ea4c3-1912-46a0-9798-db3d3f9d2881,74b23a8e-ccad-453a-a0bd-2af02cb0a30b,1759834385103711231,823.81,609.847,1,52,,0.634008735960794,0.15672425865815215
d01ea4c3-1912-46a0-9798-db3d3f9d2881,74b23a8e-ccad-453a-a0bd-2af02cb0a30b,1759834385108711231,823.795,611.899,1,52,,0.633020613778411,0.0239648609421826
d01ea4c3-1912-46a0-9798-db3d3f9d2881,74b23a8e-ccad-453a-a0bd-2af02cb0a30b,1759834385113711231,824.405,615.185,1,52,,0.6724693857623538,-0.18862966712769244
d01ea4c3-1912-46a0-9798-db3d3f9d2881,74b23a8e-ccad-453a-a0bd-2af02cb0a30b,1759834385118711231,822.057,614.179,1,52,,0.5206359958915646,-0.12352803118611341
d01ea4c3-1912-46a0-9798-db3d3f9d2881,74b23a8e-ccad-453a-a0bd-2af02cb0a30b,1759834385123836231,824.169,612.923,1,52,,0.6571957777828795,-0.042296141101026016
d01ea4c3-1912-46a0-9798-db3d3f9d2881,74b23a8e-ccad-453a-a0bd-2af02cb0a30b,1759834385128836231,826.098,612.752,1,52,,0.7818992617620725,-0.031223513527027697
d01ea4c3-1912-46a0-9798-db3d3f9d2881,74b23a8e-ccad-453a-a0bd-2af02cb0a30b,1759834385133836231,824.378,608.394,1,52,,0.6706922866502869,0.250695909844189
d01ea4c3-1912-46a0-9798-db3d3f9d2881,74b23a8e-ccad-453a-a0bd-2af02cb0a30b,1759834385138836231,825.325,606.398,1,52,,0.7319643571694822,0.37980405478229656
d01ea4c3-1912-46a0-9798-db3d3f9d2881,74b23a8e-ccad-453a-a0bd-2af02cb0a30b,1759834385143846231,823.571,605.009,1,52,,0.6185645889325686,0.4696860070172719
d01ea4c3-1912-46a0-9798-db3d3f9d2881,74b23a8e-ccad-453a-a0bd-2af02cb0a30b,1759834385148836231,826.646,608.244,1,52,,0.8173619517279216,0.26041743751312413
d01ea4c3-1912-46a0-9798-db3d3f9d2881,74b23a8e-ccad-453a-a0bd-2af02cb0a30b,1759834385153836231,827.709,611.066,1,52,,0.8861011427307991,0.07783798381113786
d01ea4c3-1912-46a0-9798-db3d3f9d2881,74b23a8e-ccad-453a-a0bd-2af02cb0a30b,1759834385158836231,828.746,610.293,1,52,,0.9531169455767414,0.12783664925279492
d01ea4c3-1912-46a0-9798-db3d3f9d2881,74b23a8e-ccad-453a-a0bd-2af02cb0a30b,1759834385163836231,831.031,614.542,1,52,,1.1008925971600043,-0.1470296535397894
d01ea4c3-1912-46a0-9798-db3d3f9d2881,74b23a8e-ccad-453a-a0bd-2af02cb0a30b,1759834385168837231,829.933,612.667,1,52,,1.0298566313900925,-0.02572137501407494
d01ea4c3-1912-46a0-9798-db3d3f9d2881,74b23a8e-ccad-453a-a0bd-2af02cb0a30b,1759834385173836231,831.378,614.289,1,52,,1.123314168653053,-0.1306513731266922
d01ea4c3-1912-46a0-9798-db3d3f9d2881,74b23a8e-ccad-453a-a0bd-2af02cb0a30b,1759834385178837231,833.741,617.674,1,52,,1.2760966751571228,-0.3496230167961291
d01ea4c3-1912-46a0-9798-db3d3f9d2881,74b23a8e-ccad-453a-a0bd-2af02cb0a30b,1759834385183840231,831.449,617.908,1,52,,1.1278696403524244,-0.3647821486400611
d01ea4c3-1912-46a0-9798-db3d3f9d2881,74b23a8e-ccad-453a-a0bd-2af02cb0a30b,1759834385188837231,831.32,614.52,1,52,,1.1195498289928296,-0.1455800911724517
d01ea4c3-1912-46a0-9798-db3d3f9d2881,74b23a8e-ccad-453a-a0bd-2af02cb0a30b,1759834385193837231,831.982,613.765,1,52,,1.1623643205564662,-0.09675416982884269
d01ea4c3-1912-46a0-9798-db3d3f9d2881,74b23a8e-ccad-453a-a0bd-2af02cb0a30b,1759834385198837231,830.715,612.562,1,,,1.080446366277605,-0.018925812736613232
d01ea4c3-1912-46a0-9798-db3d3f9d2881,74b23a8e-ccad-453a-a0bd-2af02cb0a30b,1759834385203837231,832.858,612.363,1,,,1.219005978148242,-0.0060730454576256206
d01ea4c3-1912-46a0-9798-db3d3f9d2881,74b23a8e-ccad-453a-a0bd-2af02cb0a30b,1759834385208837231,845.449,621.091,1,,,2.0330413400008402,-0.5705640937152409
d01ea4c3-1912-46a0-9798-db3d3f9d2881,74b23a8e-ccad-453a-a0bd-2af02cb0a30b,1759834385213837231,858.826,618.449,1,,,2.8976665211413577,-0.39957929124821645
d01ea4c3-1912-46a0-9798-db3d3f9d2881,74b23a8e-ccad-453a-a0bd-2af02cb0a30b,1759834385218837231,879.43,638.652,1,,,4.230127465026174,-1.7047491102713404
d01ea4c3-1912-46a0-9798-db3d3f9d2881,74b23a8e-ccad-453a-a0bd-2af02cb0a30b,1759834385223843231,901.86,645.16,1,,,5.680142318988482,-2.123296138444011
d01ea4c3-1912-46a0-9798-db3d3f9d2881,74b23a8e-ccad-453a-a0bd-2af02cb0a30b,1759834385228837231,932.796,652.406,1,,,7.67931585759654,-2.5866500154023724
d01ea4c3-1912-46a0-9798-db3d3f9d2881,74b23a8e-ccad-453a-a0bd-2af02cb0a30b,1759834385233842231,965.234,658.386,1,,,9.77425337235872,-2.9653222779924198
d01ea4c3-1912-46a0-9798-db3d3f9d2881,74b23a8e-ccad-453a-a0bd-2af02cb0a30b,1759834385238837231,984.806,683.388,1,,,11.04849881857721,-4.56514816565364
d01ea4c3-1912-46a0-9798-db3d3f9d2881,74b23a8e-ccad-453a-a0bd-2af02cb0a30b,1759834385243841231,1000.014,674.827,1,,,12.02430010988484,-4.010225650646177
d01ea4c3-1912-46a0-9798-db3d3f9d2881,74b23a8e-ccad-453a-a0bd-2af02cb0a30b,1759834385248837231,1001.5,706.256,1,,,12.142832152380448,-6.023091782792549
d01ea4c3-1912-46a0-9798-db3d3f9d2881,74b23a8e-ccad-453a-a0bd-2af02cb0a30b,1759834385253837231,1004.739,715.98,1,,,12.361090324908474,-6.643758887525979
d01ea4c3-1912-46a0-9798-db3d3f9d2881,74b23a8e-ccad-453a-a0bd-2af02cb0a30b,1759834385258962231,999.854,723.598,1,53,,12.052975353669305,-7.134638147390856
d01ea4c3-1912-46a0-9798-db3d3f9d2881,74b23a8e-ccad-453a-a0bd-2af02cb0a30b,1759834385263962231,999.299,721.143,1,53,,12.014572623953498,-6.977830404105164
d01ea4c3-1912-46a0-9798-db3d3f9d2881,74b23a8e-ccad-453a-a0bd-2af02cb0a30b,1759834385268850231,998.261,718.772,1,53,,11.945109741789324,-6.826625812530422
d01ea4c3-1912-46a0-9798-db3d3f9d2881,74b23a8e-ccad-453a-a0bd-2af02cb0a30b,1759834385273965231,999.731,717.377,1,53,,12.038786307378942,-6.736383199459923
d01ea4c3-1912-46a0-9798-db3d3f9d2881,74b23a8e-ccad-453a-a0bd-2af02cb0a30b,1759834385278963231,1000.291,714.582,1,53,,12.072325271645674,-6.557023866705256
d01ea4c3-1912-46a0-9798-db3d3f9d2881,74b23a8e-ccad-453a-a0bd-2af02cb0a30b,1759834385283962231,1001.845,714.642,1,53,,12.17279707637219,-6.559932164779981
d01ea4c3-1912-46a0-9798-db3d3f9d2881,74b23a8e-ccad-453a-a0bd-2af02cb0a30b,1759834385288963231,1002.201,717.029,1,53,,12.198133808070832,-6.71250848030767
d01ea4c3-1912-46a0-9798-db3d3f9d2881,74b23a8e-ccad-453a-a0bd-2af02cb0a30b,1759834385293963231,1004.424,719.465,1,53,,12.344252912794884,-6.8670136044698
d01ea4c3-1912-46a0-9798-db3d3f9d2881,74b23a8e-ccad-453a-a0bd-2af02cb0a30b,1759834385298963231,1003.442,718.117,1,53,,12.279406190143677,-6.781354837743303
d01ea4c3-1912-46a0-9798-db3d3f9d2881,74b23a8e-ccad-453a-a0bd-2af02cb0a30b,1759834385303966231,1001.172,716.833,1,53,,12.131410971290803,-6.700602632018737
d01ea4c3-1912-46a0-9798-db3d3f9d2881,74b23a8e-ccad-453a-a0bd-2af02cb0a30b,1759834385308963231,999.17,705.885,1,53,,11.992052145245921,-6.000635190934461
d01ea4c3-1912-46a0-9798-db3d3f9d2881,74b23a8e-ccad-453a-a0bd-2af02cb0a30b,1759834385313963231,998.442,707.299,1,53,,11.94620641881813,-6.091628430376238
d01ea4c3-1912-46a0-9798-db3d3f9d2881,74b23a8e-ccad-453a-a0bd-2af02cb0a30b,1759834385318963231,998.398,708.181,1,53,,11.944176496965225,-6.148182931526986
d01ea4c3-1912-46a0-9798-db3d3f9d2881,74b23a8e-ccad-453a-a0bd-2af02cb0a30b,1759834385323963231,1000.551,700.456,1,53,,12.076641655584696,-5.6520973396261445
d01ea4c3-1912-46a0-9798-db3d3f9d2881,74b23a8e-ccad-453a-a0bd-2af02cb0a30b,1759834385328963231,999.684,704.694,1,53,,12.024232322114244,-5.924058302777665
d01ea4c3-1912-46a0-9798-db3d3f9d2881,74b23a8e-ccad-453a-a0bd-2af02cb0a30b,1759834385333963231,994.118,705.669,1,53,,11.665522064688668,-5.9895808108094695
d01ea4c3-1912-46a0-9798-db3d3f9d2881,74b23a8e-ccad-453a-a0bd-2af02cb0a30b,1759834385338963231,995.305,707.616,1,53,,11.743897471825958,-6.1137094069764215
d01ea4c3-1912-46a0-9798-db3d3f9d2881,74b23a8e-ccad-453a-a0bd-2af02cb0a30b,1759834385343963231,994.467,707.735,1,53,,11.689836216094466,-6.121775955480415
d01ea4c3-1912-46a0-9798-db3d3f9d2881,74b23a8e-ccad-453a-a0bd-2af02cb0a30b,1759834385348963231,998.148,705.171,1,53,,11.925452220950719,-5.955502421290827
d01ea4c3-1912-46a0-9798-db3d3f9d2881,74b23a8e-ccad-453a-a0bd-2af02cb0a30b,1759834385353963231,987.638,700.191,1,53,,11.242673176767632,-5.641793782192015
d01ea4c3-1912-46a0-9798-db3d3f9d2881,74b23a8e-ccad-453a-a0bd-2af02cb0a30b,1759834385358963231,987.78,700.969,1,53,,11.252431777518659,-5.691586299485597
d01ea4c3-1912-46a0-9798-db3d3f9d2881,74b23a8e-ccad-453a-a0bd-2af02cb0a30b,1759834385363963231,990.55,701.39,1,53,,11.43166166774648,-5.717156955310465
d01ea4c3-1912-46a0-9798-db3d3f9d2881,74b23a8e-ccad-453a-a0bd-2af02cb0a30b,1759834385368963231,992.998,700.222,1,53,,11.588802460555005,-5.641088810586466
d01ea4c3-1912-46a0-9798-db3d3f9d2881,74b23a8e-ccad-453a-a0bd-2af02cb0a30b,1759834385373966231,994.337,704.236,1,53,,11.678514433695437,-5.897609437714462
d01ea4c3-1912-46a0-9798-db3d3f9d2881,74b23a8e-ccad-453a-a0bd-2af02cb0a30b,1759834385378963231,992.117,701.507,1,53,,11.53291044688114,-5.723899152338007
d01ea4c3-1912-46a0-9798-db3d3f9d2881,74b23a8e-ccad-453a-a0bd-2af02cb0a30b,1759834385383964231,996.315,705.88,1,53,,11.807633095931962,-6.001926556320415
d01ea4c3-1912-46a0-9798-db3d3f9d2881,74b23a8e-ccad-453a-a0bd-2af02cb0a30b,1759834385388966231,992.252,704.25,1,53,,11.543850659830701,-5.899621264699734
d01ea4c3-1912-46a0-9798-db3d3f9d2881,74b23a8e-ccad-453a-a0bd-2af02cb0a30b,1759834385394089231,993.908,708.153,1,53,,11.654057440140498,-6.1489276723796085
d01ea4c3-1912-46a0-9798-db3d3f9d2881,74b23a8e-ccad-453a-a0bd-2af02cb0a30b,1759834385399089231,995.504,709.613,1,53,,11.758465109944567,-6.241546526518666
d01ea4c3-1912-46a0-9798-db3d3f9d2881,74b23a8e-ccad-453a-a0bd-2af02cb0a30b,1759834385404089231,991.532,707.762,1,53,,11.500197013124088,-6.125177748674444
d01ea4c3-1912-46a0-9798-db3d3f9d2881,74b23a8e-ccad-453a-a0bd-2af02cb0a30b,1759834385409089231,992.31,709.277,1,53,,11.551800384167253,-6.221826034925837
d01ea4c3-1912-46a0-9798-db3d3f9d2881,74b23a8e-ccad-453a-a0bd-2af02cb0a30b,1759834385414089231,997.654,706.398,1,53,,11.894561448322609,-6.034368984314311
d01ea4c3-1912-46a0-9798-db3d3f9d2881,74b23a8e-ccad-453a-a0bd-2af02cb0a30b,1759834385419094231,998.639,705.364,1,53,,11.957324685902467,-5.967598698408401
d01ea4c3-1912-46a0-9798-db3d3f9d2881,74b23a8e-ccad-453a-a0bd-2af02cb0a30b,1759834385424089231,993.439,714.306,1,53,,11.62917431275784,-6.543463048207022
d01ea4c3-1912-46a0-9798-db3d3f9d2881,74b23a8e-ccad-453a-a0bd-2af02cb0a30b,1759834385429095231,999.263,714.206,1,53,,12.005503621651533,-6.533553992564558
d01ea4c3-1912-46a0-9798-db3d3f9d2881,74b23a8e-ccad-453a-a0bd-2af02cb0a30b,1759834385434089231,993.332,713.151,1,53,,11.621204415575567,-6.469542203058863
d01ea4c3-1912-46a0-9798-db3d3f9d2881,74b23a8e-ccad-453a-a0bd-2af02cb0a30b,1759834385439089231,996.418,705.406,1,53,,11.813895747970076,-5.9714591760592
d01ea4c3-1912-46a0-9798-db3d3f9d2881,74b23a8e-ccad-453a-a0bd-2af02cb0a30b,1759834385444097231,991.124,706.295,1,53,,11.47262237504117,-6.031332206606917
d01ea4c3-1912-46a0-9798-db3d3f9d2881,74b23a8e-ccad-453a-a0bd-2af02cb0a30b,1759834385449090231,993.831,706.466,1,53,,11.647664682056899,-6.040854387290163
d01ea4c3-1912-46a0-9798-db3d3f9d2881,74b23a8e-ccad-453a-a0bd-2af02cb0a30b,1759834385454089231,996.041,706.741,1,53,,11.79065394722944,-6.057228731690533
d01ea4c3-1912-46a0-9798-db3d3f9d2881,74b23a8e-ccad-453a-a0bd-2af02cb0a30b,1759834385459089231,993.98,708.69,1,53,,11.6592059925823,-6.183299899191332
d01ea4c3-1912-46a0-9798-db3d3f9d2881,74b23a8e-ccad-453a-a0bd-2af02cb0a30b,1759834385464089231,991.098,709.067,1,53,,11.473303791267584,-6.209031732967102
d01ea4c3-1912-46a0-9798-db3d3f9d2881,74b23a8e-ccad-453a-a0bd-2af02cb0a30b,1759834385469089231,990.063,708.189,1,53,,11.405650450731152,-6.15333882302485
d01ea4c3-1912-46a0-9798-db3d3f9d2881,74b23a8e-ccad-453a-a0bd-2af02cb0a30b,1759834385474089231,992.269,699.723,1,53,,11.541368122646638,-5.6094301657121965
d01ea4c3-1912-46a0-9798-db3d3f9d2881,74b23a8e-ccad-453a-a0bd-2af02cb0a30b,1759834385479090231,1008.199,710.818,1,53,,12.579658899273126,-6.311205051312521
d01ea4c3-1912-46a0-9798-db3d3f9d2881,74b23a8e-ccad-453a-a0bd-2af02cb0a30b,1759834385484099231,1009.538,705.475,1,53,,12.661123096540242,-5.968487615937245
d01ea4c3-1912-46a0-9798-db3d3f9d2881,74b23a8e-ccad-453a-a0bd-2af02cb0a30b,1759834385489093231,1008.877,703.404,1,53,,12.616614461714278,-5.836280487316615
d01ea4c3-1912-46a0-9798-db3d3f9d2881,74b23a8e-ccad-453a-a0bd-2af02cb0a30b,1759834385494089231,1012.186,699.989,1,53,,12.827186645006078,-5.6158849000364714
d01ea4c3-1912-46a0-9798-db3d3f9d2881,74b23a8e-ccad-453a-a0bd-2af02cb0a30b,1759834385499090231,1011.047,697.485,1,53,,12.751606830741123,-5.456314875698643
d01ea4c3-1912-46a0-9798-db3d3f9d2881,74b23a8e-ccad-453a-a0bd-2af02cb0a30b,1759834385504090231,1011.817,697.063,1,53,,12.80092648124099,-5.428843970191856
d01ea4c3-1912-46a0-9798-db3d3f9d2881,74b23a8e-ccad-453a-a0bd-2af02cb0a30b,1759834385509090231,1005.137,703.477,1,53,,12.375275018994081,-5.843122541129227
d01ea4c3-1912-46a0-9798-db3d3f9d2881,74b23a8e-ccad-453a-a0bd-2af02cb0a30b,1759834385514090231,1007.481,700.428,1,53,,12.52397901649851,-5.646584338922091
d01ea4c3-1912-46a0-9798-db3d3f9d2881,74b23a8e-ccad-453a-a0bd-2af02cb0a30b,1759834385519090231,1007.107,701.995,1,53,,12.50113605726025,-5.747147638563859
d01ea4c3-1912-46a0-9798-db3d3f9d2881,74b23a8e-ccad-453a-a0bd-2af02cb0a30b,1759834385524090231,1005.154,700.622,1,53,,12.373906551927092,-5.660296729377208
d01ea4c3-1912-46a0-9798-db3d3f9d2881,74b23a8e-ccad-453a-a0bd-2af02cb0a30b,1759834385529215231,1005.726,701.02,1,53,,12.41122064744242,-5.685432707605155
d01ea4c3-1912-46a0-9798-db3d3f9d2881,74b23a8e-ccad-453a-a0bd-2af02cb0a30b,1759834385534215231,1004.833,698.88,1,53,,12.351797305998113,-5.548949705705903
d01ea4c3-1912-46a0-9798-db3d3f9d2881,74b23a8e-ccad-453a-a0bd-2af02cb0a30b,1759834385539215231,1005.518,697.578,1,53,,12.394927229833163,-5.465217710169742
d01ea4c3-1912-46a0-9798-db3d3f9d2881,74b23a8e-ccad-453a-a0bd-2af02cb0a30b,1759834385544216231,1009.024,696.827,1,53,,12.62056740159044,-5.415272750119624
d01ea4c3-1912-46a0-9798-db3d3f9d2881,74b23a8e-ccad-453a-a0bd-2af02cb0a30b,1759834385549224231,997.762,701.03,1,53,,11.89710467869515,-5.690405340933097
d01ea4c3-1912-46a0-9798-db3d3f9d2881,74b23a8e-ccad-453a-a0bd-2af02cb0a30b,1759834385554215231,999.005,699.279,1,53,,11.975944877955566,-5.577511160444355
d01ea4c3-1912-46a0-9798-db3d3f9d2881,74b23a8e-ccad-453a-a0bd-2af02cb0a30b,1759834385559215231,999.264,701.013,1,53,,11.994011094380365,-5.688489561860424
d01ea4c3-1912-46a0-9798-db3d3f9d2881,74b23a8e-ccad-453a-a0bd-2af02cb0a30b,1759834385564215231,1002.551,702.906,1,53,,12.207816936065557,-5.8079462045612065
d01ea4c3-1912-46a0-9798-db3d3f9d2881,74b23a8e-ccad-453a-a0bd-2af02cb0a30b,1759834385569215231,1008.455,703.541,1,53,,12.58949507775687,-5.845314456787357
d01ea4c3-1912-46a0-9798-db3d3f9d2881,74b23a8e-ccad-453a-a0bd-2af02cb0a30b,1759834385574218231,1007.601,704.724,1,53,,12.535405081178284,-5.921530563612007
d01ea4c3-1912-46a0-9798-db3d3f9d2881,74b23a8e-ccad-453a-a0bd-2af02cb0a30b,1759834385579222231,1002.772,707.459,1,53,,12.226051625316755,-6.099398576595126
d01ea4c3-1912-46a0-9798-db3d3f9d2881,74b23a8e-ccad-453a-a0bd-2af02cb0a30b,1759834385584215231,1004.353,705.163,1,53,,12.326086739983124,-5.951462609594668
d01ea4c3-1912-46a0-9798-db3d3f9d2881,74b23a8e-ccad-453a-a0bd-2af02cb0a30b,1759834385589215231,1005.015,702.691,1,53,,12.366699055407496,-5.792810503899401
d01ea4c3-1912-46a0-9798-db3d3f9d2881,74b23a8e-ccad-453a-a0bd-2af02cb0a30b,1759834385594215231,1009.298,698.604,1,53,,12.63969052301069,-5.528875207351356
d01ea4c3-1912-46a0-9798-db3d3f9d2881,74b23a8e-ccad-453a-a0bd-2af02cb0a30b,1759834385599216231,1012.102,698.934,1,53,,12.820882886824933,-5.548456481971397
d01ea4c3-1912-46a0-9798-db3d3f9d2881,74b23a8e-ccad-453a-a0bd-2af02cb0a30b,1759834385604216231,1009.432,701.997,1,53,,12.651250969369183,-5.745970539095729
d01ea4c3-1912-46a0-9798-db3d3f9d2881,74b23a8e-ccad-453a-a0bd-2af02cb0a30b,1759834385609225231,999.417,685.685,1,53,,11.992530039965002,-4.706333307212566
d01ea4c3-1912-46a0-9798-db3d3f9d2881,74b23a8e-ccad-453a-a0bd-2af02cb0a30b,1759834385614216231,1003.639,690.721,1,53,,12.268425589263547,-5.027023971448167
d01ea4c3-1912-46a0-9798-db3d3f9d2881,74b23a8e-ccad-453a-a0bd-2af02cb0a30b,1759834385619225231,1007.352,701.063,1,53,,12.516180984118623,-5.687321391840655
d01ea4c3-1912-46a0-9798-db3d3f9d2881,74b23a8e-ccad-453a-a0bd-2af02cb0a30b,1759834385624230231,1002.131,696.588,1,53,,12.17558141680355,-5.4035381932028095
d01ea4c3-1912-46a0-9798-db3d3f9d2881,74b23a8e-ccad-453a-a0bd-2af02cb0a30b,1759834385629216231,999.842,699.355,1,53,,12.029997427368198,-5.5819711635154245
d01ea4c3-1912-46a0-9798-db3d3f9d2881,74b23a8e-ccad-453a-a0bd-2af02cb0a30b,1759834385634216231,999.358,697.827,1,53,,11.997548240704852,-5.484309348878026
d01ea4c3-1912-46a0-9798-db3d3f9d2881,74b23a8e-ccad-453a-a0bd-2af02cb0a30b,1759834385639216231,1000.942,699.825,1,53,,12.10143020516064,-5.611530303172993
d01ea4c3-1912-46a0-9798-db3d3f9d2881,74b23a8e-ccad-453a-a0bd-2af02cb0a30b,1759834385644216231,1002.475,698.778,1,53,,12.199487792047488,-5.543645924820823
d01ea4c3-1912-46a0-9798-db3d3f9d2881,74b23a8e-ccad-453a-a0bd-2af02cb0a30b,1759834385649218231,1000.837,702.348,1,53,,12.096668116964342,-5.773180796335756
d01ea4c3-1912-46a0-9798-db3d3f9d2881,74b23a8e-ccad-453a-a0bd-2af02cb0a30b,1759834385654216231,999.189,700.619,1,53,,11.98884571380847,-5.6633206557272
d01ea4c3-1912-46a0-9798-db3d3f9d2881,74b23a8e-ccad-453a-a0bd-2af02cb0a30b,1759834385659216231,1001.015,700.726,1,,,12.10684754753367,-5.669193431435175
d01ea4c3-1912-46a0-9798-db3d3f9d2881,74b23a8e-ccad-453a-a0bd-2af02cb0a30b,1759834385664216231,1003.047,697.134,1,,,12.235108093124843,-5.438070967034529
d01ea4c3-1912-46a0-9798-db3d3f9d2881,74b23a8e-ccad-453a-a0bd-2af02cb0a30b,1759834385669341231,996.519,702.106,1,,,11.817679703806013,-5.7599993564444265
d01ea4c3-1912-46a0-9798-db3d3f9d2881,74b23a8e-ccad-453a-a0bd-2af02cb0a30b,1759834385674341231,976.65,734.157,1,,,10.56155846826264,-7.826554565683071
d01ea4c3-1912-46a0-9798-db3d3f9d2881,74b23a8e-ccad-453a-a0bd-2af02cb0a30b,1759834385679346231,961.24,746.0,1,,,9.573963545599334,-8.596372785156085
d01ea4c3-1912-46a0-9798-db3d3f9d2881,74b23a8e-ccad-453a-a0bd-2af02cb0a30b,1759834385684341231,929.899,769.337,1,,,7.558371727967044,-10.115186990080902
d01ea4c3-1912-46a0-9798-db3d3f9d2881,74b23a8e-ccad-453a-a0bd-2af02cb0a30b,1759834385689341231,908.966,796.088,1,,,6.216147492458475,-11.847458464896997
d01ea4c3-1912-46a0-9798-db3d3f9d2881,74b23a8e-ccad-453a-a0bd-2af02cb0a30b,1759834385694341231,892.071,826.466,1,,,5.134696112636817,-13.810014499846163
d01ea4c3-1912-46a0-9798-db3d3f9d2881,74b23a8e-ccad-453a-a0bd-2af02cb0a30b,1759834385699342231,888.148,854.893,1,,,4.901679289709269,-15.638699230489458
d01ea4c3-1912-46a0-9798-db3d3f9d2881,74b23a8e-ccad-453a-a0bd-2af02cb0a30b,1759834385704341231,892.954,860.656,1,,,5.225230705727209,-16.005775913278956
d01ea4c3-1912-46a0-9798-db3d3f9d2881,74b23a8e-ccad-453a-a0bd-2af02cb0a30b,1759834385709346231,910.361,891.547,1,,,6.4189572899433145,-17.974036491468745
d01ea4c3-1912-46a0-9798-db3d3f9d2881,74b23a8e-ccad-453a-a0bd-2af02cb0a30b,1759834385714342231,899.149,914.551,1,,,5.703168676426741,-19.457977675217958
d01ea4c3-1912-46a0-9798-db3d3f9d2881,74b23a8e-ccad-453a-a0bd-2af02cb0a30b,1759834385719344231,885.44,938.563,1,,,4.814523904247894,-21.007854488751605
d01ea4c3-1912-46a0-9798-db3d3f9d2881,74b23a8e-ccad-453a-a0bd-2af02cb0a30b,1759834385724342231,894.909,957.083,1,,,5.481516571721388,-22.186582932373717
d01ea4c3-1912-46a0-9798-db3d3f9d2881,74b23a8e-ccad-453a-a0bd-2af02cb0a30b,1759834385729342231,888.55,955.689,1,,,5.0483796910397585,-22.102764449514957
d01ea4c3-1912-46a0-9798-db3d3f9d2881,74b23a8e-ccad-453a-a0bd-2af02cb0a30b,1759834385734342231,883.554,979.465,1,54,,4.743608681177694,-23.6303518938448
d01ea4c3-1912-46a0-9798-db3d3f9d2881,74b23a8e-ccad-453a-a0bd-2af02cb0a30b,1759834385739344231,872.605,968.971,1,54,,3.983173020605525,-22.966059897252986
d01ea4c3-1912-46a0-9798-db3d3f9d2881,74b23a8e-ccad-453a-a0bd-2af02cb0a30b,1759834385744342231,879.246,968.7,1,54,,4.434784614178431,-22.94393890835986
d01ea4c3-1912-46a0-9798-db3d3f9d2881,74b23a8e-ccad-453a-a0bd-2af02cb0a30b,1759834385749342231,878.182,944.638,1,54,,4.3321761652713935,-21.402511252942553
d01ea4c3-1912-46a0-9798-db3d3f9d2881,74b23a8e-ccad-453a-a0bd-2af02cb0a30b,1759834385754342231,879.112,946.18,1,54,,4.3969311990889155,-21.50068992683329
d01ea4c3-1912-46a0-9798-db3d3f9d2881,74b23a8e-ccad-453a-a0bd-2af02cb0a30b,1759834385759342231,884.104,944.712,1,54,,4.732408976046169,-21.40295345442295
d01ea4c3-1912-46a0-9798-db3d3f9d2881,74b23a8e-ccad-453a-a0bd-2af02cb0a30b,1759834385764342231,885.734,950.968,1,54,,4.850960765607432,-21.80254930448181
d01ea4c3-1912-46a0-9798-db3d3f9d2881,74b23a8e-ccad-453a-a0bd-2af02cb0a30b,1759834385769342231,887.526,950.449,1,54,,4.971524521529932,-21.767875347656076
d01ea4c3-1912-46a0-9798-db3d3f9d2881,74b23a8e-ccad-453a-a0bd-2af02cb0a30b,1759834385774343231,883.85,932.993,1,54,,4.700269290553233,-20.652012333278204
d01ea4c3-1912-46a0-9798-db3d3f9d2881,74b23a8e-ccad-453a-a0bd-2af02cb0a30b,1759834385779342231,890.602,960.1,1,54,,5.194109403780166,-22.383648694574333
d01ea4c3-1912-46a0-9798-db3d3f9d2881,74b23a8e-ccad-453a-a0bd-2af02cb0a30b,1759834385784342231,890.148,958.244,1,54,,5.160518539652445,-22.265155210825334
d01ea4c3-1912-46a0-9798-db3d3f9d2881,74b23a8e-ccad-453a-a0bd-2af02cb0a30b,1759834385789342231,879.881,948.505,1,54,,4.4517622689663146,-21.64916652658024
d01ea4c3-1912-46a0-9798-db3d3f9d2881,74b23a8e-ccad-453a-a0bd-2af02cb0a30b,1759834385794342231,882.119,948.038,1,54,,4.602515153481994,-21.61755465900925
d01ea4c3-1912-46a0-9798-db3d3f9d2881,74b23a8e-ccad-453a-a0bd-2af02cb0a30b,1759834385799342231,884.079,948.819,1,54,,4.736120487274525,-21.666139360651876
d01ea4c3-1912-46a0-9798-db3d3f9d2881,74b23a8e-ccad-453a-a0bd-2af02cb0a30b,1759834385804467231,888.924,936.111,1,54,,5.046088108405026,-20.84796284472461
d01ea4c3-1912-46a0-9798-db3d3f9d2881,74b23a8e-ccad-453a-a0bd-2af02cb0a30b,1759834385809467231,889.025,934.819,1,54,,5.05118293960577,-20.76507669396926
d01ea4c3-1912-46a0-9798-db3d3f9d2881,74b23a8e-ccad-453a-a0bd-2af02cb0a30b,1759834385814468231,888.894,936.748,1,54,,5.0449541714178014,-20.888840645256344
d01ea4c3-1912-46a0-9798-db3d3f9d2881,74b23a8e-ccad-453a-a0bd-2af02cb0a30b,1759834385819468231,888.175,940.371,1,54,,5.001407069889226,-21.12158050559004
d01ea4c3-1912-46a0-9798-db3d3f9d2881,74b23a8e-ccad-453a-a0bd-2af02cb0a30b,1759834385824471231,884.3,940.986,1,54,,4.740751128880417,-21.163965814472395
d01ea4c3-1912-46a0-9798-db3d3f9d2881,74b23a8e-ccad-453a-a0bd-2af02cb0a30b,1759834385829468231,880.012,940.825,1,54,,4.451202172866694,-21.156812361442825
d01ea4c3-1912-46a0-9798-db3d3f9d2881,74b23a8e-ccad-453a-a0bd-2af02cb0a30b,1759834385834468231,881.534,941.806,1,54,,4.5550857245431695,-21.21857788552169
d01ea4c3-1912-46a0-9798-db3d3f9d2881,74b23a8e-ccad-453a-a0bd-2af02cb0a30b,1759834385839468231,878.652,941.307,1,54,,4.359979225931836,-21.188689883130355
d01ea4c3-1912-46a0-9798-db3d3f9d2881,74b23a8e-ccad-453a-a0bd-2af02cb0a30b,1759834385844474231,879.523,941.532,1,54,,4.419030013681626,-21.202439751408363
d01ea4c3-1912-46a0-9798-db3d3f9d2881,74b23a8e-ccad-453a-a0bd-2af02cb0a30b,1759834385849468231,877.015,936.716,1,54,,4.244224861306104,-20.895479720089103
d01ea4c3-1912-46a0-9798-db3d3f9d2881,74b23a8e-ccad-453a-a0bd-2af02cb0a30b,1759834385854468231,872.677,935.941,1,54,,3.9509354620662043,-20.84858311496664
d01ea4c3-1912-46a0-9798-db3d3f9d2881,74b23a8e-ccad-453a-a0bd-2af02cb0a30b,1759834385859468231,871.561,936.667,1,,,3.876426607332263,-20.895855880210423
d01ea4c3-1912-46a0-9798-db3d3f9d2881,74b23a8e-ccad-453a-a0bd-2af02cb0a30b,1759834385864468231,879.892,940.32,1,,,4.442452257962175,-21.124531080838047
d01ea4c3-1912-46a0-9798-db3d3f9d2881,74b23a8e-ccad-453a-a0bd-2af02cb0a30b,1759834385869468231,892.705,947.714,1,,,5.317865405524162,-21.588334930544864
d01ea4c3-1912-46a0-9798-db3d3f9d2881,74b23a8e-ccad-453a-a0bd-2af02cb0a30b,1759834385874477231,902.334,950.376,1,,,5.973223163413216,-21.750093986783533
d01ea4c3-1912-46a0-9798-db3d3f9d2881,74b23a8e-ccad-453a-a0bd-2af02cb0a30b,1759834385879468231,904.669,949.041,1,,,6.128809855993227,-21.66231022408616
d01ea4c3-1912-46a0-9798-db3d3f9d2881,74b23a8e-ccad-453a-a0bd-2af02cb0a30b,1759834385884468231,906.632,965.924,1,,,6.292537881854531,-22.741303330465684
d01ea4c3-1912-46a0-9798-db3d3f9d2881,74b23a8e-ccad-453a-a0bd-2af02cb0a30b,1759834385889468231,900.647,965.963,1,,,5.885908348252703,-22.74989865181303
d01ea4c3-1912-46a0-9798-db3d3f9d2881,74b23a8e-ccad-453a-a0bd-2af02cb0a30b,1759834385894469231,898.212,966.98,1,55,,5.722143447543941,-22.817418439171625
d01ea4c3-1912-46a0-9798-db3d3f9d2881,74b23a8e-ccad-453a-a0bd-2af02cb0a30b,1759834385899468231,894.678,967.066,1,55,,5.482057154368431,-22.826267718203358
d01ea4c3-1912-46a0-9798-db3d3f9d2881,74b23a8e-ccad-453a-a0bd-2af02cb0a30b,1759834385904476231,901.511,975.542,1,55,,5.962052787153908,-23.362414266955927
d01ea4c3-1912-46a0-9798-db3d3f9d2881,74b23a8e-ccad-453a-a0bd-2af02cb0a30b,1759834385909468231,899.48,967.494,1,55,,5.809266022008643,-22.849073644443166
d01ea4c3-1912-46a0-9798-db3d3f9d2881,74b23a8e-ccad-453a-a0bd-2af02cb0a30b,1759834385914468231,895.066,968.76,1,55,,5.51121036446022,-22.934372173950347
d01ea4c3-1912-46a0-9798-db3d3f9d2881,74b23a8e-ccad-453a-a0bd-2af02cb0a30b,1759834385919469231,904.721,959.905,1,55,,6.151611515166892,-22.35791965427871
d01ea4c3-1912-46a0-9798-db3d3f9d2881,74b23a8e-ccad-453a-a0bd-2af02cb0a30b,1759834385924469231,893.75,959.802,1,55,,5.407212717424286,-22.36180729351281
d01ea4c3-1912-46a0-9798-db3d3f9d2881,74b23a8e-ccad-453a-a0bd-2af02cb0a30b,1759834385929469231,900.389,959.603,1,55,,5.857292393220381,-22.34284349024629
d01ea4c3-1912-46a0-9798-db3d3f9d2881,74b23a8e-ccad-453a-a0bd-2af02cb0a30b,1759834385934476231,906.476,963.423,1,55,,6.277188792187871,-22.581323492220832
d01ea4c3-1912-46a0-9798-db3d3f9d2881,74b23a8e-ccad-453a-a0bd-2af02cb0a30b,1759834385939596231,907.232,963.47,1,55,,6.3286201880586175,-22.583541594188937
d01ea4c3-1912-46a0-9798-db3d3f9d2881,74b23a8e-ccad-453a-a0bd-2af02cb0a30b,1759834385944607231,902.917,962.909,1,55,,6.034640455367795,-22.552107647320224
d01ea4c3-1912-46a0-9798-db3d3f9d2881,74b23a8e-ccad-453a-a0bd-2af02cb0a30b,1759834385949594231,901.385,958.92,1,55,,5.923622514498303,-22.298155782938274
d01ea4c3-1912-46a0-9798-db3d3f9d2881,74b23a8e-ccad-453a-a0bd-2af02cb0a30b,1759834385954594231,900.154,963.13,1,55,,5.847453568077915,-22.56898132187422
d01ea4c3-1912-46a0-9798-db3d3f9d2881,74b23a8e-ccad-453a-a0bd-2af02cb0a30b,1759834385959594231,902.718,965.166,1,55,,6.025186665519507,-22.69681996807242
d01ea4c3-1912-46a0-9798-db3d3f9d2881,74b23a8e-ccad-453a-a0bd-2af02cb0a30b,1759834385964594231,896.836,963.051,1,55,,5.621966757273334,-22.5670418166095
d01ea4c3-1912-46a0-9798-db3d3f9d2881,74b23a8e-ccad-453a-a0bd-2af02cb0a30b,1759834385969600231,903.804,960.084,1,55,,6.08978315462597,-22.370302010167094
d01ea4c3-1912-46a0-9798-db3d3f9d2881,74b23a8e-ccad-453a-a0bd-2af02cb0a30b,1759834385974594231,900.024,965.337,1,55,,5.842424185204575,-22.71040864158964
d01ea4c3-1912-46a0-9798-db3d3f9d2881,74b23a8e-ccad-453a-a0bd-2af02cb0a30b,1759834385979594231,898.529,962.2,1,55,,5.735499081935847,-22.510948085774046
d01ea4c3-1912-46a0-9798-db3d3f9d2881,74b23a8e-ccad-453a-a0bd-2af02cb0a30b,1759834385984594231,896.576,959.196,1,55,,5.597959330897037,-22.320391874489022
d01ea4c3-1912-46a0-9798-db3d3f9d2881,74b23a8e-ccad-453a-a0bd-2af02cb0a30b,1759834385989594231,894.443,956.529,1,,,5.4490007168907475,-22.151503050494256
d01ea4c3-1912-46a0-9798-db3d3f9d2881,74b23a8e-ccad-453a-a0bd-2af02cb0a30b,1759834385994594231,896.799,957.665,1,,,5.61057403575105,-22.222143094695042
d01ea4c3-1912-46a0-9798-db3d3f9d2881,74b23a8e-ccad-453a-a0bd-2af02cb0a30b,1759834385999600231,886.43,956.303,1,,,4.9055559161317355,-22.143858061898108
d01ea4c3-1912-46a0-9798-db3d3f9d2881,74b23a8e-ccad-453a-a0bd-2af02cb0a30b,1759834386004595231,880.834,954.957,1,,,4.524489405665006,-22.06197547758597
d01ea4c3-1912-46a0-9798-db3d3f9d2881,74b23a8e-ccad-453a-a0bd-2af02cb0a30b,1759834386009597231,881.967,935.325,1,,,4.576280395667306,-20.80286372799748
d01ea4c3-1912-46a0-9798-db3d3f9d2881,74b23a8e-ccad-453a-a0bd-2af02cb0a30b,1759834386014594231,888.908,935.288,1,,,5.043922314967077,-20.795259402410124
d01ea4c3-1912-46a0-9798-db3d3f9d2881,74b23a8e-ccad-453a-a0bd-2af02cb0a30b,1759834386019594231,889.421,945.343,1,,,5.0924791158069675,-21.43917997456965
d01ea4c3-1912-46a0-9798-db3d3f9d2881,74b23a8e-ccad-453a-a0bd-2af02cb0a30b,1759834386024595231,903.122,944.577,1,,,6.016691356728382,-21.377953304323846
d01ea4c3-1912-46a0-9798-db3d3f9d2881,74b23a8e-ccad-453a-a0bd-2af02cb0a30b,1759834386029595231,915.6,960.169,1,,,6.890024069958638,-22.363182628859075
d01ea4c3-1912-46a0-9798-db3d3f9d2881,74b23a8e-ccad-453a-a0bd-2af02cb0a30b,1759834386034595231,922.19,952.319,1,,,7.320107805952919,-21.853266931381093
d01ea4c3-1912-46a0-9798-db3d3f9d2881,74b23a8e-ccad-453a-a0bd-2af02cb0a30b,1759834386039595231,941.041,949.012,1,,,8.58679865579895,-21.617947566931928
d01ea4c3-1912-46a0-9798-db3d3f9d2881,74b23a8e-ccad-453a-a0bd-2af02cb0a30b,1759834386044595231,940.68,945.566,1,56,,8.554048120613686,-21.39814171523462
d01ea4c3-1912-46a0-9798-db3d3f9d2881,74b23a8e-ccad-453a-a0bd-2af02cb0a30b,1759834386049595231,938.979,949.735,1,56,,8.449264790074755,-21.666905960843714
d01ea4c3-1912-46a0-9798-db3d3f9d2881,74b23a8e-ccad-453a-a0bd-2af02cb0a30b,1759834386054595231,924.797,936.347,1,56,,7.463031769640222,-20.82828489518402
d01ea4c3-1912-46a0-9798-db3d3f9d2881,74b23a8e-ccad-453a-a0bd-2af02cb0a30b,1759834386059595231,928.781,943.229,1,56,,7.7459180661354035,-21.26389871769296
d01ea4c3-1912-46a0-9798-db3d3f9d2881,74b23a8e-ccad-453a-a0bd-2af02cb0a30b,1759834386064595231,928.683,943.355,1,56,,7.73957734018042,-21.272062966917094
d01ea4c3-1912-46a0-9798-db3d3f9d2881,74b23a8e-ccad-453a-a0bd-2af02cb0a30b,1759834386069598231,929.609,944.405,1,56,,7.804310141692571,-21.338060271520007
d01ea4c3-1912-46a0-9798-db3d3f9d2881,74b23a8e-ccad-453a-a0bd-2af02cb0a30b,1759834386074720231,929.819,946.032,1,56,,7.82209910521691,-21.44185933029792
d01ea4c3-1912-46a0-9798-db3d3f9d2881,74b23a8e-ccad-453a-a0bd-2af02cb0a30b,1759834386079720231,925.158,948.678,1,56,,7.513036547113188,-21.61677366538694
d01ea4c3-1912-46a0-9798-db3d3f9d2881,74b23a8e-ccad-453a-a0bd-2af02cb0a30b,1759834386084720231,936.773,950.477,1,56,,8.301982530346557,-21.71730599959736
d01ea4c3-1912-46a0-9798-db3d3f9d2881,74b23a8e-ccad-453a-a0bd-2af02cb0a30b,1759834386089727231,933.821,949.371,1,56,,8.099913209929946,-21.65041868586584
d01ea4c3-1912-46a0-9798-db3d3f9d2881,74b23a8e-ccad-453a-a0bd-2af02cb0a30b,1759834386094720231,938.857,937.494,1,56,,8.41223474541612,-20.884519867740078
d01ea4c3-1912-46a0-9798-db3d3f9d2881,74b23a8e-ccad-453a-a0bd-2af02cb0a30b,1759834386099720231,934.323,947.703,1,56,,8.129978044674546,-21.543067906407384
d01ea4c3-1912-46a0-9798-db3d3f9d2881,74b23a8e-ccad-453a-a0bd-2af02cb0a30b,1759834386104725231,930.635,956.169,1,56,,7.900101014469256,-22.089161536962045
d01ea4c3-1912-46a0-9798-db3d3f9d2881,74b23a8e-ccad-453a-a0bd-2af02cb0a30b,1759834386109720231,931.999,945.82,1,56,,7.968759666902106,-21.425605744512247
d01ea4c3-1912-46a0-9798-db3d3f9d2881,74b23a8e-ccad-453a-a0bd-2af02cb0a30b,1759834386114720231,930.469,939.825,1,56,,7.852398356473552,-21.044108529484493
d01ea4c3-1912-46a0-9798-db3d3f9d2881,74b23a8e-ccad-453a-a0bd-2af02cb0a30b,1759834386119721231,930.773,936.705,1,56,,7.866138437948948,-20.844158485135264
d01ea4c3-1912-46a0-9798-db3d3f9d2881,74b23a8e-ccad-453a-a0bd-2af02cb0a30b,1759834386124721231,932.357,941.652,1,56,,7.983629888576062,-21.158598281368672
d01ea4c3-1912-46a0-9798-db3d3f9d2881,74b23a8e-ccad-453a-a0bd-2af02cb0a30b,1759834386129721231,927.742,948.526,1,56,,7.68729262646487,-21.60398158520571
d01ea4c3-1912-46a0-9798-db3d3f9d2881,74b23a8e-ccad-453a-a0bd-2af02cb0a30b,1759834386134721231,919.674,939.958,1,56,,7.125057540192785,-21.06512547215974
d01ea4c3-1912-46a0-9798-db3d3f9d2881,74b23a8e-ccad-453a-a0bd-2af02cb0a30b,1759834386139721231,933.018,944.181,1,56,,8.033887048088877,-21.319531741006482
d01ea4c3-1912-46a0-9798-db3d3f9d2881,74b23a8e-ccad-453a-a0bd-2af02cb0a30b,1759834386144721231,926.001,944.014,1,56,,7.5600455301735305,-21.317419575878542
d01ea4c3-1912-46a0-9798-db3d3f9d2881,74b23a8e-ccad-453a-a0bd-2af02cb0a30b,1759834386149721231,930.613,948.129,1,56,,7.8803299808555805,-21.575048243052777
d01ea4c3-1912-46a0-9798-db3d3f9d2881,74b23a8e-ccad-453a-a0bd-2af02cb0a30b,1759834386154721231,927.635,949.309,1,56,,7.681768538391548,-21.654143920078923
d01ea4c3-1912-46a0-9798-db3d3f9d2881,74b23a8e-ccad-453a-a0bd-2af02cb0a30b,1759834386159721231,923.738,952.095,1,56,,7.424288058046909,-21.837056485889754
d01ea4c3-1912-46a0-9798-db3d3f9d2881,74b23a8e-ccad-453a-a0bd-2af02cb0a30b,1759834386164724231,925.675,954.003,1,56,,7.559523674436846,-21.95682939279148
d01ea4c3-1912-46a0-9798-db3d3f9d2881,74b23a8e-ccad-453a-a0bd-2af02cb0a30b,1759834386169721231,925.506,954.952,1,56,,7.550166133980544,-22.01774418874151
d01ea4c3-1912-46a0-9798-db3d3f9d2881,74b23a8e-ccad-453a-a0bd-2af02cb0a30b,1759834386174721231,916.404,957.464,1,56,,6.938985112020645,-22.189157127749276
d01ea4c3-1912-46a0-9798-db3d3f9d2881,74b23a8e-ccad-453a-a0bd-2af02cb0a30b,1759834386179721231,917.418,956.733,1,,,7.006172786932318,-22.14122541021029
d01ea4c3-1912-46a0-9798-db3d3f9d2881,74b23a8e-ccad-453a-a0bd-2af02cb0a30b,1759834386184721231,921.809,955.962,1,,,7.301990976693825,-22.086757299871387
d01ea4c3-1912-46a0-9798-db3d3f9d2881,74b23a8e-ccad-453a-a0bd-2af02cb0a30b,1759834386189721231,930.869,928.917,1,,,7.856184509951164,-20.345866299998132
d01ea4c3-1912-46a0-9798-db3d3f9d2881,74b23a8e-ccad-453a-a0bd-2af02cb0a30b,1759834386194724231,923.177,891.824,1,,,7.272795511260108,-17.979893137337672
d01ea4c3-1912-46a0-9798-db3d3f9d2881,74b23a8e-ccad-453a-a0bd-2af02cb0a30b,1759834386199728231,934.246,863.777,1,,,7.961551503417166,-16.172324606826415
d01ea4c3-1912-46a0-9798-db3d3f9d2881,74b23a8e-ccad-453a-a0bd-2af02cb0a30b,1759834386204721231,934.285,798.325,1,,,7.874377023440164,-11.974609712281238
d01ea4c3-1912-46a0-9798-db3d3f9d2881,74b23a8e-ccad-453a-a0bd-2af02cb0a30b,1759834386209853231,952.435,761.029,1,,,9.01711915631801,-9.567093707794287
d01ea4c3-1912-46a0-9798-db3d3f9d2881,74b23a8e-ccad-453a-a0bd-2af02cb0a30b,1759834386214846231,953.969,726.837,1,,,9.085360129398545,-7.369839212036244
d01ea4c3-1912-46a0-9798-db3d3f9d2881,74b23a8e-ccad-453a-a0bd-2af02cb0a30b,1759834386219846231,956.93,696.106,1,,,9.255727479644626,-5.393127174423038
d01ea4c3-1912-46a0-9798-db3d3f9d2881,74b23a8e-ccad-453a-a0bd-2af02cb0a30b,1759834386224847231,970.055,657.286,1,,,10.084838052046385,-2.8934926243462704
d01ea4c3-1912-46a0-9798-db3d3f9d2881,74b23a8e-ccad-453a-a0bd-2af02cb0a30b,1759834386229856231,968.591,602.197,1,,,9.983240348073775,0.6478359554068583
d01ea4c3-1912-46a0-9798-db3d3f9d2881,74b23a8e-ccad-453a-a0bd-2af02cb0a30b,1759834386234850231,965.378,580.302,1,,,9.779664429922061,2.0560006415268326
d01ea4c3-1912-46a0-9798-db3d3f9d2881,74b23a8e-ccad-453a-a0bd-2af02cb0a30b,1759834386239847231,962.923,508.671,1,,,9.657285733070642,6.661406818218435
d01ea4c3-1912-46a0-9798-db3d3f9d2881,74b23a8e-ccad-453a-a0bd-2af02cb0a30b,1759834386244847231,965.87,501.155,1,,,9.854124402151262,7.142695111732907
d01ea4c3-1912-46a0-9798-db3d3f9d2881,74b23a8e-ccad-453a-a0bd-2af02cb0a30b,1759834386249847231,965.46,473.096,1,,,9.854290984328916,8.94444100070567
d01ea4c3-1912-46a0-9798-db3d3f9d2881,74b23a8e-ccad-453a-a0bd-2af02cb0a30b,1759834386254847231,955.98,439.277,1,,,9.276620699680342,11.121709087419921
d01ea4c3-1912-46a0-9798-db3d3f9d2881,74b23a8e-ccad-453a-a0bd-2af02cb0a30b,1759834386259847231,945.51,411.588,1,,,8.628511897987593,12.906819619900556
d01ea4c3-1912-46a0-9798-db3d3f9d2881,74b23a8e-ccad-453a-a0bd-2af02cb0a30b,1759834386264860231,932.562,398.015,1,,,7.797217765428879,13.788614200760184
d01ea4c3-1912-46a0-9798-db3d3f9d2881,74b23a8e-ccad-453a-a0bd-2af02cb0a30b,1759834386269853231,929.501,401.709,1,,,7.591381406547457,13.553960015736322
d01ea4c3-1912-46a0-9798-db3d3f9d2881,74b23a8e-ccad-453a-a0bd-2af02cb0a30b,1759834386274854231,930.751,395.279,1,57,,7.681837296898042,13.965662425627317
d01ea4c3-1912-46a0-9798-db3d3f9d2881,74b23a8e-ccad-453a-a0bd-2af02cb0a30b,1759834386279852231,932.395,396.634,1,57,,7.788101995052673,13.877395742079276
d01ea4c3-1912-46a0-9798-db3d3f9d2881,74b23a8e-ccad-453a-a0bd-2af02cb0a30b,1759834386284847231,938.865,395.86,1,57,,8.214316207553626,13.92150839809341
d01ea4c3-1912-46a0-9798-db3d3f9d2881,74b23a8e-ccad-453a-a0bd-2af02cb0a30b,1759834386289847231,941.148,391.767,1,57,,8.370309780855132,14.182029226619257
d01ea4c3-1912-46a0-9798-db3d3f9d2881,74b23a8e-ccad-453a-a0bd-2af02cb0a30b,1759834386294847231,940.225,392.039,1,57,,8.309185147254352,14.165401544230429
d01ea4c3-1912-46a0-9798-db3d3f9d2881,74b23a8e-ccad-453a-a0bd-2af02cb0a30b,1759834386299847231,938.677,393.614,1,57,,8.205139617739048,14.065804050333806
d01ea4c3-1912-46a0-9798-db3d3f9d2881,74b23a8e-ccad-453a-a0bd-2af02cb0a30b,1759834386304847231,940.664,394.226,1,57,,8.334898737969683,14.024779625049588
d01ea4c3-1912-46a0-9798-db3d3f9d2881,74b23a8e-ccad-453a-a0bd-2af02cb0a30b,1759834386309847231,942.082,394.086,1,57,,8.42825398207493,14.0324970221579
d01ea4c3-1912-46a0-9798-db3d3f9d2881,74b23a8e-ccad-453a-a0bd-2af02cb0a30b,1759834386314847231,948.043,386.598,1,57,,8.831731343062946,14.506971810608363
d01ea4c3-1912-46a0-9798-db3d3f9d2881,74b23a8e-ccad-453a-a0bd-2af02cb0a30b,1759834386319847231,944.425,386.037,1,57,,8.594538213610535,14.546404766380569
d01ea4c3-1912-46a0-9798-db3d3f9d2881,74b23a8e-ccad-453a-a0bd-2af02cb0a30b,1759834386324847231,943.656,380.859,1,57,,8.551989284246355,14.879048269227967
d01ea4c3-1912-46a0-9798-db3d3f9d2881,74b23a8e-ccad-453a-a0bd-2af02cb0a30b,1759834386329847231,945.617,391.444,1,57,,8.664638066411358,14.19863752624608
d01ea4c3-1912-46a0-9798-db3d3f9d2881,74b23a8e-ccad-453a-a0bd-2af02cb0a30b,1759834386334847231,936.334,393.886,1,57,,8.050748835239334,14.050372069806787
d01ea4c3-1912-46a0-9798-db3d3f9d2881,74b23a8e-ccad-453a-a0bd-2af02cb0a30b,1759834386339861231,937.582,393.927,1,57,,8.132729091101702,14.046658528319847
d01ea4c3-1912-46a0-9798-db3d3f9d2881,74b23a8e-ccad-453a-a0bd-2af02cb0a30b,1759834386344973231,941.598,390.39,1,57,,8.401909346885228,14.269925739145284
d01ea4c3-1912-46a0-9798-db3d3f9d2881,74b23a8e-ccad-453a-a0bd-2af02cb0a30b,1759834386349975231,942.919,397.024,1,57,,8.47899562734837,13.843291870547793
d01ea4c3-1912-46a0-9798-db3d3f9d2881,74b23a8e-ccad-453a-a0bd-2af02cb0a30b,1759834386354973231,939.923,402.678,1,57,,8.274280590972845,13.483219223925179
d01ea4c3-1912-46a0-9798-db3d3f9d2881,74b23a8e-ccad-453a-a0bd-2af02cb0a30b,1759834386359973231,940.6,399.409,1,57,,8.323261921625003,13.692340302108159
d01ea4c3-1912-46a0-9798-db3d3f9d2881,74b23a8e-ccad-453a-a0bd-2af02cb0a30b,1759834386364976231,936.97,401.055,1,57,,8.082634565740122,13.589851730114306
d01ea4c3-1912-46a0-9798-db3d3f9d2881,74b23a8e-ccad-453a-a0bd-2af02cb0a30b,1759834386369973231,933.709,404.228,1,57,,7.864420139732953,13.388904218352163
d01ea4c3-1912-46a0-9798-db3d3f9d2881,74b23a8e-ccad-453a-a0bd-2af02cb0a30b,1759834386374973231,936.059,399.287,1,57,,8.025225417550823,13.704052568608654
d01ea4c3-1912-46a0-9798-db3d3f9d2881,74b23a8e-ccad-453a-a0bd-2af02cb0a30b,1759834386379986231,939.036,398.721,1,57,,8.221510317111887,13.737834374247404
d01ea4c3-1912-46a0-9798-db3d3f9d2881,74b23a8e-ccad-453a-a0bd-2af02cb0a30b,1759834386384973231,939.839,397.963,1,57,,8.275358309874596,13.785792930039642
d01ea4c3-1912-46a0-9798-db3d3f9d2881,74b23a8e-ccad-453a-a0bd-2af02cb0a30b,1759834386389974231,940.787,396.827,1,57,,8.33922329128228,13.85782232665629
d01ea4c3-1912-46a0-9798-db3d3f9d2881,74b23a8e-ccad-453a-a0bd-2af02cb0a30b,1759834386394974231,936.403,399.333,1,57,,8.047772342907473,13.700805597485761
d01ea4c3-1912-46a0-9798-db3d3f9d2881,74b23a8e-ccad-453a-a0bd-2af02cb0a30b,1759834386399973231,933.46,396.775,1,57,,7.857867688123102,13.867428536178402
d01ea4c3-1912-46a0-9798-db3d3f9d2881,74b23a8e-ccad-453a-a0bd-2af02cb0a30b,1759834386404973231,933.322,389.136,1,57,,7.859240025382485,14.357722077809266
d01ea4c3-1912-46a0-9798-db3d3f9d2881,74b23a8e-ccad-453a-a0bd-2af02cb0a30b,1759834386409973231,936.461,388.727,1,57,,8.066409854438682,14.381190965985848
d01ea4c3-1912-46a0-9798-db3d3f9d2881,74b23a8e-ccad-453a-a0bd-2af02cb0a30b,1759834386414979231,934.977,389.612,1,,,7.967498591560874,14.325745133662105
d01ea4c3-1912-46a0-9798-db3d3f9d2881,74b23a8e-ccad-453a-a0bd-2af02cb0a30b,1759834386419973231,924.726,397.797,1,,,7.282565558201259,13.80888447067737
d01ea4c3-1912-46a0-9798-db3d3f9d2881,74b23a8e-ccad-453a-a0bd-2af02cb0a30b,1759834386424973231,920.596,392.953,1,,,7.016985765599061,14.123049088611088
d01ea4c3-1912-46a0-9798-db3d3f9d2881,74b23a8e-ccad-453a-a0bd-2af02cb0a30b,1759834386429973231,902.393,391.776,1,,,5.820485641724759,14.211399398637713
d01ea4c3-1912-46a0-9798-db3d3f9d2881,74b23a8e-ccad-453a-a0bd-2af02cb0a30b,1759834386434973231,870.671,357.28,1,,,3.7557507521980873,16.44627421788473
d01ea4c3-1912-46a0-9798-db3d3f9d2881,74b23a8e-ccad-453a-a0bd-2af02cb0a30b,1759834386439974231,843.374,351.645,1,,,1.9474723455219085,16.818800273496606
d01ea4c3-1912-46a0-9798-db3d3f9d2881,74b23a8e-ccad-453a-a0bd-2af02cb0a30b,1759834386444973231,842.449,351.612,1,,,1.886067288244834,16.821189622912122
d01ea4c3-1912-46a0-9798-db3d3f9d2881,74b23a8e-ccad-453a-a0bd-2af02cb0a30b,1759834386449974231,821.624,363.608,1,,,0.5018142402793714,16.053235657157746
d01ea4c3-1912-46a0-9798-db3d3f9d2881,74b23a8e-ccad-453a-a0bd-2af02cb0a30b,1759834386454974231,822.277,360.63,1,,,0.5453764280465194,16.244751158937245
d01ea4c3-1912-46a0-9798-db3d3f9d2881,74b23a8e-ccad-453a-a0bd-2af02cb0a30b,1759834386459974231,821.233,358.5,1,58,,0.4762896024105841,16.381846413682137
d01ea4c3-1912-46a0-9798-db3d3f9d2881,74b23a8e-ccad-453a-a0bd-2af02cb0a30b,1759834386464978231,819.182,357.798,1,58,,0.3402703143616133,16.427105151860214
d01ea4c3-1912-46a0-9798-db3d3f9d2881,74b23a8e-ccad-453a-a0bd-2af02cb0a30b,1759834386469974231,821.906,358.579,1,58,,0.5209311103860967,16.376661563706005
d01ea4c3-1912-46a0-9798-db3d3f9d2881,74b23a8e-ccad-453a-a0bd-2af02cb0a30b,1759834386474974231,817.473,362.047,1,58,,0.2268387619757155,16.153925038706063
d01ea4c3-1912-46a0-9798-db3d3f9d2881,74b23a8e-ccad-453a-a0bd-2af02cb0a30b,1759834386479974231,817.697,361.773,1,58,,0.24166882903290313,16.171549714321696
d01ea4c3-1912-46a0-9798-db3d3f9d2881,74b23a8e-ccad-453a-a0bd-2af02cb0a30b,1759834386485099231,819.983,361.33,1,58,,0.39321752856751413,16.199884677724548
d01ea4c3-1912-46a0-9798-db3d3f9d2881,74b23a8e-ccad-453a-a0bd-2af02cb0a30b,1759834386490099231,820.112,361.582,1,58,,0.4017935388317541,16.183675776189027
d01ea4c3-1912-46a0-9798-db3d3f9d2881,74b23a8e-ccad-453a-a0bd-2af02cb0a30b,1759834386495099231,820.439,360.951,1,58,,0.4234582285274934,16.224206575929063
d01ea4c3-1912-46a0-9798-db3d3f9d2881,74b23a8e-ccad-453a-a0bd-2af02cb0a30b,1759834386500100231,824.801,365.322,1,58,,0.7121739328163444,15.942628325352091
d01ea4c3-1912-46a0-9798-db3d3f9d2881,74b23a8e-ccad-453a-a0bd-2af02cb0a30b,1759834386505106231,827.854,362.213,1,58,,0.9148573520651658,16.142309136787805
d01ea4c3-1912-46a0-9798-db3d3f9d2881,74b23a8e-ccad-453a-a0bd-2af02cb0a30b,1759834386510099231,827.598,364.821,1,58,,0.8975184524695156,15.974558968074863
d01ea4c3-1912-46a0-9798-db3d3f9d2881,74b23a8e-ccad-453a-a0bd-2af02cb0a30b,1759834386515099231,830.76,368.366,1,58,,1.1062600945709717,15.74602297691435
d01ea4c3-1912-46a0-9798-db3d3f9d2881,74b23a8e-ccad-453a-a0bd-2af02cb0a30b,1759834386520099231,832.409,366.677,1,58,,1.2157691831310595,15.854462032603056
d01ea4c3-1912-46a0-9798-db3d3f9d2881,74b23a8e-ccad-453a-a0bd-2af02cb0a30b,1759834386525110231,834.722,361.473,1,58,,1.3702332463105604,16.188800513327454
d01ea4c3-1912-46a0-9798-db3d3f9d2881,74b23a8e-ccad-453a-a0bd-2af02cb0a30b,1759834386530099231,836.51,364.983,1,58,,1.4877734623552186,15.962625309054088
d01ea4c3-1912-46a0-9798-db3d3f9d2881,74b23a8e-ccad-453a-a0bd-2af02cb0a30b,1759834386535100231,835.135,367.106,1,58,,1.396204625182288,15.82638274638802
d01ea4c3-1912-46a0-9798-db3d3f9d2881,74b23a8e-ccad-453a-a0bd-2af02cb0a30b,1759834386540099231,833.88,365.895,1,58,,1.313391799833799,15.904471247863054
d01ea4c3-1912-46a0-9798-db3d3f9d2881,74b23a8e-ccad-453a-a0bd-2af02cb0a30b,1759834386545099231,833.036,365.863,1,58,,1.2575048138380176,15.906702767500938
d01ea4c3-1912-46a0-9798-db3d3f9d2881,74b23a8e-ccad-453a-a0bd-2af02cb0a30b,1759834386550100231,832.024,366.545,1,58,,1.1903316505586448,15.862982703026795
d01ea4c3-1912-46a0-9798-db3d3f9d2881,74b23a8e-ccad-453a-a0bd-2af02cb0a30b,1759834386555100231,831.215,367.997,1,58,,1.1364338074162452,15.769684721774707
d01ea4c3-1912-46a0-9798-db3d3f9d2881,74b23a8e-ccad-453a-a0bd-2af02cb0a30b,1759834386560100231,834.599,365.896,1,58,,1.3610195414333301,15.904295086995894
d01ea4c3-1912-46a0-9798-db3d3f9d2881,74b23a8e-ccad-453a-a0bd-2af02cb0a30b,1759834386565103231,834.149,368.435,1,58,,1.330577221930834,15.741025776763303
d01ea4c3-1912-46a0-9798-db3d3f9d2881,74b23a8e-ccad-453a-a0bd-2af02cb0a30b,1759834386570100231,835.299,371.304,1,58,,1.4059575303614695,15.556267832309429
d01ea4c3-1912-46a0-9798-db3d3f9d2881,74b23a8e-ccad-453a-a0bd-2af02cb0a30b,1759834386575108231,836.745,369.763,1,58,,1.502015486198569,15.655112368091475
d01ea4c3-1912-46a0-9798-db3d3f9d2881,74b23a8e-ccad-453a-a0bd-2af02cb0a30b,1759834386580100231,840.531,366.958,1,58,,1.7534575486416988,15.834726668741625
d01ea4c3-1912-46a0-9798-db3d3f9d2881,74b23a8e-ccad-453a-a0bd-2af02cb0a30b,1759834386585100231,839.706,368.668,1,58,,1.6983196846630353,15.724936886675914
d01ea4c3-1912-46a0-9798-db3d3f9d2881,74b23a8e-ccad-453a-a0bd-2af02cb0a30b,1759834386590100231,836.504,364.874,1,58,,1.4874478605788406,15.9696756531984
d01ea4c3-1912-46a0-9798-db3d3f9d2881,74b23a8e-ccad-453a-a0bd-2af02cb0a30b,1759834386595100231,831.472,368.569,1,58,,1.153335403751645,15.732849486092029
d01ea4c3-1912-46a0-9798-db3d3f9d2881,74b23a8e-ccad-453a-a0bd-2af02cb0a30b,1759834386600100231,835.412,372.01,1,58,,1.4132453049519726,15.51083212844788
d01ea4c3-1912-46a0-9798-db3d3f9d2881,74b23a8e-ccad-453a-a0bd-2af02cb0a30b,1759834386605100231,835.68,378.576,1,58,,1.4293267972171186,15.088265254436525
d01ea4c3-1912-46a0-9798-db3d3f9d2881,74b23a8e-ccad-453a-a0bd-2af02cb0a30b,1759834386610100231,829.999,372.549,1,58,,1.055148770658117,15.477007410336986
d01ea4c3-1912-46a0-9798-db3d3f9d2881,74b23a8e-ccad-453a-a0bd-2af02cb0a30b,1759834386615104231,830.696,373.867,1,58,,1.100984237261917,15.392144781606659
d01ea4c3-1912-46a0-9798-db3d3f9d2881,74b23a8e-ccad-453a-a0bd-2af02cb0a30b,1759834386620225231,835.009,374.867,1,58,,1.3859205826658771,15.327051336642294
d01ea4c3-1912-46a0-9798-db3d3f9d2881,74b23a8e-ccad-453a-a0bd-2af02cb0a30b,1759834386625117231,834.785,378.013,1,58,,1.3703339339881997,15.124683801441888
d01ea4c3-1912-46a0-9798-db3d3f9d2881,74b23a8e-ccad-453a-a0bd-2af02cb0a30b,1759834386630225231,836.132,376.258,1,58,,1.4597653879729506,15.237337356900547
d01ea4c3-1912-46a0-9798-db3d3f9d2881,74b23a8e-ccad-453a-a0bd-2af02cb0a30b,1759834386635225231,835.521,375.714,1,58,,1.4195746215282288,15.272492492419467
d01ea4c3-1912-46a0-9798-db3d3f9d2881,74b23a8e-ccad-453a-a0bd-2af02cb0a30b,1759834386640225231,834.67,374.272,1,58,,1.3636326386330928,15.365378172947628
d01ea4c3-1912-46a0-9798-db3d3f9d2881,74b23a8e-ccad-453a-a0bd-2af02cb0a30b,1759834386645226231,835.639,372.712,1,58,,1.4281211650291612,15.465597532247429
d01ea4c3-1912-46a0-9798-db3d3f9d2881,74b23a8e-ccad-453a-a0bd-2af02cb0a30b,1759834386650226231,838.112,379.484,1,58,,1.5897377604082663,15.02939303031945
d01ea4c3-1912-46a0-9798-db3d3f9d2881,74b23a8e-ccad-453a-a0bd-2af02cb0a30b,1759834386655236231,837.413,379.022,1,58,,1.543727743467771,15.059227207967401
d01ea4c3-1912-46a0-9798-db3d3f9d2881,74b23a8e-ccad-453a-a0bd-2af02cb0a30b,1759834386660226231,839.527,384.643,1,58,,1.6816951757710974,14.697033583364808
d01ea4c3-1912-46a0-9798-db3d3f9d2881,74b23a8e-ccad-453a-a0bd-2af02cb0a30b,1759834386665226231,839.664,386.258,1,58,,1.69026476125557,14.593087638207686
d01ea4c3-1912-46a0-9798-db3d3f9d2881,74b23a8e-ccad-453a-a0bd-2af02cb0a30b,1759834386670234231,838.107,387.348,1,58,,1.587291552478458,14.523241950643474
d01ea4c3-1912-46a0-9798-db3d3f9d2881,74b23a8e-ccad-453a-a0bd-2af02cb0a30b,1759834386675226231,837.5,385.703,1,58,,1.5476619492740176,14.629239365560627
d01ea4c3-1912-46a0-9798-db3d3f9d2881,74b23a8e-ccad-453a-a0bd-2af02cb0a30b,1759834386680234231,833.333,385.042,1,58,,1.2728989546280234,14.672511513318037
d01ea4c3-1912-46a0-9798-db3d3f9d2881,74b23a8e-ccad-453a-a0bd-2af02cb0a30b,1759834386685226231,831.775,383.826,1,58,,1.1703367558652538,14.751015447860867
d01ea4c3-1912-46a0-9798-db3d3f9d2881,74b23a8e-ccad-453a-a0bd-2af02cb0a30b,1759834386690226231,835.045,381.761,1,58,,1.3866616510759353,14.8834329464767
d01ea4c3-1912-46a0-9798-db3d3f9d2881,74b23a8e-ccad-453a-a0bd-2af02cb0a30b,1759834386695226231,831.161,383.231,1,58,,1.129907447092258,14.789397643285165
d01ea4c3-1912-46a0-9798-db3d3f9d2881,74b23a8e-ccad-453a-a0bd-2af02cb0a30b,1759834386700226231,832.724,383.09,1,58,,1.2331142084739195,14.798228776011946
d01ea4c3-1912-46a0-9798-db3d3f9d2881,74b23a8e-ccad-453a-a0bd-2af02cb0a30b,1759834386705226231,832.368,382.954,1,58,,1.209682263649717,14.807061639807698
d01ea4c3-1912-46a0-9798-db3d3f9d2881,74b23a8e-ccad-453a-a0bd-2af02cb0a30b,1759834386710230231,827.18,385.641,1,58,,0.8668349669637831,14.634787080786664
d01ea4c3-1912-46a0-9798-db3d3f9d2881,74b23a8e-ccad-453a-a0bd-2af02cb0a30b,1759834386715230231,826.497,386.776,1,58,,0.8216199169439299,14.561817398137249
d01ea4c3-1912-46a0-9798-db3d3f9d2881,74b23a8e-ccad-453a-a0bd-2af02cb0a30b,1759834386720226231,825.277,384.444,1,58,,0.7414152961149607,14.712080113333183
d01ea4c3-1912-46a0-9798-db3d3f9d2881,74b23a8e-ccad-453a-a0bd-2af02cb0a30b,1759834386725226231,822.939,389.588,1,58,,0.5866780175162389,14.38116137457575
d01ea4c3-1912-46a0-9798-db3d3f9d2881,74b23a8e-ccad-453a-a0bd-2af02cb0a30b,1759834386730226231,822.52,390.363,1,58,,0.5589829820466617,14.331302359568431
d01ea4c3-1912-46a0-9798-db3d3f9d2881,74b23a8e-ccad-453a-a0bd-2af02cb0a30b,1759834386735226231,826.544,386.851,1,58,,0.8246944148552792,14.556992227702436
d01ea4c3-1912-46a0-9798-db3d3f9d2881,74b23a8e-ccad-453a-a0bd-2af02cb0a30b,1759834386740229231,823.931,382.31,1,58,,0.652814890744877,14.84954701830667
d01ea4c3-1912-46a0-9798-db3d3f9d2881,74b23a8e-ccad-453a-a0bd-2af02cb0a30b,1759834386745226231,821.722,387.116,1,58,,0.5066046600109988,14.54041109697615
d01ea4c3-1912-46a0-9798-db3d3f9d2881,74b23a8e-ccad-453a-a0bd-2af02cb0a30b,1759834386750226231,823.166,387.083,1,58,,0.6018562664715008,14.542370923829516
d01ea4c3-1912-46a0-9798-db3d3f9d2881,74b23a8e-ccad-453a-a0bd-2af02cb0a30b,1759834386755352231,823.507,385.085,1,58,,0.6245647908829156,14.671004002192081
d01ea4c3-1912-46a0-9798-db3d3f9d2881,74b23a8e-ccad-453a-a0bd-2af02cb0a30b,1759834386760352231,822.328,386.6,1,58,,0.5465991876699813,14.573583922469256
d01ea4c3-1912-46a0-9798-db3d3f9d2881,74b23a8e-ccad-453a-a0bd-2af02cb0a30b,1759834386765352231,821.592,387.68,1,58,,0.49801096823589436,14.504108318827234
d01ea4c3-1912-46a0-9798-db3d3f9d2881,74b23a8e-ccad-453a-a0bd-2af02cb0a30b,1759834386770352231,819.395,394.254,1,58,,0.3528012253267504,14.080985223828334
d01ea4c3-1912-46a0-9798-db3d3f9d2881,74b23a8e-ccad-453a-a0bd-2af02cb0a30b,1759834386775352231,828.333,390.808,1,58,,0.9421364720216836,14.302037770985782
d01ea4c3-1912-46a0-9798-db3d3f9d2881,74b23a8e-ccad-453a-a0bd-2af02cb0a30b,1759834386780352231,825.388,398.212,1,58,,0.7472043984729734,13.825587528915491
d01ea4c3-1912-46a0-9798-db3d3f9d2881,74b23a8e-ccad-453a-a0bd-2af02cb0a30b,1759834386785352231,821.227,395.954,1,58,,0.47341962599568227,13.971358443775795
d01ea4c3-1912-46a0-9798-db3d3f9d2881,74b23a8e-ccad-453a-a0bd-2af02cb0a30b,1759834386790352231,817.418,392.868,1,58,,0.22259586570762732,14.170298531960027
d01ea4c3-1912-46a0-9798-db3d3f9d2881,74b23a8e-ccad-453a-a0bd-2af02cb0a30b,1759834386795360231,818.44,392.183,1,58,,0.2899769139200869,14.214380529439405
d01ea4c3-1912-46a0-9798-db3d3f9d2881,74b23a8e-ccad-453a-a0bd-2af02cb0a30b,1759834386800352231,816.67,391.542,1,58,,0.17328498609567253,14.255732669047791
d01ea4c3-1912-46a0-9798-db3d3f9d2881,74b23a8e-ccad-453a-a0bd-2af02cb0a30b,1759834386805352231,813.744,388.731,1,58,,-0.019631693799025667,14.436781963556482
d01ea4c3-1912-46a0-9798-db3d3f9d2881,74b23a8e-ccad-453a-a0bd-2af02cb0a30b,1759834386810352231,815.57,387.993,1,58,,0.10079121002475229,14.484293875752773
d01ea4c3-1912-46a0-9798-db3d3f9d2881,74b23a8e-ccad-453a-a0bd-2af02cb0a30b,1759834386815352231,820.364,389.267,1,58,,0.4169139519466511,14.40201369620341
d01ea4c3-1912-46a0-9798-db3d3f9d2881,74b23a8e-ccad-453a-a0bd-2af02cb0a30b,1759834386820355231,819.669,391.416,1,58,,0.3710195209537493,14.263682053181007
d01ea4c3-1912-46a0-9798-db3d3f9d2881,74b23a8e-ccad-453a-a0bd-2af02cb0a30b,1759834386825352231,820.445,391.54,1,58,,0.42211331478281294,14.255666301381757
d01ea4c3-1912-46a0-9798-db3d3f9d2881,74b23a8e-ccad-453a-a0bd-2af02cb0a30b,1759834386830352231,820.526,386.728,1,58,,0.42776669288264885,14.565447290063098
d01ea4c3-1912-46a0-9798-db3d3f9d2881,74b23a8e-ccad-453a-a0bd-2af02cb0a30b,1759834386835352231,813.575,385.181,1,58,,-0.03088576225457083,14.665333568693148
d01ea4c3-1912-46a0-9798-db3d3f9d2881,74b23a8e-ccad-453a-a0bd-2af02cb0a30b,1759834386840352231,814.602,385.069,1,58,,0.03690237639984262,14.672523907771964
d01ea4c3-1912-46a0-9798-db3d3f9d2881,74b23a8e-ccad-453a-a0bd-2af02cb0a30b,1759834386845352231,817.684,386.143,1,58,,0.24028790126852612,14.603296000122516
d01ea4c3-1912-46a0-9798-db3d3f9d2881,74b23a8e-ccad-453a-a0bd-2af02cb0a30b,1759834386850361231,816.923,386.322,1,58,,0.19004602165669413,14.591777500385739
d01ea4c3-1912-46a0-9798-db3d3f9d2881,74b23a8e-ccad-453a-a0bd-2af02cb0a30b,1759834386855360231,814.908,389.462,1,58,,0.05713137852238037,14.389716482585706
d01ea4c3-1912-46a0-9798-db3d3f9d2881,74b23a8e-ccad-453a-a0bd-2af02cb0a30b,1759834386860352231,815.343,389.028,1,58,,0.08581119090002978,14.417630357382594
d01ea4c3-1912-46a0-9798-db3d3f9d2881,74b23a8e-ccad-453a-a0bd-2af02cb0a30b,1759834386865363231,815.971,389.081,1,58,,0.1272508707452855,14.414219358291415
d01ea4c3-1912-46a0-9798-db3d3f9d2881,74b23a8e-ccad-453a-a0bd-2af02cb0a30b,1759834386870353231,816.207,389.867,1,58,,0.14282422910054438,14.363609932522621
d01ea4c3-1912-46a0-9798-db3d3f9d2881,74b23a8e-ccad-453a-a0bd-2af02cb0a30b,1759834386875353231,815.849,391.647,1,58,,0.11919568706608408,14.248993331277457
d01ea4c3-1912-46a0-9798-db3d3f9d2881,74b23a8e-ccad-453a-a0bd-2af02cb0a30b,1759834386880353231,810.567,390.518,1,58,,-0.22904549180046924,14.321778229293878
d01ea4c3-1912-46a0-9798-db3d3f9d2881,74b23a8e-ccad-453a-a0bd-2af02cb0a30b,1759834386885353231,813.529,391.935,1,58,,-0.03374138406339646,14.230507728117539
d01ea4c3-1912-46a0-9798-db3d3f9d2881,74b23a8e-ccad-453a-a0bd-2af02cb0a30b,1759834386890362231,812.033,390.829,1,58,,-0.1323866930646318,14.301748780342505
d01ea4c3-1912-46a0-9798-db3d3f9d2881,74b23a8e-ccad-453a-a0bd-2af02cb0a30b,1759834386895480231,810.74,387.869,1,58,,-0.21774882417190594,14.492292069000372
d01ea4c3-1912-46a0-9798-db3d3f9d2881,74b23a8e-ccad-453a-a0bd-2af02cb0a30b,1759834386900481231,811.792,392.957,1,58,,-0.1481406299753052,14.16473252161773
d01ea4c3-1912-46a0-9798-db3d3f9d2881,74b23a8e-ccad-453a-a0bd-2af02cb0a30b,1759834386905478231,812.797,391.825,1,,,-0.08198671338347724,14.23760641821549
d01ea4c3-1912-46a0-9798-db3d3f9d2881,74b23a8e-ccad-453a-a0bd-2af02cb0a30b,1759834386910492231,814.509,387.39,1,,,0.030799908002194898,14.523090572547174
d01ea4c3-1912-46a0-9798-db3d3f9d2881,74b23a8e-ccad-453a-a0bd-2af02cb0a30b,1759834386915478231,818.497,398.4,1,,,0.29354194009869794,13.814028446503306
d01ea4c3-1912-46a0-9798-db3d3f9d2881,74b23a8e-ccad-453a-a0bd-2af02cb0a30b,1759834386920478231,838.933,395.404,1,,,1.6395829705967946,14.00447914005306
d01ea4c3-1912-46a0-9798-db3d3f9d2881,74b23a8e-ccad-453a-a0bd-2af02cb0a30b,1759834386925478231,856.942,390.942,1,,,2.827591541693403,14.286995134895315
d01ea4c3-1912-46a0-9798-db3d3f9d2881,74b23a8e-ccad-453a-a0bd-2af02cb0a30b,1759834386930478231,891.472,411.829,1,,,5.084640872819065,12.928367764952144
d01ea4c3-1912-46a0-9798-db3d3f9d2881,74b23a8e-ccad-453a-a0bd-2af02cb0a30b,1759834386935478231,925.638,406.595,1,,,7.331839408799361,13.243259990076586
d01ea4c3-1912-46a0-9798-db3d3f9d2881,74b23a8e-ccad-453a-a0bd-2af02cb0a30b,1759834386940481231,933.809,392.657,1,,,7.886414286014025,14.131385692262896
d01ea4c3-1912-46a0-9798-db3d3f9d2881,74b23a8e-ccad-453a-a0bd-2af02cb0a30b,1759834386945478231,943.897,398.417,1,,,8.541221357953424,13.75310921617257
d01ea4c3-1912-46a0-9798-db3d3f9d2881,74b23a8e-ccad-453a-a0bd-2af02cb0a30b,1759834386950478231,942.442,396.173,1,59,,8.44889222757583,13.898302460321315
d01ea4c3-1912-46a0-9798-db3d3f9d2881,74b23a8e-ccad-453a-a0bd-2af02cb0a30b,1759834386955478231,946.408,400.565,1,59,,8.702987193539778,13.613043555031373
d01ea4c3-1912-46a0-9798-db3d3f9d2881,74b23a8e-ccad-453a-a0bd-2af02cb0a30b,1759834386960478231,945.684,401.301,1,59,,8.654406415636158,13.566548668090888
d01ea4c3-1912-46a0-9798-db3d3f9d2881,74b23a8e-ccad-453a-a0bd-2af02cb0a30b,1759834386965478231,948.634,401.306,1,59,,8.847968426095402,13.563506782938385
d01ea4c3-1912-46a0-9798-db3d3f9d2881,74b23a8e-ccad-453a-a0bd-2af02cb0a30b,1759834386970479231,943.69,406.484,1,59,,8.516190699639072,13.235829684711058
d01ea4c3-1912-46a0-9798-db3d3f9d2881,74b23a8e-ccad-453a-a0bd-2af02cb0a30b,1759834386975479231,938.928,395.916,1,59,,8.21835738561208,13.917885188738206
d01ea4c3-1912-46a0-9798-db3d3f9d2881,74b23a8e-ccad-453a-a0bd-2af02cb0a30b,1759834386980479231,938.796,396.121,1,59,,8.209405128750113,13.9048381452307
d01ea4c3-1912-46a0-9798-db3d3f9d2881,74b23a8e-ccad-453a-a0bd-2af02cb0a30b,1759834386985484231,937.193,404.151,1,59,,8.093164948879277,13.391037596243573
d01ea4c3-1912-46a0-9798-db3d3f9d2881,74b23a8e-ccad-453a-a0bd-2af02cb0a30b,1759834386990487231,938.884,404.449,1,59,,8.203701868977426,13.370455027351294
d01ea4c3-1912-46a0-9798-db3d3f9d2881,74b23a8e-ccad-453a-a0bd-2af02cb0a30b,1759834386995482231,938.235,408.402,1,59,,8.155888927361582,13.117368714367299
d01ea4c3-1912-46a0-9798-db3d3f9d2881,74b23a8e-ccad-453a-a0bd-2af02cb0a30b,1759834387000479231,941.457,411.617,1,59,,8.362841987303995,12.908413947609763
d01ea4c3-1912-46a0-9798-db3d3f9d2881,74b23a8e-ccad-453a-a0bd-2af02cb0a30b,1759834387005479231,938.456,406.809,1,59,,8.172477826496978,13.219422845924518
d01ea4c3-1912-46a0-9798-db3d3f9d2881,74b23a8e-ccad-453a-a0bd-2af02cb0a30b,1759834387010479231,939.584,400.582,1,59,,8.25496844142254,13.617992398239267
d01ea4c3-1912-46a0-9798-db3d3f9d2881,74b23a8e-ccad-453a-a0bd-2af02cb0a30b,1759834387015479231,938.708,398.81,1,59,,8.199864475803203,13.732429248010886
d01ea4c3-1912-46a0-9798-db3d3f9d2881,74b23a8e-ccad-453a-a0bd-2af02cb0a30b,1759834387020479231,933.499,406.705,1,59,,7.847445001700815,13.230075224858417
d01ea4c3-1912-46a0-9798-db3d3f9d2881,74b23a8e-ccad-453a-a0bd-2af02cb0a30b,1759834387025604231,932.403,408.949,1,59,,7.772726562314069,13.086939366124549
d01ea4c3-1912-46a0-9798-db3d3f9d2881,74b23a8e-ccad-453a-a0bd-2af02cb0a30b,1759834387030604231,939.065,405.786,1,59,,8.213806036426165,13.284514894654295
d01ea4c3-1912-46a0-9798-db3d3f9d2881,74b23a8e-ccad-453a-a0bd-2af02cb0a30b,1759834387035604231,938.417,405.727,1,59,,8.171369433197725,13.288838211242009
d01ea4c3-1912-46a0-9798-db3d3f9d2881,74b23a8e-ccad-453a-a0bd-2af02cb0a30b,1759834387040604231,937.762,407.236,1,59,,8.12641869685635,13.192551318745755
d01ea4c3-1912-46a0-9798-db3d3f9d2881,74b23a8e-ccad-453a-a0bd-2af02cb0a30b,1759834387045604231,944.353,395.95,1,59,,8.57478719189145,13.910888842739233
d01ea4c3-1912-46a0-9798-db3d3f9d2881,74b23a8e-ccad-453a-a0bd-2af02cb0a30b,1759834387050604231,947.93,404.166,1,59,,8.797611140247545,13.38080401483251
d01ea4c3-1912-46a0-9798-db3d3f9d2881,74b23a8e-ccad-453a-a0bd-2af02cb0a30b,1759834387055604231,947.089,404.093,1,59,,8.742511150132342,13.38618241430629
d01ea4c3-1912-46a0-9798-db3d3f9d2881,74b23a8e-ccad-453a-a0bd-2af02cb0a30b,1759834387060604231,943.927,403.356,1,59,,8.53611061740592,13.436298370064454
d01ea4c3-1912-46a0-9798-db3d3f9d2881,74b23a8e-ccad-453a-a0bd-2af02cb0a30b,1759834387065604231,940.336,399.709,1,59,,8.305522846878096,13.673335238135707
d01ea4c3-1912-46a0-9798-db3d3f9d2881,74b23a8e-ccad-453a-a0bd-2af02cb0a30b,1759834387070605231,943.321,398.837,1,59,,8.502796027084184,13.726680099406124
d01ea4c3-1912-46a0-9798-db3d3f9d2881,74b23a8e-ccad-453a-a0bd-2af02cb0a30b,1759834387075605231,942.659,397.602,1,59,,8.46106445756857,13.806448210711881
d01ea4c3-1912-46a0-9798-db3d3f9d2881,74b23a8e-ccad-453a-a0bd-2af02cb0a30b,1759834387080606231,945.502,401.942,1,59,,8.641493815925934,13.525562632942933
d01ea4c3-1912-46a0-9798-db3d3f9d2881,74b23a8e-ccad-453a-a0bd-2af02cb0a30b,1759834387085605231,943.651,401.168,1,59,,8.5211207720099,13.57687891695229
d01ea4c3-1912-46a0-9798-db3d3f9d2881,74b23a8e-ccad-453a-a0bd-2af02cb0a30b,1759834387090612231,943.74,401.006,1,59,,8.527181313479275,13.587192662062275
d01ea4c3-1912-46a0-9798-db3d3f9d2881,74b23a8e-ccad-453a-a0bd-2af02cb0a30b,1759834387095605231,943.663,400.276,1,59,,8.523195806807964,13.63404057360044
d01ea4c3-1912-46a0-9798-db3d3f9d2881,74b23a8e-ccad-453a-a0bd-2af02cb0a30b,1759834387100610231,942.218,404.119,1,59,,8.422928865087908,13.388788012562985
d01ea4c3-1912-46a0-9798-db3d3f9d2881,74b23a8e-ccad-453a-a0bd-2af02cb0a30b,1759834387105605231,937.01,401.035,1,59,,8.085326841116219,13.591113252467563
d01ea4c3-1912-46a0-9798-db3d3f9d2881,74b23a8e-ccad-453a-a0bd-2af02cb0a30b,1759834387110605231,941.778,400.005,1,59,,8.39979456924663,13.653119465167808
d01ea4c3-1912-46a0-9798-db3d3f9d2881,74b23a8e-ccad-453a-a0bd-2af02cb0a30b,1759834387115605231,942.356,400.368,1,59,,8.437226313663396,13.629290541225584
d01ea4c3-1912-46a0-9798-db3d3f9d2881,74b23a8e-ccad-453a-a0bd-2af02cb0a30b,1759834387120613231,941.514,402.612,1,59,,8.37884524510596,13.486072585006944
d01ea4c3-1912-46a0-9798-db3d3f9d2881,74b23a8e-ccad-453a-a0bd-2af02cb0a30b,1759834387125605231,942.172,402.005,1,59,,8.422846155023382,13.524459761283774
d01ea4c3-1912-46a0-9798-db3d3f9d2881,74b23a8e-ccad-453a-a0bd-2af02cb0a30b,1759834387130605231,942.432,401.103,1,59,,8.441223628880453,13.5821057771859
d01ea4c3-1912-46a0-9798-db3d3f9d2881,74b23a8e-ccad-453a-a0bd-2af02cb0a30b,1759834387135605231,941.188,394.579,1,59,,8.368798862740247,14.001631335869964
d01ea4c3-1912-46a0-9798-db3d3f9d2881,74b23a8e-ccad-453a-a0bd-2af02cb0a30b,1759834387140605231,940.887,391.332,1,59,,8.353770940912815,14.210175981763161
d01ea4c3-1912-46a0-9798-db3d3f9d2881,74b23a8e-ccad-453a-a0bd-2af02cb0a30b,1759834387145605231,942.362,391.8,1,59,,8.45004332642618,14.178841894672303
d01ea4c3-1912-46a0-9798-db3d3f9d2881,74b23a8e-ccad-453a-a0bd-2af02cb0a30b,1759834387150605231,938.067,395.807,1,59,,8.161949933022495,13.925634382617648
d01ea4c3-1912-46a0-9798-db3d3f9d2881,74b23a8e-ccad-453a-a0bd-2af02cb0a30b,1759834387155616231,938.239,395.515,1,59,,8.173670701763243,13.944201137657224
d01ea4c3-1912-46a0-9798-db3d3f9d2881,74b23a8e-ccad-453a-a0bd-2af02cb0a30b,1759834387160731231,938.467,395.851,1,59,,8.188162813220744,13.922433244100931
d01ea4c3-1912-46a0-9798-db3d3f9d2881,74b23a8e-ccad-453a-a0bd-2af02cb0a30b,1759834387165730231,939.559,396.843,1,59,,8.258556428451133,13.857854848332204
d01ea4c3-1912-46a0-9798-db3d3f9d2881,74b23a8e-ccad-453a-a0bd-2af02cb0a30b,1759834387170731231,940.089,397.955,1,59,,8.291787566951758,13.786074499722332
d01ea4c3-1912-46a0-9798-db3d3f9d2881,74b23a8e-ccad-453a-a0bd-2af02cb0a30b,1759834387175731231,941.558,397.181,1,59,,8.389389126563877,13.834436735609946
d01ea4c3-1912-46a0-9798-db3d3f9d2881,74b23a8e-ccad-453a-a0bd-2af02cb0a30b,1759834387180731231,943.886,397.081,1,59,,8.542466250491934,13.83877713486514
d01ea4c3-1912-46a0-9798-db3d3f9d2881,74b23a8e-ccad-453a-a0bd-2af02cb0a30b,1759834387185734231,943.969,401.875,1,59,,8.541014292544562,13.53124961162181
d01ea4c3-1912-46a0-9798-db3d3f9d2881,74b23a8e-ccad-453a-a0bd-2af02cb0a30b,1759834387190740231,942.892,400.696,1,59,,8.47195549545302,13.607798004252542
d01ea4c3-1912-46a0-9798-db3d3f9d2881,74b23a8e-ccad-453a-a0bd-2af02cb0a30b,1759834387195731231,940.643,403.931,1,59,,8.319849817742217,13.402200748148802
d01ea4c3-1912-46a0-9798-db3d3f9d2881,74b23a8e-ccad-453a-a0bd-2af02cb0a30b,1759834387200731231,939.981,401.225,1,59,,8.280090504604765,13.576429140633616
d01ea4c3-1912-46a0-9798-db3d3f9d2881,74b23a8e-ccad-453a-a0bd-2af02cb0a30b,1759834387205731231,938.135,397.563,1,59,,8.163941784454359,13.81293553905525
d01ea4c3-1912-46a0-9798-db3d3f9d2881,74b23a8e-ccad-453a-a0bd-2af02cb0a30b,1759834387210731231,938.878,398.828,1,59,,8.211011780810768,13.731143948944405
d01ea4c3-1912-46a0-9798-db3d3f9d2881,74b23a8e-ccad-453a-a0bd-2af02cb0a30b,1759834387215731231,939.921,400.406,1,59,,8.277305546529073,13.628963808959632
d01ea4c3-1912-46a0-9798-db3d3f9d2881,74b23a8e-ccad-453a-a0bd-2af02cb0a30b,1759834387220731231,938.491,400.322,1,59,,8.183507049793047,13.635619512708834
d01ea4c3-1912-46a0-9798-db3d3f9d2881,74b23a8e-ccad-453a-a0bd-2af02cb0a30b,1759834387225731231,935.027,400.787,1,59,,7.955435083972602,13.608684411553641
d01ea4c3-1912-46a0-9798-db3d3f9d2881,74b23a8e-ccad-453a-a0bd-2af02cb0a30b,1759834387230731231,937.466,401.51,1,59,,8.114602280453648,13.560255048340156
d01ea4c3-1912-46a0-9798-db3d3f9d2881,74b23a8e-ccad-453a-a0bd-2af02cb0a30b,1759834387235731231,940.109,404.695,1,59,,8.283784212891682,13.353635780053382
d01ea4c3-1912-46a0-9798-db3d3f9d2881,74b23a8e-ccad-453a-a0bd-2af02cb0a30b,1759834387240731231,939.738,403.613,1,59,,8.260856685987946,13.423424071897387
d01ea4c3-1912-46a0-9798-db3d3f9d2881,74b23a8e-ccad-453a-a0bd-2af02cb0a30b,1759834387245731231,938.192,401.44,1,59,,8.162360686035601,13.564104515481024
d01ea4c3-1912-46a0-9798-db3d3f9d2881,74b23a8e-ccad-453a-a0bd-2af02cb0a30b,1759834387250731231,938.632,402.488,1,59,,8.189798912643502,13.496516056969092
d01ea4c3-1912-46a0-9798-db3d3f9d2881,74b23a8e-ccad-453a-a0bd-2af02cb0a30b,1759834387255731231,938.354,402.593,1,59,,8.17145977793867,13.490012832761169
d01ea4c3-1912-46a0-9798-db3d3f9d2881,74b23a8e-ccad-453a-a0bd-2af02cb0a30b,1759834387260731231,938.286,399.871,1,59,,8.170708576904097,13.664708817261953
d01ea4c3-1912-46a0-9798-db3d3f9d2881,74b23a8e-ccad-453a-a0bd-2af02cb0a30b,1759834387265732231,934.797,400.943,1,59,,7.940161661813943,13.598870636501715
d01ea4c3-1912-46a0-9798-db3d3f9d2881,74b23a8e-ccad-453a-a0bd-2af02cb0a30b,1759834387270731231,937.549,404.002,1,59,,8.116713421867319,13.400269099347515
d01ea4c3-1912-46a0-9798-db3d3f9d2881,74b23a8e-ccad-453a-a0bd-2af02cb0a30b,1759834387275731231,937.321,402.438,1,59,,8.103853775119685,13.500818147903328
d01ea4c3-1912-46a0-9798-db3d3f9d2881,74b23a8e-ccad-453a-a0bd-2af02cb0a30b,1759834387280737231,936.243,400.065,1,59,,8.036279458079099,13.653995114604365
d01ea4c3-1912-46a0-9798-db3d3f9d2881,74b23a8e-ccad-453a-a0bd-2af02cb0a30b,1759834387285732231,936.824,400.754,1,59,,8.073480393373014,13.60932624188271
d01ea4c3-1912-46a0-9798-db3d3f9d2881,74b23a8e-ccad-453a-a0bd-2af02cb0a30b,1759834387290732231,936.19,399.639,1,59,,8.033356327705052,13.681391995077783
d01ea4c3-1912-46a0-9798-db3d3f9d2881,74b23a8e-ccad-453a-a0bd-2af02cb0a30b,1759834387295732231,938.569,402.152,1,59,,8.186146109798335,13.518153222093348
d01ea4c3-1912-46a0-9798-db3d3f9d2881,74b23a8e-ccad-453a-a0bd-2af02cb0a30b,1759834387300857231,940.243,400.218,1,59,,8.298687930506034,13.640796545698514
d01ea4c3-1912-46a0-9798-db3d3f9d2881,74b23a8e-ccad-453a-a0bd-2af02cb0a30b,1759834387305857231,939.254,399.364,1,59,,8.234975362688115,13.696395002855905
d01ea4c3-1912-46a0-9798-db3d3f9d2881,74b23a8e-ccad-453a-a0bd-2af02cb0a30b,1759834387310857231,939.682,397.773,1,59,,8.265301600580148,13.798096474864305
d01ea4c3-1912-46a0-9798-db3d3f9d2881,74b23a8e-ccad-453a-a0bd-2af02cb0a30b,1759834387315857231,937.314,399.964,1,59,,8.106719820455652,13.659581409491619
d01ea4c3-1912-46a0-9798-db3d3f9d2881,74b23a8e-ccad-453a-a0bd-2af02cb0a30b,1759834387320857231,933.478,400.265,1,59,,7.854411670401712,13.643440042749434
d01ea4c3-1912-46a0-9798-db3d3f9d2881,74b23a8e-ccad-453a-a0bd-2af02cb0a30b,1759834387325857231,933.353,400.732,1,59,,7.8456092477133526,13.613616968218048
d01ea4c3-1912-46a0-9798-db3d3f9d2881,74b23a8e-ccad-453a-a0bd-2af02cb0a30b,1759834387330857231,936.298,402.25,1,59,,8.036914806447127,13.513745401320989
d01ea4c3-1912-46a0-9798-db3d3f9d2881,74b23a8e-ccad-453a-a0bd-2af02cb0a30b,1759834387335857231,937.556,401.551,1,59,,8.120445309997425,13.557541815171184
d01ea4c3-1912-46a0-9798-db3d3f9d2881,74b23a8e-ccad-453a-a0bd-2af02cb0a30b,1759834387340857231,936.613,403.172,1,59,,8.05640622636025,13.454337168462038
d01ea4c3-1912-46a0-9798-db3d3f9d2881,74b23a8e-ccad-453a-a0bd-2af02cb0a30b,1759834387345857231,936.85,401.428,1,59,,8.07429305428096,13.56604555816103
d01ea4c3-1912-46a0-9798-db3d3f9d2881,74b23a8e-ccad-453a-a0bd-2af02cb0a30b,1759834387350857231,938.917,401.643,1,59,,8.209657711038904,13.55048662794538
d01ea4c3-1912-46a0-9798-db3d3f9d2881,74b23a8e-ccad-453a-a0bd-2af02cb0a30b,1759834387355860231,938.658,401.814,1,59,,8.192472183170704,13.539764328068928
d01ea4c3-1912-46a0-9798-db3d3f9d2881,74b23a8e-ccad-453a-a0bd-2af02cb0a30b,1759834387360857231,938.43,398.673,1,59,,8.181818200337313,13.741451492712471
d01ea4c3-1912-46a0-9798-db3d3f9d2881,74b23a8e-ccad-453a-a0bd-2af02cb0a30b,1759834387365857231,938.562,404.613,1,59,,8.18235187496657,13.360225258125862
d01ea4c3-1912-46a0-9798-db3d3f9d2881,74b23a8e-ccad-453a-a0bd-2af02cb0a30b,1759834387370857231,941.483,403.146,1,59,,8.376034115342147,13.451891343985524
d01ea4c3-1912-46a0-9798-db3d3f9d2881,74b23a8e-ccad-453a-a0bd-2af02cb0a30b,1759834387375858231,941.738,401.75,1,59,,8.39471934310144,13.541212973604065
d01ea4c3-1912-46a0-9798-db3d3f9d2881,74b23a8e-ccad-453a-a0bd-2af02cb0a30b,1759834387380858231,938.242,394.95,1,59,,8.174658624615798,13.980429104595276
d01ea4c3-1912-46a0-9798-db3d3f9d2881,74b23a8e-ccad-453a-a0bd-2af02cb0a30b,1759834387385858231,938.28,398.126,1,59,,8.172730455655087,13.77669192949889
d01ea4c3-1912-46a0-9798-db3d3f9d2881,74b23a8e-ccad-453a-a0bd-2af02cb0a30b,1759834387390858231,936.728,396.917,1,59,,8.072404930810608,13.855585414863844
d01ea4c3-1912-46a0-9798-db3d3f9d2881,74b23a8e-ccad-453a-a0bd-2af02cb0a30b,1759834387395858231,938.296,405.937,1,59,,8.163141198089289,13.275462437356238
d01ea4c3-1912-46a0-9798-db3d3f9d2881,74b23a8e-ccad-453a-a0bd-2af02cb0a30b,1759834387400861231,936.69,404.298,1,59,,8.059929146798927,13.382017489019614
d01ea4c3-1912-46a0-9798-db3d3f9d2881,74b23a8e-ccad-453a-a0bd-2af02cb0a30b,1759834387405858231,935.93,404.371,1,59,,8.009946328966183,13.377923453481438
d01ea4c3-1912-46a0-9798-db3d3f9d2881,74b23a8e-ccad-453a-a0bd-2af02cb0a30b,1759834387410858231,935.646,404.885,1,59,,7.990668144242118,13.345190048162985
d01ea4c3-1912-46a0-9798-db3d3f9d2881,74b23a8e-ccad-453a-a0bd-2af02cb0a30b,1759834387415858231,936.432,398.872,1,59,,8.050271728894444,13.73042132352439
d01ea4c3-1912-46a0-9798-db3d3f9d2881,74b23a8e-ccad-453a-a0bd-2af02cb0a30b,1759834387420858231,938.226,394.092,1,59,,8.174808360167225,14.035479981004539
d01ea4c3-1912-46a0-9798-db3d3f9d2881,74b23a8e-ccad-453a-a0bd-2af02cb0a30b,1759834387425858231,940.675,399.089,1,59,,8.328662486807817,13.712839850493863
d01ea4c3-1912-46a0-9798-db3d3f9d2881,74b23a8e-ccad-453a-a0bd-2af02cb0a30b,1759834387430858231,944.598,402.482,1,59,,8.581391963292031,13.491719190895127
d01ea4c3-1912-46a0-9798-db3d3f9d2881,74b23a8e-ccad-453a-a0bd-2af02cb0a30b,1759834387435983231,943.06,403.37,1,59,,8.47918605561782,13.436133997154329
d01ea4c3-1912-46a0-9798-db3d3f9d2881,74b23a8e-ccad-453a-a0bd-2af02cb0a30b,1759834387440983231,943.176,402.563,1,59,,8.487970607150492,13.4877994249253
d01ea4c3-1912-46a0-9798-db3d3f9d2881,74b23a8e-ccad-453a-a0bd-2af02cb0a30b,1759834387445983231,940.972,399.459,1,59,,8.347669016696916,13.688821054931978
d01ea4c3-1912-46a0-9798-db3d3f9d2881,74b23a8e-ccad-453a-a0bd-2af02cb0a30b,1759834387450983231,939.899,399.76,1,59,,8.276782996719279,13.670462003053888
d01ea4c3-1912-46a0-9798-db3d3f9d2881,74b23a8e-ccad-453a-a0bd-2af02cb0a30b,1759834387455983231,942.892,408.222,1,59,,8.461517184202805,13.12501025979805
d01ea4c3-1912-46a0-9798-db3d3f9d2881,74b23a8e-ccad-453a-a0bd-2af02cb0a30b,1759834387460983231,942.533,406.312,1,59,,8.440533607126877,13.247860331808049
d01ea4c3-1912-46a0-9798-db3d3f9d2881,74b23a8e-ccad-453a-a0bd-2af02cb0a30b,1759834387465983231,940.383,404.87,1,59,,8.301511040635225,13.342186671941274
d01ea4c3-1912-46a0-9798-db3d3f9d2881,74b23a8e-ccad-453a-a0bd-2af02cb0a30b,1759834387470983231,939.669,403.721,1,59,,8.256202629356574,13.41653457610223
d01ea4c3-1912-46a0-9798-db3d3f9d2881,74b23a8e-ccad-453a-a0bd-2af02cb0a30b,1759834387475983231,938.958,404.814,1,59,,8.208065266335954,13.347030246754972
d01ea4c3-1912-46a0-9798-db3d3f9d2881,74b23a8e-ccad-453a-a0bd-2af02cb0a30b,1759834387480988231,939.845,402.13,1,59,,8.269910292613316,13.51846375807834
d01ea4c3-1912-46a0-9798-db3d3f9d2881,74b23a8e-ccad-453a-a0bd-2af02cb0a30b,1759834387485989231,940.099,402.402,1,59,,8.286253892248713,13.50079719393358
d01ea4c3-1912-46a0-9798-db3d3f9d2881,74b23a8e-ccad-453a-a0bd-2af02cb0a30b,1759834387490984231,938.104,403.719,1,59,,8.153478695839846,13.41794758654524
d01ea4c3-1912-46a0-9798-db3d3f9d2881,74b23a8e-ccad-453a-a0bd-2af02cb0a30b,1759834387495984231,937.735,403.967,1,59,,8.128989064382099,13.402371869912052
d01ea4c3-1912-46a0-9798-db3d3f9d2881,74b23a8e-ccad-453a-a0bd-2af02cb0a30b,1759834387500988231,938.466,402.942,1,59,,8.17834258843887,13.467548197822335
d01ea4c3-1912-46a0-9798-db3d3f9d2881,74b23a8e-ccad-453a-a0bd-2af02cb0a30b,1759834387505987231,938.52,404.52,1,59,,8.179713601189716,13.36624931854274
d01ea4c3-1912-46a0-9798-db3d3f9d2881,74b23a8e-ccad-453a-a0bd-2af02cb0a30b,1759834387510984231,938.156,406.73,1,59,,8.152904787071037,13.224713278884165
d01ea4c3-1912-46a0-9798-db3d3f9d2881,74b23a8e-ccad-453a-a0bd-2af02cb0a30b,1759834387515984231,935.342,405.478,1,59,,7.969921088645806,13.307372684558292
d01ea4c3-1912-46a0-9798-db3d3f9d2881,74b23a8e-ccad-453a-a0bd-2af02cb0a30b,1759834387520984231,936.192,411.83,1,59,,8.017526159466941,12.898991649716374
d01ea4c3-1912-46a0-9798-db3d3f9d2881,74b23a8e-ccad-453a-a0bd-2af02cb0a30b,1759834387525984231,937.045,410.868,1,59,,8.074645401608846,12.9600811078429
d01ea4c3-1912-46a0-9798-db3d3f9d2881,74b23a8e-ccad-453a-a0bd-2af02cb0a30b,1759834387530984231,936.653,407.081,1,59,,8.05385836923223,13.203426605805342
d01ea4c3-1912-46a0-9798-db3d3f9d2881,74b23a8e-ccad-453a-a0bd-2af02cb0a30b,1759834387535986231,937.202,406.38,1,59,,8.090817565492424,13.247974437288045
d01ea4c3-1912-46a0-9798-db3d3f9d2881,74b23a8e-ccad-453a-a0bd-2af02cb0a30b,1759834387540984231,938.753,405.067,1,59,,8.19431317243603,13.330944291251436
d01ea4c3-1912-46a0-9798-db3d3f9d2881,74b23a8e-ccad-453a-a0bd-2af02cb0a30b,1759834387545984231,941.175,405.643,1,59,,8.352386929906414,13.2919172803813
d01ea4c3-1912-46a0-9798-db3d3f9d2881,74b23a8e-ccad-453a-a0bd-2af02cb0a30b,1759834387550989231,940.756,404.645,1,59,,8.326293645574603,13.35633912273502
d01ea4c3-1912-46a0-9798-db3d3f9d2881,74b23a8e-ccad-453a-a0bd-2af02cb0a30b,1759834387555984231,940.052,403.352,1,59,,8.281864630274603,13.439855992824485
d01ea4c3-1912-46a0-9798-db3d3f9d2881,74b23a8e-ccad-453a-a0bd-2af02cb0a30b,1759834387560984231,939.371,400.635,1,59,,8.24088510877255,13.614746666033767
d01ea4c3-1912-46a0-9798-db3d3f9d2881,74b23a8e-ccad-453a-a0bd-2af02cb0a30b,1759834387565984231,942.693,404.107,1,59,,8.454075459567317,13.38920813813264
d01ea4c3-1912-46a0-9798-db3d3f9d2881,74b23a8e-ccad-453a-a0bd-2af02cb0a30b,1759834387571113231,943.439,406.554,1,59,,8.49967687130822,13.231541813584618
d01ea4c3-1912-46a0-9798-db3d3f9d2881,74b23a8e-ccad-453a-a0bd-2af02cb0a30b,1759834387576109231,945.515,405.317,1,59,,8.637537413219386,13.309112185671813
d01ea4c3-1912-46a0-9798-db3d3f9d2881,74b23a8e-ccad-453a-a0bd-2af02cb0a30b,1759834387580999231,944.41,405.675,1,59,,8.564574888560667,13.287087245203663
d01ea4c3-1912-46a0-9798-db3d3f9d2881,74b23a8e-ccad-453a-a0bd-2af02cb0a30b,1759834387586109231,944.753,406.644,1,59,,8.585673422004904,13.224642235406465
d01ea4c3-1912-46a0-9798-db3d3f9d2881,74b23a8e-ccad-453a-a0bd-2af02cb0a30b,1759834387591110231,945.122,404.361,1,59,,8.613130391218412,13.370751403129557
d01ea4c3-1912-46a0-9798-db3d3f9d2881,74b23a8e-ccad-453a-a0bd-2af02cb0a30b,1759834387596110231,941.107,402.085,1,59,,8.35280982319997,13.520230573970574
d01ea4c3-1912-46a0-9798-db3d3f9d2881,74b23a8e-ccad-453a-a0bd-2af02cb0a30b,1759834387601116231,941.917,403.128,1,59,,8.404525422758072,13.452659051048126
d01ea4c3-1912-46a0-9798-db3d3f9d2881,74b23a8e-ccad-453a-a0bd-2af02cb0a30b,1759834387606110231,943.434,404.774,1,59,,8.50180642091024,13.345750498765092
d01ea4c3-1912-46a0-9798-db3d3f9d2881,74b23a8e-ccad-453a-a0bd-2af02cb0a30b,1759834387611110231,939.237,406.75,1,59,,8.223802642463426,13.222557587319447
d01ea4c3-1912-46a0-9798-db3d3f9d2881,74b23a8e-ccad-453a-a0bd-2af02cb0a30b,1759834387616110231,942.456,403.204,1,59,,8.439802649189392,13.44732891167133
d01ea4c3-1912-46a0-9798-db3d3f9d2881,74b23a8e-ccad-453a-a0bd-2af02cb0a30b,1759834387621110231,942.791,406.227,1,59,,8.457603820114022,13.253068423727537
d01ea4c3-1912-46a0-9798-db3d3f9d2881,74b23a8e-ccad-453a-a0bd-2af02cb0a30b,1759834387626110231,942.942,405.441,1,59,,8.468598625720674,13.303382173303897
d01ea4c3-1912-46a0-9798-db3d3f9d2881,74b23a8e-ccad-453a-a0bd-2af02cb0a30b,1759834387631110231,942.234,406.508,1,59,,8.42066142688119,13.235552423635163
d01ea4c3-1912-46a0-9798-db3d3f9d2881,74b23a8e-ccad-453a-a0bd-2af02cb0a30b,1759834387636110231,942.164,406.427,1,59,,8.416176599828496,13.240806193709886
d01ea4c3-1912-46a0-9798-db3d3f9d2881,74b23a8e-ccad-453a-a0bd-2af02cb0a30b,1759834387641110231,943.178,402.57,1,59,,8.488108410661624,13.48732764578293
d01ea4c3-1912-46a0-9798-db3d3f9d2881,74b23a8e-ccad-453a-a0bd-2af02cb0a30b,1759834387646110231,942.717,402.809,1,59,,8.457491053908491,13.472414086079313
d01ea4c3-1912-46a0-9798-db3d3f9d2881,74b23a8e-ccad-453a-a0bd-2af02cb0a30b,1759834387651124231,938.035,410.843,1,59,,8.139574748952587,12.960841834699885
d01ea4c3-1912-46a0-9798-db3d3f9d2881,74b23a8e-ccad-453a-a0bd-2af02cb0a30b,1759834387656110231,936.828,411.076,1,59,,8.060171036686002,12.946870425117709
d01ea4c3-1912-46a0-9798-db3d3f9d2881,74b23a8e-ccad-453a-a0bd-2af02cb0a30b,1759834387661110231,938.07,408.568,1,59,,8.144864871588734,13.106849510871081
d01ea4c3-1912-46a0-9798-db3d3f9d2881,74b23a8e-ccad-453a-a0bd-2af02cb0a30b,1759834387666110231,937.512,404.602,1,59,,8.113482688728578,13.361818946355735
d01ea4c3-1912-46a0-9798-db3d3f9d2881,74b23a8e-ccad-453a-a0bd-2af02cb0a30b,1759834387671110231,936.391,409.147,1,59,,8.033968246511014,13.071023036326363
d01ea4c3-1912-46a0-9798-db3d3f9d2881,74b23a8e-ccad-453a-a0bd-2af02cb0a30b,1759834387676111231,936.951,407.115,1,59,,8.073354853291296,13.201012858493792
d01ea4c3-1912-46a0-9798-db3d3f9d2881,74b23a8e-ccad-453a-a0bd-2af02cb0a30b,1759834387681110231,936.713,407.369,1,59,,8.057413977029904,13.18490954841259
d01ea4c3-1912-46a0-9798-db3d3f9d2881,74b23a8e-ccad-453a-a0bd-2af02cb0a30b,1759834387686110231,936.782,405.975,1,59,,8.06379181751653,13.274327417117036
d01ea4c3-1912-46a0-9798-db3d3f9d2881,74b23a8e-ccad-453a-a0bd-2af02cb0a30b,1759834387691111231,936.869,407.953,1,59,,8.066856792136424,13.147289658882233
d01ea4c3-1912-46a0-9798-db3d3f9d2881,74b23a8e-ccad-453a-a0bd-2af02cb0a30b,1759834387696111231,936.175,407.607,1,59,,8.02184839494239,13.170045317483904
d01ea4c3-1912-46a0-9798-db3d3f9d2881,74b23a8e-ccad-453a-a0bd-2af02cb0a30b,1759834387701111231,937.705,413.538,1,59,,8.114505215947176,12.788143590480146
d01ea4c3-1912-46a0-9798-db3d3f9d2881,74b23a8e-ccad-453a-a0bd-2af02cb0a30b,1759834387706236231,943.032,411.945,1,59,,8.465637615872426,12.886055724792318
d01ea4c3-1912-46a0-9798-db3d3f9d2881,74b23a8e-ccad-453a-a0bd-2af02cb0a30b,1759834387711236231,937.128,407.943,1,59,,8.083915012038606,13.147747528474115
d01ea4c3-1912-46a0-9798-db3d3f9d2881,74b23a8e-ccad-453a-a0bd-2af02cb0a30b,1759834387716236231,934.377,405.377,1,59,,7.906777771544522,13.314664145772639
d01ea4c3-1912-46a0-9798-db3d3f9d2881,74b23a8e-ccad-453a-a0bd-2af02cb0a30b,1759834387721236231,936.237,405.267,1,59,,8.028917977686481,13.32019350194304
d01ea4c3-1912-46a0-9798-db3d3f9d2881,74b23a8e-ccad-453a-a0bd-2af02cb0a30b,1759834387726236231,935.692,405.947,1,59,,7.992320081292255,13.276975186098948
d01ea4c3-1912-46a0-9798-db3d3f9d2881,74b23a8e-ccad-453a-a0bd-2af02cb0a30b,1759834387731236231,937.565,407.526,1,59,,8.113059283954337,13.17409228382119
d01ea4c3-1912-46a0-9798-db3d3f9d2881,74b23a8e-ccad-453a-a0bd-2af02cb0a30b,1759834387736236231,938.048,408.381,1,59,,8.143620789210285,13.11885045594837
d01ea4c3-1912-46a0-9798-db3d3f9d2881,74b23a8e-ccad-453a-a0bd-2af02cb0a30b,1759834387741236231,935.137,411.284,1,59,,7.949044637561358,12.934879347300964
d01ea4c3-1912-46a0-9798-db3d3f9d2881,74b23a8e-ccad-453a-a0bd-2af02cb0a30b,1759834387746236231,936.476,414.403,1,59,,8.032864949708754,12.733617068812356
d01ea4c3-1912-46a0-9798-db3d3f9d2881,74b23a8e-ccad-453a-a0bd-2af02cb0a30b,1759834387751236231,937.704,417.511,1,,,8.109433530264546,12.533115004822928
d01ea4c3-1912-46a0-9798-db3d3f9d2881,74b23a8e-ccad-453a-a0bd-2af02cb0a30b,1759834387756236231,934.554,418.17,1,,,7.902394472632022,12.493201518334638
d01ea4c3-1912-46a0-9798-db3d3f9d2881,74b23a8e-ccad-453a-a0bd-2af02cb0a30b,1759834387761236231,937.758,420.396,1,,,8.109414284224636,12.34785344583044
d01ea4c3-1912-46a0-9798-db3d3f9d2881,74b23a8e-ccad-453a-a0bd-2af02cb0a30b,1759834387766236231,922.687,409.481,1,,,7.134846566552743,13.060044141302285
d01ea4c3-1912-46a0-9798-db3d3f9d2881,74b23a8e-ccad-453a-a0bd-2af02cb0a30b,1759834387771236231,892.74,389.823,1,,,5.1867499845458065,14.342816888144426
d01ea4c3-1912-46a0-9798-db3d3f9d2881,74b23a8e-ccad-453a-a0bd-2af02cb0a30b,1759834387776236231,872.615,395.983,1,,,3.8569012082176073,13.956757140599878
d01ea4c3-1912-46a0-9798-db3d3f9d2881,74b23a8e-ccad-453a-a0bd-2af02cb0a30b,1759834387781236231,852.169,381.508,1,,,2.517222535833967,14.895608613536048
d01ea4c3-1912-46a0-9798-db3d3f9d2881,74b23a8e-ccad-453a-a0bd-2af02cb0a30b,1759834387786236231,839.278,386.864,1,,,1.6646775527400548,14.554135937957739
d01ea4c3-1912-46a0-9798-db3d3f9d2881,74b23a8e-ccad-453a-a0bd-2af02cb0a30b,1759834387791241231,835.587,398.459,1,,,1.4185611738078585,13.808334657969079
d01ea4c3-1912-46a0-9798-db3d3f9d2881,74b23a8e-ccad-453a-a0bd-2af02cb0a30b,1759834387796237231,816.555,397.601,1,60,,0.16567774271808614,13.865576590043073
d01ea4c3-1912-46a0-9798-db3d3f9d2881,74b23a8e-ccad-453a-a0bd-2af02cb0a30b,1759834387801241231,818.356,395.693,1,60,,0.28435116716305736,13.988360375725895
d01ea4c3-1912-46a0-9798-db3d3f9d2881,74b23a8e-ccad-453a-a0bd-2af02cb0a30b,1759834387806244231,821.589,392.175,1,60,,0.49752483419847754,14.214682828273393
d01ea4c3-1912-46a0-9798-db3d3f9d2881,74b23a8e-ccad-453a-a0bd-2af02cb0a30b,1759834387811237231,823.092,396.27,1,60,,0.5962011678680267,13.950884532990898
d01ea4c3-1912-46a0-9798-db3d3f9d2881,74b23a8e-ccad-453a-a0bd-2af02cb0a30b,1759834387816237231,820.869,393.486,1,60,,0.44996836060552475,14.130320735459714
d01ea4c3-1912-46a0-9798-db3d3f9d2881,74b23a8e-ccad-453a-a0bd-2af02cb0a30b,1759834387821237231,824.861,398.585,1,60,,0.7124904738243475,13.801622701189062
d01ea4c3-1912-46a0-9798-db3d3f9d2881,74b23a8e-ccad-453a-a0bd-2af02cb0a30b,1759834387826237231,828.329,399.68,1,60,,0.9406326356176682,13.730774569779507
d01ea4c3-1912-46a0-9798-db3d3f9d2881,74b23a8e-ccad-453a-a0bd-2af02cb0a30b,1759834387831243231,827.499,402.831,1,60,,0.8855704891920042,13.527904387416209
d01ea4c3-1912-46a0-9798-db3d3f9d2881,74b23a8e-ccad-453a-a0bd-2af02cb0a30b,1759834387836237231,828.988,401.041,1,60,,0.9837926971708274,13.643040824475676
d01ea4c3-1912-46a0-9798-db3d3f9d2881,74b23a8e-ccad-453a-a0bd-2af02cb0a30b,1759834387841362231,827.496,401.058,1,60,,0.8856298656335296,13.642104339892473
d01ea4c3-1912-46a0-9798-db3d3f9d2881,74b23a8e-ccad-453a-a0bd-2af02cb0a30b,1759834387846362231,825.197,399.872,1,60,,0.7344581417233278,13.71870894502486
d01ea4c3-1912-46a0-9798-db3d3f9d2881,74b23a8e-ccad-453a-a0bd-2af02cb0a30b,1759834387851362231,821.904,397.71,1,60,,0.51785494993668,13.858251601882603
d01ea4c3-1912-46a0-9798-db3d3f9d2881,74b23a8e-ccad-453a-a0bd-2af02cb0a30b,1759834387856362231,824.902,400.064,1,60,,0.7150448349211397,13.706346736067696
d01ea4c3-1912-46a0-9798-db3d3f9d2881,74b23a8e-ccad-453a-a0bd-2af02cb0a30b,1759834387861362231,824.275,398.718,1,60,,0.6739025137755243,13.7931374198361
d01ea4c3-1912-46a0-9798-db3d3f9d2881,74b23a8e-ccad-453a-a0bd-2af02cb0a30b,1759834387866362231,823.763,398.496,1,60,,0.6402169837348509,13.807455352890806
d01ea4c3-1912-46a0-9798-db3d3f9d2881,74b23a8e-ccad-453a-a0bd-2af02cb0a30b,1759834387871362231,823.824,399.678,1,60,,0.6441296036134044,13.731335065394656
d01ea4c3-1912-46a0-9798-db3d3f9d2881,74b23a8e-ccad-453a-a0bd-2af02cb0a30b,1759834387876362231,825.81,396.983,1,60,,0.7751035178201057,13.904711746871834
d01ea4c3-1912-46a0-9798-db3d3f9d2881,74b23a8e-ccad-453a-a0bd-2af02cb0a30b,1759834387881374231,828.593,400.887,1,60,,0.95779848519443,13.652977338054878
d01ea4c3-1912-46a0-9798-db3d3f9d2881,74b23a8e-ccad-453a-a0bd-2af02cb0a30b,1759834387886363231,826.882,400.981,1,60,,0.8452093864199494,13.647144213267815
d01ea4c3-1912-46a0-9798-db3d3f9d2881,74b23a8e-ccad-453a-a0bd-2af02cb0a30b,1759834387891363231,827.243,399.126,1,60,,0.8692126076586717,13.766577826351385
d01ea4c3-1912-46a0-9798-db3d3f9d2881,74b23a8e-ccad-453a-a0bd-2af02cb0a30b,1759834387896365231,826.501,398.253,1,60,,0.8204771088207096,13.822820135654155
d01ea4c3-1912-46a0-9798-db3d3f9d2881,74b23a8e-ccad-453a-a0bd-2af02cb0a30b,1759834387901363231,826.352,398.56,1,60,,0.8105967342967365,13.803078928415873
d01ea4c3-1912-46a0-9798-db3d3f9d2881,74b23a8e-ccad-453a-a0bd-2af02cb0a30b,1759834387906362231,823.841,395.92,1,60,,0.6455560786740562,13.973341889227735
d01ea4c3-1912-46a0-9798-db3d3f9d2881,74b23a8e-ccad-453a-a0bd-2af02cb0a30b,1759834387911363231,826.69,402.342,1,60,,0.8324356155688497,13.559494367758917
d01ea4c3-1912-46a0-9798-db3d3f9d2881,74b23a8e-ccad-453a-a0bd-2af02cb0a30b,1759834387916363231,817.483,400.035,1,60,,0.22673953902435673,13.708729965858302
d01ea4c3-1912-46a0-9798-db3d3f9d2881,74b23a8e-ccad-453a-a0bd-2af02cb0a30b,1759834387921363231,821.814,401.479,1,60,,0.5116778092813211,13.61550518896172
d01ea4c3-1912-46a0-9798-db3d3f9d2881,74b23a8e-ccad-453a-a0bd-2af02cb0a30b,1759834387926363231,818.546,393.753,1,60,,0.296908093449678,14.113285710498042
d01ea4c3-1912-46a0-9798-db3d3f9d2881,74b23a8e-ccad-453a-a0bd-2af02cb0a30b,1759834387931363231,819.186,396.669,1,60,,0.33892662856984807,13.925438844164365
d01ea4c3-1912-46a0-9798-db3d3f9d2881,74b23a8e-ccad-453a-a0bd-2af02cb0a30b,1759834387936363231,821.769,395.897,1,60,,0.5090868652280888,13.974982603814656
d01ea4c3-1912-46a0-9798-db3d3f9d2881,74b23a8e-ccad-453a-a0bd-2af02cb0a30b,1759834387941363231,823.216,397.853,1,60,,0.6042692970573679,13.848914918297213
d01ea4c3-1912-46a0-9798-db3d3f9d2881,74b23a8e-ccad-453a-a0bd-2af02cb0a30b,1759834387946363231,822.186,401.998,1,60,,0.5361068194317359,13.582072197001986
d01ea4c3-1912-46a0-9798-db3d3f9d2881,74b23a8e-ccad-453a-a0bd-2af02cb0a30b,1759834387951363231,821.489,399.716,1,60,,0.49041065377835813,13.729046721086457
d01ea4c3-1912-46a0-9798-db3d3f9d2881,74b23a8e-ccad-453a-a0bd-2af02cb0a30b,1759834387956363231,821.339,400.361,1,60,,0.48053346866846347,13.687549684409037
d01ea4c3-1912-46a0-9798-db3d3f9d2881,74b23a8e-ccad-453a-a0bd-2af02cb0a30b,1759834387961363231,821.75,400.569,1,60,,0.5075162054255575,13.674089464401542
d01ea4c3-1912-46a0-9798-db3d3f9d2881,74b23a8e-ccad-453a-a0bd-2af02cb0a30b,1759834387966368231,822.353,402.389,1,60,,0.5470855808958244,13.556865373943772
d01ea4c3-1912-46a0-9798-db3d3f9d2881,74b23a8e-ccad-453a-a0bd-2af02cb0a30b,1759834387971363231,822.709,402.598,1,60,,0.5704992162327237,13.543353998831149
d01ea4c3-1912-46a0-9798-db3d3f9d2881,74b23a8e-ccad-453a-a0bd-2af02cb0a30b,1759834387976489231,823.273,402.712,1,60,,0.6075779402053465,13.535954791576568
d01ea4c3-1912-46a0-9798-db3d3f9d2881,74b23a8e-ccad-453a-a0bd-2af02cb0a30b,1759834387981488231,826.11,401.535,1,60,,0.7943299348290463,13.611493359568493
d01ea4c3-1912-46a0-9798-db3d3f9d2881,74b23a8e-ccad-453a-a0bd-2af02cb0a30b,1759834387986488231,825.097,402.468,1,60,,0.7275885700661432,13.551529811975724
d01ea4c3-1912-46a0-9798-db3d3f9d2881,74b23a8e-ccad-453a-a0bd-2af02cb0a30b,1759834387991488231,827.123,402.177,1,60,,0.8609440409417688,13.57003085786459
d01ea4c3-1912-46a0-9798-db3d3f9d2881,74b23a8e-ccad-453a-a0bd-2af02cb0a30b,1759834387996489231,827.187,400.988,1,60,,0.8652650758830238,13.646635408862206
d01ea4c3-1912-46a0-9798-db3d3f9d2881,74b23a8e-ccad-453a-a0bd-2af02cb0a30b,1759834388001489231,828.401,400.576,1,60,,0.9452070896060178,13.67303976123127
d01ea4c3-1912-46a0-9798-db3d3f9d2881,74b23a8e-ccad-453a-a0bd-2af02cb0a30b,1759834388006488231,827.926,401.48,1,60,,0.913846528097084,13.614862900995616
d01ea4c3-1912-46a0-9798-db3d3f9d2881,74b23a8e-ccad-453a-a0bd-2af02cb0a30b,1759834388011489231,829.038,403.636,1,60,,0.9867085390110448,13.475891779711937
d01ea4c3-1912-46a0-9798-db3d3f9d2881,74b23a8e-ccad-453a-a0bd-2af02cb0a30b,1759834388016488231,824.021,398.703,1,60,,0.6571898555074318,13.794081765272
d01ea4c3-1912-46a0-9798-db3d3f9d2881,74b23a8e-ccad-453a-a0bd-2af02cb0a30b,1759834388021489231,826.626,395.571,1,60,,0.8290496208845699,13.99556996776454
d01ea4c3-1912-46a0-9798-db3d3f9d2881,74b23a8e-ccad-453a-a0bd-2af02cb0a30b,1759834388026489231,824.931,394.871,1,60,,0.7174367348588465,14.040806110710896
d01ea4c3-1912-46a0-9798-db3d3f9d2881,74b23a8e-ccad-453a-a0bd-2af02cb0a30b,1759834388031489231,826.065,395.388,1,60,,0.7920757641543814,14.007382801239952
d01ea4c3-1912-46a0-9798-db3d3f9d2881,74b23a8e-ccad-453a-a0bd-2af02cb0a30b,1759834388036489231,825.654,395.121,1,60,,0.7650467072646207,14.024604686808232
d01ea4c3-1912-46a0-9798-db3d3f9d2881,74b23a8e-ccad-453a-a0bd-2af02cb0a30b,1759834388041489231,827.477,397.011,1,60,,0.8848682145857732,13.9027264254433
d01ea4c3-1912-46a0-9798-db3d3f9d2881,74b23a8e-ccad-453a-a0bd-2af02cb0a30b,1759834388046489231,826.767,399.814,1,60,,0.8377967085679527,13.722266344834825
d01ea4c3-1912-46a0-9798-db3d3f9d2881,74b23a8e-ccad-453a-a0bd-2af02cb0a30b,1759834388051489231,828.078,402.487,1,60,,0.9237017706871608,13.550007416503227
d01ea4c3-1912-46a0-9798-db3d3f9d2881,74b23a8e-ccad-453a-a0bd-2af02cb0a30b,1759834388056489231,826.264,405.949,1,60,,0.8039955999338662,13.327199903458787
d01ea4c3-1912-46a0-9798-db3d3f9d2881,74b23a8e-ccad-453a-a0bd-2af02cb0a30b,1759834388061489231,827.309,404.007,1,60,,0.8729325999809928,13.452161110205493
d01ea4c3-1912-46a0-9798-db3d3f9d2881,74b23a8e-ccad-453a-a0bd-2af02cb0a30b,1759834388066492231,829.007,402.105,1,60,,0.9849027021085112,13.574460404162636
d01ea4c3-1912-46a0-9798-db3d3f9d2881,74b23a8e-ccad-453a-a0bd-2af02cb0a30b,1759834388071489231,827.082,400.486,1,60,,0.858448115446291,13.679000774000288
d01ea4c3-1912-46a0-9798-db3d3f9d2881,74b23a8e-ccad-453a-a0bd-2af02cb0a30b,1759834388076489231,829.874,403.875,1,60,,1.0416431794318899,13.460366064274556
d01ea4c3-1912-46a0-9798-db3d3f9d2881,74b23a8e-ccad-453a-a0bd-2af02cb0a30b,1759834388081499231,829.411,402.491,1,60,,1.0113982474102288,13.549568419500819
d01ea4c3-1912-46a0-9798-db3d3f9d2881,74b23a8e-ccad-453a-a0bd-2af02cb0a30b,1759834388086489231,831.407,402.323,1,60,,1.142738032046396,13.56016046870971
d01ea4c3-1912-46a0-9798-db3d3f9d2881,74b23a8e-ccad-453a-a0bd-2af02cb0a30b,1759834388091489231,833.667,399.664,1,60,,1.2919339036996078,13.731032780388677
d01ea4c3-1912-46a0-9798-db3d3f9d2881,74b23a8e-ccad-453a-a0bd-2af02cb0a30b,1759834388096489231,838.544,396.783,1,60,,1.6136327434774034,13.915724460332111
d01ea4c3-1912-46a0-9798-db3d3f9d2881,74b23a8e-ccad-453a-a0bd-2af02cb0a30b,1759834388101490231,840.38,398.096,1,60,,1.7341422808520475,13.830799211515686
d01ea4c3-1912-46a0-9798-db3d3f9d2881,74b23a8e-ccad-453a-a0bd-2af02cb0a30b,1759834388106490231,839.163,398.535,1,60,,1.6538747485571437,13.802831810860692
d01ea4c3-1912-46a0-9798-db3d3f9d2881,74b23a8e-ccad-453a-a0bd-2af02cb0a30b,1759834388111490231,840.956,396.843,1,60,,1.772433474089009,13.911365256490466
d01ea4c3-1912-46a0-9798-db3d3f9d2881,74b23a8e-ccad-453a-a0bd-2af02cb0a30b,1759834388116619231,839.762,402.689,1,60,,1.692233341158518,13.535163686174235
d01ea4c3-1912-46a0-9798-db3d3f9d2881,74b23a8e-ccad-453a-a0bd-2af02cb0a30b,1759834388121615231,836.913,398.507,1,60,,1.5057908323214304,13.805006373511649
d01ea4c3-1912-46a0-9798-db3d3f9d2881,74b23a8e-ccad-453a-a0bd-2af02cb0a30b,1759834388126615231,836.468,400.05,1,60,,1.4761864380851286,13.705748894646948
d01ea4c3-1912-46a0-9798-db3d3f9d2881,74b23a8e-ccad-453a-a0bd-2af02cb0a30b,1759834388131615231,836.674,397.968,1,60,,1.4902172323301197,13.839772573219278
d01ea4c3-1912-46a0-9798-db3d3f9d2881,74b23a8e-ccad-453a-a0bd-2af02cb0a30b,1759834388136615231,837.443,398.322,1,60,,1.5407520447479004,13.816869821695823
d01ea4c3-1912-46a0-9798-db3d3f9d2881,74b23a8e-ccad-453a-a0bd-2af02cb0a30b,1759834388141615231,840.519,399.643,1,60,,1.7428409443163813,13.731208591455418
d01ea4c3-1912-46a0-9798-db3d3f9d2881,74b23a8e-ccad-453a-a0bd-2af02cb0a30b,1759834388146615231,835.94,405.592,1,60,,1.4401651645669784,13.348883885733102
d01ea4c3-1912-46a0-9798-db3d3f9d2881,74b23a8e-ccad-453a-a0bd-2af02cb0a30b,1759834388151618231,841.726,393.882,1,60,,1.8239727978268954,14.101879442457637
d01ea4c3-1912-46a0-9798-db3d3f9d2881,74b23a8e-ccad-453a-a0bd-2af02cb0a30b,1759834388156621231,839.423,399.0,1,60,,1.6709054607804055,13.772831577358414
d01ea4c3-1912-46a0-9798-db3d3f9d2881,74b23a8e-ccad-453a-a0bd-2af02cb0a30b,1759834388161615231,839.939,399.826,1,60,,1.7046621085549727,13.719497135479093
d01ea4c3-1912-46a0-9798-db3d3f9d2881,74b23a8e-ccad-453a-a0bd-2af02cb0a30b,1759834388166615231,838.513,401.162,1,60,,1.610470949139782,13.63374681984192
d01ea4c3-1912-46a0-9798-db3d3f9d2881,74b23a8e-ccad-453a-a0bd-2af02cb0a30b,1759834388171626231,834.912,401.067,1,60,,1.3735740674647057,13.640479653844555
d01ea4c3-1912-46a0-9798-db3d3f9d2881,74b23a8e-ccad-453a-a0bd-2af02cb0a30b,1759834388176618231,835.819,402.706,1,60,,1.4328384177229714,13.534827938823817
d01ea4c3-1912-46a0-9798-db3d3f9d2881,74b23a8e-ccad-453a-a0bd-2af02cb0a30b,1759834388181625231,836.8,404.514,1,60,,1.4969783649651567,13.41821430661265
d01ea4c3-1912-46a0-9798-db3d3f9d2881,74b23a8e-ccad-453a-a0bd-2af02cb0a30b,1759834388186615231,836.232,403.753,1,60,,1.4597789328335447,13.467300273659072
d01ea4c3-1912-46a0-9798-db3d3f9d2881,74b23a8e-ccad-453a-a0bd-2af02cb0a30b,1759834388191615231,836.634,402.633,1,60,,1.486466575377855,13.539334766507213
d01ea4c3-1912-46a0-9798-db3d3f9d2881,74b23a8e-ccad-453a-a0bd-2af02cb0a30b,1759834388196615231,845.772,396.804,1,60,,2.0894839808598595,13.912822877117772
d01ea4c3-1912-46a0-9798-db3d3f9d2881,74b23a8e-ccad-453a-a0bd-2af02cb0a30b,1759834388201622231,844.942,396.966,1,60,,2.034757182027324,13.902582337507518
d01ea4c3-1912-46a0-9798-db3d3f9d2881,74b23a8e-ccad-453a-a0bd-2af02cb0a30b,1759834388206615231,839.166,400.71,1,60,,1.653511023983216,13.662734705068694
d01ea4c3-1912-46a0-9798-db3d3f9d2881,74b23a8e-ccad-453a-a0bd-2af02cb0a30b,1759834388211615231,839.872,398.906,1,60,,1.7004559736197213,13.778745336755204
d01ea4c3-1912-46a0-9798-db3d3f9d2881,74b23a8e-ccad-453a-a0bd-2af02cb0a30b,1759834388216619231,844.748,400.615,1,60,,2.0208276115849433,13.667690657537662
d01ea4c3-1912-46a0-9798-db3d3f9d2881,74b23a8e-ccad-453a-a0bd-2af02cb0a30b,1759834388221616231,837.815,397.621,1,60,,1.5654133099047713,13.861926535208333
d01ea4c3-1912-46a0-9798-db3d3f9d2881,74b23a8e-ccad-453a-a0bd-2af02cb0a30b,1759834388226628231,838.929,398.074,1,60,,1.6386281662869757,13.832510085554954
d01ea4c3-1912-46a0-9798-db3d3f9d2881,74b23a8e-ccad-453a-a0bd-2af02cb0a30b,1759834388231616231,842.302,398.79,1,60,,1.860421107958175,13.785744745858517
d01ea4c3-1912-46a0-9798-db3d3f9d2881,74b23a8e-ccad-453a-a0bd-2af02cb0a30b,1759834388236616231,844.376,397.113,1,60,,1.9974648862918287,13.893265924579877
d01ea4c3-1912-46a0-9798-db3d3f9d2881,74b23a8e-ccad-453a-a0bd-2af02cb0a30b,1759834388241616231,845.347,399.842,1,60,,2.0605203789984397,13.71729682779534
d01ea4c3-1912-46a0-9798-db3d3f9d2881,74b23a8e-ccad-453a-a0bd-2af02cb0a30b,1759834388246616231,845.045,400.971,1,60,,2.040284133984152,13.644701922148796
d01ea4c3-1912-46a0-9798-db3d3f9d2881,74b23a8e-ccad-453a-a0bd-2af02cb0a30b,1759834388251741231,846.769,396.47,1,60,,2.155268238760649,13.934111687487945
d01ea4c3-1912-46a0-9798-db3d3f9d2881,74b23a8e-ccad-453a-a0bd-2af02cb0a30b,1759834388256629231,843.862,398.122,1,,,1.963351954398978,13.828437532421262
d01ea4c3-1912-46a0-9798-db3d3f9d2881,74b23a8e-ccad-453a-a0bd-2af02cb0a30b,1759834388261741231,845.328,400.205,1,,,2.059119654266867,13.693937108578332
d01ea4c3-1912-46a0-9798-db3d3f9d2881,74b23a8e-ccad-453a-a0bd-2af02cb0a30b,1759834388266743231,837.054,395.002,1,,,1.5159611656784935,14.03070624403569
d01ea4c3-1912-46a0-9798-db3d3f9d2881,74b23a8e-ccad-453a-a0bd-2af02cb0a30b,1759834388271741231,834.224,394.143,1,,,1.32974396122746,14.086476747163246
d01ea4c3-1912-46a0-9798-db3d3f9d2881,74b23a8e-ccad-453a-a0bd-2af02cb0a30b,1759834388276742231,820.941,398.528,1,,,0.45441181556889615,13.805629288067646
d01ea4c3-1912-46a0-9798-db3d3f9d2881,74b23a8e-ccad-453a-a0bd-2af02cb0a30b,1759834388281741231,811.068,391.351,1,,,-0.19594598417153783,14.268155132186243
d01ea4c3-1912-46a0-9798-db3d3f9d2881,74b23a8e-ccad-453a-a0bd-2af02cb0a30b,1759834388286741231,808.838,400.603,1,,,-0.34216373039176995,13.672261659477376
d01ea4c3-1912-46a0-9798-db3d3f9d2881,74b23a8e-ccad-453a-a0bd-2af02cb0a30b,1759834388291741231,806.68,401.433,1,61,,-0.4841126076713151,13.618778421337208
d01ea4c3-1912-46a0-9798-db3d3f9d2881,74b23a8e-ccad-453a-a0bd-2af02cb0a30b,1759834388296741231,804.593,405.808,1,61,,-0.6209354543771277,13.336884223715717
d01ea4c3-1912-46a0-9798-db3d3f9d2881,74b23a8e-ccad-453a-a0bd-2af02cb0a30b,1759834388301742231,805.043,404.608,1,61,,-0.5914755048043384,13.414192376337075
d01ea4c3-1912-46a0-9798-db3d3f9d2881,74b23a8e-ccad-453a-a0bd-2af02cb0a30b,1759834388306741231,805.682,402.93,1,61,,-0.5496325278993053,13.522298557676462
d01ea4c3-1912-46a0-9798-db3d3f9d2881,74b23a8e-ccad-453a-a0bd-2af02cb0a30b,1759834388311741231,807.314,401.063,1,61,,-0.44243527893021356,13.64264156414543
d01ea4c3-1912-46a0-9798-db3d3f9d2881,74b23a8e-ccad-453a-a0bd-2af02cb0a30b,1759834388316741231,806.388,401.944,1,61,,-0.5033163927924875,13.585886151681555
d01ea4c3-1912-46a0-9798-db3d3f9d2881,74b23a8e-ccad-453a-a0bd-2af02cb0a30b,1759834388321741231,804.076,403.104,1,61,,-0.6552714643577269,13.511049547812936
d01ea4c3-1912-46a0-9798-db3d3f9d2881,74b23a8e-ccad-453a-a0bd-2af02cb0a30b,1759834388326742231,804.506,405.495,1,61,,-0.6266572473206055,13.357060565934503
d01ea4c3-1912-46a0-9798-db3d3f9d2881,74b23a8e-ccad-453a-a0bd-2af02cb0a30b,1759834388331747231,804.433,404.353,1,61,,-0.6315968528336136,13.43062573944728
d01ea4c3-1912-46a0-9798-db3d3f9d2881,74b23a8e-ccad-453a-a0bd-2af02cb0a30b,1759834388336742231,806.256,405.322,1,61,,-0.5115952132676316,13.368246722695284
d01ea4c3-1912-46a0-9798-db3d3f9d2881,74b23a8e-ccad-453a-a0bd-2af02cb0a30b,1759834388341742231,808.51,407.529,1,61,,-0.36320250362206097,13.226147562342904
d01ea4c3-1912-46a0-9798-db3d3f9d2881,74b23a8e-ccad-453a-a0bd-2af02cb0a30b,1759834388346742231,805.919,399.636,1,61,,-0.5343805330567369,13.734505245499204
d01ea4c3-1912-46a0-9798-db3d3f9d2881,74b23a8e-ccad-453a-a0bd-2af02cb0a30b,1759834388351742231,806.779,399.801,1,61,,-0.47774913400848656,13.723917490278755
d01ea4c3-1912-46a0-9798-db3d3f9d2881,74b23a8e-ccad-453a-a0bd-2af02cb0a30b,1759834388356753231,807.466,399.242,1,61,,-0.43262300376082924,13.759950390330014
d01ea4c3-1912-46a0-9798-db3d3f9d2881,74b23a8e-ccad-453a-a0bd-2af02cb0a30b,1759834388361742231,812.005,406.18,1,61,,-0.13352076516450428,13.313094933007733
d01ea4c3-1912-46a0-9798-db3d3f9d2881,74b23a8e-ccad-453a-a0bd-2af02cb0a30b,1759834388366742231,808.793,412.923,1,61,,-0.3442142343582815,12.878622052093474
d01ea4c3-1912-46a0-9798-db3d3f9d2881,74b23a8e-ccad-453a-a0bd-2af02cb0a30b,1759834388371742231,809.282,415.21,1,61,,-0.31193923452204303,12.7312359941934
d01ea4c3-1912-46a0-9798-db3d3f9d2881,74b23a8e-ccad-453a-a0bd-2af02cb0a30b,1759834388376742231,809.369,408.319,1,61,,-0.306667762772972,13.175246469634267
d01ea4c3-1912-46a0-9798-db3d3f9d2881,74b23a8e-ccad-453a-a0bd-2af02cb0a30b,1759834388381742231,806.6,408.382,1,61,,-0.4886778865836303,13.1711376301312
d01ea4c3-1912-46a0-9798-db3d3f9d2881,74b23a8e-ccad-453a-a0bd-2af02cb0a30b,1759834388386867231,805.834,402.003,1,61,,-0.5397541924497139,13.582028080487268
d01ea4c3-1912-46a0-9798-db3d3f9d2881,74b23a8e-ccad-453a-a0bd-2af02cb0a30b,1759834388391867231,806.353,401.903,1,61,,-0.5055897090609729,13.588481326867111
d01ea4c3-1912-46a0-9798-db3d3f9d2881,74b23a8e-ccad-453a-a0bd-2af02cb0a30b,1759834388396867231,807.208,403.906,1,61,,-0.4491575923630911,13.459478818400497
d01ea4c3-1912-46a0-9798-db3d3f9d2881,74b23a8e-ccad-453a-a0bd-2af02cb0a30b,1759834388401867231,806.059,400.859,1,61,,-0.5250613231343991,13.655750067752791
d01ea4c3-1912-46a0-9798-db3d3f9d2881,74b23a8e-ccad-453a-a0bd-2af02cb0a30b,1759834388406868231,808.739,403.668,1,61,,-0.34843473685295223,13.474873331319953
d01ea4c3-1912-46a0-9798-db3d3f9d2881,74b23a8e-ccad-453a-a0bd-2af02cb0a30b,1759834388411867231,808.419,402.859,1,61,,-0.36959903434663904,13.526953549307592
d01ea4c3-1912-46a0-9798-db3d3f9d2881,74b23a8e-ccad-453a-a0bd-2af02cb0a30b,1759834388416867231,808.103,402.106,1,61,,-0.390415227668914,13.575494710902483
d01ea4c3-1912-46a0-9798-db3d3f9d2881,74b23a8e-ccad-453a-a0bd-2af02cb0a30b,1759834388421868231,808.405,400.94,1,61,,-0.3706748509642835,13.650606943547928
d01ea4c3-1912-46a0-9798-db3d3f9d2881,74b23a8e-ccad-453a-a0bd-2af02cb0a30b,1759834388426868231,802.585,397.718,1,61,,-0.7541744770916065,13.857851582707838
d01ea4c3-1912-46a0-9798-db3d3f9d2881,74b23a8e-ccad-453a-a0bd-2af02cb0a30b,1759834388431868231,809.073,398.465,1,61,,-0.3268678831543085,13.809990096588539
d01ea4c3-1912-46a0-9798-db3d3f9d2881,74b23a8e-ccad-453a-a0bd-2af02cb0a30b,1759834388436868231,808.751,398.793,1,61,,-0.3480658135457095,13.788891890871266
d01ea4c3-1912-46a0-9798-db3d3f9d2881,74b23a8e-ccad-453a-a0bd-2af02cb0a30b,1759834388441868231,808.771,397.539,1,61,,-0.3468655586639202,13.869606346630357
d01ea4c3-1912-46a0-9798-db3d3f9d2881,74b23a8e-ccad-453a-a0bd-2af02cb0a30b,1759834388446868231,804.118,398.833,1,61,,-0.6530359360505513,13.7861662638973
d01ea4c3-1912-46a0-9798-db3d3f9d2881,74b23a8e-ccad-453a-a0bd-2af02cb0a30b,1759834388451868231,804.796,398.429,1,61,,-0.6084741415173779,13.812164744437576
d01ea4c3-1912-46a0-9798-db3d3f9d2881,74b23a8e-ccad-453a-a0bd-2af02cb0a30b,1759834388456868231,804.853,398.111,1,61,,-0.6047850789994088,13.832676234584877
d01ea4c3-1912-46a0-9798-db3d3f9d2881,74b23a8e-ccad-453a-a0bd-2af02cb0a30b,1759834388461868231,802.178,397.851,1,61,,-0.7809434798850962,13.849301406681752
d01ea4c3-1912-46a0-9798-db3d3f9d2881,74b23a8e-ccad-453a-a0bd-2af02cb0a30b,1759834388466868231,803.17,397.673,1,61,,-0.7156122391404831,13.860821760567292
d01ea4c3-1912-46a0-9798-db3d3f9d2881,74b23a8e-ccad-453a-a0bd-2af02cb0a30b,1759834388471868231,804.289,398.111,1,61,,-0.6418683487604595,13.832667089492988
d01ea4c3-1912-46a0-9798-db3d3f9d2881,74b23a8e-ccad-453a-a0bd-2af02cb0a30b,1759834388476875231,801.831,398.431,1,61,,-0.8036973714755314,13.811886313089612
d01ea4c3-1912-46a0-9798-db3d3f9d2881,74b23a8e-ccad-453a-a0bd-2af02cb0a30b,1759834388481871231,802.15,403.746,1,61,,-0.7818764809208371,13.469610148704136
d01ea4c3-1912-46a0-9798-db3d3f9d2881,74b23a8e-ccad-453a-a0bd-2af02cb0a30b,1759834388486868231,803.224,412.03,1,61,,-0.7100899256112088,12.935971238149522
d01ea4c3-1912-46a0-9798-db3d3f9d2881,74b23a8e-ccad-453a-a0bd-2af02cb0a30b,1759834388491868231,801.818,411.232,1,61,,-0.8025504452384915,12.987291619035295
d01ea4c3-1912-46a0-9798-db3d3f9d2881,74b23a8e-ccad-453a-a0bd-2af02cb0a30b,1759834388496868231,798.917,410.75,1,61,,-0.9932318764116811,13.018171950389952
d01ea4c3-1912-46a0-9798-db3d3f9d2881,74b23a8e-ccad-453a-a0bd-2af02cb0a30b,1759834388501868231,799.147,411.374,1,61,,-0.9779830831739391,12.97799402195037
d01ea4c3-1912-46a0-9798-db3d3f9d2881,74b23a8e-ccad-453a-a0bd-2af02cb0a30b,1759834388506868231,798.458,411.806,1,61,,-1.0231854649659873,12.950114783761776
d01ea4c3-1912-46a0-9798-db3d3f9d2881,74b23a8e-ccad-453a-a0bd-2af02cb0a30b,1759834388511868231,797.22,409.11,1,61,,-1.1050639763404324,13.123668809943986
d01ea4c3-1912-46a0-9798-db3d3f9d2881,74b23a8e-ccad-453a-a0bd-2af02cb0a30b,1759834388516869231,797.399,408.836,1,61,,-1.0933414974588538,13.141361130343263
d01ea4c3-1912-46a0-9798-db3d3f9d2881,74b23a8e-ccad-453a-a0bd-2af02cb0a30b,1759834388521996231,795.678,406.617,1,61,,-1.206938175273822,13.28414478409062
d01ea4c3-1912-46a0-9798-db3d3f9d2881,74b23a8e-ccad-453a-a0bd-2af02cb0a30b,1759834388526993231,793.911,407.128,1,61,,-1.3230205763739509,13.251024933592243
d01ea4c3-1912-46a0-9798-db3d3f9d2881,74b23a8e-ccad-453a-a0bd-2af02cb0a30b,1759834388531994231,795.809,400.51,1,61,,-1.1996595511390484,13.677526481193906
d01ea4c3-1912-46a0-9798-db3d3f9d2881,74b23a8e-ccad-453a-a0bd-2af02cb0a30b,1759834388536993231,795.49,406.166,1,61,,-1.2193736813252711,13.313180765004445
d01ea4c3-1912-46a0-9798-db3d3f9d2881,74b23a8e-ccad-453a-a0bd-2af02cb0a30b,1759834388541995231,797.17,406.847,1,61,,-1.1087734119229395,13.269478339046058
d01ea4c3-1912-46a0-9798-db3d3f9d2881,74b23a8e-ccad-453a-a0bd-2af02cb0a30b,1759834388546994231,797.909,405.776,1,61,,-1.0604412167175874,13.338541846268635
d01ea4c3-1912-46a0-9798-db3d3f9d2881,74b23a8e-ccad-453a-a0bd-2af02cb0a30b,1759834388551994231,799.45,407.081,1,61,,-0.9588536676145953,13.254564879824331
d01ea4c3-1912-46a0-9798-db3d3f9d2881,74b23a8e-ccad-453a-a0bd-2af02cb0a30b,1759834388557000231,799.912,411.539,1,61,,-0.9277372521420489,12.96741239906598
d01ea4c3-1912-46a0-9798-db3d3f9d2881,74b23a8e-ccad-453a-a0bd-2af02cb0a30b,1759834388561994231,799.591,409.835,1,61,,-0.9490744809809409,13.077193366093505
d01ea4c3-1912-46a0-9798-db3d3f9d2881,74b23a8e-ccad-453a-a0bd-2af02cb0a30b,1759834388566994231,799.203,410.938,1,61,,-0.9743951806426463,13.006093824812675
d01ea4c3-1912-46a0-9798-db3d3f9d2881,74b23a8e-ccad-453a-a0bd-2af02cb0a30b,1759834388571994231,796.615,409.619,1,61,,-1.1446941016092733,13.090806487488992
d01ea4c3-1912-46a0-9798-db3d3f9d2881,74b23a8e-ccad-453a-a0bd-2af02cb0a30b,1759834388576994231,796.512,407.923,1,61,,-1.1518088340513484,13.200045313239377
d01ea4c3-1912-46a0-9798-db3d3f9d2881,74b23a8e-ccad-453a-a0bd-2af02cb0a30b,1759834388581994231,796.032,406.52,1,61,,-1.1837006762177584,13.290437440614909
d01ea4c3-1912-46a0-9798-db3d3f9d2881,74b23a8e-ccad-453a-a0bd-2af02cb0a30b,1759834388586994231,795.229,407.227,1,61,,-1.2362880250552046,13.244780195250879
d01ea4c3-1912-46a0-9798-db3d3f9d2881,74b23a8e-ccad-453a-a0bd-2af02cb0a30b,1759834388591994231,794.418,407.512,1,61,,-1.2895512705478047,13.22631919014159
d01ea4c3-1912-46a0-9798-db3d3f9d2881,74b23a8e-ccad-453a-a0bd-2af02cb0a30b,1759834388596994231,796.652,405.189,1,61,,-1.1431884318078822,13.376242763233376
d01ea4c3-1912-46a0-9798-db3d3f9d2881,74b23a8e-ccad-453a-a0bd-2af02cb0a30b,1759834388601994231,797.142,405.742,1,61,,-1.1108644793198714,13.34063468240121
d01ea4c3-1912-46a0-9798-db3d3f9d2881,74b23a8e-ccad-453a-a0bd-2af02cb0a30b,1759834388606996231,796.87,410.293,1,61,,-1.127804138612135,13.047405765828099
d01ea4c3-1912-46a0-9798-db3d3f9d2881,74b23a8e-ccad-453a-a0bd-2af02cb0a30b,1759834388611994231,796.501,399.546,1,61,,-1.154329326693865,13.739642556762911
d01ea4c3-1912-46a0-9798-db3d3f9d2881,74b23a8e-ccad-453a-a0bd-2af02cb0a30b,1759834388617005231,797.033,403.427,1,61,,-1.118511289439671,13.489727468542448
d01ea4c3-1912-46a0-9798-db3d3f9d2881,74b23a8e-ccad-453a-a0bd-2af02cb0a30b,1759834388621994231,797.825,404.543,1,61,,-1.066171158925724,13.41793791300176
d01ea4c3-1912-46a0-9798-db3d3f9d2881,74b23a8e-ccad-453a-a0bd-2af02cb0a30b,1759834388626994231,795.842,403.249,1,61,,-1.196891013990546,13.501089721729223
d01ea4c3-1912-46a0-9798-db3d3f9d2881,74b23a8e-ccad-453a-a0bd-2af02cb0a30b,1759834388631995231,796.6,402.63,1,61,,-1.1471837766021797,13.541042232454727
d01ea4c3-1912-46a0-9798-db3d3f9d2881,74b23a8e-ccad-453a-a0bd-2af02cb0a30b,1759834388636995231,797.091,407.246,1,61,,-1.1138966871430434,13.243768582743154
d01ea4c3-1912-46a0-9798-db3d3f9d2881,74b23a8e-ccad-453a-a0bd-2af02cb0a30b,1759834388642003231,795.015,405.549,1,61,,-1.250768246616426,13.352822916663769
d01ea4c3-1912-46a0-9798-db3d3f9d2881,74b23a8e-ccad-453a-a0bd-2af02cb0a30b,1759834388646999231,793.057,406.442,1,61,,-1.379329341139358,13.29510508516221
d01ea4c3-1912-46a0-9798-db3d3f9d2881,74b23a8e-ccad-453a-a0bd-2af02cb0a30b,1759834388651995231,799.001,402.793,1,61,,-0.9891790521594683,13.53072558399849
d01ea4c3-1912-46a0-9798-db3d3f9d2881,74b23a8e-ccad-453a-a0bd-2af02cb0a30b,1759834388657120231,799.011,400.126,1,61,,-0.9890109088694851,13.702513841693786
d01ea4c3-1912-46a0-9798-db3d3f9d2881,74b23a8e-ccad-453a-a0bd-2af02cb0a30b,1759834388662122231,789.535,418.642,1,61,,-1.6075134628840761,12.508629311352395
d01ea4c3-1912-46a0-9798-db3d3f9d2881,74b23a8e-ccad-453a-a0bd-2af02cb0a30b,1759834388667120231,791.592,417.023,1,61,,-1.472892947397098,12.613240904791262
d01ea4c3-1912-46a0-9798-db3d3f9d2881,74b23a8e-ccad-453a-a0bd-2af02cb0a30b,1759834388672129231,790.686,413.899,1,61,,-1.5332174740366042,12.814423803634352
d01ea4c3-1912-46a0-9798-db3d3f9d2881,74b23a8e-ccad-453a-a0bd-2af02cb0a30b,1759834388677120231,796.271,406.626,1,61,,-1.1679313966502343,13.283612473646965
d01ea4c3-1912-46a0-9798-db3d3f9d2881,74b23a8e-ccad-453a-a0bd-2af02cb0a30b,1759834388682120231,797.121,405.769,1,61,,-1.1122435516376772,13.338883832532142
d01ea4c3-1912-46a0-9798-db3d3f9d2881,74b23a8e-ccad-453a-a0bd-2af02cb0a30b,1759834388687120231,799.0,404.877,1,61,,-0.9888516208258782,13.396547500320619
d01ea4c3-1912-46a0-9798-db3d3f9d2881,74b23a8e-ccad-453a-a0bd-2af02cb0a30b,1759834388692120231,797.921,419.105,1,61,,-1.057097807128313,12.479694464241215
d01ea4c3-1912-46a0-9798-db3d3f9d2881,74b23a8e-ccad-453a-a0bd-2af02cb0a30b,1759834388697128231,797.798,418.419,1,61,,-1.065285461826226,12.523904178741285
d01ea4c3-1912-46a0-9798-db3d3f9d2881,74b23a8e-ccad-453a-a0bd-2af02cb0a30b,1759834388702120231,800.98,394.081,1,61,,-0.8604257038775376,14.091993328362737
d01ea4c3-1912-46a0-9798-db3d3f9d2881,74b23a8e-ccad-453a-a0bd-2af02cb0a30b,1759834388707125231,800.674,397.072,1,61,,-0.8801010198731755,13.899376331717797
d01ea4c3-1912-46a0-9798-db3d3f9d2881,74b23a8e-ccad-453a-a0bd-2af02cb0a30b,1759834388712125231,800.241,399.89,1,61,,-0.9080897072608429,13.717819698667473
d01ea4c3-1912-46a0-9798-db3d3f9d2881,74b23a8e-ccad-453a-a0bd-2af02cb0a30b,1759834388717120231,798.434,401.07,1,61,,-1.0267766747742801,13.641659520110178
d01ea4c3-1912-46a0-9798-db3d3f9d2881,74b23a8e-ccad-453a-a0bd-2af02cb0a30b,1759834388722120231,799.513,406.335,1,61,,-0.9548251931593216,13.302619189576452
d01ea4c3-1912-46a0-9798-db3d3f9d2881,74b23a8e-ccad-453a-a0bd-2af02cb0a30b,1759834388727120231,797.789,408.494,1,61,,-1.0677711093804079,13.163426082703854
d01ea4c3-1912-46a0-9798-db3d3f9d2881,74b23a8e-ccad-453a-a0bd-2af02cb0a30b,1759834388732121231,798.778,411.427,1,61,,-1.0022322963997303,12.974539935565048
d01ea4c3-1912-46a0-9798-db3d3f9d2881,74b23a8e-ccad-453a-a0bd-2af02cb0a30b,1759834388737121231,798.661,409.589,1,61,,-1.010287300152091,13.09292636259998
d01ea4c3-1912-46a0-9798-db3d3f9d2881,74b23a8e-ccad-453a-a0bd-2af02cb0a30b,1759834388742127231,798.345,410.256,1,61,,-1.0309109142479977,13.049938680742896
d01ea4c3-1912-46a0-9798-db3d3f9d2881,74b23a8e-ccad-453a-a0bd-2af02cb0a30b,1759834388747121231,795.066,410.125,1,61,,-1.2464019878972599,13.058059971959368
d01ea4c3-1912-46a0-9798-db3d3f9d2881,74b23a8e-ccad-453a-a0bd-2af02cb0a30b,1759834388752121231,795.029,411.753,1,61,,-1.2484606339684925,12.953168501455428
d01ea4c3-1912-46a0-9798-db3d3f9d2881,74b23a8e-ccad-453a-a0bd-2af02cb0a30b,1759834388757121231,797.791,414.458,1,61,,-1.0665304731421807,12.77913390336203
d01ea4c3-1912-46a0-9798-db3d3f9d2881,74b23a8e-ccad-453a-a0bd-2af02cb0a30b,1759834388762121231,797.295,407.989,1,61,,-1.1003701737938487,13.195917048402222
d01ea4c3-1912-46a0-9798-db3d3f9d2881,74b23a8e-ccad-453a-a0bd-2af02cb0a30b,1759834388767121231,796.595,408.615,1,61,,-1.1462371074795283,13.155481871084772
d01ea4c3-1912-46a0-9798-db3d3f9d2881,74b23a8e-ccad-453a-a0bd-2af02cb0a30b,1759834388772127231,796.772,408.54,1,61,,-1.1346391332690229,13.160348814052053
d01ea4c3-1912-46a0-9798-db3d3f9d2881,74b23a8e-ccad-453a-a0bd-2af02cb0a30b,1759834388777124231,798.888,413.377,1,61,,-0.9946784805834289,12.848904890359993
d01ea4c3-1912-46a0-9798-db3d3f9d2881,74b23a8e-ccad-453a-a0bd-2af02cb0a30b,1759834388782121231,800.306,413.28,1,61,,-0.9015419361112802,12.855268808189573
d01ea4c3-1912-46a0-9798-db3d3f9d2881,74b23a8e-ccad-453a-a0bd-2af02cb0a30b,1759834388787121231,797.821,412.54,1,61,,-1.0648926482784438,12.902740853393041
d01ea4c3-1912-46a0-9798-db3d3f9d2881,74b23a8e-ccad-453a-a0bd-2af02cb0a30b,1759834388792246231,798.816,408.787,1,61,,-1.0002460650679985,13.144600162980328
d01ea4c3-1912-46a0-9798-db3d3f9d2881,74b23a8e-ccad-453a-a0bd-2af02cb0a30b,1759834388797246231,798.11,413.018,1,61,,-1.0458248554372924,12.871960491707803
d01ea4c3-1912-46a0-9798-db3d3f9d2881,74b23a8e-ccad-453a-a0bd-2af02cb0a30b,1759834388802246231,798.096,412.751,1,61,,-1.0468088215151223,12.889194833519028
d01ea4c3-1912-46a0-9798-db3d3f9d2881,74b23a8e-ccad-453a-a0bd-2af02cb0a30b,1759834388807246231,790.8,415.072,1,61,,-1.5254126091557174,12.738823789101112
d01ea4c3-1912-46a0-9798-db3d3f9d2881,74b23a8e-ccad-453a-a0bd-2af02cb0a30b,1759834388812246231,792.105,415.17,1,61,,-1.4396906595175238,12.73267487010326
d01ea4c3-1912-46a0-9798-db3d3f9d2881,74b23a8e-ccad-453a-a0bd-2af02cb0a30b,1759834388817257231,793.048,409.578,1,61,,-1.3791038621587393,13.093060205078286
d01ea4c3-1912-46a0-9798-db3d3f9d2881,74b23a8e-ccad-453a-a0bd-2af02cb0a30b,1759834388822247231,795.249,410.934,1,61,,-1.2341729304390419,13.00594231806897
d01ea4c3-1912-46a0-9798-db3d3f9d2881,74b23a8e-ccad-453a-a0bd-2af02cb0a30b,1759834388827247231,798.268,409.753,1,61,,-1.0360625087637405,13.082310329916647
d01ea4c3-1912-46a0-9798-db3d3f9d2881,74b23a8e-ccad-453a-a0bd-2af02cb0a30b,1759834388832246231,803.167,411.741,1,61,,-0.7138652632561235,12.95456303460021
d01ea4c3-1912-46a0-9798-db3d3f9d2881,74b23a8e-ccad-453a-a0bd-2af02cb0a30b,1759834388837247231,799.515,411.094,1,61,,-0.9538648575682422,12.996068942131853
d01ea4c3-1912-46a0-9798-db3d3f9d2881,74b23a8e-ccad-453a-a0bd-2af02cb0a30b,1759834388842249231,802.0,411.826,1,61,,-0.790522139129578,12.949059934754375
d01ea4c3-1912-46a0-9798-db3d3f9d2881,74b23a8e-ccad-453a-a0bd-2af02cb0a30b,1759834388847246231,801.505,413.936,1,61,,-0.8227284204593653,12.813071616560547
d01ea4c3-1912-46a0-9798-db3d3f9d2881,74b23a8e-ccad-453a-a0bd-2af02cb0a30b,1759834388852247231,801.063,412.2,1,61,,-0.8520324756751755,12.92486740550017
d01ea4c3-1912-46a0-9798-db3d3f9d2881,74b23a8e-ccad-453a-a0bd-2af02cb0a30b,1759834388857247231,802.609,408.642,1,61,,-0.750982127929982,13.154229521030555
d01ea4c3-1912-46a0-9798-db3d3f9d2881,74b23a8e-ccad-453a-a0bd-2af02cb0a30b,1759834388862247231,802.931,408.973,1,61,,-0.7297433596438103,13.132904960918422
d01ea4c3-1912-46a0-9798-db3d3f9d2881,74b23a8e-ccad-453a-a0bd-2af02cb0a30b,1759834388867247231,801.914,407.85,1,61,,-0.7967519438341476,13.20520049865279
d01ea4c3-1912-46a0-9798-db3d3f9d2881,74b23a8e-ccad-453a-a0bd-2af02cb0a30b,1759834388872247231,802.202,408.014,1,61,,-0.777786969138625,13.194626638257432
d01ea4c3-1912-46a0-9798-db3d3f9d2881,74b23a8e-ccad-453a-a0bd-2af02cb0a30b,1759834388877250231,805.966,413.786,1,61,,-0.5297503842721448,12.822960963857163
d01ea4c3-1912-46a0-9798-db3d3f9d2881,74b23a8e-ccad-453a-a0bd-2af02cb0a30b,1759834388882247231,802.199,408.646,1,61,,-0.7779306967821649,13.153940182125815
d01ea4c3-1912-46a0-9798-db3d3f9d2881,74b23a8e-ccad-453a-a0bd-2af02cb0a30b,1759834388887247231,801.771,411.319,1,61,,-0.8056331348100467,12.981720678249445
d01ea4c3-1912-46a0-9798-db3d3f9d2881,74b23a8e-ccad-453a-a0bd-2af02cb0a30b,1759834388892247231,805.04,415.617,1,61,,-0.5903556329885405,12.70488322261068
d01ea4c3-1912-46a0-9798-db3d3f9d2881,74b23a8e-ccad-453a-a0bd-2af02cb0a30b,1759834388897247231,806.034,415.56,1,61,,-0.5251558172674,12.708637153936165
d01ea4c3-1912-46a0-9798-db3d3f9d2881,74b23a8e-ccad-453a-a0bd-2af02cb0a30b,1759834388902247231,805.736,415.548,1,61,,-0.5446872816349118,12.709394998826665
d01ea4c3-1912-46a0-9798-db3d3f9d2881,74b23a8e-ccad-453a-a0bd-2af02cb0a30b,1759834388907247231,799.884,414.154,1,61,,-0.9291547844386931,12.798883924829111
d01ea4c3-1912-46a0-9798-db3d3f9d2881,74b23a8e-ccad-453a-a0bd-2af02cb0a30b,1759834388912247231,800.189,413.576,1,61,,-0.9091656183119803,12.836160951117828
d01ea4c3-1912-46a0-9798-db3d3f9d2881,74b23a8e-ccad-453a-a0bd-2af02cb0a30b,1759834388917247231,799.372,409.294,1,61,,-0.9635885373133718,13.112024450183355
d01ea4c3-1912-46a0-9798-db3d3f9d2881,74b23a8e-ccad-453a-a0bd-2af02cb0a30b,1759834388922254231,802.512,408.728,1,61,,-0.7573159775620913,13.148700746617434
d01ea4c3-1912-46a0-9798-db3d3f9d2881,74b23a8e-ccad-453a-a0bd-2af02cb0a30b,1759834388927247231,799.962,405.939,1,61,,-0.9254021516800601,13.32817836598693
d01ea4c3-1912-46a0-9798-db3d3f9d2881,74b23a8e-ccad-453a-a0bd-2af02cb0a30b,1759834388932372231,799.683,408.713,1,61,,-0.9432729639151141,13.149482523330512
d01ea4c3-1912-46a0-9798-db3d3f9d2881,74b23a8e-ccad-453a-a0bd-2af02cb0a30b,1759834388937375231,801.204,408.258,1,61,,-0.8433871888641684,13.178860018682213
d01ea4c3-1912-46a0-9798-db3d3f9d2881,74b23a8e-ccad-453a-a0bd-2af02cb0a30b,1759834388942373231,800.028,407.027,1,61,,-0.9208442904753622,13.258105745862721
d01ea4c3-1912-46a0-9798-db3d3f9d2881,74b23a8e-ccad-453a-a0bd-2af02cb0a30b,1759834388947372231,797.463,413.553,1,61,,-1.0882138842587956,12.837431631911125
d01ea4c3-1912-46a0-9798-db3d3f9d2881,74b23a8e-ccad-453a-a0bd-2af02cb0a30b,1759834388952373231,799.246,414.282,1,61,,-0.9710117972371173,12.79059745286651
d01ea4c3-1912-46a0-9798-db3d3f9d2881,74b23a8e-ccad-453a-a0bd-2af02cb0a30b,1759834388957372231,800.009,414.438,1,61,,-0.9208996647340825,12.780614109821887
d01ea4c3-1912-46a0-9798-db3d3f9d2881,74b23a8e-ccad-453a-a0bd-2af02cb0a30b,1759834388962373231,805.064,412.164,1,61,,-0.5892108438387331,12.927391775130486
d01ea4c3-1912-46a0-9798-db3d3f9d2881,74b23a8e-ccad-453a-a0bd-2af02cb0a30b,1759834388967373231,804.657,411.692,1,61,,-0.6159639761019559,12.957835577726675
d01ea4c3-1912-46a0-9798-db3d3f9d2881,74b23a8e-ccad-453a-a0bd-2af02cb0a30b,1759834388972373231,799.045,409.637,1,61,,-0.9850380919335641,13.089878726540265
d01ea4c3-1912-46a0-9798-db3d3f9d2881,74b23a8e-ccad-453a-a0bd-2af02cb0a30b,1759834388977373231,802.053,410.604,1,61,,-0.7872128461987309,13.027782626950518
d01ea4c3-1912-46a0-9798-db3d3f9d2881,74b23a8e-ccad-453a-a0bd-2af02cb0a30b,1759834388982373231,801.84,416.546,1,61,,-0.8003287206345845,12.644922250673737
d01ea4c3-1912-46a0-9798-db3d3f9d2881,74b23a8e-ccad-453a-a0bd-2af02cb0a30b,1759834388987373231,801.793,415.818,1,61,,-0.8035271838384684,12.691785235436663
d01ea4c3-1912-46a0-9798-db3d3f9d2881,74b23a8e-ccad-453a-a0bd-2af02cb0a30b,1759834388992373231,803.112,416.503,1,61,,-0.716840307331075,12.647728404010786
d01ea4c3-1912-46a0-9798-db3d3f9d2881,74b23a8e-ccad-453a-a0bd-2af02cb0a30b,1759834388997373231,799.856,415.846,1,61,,-0.930689571812316,12.689885107647212
d01ea4c3-1912-46a0-9798-db3d3f9d2881,74b23a8e-ccad-453a-a0bd-2af02cb0a30b,1759834389002376231,801.217,416.79,1,61,,-0.8411976260008551,12.629123523261544
d01ea4c3-1912-46a0-9798-db3d3f9d2881,74b23a8e-ccad-453a-a0bd-2af02cb0a30b,1759834389007373231,800.441,416.533,1,61,,-0.892194338265928,12.645628040266756
d01ea4c3-1912-46a0-9798-db3d3f9d2881,74b23a8e-ccad-453a-a0bd-2af02cb0a30b,1759834389012386231,804.956,417.616,1,61,,-0.5956569460462953,12.576081187068642
d01ea4c3-1912-46a0-9798-db3d3f9d2881,74b23a8e-ccad-453a-a0bd-2af02cb0a30b,1759834389017373231,806.106,417.97,1,61,,-0.5201616036856329,12.553340404623432
d01ea4c3-1912-46a0-9798-db3d3f9d2881,74b23a8e-ccad-453a-a0bd-2af02cb0a30b,1759834389022378231,806.681,415.882,1,61,,-0.48260276307666067,12.687909579782984
d01ea4c3-1912-46a0-9798-db3d3f9d2881,74b23a8e-ccad-453a-a0bd-2af02cb0a30b,1759834389027388231,802.375,414.312,1,61,,-0.7655202537032655,12.788852111354931
d01ea4c3-1912-46a0-9798-db3d3f9d2881,74b23a8e-ccad-453a-a0bd-2af02cb0a30b,1759834389032373231,802.466,413.981,1,61,,-0.7595908856465554,12.81021702131979
d01ea4c3-1912-46a0-9798-db3d3f9d2881,74b23a8e-ccad-453a-a0bd-2af02cb0a30b,1759834389037373231,800.729,416.899,1,61,,-0.8732189745334029,12.622069479591417
d01ea4c3-1912-46a0-9798-db3d3f9d2881,74b23a8e-ccad-453a-a0bd-2af02cb0a30b,1759834389042389231,802.621,417.789,1,61,,-0.7488736149228961,12.564833921998156
d01ea4c3-1912-46a0-9798-db3d3f9d2881,74b23a8e-ccad-453a-a0bd-2af02cb0a30b,1759834389047373231,802.536,419.591,1,61,,-0.75426149356272,12.448715539779922
d01ea4c3-1912-46a0-9798-db3d3f9d2881,74b23a8e-ccad-453a-a0bd-2af02cb0a30b,1759834389052374231,802.232,420.343,1,61,,-0.7740845651466486,12.400188616685085
d01ea4c3-1912-46a0-9798-db3d3f9d2881,74b23a8e-ccad-453a-a0bd-2af02cb0a30b,1759834389057374231,803.056,419.032,1,61,,-0.720191322092417,12.484770977031559
d01ea4c3-1912-46a0-9798-db3d3f9d2881,74b23a8e-ccad-453a-a0bd-2af02cb0a30b,1759834389062374231,805.336,401.383,1,61,,-0.5725365976712917,13.621948019407972
d01ea4c3-1912-46a0-9798-db3d3f9d2881,74b23a8e-ccad-453a-a0bd-2af02cb0a30b,1759834389067499231,803.426,402.395,1,61,,-0.6981429011305167,13.556669605846691
d01ea4c3-1912-46a0-9798-db3d3f9d2881,74b23a8e-ccad-453a-a0bd-2af02cb0a30b,1759834389072499231,799.402,413.233,1,61,,-0.9609320229961097,12.85818649953207
d01ea4c3-1912-46a0-9798-db3d3f9d2881,74b23a8e-ccad-453a-a0bd-2af02cb0a30b,1759834389077499231,802.129,413.337,1,61,,-0.7818158209278453,12.851705907130263
d01ea4c3-1912-46a0-9798-db3d3f9d2881,74b23a8e-ccad-453a-a0bd-2af02cb0a30b,1759834389082499231,803.65,411.65,1,61,,-0.6821340867702251,12.960468960832989
d01ea4c3-1912-46a0-9798-db3d3f9d2881,74b23a8e-ccad-453a-a0bd-2af02cb0a30b,1759834389087499231,804.101,414.197,1,61,,-0.6522210081245373,12.796392465109916
d01ea4c3-1912-46a0-9798-db3d3f9d2881,74b23a8e-ccad-453a-a0bd-2af02cb0a30b,1759834389092499231,801.263,414.301,1,61,,-0.8385568313058785,12.789505762980827
d01ea4c3-1912-46a0-9798-db3d3f9d2881,74b23a8e-ccad-453a-a0bd-2af02cb0a30b,1759834389097499231,805.217,415.86,1,61,,-0.5787487213162411,12.689239836964445
d01ea4c3-1912-46a0-9798-db3d3f9d2881,74b23a8e-ccad-453a-a0bd-2af02cb0a30b,1759834389102499231,802.656,413.436,1,61,,-0.7471770290105894,12.845330491042857
d01ea4c3-1912-46a0-9798-db3d3f9d2881,74b23a8e-ccad-453a-a0bd-2af02cb0a30b,1759834389107499231,803.878,417.739,1,61,,-0.6663913471973776,12.568105816168861
d01ea4c3-1912-46a0-9798-db3d3f9d2881,74b23a8e-ccad-453a-a0bd-2af02cb0a30b,1759834389112499231,806.567,417.441,1,61,,-0.48999036110644484,12.58744983862845
d01ea4c3-1912-46a0-9798-db3d3f9d2881,74b23a8e-ccad-453a-a0bd-2af02cb0a30b,1759834389117510231,805.332,408.263,1,61,,-0.5720450331789331,13.178772078161062
d01ea4c3-1912-46a0-9798-db3d3f9d2881,74b23a8e-ccad-453a-a0bd-2af02cb0a30b,1759834389122499231,809.797,406.861,1,61,,-0.27865444666793054,13.26918123669307
d01ea4c3-1912-46a0-9798-db3d3f9d2881,74b23a8e-ccad-453a-a0bd-2af02cb0a30b,1759834389127502231,809.902,408.703,1,61,,-0.2716576662094752,13.15054117261431
d01ea4c3-1912-46a0-9798-db3d3f9d2881,74b23a8e-ccad-453a-a0bd-2af02cb0a30b,1759834389132507231,809.486,408.703,1,61,,-0.29895906909430625,13.150547484320793
d01ea4c3-1912-46a0-9798-db3d3f9d2881,74b23a8e-ccad-453a-a0bd-2af02cb0a30b,1759834389137502231,808.526,408.648,1,61,,-0.3620544375006345,13.15405965062586
d01ea4c3-1912-46a0-9798-db3d3f9d2881,74b23a8e-ccad-453a-a0bd-2af02cb0a30b,1759834389142499231,807.975,408.866,1,61,,-0.39827514907117206,13.140008664131118
d01ea4c3-1912-46a0-9798-db3d3f9d2881,74b23a8e-ccad-453a-a0bd-2af02cb0a30b,1759834389147499231,810.349,411.009,1,61,,-0.24212574987173457,13.001936109972629
d01ea4c3-1912-46a0-9798-db3d3f9d2881,74b23a8e-ccad-453a-a0bd-2af02cb0a30b,1759834389152499231,807.732,409.898,1,61,,-0.41411788359354146,13.073509778380336
d01ea4c3-1912-46a0-9798-db3d3f9d2881,74b23a8e-ccad-453a-a0bd-2af02cb0a30b,1759834389157500231,806.394,408.446,1,61,,-0.5022386399192067,13.166984338362779
d01ea4c3-1912-46a0-9798-db3d3f9d2881,74b23a8e-ccad-453a-a0bd-2af02cb0a30b,1759834389162500231,811.584,407.973,1,61,,-0.16109843160572904,13.197551855982647
d01ea4c3-1912-46a0-9798-db3d3f9d2881,74b23a8e-ccad-453a-a0bd-2af02cb0a30b,1759834389167500231,810.443,403.896,1,61,,-0.23639449401215104,13.460210280692124
d01ea4c3-1912-46a0-9798-db3d3f9d2881,74b23a8e-ccad-453a-a0bd-2af02cb0a30b,1759834389172500231,811.722,403.828,1,61,,-0.15225692457900725,13.464551383880847
d01ea4c3-1912-46a0-9798-db3d3f9d2881,74b23a8e-ccad-453a-a0bd-2af02cb0a30b,1759834389177509231,811.262,403.708,1,61,,-0.18250892088518958,13.472315237985164
d01ea4c3-1912-46a0-9798-db3d3f9d2881,74b23a8e-ccad-453a-a0bd-2af02cb0a30b,1759834389182500231,810.914,409.867,1,61,,-0.2050389890291107,13.075550584450994
d01ea4c3-1912-46a0-9798-db3d3f9d2881,74b23a8e-ccad-453a-a0bd-2af02cb0a30b,1759834389187500231,806.841,406.836,1,61,,-0.4730072280959886,13.270731518205018
d01ea4c3-1912-46a0-9798-db3d3f9d2881,74b23a8e-ccad-453a-a0bd-2af02cb0a30b,1759834389192500231,807.575,405.842,1,61,,-0.42484529456182707,13.334776060278218
d01ea4c3-1912-46a0-9798-db3d3f9d2881,74b23a8e-ccad-453a-a0bd-2af02cb0a30b,1759834389197505231,807.852,406.557,1,61,,-0.40654233838798154,13.288749394360705
d01ea4c3-1912-46a0-9798-db3d3f9d2881,74b23a8e-ccad-453a-a0bd-2af02cb0a30b,1759834389202625231,807.318,404.988,1,61,,-0.4417852490448183,13.389829120435397
d01ea4c3-1912-46a0-9798-db3d3f9d2881,74b23a8e-ccad-453a-a0bd-2af02cb0a30b,1759834389207625231,807.908,405.372,1,61,,-0.40294572958305347,13.365094535795222
d01ea4c3-1912-46a0-9798-db3d3f9d2881,74b23a8e-ccad-453a-a0bd-2af02cb0a30b,1759834389212638231,801.932,409.434,1,61,,-0.7953390611345417,13.10315381868008
d01ea4c3-1912-46a0-9798-db3d3f9d2881,74b23a8e-ccad-453a-a0bd-2af02cb0a30b,1759834389217625231,803.112,405.189,1,61,,-0.7183816072050542,13.376679542320748
d01ea4c3-1912-46a0-9798-db3d3f9d2881,74b23a8e-ccad-453a-a0bd-2af02cb0a30b,1759834389222625231,804.264,401.298,1,61,,-0.6431263327489746,13.627397662797563
d01ea4c3-1912-46a0-9798-db3d3f9d2881,74b23a8e-ccad-453a-a0bd-2af02cb0a30b,1759834389227628231,804.105,402.694,1,61,,-0.653369611452209,13.5374532095839
d01ea4c3-1912-46a0-9798-db3d3f9d2881,74b23a8e-ccad-453a-a0bd-2af02cb0a30b,1759834389232625231,812.196,398.67,1,61,,-0.12129406668319881,13.79680179412241
d01ea4c3-1912-46a0-9798-db3d3f9d2881,74b23a8e-ccad-453a-a0bd-2af02cb0a30b,1759834389237625231,814.716,399.537,1,61,,0.044627196367177005,13.740894203405666
d01ea4c3-1912-46a0-9798-db3d3f9d2881,74b23a8e-ccad-453a-a0bd-2af02cb0a30b,1759834389242625231,809.116,400.576,1,61,,-0.3238974069579332,13.674026316207927
d01ea4c3-1912-46a0-9798-db3d3f9d2881,74b23a8e-ccad-453a-a0bd-2af02cb0a30b,1759834389247625231,807.753,400.171,1,61,,-0.41365022680201347,13.700114452392574
d01ea4c3-1912-46a0-9798-db3d3f9d2881,74b23a8e-ccad-453a-a0bd-2af02cb0a30b,1759834389252625231,806.651,402.399,1,61,,-0.4859128204821325,13.556581977789696
d01ea4c3-1912-46a0-9798-db3d3f9d2881,74b23a8e-ccad-453a-a0bd-2af02cb0a30b,1759834389257626231,805.152,402.411,1,61,,-0.5845427926172257,13.555716879604436
d01ea4c3-1912-46a0-9798-db3d3f9d2881,74b23a8e-ccad-453a-a0bd-2af02cb0a30b,1759834389262626231,811.326,406.097,1,61,,-0.17817359464372054,13.318440876991327
d01ea4c3-1912-46a0-9798-db3d3f9d2881,74b23a8e-ccad-453a-a0bd-2af02cb0a30b,1759834389267625231,809.009,405.607,1,61,,-0.3305750864188143,13.349962703713473
d01ea4c3-1912-46a0-9798-db3d3f9d2881,74b23a8e-ccad-453a-a0bd-2af02cb0a30b,1759834389272626231,807.983,404.603,1,61,,-0.39809178335654394,13.414655674388507
d01ea4c3-1912-46a0-9798-db3d3f9d2881,74b23a8e-ccad-453a-a0bd-2af02cb0a30b,1759834389277626231,806.85,405.37,1,61,,-0.4725738607587471,13.365193896014155
d01ea4c3-1912-46a0-9798-db3d3f9d2881,74b23a8e-ccad-453a-a0bd-2af02cb0a30b,1759834389282626231,806.054,407.396,1,61,,-0.524682546228176,13.23465160492992
d01ea4c3-1912-46a0-9798-db3d3f9d2881,74b23a8e-ccad-453a-a0bd-2af02cb0a30b,1759834389287626231,806.152,403.308,1,61,,-0.518674345508163,13.49798681639984
d01ea4c3-1912-46a0-9798-db3d3f9d2881,74b23a8e-ccad-453a-a0bd-2af02cb0a30b,1759834389292629231,805.32,410.811,1,61,,-0.5725194171922393,13.014585797450723
d01ea4c3-1912-46a0-9798-db3d3f9d2881,74b23a8e-ccad-453a-a0bd-2af02cb0a30b,1759834389297626231,805.072,406.0,1,61,,-0.5894080446878126,13.324524254820506
d01ea4c3-1912-46a0-9798-db3d3f9d2881,74b23a8e-ccad-453a-a0bd-2af02cb0a30b,1759834389302626231,805.28,404.821,1,61,,-0.5758518412856903,13.400507306520666
d01ea4c3-1912-46a0-9798-db3d3f9d2881,74b23a8e-ccad-453a-a0bd-2af02cb0a30b,1759834389307626231,806.456,405.699,1,61,,-0.49845180226644775,13.343998988546614
d01ea4c3-1912-46a0-9798-db3d3f9d2881,74b23a8e-ccad-453a-a0bd-2af02cb0a30b,1759834389312626231,810.13,406.074,1,61,,-0.25683129515128655,13.31992051314199
d01ea4c3-1912-46a0-9798-db3d3f9d2881,74b23a8e-ccad-453a-a0bd-2af02cb0a30b,1759834389317626231,810.148,405.537,1,61,,-0.2556570063496205,13.354456099528292
d01ea4c3-1912-46a0-9798-db3d3f9d2881,74b23a8e-ccad-453a-a0bd-2af02cb0a30b,1759834389322635231,808.547,406.995,1,61,,-0.36079754594570895,13.260540248849296
d01ea4c3-1912-46a0-9798-db3d3f9d2881,74b23a8e-ccad-453a-a0bd-2af02cb0a30b,1759834389327626231,807.265,403.991,1,61,,-0.4453879311995695,13.45405818248914
d01ea4c3-1912-46a0-9798-db3d3f9d2881,74b23a8e-ccad-453a-a0bd-2af02cb0a30b,1759834389332626231,808.632,405.56,1,61,,-0.3553617014234926,13.35297074015876
d01ea4c3-1912-46a0-9798-db3d3f9d2881,74b23a8e-ccad-453a-a0bd-2af02cb0a30b,1759834389337751231,816.693,408.057,1,61,,0.1746947534884804,13.192060903040423
d01ea4c3-1912-46a0-9798-db3d3f9d2881,74b23a8e-ccad-453a-a0bd-2af02cb0a30b,1759834389342751231,816.953,406.819,1,61,,0.19176622305411825,13.271770570979795
d01ea4c3-1912-46a0-9798-db3d3f9d2881,74b23a8e-ccad-453a-a0bd-2af02cb0a30b,1759834389347764231,819.486,406.897,1,61,,0.35828018675794293,13.266657617569347
d01ea4c3-1912-46a0-9798-db3d3f9d2881,74b23a8e-ccad-453a-a0bd-2af02cb0a30b,1759834389352757231,818.286,407.97,1,61,,0.2793932101555574,13.197554364875488
d01ea4c3-1912-46a0-9798-db3d3f9d2881,74b23a8e-ccad-453a-a0bd-2af02cb0a30b,1759834389357751231,819.263,406.584,1,61,,0.3436543657837875,13.286839264517454
d01ea4c3-1912-46a0-9798-db3d3f9d2881,74b23a8e-ccad-453a-a0bd-2af02cb0a30b,1759834389362752231,817.412,410.33,1,61,,0.22191583189102418,13.045546748404732
d01ea4c3-1912-46a0-9798-db3d3f9d2881,74b23a8e-ccad-453a-a0bd-2af02cb0a30b,1759834389367751231,818.149,407.529,1,61,,0.27038954723512665,13.226007812974704
d01ea4c3-1912-46a0-9798-db3d3f9d2881,74b23a8e-ccad-453a-a0bd-2af02cb0a30b,1759834389372752231,818.543,408.618,1,61,,0.2962601766545737,13.155818352910275
d01ea4c3-1912-46a0-9798-db3d3f9d2881,74b23a8e-ccad-453a-a0bd-2af02cb0a30b,1759834389377752231,818.317,408.511,1,61,,0.28142122083602916,13.162708516105253
d01ea4c3-1912-46a0-9798-db3d3f9d2881,74b23a8e-ccad-453a-a0bd-2af02cb0a30b,1759834389382752231,818.337,408.629,1,61,,0.28273789464732696,13.155131625188318
d01ea4c3-1912-46a0-9798-db3d3f9d2881,74b23a8e-ccad-453a-a0bd-2af02cb0a30b,1759834389387752231,817.374,409.61,1,61,,0.21942064872105527,13.091947329886777
d01ea4c3-1912-46a0-9798-db3d3f9d2881,74b23a8e-ccad-453a-a0bd-2af02cb0a30b,1759834389392752231,818.662,407.278,1,61,,0.3041136914310851,13.242149687125877
d01ea4c3-1912-46a0-9798-db3d3f9d2881,74b23a8e-ccad-453a-a0bd-2af02cb0a30b,1759834389397752231,820.765,406.631,1,61,,0.4423691687750925,13.283720820430952
d01ea4c3-1912-46a0-9798-db3d3f9d2881,74b23a8e-ccad-453a-a0bd-2af02cb0a30b,1759834389402759231,814.249,412.466,1,61,,0.014096144458172446,12.908019375855602
d01ea4c3-1912-46a0-9798-db3d3f9d2881,74b23a8e-ccad-453a-a0bd-2af02cb0a30b,1759834389407752231,817.806,410.463,1,61,,0.24777480002982846,13.037014558195212
d01ea4c3-1912-46a0-9798-db3d3f9d2881,74b23a8e-ccad-453a-a0bd-2af02cb0a30b,1759834389412755231,818.759,410.381,1,61,,0.31038250423362823,13.042202331221242
d01ea4c3-1912-46a0-9798-db3d3f9d2881,74b23a8e-ccad-453a-a0bd-2af02cb0a30b,1759834389417758231,821.912,411.682,1,61,,0.5174766523720821,12.958187110285964
d01ea4c3-1912-46a0-9798-db3d3f9d2881,74b23a8e-ccad-453a-a0bd-2af02cb0a30b,1759834389422752231,822.254,408.731,1,61,,0.5401469468051854,13.148288567456916
d01ea4c3-1912-46a0-9798-db3d3f9d2881,74b23a8e-ccad-453a-a0bd-2af02cb0a30b,1759834389427752231,822.949,406.948,1,61,,0.585932110904667,13.263104602366573
d01ea4c3-1912-46a0-9798-db3d3f9d2881,74b23a8e-ccad-453a-a0bd-2af02cb0a30b,1759834389432752231,819.239,408.88,1,61,,0.3419912475831691,13.138891700621631
d01ea4c3-1912-46a0-9798-db3d3f9d2881,74b23a8e-ccad-453a-a0bd-2af02cb0a30b,1759834389437764231,816.237,412.814,1,61,,0.1446710899548016,12.88558328872507
d01ea4c3-1912-46a0-9798-db3d3f9d2881,74b23a8e-ccad-453a-a0bd-2af02cb0a30b,1759834389442752231,817.974,411.734,1,61,,0.2588309526195111,12.955117460777823
d01ea4c3-1912-46a0-9798-db3d3f9d2881,74b23a8e-ccad-453a-a0bd-2af02cb0a30b,1759834389447752231,818.686,411.774,1,61,,0.30556162386741476,12.95249350493764
d01ea4c3-1912-46a0-9798-db3d3f9d2881,74b23a8e-ccad-453a-a0bd-2af02cb0a30b,1759834389452752231,821.084,409.327,1,61,,0.46323291941322436,13.110010406466213
d01ea4c3-1912-46a0-9798-db3d3f9d2881,74b23a8e-ccad-453a-a0bd-2af02cb0a30b,1759834389457752231,821.68,407.991,1,61,,0.5024401683685511,13.196059686402931
d01ea4c3-1912-46a0-9798-db3d3f9d2881,74b23a8e-ccad-453a-a0bd-2af02cb0a30b,1759834389462752231,819.489,411.718,1,61,,0.35833696048503527,12.956026900683616
d01ea4c3-1912-46a0-9798-db3d3f9d2881,74b23a8e-ccad-453a-a0bd-2af02cb0a30b,1759834389467764231,820.582,408.444,1,61,,0.43027253811553307,13.16695153776536
d01ea4c3-1912-46a0-9798-db3d3f9d2881,74b23a8e-ccad-453a-a0bd-2af02cb0a30b,1759834389472877231,816.5,410.543,1,61,,0.1620183520551321,13.03190063298852
d01ea4c3-1912-46a0-9798-db3d3f9d2881,74b23a8e-ccad-453a-a0bd-2af02cb0a30b,1759834389477760231,816.699,409.833,1,61,,0.17505695024355344,13.077590371502973
d01ea4c3-1912-46a0-9798-db3d3f9d2881,74b23a8e-ccad-453a-a0bd-2af02cb0a30b,1759834389482878231,821.322,411.497,1,61,,0.47871020273273757,12.970203477880805
d01ea4c3-1912-46a0-9798-db3d3f9d2881,74b23a8e-ccad-453a-a0bd-2af02cb0a30b,1759834389487878231,821.517,408.349,1,61,,0.4917156576527647,13.172975698666432
d01ea4c3-1912-46a0-9798-db3d3f9d2881,74b23a8e-ccad-453a-a0bd-2af02cb0a30b,1759834389492878231,822.188,405.639,1,61,,0.5360363892716417,13.347479894192036
d01ea4c3-1912-46a0-9798-db3d3f9d2881,74b23a8e-ccad-453a-a0bd-2af02cb0a30b,1759834389497878231,819.58,403.208,1,61,,0.36461082647964,13.5042903286084
d01ea4c3-1912-46a0-9798-db3d3f9d2881,74b23a8e-ccad-453a-a0bd-2af02cb0a30b,1759834389502878231,820.956,402.778,1,61,,0.4551488425933321,13.531890495085209
d01ea4c3-1912-46a0-9798-db3d3f9d2881,74b23a8e-ccad-453a-a0bd-2af02cb0a30b,1759834389507878231,821.974,401.218,1,61,,0.522249281009785,13.632273615795306
d01ea4c3-1912-46a0-9798-db3d3f9d2881,74b23a8e-ccad-453a-a0bd-2af02cb0a30b,1759834389512878231,820.223,402.474,1,61,,0.4069780878305312,13.551525160624662
d01ea4c3-1912-46a0-9798-db3d3f9d2881,74b23a8e-ccad-453a-a0bd-2af02cb0a30b,1759834389517878231,821.259,402.267,1,61,,0.4751099286350304,13.564768313375035
d01ea4c3-1912-46a0-9798-db3d3f9d2881,74b23a8e-ccad-453a-a0bd-2af02cb0a30b,1759834389522878231,820.98,402.0,1,61,,0.45679043862249863,13.581976595146635
d01ea4c3-1912-46a0-9798-db3d3f9d2881,74b23a8e-ccad-453a-a0bd-2af02cb0a30b,1759834389527878231,823.255,399.126,1,61,,0.6067234621043105,13.766934877382596
d01ea4c3-1912-46a0-9798-db3d3f9d2881,74b23a8e-ccad-453a-a0bd-2af02cb0a30b,1759834389532878231,822.57,400.847,1,61,,0.5614861671196771,13.656133559453682
d01ea4c3-1912-46a0-9798-db3d3f9d2881,74b23a8e-ccad-453a-a0bd-2af02cb0a30b,1759834389537878231,821.385,399.839,1,61,,0.48358602696851044,13.721174075430591
d01ea4c3-1912-46a0-9798-db3d3f9d2881,74b23a8e-ccad-453a-a0bd-2af02cb0a30b,1759834389542884231,821.551,401.605,1,61,,0.49438921191436225,13.607372101730801
d01ea4c3-1912-46a0-9798-db3d3f9d2881,74b23a8e-ccad-453a-a0bd-2af02cb0a30b,1759834389547894231,818.75,408.327,1,61,,0.3098792460945645,13.17458620448586
d01ea4c3-1912-46a0-9798-db3d3f9d2881,74b23a8e-ccad-453a-a0bd-2af02cb0a30b,1759834389552878231,817.951,407.962,1,61,,0.2573531004254677,13.198098476024374
d01ea4c3-1912-46a0-9798-db3d3f9d2881,74b23a8e-ccad-453a-a0bd-2af02cb0a30b,1759834389557893231,817.009,411.687,1,61,,0.1953968140188007,12.958148209891826
d01ea4c3-1912-46a0-9798-db3d3f9d2881,74b23a8e-ccad-453a-a0bd-2af02cb0a30b,1759834389562878231,817.958,408.625,1,61,,0.2578119411257282,13.155373830828433
d01ea4c3-1912-46a0-9798-db3d3f9d2881,74b23a8e-ccad-453a-a0bd-2af02cb0a30b,1759834389567878231,818.963,408.112,1,61,,0.3238741957286438,13.188379207415418
d01ea4c3-1912-46a0-9798-db3d3f9d2881,74b23a8e-ccad-453a-a0bd-2af02cb0a30b,1759834389572882231,819.537,409.838,1,61,,0.3615242652058181,13.07716787519207
d01ea4c3-1912-46a0-9798-db3d3f9d2881,74b23a8e-ccad-453a-a0bd-2af02cb0a30b,1759834389577879231,822.667,408.604,1,61,,0.5672912645972428,13.156487661685812
d01ea4c3-1912-46a0-9798-db3d3f9d2881,74b23a8e-ccad-453a-a0bd-2af02cb0a30b,1759834389582878231,822.81,406.012,1,61,,0.5768782401414438,13.323457488947934
d01ea4c3-1912-46a0-9798-db3d3f9d2881,74b23a8e-ccad-453a-a0bd-2af02cb0a30b,1759834389587879231,816.709,412.053,1,61,,0.17571604398238533,12.934598543765985
d01ea4c3-1912-46a0-9798-db3d3f9d2881,74b23a8e-ccad-453a-a0bd-2af02cb0a30b,1759834389592879231,817.538,409.304,1,61,,0.23021458262814584,13.11166705679267
d01ea4c3-1912-46a0-9798-db3d3f9d2881,74b23a8e-ccad-453a-a0bd-2af02cb0a30b,1759834389597879231,817.767,408.612,1,61,,0.2452729693981233,13.156272476261144
d01ea4c3-1912-46a0-9798-db3d3f9d2881,74b23a8e-ccad-453a-a0bd-2af02cb0a30b,1759834389602879231,817.718,406.753,1,61,,0.24207193641238897,13.276019277372495
d01ea4c3-1912-46a0-9798-db3d3f9d2881,74b23a8e-ccad-453a-a0bd-2af02cb0a30b,1759834389607890231,821.275,411.458,1,61,,0.4756372042853053,12.972686662018557
d01ea4c3-1912-46a0-9798-db3d3f9d2881,74b23a8e-ccad-453a-a0bd-2af02cb0a30b,1759834389613004231,821.364,411.19,1,61,,0.4815343943527183,12.989950314751063
d01ea4c3-1912-46a0-9798-db3d3f9d2881,74b23a8e-ccad-453a-a0bd-2af02cb0a30b,1759834389618006231,825.332,397.622,1,61,,0.7436069384794394,13.863604369696523
d01ea4c3-1912-46a0-9798-db3d3f9d2881,74b23a8e-ccad-453a-a0bd-2af02cb0a30b,1759834389623004231,822.868,402.351,1,61,,0.5809978109611796,13.559254909743723
d01ea4c3-1912-46a0-9798-db3d3f9d2881,74b23a8e-ccad-453a-a0bd-2af02cb0a30b,1759834389628012231,820.605,407.207,1,61,,0.43182711857319955,13.246585831184658
d01ea4c3-1912-46a0-9798-db3d3f9d2881,74b23a8e-ccad-453a-a0bd-2af02cb0a30b,1759834389633007231,821.286,407.88,1,61,,0.4766077711742484,13.203199202681123
d01ea4c3-1912-46a0-9798-db3d3f9d2881,74b23a8e-ccad-453a-a0bd-2af02cb0a30b,1759834389638004231,822.023,406.464,1,61,,0.525106089129999,13.29439295921014
d01ea4c3-1912-46a0-9798-db3d3f9d2881,74b23a8e-ccad-453a-a0bd-2af02cb0a30b,1759834389643004231,820.872,405.319,1,61,,0.44949385177710044,13.368212771668707
d01ea4c3-1912-46a0-9798-db3d3f9d2881,74b23a8e-ccad-453a-a0bd-2af02cb0a30b,1759834389648004231,818.677,406.621,1,61,,0.30513232131855866,13.28446526287073
d01ea4c3-1912-46a0-9798-db3d3f9d2881,74b23a8e-ccad-453a-a0bd-2af02cb0a30b,1759834389653004231,818.951,406.085,1,61,,0.3231824743678531,13.318961587613328
d01ea4c3-1912-46a0-9798-db3d3f9d2881,74b23a8e-ccad-453a-a0bd-2af02cb0a30b,1759834389658004231,816.325,403.743,1,61,,0.1505315001074831,13.469947892615746
d01ea4c3-1912-46a0-9798-db3d3f9d2881,74b23a8e-ccad-453a-a0bd-2af02cb0a30b,1759834389663007231,812.764,405.647,1,61,,-0.08365349617173297,13.347371492724681
d01ea4c3-1912-46a0-9798-db3d3f9d2881,74b23a8e-ccad-453a-a0bd-2af02cb0a30b,1759834389668007231,817.474,408.064,1,61,,0.22604396448636369,13.191542705072088
d01ea4c3-1912-46a0-9798-db3d3f9d2881,74b23a8e-ccad-453a-a0bd-2af02cb0a30b,1759834389673012231,817.382,410.813,1,61,,0.2199072391863634,13.014438422667292
d01ea4c3-1912-46a0-9798-db3d3f9d2881,74b23a8e-ccad-453a-a0bd-2af02cb0a30b,1759834389678004231,817.01,407.215,1,61,,0.19552926745436292,13.246269295847469
d01ea4c3-1912-46a0-9798-db3d3f9d2881,74b23a8e-ccad-453a-a0bd-2af02cb0a30b,1759834389683005231,815.761,407.867,1,61,,0.11344003577690949,13.204284271864436
d01ea4c3-1912-46a0-9798-db3d3f9d2881,74b23a8e-ccad-453a-a0bd-2af02cb0a30b,1759834389688005231,816.227,409.058,1,61,,0.14407025056606024,13.127549946883253
d01ea4c3-1912-46a0-9798-db3d3f9d2881,74b23a8e-ccad-453a-a0bd-2af02cb0a30b,1759834389693005231,816.504,408.837,1,61,,0.16226164891550499,13.141813900700482
d01ea4c3-1912-46a0-9798-db3d3f9d2881,74b23a8e-ccad-453a-a0bd-2af02cb0a30b,1759834389698005231,814.865,408.303,1,61,,0.054531273383012405,13.176224979854103
d01ea4c3-1912-46a0-9798-db3d3f9d2881,74b23a8e-ccad-453a-a0bd-2af02cb0a30b,1759834389703005231,814.307,409.379,1,61,,0.017864117403930013,13.106939471748465
d01ea4c3-1912-46a0-9798-db3d3f9d2881,74b23a8e-ccad-453a-a0bd-2af02cb0a30b,1759834389708009231,814.128,409.869,1,61,,0.006161740660269904,13.075346213823673
d01ea4c3-1912-46a0-9798-db3d3f9d2881,74b23a8e-ccad-453a-a0bd-2af02cb0a30b,1759834389713018231,820.024,415.419,1,61,,0.3933071438979613,12.717546936254921
d01ea4c3-1912-46a0-9798-db3d3f9d2881,74b23a8e-ccad-453a-a0bd-2af02cb0a30b,1759834389718005231,819.039,411.07,1,61,,0.3288022041031282,12.997788651668975
d01ea4c3-1912-46a0-9798-db3d3f9d2881,74b23a8e-ccad-453a-a0bd-2af02cb0a30b,1759834389723005231,817.914,407.366,1,61,,0.25494686753869217,13.2365030631095
d01ea4c3-1912-46a0-9798-db3d3f9d2881,74b23a8e-ccad-453a-a0bd-2af02cb0a30b,1759834389728005231,816.957,407.557,1,61,,0.1920227658169141,13.22426104627423
d01ea4c3-1912-46a0-9798-db3d3f9d2881,74b23a8e-ccad-453a-a0bd-2af02cb0a30b,1759834389733005231,817.997,411.0,1,61,,0.26033052188795963,13.002398455515081
d01ea4c3-1912-46a0-9798-db3d3f9d2881,74b23a8e-ccad-453a-a0bd-2af02cb0a30b,1759834389738005231,817.533,414.488,1,61,,0.22977727080506596,12.777660136976163
d01ea4c3-1912-46a0-9798-db3d3f9d2881,74b23a8e-ccad-453a-a0bd-2af02cb0a30b,1759834389743005231,817.203,411.625,1,61,,0.2081833564584937,12.962143843380213
d01ea4c3-1912-46a0-9798-db3d3f9d2881,74b23a8e-ccad-453a-a0bd-2af02cb0a30b,1759834389748130231,817.93,411.945,1,61,,0.2559358112488458,12.941510983442381
d01ea4c3-1912-46a0-9798-db3d3f9d2881,74b23a8e-ccad-453a-a0bd-2af02cb0a30b,1759834389753131231,817.707,412.596,1,61,,0.24127417917468774,12.899544962724924
d01ea4c3-1912-46a0-9798-db3d3f9d2881,74b23a8e-ccad-453a-a0bd-2af02cb0a30b,1759834389758130231,818.768,410.922,1,61,,0.31098770523187325,13.007344847374764
d01ea4c3-1912-46a0-9798-db3d3f9d2881,74b23a8e-ccad-453a-a0bd-2af02cb0a30b,1759834389763130231,820.435,410.816,1,61,,0.42051097501350854,13.014081403481372
d01ea4c3-1912-46a0-9798-db3d3f9d2881,74b23a8e-ccad-453a-a0bd-2af02cb0a30b,1759834389768136231,820.092,410.643,1,61,,0.39797556902771614,13.025281901902291
d01ea4c3-1912-46a0-9798-db3d3f9d2881,74b23a8e-ccad-453a-a0bd-2af02cb0a30b,1759834389773133231,820.718,407.928,1,61,,0.43926847312177486,13.200157355481377
d01ea4c3-1912-46a0-9798-db3d3f9d2881,74b23a8e-ccad-453a-a0bd-2af02cb0a30b,1759834389778131231,818.113,412.057,1,61,,0.2679084557289008,12.934270895986323
d01ea4c3-1912-46a0-9798-db3d3f9d2881,74b23a8e-ccad-453a-a0bd-2af02cb0a30b,1759834389783137231,820.042,407.661,1,61,,0.3947948274679279,13.217377397932646
d01ea4c3-1912-46a0-9798-db3d3f9d2881,74b23a8e-ccad-453a-a0bd-2af02cb0a30b,1759834389788142231,819.83,408.773,1,61,,0.38082695689053503,13.145791281897925
d01ea4c3-1912-46a0-9798-db3d3f9d2881,74b23a8e-ccad-453a-a0bd-2af02cb0a30b,1759834389793131231,821.987,411.123,1,61,,0.5224758857158764,12.994223793465775
d01ea4c3-1912-46a0-9798-db3d3f9d2881,74b23a8e-ccad-453a-a0bd-2af02cb0a30b,1759834389798131231,819.958,410.974,1,61,,0.3891716305105322,13.003942099643732
d01ea4c3-1912-46a0-9798-db3d3f9d2881,74b23a8e-ccad-453a-a0bd-2af02cb0a30b,1759834389803131231,823.387,406.339,1,61,,0.6147973756389514,13.302303896492512
d01ea4c3-1912-46a0-9798-db3d3f9d2881,74b23a8e-ccad-453a-a0bd-2af02cb0a30b,1759834389808131231,823.685,405.946,1,61,,0.6344323158672511,13.327598141894905
d01ea4c3-1912-46a0-9798-db3d3f9d2881,74b23a8e-ccad-453a-a0bd-2af02cb0a30b,1759834389813131231,823.978,403.947,1,61,,0.6538904523087781,13.4563615643025
d01ea4c3-1912-46a0-9798-db3d3f9d2881,74b23a8e-ccad-453a-a0bd-2af02cb0a30b,1759834389818137231,824.373,403.046,1,61,,0.6799503889801345,13.51437808961314
d01ea4c3-1912-46a0-9798-db3d3f9d2881,74b23a8e-ccad-453a-a0bd-2af02cb0a30b,1759834389823131231,824.837,403.258,1,61,,0.7104381050263003,13.50068657711974
d01ea4c3-1912-46a0-9798-db3d3f9d2881,74b23a8e-ccad-453a-a0bd-2af02cb0a30b,1759834389828131231,826.087,410.685,1,61,,0.7918052763126615,13.022099661167266
d01ea4c3-1912-46a0-9798-db3d3f9d2881,74b23a8e-ccad-453a-a0bd-2af02cb0a30b,1759834389833131231,826.011,408.229,1,61,,0.787089659243014,13.180354602466439
d01ea4c3-1912-46a0-9798-db3d3f9d2881,74b23a8e-ccad-453a-a0bd-2af02cb0a30b,1759834389838131231,826.161,407.541,1,61,,0.797053427684712,13.224653016331823
d01ea4c3-1912-46a0-9798-db3d3f9d2881,74b23a8e-ccad-453a-a0bd-2af02cb0a30b,1759834389843131231,826.119,411.181,1,61,,0.7938889387429217,12.990139625496964
d01ea4c3-1912-46a0-9798-db3d3f9d2881,74b23a8e-ccad-453a-a0bd-2af02cb0a30b,1759834389848131231,824.298,404.113,1,61,,0.6748615422327238,13.445667442260437
d01ea4c3-1912-46a0-9798-db3d3f9d2881,74b23a8e-ccad-453a-a0bd-2af02cb0a30b,1759834389853131231,827.075,401.466,1,61,,0.8578762154186336,13.615868880632517
d01ea4c3-1912-46a0-9798-db3d3f9d2881,74b23a8e-ccad-453a-a0bd-2af02cb0a30b,1759834389858131231,822.354,407.495,1,61,,0.5468267509869716,13.227944877696586
d01ea4c3-1912-46a0-9798-db3d3f9d2881,74b23a8e-ccad-453a-a0bd-2af02cb0a30b,1759834389863131231,823.014,406.997,1,61,,0.5902335563156605,13.259969528831673
d01ea4c3-1912-46a0-9798-db3d3f9d2881,74b23a8e-ccad-453a-a0bd-2af02cb0a30b,1759834389868131231,822.214,407.628,1,61,,0.537594282691537,13.219373722153216
d01ea4c3-1912-46a0-9798-db3d3f9d2881,74b23a8e-ccad-453a-a0bd-2af02cb0a30b,1759834389873132231,823.747,408.184,1,61,,0.638275957541326,13.183450913179446
d01ea4c3-1912-46a0-9798-db3d3f9d2881,74b23a8e-ccad-453a-a0bd-2af02cb0a30b,1759834389878131231,827.666,398.316,1,61,,0.8971405368971681,13.818669618298797
d01ea4c3-1912-46a0-9798-db3d3f9d2881,74b23a8e-ccad-453a-a0bd-2af02cb0a30b,1759834389883257231,825.991,406.767,1,61,,0.7859487524236276,13.274504193861729
d01ea4c3-1912-46a0-9798-db3d3f9d2881,74b23a8e-ccad-453a-a0bd-2af02cb0a30b,1759834389888256231,823.543,403.248,1,61,,0.625335656766566,13.501421121269546
d01ea4c3-1912-46a0-9798-db3d3f9d2881,74b23a8e-ccad-453a-a0bd-2af02cb0a30b,1759834389893260231,824.634,403.194,1,61,,0.6970593028581612,13.504785548841467
d01ea4c3-1912-46a0-9798-db3d3f9d2881,74b23a8e-ccad-453a-a0bd-2af02cb0a30b,1759834389898257231,823.653,403.694,1,61,,0.632483975774452,13.472684981000748
d01ea4c3-1912-46a0-9798-db3d3f9d2881,74b23a8e-ccad-453a-a0bd-2af02cb0a30b,1759834389903257231,824.051,405.058,1,61,,0.6585803627115938,13.384759643001782
d01ea4c3-1912-46a0-9798-db3d3f9d2881,74b23a8e-ccad-453a-a0bd-2af02cb0a30b,1759834389908257231,827.767,401.834,1,61,,0.9033507403809021,13.592055259062175
d01ea4c3-1912-46a0-9798-db3d3f9d2881,74b23a8e-ccad-453a-a0bd-2af02cb0a30b,1759834389913257231,828.158,403.264,1,61,,0.9288885837817389,13.499963404293963
d01ea4c3-1912-46a0-9798-db3d3f9d2881,74b23a8e-ccad-453a-a0bd-2af02cb0a30b,1759834389918263231,828.097,402.837,1,61,,0.9249073054500976,13.527432178561668
d01ea4c3-1912-46a0-9798-db3d3f9d2881,74b23a8e-ccad-453a-a0bd-2af02cb0a30b,1759834389923264231,826.665,403.374,1,61,,0.8306386405091629,13.493009748689179
d01ea4c3-1912-46a0-9798-db3d3f9d2881,74b23a8e-ccad-453a-a0bd-2af02cb0a30b,1759834389928257231,826.803,402.81,1,61,,0.8398194517116077,13.529355439899394
d01ea4c3-1912-46a0-9798-db3d3f9d2881,74b23a8e-ccad-453a-a0bd-2af02cb0a30b,1759834389933265231,827.88,399.613,1,61,,0.9110605176119163,13.735138898776011
d01ea4c3-1912-46a0-9798-db3d3f9d2881,74b23a8e-ccad-453a-a0bd-2af02cb0a30b,1759834389938257231,825.988,400.334,1,61,,0.7864856215835581,13.688866439109168
d01ea4c3-1912-46a0-9798-db3d3f9d2881,74b23a8e-ccad-453a-a0bd-2af02cb0a30b,1759834389943257231,825.477,399.446,1,61,,0.7529216209176577,13.74611795740973
d01ea4c3-1912-46a0-9798-db3d3f9d2881,74b23a8e-ccad-453a-a0bd-2af02cb0a30b,1759834389948261231,825.794,404.006,1,61,,0.7733144950333268,13.452397722643704
d01ea4c3-1912-46a0-9798-db3d3f9d2881,74b23a8e-ccad-453a-a0bd-2af02cb0a30b,1759834389953258231,829.936,394.867,1,61,,1.0471149038653458,14.040464412756236
d01ea4c3-1912-46a0-9798-db3d3f9d2881,74b23a8e-ccad-453a-a0bd-2af02cb0a30b,1759834389958257231,826.028,396.274,1,61,,0.7895329636469723,13.950368850332238
d01ea4c3-1912-46a0-9798-db3d3f9d2881,74b23a8e-ccad-453a-a0bd-2af02cb0a30b,1759834389963257231,824.726,396.081,1,61,,0.703821726845293,13.962894336778607
d01ea4c3-1912-46a0-9798-db3d3f9d2881,74b23a8e-ccad-453a-a0bd-2af02cb0a30b,1759834389968261231,823.381,397.945,1,61,,0.6151233195379402,13.843012805738676
d01ea4c3-1912-46a0-9798-db3d3f9d2881,74b23a8e-ccad-453a-a0bd-2af02cb0a30b,1759834389973257231,820.308,397.56,1,61,,0.41278518564997624,13.867975718409072
d01ea4c3-1912-46a0-9798-db3d3f9d2881,74b23a8e-ccad-453a-a0bd-2af02cb0a30b,1759834389978265231,821.856,397.802,1,61,,0.514690161278309,13.852327000913041
d01ea4c3-1912-46a0-9798-db3d3f9d2881,74b23a8e-ccad-453a-a0bd-2af02cb0a30b,1759834389983257231,823.235,408.811,1,61,,0.6045949754565013,13.143119338746098
d01ea4c3-1912-46a0-9798-db3d3f9d2881,74b23a8e-ccad-453a-a0bd-2af02cb0a30b,1759834389988257231,822.915,409.902,1,61,,0.5834956413233361,13.0728519388607
d01ea4c3-1912-46a0-9798-db3d3f9d2881,74b23a8e-ccad-453a-a0bd-2af02cb0a30b,1759834389993259231,824.476,408.723,1,61,,0.6861387813671782,13.148672695977664
d01ea4c3-1912-46a0-9798-db3d3f9d2881,74b23a8e-ccad-453a-a0bd-2af02cb0a30b,1759834389998257231,823.493,409.121,1,61,,0.6215243822315634,13.1230744175599
d01ea4c3-1912-46a0-9798-db3d3f9d2881,74b23a8e-ccad-453a-a0bd-2af02cb0a30b,1759834390003258231,826.9,405.66,1,61,,0.8458235427939155,13.345711335041802
d01ea4c3-1912-46a0-9798-db3d3f9d2881,74b23a8e-ccad-453a-a0bd-2af02cb0a30b,1759834390008258231,826.708,407.135,1,61,,0.8330501494007532,13.250762508620197
d01ea4c3-1912-46a0-9798-db3d3f9d2881,74b23a8e-ccad-453a-a0bd-2af02cb0a30b,1759834390013258231,822.635,404.414,1,61,,0.5654984617874951,13.4263790325428
d01ea4c3-1912-46a0-9798-db3d3f9d2881,74b23a8e-ccad-453a-a0bd-2af02cb0a30b,1759834390018392231,822.889,405.23,1,61,,0.5821382816830474,13.373779250091406
d01ea4c3-1912-46a0-9798-db3d3f9d2881,74b23a8e-ccad-453a-a0bd-2af02cb0a30b,1759834390023383231,823.65,404.925,1,61,,0.6321949552405516,13.393391591166473
d01ea4c3-1912-46a0-9798-db3d3f9d2881,74b23a8e-ccad-453a-a0bd-2af02cb0a30b,1759834390028383231,823.06,405.322,1,61,,0.5933605955514901,13.367877848560841
d01ea4c3-1912-46a0-9798-db3d3f9d2881,74b23a8e-ccad-453a-a0bd-2af02cb0a30b,1759834390033383231,825.42,408.298,1,61,,0.7482609234825063,13.175956478624292
d01ea4c3-1912-46a0-9798-db3d3f9d2881,74b23a8e-ccad-453a-a0bd-2af02cb0a30b,1759834390038383231,826.261,409.845,1,61,,0.8033533683625075,13.07619985672334
d01ea4c3-1912-46a0-9798-db3d3f9d2881,74b23a8e-ccad-453a-a0bd-2af02cb0a30b,1759834390043383231,826.072,411.547,1,61,,0.7907744345537117,12.966549875472001
d01ea4c3-1912-46a0-9798-db3d3f9d2881,74b23a8e-ccad-453a-a0bd-2af02cb0a30b,1759834390048384231,827.43,411.08,1,61,,0.8800188101974682,12.996502996314865
d01ea4c3-1912-46a0-9798-db3d3f9d2881,74b23a8e-ccad-453a-a0bd-2af02cb0a30b,1759834390053387231,824.776,407.893,1,61,,0.7059681624060862,13.202127467748218
d01ea4c3-1912-46a0-9798-db3d3f9d2881,74b23a8e-ccad-453a-a0bd-2af02cb0a30b,1759834390058383231,824.466,406.16,1,61,,0.6857573593043226,13.313761606398561
d01ea4c3-1912-46a0-9798-db3d3f9d2881,74b23a8e-ccad-453a-a0bd-2af02cb0a30b,1759834390063383231,822.887,412.614,1,61,,0.5814431681676259,12.898109029609873
d01ea4c3-1912-46a0-9798-db3d3f9d2881,74b23a8e-ccad-453a-a0bd-2af02cb0a30b,1759834390068383231,824.761,407.393,1,61,,0.7050088797249628,13.234336022657176
d01ea4c3-1912-46a0-9798-db3d3f9d2881,74b23a8e-ccad-453a-a0bd-2af02cb0a30b,1759834390073383231,823.484,389.841,1,61,,0.6225838971511547,14.364815539311317
d01ea4c3-1912-46a0-9798-db3d3f9d2881,74b23a8e-ccad-453a-a0bd-2af02cb0a30b,1759834390078383231,817.909,400.644,1,61,,0.254744793986625,13.669519189201244
d01ea4c3-1912-46a0-9798-db3d3f9d2881,74b23a8e-ccad-453a-a0bd-2af02cb0a30b,1759834390083383231,822.465,405.574,1,61,,0.5542285518905271,13.35165103499727
d01ea4c3-1912-46a0-9798-db3d3f9d2881,74b23a8e-ccad-453a-a0bd-2af02cb0a30b,1759834390088384231,823.614,407.658,1,61,,0.6296267420145613,13.21733002036062
d01ea4c3-1912-46a0-9798-db3d3f9d2881,74b23a8e-ccad-453a-a0bd-2af02cb0a30b,1759834390093383231,822.778,407.914,1,61,,0.5746464344121194,13.200911463341013
d01ea4c3-1912-46a0-9798-db3d3f9d2881,74b23a8e-ccad-453a-a0bd-2af02cb0a30b,1759834390098384231,823.901,407.618,1,61,,0.648465421590255,13.219876348373454
d01ea4c3-1912-46a0-9798-db3d3f9d2881,74b23a8e-ccad-453a-a0bd-2af02cb0a30b,1759834390103384231,826.28,408.908,1,61,,0.8046881940137223,13.13659572559291
d01ea4c3-1912-46a0-9798-db3d3f9d2881,74b23a8e-ccad-453a-a0bd-2af02cb0a30b,1759834390108384231,826.545,409.281,1,61,,0.8220729640802438,13.11249471620967
d01ea4c3-1912-46a0-9798-db3d3f9d2881,74b23a8e-ccad-453a-a0bd-2af02cb0a30b,1759834390113385231,826.358,411.732,1,61,,0.8095370928792593,12.954640274490416
d01ea4c3-1912-46a0-9798-db3d3f9d2881,74b23a8e-ccad-453a-a0bd-2af02cb0a30b,1759834390118384231,825.29,405.508,1,61,,0.7399875983220962,13.355668990401425
d01ea4c3-1912-46a0-9798-db3d3f9d2881,74b23a8e-ccad-453a-a0bd-2af02cb0a30b,1759834390123384231,826.065,404.917,1,61,,0.7909838359979161,13.39371549340651
d01ea4c3-1912-46a0-9798-db3d3f9d2881,74b23a8e-ccad-453a-a0bd-2af02cb0a30b,1759834390128384231,826.336,403.047,1,61,,0.8090619025822756,13.514085648918414
d01ea4c3-1912-46a0-9798-db3d3f9d2881,74b23a8e-ccad-453a-a0bd-2af02cb0a30b,1759834390133384231,828.158,405.703,1,61,,0.9285614609956668,13.342847881681774
d01ea4c3-1912-46a0-9798-db3d3f9d2881,74b23a8e-ccad-453a-a0bd-2af02cb0a30b,1759834390138384231,828.237,405.709,1,61,,0.9337052624008367,13.342462995920483
d01ea4c3-1912-46a0-9798-db3d3f9d2881,74b23a8e-ccad-453a-a0bd-2af02cb0a30b,1759834390143384231,829.13,404.955,1,61,,0.9925708272807695,13.390870038953931
d01ea4c3-1912-46a0-9798-db3d3f9d2881,74b23a8e-ccad-453a-a0bd-2af02cb0a30b,1759834390148384231,827.245,406.928,1,61,,0.868333049531626,13.263999403773045
d01ea4c3-1912-46a0-9798-db3d3f9d2881,74b23a8e-ccad-453a-a0bd-2af02cb0a30b,1759834390153512231,827.19,407.632,1,61,,0.8646244114259549,13.21865515531275
d01ea4c3-1912-46a0-9798-db3d3f9d2881,74b23a8e-ccad-453a-a0bd-2af02cb0a30b,1759834390158509231,826.043,408.703,1,61,,0.7891401422511459,13.14980773256516
d01ea4c3-1912-46a0-9798-db3d3f9d2881,74b23a8e-ccad-453a-a0bd-2af02cb0a30b,1759834390163509231,830.917,407.07,1,61,,1.1097054900314933,13.254456102715265
d01ea4c3-1912-46a0-9798-db3d3f9d2881,74b23a8e-ccad-453a-a0bd-2af02cb0a30b,1759834390168509231,828.752,407.61,1,61,,0.9673340458193338,13.219918954587929
d01ea4c3-1912-46a0-9798-db3d3f9d2881,74b23a8e-ccad-453a-a0bd-2af02cb0a30b,1759834390173514231,826.401,406.714,1,61,,0.8129093029330393,13.277886068259717
d01ea4c3-1912-46a0-9798-db3d3f9d2881,74b23a8e-ccad-453a-a0bd-2af02cb0a30b,1759834390178509231,827.447,406.46,1,61,,0.8816676976657732,13.294136166161953
d01ea4c3-1912-46a0-9798-db3d3f9d2881,74b23a8e-ccad-453a-a0bd-2af02cb0a30b,1759834390183509231,827.835,412.431,1,61,,0.906423665630082,12.909412512585039
d01ea4c3-1912-46a0-9798-db3d3f9d2881,74b23a8e-ccad-453a-a0bd-2af02cb0a30b,1759834390188509231,829.438,409.324,1,61,,1.0121523212322556,13.109428094276796
d01ea4c3-1912-46a0-9798-db3d3f9d2881,74b23a8e-ccad-453a-a0bd-2af02cb0a30b,1759834390193509231,830.16,407.527,1,61,,1.0598589290478935,13.225077341944782
d01ea4c3-1912-46a0-9798-db3d3f9d2881,74b23a8e-ccad-453a-a0bd-2af02cb0a30b,1759834390198509231,829.565,406.549,1,61,,1.020889437867107,13.288199322414142
d01ea4c3-1912-46a0-9798-db3d3f9d2881,74b23a8e-ccad-453a-a0bd-2af02cb0a30b,1759834390203519231,828.391,406.662,1,61,,0.9437409183975402,13.281043346858446
d01ea4c3-1912-46a0-9798-db3d3f9d2881,74b23a8e-ccad-453a-a0bd-2af02cb0a30b,1759834390208509231,829.302,406.006,1,61,,1.0036872143895632,13.323209152578578
d01ea4c3-1912-46a0-9798-db3d3f9d2881,74b23a8e-ccad-453a-a0bd-2af02cb0a30b,1759834390213513231,831.019,405.441,1,61,,1.116708485444033,13.35937410647561
d01ea4c3-1912-46a0-9798-db3d3f9d2881,74b23a8e-ccad-453a-a0bd-2af02cb0a30b,1759834390218510231,830.08,407.792,1,61,,1.0546112889355936,13.208015097382077
d01ea4c3-1912-46a0-9798-db3d3f9d2881,74b23a8e-ccad-453a-a0bd-2af02cb0a30b,1759834390223513231,829.473,405.633,1,61,,1.0150218100325155,13.34718328168649
d01ea4c3-1912-46a0-9798-db3d3f9d2881,74b23a8e-ccad-453a-a0bd-2af02cb0a30b,1759834390228510231,830.002,404.021,1,61,,1.0500302045624401,13.450984022129372
d01ea4c3-1912-46a0-9798-db3d3f9d2881,74b23a8e-ccad-453a-a0bd-2af02cb0a30b,1759834390233510231,830.476,412.16,1,61,,1.079905372833846,12.926610951878455
d01ea4c3-1912-46a0-9798-db3d3f9d2881,74b23a8e-ccad-453a-a0bd-2af02cb0a30b,1759834390238510231,823.898,411.983,1,61,,0.6478898383788168,12.938662159651834
d01ea4c3-1912-46a0-9798-db3d3f9d2881,74b23a8e-ccad-453a-a0bd-2af02cb0a30b,1759834390243510231,827.117,409.054,1,61,,0.8596996796486365,13.127062157866153
d01ea4c3-1912-46a0-9798-db3d3f9d2881,74b23a8e-ccad-453a-a0bd-2af02cb0a30b,1759834390248510231,825.454,408.542,1,61,,0.7504661637116882,13.160212987263277
d01ea4c3-1912-46a0-9798-db3d3f9d2881,74b23a8e-ccad-453a-a0bd-2af02cb0a30b,1759834390253513231,829.46,405.418,1,61,,1.014206925233716,13.361048689561002
d01ea4c3-1912-46a0-9798-db3d3f9d2881,74b23a8e-ccad-453a-a0bd-2af02cb0a30b,1759834390258510231,833.336,410.696,1,61,,1.2680410240422828,13.020517604505205
d01ea4c3-1912-46a0-9798-db3d3f9d2881,74b23a8e-ccad-453a-a0bd-2af02cb0a30b,1759834390263522231,831.813,411.232,1,61,,1.1678734708386567,12.986171224405645
d01ea4c3-1912-46a0-9798-db3d3f9d2881,74b23a8e-ccad-453a-a0bd-2af02cb0a30b,1759834390268510231,831.68,409.622,1,61,,1.1594307849972705,13.089921579064603
d01ea4c3-1912-46a0-9798-db3d3f9d2881,74b23a8e-ccad-453a-a0bd-2af02cb0a30b,1759834390273513231,832.646,416.022,1,61,,1.2217874843096188,12.677468319209488
d01ea4c3-1912-46a0-9798-db3d3f9d2881,74b23a8e-ccad-453a-a0bd-2af02cb0a30b,1759834390278510231,829.107,421.531,1,61,,0.9887813121668022,12.322887272619921
d01ea4c3-1912-46a0-9798-db3d3f9d2881,74b23a8e-ccad-453a-a0bd-2af02cb0a30b,1759834390283510231,826.16,410.782,1,61,,0.7966264633722695,13.015849208412451
d01ea4c3-1912-46a0-9798-db3d3f9d2881,74b23a8e-ccad-453a-a0bd-2af02cb0a30b,1759834390288635231,822.958,412.663,1,61,,0.5861135188256168,12.894919577683318
d01ea4c3-1912-46a0-9798-db3d3f9d2881,74b23a8e-ccad-453a-a0bd-2af02cb0a30b,1759834390293635231,823.521,414.007,1,61,,0.6229735454204597,12.808320784231254
d01ea4c3-1912-46a0-9798-db3d3f9d2881,74b23a8e-ccad-453a-a0bd-2af02cb0a30b,1759834390298638231,825.653,414.699,1,61,,0.7629185746220002,12.763544677497675
d01ea4c3-1912-46a0-9798-db3d3f9d2881,74b23a8e-ccad-453a-a0bd-2af02cb0a30b,1759834390303635231,831.51,415.717,1,61,,1.1472662394113513,12.697247709106616
d01ea4c3-1912-46a0-9798-db3d3f9d2881,74b23a8e-ccad-453a-a0bd-2af02cb0a30b,1759834390308635231,831.843,417.579,1,61,,1.168788869065926,12.577248489313149
d01ea4c3-1912-46a0-9798-db3d3f9d2881,74b23a8e-ccad-453a-a0bd-2af02cb0a30b,1759834390313636231,831.534,416.24,1,61,,1.1487246462120064,12.66356128683196
d01ea4c3-1912-46a0-9798-db3d3f9d2881,74b23a8e-ccad-453a-a0bd-2af02cb0a30b,1759834390318636231,831.885,418.695,1,61,,1.1714193155143995,12.505300574079447
d01ea4c3-1912-46a0-9798-db3d3f9d2881,74b23a8e-ccad-453a-a0bd-2af02cb0a30b,1759834390323636231,831.13,413.232,1,61,,1.1227069420411953,12.857431409807889
d01ea4c3-1912-46a0-9798-db3d3f9d2881,74b23a8e-ccad-453a-a0bd-2af02cb0a30b,1759834390328636231,830.071,411.891,1,61,,1.0533640276373712,12.943947732703204
d01ea4c3-1912-46a0-9798-db3d3f9d2881,74b23a8e-ccad-453a-a0bd-2af02cb0a30b,1759834390333636231,825.848,403.519,1,61,,0.7769001682945056,13.48377553946639
d01ea4c3-1912-46a0-9798-db3d3f9d2881,74b23a8e-ccad-453a-a0bd-2af02cb0a30b,1759834390338639231,823.541,415.196,1,61,,0.6242300446501104,12.731674462294412
d01ea4c3-1912-46a0-9798-db3d3f9d2881,74b23a8e-ccad-453a-a0bd-2af02cb0a30b,1759834390343636231,829.485,414.627,1,61,,1.014483354516919,12.767735621903585
d01ea4c3-1912-46a0-9798-db3d3f9d2881,74b23a8e-ccad-453a-a0bd-2af02cb0a30b,1759834390348636231,829.049,427.682,1,61,,0.9841272777450273,11.926405908988906
d01ea4c3-1912-46a0-9798-db3d3f9d2881,74b23a8e-ccad-453a-a0bd-2af02cb0a30b,1759834390353636231,830.436,420.326,1,,,1.0760615507339393,12.400406134249973
d01ea4c3-1912-46a0-9798-db3d3f9d2881,74b23a8e-ccad-453a-a0bd-2af02cb0a30b,1759834390358636231,831.86,419.265,1,,,1.1696855981806256,12.468622844499196
d01ea4c3-1912-46a0-9798-db3d3f9d2881,74b23a8e-ccad-453a-a0bd-2af02cb0a30b,1759834390363636231,823.344,422.965,1,,,0.610671826274056,12.231006974336704
d01ea4c3-1912-46a0-9798-db3d3f9d2881,74b23a8e-ccad-453a-a0bd-2af02cb0a30b,1759834390368636231,824.048,428.784,1,,,0.6563878405634397,11.85582463273025
d01ea4c3-1912-46a0-9798-db3d3f9d2881,74b23a8e-ccad-453a-a0bd-2af02cb0a30b,1759834390373636231,799.866,429.838,1,,,-0.9277805697949143,11.788003747639106
d01ea4c3-1912-46a0-9798-db3d3f9d2881,74b23a8e-ccad-453a-a0bd-2af02cb0a30b,1759834390378643231,781.448,440.115,1,,,-2.131097820004788,11.123249705697585
d01ea4c3-1912-46a0-9798-db3d3f9d2881,74b23a8e-ccad-453a-a0bd-2af02cb0a30b,1759834390383636231,760.782,435.128,1,,,-3.4854168400515917,11.440049101465371
d01ea4c3-1912-46a0-9798-db3d3f9d2881,74b23a8e-ccad-453a-a0bd-2af02cb0a30b,1759834390388636231,741.415,441.151,1,,,-4.748828104730023,11.045476082584031
d01ea4c3-1912-46a0-9798-db3d3f9d2881,74b23a8e-ccad-453a-a0bd-2af02cb0a30b,1759834390393636231,743.937,441.781,1,62,,-4.5835107129352055,11.005835902234292
d01ea4c3-1912-46a0-9798-db3d3f9d2881,74b23a8e-ccad-453a-a0bd-2af02cb0a30b,1759834390398636231,746.968,445.754,1,62,,-4.382946417063072,10.750947560190482
d01ea4c3-1912-46a0-9798-db3d3f9d2881,74b23a8e-ccad-453a-a0bd-2af02cb0a30b,1759834390403636231,751.078,445.947,1,62,,-4.1142993913735255,10.739878600375478
d01ea4c3-1912-46a0-9798-db3d3f9d2881,74b23a8e-ccad-453a-a0bd-2af02cb0a30b,1759834390408639231,751.088,447.939,1,62,,-4.112514842495593,10.611483762915428
d01ea4c3-1912-46a0-9798-db3d3f9d2881,74b23a8e-ccad-453a-a0bd-2af02cb0a30b,1759834390413636231,751.694,445.209,1,62,,-4.074425861765965,10.787594473473469
d01ea4c3-1912-46a0-9798-db3d3f9d2881,74b23a8e-ccad-453a-a0bd-2af02cb0a30b,1759834390418637231,752.936,448.196,1,62,,-3.9916244424404255,10.59547986181129
d01ea4c3-1912-46a0-9798-db3d3f9d2881,74b23a8e-ccad-453a-a0bd-2af02cb0a30b,1759834390423762231,755.407,446.737,1,62,,-3.830930544979461,10.69030602071383
d01ea4c3-1912-46a0-9798-db3d3f9d2881,74b23a8e-ccad-453a-a0bd-2af02cb0a30b,1759834390428762231,756.427,450.931,1,62,,-3.7621728637578866,10.42019890038233
d01ea4c3-1912-46a0-9798-db3d3f9d2881,74b23a8e-ccad-453a-a0bd-2af02cb0a30b,1759834390433646231,755.961,451.333,1,62,,-3.7924076672693365,10.394136660668746
d01ea4c3-1912-46a0-9798-db3d3f9d2881,74b23a8e-ccad-453a-a0bd-2af02cb0a30b,1759834390438762231,755.952,450.784,1,62,,-3.7932793809990977,10.42955935289885
d01ea4c3-1912-46a0-9798-db3d3f9d2881,74b23a8e-ccad-453a-a0bd-2af02cb0a30b,1759834390443762231,755.852,450.118,1,62,,-3.8001663251192257,10.472446705502637
d01ea4c3-1912-46a0-9798-db3d3f9d2881,74b23a8e-ccad-453a-a0bd-2af02cb0a30b,1759834390448762231,756.027,451.218,1,62,,-3.7882042058392815,10.401610094846411
d01ea4c3-1912-46a0-9798-db3d3f9d2881,74b23a8e-ccad-453a-a0bd-2af02cb0a30b,1759834390453762231,754.855,448.49,1,62,,-3.866139637042751,10.577124950203375
d01ea4c3-1912-46a0-9798-db3d3f9d2881,74b23a8e-ccad-453a-a0bd-2af02cb0a30b,1759834390458766231,755.552,450.867,1,62,,-3.819399798846937,10.42411576857595
d01ea4c3-1912-46a0-9798-db3d3f9d2881,74b23a8e-ccad-453a-a0bd-2af02cb0a30b,1759834390463762231,759.593,448.902,1,62,,-3.556354919489471,10.551885178722483
d01ea4c3-1912-46a0-9798-db3d3f9d2881,74b23a8e-ccad-453a-a0bd-2af02cb0a30b,1759834390468776231,758.782,447.084,1,62,,-3.6102359438892613,10.66890365357629
d01ea4c3-1912-46a0-9798-db3d3f9d2881,74b23a8e-ccad-453a-a0bd-2af02cb0a30b,1759834390473762231,757.773,449.427,1,62,,-3.6750138813327338,10.517554235154684
d01ea4c3-1912-46a0-9798-db3d3f9d2881,74b23a8e-ccad-453a-a0bd-2af02cb0a30b,1759834390478762231,756.224,449.439,1,62,,-3.7761792756491577,10.516319340774508
d01ea4c3-1912-46a0-9798-db3d3f9d2881,74b23a8e-ccad-453a-a0bd-2af02cb0a30b,1759834390483762231,757.945,446.798,1,62,,-3.665052904395307,10.687050361444555
d01ea4c3-1912-46a0-9798-db3d3f9d2881,74b23a8e-ccad-453a-a0bd-2af02cb0a30b,1759834390488762231,756.096,448.423,1,62,,-3.7850721967506886,10.581829727447023
d01ea4c3-1912-46a0-9798-db3d3f9d2881,74b23a8e-ccad-453a-a0bd-2af02cb0a30b,1759834390493771231,761.125,450.187,1,62,,-3.4556959444269366,10.469472675699615
d01ea4c3-1912-46a0-9798-db3d3f9d2881,74b23a8e-ccad-453a-a0bd-2af02cb0a30b,1759834390498762231,756.808,450.159,1,62,,-3.737702961379133,10.47011018135664
d01ea4c3-1912-46a0-9798-db3d3f9d2881,74b23a8e-ccad-453a-a0bd-2af02cb0a30b,1759834390503762231,755.696,451.171,1,62,,-3.8097965570375374,10.404560453381865
d01ea4c3-1912-46a0-9798-db3d3f9d2881,74b23a8e-ccad-453a-a0bd-2af02cb0a30b,1759834390508762231,755.818,452.258,1,62,,-3.801307904965089,10.334488537104242
d01ea4c3-1912-46a0-9798-db3d3f9d2881,74b23a8e-ccad-453a-a0bd-2af02cb0a30b,1759834390513762231,755.284,448.102,1,62,,-3.838254608871974,10.602249400944032
d01ea4c3-1912-46a0-9798-db3d3f9d2881,74b23a8e-ccad-453a-a0bd-2af02cb0a30b,1759834390518762231,754.668,451.821,1,62,,-3.876640349973311,10.362341026289714
d01ea4c3-1912-46a0-9798-db3d3f9d2881,74b23a8e-ccad-453a-a0bd-2af02cb0a30b,1759834390523762231,752.179,440.197,1,62,,-4.045495072065683,11.110758806538138
d01ea4c3-1912-46a0-9798-db3d3f9d2881,74b23a8e-ccad-453a-a0bd-2af02cb0a30b,1759834390528763231,757.22,446.681,1,62,,-3.7125341097995594,10.694393415993565
d01ea4c3-1912-46a0-9798-db3d3f9d2881,74b23a8e-ccad-453a-a0bd-2af02cb0a30b,1759834390533763231,749.719,441.261,1,62,,-4.205810639719431,11.041378705071853
d01ea4c3-1912-46a0-9798-db3d3f9d2881,74b23a8e-ccad-453a-a0bd-2af02cb0a30b,1759834390538768231,750.811,447.341,1,62,,-4.130965128526211,10.649901716122905
d01ea4c3-1912-46a0-9798-db3d3f9d2881,74b23a8e-ccad-453a-a0bd-2af02cb0a30b,1759834390543763231,752.895,441.168,1,62,,-3.9981360054035604,11.048417771545786
d01ea4c3-1912-46a0-9798-db3d3f9d2881,74b23a8e-ccad-453a-a0bd-2af02cb0a30b,1759834390548763231,752.563,446.714,1,62,,-4.016774612032149,10.69088236227903
d01ea4c3-1912-46a0-9798-db3d3f9d2881,74b23a8e-ccad-453a-a0bd-2af02cb0a30b,1759834390553763231,753.219,446.416,1,62,,-3.9741326024067356,10.710324682849713
d01ea4c3-1912-46a0-9798-db3d3f9d2881,74b23a8e-ccad-453a-a0bd-2af02cb0a30b,1759834390558763231,757.728,453.67,1,62,,-3.675920689065365,10.24399491776445
d01ea4c3-1912-46a0-9798-db3d3f9d2881,74b23a8e-ccad-453a-a0bd-2af02cb0a30b,1759834390563767231,758.809,454.883,1,62,,-3.604784496519206,10.166091242025827
d01ea4c3-1912-46a0-9798-db3d3f9d2881,74b23a8e-ccad-453a-a0bd-2af02cb0a30b,1759834390568888231,760.668,448.117,1,62,,-3.486502652834277,10.6027816173431
d01ea4c3-1912-46a0-9798-db3d3f9d2881,74b23a8e-ccad-453a-a0bd-2af02cb0a30b,1759834390573893231,757.817,450.72,1,62,,-3.671503119339757,10.434185225460663
d01ea4c3-1912-46a0-9798-db3d3f9d2881,74b23a8e-ccad-453a-a0bd-2af02cb0a30b,1759834390578888231,759.215,448.996,1,62,,-3.5810441515834164,10.54572784264825
d01ea4c3-1912-46a0-9798-db3d3f9d2881,74b23a8e-ccad-453a-a0bd-2af02cb0a30b,1759834390583888231,760.217,449.074,1,62,,-3.5155149965946677,10.540966996002883
d01ea4c3-1912-46a0-9798-db3d3f9d2881,74b23a8e-ccad-453a-a0bd-2af02cb0a30b,1759834390588888231,760.862,449.024,1,62,,-3.4734240350509364,10.544401097967233
d01ea4c3-1912-46a0-9798-db3d3f9d2881,74b23a8e-ccad-453a-a0bd-2af02cb0a30b,1759834390593888231,757.34,449.626,1,62,,-3.7032163095476553,10.50461140225672
d01ea4c3-1912-46a0-9798-db3d3f9d2881,74b23a8e-ccad-453a-a0bd-2af02cb0a30b,1759834390598888231,760.188,452.162,1,62,,-3.515999392233144,10.341854520535657
d01ea4c3-1912-46a0-9798-db3d3f9d2881,74b23a8e-ccad-453a-a0bd-2af02cb0a30b,1759834390603891231,759.404,450.923,1,62,,-3.5677645070924684,10.421582557308213
d01ea4c3-1912-46a0-9798-db3d3f9d2881,74b23a8e-ccad-453a-a0bd-2af02cb0a30b,1759834390608892231,756.25,445.207,1,62,,-3.7766187618622875,10.789172333284956
d01ea4c3-1912-46a0-9798-db3d3f9d2881,74b23a8e-ccad-453a-a0bd-2af02cb0a30b,1759834390613888231,757.147,445.241,1,62,,-3.717987220930669,10.787200022608223
d01ea4c3-1912-46a0-9798-db3d3f9d2881,74b23a8e-ccad-453a-a0bd-2af02cb0a30b,1759834390618893231,756.728,451.437,1,62,,-3.742276294964464,10.3876793646453
d01ea4c3-1912-46a0-9798-db3d3f9d2881,74b23a8e-ccad-453a-a0bd-2af02cb0a30b,1759834390623889231,762.055,448.375,1,62,,-3.395772785306486,10.58653003078297
d01ea4c3-1912-46a0-9798-db3d3f9d2881,74b23a8e-ccad-453a-a0bd-2af02cb0a30b,1759834390628888231,762.368,443.806,1,62,,-3.377406475595635,10.88114468853451
d01ea4c3-1912-46a0-9798-db3d3f9d2881,74b23a8e-ccad-453a-a0bd-2af02cb0a30b,1759834390633889231,760.678,444.771,1,62,,-3.4874470484781988,10.81852931283876
d01ea4c3-1912-46a0-9798-db3d3f9d2881,74b23a8e-ccad-453a-a0bd-2af02cb0a30b,1759834390638889231,762.366,444.549,1,62,,-3.377236738882068,10.833291650857767
d01ea4c3-1912-46a0-9798-db3d3f9d2881,74b23a8e-ccad-453a-a0bd-2af02cb0a30b,1759834390643889231,760.818,443.653,1,62,,-3.4788419413322527,10.890636095487025
d01ea4c3-1912-46a0-9798-db3d3f9d2881,74b23a8e-ccad-453a-a0bd-2af02cb0a30b,1759834390648889231,760.776,442.845,1,62,,-3.4819803302782173,10.942684022038314
d01ea4c3-1912-46a0-9798-db3d3f9d2881,74b23a8e-ccad-453a-a0bd-2af02cb0a30b,1759834390653889231,760.055,440.938,1,62,,-3.530060680418396,11.065434082342408
d01ea4c3-1912-46a0-9798-db3d3f9d2881,74b23a8e-ccad-453a-a0bd-2af02cb0a30b,1759834390658889231,757.096,441.141,1,62,,-3.7234627941963074,11.051491982528598
d01ea4c3-1912-46a0-9798-db3d3f9d2881,74b23a8e-ccad-453a-a0bd-2af02cb0a30b,1759834390663889231,757.882,443.401,1,62,,-3.670899425345087,10.906027949436561
d01ea4c3-1912-46a0-9798-db3d3f9d2881,74b23a8e-ccad-453a-a0bd-2af02cb0a30b,1759834390668889231,757.284,444.047,1,62,,-3.709633663173752,10.864214167018504
d01ea4c3-1912-46a0-9798-db3d3f9d2881,74b23a8e-ccad-453a-a0bd-2af02cb0a30b,1759834390673889231,764.321,445.041,1,62,,-3.249179641342325,10.802039253185612
d01ea4c3-1912-46a0-9798-db3d3f9d2881,74b23a8e-ccad-453a-a0bd-2af02cb0a30b,1759834390678889231,761.879,445.043,1,62,,-3.408800362708616,10.801323488820204
d01ea4c3-1912-46a0-9798-db3d3f9d2881,74b23a8e-ccad-453a-a0bd-2af02cb0a30b,1759834390683889231,762.52,442.613,1,62,,-3.3680440672516787,10.958126558280359
d01ea4c3-1912-46a0-9798-db3d3f9d2881,74b23a8e-ccad-453a-a0bd-2af02cb0a30b,1759834390688906231,757.585,445.089,1,62,,-3.689473269693813,10.797162421835532
d01ea4c3-1912-46a0-9798-db3d3f9d2881,74b23a8e-ccad-453a-a0bd-2af02cb0a30b,1759834390693889231,758.444,444.642,1,62,,-3.633513026855485,10.82619777073093
d01ea4c3-1912-46a0-9798-db3d3f9d2881,74b23a8e-ccad-453a-a0bd-2af02cb0a30b,1759834390699014231,758.676,443.165,1,62,,-3.619108384213882,10.921473554558707
d01ea4c3-1912-46a0-9798-db3d3f9d2881,74b23a8e-ccad-453a-a0bd-2af02cb0a30b,1759834390703897231,759.098,441.246,1,62,,-3.592490118320175,11.04528211444452
d01ea4c3-1912-46a0-9798-db3d3f9d2881,74b23a8e-ccad-453a-a0bd-2af02cb0a30b,1759834390709021231,758.688,439.404,1,62,,-3.6202427786875377,11.163878516695672
d01ea4c3-1912-46a0-9798-db3d3f9d2881,74b23a8e-ccad-453a-a0bd-2af02cb0a30b,1759834390714014231,760.18,439.209,1,62,,-3.5226968864609534,11.176865271310804
d01ea4c3-1912-46a0-9798-db3d3f9d2881,74b23a8e-ccad-453a-a0bd-2af02cb0a30b,1759834390719014231,760.976,437.972,1,62,,-3.4712572379086035,11.256860456793973
d01ea4c3-1912-46a0-9798-db3d3f9d2881,74b23a8e-ccad-453a-a0bd-2af02cb0a30b,1759834390724014231,759.873,438.328,1,62,,-3.5432674163241,11.233570253555456
d01ea4c3-1912-46a0-9798-db3d3f9d2881,74b23a8e-ccad-453a-a0bd-2af02cb0a30b,1759834390729015231,760.882,434.718,1,62,,-3.4790652316554,11.466529754508498
d01ea4c3-1912-46a0-9798-db3d3f9d2881,74b23a8e-ccad-453a-a0bd-2af02cb0a30b,1759834390734014231,761.162,434.408,1,62,,-3.4609079809556436,11.486553080040395
d01ea4c3-1912-46a0-9798-db3d3f9d2881,74b23a8e-ccad-453a-a0bd-2af02cb0a30b,1759834390739018231,760.493,435.423,1,62,,-3.504166215690749,11.420948716132685
d01ea4c3-1912-46a0-9798-db3d3f9d2881,74b23a8e-ccad-453a-a0bd-2af02cb0a30b,1759834390744015231,759.881,436.914,1,62,,-3.5434575058600863,11.324687201510915
d01ea4c3-1912-46a0-9798-db3d3f9d2881,74b23a8e-ccad-453a-a0bd-2af02cb0a30b,1759834390749019231,758.717,438.34,1,62,,-3.6188974919745274,11.232494563130453
d01ea4c3-1912-46a0-9798-db3d3f9d2881,74b23a8e-ccad-453a-a0bd-2af02cb0a30b,1759834390754015231,759.031,436.724,1,62,,-3.5991858630564653,11.336693005645392
d01ea4c3-1912-46a0-9798-db3d3f9d2881,74b23a8e-ccad-453a-a0bd-2af02cb0a30b,1759834390759015231,759.419,433.212,1,62,,-3.575583000419626,11.56312517096687
d01ea4c3-1912-46a0-9798-db3d3f9d2881,74b23a8e-ccad-453a-a0bd-2af02cb0a30b,1759834390764018231,759.91,438.528,1,62,,-3.5407186355512583,11.220694460742871
d01ea4c3-1912-46a0-9798-db3d3f9d2881,74b23a8e-ccad-453a-a0bd-2af02cb0a30b,1759834390769015231,760.924,437.684,1,62,,-3.4748184442438284,11.27536345663353
d01ea4c3-1912-46a0-9798-db3d3f9d2881,74b23a8e-ccad-453a-a0bd-2af02cb0a30b,1759834390774018231,759.313,435.4,1,62,,-3.5813715719541563,11.422120124203484
d01ea4c3-1912-46a0-9798-db3d3f9d2881,74b23a8e-ccad-453a-a0bd-2af02cb0a30b,1759834390779027231,757.612,437.679,1,62,,-3.6914908807151714,11.274759054898128
d01ea4c3-1912-46a0-9798-db3d3f9d2881,74b23a8e-ccad-453a-a0bd-2af02cb0a30b,1759834390784015231,762.735,438.421,1,62,,-3.3559940832747777,11.228352662617093
d01ea4c3-1912-46a0-9798-db3d3f9d2881,74b23a8e-ccad-453a-a0bd-2af02cb0a30b,1759834390789015231,761.176,437.886,1,62,,-3.4582417851623566,11.262443663201745
d01ea4c3-1912-46a0-9798-db3d3f9d2881,74b23a8e-ccad-453a-a0bd-2af02cb0a30b,1759834390794017231,761.295,437.393,1,62,,-3.4506663216723457,11.294235287150693
d01ea4c3-1912-46a0-9798-db3d3f9d2881,74b23a8e-ccad-453a-a0bd-2af02cb0a30b,1759834390799015231,763.829,438.006,1,62,,-3.284584898745413,11.255438844578485
d01ea4c3-1912-46a0-9798-db3d3f9d2881,74b23a8e-ccad-453a-a0bd-2af02cb0a30b,1759834390804015231,760.178,445.147,1,62,,-3.519972565729804,10.794138062186388
d01ea4c3-1912-46a0-9798-db3d3f9d2881,74b23a8e-ccad-453a-a0bd-2af02cb0a30b,1759834390809015231,762.653,440.561,1,62,,-3.3602812740916264,11.090440528336016
d01ea4c3-1912-46a0-9798-db3d3f9d2881,74b23a8e-ccad-453a-a0bd-2af02cb0a30b,1759834390814021231,764.27,440.596,1,62,,-3.2545464266526323,11.08860526769201
d01ea4c3-1912-46a0-9798-db3d3f9d2881,74b23a8e-ccad-453a-a0bd-2af02cb0a30b,1759834390819015231,762.208,440.512,1,62,,-3.3894093480890866,11.093432888670774
d01ea4c3-1912-46a0-9798-db3d3f9d2881,74b23a8e-ccad-453a-a0bd-2af02cb0a30b,1759834390824016231,763.149,437.612,1,62,,-3.3292348254336273,11.280642166279709
d01ea4c3-1912-46a0-9798-db3d3f9d2881,74b23a8e-ccad-453a-a0bd-2af02cb0a30b,1759834390829015231,763.669,438.784,1,62,,-3.2946849701588654,11.205212183938132
d01ea4c3-1912-46a0-9798-db3d3f9d2881,74b23a8e-ccad-453a-a0bd-2af02cb0a30b,1759834390834141231,758.187,438.848,1,62,,-3.653304363362177,11.199548637792251
d01ea4c3-1912-46a0-9798-db3d3f9d2881,74b23a8e-ccad-453a-a0bd-2af02cb0a30b,1759834390839141231,760.451,439.685,1,62,,-3.504769279447568,11.146250667848317
d01ea4c3-1912-46a0-9798-db3d3f9d2881,74b23a8e-ccad-453a-a0bd-2af02cb0a30b,1759834390844141231,760.407,437.62,1,62,,-3.508659192107628,11.279347379312314
d01ea4c3-1912-46a0-9798-db3d3f9d2881,74b23a8e-ccad-453a-a0bd-2af02cb0a30b,1759834390849146231,762.163,435.294,1,62,,-3.3948947814387678,11.429775191230688
d01ea4c3-1912-46a0-9798-db3d3f9d2881,74b23a8e-ccad-453a-a0bd-2af02cb0a30b,1759834390854141231,761.212,435.392,1,62,,-3.4571125232699136,11.423184391808787
d01ea4c3-1912-46a0-9798-db3d3f9d2881,74b23a8e-ccad-453a-a0bd-2af02cb0a30b,1759834390859141231,761.433,433.389,1,62,,-3.443675376625362,11.55231940342633
d01ea4c3-1912-46a0-9798-db3d3f9d2881,74b23a8e-ccad-453a-a0bd-2af02cb0a30b,1759834390864153231,762.929,438.573,1,62,,-3.3432037583695773,11.218645422470038
d01ea4c3-1912-46a0-9798-db3d3f9d2881,74b23a8e-ccad-453a-a0bd-2af02cb0a30b,1759834390869141231,755.929,439.859,1,62,,-3.80047828357524,11.133721832901257
d01ea4c3-1912-46a0-9798-db3d3f9d2881,74b23a8e-ccad-453a-a0bd-2af02cb0a30b,1759834390874144231,757.565,440.951,1,62,,-3.6928984416776194,11.063833964340544
d01ea4c3-1912-46a0-9798-db3d3f9d2881,74b23a8e-ccad-453a-a0bd-2af02cb0a30b,1759834390879141231,759.909,443.551,1,62,,-3.5382774317682135,10.896943740510654
d01ea4c3-1912-46a0-9798-db3d3f9d2881,74b23a8e-ccad-453a-a0bd-2af02cb0a30b,1759834390884141231,760.486,448.246,1,,,-3.4983537129754776,10.594412325796231
d01ea4c3-1912-46a0-9798-db3d3f9d2881,74b23a8e-ccad-453a-a0bd-2af02cb0a30b,1759834390889141231,761.234,441.355,1,,,-3.45269986943242,11.038861519296503
d01ea4c3-1912-46a0-9798-db3d3f9d2881,74b23a8e-ccad-453a-a0bd-2af02cb0a30b,1759834390894141231,763.051,434.39,1,,,-3.337258054876584,11.488269583807513
d01ea4c3-1912-46a0-9798-db3d3f9d2881,74b23a8e-ccad-453a-a0bd-2af02cb0a30b,1759834390899141231,762.889,436.272,1,,,-3.346905454720693,11.3669389591736
d01ea4c3-1912-46a0-9798-db3d3f9d2881,74b23a8e-ccad-453a-a0bd-2af02cb0a30b,1759834390904141231,760.977,441.819,1,,,-3.4693307387057044,11.008885655534312
d01ea4c3-1912-46a0-9798-db3d3f9d2881,74b23a8e-ccad-453a-a0bd-2af02cb0a30b,1759834390909144231,760.775,440.793,1,,,-3.4830140503681255,11.074962153867997
d01ea4c3-1912-46a0-9798-db3d3f9d2881,74b23a8e-ccad-453a-a0bd-2af02cb0a30b,1759834390914141231,762.124,437.971,1,,,-3.396183498292414,11.25720560346004
d01ea4c3-1912-46a0-9798-db3d3f9d2881,74b23a8e-ccad-453a-a0bd-2af02cb0a30b,1759834390919146231,760.219,440.274,1,,,-3.519627452779399,11.108226561945584
d01ea4c3-1912-46a0-9798-db3d3f9d2881,74b23a8e-ccad-453a-a0bd-2af02cb0a30b,1759834390924141231,760.655,443.646,1,,,-3.489463213058616,10.89103876249761
d01ea4c3-1912-46a0-9798-db3d3f9d2881,74b23a8e-ccad-453a-a0bd-2af02cb0a30b,1759834390929142231,760.604,442.446,1,,,-3.493415346871119,10.968350462471284
d01ea4c3-1912-46a0-9798-db3d3f9d2881,74b23a8e-ccad-453a-a0bd-2af02cb0a30b,1759834390934141231,761.444,442.457,1,,,-3.438499943978651,10.967865345734815
d01ea4c3-1912-46a0-9798-db3d3f9d2881,74b23a8e-ccad-453a-a0bd-2af02cb0a30b,1759834390939142231,762.63,441.796,1,,,-3.3612512311662304,11.010781298956235
d01ea4c3-1912-46a0-9798-db3d3f9d2881,74b23a8e-ccad-453a-a0bd-2af02cb0a30b,1759834390944142231,761.808,443.823,1,,,-3.4140403479135606,10.8799354603783
d01ea4c3-1912-46a0-9798-db3d3f9d2881,74b23a8e-ccad-453a-a0bd-2af02cb0a30b,1759834390949142231,760.561,444.558,1,,,-3.4951733286571054,10.832222866449372
d01ea4c3-1912-46a0-9798-db3d3f9d2881,74b23a8e-ccad-453a-a0bd-2af02cb0a30b,1759834390954142231,763.958,445.353,1,,,-3.2727975362223383,10.781827868231
d01ea4c3-1912-46a0-9798-db3d3f9d2881,74b23a8e-ccad-453a-a0bd-2af02cb0a30b,1759834390959142231,763.212,445.905,1,,,-3.3213137869672256,10.746099115207489
d01ea4c3-1912-46a0-9798-db3d3f9d2881,74b23a8e-ccad-453a-a0bd-2af02cb0a30b,1759834390964142231,763.493,448.523,1,,,-3.3017669815904283,10.577358472451884
d01ea4c3-1912-46a0-9798-db3d3f9d2881,74b23a8e-ccad-453a-a0bd-2af02cb0a30b,1759834390969146231,764.048,451.023,1,,,-3.264392653507986,10.416290100746156
d01ea4c3-1912-46a0-9798-db3d3f9d2881,74b23a8e-ccad-453a-a0bd-2af02cb0a30b,1759834390974267231,760.136,446.655,1,,,-3.521962435657477,10.696886643931295
d01ea4c3-1912-46a0-9798-db3d3f9d2881,74b23a8e-ccad-453a-a0bd-2af02cb0a30b,1759834390979276231,759.593,448.525,1,,,-3.5565622260236514,10.576216103234689
d01ea4c3-1912-46a0-9798-db3d3f9d2881,74b23a8e-ccad-453a-a0bd-2af02cb0a30b,1759834390984267231,759.605,449.259,1,,,-3.555428311297548,10.528878782517069
d01ea4c3-1912-46a0-9798-db3d3f9d2881,74b23a8e-ccad-453a-a0bd-2af02cb0a30b,1759834390989267231,758.114,450.864,1,,,-3.6520799192785987,10.424982021278653
d01ea4c3-1912-46a0-9798-db3d3f9d2881,74b23a8e-ccad-453a-a0bd-2af02cb0a30b,1759834390994271231,757.786,451.654,1,,,-3.67305784018581,10.373978635626127
d01ea4c3-1912-46a0-9798-db3d3f9d2881,74b23a8e-ccad-453a-a0bd-2af02cb0a30b,1759834390999267231,761.7,446.073,1,,,-3.420020628896732,10.73487026914808
d01ea4c3-1912-46a0-9798-db3d3f9d2881,74b23a8e-ccad-453a-a0bd-2af02cb0a30b,1759834391004268231,762.378,446.091,1,,,-3.3756829432763564,10.733858791610768
d01ea4c3-1912-46a0-9798-db3d3f9d2881,74b23a8e-ccad-453a-a0bd-2af02cb0a30b,1759834391009267231,766.449,449.711,1,,,-3.1081131098789956,10.501462282828065
d01ea4c3-1912-46a0-9798-db3d3f9d2881,74b23a8e-ccad-453a-a0bd-2af02cb0a30b,1759834391014267231,765.667,448.784,1,,,-3.1596082057283366,10.56104638624602
d01ea4c3-1912-46a0-9798-db3d3f9d2881,74b23a8e-ccad-453a-a0bd-2af02cb0a30b,1759834391019277231,764.986,451.079,1,,,-3.2030929449569725,10.412929016664089
d01ea4c3-1912-46a0-9798-db3d3f9d2881,74b23a8e-ccad-453a-a0bd-2af02cb0a30b,1759834391024267231,766.185,453.416,1,,,-3.1238372053423897,10.262508261270103
d01ea4c3-1912-46a0-9798-db3d3f9d2881,74b23a8e-ccad-453a-a0bd-2af02cb0a30b,1759834391029267231,762.725,453.719,1,,,-3.3496582036531724,10.242124182672386
