section id,recording id,timestamp [ns],gaze x [px],gaze y [px],worn,fixation id,blink id,azimuth [deg],elevation [deg]
648286a4-8d21-418c-8c47-cd2ace0c239f,c2ca9808-766d-490c-9422-9a90cd68289e,1760608101546454326,718.4,470.021,1,,,-6.230723948417886,9.176296844663124
648286a4-8d21-418c-8c47-cd2ace0c239f,c2ca9808-766d-490c-9422-9a90cd68289e,1760608101551454326,720.121,472.609,1,,,-6.1168393860236625,9.01028454805176
648286a4-8d21-418c-8c47-cd2ace0c239f,c2ca9808-766d-490c-9422-9a90cd68289e,1760608101556458326,719.251,474.808,1,,,-6.171949137336498,8.868261489955342
648286a4-8d21-418c-8c47-cd2ace0c239f,c2ca9808-766d-490c-9422-9a90cd68289e,1760608101561466326,722.183,475.837,1,,,-5.980417179954033,8.803132956067682
648286a4-8d21-418c-8c47-cd2ace0c239f,c2ca9808-766d-490c-9422-9a90cd68289e,1760608101566579326,721.794,476.432,1,,,-6.005323473520905,8.764644162840094
648286a4-8d21-418c-8c47-cd2ace0c239f,c2ca9808-766d-490c-9422-9a90cd68289e,1760608101571579326,719.291,482.97,1,,,-6.163965676678723,8.342387876579128
648286a4-8d21-418c-8c47-cd2ace0c239f,c2ca9808-766d-490c-9422-9a90cd68289e,1760608101576579326,721.453,481.65,1,,,-6.0241886219472285,8.428249294213236
648286a4-8d21-418c-8c47-cd2ace0c239f,c2ca9808-766d-490c-9422-9a90cd68289e,1760608101581590326,721.439,482.62,1,,,-6.024490061890122,8.365708888585646
648286a4-8d21-418c-8c47-cd2ace0c239f,c2ca9808-766d-490c-9422-9a90cd68289e,1760608101586579326,718.989,480.877,1,,,-6.184971113671418,8.477152570312441
648286a4-8d21-418c-8c47-cd2ace0c239f,c2ca9808-766d-490c-9422-9a90cd68289e,1760608101591585326,720.032,482.032,1,,,-6.116414813602408,8.403100825722571
648286a4-8d21-418c-8c47-cd2ace0c239f,c2ca9808-766d-490c-9422-9a90cd68289e,1760608101596579326,720.047,484.691,1,,,-6.113748348330939,8.23171518180311
648286a4-8d21-418c-8c47-cd2ace0c239f,c2ca9808-766d-490c-9422-9a90cd68289e,1760608101601590326,720.581,484.472,1,,,-6.079154907878168,8.246043946798356
648286a4-8d21-418c-8c47-cd2ace0c239f,c2ca9808-766d-490c-9422-9a90cd68289e,1760608101606580326,717.761,475.818,1,,,-6.268273825241661,8.802563024536257
648286a4-8d21-418c-8c47-cd2ace0c239f,c2ca9808-766d-490c-9422-9a90cd68289e,1760608101611580326,720.168,475.404,1,,,-6.111896831719329,8.83024865616451
648286a4-8d21-418c-8c47-cd2ace0c239f,c2ca9808-766d-490c-9422-9a90cd68289e,1760608101616580326,720.608,475.73,1,,,-6.083022996760641,8.809400291810121
648286a4-8d21-418c-8c47-cd2ace0c239f,c2ca9808-766d-490c-9422-9a90cd68289e,1760608101621584326,721.18,475.486,1,,,-6.045919303250305,8.825382026510109
648286a4-8d21-418c-8c47-cd2ace0c239f,c2ca9808-766d-490c-9422-9a90cd68289e,1760608101626580326,720.743,476.757,1,,,-6.073571744368343,8.743255906858248
648286a4-8d21-418c-8c47-cd2ace0c239f,c2ca9808-766d-490c-9422-9a90cd68289e,1760608101631580326,723.014,474.676,1,,,-5.927064987546409,8.878250495784732
648286a4-8d21-418c-8c47-cd2ace0c239f,c2ca9808-766d-490c-9422-9a90cd68289e,1760608101636580326,723.787,475.274,1,,,-5.876370868102224,8.84003929161633
648286a4-8d21-418c-8c47-cd2ace0c239f,c2ca9808-766d-490c-9422-9a90cd68289e,1760608101641580326,726.543,473.379,1,,,-5.698138000090079,8.963218405765044
648286a4-8d21-418c-8c47-cd2ace0c239f,c2ca9808-766d-490c-9422-9a90cd68289e,1760608101646580326,725.429,479.356,1,,,-5.766918975030524,8.577591855385492
648286a4-8d21-418c-8c47-cd2ace0c239f,c2ca9808-766d-490c-9422-9a90cd68289e,1760608101651580326,725.559,478.281,1,,,-5.759171770359467,8.646912324661951
648286a4-8d21-418c-8c47-cd2ace0c239f,c2ca9808-766d-490c-9422-9a90cd68289e,1760608101656580326,722.674,481.098,1,,,-5.945099363851114,8.464262814851281
648286a4-8d21-418c-8c47-cd2ace0c239f,c2ca9808-766d-490c-9422-9a90cd68289e,1760608101661580326,722.594,479.869,1,,,-5.95108339224606,8.543473900959409
648286a4-8d21-418c-8c47-cd2ace0c239f,c2ca9808-766d-490c-9422-9a90cd68289e,1760608101666580326,721.653,478.323,1,,,-6.013312495692093,8.642717470729679
648286a4-8d21-418c-8c47-cd2ace0c239f,c2ca9808-766d-490c-9422-9a90cd68289e,1760608101671580326,721.618,478.491,1,1,,-6.0155003372817815,8.631894230005202
648286a4-8d21-418c-8c47-cd2ace0c239f,c2ca9808-766d-490c-9422-9a90cd68289e,1760608101676580326,724.582,477.831,1,1,,-5.823017652145527,8.67554827338417
648286a4-8d21-418c-8c47-cd2ace0c239f,c2ca9808-766d-490c-9422-9a90cd68289e,1760608101681580326,727.737,479.897,1,1,,-5.6164353434736665,8.543572662198525
648286a4-8d21-418c-8c47-cd2ace0c239f,c2ca9808-766d-490c-9422-9a90cd68289e,1760608101686580326,727.75,479.739,1,1,,-5.61565528010546,8.553716771538053
648286a4-8d21-418c-8c47-cd2ace0c239f,c2ca9808-766d-490c-9422-9a90cd68289e,1760608101691593326,726.195,479.097,1,1,,-5.717248352535489,8.594537460369375
648286a4-8d21-418c-8c47-cd2ace0c239f,c2ca9808-766d-490c-9422-9a90cd68289e,1760608101696590326,725.739,477.01,1,1,,-5.748213423227283,8.72887759293552
648286a4-8d21-418c-8c47-cd2ace0c239f,c2ca9808-766d-490c-9422-9a90cd68289e,1760608101701706326,723.096,478.05,1,1,,-5.919607719908501,8.660875479949233
648286a4-8d21-418c-8c47-cd2ace0c239f,c2ca9808-766d-490c-9422-9a90cd68289e,1760608101706590326,724.306,477.189,1,1,,-5.84134436639639,8.716809389764503
648286a4-8d21-418c-8c47-cd2ace0c239f,c2ca9808-766d-490c-9422-9a90cd68289e,1760608101711711326,721.378,478.87,1,1,,-6.0308691956022376,8.607400011694097
648286a4-8d21-418c-8c47-cd2ace0c239f,c2ca9808-766d-490c-9422-9a90cd68289e,1760608101716706326,722.709,477.398,1,1,,-5.9451475068715345,8.702722276746176
648286a4-8d21-418c-8c47-cd2ace0c239f,c2ca9808-766d-490c-9422-9a90cd68289e,1760608101721706326,723.607,476.704,1,1,,-5.887193701333207,8.747835762430524
648286a4-8d21-418c-8c47-cd2ace0c239f,c2ca9808-766d-490c-9422-9a90cd68289e,1760608101726706326,724.881,478.925,1,1,,-5.802838252288158,8.605172378938693
648286a4-8d21-418c-8c47-cd2ace0c239f,c2ca9808-766d-490c-9422-9a90cd68289e,1760608101731706326,722.443,482.523,1,1,,-5.959283030966402,8.372378481839634
648286a4-8d21-418c-8c47-cd2ace0c239f,c2ca9808-766d-490c-9422-9a90cd68289e,1760608101736706326,724.151,473.598,1,1,,-5.853785265653078,8.94817146297688
648286a4-8d21-418c-8c47-cd2ace0c239f,c2ca9808-766d-490c-9422-9a90cd68289e,1760608101741706326,723.28,473.518,1,1,,-5.910502206433992,8.952989939359679
648286a4-8d21-418c-8c47-cd2ace0c239f,c2ca9808-766d-490c-9422-9a90cd68289e,1760608101746709326,725.007,476.241,1,1,,-5.796356674343673,8.778184111825142
648286a4-8d21-418c-8c47-cd2ace0c239f,c2ca9808-766d-490c-9422-9a90cd68289e,1760608101751707326,723.941,476.417,1,1,,-5.865646039863267,8.76644227579651
648286a4-8d21-418c-8c47-cd2ace0c239f,c2ca9808-766d-490c-9422-9a90cd68289e,1760608101756706326,725.578,481.681,1,1,,-5.755845136186612,8.427758806672685
648286a4-8d21-418c-8c47-cd2ace0c239f,c2ca9808-766d-490c-9422-9a90cd68289e,1760608101761706326,727.34,474.588,1,1,,-5.6454775795708985,8.885557684040593
648286a4-8d21-418c-8c47-cd2ace0c239f,c2ca9808-766d-490c-9422-9a90cd68289e,1760608101766706326,726.491,474.602,1,1,,-5.700754791233248,8.88433990895533
648286a4-8d21-418c-8c47-cd2ace0c239f,c2ca9808-766d-490c-9422-9a90cd68289e,1760608101771706326,725.954,474.262,1,1,,-5.735934806324875,8.906065278650093
648286a4-8d21-418c-8c47-cd2ace0c239f,c2ca9808-766d-490c-9422-9a90cd68289e,1760608101776706326,723.136,482.21,1,1,,-5.914366352837366,8.392791044760052
648286a4-8d21-418c-8c47-cd2ace0c239f,c2ca9808-766d-490c-9422-9a90cd68289e,1760608101781713326,722.214,483.648,1,1,,-5.973469343191378,8.29978114905282
648286a4-8d21-418c-8c47-cd2ace0c239f,c2ca9808-766d-490c-9422-9a90cd68289e,1760608101786706326,723.959,476.896,1,1,,-5.864165001965695,8.73555586188921
648286a4-8d21-418c-8c47-cd2ace0c239f,c2ca9808-766d-490c-9422-9a90cd68289e,1760608101791706326,727.213,474.476,1,1,,-5.653824771571662,8.89274058754575
648286a4-8d21-418c-8c47-cd2ace0c239f,c2ca9808-766d-490c-9422-9a90cd68289e,1760608101796706326,728.211,476.109,1,1,,-5.587887471228703,8.787891386895655
648286a4-8d21-418c-8c47-cd2ace0c239f,c2ca9808-766d-490c-9422-9a90cd68289e,1760608101801706326,726.713,476.363,1,1,,-5.685202053726451,8.770981656950886
648286a4-8d21-418c-8c47-cd2ace0c239f,c2ca9808-766d-490c-9422-9a90cd68289e,1760608101806707326,725.703,478.851,1,1,,-5.74944742579971,8.610244894203557
648286a4-8d21-418c-8c47-cd2ace0c239f,c2ca9808-766d-490c-9422-9a90cd68289e,1760608101811707326,725.143,477.424,1,1,,-5.786754876853708,8.701991000680096
648286a4-8d21-418c-8c47-cd2ace0c239f,c2ca9808-766d-490c-9422-9a90cd68289e,1760608101816707326,721.953,476.366,1,1,,-5.995076983687528,8.768939981744847
648286a4-8d21-418c-8c47-cd2ace0c239f,c2ca9808-766d-490c-9422-9a90cd68289e,1760608101821707326,722.5,477.518,1,1,,-5.95873110334825,8.694934133582876
648286a4-8d21-418c-8c47-cd2ace0c239f,c2ca9808-766d-490c-9422-9a90cd68289e,1760608101826707326,720.784,476.565,1,1,,-6.07100151699637,8.755684019939263
648286a4-8d21-418c-8c47-cd2ace0c239f,c2ca9808-766d-490c-9422-9a90cd68289e,1760608101831707326,719.644,478.972,1,1,,-6.143616049071504,8.600126332545708
648286a4-8d21-418c-8c47-cd2ace0c239f,c2ca9808-766d-490c-9422-9a90cd68289e,1760608101836832326,721.452,478.084,1,1,,-6.026557913985624,8.658055508284662
648286a4-8d21-418c-8c47-cd2ace0c239f,c2ca9808-766d-490c-9422-9a90cd68289e,1760608101841832326,720.822,476.473,1,1,,-6.06862290568208,8.761619250548085
648286a4-8d21-418c-8c47-cd2ace0c239f,c2ca9808-766d-490c-9422-9a90cd68289e,1760608101846835326,721.712,478.712,1,1,,-6.009242016448913,8.617709622432196
648286a4-8d21-418c-8c47-cd2ace0c239f,c2ca9808-766d-490c-9422-9a90cd68289e,1760608101851832326,724.627,477.839,1,1,,-5.820085114709249,8.675040044702683
648286a4-8d21-418c-8c47-cd2ace0c239f,c2ca9808-766d-490c-9422-9a90cd68289e,1760608101856832326,722.273,477.778,1,1,,-5.973320284106859,8.678060280424095
648286a4-8d21-418c-8c47-cd2ace0c239f,c2ca9808-766d-490c-9422-9a90cd68289e,1760608101861832326,723.312,478.823,1,1,,-5.905062153716632,8.611138806609997
648286a4-8d21-418c-8c47-cd2ace0c239f,c2ca9808-766d-490c-9422-9a90cd68289e,1760608101866832326,723.496,477.918,1,1,,-5.893615308880646,8.669545759088205
648286a4-8d21-418c-8c47-cd2ace0c239f,c2ca9808-766d-490c-9422-9a90cd68289e,1760608101871832326,720.999,476.499,1,1,,-6.057069774336233,8.76002179735083
648286a4-8d21-418c-8c47-cd2ace0c239f,c2ca9808-766d-490c-9422-9a90cd68289e,1760608101876832326,720.979,475.941,1,1,,-6.058720734398162,8.795987430804463
648286a4-8d21-418c-8c47-cd2ace0c239f,c2ca9808-766d-490c-9422-9a90cd68289e,1760608101881832326,721.256,477.299,1,1,,-6.039814084116049,8.708583770769044
648286a4-8d21-418c-8c47-cd2ace0c239f,c2ca9808-766d-490c-9422-9a90cd68289e,1760608101886832326,723.543,478.602,1,1,,-5.890132715048273,8.625500352007066
648286a4-8d21-418c-8c47-cd2ace0c239f,c2ca9808-766d-490c-9422-9a90cd68289e,1760608101891841326,723.26,478.511,1,1,,-5.908595243601093,8.631209320655909
648286a4-8d21-418c-8c47-cd2ace0c239f,c2ca9808-766d-490c-9422-9a90cd68289e,1760608101896833326,723.731,477.852,1,1,,-5.878356198065395,8.673871133588127
648286a4-8d21-418c-8c47-cd2ace0c239f,c2ca9808-766d-490c-9422-9a90cd68289e,1760608101901833326,724.182,478.267,1,1,,-5.848796974663008,8.647276715726456
648286a4-8d21-418c-8c47-cd2ace0c239f,c2ca9808-766d-490c-9422-9a90cd68289e,1760608101906833326,726.404,472.245,1,1,,-5.707926646290308,9.03626501039451
648286a4-8d21-418c-8c47-cd2ace0c239f,c2ca9808-766d-490c-9422-9a90cd68289e,1760608101911833326,725.316,471.889,1,1,,-5.779033568008762,9.058722964995436
648286a4-8d21-418c-8c47-cd2ace0c239f,c2ca9808-766d-490c-9422-9a90cd68289e,1760608101916833326,725.72,472.265,1,1,,-5.752493529784315,9.034663303847333
648286a4-8d21-418c-8c47-cd2ace0c239f,c2ca9808-766d-490c-9422-9a90cd68289e,1760608101921833326,724.695,476.025,1,1,,-5.816818770243612,8.791955477367246
648286a4-8d21-418c-8c47-cd2ace0c239f,c2ca9808-766d-490c-9422-9a90cd68289e,1760608101926833326,724.024,475.517,1,1,,-5.860782579312774,8.824440714109102
648286a4-8d21-418c-8c47-cd2ace0c239f,c2ca9808-766d-490c-9422-9a90cd68289e,1760608101931839326,727.193,470.317,1,1,,-5.657782892485055,9.160807801157413
648286a4-8d21-418c-8c47-cd2ace0c239f,c2ca9808-766d-490c-9422-9a90cd68289e,1760608101936833326,727.837,470.414,1,1,,-5.615758020278264,9.15479810049743
648286a4-8d21-418c-8c47-cd2ace0c239f,c2ca9808-766d-490c-9422-9a90cd68289e,1760608101941833326,727.462,470.438,1,1,,-5.640216336526903,9.153085390937841
648286a4-8d21-418c-8c47-cd2ace0c239f,c2ca9808-766d-490c-9422-9a90cd68289e,1760608101946833326,728.089,473.721,1,1,,-5.597253212662952,8.941761509641873
648286a4-8d21-418c-8c47-cd2ace0c239f,c2ca9808-766d-490c-9422-9a90cd68289e,1760608101951833326,726.468,473.779,1,1,,-5.70281278708281,8.937429808737873
648286a4-8d21-418c-8c47-cd2ace0c239f,c2ca9808-766d-490c-9422-9a90cd68289e,1760608101956837326,729.743,477.091,1,1,,-5.487566980795671,8.72513959269711
648286a4-8d21-418c-8c47-cd2ace0c239f,c2ca9808-766d-490c-9422-9a90cd68289e,1760608101961833326,732.312,477.462,1,1,,-5.320102538099354,8.70210687444781
648286a4-8d21-418c-8c47-cd2ace0c239f,c2ca9808-766d-490c-9422-9a90cd68289e,1760608101966838326,731.118,476.075,1,1,,-5.398646593087227,8.791079582285981
648286a4-8d21-418c-8c47-cd2ace0c239f,c2ca9808-766d-490c-9422-9a90cd68289e,1760608101971958326,728.197,477.396,1,1,,-5.587992758204575,8.704905389304498
648286a4-8d21-418c-8c47-cd2ace0c239f,c2ca9808-766d-490c-9422-9a90cd68289e,1760608101976958326,726.554,474.619,1,1,,-5.696631992370821,8.883309673919323
648286a4-8d21-418c-8c47-cd2ace0c239f,c2ca9808-766d-490c-9422-9a90cd68289e,1760608101981959326,725.522,473.135,1,1,,-5.764774390093207,8.978527379461461
648286a4-8d21-418c-8c47-cd2ace0c239f,c2ca9808-766d-490c-9422-9a90cd68289e,1760608101986958326,727.688,472.189,1,1,,-5.624337753796668,9.040356610210935
648286a4-8d21-418c-8c47-cd2ace0c239f,c2ca9808-766d-490c-9422-9a90cd68289e,1760608101991958326,728.276,475.217,1,1,,-5.584149547640579,8.845396648519474
648286a4-8d21-418c-8c47-cd2ace0c239f,c2ca9808-766d-490c-9422-9a90cd68289e,1760608101996962326,726.447,479.026,1,1,,-5.700888356414855,8.59922848830986
648286a4-8d21-418c-8c47-cd2ace0c239f,c2ca9808-766d-490c-9422-9a90cd68289e,1760608102001959326,730.733,480.907,1,1,,-5.420898719623659,8.47946234590614
648286a4-8d21-418c-8c47-cd2ace0c239f,c2ca9808-766d-490c-9422-9a90cd68289e,1760608102006959326,729.522,479.279,1,1,,-5.500636020500034,8.584023416026634
648286a4-8d21-418c-8c47-cd2ace0c239f,c2ca9808-766d-490c-9422-9a90cd68289e,1760608102011968326,732.457,471.359,1,1,,-5.314284520618298,9.095557011381254
648286a4-8d21-418c-8c47-cd2ace0c239f,c2ca9808-766d-490c-9422-9a90cd68289e,1760608102016959326,735.195,471.244,1,1,,-5.135974135135517,9.103968354582266
648286a4-8d21-418c-8c47-cd2ace0c239f,c2ca9808-766d-490c-9422-9a90cd68289e,1760608102021968326,736.187,471.898,1,1,,-5.070986280128507,9.062114808537542
648286a4-8d21-418c-8c47-cd2ace0c239f,c2ca9808-766d-490c-9422-9a90cd68289e,1760608102026959326,735.037,476.054,1,1,,-5.143560012062881,8.793797661628057
648286a4-8d21-418c-8c47-cd2ace0c239f,c2ca9808-766d-490c-9422-9a90cd68289e,1760608102031959326,735.9,474.747,1,1,,-5.088088418790465,8.878352719818789
648286a4-8d21-418c-8c47-cd2ace0c239f,c2ca9808-766d-490c-9422-9a90cd68289e,1760608102036959326,735.131,473.964,1,1,,-5.138572511000854,8.928572064588256
648286a4-8d21-418c-8c47-cd2ace0c239f,c2ca9808-766d-490c-9422-9a90cd68289e,1760608102041969326,732.394,476.293,1,1,,-5.315477589250097,8.777524374695899
648286a4-8d21-418c-8c47-cd2ace0c239f,c2ca9808-766d-490c-9422-9a90cd68289e,1760608102046959326,734.772,477.177,1,1,,-5.16017894607323,8.72132963630839
648286a4-8d21-418c-8c47-cd2ace0c239f,c2ca9808-766d-490c-9422-9a90cd68289e,1760608102051959326,733.624,476.424,1,1,,-5.235280360948943,8.769474076579991
648286a4-8d21-418c-8c47-cd2ace0c239f,c2ca9808-766d-490c-9422-9a90cd68289e,1760608102056959326,733.065,476.463,1,1,,-5.271656907851853,8.76674544809085
648286a4-8d21-418c-8c47-cd2ace0c239f,c2ca9808-766d-490c-9422-9a90cd68289e,1760608102061959326,731.659,475.495,1,1,,-5.363755523453219,8.828654680196701
648286a4-8d21-418c-8c47-cd2ace0c239f,c2ca9808-766d-490c-9422-9a90cd68289e,1760608102066961326,729.689,476.631,1,1,,-5.49131712379568,8.754787151978874
648286a4-8d21-418c-8c47-cd2ace0c239f,c2ca9808-766d-490c-9422-9a90cd68289e,1760608102071960326,727.74,477.884,1,1,,-5.617459781244452,8.673314943406698
648286a4-8d21-418c-8c47-cd2ace0c239f,c2ca9808-766d-490c-9422-9a90cd68289e,1760608102076959326,721.836,480.84,1,1,,-5.99981900978544,8.480582681361177
648286a4-8d21-418c-8c47-cd2ace0c239f,c2ca9808-766d-490c-9422-9a90cd68289e,1760608102081960326,732.297,478.392,1,1,,-5.320578656724018,8.642148665602125
648286a4-8d21-418c-8c47-cd2ace0c239f,c2ca9808-766d-490c-9422-9a90cd68289e,1760608102086964326,732.906,478.007,1,1,,-5.281156084666957,8.667155348654177
648286a4-8d21-418c-8c47-cd2ace0c239f,c2ca9808-766d-490c-9422-9a90cd68289e,1760608102091960326,730.654,479.183,1,1,,-5.4270040809098035,8.59056246243771
648286a4-8d21-418c-8c47-cd2ace0c239f,c2ca9808-766d-490c-9422-9a90cd68289e,1760608102096960326,729.857,480.344,1,1,,-5.478231178669305,8.515474660351403
648286a4-8d21-418c-8c47-cd2ace0c239f,c2ca9808-766d-490c-9422-9a90cd68289e,1760608102101960326,733.962,476.083,1,1,,-5.2135016785766926,8.791578697488408
648286a4-8d21-418c-8c47-cd2ace0c239f,c2ca9808-766d-490c-9422-9a90cd68289e,1760608102107088326,728.892,474.26,1,1,,-5.544653194077396,8.907270590376276
648286a4-8d21-418c-8c47-cd2ace0c239f,c2ca9808-766d-490c-9422-9a90cd68289e,1760608102112085326,728.929,473.571,1,1,,-5.542688387022926,8.951696768102167
648286a4-8d21-418c-8c47-cd2ace0c239f,c2ca9808-766d-490c-9422-9a90cd68289e,1760608102117085326,726.029,479.355,1,1,,-5.727933600224173,8.57784994951606
648286a4-8d21-418c-8c47-cd2ace0c239f,c2ca9808-766d-490c-9422-9a90cd68289e,1760608102122085326,726.571,478.891,1,1,,-5.692915336106275,8.607977151392115
648286a4-8d21-418c-8c47-cd2ace0c239f,c2ca9808-766d-490c-9422-9a90cd68289e,1760608102127088326,726.482,478.268,1,1,,-5.699054365782517,8.648105281570114
648286a4-8d21-418c-8c47-cd2ace0c239f,c2ca9808-766d-490c-9422-9a90cd68289e,1760608102132094326,726.906,476.076,1,1,,-5.672804911681481,8.789518384203273
648286a4-8d21-418c-8c47-cd2ace0c239f,c2ca9808-766d-490c-9422-9a90cd68289e,1760608102137085326,729.398,475.72,1,1,,-5.510819559037491,8.813381333128532
648286a4-8d21-418c-8c47-cd2ace0c239f,c2ca9808-766d-490c-9422-9a90cd68289e,1760608102142085326,729.75,475.674,1,1,,-5.4879603546536675,8.816438301699032
648286a4-8d21-418c-8c47-cd2ace0c239f,c2ca9808-766d-490c-9422-9a90cd68289e,1760608102147085326,729.323,476.06,1,1,,-5.515498193629571,8.791448706628325
648286a4-8d21-418c-8c47-cd2ace0c239f,c2ca9808-766d-490c-9422-9a90cd68289e,1760608102152088326,726.224,476.387,1,1,,-5.71705773714322,8.769246113348833
648286a4-8d21-418c-8c47-cd2ace0c239f,c2ca9808-766d-490c-9422-9a90cd68289e,1760608102157085326,724.151,478.627,1,1,,-5.85058141418557,8.62407843892744
648286a4-8d21-418c-8c47-cd2ace0c239f,c2ca9808-766d-490c-9422-9a90cd68289e,1760608102162085326,725.082,478.478,1,1,,-5.790087486305509,8.634047056239618
648286a4-8d21-418c-8c47-cd2ace0c239f,c2ca9808-766d-490c-9422-9a90cd68289e,1760608102167085326,724.642,478.707,1,1,,-5.818534545881347,8.619123082305176
648286a4-8d21-418c-8c47-cd2ace0c239f,c2ca9808-766d-490c-9422-9a90cd68289e,1760608102172085326,724.202,477.127,1,1,,-5.8481527317442366,8.720784355968876
648286a4-8d21-418c-8c47-cd2ace0c239f,c2ca9808-766d-490c-9422-9a90cd68289e,1760608102177085326,727.545,477.037,1,1,,-5.63067779149056,8.727805314164405
648286a4-8d21-418c-8c47-cd2ace0c239f,c2ca9808-766d-490c-9422-9a90cd68289e,1760608102182085326,733.125,478.261,1,1,,-5.266774720720441,8.650877233423126
648286a4-8d21-418c-8c47-cd2ace0c239f,c2ca9808-766d-490c-9422-9a90cd68289e,1760608102187085326,725.967,478.939,1,1,,-5.732215279245136,8.604678872434798
648286a4-8d21-418c-8c47-cd2ace0c239f,c2ca9808-766d-490c-9422-9a90cd68289e,1760608102192086326,728.075,474.751,1,1,,-5.597545385145143,8.875377888132844
648286a4-8d21-418c-8c47-cd2ace0c239f,c2ca9808-766d-490c-9422-9a90cd68289e,1760608102197086326,727.017,473.218,1,1,,-5.667367889954071,8.973765553580991
648286a4-8d21-418c-8c47-cd2ace0c239f,c2ca9808-766d-490c-9422-9a90cd68289e,1760608102202086326,725.568,479.174,1,1,,-5.758042189723843,8.589343269190366
648286a4-8d21-418c-8c47-cd2ace0c239f,c2ca9808-766d-490c-9422-9a90cd68289e,1760608102207086326,727.761,476.922,1,1,,-5.616668727880319,8.735315373597434
648286a4-8d21-418c-8c47-cd2ace0c239f,c2ca9808-766d-490c-9422-9a90cd68289e,1760608102212086326,729.867,478.616,1,1,,-5.478610182982275,8.62685516551079
648286a4-8d21-418c-8c47-cd2ace0c239f,c2ca9808-766d-490c-9422-9a90cd68289e,1760608102217086326,727.562,478.456,1,1,,-5.628709333664514,8.636350720624627
648286a4-8d21-418c-8c47-cd2ace0c239f,c2ca9808-766d-490c-9422-9a90cd68289e,1760608102222086326,726.94,474.483,1,1,,-5.671598901010556,8.892178682905069
648286a4-8d21-418c-8c47-cd2ace0c239f,c2ca9808-766d-490c-9422-9a90cd68289e,1760608102227086326,727.886,474.255,1,1,,-5.610170678061631,8.90725396131359
648286a4-8d21-418c-8c47-cd2ace0c239f,c2ca9808-766d-490c-9422-9a90cd68289e,1760608102232086326,728.491,474.877,1,1,,-5.57040677181869,8.86739911571535
648286a4-8d21-418c-8c47-cd2ace0c239f,c2ca9808-766d-490c-9422-9a90cd68289e,1760608102237086326,728.513,468.74,1,1,,-5.572792141006883,9.262888824726955
648286a4-8d21-418c-8c47-cd2ace0c239f,c2ca9808-766d-490c-9422-9a90cd68289e,1760608102242215326,738.318,469.497,1,1,,-4.933551634304579,9.217652803570667
648286a4-8d21-418c-8c47-cd2ace0c239f,c2ca9808-766d-490c-9422-9a90cd68289e,1760608102247097326,739.436,469.806,1,1,,-4.860531228031881,9.198094843788608
648286a4-8d21-418c-8c47-cd2ace0c239f,c2ca9808-766d-490c-9422-9a90cd68289e,1760608102252211326,741.024,470.061,1,1,,-4.756946014660698,9.182139573459237
648286a4-8d21-418c-8c47-cd2ace0c239f,c2ca9808-766d-490c-9422-9a90cd68289e,1760608102257211326,739.886,469.399,1,1,,-4.831422295813294,9.224455771394602
648286a4-8d21-418c-8c47-cd2ace0c239f,c2ca9808-766d-490c-9422-9a90cd68289e,1760608102262222326,738.394,465.459,1,1,,-4.930920687151076,9.477934787990636
648286a4-8d21-418c-8c47-cd2ace0c239f,c2ca9808-766d-490c-9422-9a90cd68289e,1760608102267211326,740.38,465.312,1,1,,-4.801552514546064,9.488105748381509
648286a4-8d21-418c-8c47-cd2ace0c239f,c2ca9808-766d-490c-9422-9a90cd68289e,1760608102272211326,741.13,465.474,1,1,,-4.7525644529179285,9.477932944406643
648286a4-8d21-418c-8c47-cd2ace0c239f,c2ca9808-766d-490c-9422-9a90cd68289e,1760608102277212326,742.559,467.307,1,1,,-4.658401127316742,9.360199506762688
648286a4-8d21-418c-8c47-cd2ace0c239f,c2ca9808-766d-490c-9422-9a90cd68289e,1760608102282211326,742.955,463.473,1,1,,-4.634698145632389,9.607516355092823
648286a4-8d21-418c-8c47-cd2ace0c239f,c2ca9808-766d-490c-9422-9a90cd68289e,1760608102287212326,743.227,464.141,1,1,,-4.616595412837335,9.56455451905708
648286a4-8d21-418c-8c47-cd2ace0c239f,c2ca9808-766d-490c-9422-9a90cd68289e,1760608102292212326,742.252,465.016,1,1,,-4.67970793501028,9.507814464125268
648286a4-8d21-418c-8c47-cd2ace0c239f,c2ca9808-766d-490c-9422-9a90cd68289e,1760608102297212326,743.007,465.773,1,1,,-4.63006270599567,9.459276848358723
648286a4-8d21-418c-8c47-cd2ace0c239f,c2ca9808-766d-490c-9422-9a90cd68289e,1760608102302219326,742.88,465.18,1,1,,-4.63862783119309,9.49747208547631
648286a4-8d21-418c-8c47-cd2ace0c239f,c2ca9808-766d-490c-9422-9a90cd68289e,1760608102307212326,741.336,467.07,1,1,,-4.738226796696881,9.375105103475223
648286a4-8d21-418c-8c47-cd2ace0c239f,c2ca9808-766d-490c-9422-9a90cd68289e,1760608102312212326,739.609,462.863,1,1,,-4.8531977546613785,9.64569420003574
648286a4-8d21-418c-8c47-cd2ace0c239f,c2ca9808-766d-490c-9422-9a90cd68289e,1760608102317212326,747.224,465.255,1,1,,-4.355447669907149,9.493968821196216
648286a4-8d21-418c-8c47-cd2ace0c239f,c2ca9808-766d-490c-9422-9a90cd68289e,1760608102322223326,744.692,464.654,1,1,,-4.520830824555199,9.531916795004907
648286a4-8d21-418c-8c47-cd2ace0c239f,c2ca9808-766d-490c-9422-9a90cd68289e,1760608102327212326,744.356,464.561,1,1,,-4.542746122492642,9.53779729984081
648286a4-8d21-418c-8c47-cd2ace0c239f,c2ca9808-766d-490c-9422-9a90cd68289e,1760608102332212326,744.157,464.124,1,1,,-4.555980349392231,9.56596365003872
648286a4-8d21-418c-8c47-cd2ace0c239f,c2ca9808-766d-490c-9422-9a90cd68289e,1760608102337212326,742.419,463.117,1,1,,-4.6698860582021755,9.63028897303944
648286a4-8d21-418c-8c47-cd2ace0c239f,c2ca9808-766d-490c-9422-9a90cd68289e,1760608102342217326,742.343,461.532,1,1,,-4.675737575606547,9.732437340790058
648286a4-8d21-418c-8c47-cd2ace0c239f,c2ca9808-766d-490c-9422-9a90cd68289e,1760608102347212326,742.246,461.638,1,1,,-4.6819782666069925,9.725566476444424
648286a4-8d21-418c-8c47-cd2ace0c239f,c2ca9808-766d-490c-9422-9a90cd68289e,1760608102352215326,739.666,460.413,1,1,,-4.850972632962497,9.803668432037503
648286a4-8d21-418c-8c47-cd2ace0c239f,c2ca9808-766d-490c-9422-9a90cd68289e,1760608102357212326,738.168,461.212,1,1,,-4.948194980174735,9.751639905465913
648286a4-8d21-418c-8c47-cd2ace0c239f,c2ca9808-766d-490c-9422-9a90cd68289e,1760608102362212326,741.559,461.837,1,1,,-4.726639816235281,9.71254944093622
648286a4-8d21-418c-8c47-cd2ace0c239f,c2ca9808-766d-490c-9422-9a90cd68289e,1760608102367213326,743.547,464.26,1,1,,-4.595647018227754,9.557002425284365
648286a4-8d21-418c-8c47-cd2ace0c239f,c2ca9808-766d-490c-9422-9a90cd68289e,1760608102372213326,744.201,462.5,1,1,,-4.554036266098628,9.67067292252988
648286a4-8d21-418c-8c47-cd2ace0c239f,c2ca9808-766d-490c-9422-9a90cd68289e,1760608102377338326,745.789,465.36,1,1,,-4.448900678128766,9.486769347043838
648286a4-8d21-418c-8c47-cd2ace0c239f,c2ca9808-766d-490c-9422-9a90cd68289e,1760608102382338326,746.398,463.241,1,1,,-4.4103485084204515,9.623562536112503
648286a4-8d21-418c-8c47-cd2ace0c239f,c2ca9808-766d-490c-9422-9a90cd68289e,1760608102387338326,744.49,463.8,1,1,,-4.53443662239788,9.586929619109302
648286a4-8d21-418c-8c47-cd2ace0c239f,c2ca9808-766d-490c-9422-9a90cd68289e,1760608102392344326,743.586,463.87,1,1,,-4.5933778281580455,9.582129037089858
648286a4-8d21-418c-8c47-cd2ace0c239f,c2ca9808-766d-490c-9422-9a90cd68289e,1760608102397338326,746.277,461.707,1,1,,-4.419037652026751,9.722457434371217
648286a4-8d21-418c-8c47-cd2ace0c239f,c2ca9808-766d-490c-9422-9a90cd68289e,1760608102402338326,745.259,463.072,1,1,,-4.484715206753553,9.634100253059284
648286a4-8d21-418c-8c47-cd2ace0c239f,c2ca9808-766d-490c-9422-9a90cd68289e,1760608102407338326,744.896,462.68,1,1,,-4.508616903421352,9.659298648092602
648286a4-8d21-418c-8c47-cd2ace0c239f,c2ca9808-766d-490c-9422-9a90cd68289e,1760608102412338326,744.024,460.645,1,1,,-4.566605386828926,9.790157841956281
648286a4-8d21-418c-8c47-cd2ace0c239f,c2ca9808-766d-490c-9422-9a90cd68289e,1760608102417338326,744.804,461.024,1,1,,-4.515499004310326,9.76596890740304
648286a4-8d21-418c-8c47-cd2ace0c239f,c2ca9808-766d-490c-9422-9a90cd68289e,1760608102422338326,742.551,460.965,1,1,,-4.662471338532034,9.769090576581911
648286a4-8d21-418c-8c47-cd2ace0c239f,c2ca9808-766d-490c-9422-9a90cd68289e,1760608102427338326,738.825,459.46,1,1,,-4.906355136314606,9.864770602897693
648286a4-8d21-418c-8c47-cd2ace0c239f,c2ca9808-766d-490c-9422-9a90cd68289e,1760608102432338326,740.239,458.452,1,1,,-4.814744745497907,9.930227348015606
648286a4-8d21-418c-8c47-cd2ace0c239f,c2ca9808-766d-490c-9422-9a90cd68289e,1760608102437338326,738.609,458.605,1,1,,-4.92098103584565,9.919798149928724
648286a4-8d21-418c-8c47-cd2ace0c239f,c2ca9808-766d-490c-9422-9a90cd68289e,1760608102442338326,739.207,459.267,1,1,,-4.881576303172711,9.87733138517259
648286a4-8d21-418c-8c47-cd2ace0c239f,c2ca9808-766d-490c-9422-9a90cd68289e,1760608102447338326,743.263,458.986,1,1,,-4.617167552063264,9.896880405896535
648286a4-8d21-418c-8c47-cd2ace0c239f,c2ca9808-766d-490c-9422-9a90cd68289e,1760608102452338326,743.344,454.247,1,1,,-4.6146007645701825,10.202364704113776
648286a4-8d21-418c-8c47-cd2ace0c239f,c2ca9808-766d-490c-9422-9a90cd68289e,1760608102457338326,740.417,462.771,1,1,,-4.800615279555752,9.651927263628362
648286a4-8d21-418c-8c47-cd2ace0c239f,c2ca9808-766d-490c-9422-9a90cd68289e,1760608102462338326,740.96,459.979,1,1,,-4.7668196923971236,9.832082288451234
648286a4-8d21-418c-8c47-cd2ace0c239f,c2ca9808-766d-490c-9422-9a90cd68289e,1760608102467338326,740.932,457.676,1,1,,-4.7700000669677705,9.980505770516345
648286a4-8d21-418c-8c47-cd2ace0c239f,c2ca9808-766d-490c-9422-9a90cd68289e,1760608102472339326,741.456,457.892,1,1,,-4.735672767676014,9.966756744024194
648286a4-8d21-418c-8c47-cd2ace0c239f,c2ca9808-766d-490c-9422-9a90cd68289e,1760608102477339326,744.488,454.839,1,1,,-4.539615447044735,10.164568751783296
648286a4-8d21-418c-8c47-cd2ace0c239f,c2ca9808-766d-490c-9422-9a90cd68289e,1760608102482339326,744.767,454.096,1,1,,-4.5218231080331055,10.212556261349365
648286a4-8d21-418c-8c47-cd2ace0c239f,c2ca9808-766d-490c-9422-9a90cd68289e,1760608102487344326,742.666,454.861,1,1,,-4.658541494835402,10.16252537090097
648286a4-8d21-418c-8c47-cd2ace0c239f,c2ca9808-766d-490c-9422-9a90cd68289e,1760608102492339326,742.055,455.233,1,1,,-4.698196248594003,10.13836108746019
648286a4-8d21-418c-8c47-cd2ace0c239f,c2ca9808-766d-490c-9422-9a90cd68289e,1760608102497339326,741.98,455.36,1,1,,-4.703000395319848,10.130158402460093
648286a4-8d21-418c-8c47-cd2ace0c239f,c2ca9808-766d-490c-9422-9a90cd68289e,1760608102502339326,744.158,454.308,1,1,,-4.56145706776236,10.198682915794647
648286a4-8d21-418c-8c47-cd2ace0c239f,c2ca9808-766d-490c-9422-9a90cd68289e,1760608102507339326,747.233,455.444,1,1,,-4.360073871504073,10.126520772188753
648286a4-8d21-418c-8c47-cd2ace0c239f,c2ca9808-766d-490c-9422-9a90cd68289e,1760608102512342326,745.957,456.882,1,1,,-4.4425430636355285,10.03338565360297
648286a4-8d21-418c-8c47-cd2ace0c239f,c2ca9808-766d-490c-9422-9a90cd68289e,1760608102517477326,747.164,458.28,1,1,,-4.363033337389161,9.943650225742907
648286a4-8d21-418c-8c47-cd2ace0c239f,c2ca9808-766d-490c-9422-9a90cd68289e,1760608102522464326,747.697,457.644,1,1,,-4.328600148985129,9.984788949480166
648286a4-8d21-418c-8c47-cd2ace0c239f,c2ca9808-766d-490c-9422-9a90cd68289e,1760608102527464326,746.069,457.035,1,1,,-4.435193248022507,10.023577857749718
648286a4-8d21-418c-8c47-cd2ace0c239f,c2ca9808-766d-490c-9422-9a90cd68289e,1760608102532464326,747.009,454.948,1,1,,-4.374977917009058,10.15840612366536
648286a4-8d21-418c-8c47-cd2ace0c239f,c2ca9808-766d-490c-9422-9a90cd68289e,1760608102537464326,746.167,454.659,1,1,,-4.430125816942609,10.176734431937202
648286a4-8d21-418c-8c47-cd2ace0c239f,c2ca9808-766d-490c-9422-9a90cd68289e,1760608102542464326,744.158,453.19,1,1,,-4.562079773541086,10.270735703229217
648286a4-8d21-418c-8c47-cd2ace0c239f,c2ca9808-766d-490c-9422-9a90cd68289e,1760608102547464326,744.589,454.372,1,1,,-4.533300562955996,10.194700398037627
648286a4-8d21-418c-8c47-cd2ace0c239f,c2ca9808-766d-490c-9422-9a90cd68289e,1760608102552464326,744.517,450.982,1,1,,-4.539975603367546,10.413197276430235
648286a4-8d21-418c-8c47-cd2ace0c239f,c2ca9808-766d-490c-9422-9a90cd68289e,1760608102557464326,740.852,453.581,1,1,,-4.77770542173368,10.244362718136877
648286a4-8d21-418c-8c47-cd2ace0c239f,c2ca9808-766d-490c-9422-9a90cd68289e,1760608102562464326,738.594,455.469,1,1,,-4.923904019956254,10.121885710948744
648286a4-8d21-418c-8c47-cd2ace0c239f,c2ca9808-766d-490c-9422-9a90cd68289e,1760608102567464326,739.536,455.258,1,1,,-4.862568958468631,10.135831909552545
648286a4-8d21-418c-8c47-cd2ace0c239f,c2ca9808-766d-490c-9422-9a90cd68289e,1760608102572465326,740.139,454.299,1,1,,-4.823794026791308,10.197846582492962
648286a4-8d21-418c-8c47-cd2ace0c239f,c2ca9808-766d-490c-9422-9a90cd68289e,1760608102577470326,743.39,457.164,1,1,,-4.609928586888292,10.014341400891364
648286a4-8d21-418c-8c47-cd2ace0c239f,c2ca9808-766d-490c-9422-9a90cd68289e,1760608102582465326,744.465,459.099,1,1,,-4.5386677548382375,9.889979891067776
648286a4-8d21-418c-8c47-cd2ace0c239f,c2ca9808-766d-490c-9422-9a90cd68289e,1760608102587467326,744.198,454.324,1,1,,-4.558838128505536,10.197640185862362
648286a4-8d21-418c-8c47-cd2ace0c239f,c2ca9808-766d-490c-9422-9a90cd68289e,1760608102592465326,745.768,455.29,1,1,,-4.455782630712597,10.135916739371106
648286a4-8d21-418c-8c47-cd2ace0c239f,c2ca9808-766d-490c-9422-9a90cd68289e,1760608102597467326,744.33,455.714,1,1,,-4.549435835136336,10.108116102804752
648286a4-8d21-418c-8c47-cd2ace0c239f,c2ca9808-766d-490c-9422-9a90cd68289e,1760608102602467326,743.555,455.536,1,1,,-4.600096285411684,10.11934952120807
648286a4-8d21-418c-8c47-cd2ace0c239f,c2ca9808-766d-490c-9422-9a90cd68289e,1760608102607465326,745.701,454.304,1,1,,-4.460725812065716,10.199482553366684
648286a4-8d21-418c-8c47-cd2ace0c239f,c2ca9808-766d-490c-9422-9a90cd68289e,1760608102612465326,745.153,453.601,1,1,,-4.496900656280761,10.244579760107229
648286a4-8d21-418c-8c47-cd2ace0c239f,c2ca9808-766d-490c-9422-9a90cd68289e,1760608102617468326,745.703,455.323,1,1,,-4.460050742894163,10.133805261872942
648286a4-8d21-418c-8c47-cd2ace0c239f,c2ca9808-766d-490c-9422-9a90cd68289e,1760608102622465326,744.749,455.186,1,1,,-4.522345339075382,10.14229394523355
648286a4-8d21-418c-8c47-cd2ace0c239f,c2ca9808-766d-490c-9422-9a90cd68289e,1760608102627465326,744.655,455.344,1,1,,-4.528441089898955,10.13211216242716
648286a4-8d21-418c-8c47-cd2ace0c239f,c2ca9808-766d-490c-9422-9a90cd68289e,1760608102632465326,746.527,451.985,1,1,,-4.408166430348761,10.349195380104467
648286a4-8d21-418c-8c47-cd2ace0c239f,c2ca9808-766d-490c-9422-9a90cd68289e,1760608102637465326,743.903,450.367,1,1,,-4.580469043248182,10.45261958026972
648286a4-8d21-418c-8c47-cd2ace0c239f,c2ca9808-766d-490c-9422-9a90cd68289e,1760608102642465326,746.326,456.931,1,1,,-4.4184550155831435,10.030320861305638
648286a4-8d21-418c-8c47-cd2ace0c239f,c2ca9808-766d-490c-9422-9a90cd68289e,1760608102647465326,748.008,456.204,1,1,,-4.3091061284237,10.077755459702857
648286a4-8d21-418c-8c47-cd2ace0c239f,c2ca9808-766d-490c-9422-9a90cd68289e,1760608102652590326,746.371,454.748,1,1,,-4.416773300159612,10.17107616300836
648286a4-8d21-418c-8c47-cd2ace0c239f,c2ca9808-766d-490c-9422-9a90cd68289e,1760608102657590326,745.523,455.015,1,1,,-4.471926008525626,10.153607436451024
648286a4-8d21-418c-8c47-cd2ace0c239f,c2ca9808-766d-490c-9422-9a90cd68289e,1760608102662591326,745.137,457.105,1,1,,-4.49593885171572,10.018744369380597
648286a4-8d21-418c-8c47-cd2ace0c239f,c2ca9808-766d-490c-9422-9a90cd68289e,1760608102667590326,743.623,456.282,1,1,,-4.595248744604613,10.071288448643879
648286a4-8d21-418c-8c47-cd2ace0c239f,c2ca9808-766d-490c-9422-9a90cd68289e,1760608102672593326,744.484,456.215,1,1,,-4.539078393485748,10.07590496742294
648286a4-8d21-418c-8c47-cd2ace0c239f,c2ca9808-766d-490c-9422-9a90cd68289e,1760608102677594326,743.328,453.474,1,1,,-4.616133544397754,10.252127505031945
648286a4-8d21-418c-8c47-cd2ace0c239f,c2ca9808-766d-490c-9422-9a90cd68289e,1760608102682591326,745.293,453.877,1,1,,-4.4875850035180935,10.226834180512851
648286a4-8d21-418c-8c47-cd2ace0c239f,c2ca9808-766d-490c-9422-9a90cd68289e,1760608102687591326,745.055,458.399,1,1,,-4.500606995420302,9.9352734762134
648286a4-8d21-418c-8c47-cd2ace0c239f,c2ca9808-766d-490c-9422-9a90cd68289e,1760608102692597326,745.849,458.739,1,1,,-4.448564193640183,9.913650228459357
648286a4-8d21-418c-8c47-cd2ace0c239f,c2ca9808-766d-490c-9422-9a90cd68289e,1760608102697592326,748.319,459.745,1,1,,-4.286917655758989,9.849578735315767
648286a4-8d21-418c-8c47-cd2ace0c239f,c2ca9808-766d-490c-9422-9a90cd68289e,1760608102702591326,741.318,458.302,1,1,,-4.744457886894086,9.94027253052881
648286a4-8d21-418c-8c47-cd2ace0c239f,c2ca9808-766d-490c-9422-9a90cd68289e,1760608102707591326,738.95,452.748,1,1,,-4.902406902187475,10.297356704937503
648286a4-8d21-418c-8c47-cd2ace0c239f,c2ca9808-766d-490c-9422-9a90cd68289e,1760608102712591326,741.075,452.919,1,1,,-4.763553227988864,10.287136078626245
648286a4-8d21-418c-8c47-cd2ace0c239f,c2ca9808-766d-490c-9422-9a90cd68289e,1760608102717591326,743.338,453.768,1,1,,-4.615270031175242,10.233205257466945
648286a4-8d21-418c-8c47-cd2ace0c239f,c2ca9808-766d-490c-9422-9a90cd68289e,1760608102722591326,743.228,452.25,1,1,,-4.623366445379733,10.330993678949637
648286a4-8d21-418c-8c47-cd2ace0c239f,c2ca9808-766d-490c-9422-9a90cd68289e,1760608102727591326,741.753,448.396,1,1,,-4.7220747048857685,10.57879826212901
648286a4-8d21-418c-8c47-cd2ace0c239f,c2ca9808-766d-490c-9422-9a90cd68289e,1760608102732591326,742.058,450.449,1,1,,-4.700862494604342,10.446658724378405
648286a4-8d21-418c-8c47-cd2ace0c239f,c2ca9808-766d-490c-9422-9a90cd68289e,1760608102737591326,743.268,450.402,1,1,,-4.621858295490881,10.450136541396246
648286a4-8d21-418c-8c47-cd2ace0c239f,c2ca9808-766d-490c-9422-9a90cd68289e,1760608102742591326,744.53,454.1,1,1,,-4.53729117869113,10.212229507741267
648286a4-8d21-418c-8c47-cd2ace0c239f,c2ca9808-766d-490c-9422-9a90cd68289e,1760608102747591326,745.798,455.445,1,1,,-4.453783275303483,10.125962926780804
648286a4-8d21-418c-8c47-cd2ace0c239f,c2ca9808-766d-490c-9422-9a90cd68289e,1760608102752591326,745.163,456.612,1,1,,-4.4945409001036545,10.050553177506295
648286a4-8d21-418c-8c47-cd2ace0c239f,c2ca9808-766d-490c-9422-9a90cd68289e,1760608102757603326,742.692,455.538,1,1,,-4.6564202854516346,10.118939413257902
648286a4-8d21-418c-8c47-cd2ace0c239f,c2ca9808-766d-490c-9422-9a90cd68289e,1760608102762591326,742.418,456.849,1,1,,-4.673524026630586,10.034307241672673
648286a4-8d21-418c-8c47-cd2ace0c239f,c2ca9808-766d-490c-9422-9a90cd68289e,1760608102767592326,743.423,455.429,1,1,,-4.608754595035373,10.1261631990893
648286a4-8d21-418c-8c47-cd2ace0c239f,c2ca9808-766d-490c-9422-9a90cd68289e,1760608102772592326,742.659,457.85,1,1,,-4.657228568664943,9.969905769989575
648286a4-8d21-418c-8c47-cd2ace0c239f,c2ca9808-766d-490c-9422-9a90cd68289e,1760608102777592326,742.966,457.265,1,1,,-4.637497192277283,10.007708229423622
648286a4-8d21-418c-8c47-cd2ace0c239f,c2ca9808-766d-490c-9422-9a90cd68289e,1760608102782607326,745.56,452.057,1,1,,-4.471223805254059,10.34421899200879
648286a4-8d21-418c-8c47-cd2ace0c239f,c2ca9808-766d-490c-9422-9a90cd68289e,1760608102787717326,743.587,454.958,1,1,,-4.598326764642319,10.156623956195164
648286a4-8d21-418c-8c47-cd2ace0c239f,c2ca9808-766d-490c-9422-9a90cd68289e,1760608102792599326,742.146,453.852,1,1,,-4.693079950339357,10.227405588355996
648286a4-8d21-418c-8c47-cd2ace0c239f,c2ca9808-766d-490c-9422-9a90cd68289e,1760608102797721326,742.223,456.098,1,1,,-4.686672386991698,10.08264937299913
648286a4-8d21-418c-8c47-cd2ace0c239f,c2ca9808-766d-490c-9422-9a90cd68289e,1760608102802717326,745.638,455.755,1,1,,-4.464048526019958,10.105942036847583
648286a4-8d21-418c-8c47-cd2ace0c239f,c2ca9808-766d-490c-9422-9a90cd68289e,1760608102807717326,744.463,455.056,1,1,,-4.54110358179777,10.150573332769152
648286a4-8d21-418c-8c47-cd2ace0c239f,c2ca9808-766d-490c-9422-9a90cd68289e,1760608102812717326,743.543,457.057,1,1,,-4.5999698913626235,10.021272394021482
648286a4-8d21-418c-8c47-cd2ace0c239f,c2ca9808-766d-490c-9422-9a90cd68289e,1760608102817721326,742.298,452.935,1,1,,-4.683683761898538,10.286550988841517
648286a4-8d21-418c-8c47-cd2ace0c239f,c2ca9808-766d-490c-9422-9a90cd68289e,1760608102822717326,743.322,452.954,1,1,,-4.616837586039672,10.285694694921268
648286a4-8d21-418c-8c47-cd2ace0c239f,c2ca9808-766d-490c-9422-9a90cd68289e,1760608102827717326,741.993,455.447,1,1,,-4.702071796660778,10.124540492213272
648286a4-8d21-418c-8c47-cd2ace0c239f,c2ca9808-766d-490c-9422-9a90cd68289e,1760608102832717326,741.556,453.746,1,1,,-4.731662768387526,10.23398014524597
648286a4-8d21-418c-8c47-cd2ace0c239f,c2ca9808-766d-490c-9422-9a90cd68289e,1760608102837717326,744.146,451.521,1,1,,-4.563887650274515,10.378296844461284
648286a4-8d21-418c-8c47-cd2ace0c239f,c2ca9808-766d-490c-9422-9a90cd68289e,1760608102842717326,745.34,450.423,1,1,,-4.486540440837063,10.449509169764566
648286a4-8d21-418c-8c47-cd2ace0c239f,c2ca9808-766d-490c-9422-9a90cd68289e,1760608102847717326,746.429,452.199,1,1,,-4.4144007232430456,10.335413802613722
648286a4-8d21-418c-8c47-cd2ace0c239f,c2ca9808-766d-490c-9422-9a90cd68289e,1760608102852718326,748.131,450.408,1,1,,-4.304298473906754,10.451367390604934
648286a4-8d21-418c-8c47-cd2ace0c239f,c2ca9808-766d-490c-9422-9a90cd68289e,1760608102857719326,748.168,450.449,1,1,,-4.301827979746751,10.4487221620796
648286a4-8d21-418c-8c47-cd2ace0c239f,c2ca9808-766d-490c-9422-9a90cd68289e,1760608102862718326,746.975,453.82,1,1,,-4.377863844172358,10.231056722781958
648286a4-8d21-418c-8c47-cd2ace0c239f,c2ca9808-766d-490c-9422-9a90cd68289e,1760608102867718326,747.519,451.485,1,1,,-4.343639987479646,10.381781921221961
648286a4-8d21-418c-8c47-cd2ace0c239f,c2ca9808-766d-490c-9422-9a90cd68289e,1760608102872727326,749.104,452.04,1,1,,-4.23982184176977,10.346519470476675
648286a4-8d21-418c-8c47-cd2ace0c239f,c2ca9808-766d-490c-9422-9a90cd68289e,1760608102877720326,747.938,451.868,1,1,,-4.316082764909829,10.357198982690974
648286a4-8d21-418c-8c47-cd2ace0c239f,c2ca9808-766d-490c-9422-9a90cd68289e,1760608102882718326,743.684,450.051,1,1,,-4.594929361920743,10.47288794941411
648286a4-8d21-418c-8c47-cd2ace0c239f,c2ca9808-766d-490c-9422-9a90cd68289e,1760608102887718326,743.605,452.227,1,1,,-4.598784414792555,10.33260777297824
648286a4-8d21-418c-8c47-cd2ace0c239f,c2ca9808-766d-490c-9422-9a90cd68289e,1760608102892718326,745.75,450.506,1,1,,-4.459736756810202,10.444245062554453
648286a4-8d21-418c-8c47-cd2ace0c239f,c2ca9808-766d-490c-9422-9a90cd68289e,1760608102897723326,743.265,450.523,1,1,,-4.622019883286012,10.442327854984448
648286a4-8d21-418c-8c47-cd2ace0c239f,c2ca9808-766d-490c-9422-9a90cd68289e,1760608102902727326,743.387,451.142,1,1,,-4.613694411015366,10.402487582005937
648286a4-8d21-418c-8c47-cd2ace0c239f,c2ca9808-766d-490c-9422-9a90cd68289e,1760608102907718326,748.908,455.757,1,1,,-4.250636766851337,10.106875817810852
648286a4-8d21-418c-8c47-cd2ace0c239f,c2ca9808-766d-490c-9422-9a90cd68289e,1760608102912718326,746.967,455.025,1,1,,-4.377714879947259,10.153379626677635
648286a4-8d21-418c-8c47-cd2ace0c239f,c2ca9808-766d-490c-9422-9a90cd68289e,1760608102917718326,747.14,456.175,1,1,,-4.365783968761907,10.079354375233672
648286a4-8d21-418c-8c47-cd2ace0c239f,c2ca9808-766d-490c-9422-9a90cd68289e,1760608102922843326,745.953,455.396,1,1,,-4.44364885429321,10.129181171743438
648286a4-8d21-418c-8c47-cd2ace0c239f,c2ca9808-766d-490c-9422-9a90cd68289e,1760608102927727326,746.337,451.196,1,1,,-4.420983727493741,10.400009689065644
648286a4-8d21-418c-8c47-cd2ace0c239f,c2ca9808-766d-490c-9422-9a90cd68289e,1760608102932843326,747.713,452.191,1,1,,-4.330587441971243,10.336320044173181
648286a4-8d21-418c-8c47-cd2ace0c239f,c2ca9808-766d-490c-9422-9a90cd68289e,1760608102937844326,745.5,448.143,1,1,,-4.477430302083605,10.596457915966301
648286a4-8d21-418c-8c47-cd2ace0c239f,c2ca9808-766d-490c-9422-9a90cd68289e,1760608102942843326,743.34,449.189,1,1,,-4.617919941308537,10.528302301737057
648286a4-8d21-418c-8c47-cd2ace0c239f,c2ca9808-766d-490c-9422-9a90cd68289e,1760608102947844326,743.566,447.889,1,1,,-4.603980547761647,10.612175759407735
648286a4-8d21-418c-8c47-cd2ace0c239f,c2ca9808-766d-490c-9422-9a90cd68289e,1760608102952843326,743.729,444.451,1,1,,-4.595467604286467,10.833748783567557
648286a4-8d21-418c-8c47-cd2ace0c239f,c2ca9808-766d-490c-9422-9a90cd68289e,1760608102957843326,743.404,446.578,1,1,,-4.615320501799596,10.696559973313855
648286a4-8d21-418c-8c47-cd2ace0c239f,c2ca9808-766d-490c-9422-9a90cd68289e,1760608102962844326,745.325,445.767,1,1,,-4.490337254885235,10.749524960138386
648286a4-8d21-418c-8c47-cd2ace0c239f,c2ca9808-766d-490c-9422-9a90cd68289e,1760608102967844326,744.925,445.643,1,1,,-4.516548998981388,10.757336127635423
648286a4-8d21-418c-8c47-cd2ace0c239f,c2ca9808-766d-490c-9422-9a90cd68289e,1760608102972844326,743.853,444.344,1,1,,-4.587376917259223,10.840680179951233
648286a4-8d21-418c-8c47-cd2ace0c239f,c2ca9808-766d-490c-9422-9a90cd68289e,1760608102977844326,744.67,444.708,1,1,,-4.533776961730443,10.817524671680308
648286a4-8d21-418c-8c47-cd2ace0c239f,c2ca9808-766d-490c-9422-9a90cd68289e,1760608102982849326,744.549,447.603,1,1,,-4.539897972529779,10.630929806546579
648286a4-8d21-418c-8c47-cd2ace0c239f,c2ca9808-766d-490c-9422-9a90cd68289e,1760608102987844326,745.489,444.358,1,1,,-4.480454170352127,10.84039091234962
648286a4-8d21-418c-8c47-cd2ace0c239f,c2ca9808-766d-490c-9422-9a90cd68289e,1760608102992844326,746.482,443.439,1,1,,-4.41613973746349,10.899905622417009
648286a4-8d21-418c-8c47-cd2ace0c239f,c2ca9808-766d-490c-9422-9a90cd68289e,1760608102997844326,746.212,442.724,1,1,,-4.43419521316472,10.94592948522512
648286a4-8d21-418c-8c47-cd2ace0c239f,c2ca9808-766d-490c-9422-9a90cd68289e,1760608103002853326,747.972,443.873,1,1,,-4.318483978419628,10.872453622736453
648286a4-8d21-418c-8c47-cd2ace0c239f,c2ca9808-766d-490c-9422-9a90cd68289e,1760608103007846326,747.826,443.955,1,1,,-4.327970681730178,10.867147248663095
648286a4-8d21-418c-8c47-cd2ace0c239f,c2ca9808-766d-490c-9422-9a90cd68289e,1760608103012848326,747.698,444.383,1,1,,-4.33609892074132,10.839524851474717
648286a4-8d21-418c-8c47-cd2ace0c239f,c2ca9808-766d-490c-9422-9a90cd68289e,1760608103017844326,747.192,446.376,1,1,,-4.367957381945658,10.710925069743116
648286a4-8d21-418c-8c47-cd2ace0c239f,c2ca9808-766d-490c-9422-9a90cd68289e,1760608103022844326,745.026,446.694,1,1,,-4.509316913477751,10.68966841887986
648286a4-8d21-418c-8c47-cd2ace0c239f,c2ca9808-766d-490c-9422-9a90cd68289e,1760608103027844326,745.479,445.06,1,1,,-4.48067564533906,10.795092989710831
648286a4-8d21-418c-8c47-cd2ace0c239f,c2ca9808-766d-490c-9422-9a90cd68289e,1760608103032844326,745.819,446.53,1,1,,-4.4575876421522755,10.700511870850242
648286a4-8d21-418c-8c47-cd2ace0c239f,c2ca9808-766d-490c-9422-9a90cd68289e,1760608103037844326,747.514,445.332,1,1,,-4.347509145178423,10.778320080310039
648286a4-8d21-418c-8c47-cd2ace0c239f,c2ca9808-766d-490c-9422-9a90cd68289e,1760608103042844326,746.414,445.347,1,1,,-4.419377982577431,10.776961382472422
648286a4-8d21-418c-8c47-cd2ace0c239f,c2ca9808-766d-490c-9422-9a90cd68289e,1760608103047845326,745.603,447.11,1,1,,-4.471344728571987,10.663052769733282
648286a4-8d21-418c-8c47-cd2ace0c239f,c2ca9808-766d-490c-9422-9a90cd68289e,1760608103052844326,745.971,446.084,1,1,,-4.447916682901711,10.729331797398793
648286a4-8d21-418c-8c47-cd2ace0c239f,c2ca9808-766d-490c-9422-9a90cd68289e,1760608103057970326,747.904,443.764,1,1,,-4.322940848478629,10.879457081193735
648286a4-8d21-418c-8c47-cd2ace0c239f,c2ca9808-766d-490c-9422-9a90cd68289e,1760608103062973326,746.066,444.175,1,1,,-4.442846031935286,10.852326079014926
648286a4-8d21-418c-8c47-cd2ace0c239f,c2ca9808-766d-490c-9422-9a90cd68289e,1760608103067970326,747.14,451.621,1,1,,-4.36829691030396,10.372858923966778
648286a4-8d21-418c-8c47-cd2ace0c239f,c2ca9808-766d-490c-9422-9a90cd68289e,1760608103072970326,745.487,450.483,1,1,,-4.476922008036097,10.445645453885602
648286a4-8d21-418c-8c47-cd2ace0c239f,c2ca9808-766d-490c-9422-9a90cd68289e,1760608103077970326,743.359,451.752,1,1,,-4.615113105658683,10.363154078640939
648286a4-8d21-418c-8c47-cd2ace0c239f,c2ca9808-766d-490c-9422-9a90cd68289e,1760608103082970326,742.695,450.742,1,1,,-4.6591101735444935,10.427968314737786
648286a4-8d21-418c-8c47-cd2ace0c239f,c2ca9808-766d-490c-9422-9a90cd68289e,1760608103087970326,743.071,449.301,1,1,,-4.63544031925174,10.520965095834418
648286a4-8d21-418c-8c47-cd2ace0c239f,c2ca9808-766d-490c-9422-9a90cd68289e,1760608103092970326,743.139,450.262,1,1,,-4.630421074722262,10.45906394869185
648286a4-8d21-418c-8c47-cd2ace0c239f,c2ca9808-766d-490c-9422-9a90cd68289e,1760608103097976326,746.04,447.976,1,1,,-4.442297803401016,10.607433820949156
648286a4-8d21-418c-8c47-cd2ace0c239f,c2ca9808-766d-490c-9422-9a90cd68289e,1760608103102970326,745.477,449.687,1,1,,-4.47803702944611,10.496976034610947
648286a4-8d21-418c-8c47-cd2ace0c239f,c2ca9808-766d-490c-9422-9a90cd68289e,1760608103107970326,746.034,450.762,1,1,,-4.441068953818442,10.42788123214602
648286a4-8d21-418c-8c47-cd2ace0c239f,c2ca9808-766d-490c-9422-9a90cd68289e,1760608103112970326,744.621,452.866,1,1,,-4.532050384378532,10.29181709474261
648286a4-8d21-418c-8c47-cd2ace0c239f,c2ca9808-766d-490c-9422-9a90cd68289e,1760608103117970326,744.4,454.64,1,1,,-4.545455958914797,10.177398941471889
648286a4-8d21-418c-8c47-cd2ace0c239f,c2ca9808-766d-490c-9422-9a90cd68289e,1760608103122972326,745.559,452.38,1,1,,-4.471140219639048,10.323394833693067
648286a4-8d21-418c-8c47-cd2ace0c239f,c2ca9808-766d-490c-9422-9a90cd68289e,1760608103127970326,741.581,446.633,1,1,,-4.734440263855354,10.692332004082388
648286a4-8d21-418c-8c47-cd2ace0c239f,c2ca9808-766d-490c-9422-9a90cd68289e,1760608103132970326,740.966,446.591,1,1,,-4.774612871939029,10.694824089725191
648286a4-8d21-418c-8c47-cd2ace0c239f,c2ca9808-766d-490c-9422-9a90cd68289e,1760608103137970326,741.977,449.759,1,1,,-4.70661851432401,10.491111731353294
648286a4-8d21-418c-8c47-cd2ace0c239f,c2ca9808-766d-490c-9422-9a90cd68289e,1760608103142981326,736.995,455.161,1,1,,-5.028479234331802,10.141171210836493
648286a4-8d21-418c-8c47-cd2ace0c239f,c2ca9808-766d-490c-9422-9a90cd68289e,1760608103147971326,736.052,455.574,1,1,,-5.089694437423111,10.114213849124768
648286a4-8d21-418c-8c47-cd2ace0c239f,c2ca9808-766d-490c-9422-9a90cd68289e,1760608103152971326,739.071,454.115,1,1,,-4.893638155234309,10.209304299775201
648286a4-8d21-418c-8c47-cd2ace0c239f,c2ca9808-766d-490c-9422-9a90cd68289e,1760608103157985326,739.463,457.244,1,1,,-4.866134533244274,10.007806561261201
648286a4-8d21-418c-8c47-cd2ace0c239f,c2ca9808-766d-490c-9422-9a90cd68289e,1760608103162980326,740.458,457.041,1,1,,-4.801283764477517,10.02126523548565
648286a4-8d21-418c-8c47-cd2ace0c239f,c2ca9808-766d-490c-9422-9a90cd68289e,1760608103167971326,740.769,455.459,1,1,,-4.781990856878136,10.12335949535299
648286a4-8d21-418c-8c47-cd2ace0c239f,c2ca9808-766d-490c-9422-9a90cd68289e,1760608103172971326,741.189,456.091,1,1,,-4.754189050092142,10.082740032581505
648286a4-8d21-418c-8c47-cd2ace0c239f,c2ca9808-766d-490c-9422-9a90cd68289e,1760608103177971326,741.408,456.038,1,1,,-4.7399417674126365,10.086241379594028
648286a4-8d21-418c-8c47-cd2ace0c239f,c2ca9808-766d-490c-9422-9a90cd68289e,1760608103182971326,738.219,456.608,1,1,,-4.947653477305413,10.048370397948041
648286a4-8d21-418c-8c47-cd2ace0c239f,c2ca9808-766d-490c-9422-9a90cd68289e,1760608103187971326,739.05,453.834,1,1,,-4.895192577755795,10.227422283139234
648286a4-8d21-418c-8c47-cd2ace0c239f,c2ca9808-766d-490c-9422-9a90cd68289e,1760608103192973326,739.751,455.227,1,1,,-4.84853091587313,10.13791805249721
648286a4-8d21-418c-8c47-cd2ace0c239f,c2ca9808-766d-490c-9422-9a90cd68289e,1760608103197982326,740.541,455.282,1,1,,-4.796935833713671,10.1346384168545
648286a4-8d21-418c-8c47-cd2ace0c239f,c2ca9808-766d-490c-9422-9a90cd68289e,1760608103203096326,744.159,449.739,1,1,,-4.564084047409794,10.49313410341867
648286a4-8d21-418c-8c47-cd2ace0c239f,c2ca9808-766d-490c-9422-9a90cd68289e,1760608103208096326,744.461,448.516,1,1,,-4.545083081880805,10.572041416757108
648286a4-8d21-418c-8c47-cd2ace0c239f,c2ca9808-766d-490c-9422-9a90cd68289e,1760608103213096326,744.189,454.671,1,1,,-4.559194447893982,10.175336248599962
648286a4-8d21-418c-8c47-cd2ace0c239f,c2ca9808-766d-490c-9422-9a90cd68289e,1760608103218096326,744.782,456.374,1,1,,-4.51953351268568,10.065710315876412
648286a4-8d21-418c-8c47-cd2ace0c239f,c2ca9808-766d-490c-9422-9a90cd68289e,1760608103223096326,738.412,451.556,1,1,,-4.938249066754075,10.373983981902256
648286a4-8d21-418c-8c47-cd2ace0c239f,c2ca9808-766d-490c-9422-9a90cd68289e,1760608103228096326,738.899,452.396,1,1,,-4.905933066933705,10.320031120966675
648286a4-8d21-418c-8c47-cd2ace0c239f,c2ca9808-766d-490c-9422-9a90cd68289e,1760608103233096326,739.161,452.3,1,1,,-4.88885533662103,10.32629289294289
648286a4-8d21-418c-8c47-cd2ace0c239f,c2ca9808-766d-490c-9422-9a90cd68289e,1760608103238104326,739.426,456.368,1,,,-4.869079611032351,10.064296087437558
648286a4-8d21-418c-8c47-cd2ace0c239f,c2ca9808-766d-490c-9422-9a90cd68289e,1760608103243097326,741.967,455.345,1,,,-4.703833163883363,10.131068411770606
648286a4-8d21-418c-8c47-cd2ace0c239f,c2ca9808-766d-490c-9422-9a90cd68289e,1760608103248098326,746.575,473.365,1,,,-4.39364395457481,8.970780669390754
648286a4-8d21-418c-8c47-cd2ace0c239f,c2ca9808-766d-490c-9422-9a90cd68289e,1760608103253097326,750.74,511.073,1,,,-4.10734758986275,6.538574457385491
648286a4-8d21-418c-8c47-cd2ace0c239f,c2ca9808-766d-490c-9422-9a90cd68289e,1760608103258108326,746.718,550.459,1,,,-4.357256139528795,3.994180772216293
648286a4-8d21-418c-8c47-cd2ace0c239f,c2ca9808-766d-490c-9422-9a90cd68289e,1760608103263097326,746.024,606.535,1,,,-4.395542632518639,0.3706284654775919
648286a4-8d21-418c-8c47-cd2ace0c239f,c2ca9808-766d-490c-9422-9a90cd68289e,1760608103268097326,790.776,649.222,1,,,-1.5028385980851366,-2.390260622486599
648286a4-8d21-418c-8c47-cd2ace0c239f,c2ca9808-766d-490c-9422-9a90cd68289e,1760608103273097326,768.695,683.886,1,,,-2.9357599153497134,-4.630059570996047
648286a4-8d21-418c-8c47-cd2ace0c239f,c2ca9808-766d-490c-9422-9a90cd68289e,1760608103278105326,781.575,699.654,1,,,-2.103419170351404,-5.6501835487696255
648286a4-8d21-418c-8c47-cd2ace0c239f,c2ca9808-766d-490c-9422-9a90cd68289e,1760608103283097326,786.174,724.236,1,,,-1.8088275708482136,-7.238599162511181
648286a4-8d21-418c-8c47-cd2ace0c239f,c2ca9808-766d-490c-9422-9a90cd68289e,1760608103288097326,793.211,739.544,1,,,-1.3537001939606101,-8.22765214564321
648286a4-8d21-418c-8c47-cd2ace0c239f,c2ca9808-766d-490c-9422-9a90cd68289e,1760608103293097326,781.704,738.053,1,2,,-2.102111884278611,-8.130265779115692
648286a4-8d21-418c-8c47-cd2ace0c239f,c2ca9808-766d-490c-9422-9a90cd68289e,1760608103298097326,781.794,735.021,1,2,,-2.095591621105721,-7.93458759496551
648286a4-8d21-418c-8c47-cd2ace0c239f,c2ca9808-766d-490c-9422-9a90cd68289e,1760608103303097326,781.413,732.811,1,2,,-2.11993750946859,-7.791847962383227
648286a4-8d21-418c-8c47-cd2ace0c239f,c2ca9808-766d-490c-9422-9a90cd68289e,1760608103308100326,777.125,736.953,1,2,,-2.399737062244314,-8.05870123108054
648286a4-8d21-418c-8c47-cd2ace0c239f,c2ca9808-766d-490c-9422-9a90cd68289e,1760608103313097326,778.247,737.017,1,2,,-2.3267450702510355,-8.062952943836587
648286a4-8d21-418c-8c47-cd2ace0c239f,c2ca9808-766d-490c-9422-9a90cd68289e,1760608103318102326,778.373,736.689,1,2,,-2.318441480601737,-8.041787732195647
648286a4-8d21-418c-8c47-cd2ace0c239f,c2ca9808-766d-490c-9422-9a90cd68289e,1760608103323097326,779.447,732.555,1,2,,-2.2476988313817086,-7.775098221035516
648286a4-8d21-418c-8c47-cd2ace0c239f,c2ca9808-766d-490c-9422-9a90cd68289e,1760608103328097326,778.583,730.613,1,2,,-2.303413924292898,-7.649582373972835
648286a4-8d21-418c-8c47-cd2ace0c239f,c2ca9808-766d-490c-9422-9a90cd68289e,1760608103333222326,783.732,731.654,1,2,,-1.968871926179972,-7.717408411046079
648286a4-8d21-418c-8c47-cd2ace0c239f,c2ca9808-766d-490c-9422-9a90cd68289e,1760608103338222326,785.169,733.934,1,2,,-1.87590020481479,-7.864749617734589
648286a4-8d21-418c-8c47-cd2ace0c239f,c2ca9808-766d-490c-9422-9a90cd68289e,1760608103343230326,782.736,733.057,1,2,,-2.0339149298002326,-7.807849906677025
648286a4-8d21-418c-8c47-cd2ace0c239f,c2ca9808-766d-490c-9422-9a90cd68289e,1760608103348223326,782.433,731.953,1,2,,-2.053412064575481,-7.7365911315140234
648286a4-8d21-418c-8c47-cd2ace0c239f,c2ca9808-766d-490c-9422-9a90cd68289e,1760608103353226326,784.489,732.895,1,2,,-1.9199089469631099,-7.79760679656932
648286a4-8d21-418c-8c47-cd2ace0c239f,c2ca9808-766d-490c-9422-9a90cd68289e,1760608103358223326,784.777,723.142,1,2,,-1.8994264227320812,-7.167817944951237
648286a4-8d21-418c-8c47-cd2ace0c239f,c2ca9808-766d-490c-9422-9a90cd68289e,1760608103363223326,784.734,719.954,1,2,,-1.9016894192658789,-6.961945664078756
648286a4-8d21-418c-8c47-cd2ace0c239f,c2ca9808-766d-490c-9422-9a90cd68289e,1760608103368223326,787.689,723.315,1,2,,-1.7102746315640636,-7.17927367624437
648286a4-8d21-418c-8c47-cd2ace0c239f,c2ca9808-766d-490c-9422-9a90cd68289e,1760608103373223326,793.006,726.211,1,2,,-1.365174959556063,-7.366693427822888
648286a4-8d21-418c-8c47-cd2ace0c239f,c2ca9808-766d-490c-9422-9a90cd68289e,1760608103378223326,789.236,724.337,1,2,,-1.6099413876174533,-7.2454075139274865
648286a4-8d21-418c-8c47-cd2ace0c239f,c2ca9808-766d-490c-9422-9a90cd68289e,1760608103383223326,786.434,725.373,1,2,,-1.7921152440589294,-7.312050351485546
648286a4-8d21-418c-8c47-cd2ace0c239f,c2ca9808-766d-490c-9422-9a90cd68289e,1760608103388223326,785.726,724.542,1,2,,-1.8380111388118974,-7.258309529383899
648286a4-8d21-418c-8c47-cd2ace0c239f,c2ca9808-766d-490c-9422-9a90cd68289e,1760608103393223326,783.585,725.42,1,2,,-1.9772539329542238,-7.314823766145767
648286a4-8d21-418c-8c47-cd2ace0c239f,c2ca9808-766d-490c-9422-9a90cd68289e,1760608103398223326,786.01,715.544,1,2,,-1.8180819513739752,-6.677160125696967
648286a4-8d21-418c-8c47-cd2ace0c239f,c2ca9808-766d-490c-9422-9a90cd68289e,1760608103403230326,785.995,714.275,1,2,,-1.8188856094958201,-6.595193234379677
648286a4-8d21-418c-8c47-cd2ace0c239f,c2ca9808-766d-490c-9422-9a90cd68289e,1760608103408223326,779.287,719.341,1,2,,-2.25531339401171,-6.921802269930015
648286a4-8d21-418c-8c47-cd2ace0c239f,c2ca9808-766d-490c-9422-9a90cd68289e,1760608103413223326,780.222,719.999,1,2,,-2.1947482670184297,-6.964368320590886
648286a4-8d21-418c-8c47-cd2ace0c239f,c2ca9808-766d-490c-9422-9a90cd68289e,1760608103418223326,785.044,719.774,1,2,,-1.8815333188416155,-6.950336995603427
648286a4-8d21-418c-8c47-cd2ace0c239f,c2ca9808-766d-490c-9422-9a90cd68289e,1760608103423223326,785.68,719.401,1,2,,-1.8401585134765988,-6.926308016929694
648286a4-8d21-418c-8c47-cd2ace0c239f,c2ca9808-766d-490c-9422-9a90cd68289e,1760608103428223326,784.931,719.489,1,2,,-1.888803649413641,-6.931940357167411
648286a4-8d21-418c-8c47-cd2ace0c239f,c2ca9808-766d-490c-9422-9a90cd68289e,1760608103433223326,784.199,721.995,1,2,,-1.9367563610160383,-7.093677719142727
648286a4-8d21-418c-8c47-cd2ace0c239f,c2ca9808-766d-490c-9422-9a90cd68289e,1760608103438223326,781.2,725.606,1,2,,-2.132274184356976,-7.326613191290536
648286a4-8d21-418c-8c47-cd2ace0c239f,c2ca9808-766d-490c-9422-9a90cd68289e,1760608103443226326,780.916,725.651,1,2,,-2.1507769071809055,-7.3294858614623335
648286a4-8d21-418c-8c47-cd2ace0c239f,c2ca9808-766d-490c-9422-9a90cd68289e,1760608103448224326,777.602,724.791,1,2,,-2.365906165953901,-7.273536829951119
648286a4-8d21-418c-8c47-cd2ace0c239f,c2ca9808-766d-490c-9422-9a90cd68289e,1760608103453224326,779.427,720.331,1,2,,-2.246442516807353,-6.985743578134637
648286a4-8d21-418c-8c47-cd2ace0c239f,c2ca9808-766d-490c-9422-9a90cd68289e,1760608103458228326,780.652,719.685,1,2,,-2.166725362238494,-6.944129761955795
648286a4-8d21-418c-8c47-cd2ace0c239f,c2ca9808-766d-490c-9422-9a90cd68289e,1760608103463235326,779.853,724.069,1,2,,-2.219491653152462,-7.2271914691644055
648286a4-8d21-418c-8c47-cd2ace0c239f,c2ca9808-766d-490c-9422-9a90cd68289e,1760608103468352326,780.597,722.305,1,2,,-2.1708448883656097,-7.113315489017872
648286a4-8d21-418c-8c47-cd2ace0c239f,c2ca9808-766d-490c-9422-9a90cd68289e,1760608103473351326,782.75,716.936,1,2,,-2.03000060913033,-6.7668057726328605
648286a4-8d21-418c-8c47-cd2ace0c239f,c2ca9808-766d-490c-9422-9a90cd68289e,1760608103478349326,781.45,714.976,1,2,,-2.11408158049918,-6.64010115502802
648286a4-8d21-418c-8c47-cd2ace0c239f,c2ca9808-766d-490c-9422-9a90cd68289e,1760608103483349326,782.576,715.328,1,2,,-2.04099335980733,-6.66289394547309
648286a4-8d21-418c-8c47-cd2ace0c239f,c2ca9808-766d-490c-9422-9a90cd68289e,1760608103488349326,781.073,716.544,1,,,-2.138849130586003,-6.741335202720935
648286a4-8d21-418c-8c47-cd2ace0c239f,c2ca9808-766d-490c-9422-9a90cd68289e,1760608103493356326,780.626,717.303,1,,,-2.167978827627705,-6.790283042827845
648286a4-8d21-418c-8c47-cd2ace0c239f,c2ca9808-766d-490c-9422-9a90cd68289e,1760608103498349326,779.692,713.668,1,,,-2.2279525989179954,-6.555432626824304
648286a4-8d21-418c-8c47-cd2ace0c239f,c2ca9808-766d-490c-9422-9a90cd68289e,1760608103503349326,759.525,707.185,1,,,-3.535248926349296,-6.133968639306074
648286a4-8d21-418c-8c47-cd2ace0c239f,c2ca9808-766d-490c-9422-9a90cd68289e,1760608103508352326,734.831,714.183,1,,,-5.1398369672099085,-6.580568030750867
648286a4-8d21-418c-8c47-cd2ace0c239f,c2ca9808-766d-490c-9422-9a90cd68289e,1760608103513349326,734.783,706.159,1,,,-5.139729408169776,-6.062839050973538
648286a4-8d21-418c-8c47-cd2ace0c239f,c2ca9808-766d-490c-9422-9a90cd68289e,1760608103518349326,734.664,705.896,1,3,,-5.147355846894625,-6.04588772060638
648286a4-8d21-418c-8c47-cd2ace0c239f,c2ca9808-766d-490c-9422-9a90cd68289e,1760608103523349326,736.168,704.313,1,3,,-5.049256926613094,-5.944039371819263
648286a4-8d21-418c-8c47-cd2ace0c239f,c2ca9808-766d-490c-9422-9a90cd68289e,1760608103528349326,736.95,701.034,1,3,,-4.997342196623206,-5.7326373367259675
648286a4-8d21-418c-8c47-cd2ace0c239f,c2ca9808-766d-490c-9422-9a90cd68289e,1760608103533361326,738.982,705.051,1,3,,-4.867011405409202,-5.992292810374508
648286a4-8d21-418c-8c47-cd2ace0c239f,c2ca9808-766d-490c-9422-9a90cd68289e,1760608103538349326,737.516,703.209,1,3,,-4.961445846754936,-5.87312394163989
648286a4-8d21-418c-8c47-cd2ace0c239f,c2ca9808-766d-490c-9422-9a90cd68289e,1760608103543350326,738.172,708.696,1,3,,-4.920906880362377,-6.227326674914995
648286a4-8d21-418c-8c47-cd2ace0c239f,c2ca9808-766d-490c-9422-9a90cd68289e,1760608103548350326,736.735,710.068,1,3,,-5.014647318877257,-6.315519725200415
648286a4-8d21-418c-8c47-cd2ace0c239f,c2ca9808-766d-490c-9422-9a90cd68289e,1760608103553357326,736.901,710.671,1,3,,-5.0041276895440925,-6.3545176102445255
648286a4-8d21-418c-8c47-cd2ace0c239f,c2ca9808-766d-490c-9422-9a90cd68289e,1760608103558350326,738.071,710.77,1,3,,-4.928246498050955,-6.36119146012932
648286a4-8d21-418c-8c47-cd2ace0c239f,c2ca9808-766d-490c-9422-9a90cd68289e,1760608103563350326,738.794,711.066,1,3,,-4.881432212652767,-6.380439666584088
648286a4-8d21-418c-8c47-cd2ace0c239f,c2ca9808-766d-490c-9422-9a90cd68289e,1760608103568354326,739.753,713.426,1,3,,-4.8201220373068425,-6.53297604809463
648286a4-8d21-418c-8c47-cd2ace0c239f,c2ca9808-766d-490c-9422-9a90cd68289e,1760608103573356326,738.833,709.738,1,3,,-4.8784109592339435,-6.2947518363490005
648286a4-8d21-418c-8c47-cd2ace0c239f,c2ca9808-766d-490c-9422-9a90cd68289e,1760608103578354326,738.435,709.479,1,3,,-4.904132909605958,-6.277940386551983
648286a4-8d21-418c-8c47-cd2ace0c239f,c2ca9808-766d-490c-9422-9a90cd68289e,1760608103583350326,739.012,710.793,1,3,,-4.867187711958106,-6.362885145510969
648286a4-8d21-418c-8c47-cd2ace0c239f,c2ca9808-766d-490c-9422-9a90cd68289e,1760608103588350326,737.173,710.51,1,3,,-4.986404704723185,-6.344145936903133
648286a4-8d21-418c-8c47-cd2ace0c239f,c2ca9808-766d-490c-9422-9a90cd68289e,1760608103593350326,735.551,710.886,1,3,,-5.091787501358232,-6.3680536981190015
648286a4-8d21-418c-8c47-cd2ace0c239f,c2ca9808-766d-490c-9422-9a90cd68289e,1760608103598350326,735.545,709.425,1,3,,-5.091596491839235,-6.273780370558235
648286a4-8d21-418c-8c47-cd2ace0c239f,c2ca9808-766d-490c-9422-9a90cd68289e,1760608103603475326,730.9,703.57,1,3,,-5.390556659416329,-5.894868794700939
648286a4-8d21-418c-8c47-cd2ace0c239f,c2ca9808-766d-490c-9422-9a90cd68289e,1760608103608475326,734.208,705.617,1,3,,-5.176855863681115,-6.027722924082639
648286a4-8d21-418c-8c47-cd2ace0c239f,c2ca9808-766d-490c-9422-9a90cd68289e,1760608103613475326,736.059,702.298,1,3,,-5.055598282249256,-5.8139729128724875
648286a4-8d21-418c-8c47-cd2ace0c239f,c2ca9808-766d-490c-9422-9a90cd68289e,1760608103618475326,737.553,703.051,1,3,,-4.959003666493438,-5.862929539003382
648286a4-8d21-418c-8c47-cd2ace0c239f,c2ca9808-766d-490c-9422-9a90cd68289e,1760608103623475326,735.438,708.687,1,3,,-5.098217806574074,-6.226153028444361
648286a4-8d21-418c-8c47-cd2ace0c239f,c2ca9808-766d-490c-9422-9a90cd68289e,1760608103628476326,737.154,707.034,1,3,,-4.986319125047879,-6.119861112979102
648286a4-8d21-418c-8c47-cd2ace0c239f,c2ca9808-766d-490c-9422-9a90cd68289e,1760608103633475326,736.409,703.892,1,3,,-5.033450650326917,-5.916947240876793
648286a4-8d21-418c-8c47-cd2ace0c239f,c2ca9808-766d-490c-9422-9a90cd68289e,1760608103638488326,738.145,703.119,1,3,,-4.920647547913774,-5.867458720438678
648286a4-8d21-418c-8c47-cd2ace0c239f,c2ca9808-766d-490c-9422-9a90cd68289e,1760608103643485326,732.04,712.597,1,3,,-5.3202227316705875,-6.477549219785954
648286a4-8d21-418c-8c47-cd2ace0c239f,c2ca9808-766d-490c-9422-9a90cd68289e,1760608103648476326,735.348,711.947,1,3,,-5.105377261840566,-6.436423582690159
648286a4-8d21-418c-8c47-cd2ace0c239f,c2ca9808-766d-490c-9422-9a90cd68289e,1760608103653476326,735.371,711.127,1,3,,-5.10351255782201,-6.383533708377488
648286a4-8d21-418c-8c47-cd2ace0c239f,c2ca9808-766d-490c-9422-9a90cd68289e,1760608103658476326,737.333,712.938,1,3,,-4.976964962695279,-6.500912096708921
648286a4-8d21-418c-8c47-cd2ace0c239f,c2ca9808-766d-490c-9422-9a90cd68289e,1760608103663476326,735.972,714.173,1,3,,-5.065760881120748,-6.580214555846208
648286a4-8d21-418c-8c47-cd2ace0c239f,c2ca9808-766d-490c-9422-9a90cd68289e,1760608103668480326,733.664,711.87,1,3,,-5.214587600431527,-6.431064305914696
648286a4-8d21-418c-8c47-cd2ace0c239f,c2ca9808-766d-490c-9422-9a90cd68289e,1760608103673476326,737.108,711.51,1,3,,-4.9909755590197316,-6.408655854487307
648286a4-8d21-418c-8c47-cd2ace0c239f,c2ca9808-766d-490c-9422-9a90cd68289e,1760608103678477326,737.79,714.381,1,3,,-4.947901772158316,-6.594113682107725
648286a4-8d21-418c-8c47-cd2ace0c239f,c2ca9808-766d-490c-9422-9a90cd68289e,1760608103683476326,737.991,713.811,1,3,,-4.934608414100015,-6.55738058780379
648286a4-8d21-418c-8c47-cd2ace0c239f,c2ca9808-766d-490c-9422-9a90cd68289e,1760608103688476326,738.38,714.193,1,3,,-4.909525724775327,-6.582104382507726
648286a4-8d21-418c-8c47-cd2ace0c239f,c2ca9808-766d-490c-9422-9a90cd68289e,1760608103693485326,737.572,715.73,1,3,,-4.9625584648723375,-6.681098329633178
648286a4-8d21-418c-8c47-cd2ace0c239f,c2ca9808-766d-490c-9422-9a90cd68289e,1760608103698476326,736.841,714.66,1,3,,-5.009554033861163,-6.6118562332919115
648286a4-8d21-418c-8c47-cd2ace0c239f,c2ca9808-766d-490c-9422-9a90cd68289e,1760608103703478326,735.101,716.582,1,3,,-5.1232855755089775,-6.735448229328709
648286a4-8d21-418c-8c47-cd2ace0c239f,c2ca9808-766d-490c-9422-9a90cd68289e,1760608103708476326,733.233,717.024,1,3,,-5.244741279145667,-6.763423706737097
648286a4-8d21-418c-8c47-cd2ace0c239f,c2ca9808-766d-490c-9422-9a90cd68289e,1760608103713476326,734.967,712.775,1,3,,-5.130391112484253,-6.489750520904179
648286a4-8d21-418c-8c47-cd2ace0c239f,c2ca9808-766d-490c-9422-9a90cd68289e,1760608103718477326,734.324,713.733,1,3,,-5.172519255197029,-6.5514501200052875
648286a4-8d21-418c-8c47-cd2ace0c239f,c2ca9808-766d-490c-9422-9a90cd68289e,1760608103723490326,733.071,714.022,1,3,,-5.253932263876607,-6.569744055198441
648286a4-8d21-418c-8c47-cd2ace0c239f,c2ca9808-766d-490c-9422-9a90cd68289e,1760608103728477326,732.536,714.634,1,3,,-5.288942043376447,-6.609092126397247
648286a4-8d21-418c-8c47-cd2ace0c239f,c2ca9808-766d-490c-9422-9a90cd68289e,1760608103733477326,730.209,714.561,1,3,,-5.439878199127486,-6.603734329623925
648286a4-8d21-418c-8c47-cd2ace0c239f,c2ca9808-766d-490c-9422-9a90cd68289e,1760608103738602326,728.258,717.395,1,3,,-5.567811640669211,-6.786026551460826
648286a4-8d21-418c-8c47-cd2ace0c239f,c2ca9808-766d-490c-9422-9a90cd68289e,1760608103743602326,725.349,714.348,1,3,,-5.755126726844058,-6.588646797976221
648286a4-8d21-418c-8c47-cd2ace0c239f,c2ca9808-766d-490c-9422-9a90cd68289e,1760608103748602326,713.903,716.333,1,3,,-6.498792856674869,-6.713124226960439
648286a4-8d21-418c-8c47-cd2ace0c239f,c2ca9808-766d-490c-9422-9a90cd68289e,1760608103753609326,714.714,714.689,1,3,,-6.445295292926735,-6.607400112533134
648286a4-8d21-418c-8c47-cd2ace0c239f,c2ca9808-766d-490c-9422-9a90cd68289e,1760608103758606326,713.528,717.043,1,3,,-6.52349181193125,-6.758782303759911
648286a4-8d21-418c-8c47-cd2ace0c239f,c2ca9808-766d-490c-9422-9a90cd68289e,1760608103763602326,712.505,714.582,1,3,,-6.588505164591264,-6.5998289323137325
648286a4-8d21-418c-8c47-cd2ace0c239f,c2ca9808-766d-490c-9422-9a90cd68289e,1760608103768602326,707.637,713.625,1,3,,-6.903788709281728,-6.536466769488791
648286a4-8d21-418c-8c47-cd2ace0c239f,c2ca9808-766d-490c-9422-9a90cd68289e,1760608103773613326,708.188,709.777,1,3,,-6.865934028958489,-6.288722757265745
648286a4-8d21-418c-8c47-cd2ace0c239f,c2ca9808-766d-490c-9422-9a90cd68289e,1760608103778602326,708.443,713.705,1,3,,-6.851522933955666,-6.541901176245652
648286a4-8d21-418c-8c47-cd2ace0c239f,c2ca9808-766d-490c-9422-9a90cd68289e,1760608103783602326,708.322,706.472,1,3,,-6.855545016174417,-6.075758681616861
648286a4-8d21-418c-8c47-cd2ace0c239f,c2ca9808-766d-490c-9422-9a90cd68289e,1760608103788615326,705.32,708.087,1,3,,-7.051017314488828,-6.178846442517584
648286a4-8d21-418c-8c47-cd2ace0c239f,c2ca9808-766d-490c-9422-9a90cd68289e,1760608103793614326,704.64,711.598,1,3,,-7.096973031189747,-6.404880558108499
648286a4-8d21-418c-8c47-cd2ace0c239f,c2ca9808-766d-490c-9422-9a90cd68289e,1760608103798602326,704.813,712.695,1,3,,-7.086422326459439,-6.475626892943372
648286a4-8d21-418c-8c47-cd2ace0c239f,c2ca9808-766d-490c-9422-9a90cd68289e,1760608103803602326,704.958,712.292,1,3,,-7.076793094099632,-6.449663549666166
648286a4-8d21-418c-8c47-cd2ace0c239f,c2ca9808-766d-490c-9422-9a90cd68289e,1760608103808602326,703.543,713.634,1,3,,-7.169315397386505,-6.535663343085442
648286a4-8d21-418c-8c47-cd2ace0c239f,c2ca9808-766d-490c-9422-9a90cd68289e,1760608103813603326,709.628,702.237,1,3,,-6.768818772610401,-5.803218689773901
648286a4-8d21-418c-8c47-cd2ace0c239f,c2ca9808-766d-490c-9422-9a90cd68289e,1760608103818602326,708.697,699.793,1,3,,-6.828027872619773,-5.645360059328124
648286a4-8d21-418c-8c47-cd2ace0c239f,c2ca9808-766d-490c-9422-9a90cd68289e,1760608103823602326,709.131,701.807,1,3,,-6.800805561738549,-5.775337648824828
648286a4-8d21-418c-8c47-cd2ace0c239f,c2ca9808-766d-490c-9422-9a90cd68289e,1760608103828602326,710.82,699.79,1,3,,-6.690412606141223,-5.6458060787127735
648286a4-8d21-418c-8c47-cd2ace0c239f,c2ca9808-766d-490c-9422-9a90cd68289e,1760608103833603326,712.324,700.53,1,3,,-6.593331994371949,-5.6939464372520545
648286a4-8d21-418c-8c47-cd2ace0c239f,c2ca9808-766d-490c-9422-9a90cd68289e,1760608103838603326,708.739,700.975,1,3,,-6.8258133345129215,-5.721596700764261
648286a4-8d21-418c-8c47-cd2ace0c239f,c2ca9808-766d-490c-9422-9a90cd68289e,1760608103843619326,705.667,700.317,1,3,,-7.024597821509545,-5.678212709966196
648286a4-8d21-418c-8c47-cd2ace0c239f,c2ca9808-766d-490c-9422-9a90cd68289e,1760608103848607326,703.208,700.341,1,3,,-7.183913151399632,-5.679052938735175
648286a4-8d21-418c-8c47-cd2ace0c239f,c2ca9808-766d-490c-9422-9a90cd68289e,1760608103853603326,697.107,715.099,1,3,,-7.587513326953845,-6.627627416224447
648286a4-8d21-418c-8c47-cd2ace0c239f,c2ca9808-766d-490c-9422-9a90cd68289e,1760608103858603326,703.641,709.651,1,3,,-7.160679346062835,-6.279072067033038
648286a4-8d21-418c-8c47-cd2ace0c239f,c2ca9808-766d-490c-9422-9a90cd68289e,1760608103863603326,705.152,707.774,1,3,,-7.061724777956681,-6.1586465838354165
648286a4-8d21-418c-8c47-cd2ace0c239f,c2ca9808-766d-490c-9422-9a90cd68289e,1760608103868603326,703.937,706.23,1,3,,-7.139680820954541,-6.058763945890434
648286a4-8d21-418c-8c47-cd2ace0c239f,c2ca9808-766d-490c-9422-9a90cd68289e,1760608103873603326,703.627,703.654,1,3,,-7.1584217316481356,-5.892678134200852
648286a4-8d21-418c-8c47-cd2ace0c239f,c2ca9808-766d-490c-9422-9a90cd68289e,1760608103878610326,702.255,701.712,1,3,,-7.246358809423338,-5.767078562881065
648286a4-8d21-418c-8c47-cd2ace0c239f,c2ca9808-766d-490c-9422-9a90cd68289e,1760608103883728326,706.309,696.391,1,3,,-6.981123086082195,-5.425406305599636
648286a4-8d21-418c-8c47-cd2ace0c239f,c2ca9808-766d-490c-9422-9a90cd68289e,1760608103888728326,708.368,695.434,1,3,,-6.847319831827822,-5.364293933471401
648286a4-8d21-418c-8c47-cd2ace0c239f,c2ca9808-766d-490c-9422-9a90cd68289e,1760608103893732326,706.323,694.172,1,3,,-6.979198921826978,-5.282329027860629
648286a4-8d21-418c-8c47-cd2ace0c239f,c2ca9808-766d-490c-9422-9a90cd68289e,1760608103898729326,706.733,694.671,1,3,,-6.952877291758466,-5.314607808468437
648286a4-8d21-418c-8c47-cd2ace0c239f,c2ca9808-766d-490c-9422-9a90cd68289e,1760608103903728326,710.547,696.005,1,3,,-6.7064422310760685,-5.401708386140489
648286a4-8d21-418c-8c47-cd2ace0c239f,c2ca9808-766d-490c-9422-9a90cd68289e,1760608103908737326,708.823,694.936,1,3,,-6.817602278024376,-5.33232108587185
648286a4-8d21-418c-8c47-cd2ace0c239f,c2ca9808-766d-490c-9422-9a90cd68289e,1760608103913728326,707.841,696.086,1,3,,-6.881775253293141,-5.4061518070341394
648286a4-8d21-418c-8c47-cd2ace0c239f,c2ca9808-766d-490c-9422-9a90cd68289e,1760608103918729326,705.656,698.914,1,3,,-7.024595718998389,-5.587846764949026
648286a4-8d21-418c-8c47-cd2ace0c239f,c2ca9808-766d-490c-9422-9a90cd68289e,1760608103923729326,705.086,696.258,1,3,,-7.060286465675511,-5.416457055098063
648286a4-8d21-418c-8c47-cd2ace0c239f,c2ca9808-766d-490c-9422-9a90cd68289e,1760608103928729326,706.986,695.189,1,3,,-6.936759830477263,-5.348124919119768
648286a4-8d21-418c-8c47-cd2ace0c239f,c2ca9808-766d-490c-9422-9a90cd68289e,1760608103933729326,705.293,694.663,1,3,,-7.046155970211864,-5.31368527082594
648286a4-8d21-418c-8c47-cd2ace0c239f,c2ca9808-766d-490c-9422-9a90cd68289e,1760608103938729326,705.129,695.388,1,3,,-7.0570898571318255,-5.360429908680288
648286a4-8d21-418c-8c47-cd2ace0c239f,c2ca9808-766d-490c-9422-9a90cd68289e,1760608103943729326,704.938,699.661,1,3,,-7.071500523639661,-5.635736842184039
648286a4-8d21-418c-8c47-cd2ace0c239f,c2ca9808-766d-490c-9422-9a90cd68289e,1760608103948729326,702.829,690.234,1,3,,-7.203729431826056,-5.027551496345167
648286a4-8d21-418c-8c47-cd2ace0c239f,c2ca9808-766d-490c-9422-9a90cd68289e,1760608103953729326,704.073,691.267,1,3,,-7.123649886675102,-5.094457642568154
648286a4-8d21-418c-8c47-cd2ace0c239f,c2ca9808-766d-490c-9422-9a90cd68289e,1760608103958732326,705.376,694.022,1,3,,-7.040505717165203,-5.2723961693403
648286a4-8d21-418c-8c47-cd2ace0c239f,c2ca9808-766d-490c-9422-9a90cd68289e,1760608103963729326,707.536,692.245,1,3,,-6.899812882371436,-5.158476935679915
648286a4-8d21-418c-8c47-cd2ace0c239f,c2ca9808-766d-490c-9422-9a90cd68289e,1760608103968729326,708.719,692.168,1,3,,-6.8231686559243325,-5.1538333670468255
648286a4-8d21-418c-8c47-cd2ace0c239f,c2ca9808-766d-490c-9422-9a90cd68289e,1760608103973752326,710.938,693.071,1,3,,-6.679831163280999,-5.212636425778753
648286a4-8d21-418c-8c47-cd2ace0c239f,c2ca9808-766d-490c-9422-9a90cd68289e,1760608103978729326,711.993,692.659,1,3,,-6.611364161229678,-5.186317151633796
648286a4-8d21-418c-8c47-cd2ace0c239f,c2ca9808-766d-490c-9422-9a90cd68289e,1760608103983743326,712.113,692.034,1,3,,-6.6032781351161525,-5.1460710717709555
648286a4-8d21-418c-8c47-cd2ace0c239f,c2ca9808-766d-490c-9422-9a90cd68289e,1760608103988729326,712.627,691.037,1,3,,-6.5696354793851155,-5.0819432863231
648286a4-8d21-418c-8c47-cd2ace0c239f,c2ca9808-766d-490c-9422-9a90cd68289e,1760608103993729326,712.626,691.08,1,3,,-6.569676345380672,-5.084682823046095
648286a4-8d21-418c-8c47-cd2ace0c239f,c2ca9808-766d-490c-9422-9a90cd68289e,1760608103998734326,718.254,690.714,1,3,,-6.205032359650439,-5.062457865235842
648286a4-8d21-418c-8c47-cd2ace0c239f,c2ca9808-766d-490c-9422-9a90cd68289e,1760608104003729326,717.883,689.507,1,3,,-6.22858891437345,-4.984516731498712
648286a4-8d21-418c-8c47-cd2ace0c239f,c2ca9808-766d-490c-9422-9a90cd68289e,1760608104008729326,718.419,685.467,1,3,,-6.192414305797941,-4.724062952701751
648286a4-8d21-418c-8c47-cd2ace0c239f,c2ca9808-766d-490c-9422-9a90cd68289e,1760608104013854326,721.244,686.971,1,3,,-6.010027744858821,-4.821677740706246
648286a4-8d21-418c-8c47-cd2ace0c239f,c2ca9808-766d-490c-9422-9a90cd68289e,1760608104018858326,721.514,686.743,1,3,,-5.992486166907028,-4.8070648280776265
648286a4-8d21-418c-8c47-cd2ace0c239f,c2ca9808-766d-490c-9422-9a90cd68289e,1760608104023857326,720.985,687.655,1,,,-6.027067908568572,-4.865746457542728
648286a4-8d21-418c-8c47-cd2ace0c239f,c2ca9808-766d-490c-9422-9a90cd68289e,1760608104028868326,723.148,686.509,1,,,-5.886559262271233,-4.79227319651898
648286a4-8d21-418c-8c47-cd2ace0c239f,c2ca9808-766d-490c-9422-9a90cd68289e,1760608104033855326,729.259,684.809,1,,,-5.490319317965042,-4.68382304210322
648286a4-8d21-418c-8c47-cd2ace0c239f,c2ca9808-766d-490c-9422-9a90cd68289e,1760608104038855326,754.271,692.37,1,,,-3.8721062632367587,-5.176362991071869
648286a4-8d21-418c-8c47-cd2ace0c239f,c2ca9808-766d-490c-9422-9a90cd68289e,1760608104043857326,778.386,695.251,1,,,-2.309579480164255,-5.365436620254564
648286a4-8d21-418c-8c47-cd2ace0c239f,c2ca9808-766d-490c-9422-9a90cd68289e,1760608104048855326,790.774,706.734,1,,,-1.5076726348499874,-6.108399189712677
648286a4-8d21-418c-8c47-cd2ace0c239f,c2ca9808-766d-490c-9422-9a90cd68289e,1760608104053855326,791.47,698.744,1,4,,-1.4616707323095848,-5.592088582227946
648286a4-8d21-418c-8c47-cd2ace0c239f,c2ca9808-766d-490c-9422-9a90cd68289e,1760608104058855326,788.723,701.308,1,4,,-1.640090656546992,-5.757651149124324
648286a4-8d21-418c-8c47-cd2ace0c239f,c2ca9808-766d-490c-9422-9a90cd68289e,1760608104063855326,787.275,701.28,1,4,,-1.7340131592130557,-5.755690933310074
648286a4-8d21-418c-8c47-cd2ace0c239f,c2ca9808-766d-490c-9422-9a90cd68289e,1760608104068855326,782.515,700.067,1,4,,-2.0425205274444513,-5.676986652329876
648286a4-8d21-418c-8c47-cd2ace0c239f,c2ca9808-766d-490c-9422-9a90cd68289e,1760608104073855326,781.823,701.266,1,4,,-2.0876301290225747,-5.754353394272484
648286a4-8d21-418c-8c47-cd2ace0c239f,c2ca9808-766d-490c-9422-9a90cd68289e,1760608104078855326,783.489,704.691,1,4,,-1.9800797525791323,-5.9758377919459775
648286a4-8d21-418c-8c47-cd2ace0c239f,c2ca9808-766d-490c-9422-9a90cd68289e,1760608104083855326,784.539,705.515,1,4,,-1.9120523494142414,-6.029155049289602
648286a4-8d21-418c-8c47-cd2ace0c239f,c2ca9808-766d-490c-9422-9a90cd68289e,1760608104088858326,781.371,704.379,1,4,,-2.1174285009494644,-5.955508731091151
648286a4-8d21-418c-8c47-cd2ace0c239f,c2ca9808-766d-490c-9422-9a90cd68289e,1760608104093855326,780.546,703.832,1,4,,-2.1708348709193115,-5.920060298769446
648286a4-8d21-418c-8c47-cd2ace0c239f,c2ca9808-766d-490c-9422-9a90cd68289e,1760608104098855326,782.049,704.544,1,4,,-2.0734414206379026,-5.966224979435711
648286a4-8d21-418c-8c47-cd2ace0c239f,c2ca9808-766d-490c-9422-9a90cd68289e,1760608104103855326,782.295,704.298,1,4,,-2.0574469243678912,-5.9503463835229295
648286a4-8d21-418c-8c47-cd2ace0c239f,c2ca9808-766d-490c-9422-9a90cd68289e,1760608104108855326,782.026,702.821,1,4,,-2.0746720155008647,-5.854872310749742
648286a4-8d21-418c-8c47-cd2ace0c239f,c2ca9808-766d-490c-9422-9a90cd68289e,1760608104113855326,782.344,704.451,1,4,,-2.0543306108972126,-5.960201538639573
648286a4-8d21-418c-8c47-cd2ace0c239f,c2ca9808-766d-490c-9422-9a90cd68289e,1760608104118856326,782.85,705.865,1,4,,-2.0217037727019487,-6.051627717410749
648286a4-8d21-418c-8c47-cd2ace0c239f,c2ca9808-766d-490c-9422-9a90cd68289e,1760608104123856326,779.497,687.578,1,4,,-2.236429218226663,-4.869609607396884
648286a4-8d21-418c-8c47-cd2ace0c239f,c2ca9808-766d-490c-9422-9a90cd68289e,1760608104128864326,776.894,693.836,1,4,,-2.4060756286251745,-5.2738418222968795
648286a4-8d21-418c-8c47-cd2ace0c239f,c2ca9808-766d-490c-9422-9a90cd68289e,1760608104133856326,781.572,694.299,1,4,,-2.1028658175052746,-5.30419410907255
648286a4-8d21-418c-8c47-cd2ace0c239f,c2ca9808-766d-490c-9422-9a90cd68289e,1760608104138856326,782.928,690.362,1,4,,-2.0144190292116972,-5.049805070083506
648286a4-8d21-418c-8c47-cd2ace0c239f,c2ca9808-766d-490c-9422-9a90cd68289e,1760608104143856326,784.637,693.187,1,4,,-1.9040217023976704,-5.232553601849186
648286a4-8d21-418c-8c47-cd2ace0c239f,c2ca9808-766d-490c-9422-9a90cd68289e,1760608104148865326,780.429,696.513,1,4,,-2.1772879970294317,-5.447163586547572
648286a4-8d21-418c-8c47-cd2ace0c239f,c2ca9808-766d-490c-9422-9a90cd68289e,1760608104153981326,780.555,694.637,1,4,,-2.1688254111369862,-5.32589105047077
648286a4-8d21-418c-8c47-cd2ace0c239f,c2ca9808-766d-490c-9422-9a90cd68289e,1760608104158981326,779.993,695.267,1,4,,-2.205395971486624,-5.366563609914152
648286a4-8d21-418c-8c47-cd2ace0c239f,c2ca9808-766d-490c-9422-9a90cd68289e,1760608104163984326,782.855,696.993,1,4,,-2.0200844727285676,-5.478332780200404
648286a4-8d21-418c-8c47-cd2ace0c239f,c2ca9808-766d-490c-9422-9a90cd68289e,1760608104168981326,782.352,696.759,1,4,,-2.05266447921715,-5.463202059333749
648286a4-8d21-418c-8c47-cd2ace0c239f,c2ca9808-766d-490c-9422-9a90cd68289e,1760608104173981326,780.745,696.735,1,4,,-2.1568179892539043,-5.46150350591
648286a4-8d21-418c-8c47-cd2ace0c239f,c2ca9808-766d-490c-9422-9a90cd68289e,1760608104178981326,778.866,694.384,1,4,,-2.2782710405731974,-5.309421891032153
648286a4-8d21-418c-8c47-cd2ace0c239f,c2ca9808-766d-490c-9422-9a90cd68289e,1760608104183982326,779.196,695.019,1,4,,-2.2569925083705997,-5.350517124485784
648286a4-8d21-418c-8c47-cd2ace0c239f,c2ca9808-766d-490c-9422-9a90cd68289e,1760608104188981326,781.063,695.652,1,4,,-2.1360586166300566,-5.391529754042467
648286a4-8d21-418c-8c47-cd2ace0c239f,c2ca9808-766d-490c-9422-9a90cd68289e,1760608104193981326,782.305,696.696,1,4,,-2.055682954731028,-5.459096638054005
648286a4-8d21-418c-8c47-cd2ace0c239f,c2ca9808-766d-490c-9422-9a90cd68289e,1760608104198987326,782.521,695.666,1,4,,-2.0415145668438823,-5.39257836202119
648286a4-8d21-418c-8c47-cd2ace0c239f,c2ca9808-766d-490c-9422-9a90cd68289e,1760608104203981326,780.786,699.972,1,4,,-2.154685509592155,-5.670670374875219
648286a4-8d21-418c-8c47-cd2ace0c239f,c2ca9808-766d-490c-9422-9a90cd68289e,1760608104208987326,782.071,703.359,1,4,,-2.0718605947735083,-5.889646893633161
648286a4-8d21-418c-8c47-cd2ace0c239f,c2ca9808-766d-490c-9422-9a90cd68289e,1760608104213982326,783.548,702.042,1,4,,-1.975845816300147,-5.804659289650807
648286a4-8d21-418c-8c47-cd2ace0c239f,c2ca9808-766d-490c-9422-9a90cd68289e,1760608104218982326,788.961,692.866,1,4,,-1.623700300274285,-5.212082180271315
648286a4-8d21-418c-8c47-cd2ace0c239f,c2ca9808-766d-490c-9422-9a90cd68289e,1760608104223982326,789.556,691.202,1,4,,-1.5849353429772648,-5.104527029111923
648286a4-8d21-418c-8c47-cd2ace0c239f,c2ca9808-766d-490c-9422-9a90cd68289e,1760608104228982326,788.734,693.439,1,4,,-1.6384729065320396,-5.249063105034589
648286a4-8d21-418c-8c47-cd2ace0c239f,c2ca9808-766d-490c-9422-9a90cd68289e,1760608104233982326,790.818,690.038,1,4,,-1.5030424029666742,-5.029403336213253
648286a4-8d21-418c-8c47-cd2ace0c239f,c2ca9808-766d-490c-9422-9a90cd68289e,1760608104238982326,791.55,690.566,1,4,,-1.4556426234586697,-5.0635426698987205
648286a4-8d21-418c-8c47-cd2ace0c239f,c2ca9808-766d-490c-9422-9a90cd68289e,1760608104243985326,790.704,689.411,1,4,,-1.510382872694198,-4.988844972852155
648286a4-8d21-418c-8c47-cd2ace0c239f,c2ca9808-766d-490c-9422-9a90cd68289e,1760608104248982326,792.76,689.279,1,4,,-1.3770940682039048,-4.980437313427577
648286a4-8d21-418c-8c47-cd2ace0c239f,c2ca9808-766d-490c-9422-9a90cd68289e,1760608104253982326,792.703,689.456,1,4,,-1.3808121256888115,-4.991856231801362
648286a4-8d21-418c-8c47-cd2ace0c239f,c2ca9808-766d-490c-9422-9a90cd68289e,1760608104258982326,792.43,691.14,1,4,,-1.3986865622513673,-5.100706124709415
648286a4-8d21-418c-8c47-cd2ace0c239f,c2ca9808-766d-490c-9422-9a90cd68289e,1760608104263982326,794.219,685.357,1,4,,-1.2822621155880587,-4.726928613474408
648286a4-8d21-418c-8c47-cd2ace0c239f,c2ca9808-766d-490c-9422-9a90cd68289e,1760608104268982326,798.833,689.814,1,4,,-0.9835452824747553,-5.015226149498954
648286a4-8d21-418c-8c47-cd2ace0c239f,c2ca9808-766d-490c-9422-9a90cd68289e,1760608104273989326,797.597,687.736,1,4,,-1.0635483119654632,-4.880846162144271
648286a4-8d21-418c-8c47-cd2ace0c239f,c2ca9808-766d-490c-9422-9a90cd68289e,1760608104278982326,801.923,685.925,1,4,,-0.7830984299574709,-4.763924673651167
648286a4-8d21-418c-8c47-cd2ace0c239f,c2ca9808-766d-490c-9422-9a90cd68289e,1760608104284107326,798.283,685.511,1,4,,-1.0189071768073694,-4.737050739177498
648286a4-8d21-418c-8c47-cd2ace0c239f,c2ca9808-766d-490c-9422-9a90cd68289e,1760608104289107326,795.932,687.556,1,4,,-1.1713987268335713,-4.869186404681669
648286a4-8d21-418c-8c47-cd2ace0c239f,c2ca9808-766d-490c-9422-9a90cd68289e,1760608104294107326,799.316,687.77,1,4,,-0.9521584228006125,-4.883118259883952
648286a4-8d21-418c-8c47-cd2ace0c239f,c2ca9808-766d-490c-9422-9a90cd68289e,1760608104299119326,799.881,689.381,1,4,,-0.9156343012385215,-4.987308467649129
648286a4-8d21-418c-8c47-cd2ace0c239f,c2ca9808-766d-490c-9422-9a90cd68289e,1760608104304108326,799.827,689.593,1,4,,-0.9191204323937373,-5.001005307683259
648286a4-8d21-418c-8c47-cd2ace0c239f,c2ca9808-766d-490c-9422-9a90cd68289e,1760608104309107326,800.458,691.676,1,4,,-0.8783356716542229,-5.135631746748948
648286a4-8d21-418c-8c47-cd2ace0c239f,c2ca9808-766d-490c-9422-9a90cd68289e,1760608104314108326,801.502,691.18,1,4,,-0.8106451762534338,-5.103604086866116
648286a4-8d21-418c-8c47-cd2ace0c239f,c2ca9808-766d-490c-9422-9a90cd68289e,1760608104319108326,799.852,688.611,1,4,,-0.9174187650721495,-4.937511555143738
648286a4-8d21-418c-8c47-cd2ace0c239f,c2ca9808-766d-490c-9422-9a90cd68289e,1760608104324110326,799.14,688.06,1,4,,-0.9635757343304902,-4.901834812427823
648286a4-8d21-418c-8c47-cd2ace0c239f,c2ca9808-766d-490c-9422-9a90cd68289e,1760608104329108326,800.725,685.958,1,4,,-0.8607179486908586,-4.766042270995581
648286a4-8d21-418c-8c47-cd2ace0c239f,c2ca9808-766d-490c-9422-9a90cd68289e,1760608104334111326,800.378,690.119,1,4,,-0.8834517145864064,-5.034975674264496
648286a4-8d21-418c-8c47-cd2ace0c239f,c2ca9808-766d-490c-9422-9a90cd68289e,1760608104339110326,798.575,685.961,1,4,,-1.0000674673646095,-4.766179161677545
648286a4-8d21-418c-8c47-cd2ace0c239f,c2ca9808-766d-490c-9422-9a90cd68289e,1760608104344108326,798.534,687.9,1,4,,-1.0028497058418187,-4.891533778518994
648286a4-8d21-418c-8c47-cd2ace0c239f,c2ca9808-766d-490c-9422-9a90cd68289e,1760608104349108326,799.016,687.699,1,4,,-0.971594116925239,-4.878504916980112
648286a4-8d21-418c-8c47-cd2ace0c239f,c2ca9808-766d-490c-9422-9a90cd68289e,1760608104354108326,798.347,684.557,1,4,,-1.0147299110473043,-4.675416276094288
648286a4-8d21-418c-8c47-cd2ace0c239f,c2ca9808-766d-490c-9422-9a90cd68289e,1760608104359109326,801.791,683.641,1,4,,-0.7915211840148568,-4.61624076576164
648286a4-8d21-418c-8c47-cd2ace0c239f,c2ca9808-766d-490c-9422-9a90cd68289e,1760608104364108326,798.567,683.514,1,4,,-1.0003738787052006,-4.607957200421871
648286a4-8d21-418c-8c47-cd2ace0c239f,c2ca9808-766d-490c-9422-9a90cd68289e,1760608104369108326,797.587,687.632,1,4,,-1.0641898083619377,-4.87416593412631
648286a4-8d21-418c-8c47-cd2ace0c239f,c2ca9808-766d-490c-9422-9a90cd68289e,1760608104374108326,797.298,691.211,1,4,,-1.0831212458373192,-5.105494153726049
648286a4-8d21-418c-8c47-cd2ace0c239f,c2ca9808-766d-490c-9422-9a90cd68289e,1760608104379108326,796.801,687.72,1,4,,-1.1150881042509733,-4.879792347326895
648286a4-8d21-418c-8c47-cd2ace0c239f,c2ca9808-766d-490c-9422-9a90cd68289e,1760608104384108326,803.277,688.109,1,4,,-0.6954584468911119,-4.905106903107064
648286a4-8d21-418c-8c47-cd2ace0c239f,c2ca9808-766d-490c-9422-9a90cd68289e,1760608104389113326,804.83,685.13,1,4,,-0.5947335827762417,-4.712589792501884
648286a4-8d21-418c-8c47-cd2ace0c239f,c2ca9808-766d-490c-9422-9a90cd68289e,1760608104394108326,804.511,687.75,1,4,,-0.6154705519208278,-4.881964734159111
648286a4-8d21-418c-8c47-cd2ace0c239f,c2ca9808-766d-490c-9422-9a90cd68289e,1760608104399108326,804.799,688.577,1,4,,-0.5968363066110145,-4.9354131398619945
648286a4-8d21-418c-8c47-cd2ace0c239f,c2ca9808-766d-490c-9422-9a90cd68289e,1760608104404108326,805.268,687.767,1,4,,-0.5664184198453288,-4.883065797901539
648286a4-8d21-418c-8c47-cd2ace0c239f,c2ca9808-766d-490c-9422-9a90cd68289e,1760608104409109326,807.229,688.654,1,4,,-0.4393620358764986,-4.940456182568083
648286a4-8d21-418c-8c47-cd2ace0c239f,c2ca9808-766d-490c-9422-9a90cd68289e,1760608104414109326,794.593,700.161,1,4,,-1.2592887668240311,-5.683857802407116
648286a4-8d21-418c-8c47-cd2ace0c239f,c2ca9808-766d-490c-9422-9a90cd68289e,1760608104419234326,799.386,692.663,1,4,,-0.9479223090893003,-5.199402267648711
648286a4-8d21-418c-8c47-cd2ace0c239f,c2ca9808-766d-490c-9422-9a90cd68289e,1760608104424234326,803.794,692.599,1,4,,-0.6621672296008999,-5.19536853955511
648286a4-8d21-418c-8c47-cd2ace0c239f,c2ca9808-766d-490c-9422-9a90cd68289e,1760608104429234326,803.09,691.798,1,4,,-0.7077476894190595,-5.14361133772972
648286a4-8d21-418c-8c47-cd2ace0c239f,c2ca9808-766d-490c-9422-9a90cd68289e,1760608104434234326,801.409,694.081,1,4,,-0.8168457904675733,-5.291134806549846
648286a4-8d21-418c-8c47-cd2ace0c239f,c2ca9808-766d-490c-9422-9a90cd68289e,1760608104439234326,802.516,694.17,1,4,,-0.7450749145665821,-5.296882626272985
648286a4-8d21-418c-8c47-cd2ace0c239f,c2ca9808-766d-490c-9422-9a90cd68289e,1760608104444234326,804.223,686.665,1,4,,-0.6341278227987912,-4.8118051206295265
648286a4-8d21-418c-8c47-cd2ace0c239f,c2ca9808-766d-490c-9422-9a90cd68289e,1760608104449234326,804.834,686.71,1,4,,-0.5945323273177476,-4.8147037726153705
648286a4-8d21-418c-8c47-cd2ace0c239f,c2ca9808-766d-490c-9422-9a90cd68289e,1760608104454234326,802.401,687.704,1,4,,-0.7521811000452531,-4.8789134450159635
648286a4-8d21-418c-8c47-cd2ace0c239f,c2ca9808-766d-490c-9422-9a90cd68289e,1760608104459241326,805.976,688.457,1,4,,-0.5205476376141105,-4.927681403370911
648286a4-8d21-418c-8c47-cd2ace0c239f,c2ca9808-766d-490c-9422-9a90cd68289e,1760608104464234326,805.203,687.007,1,,,-0.5706321782918402,-4.833940872087699
648286a4-8d21-418c-8c47-cd2ace0c239f,c2ca9808-766d-490c-9422-9a90cd68289e,1760608104469234326,804.252,686.791,1,,,-0.6322546054106125,-4.8199655818861755
648286a4-8d21-418c-8c47-cd2ace0c239f,c2ca9808-766d-490c-9422-9a90cd68289e,1760608104474236326,794.485,691.403,1,,,-1.2655084756808792,-5.117816787019251
648286a4-8d21-418c-8c47-cd2ace0c239f,c2ca9808-766d-490c-9422-9a90cd68289e,1760608104479245326,781.073,690.099,1,,,-2.1346546168111145,-5.032687320965021
648286a4-8d21-418c-8c47-cd2ace0c239f,c2ca9808-766d-490c-9422-9a90cd68289e,1760608104484243326,768.612,679.182,1,,,-2.940369463332345,-4.326044182711217
648286a4-8d21-418c-8c47-cd2ace0c239f,c2ca9808-766d-490c-9422-9a90cd68289e,1760608104489241326,736.245,677.051,1,,,-5.035796119039177,-4.18429220930862
648286a4-8d21-418c-8c47-cd2ace0c239f,c2ca9808-766d-490c-9422-9a90cd68289e,1760608104494234326,724.893,670.986,1,,,-5.768902120623498,-3.790898308992103
648286a4-8d21-418c-8c47-cd2ace0c239f,c2ca9808-766d-490c-9422-9a90cd68289e,1760608104499234326,722.408,663.524,1,,,-5.9278061842594445,-3.3088889444277396
648286a4-8d21-418c-8c47-cd2ace0c239f,c2ca9808-766d-490c-9422-9a90cd68289e,1760608104504234326,720.271,656.785,1,5,,-6.064539749853947,-2.873616891341236
648286a4-8d21-418c-8c47-cd2ace0c239f,c2ca9808-766d-490c-9422-9a90cd68289e,1760608104509235326,720.691,661.071,1,5,,-6.03832047545302,-3.1502700579944567
648286a4-8d21-418c-8c47-cd2ace0c239f,c2ca9808-766d-490c-9422-9a90cd68289e,1760608104514235326,718.341,660.834,1,5,,-6.19025744295292,-3.134668723419853
648286a4-8d21-418c-8c47-cd2ace0c239f,c2ca9808-766d-490c-9422-9a90cd68289e,1760608104519235326,716.025,659.451,1,5,,-6.339709389378269,-3.0450442070097448
648286a4-8d21-418c-8c47-cd2ace0c239f,c2ca9808-766d-490c-9422-9a90cd68289e,1760608104524235326,717.033,654.621,1,5,,-6.273478336985459,-2.733541499842427
648286a4-8d21-418c-8c47-cd2ace0c239f,c2ca9808-766d-490c-9422-9a90cd68289e,1760608104529235326,715.771,657.815,1,5,,-6.355710446995862,-2.9394402474467545
648286a4-8d21-418c-8c47-cd2ace0c239f,c2ca9808-766d-490c-9422-9a90cd68289e,1760608104534235326,715.685,657.983,1,5,,-6.361320933533639,-2.950282258666042
648286a4-8d21-418c-8c47-cd2ace0c239f,c2ca9808-766d-490c-9422-9a90cd68289e,1760608104539235326,719.363,656.607,1,5,,-6.123215487934343,-2.8619689203095735
648286a4-8d21-418c-8c47-cd2ace0c239f,c2ca9808-766d-490c-9422-9a90cd68289e,1760608104544235326,714.857,659.039,1,5,,-6.415113556378944,-3.018310885915963
648286a4-8d21-418c-8c47-cd2ace0c239f,c2ca9808-766d-490c-9422-9a90cd68289e,1760608104549235326,712.703,657.068,1,5,,-6.553977832534958,-2.8908016298657113
648286a4-8d21-418c-8c47-cd2ace0c239f,c2ca9808-766d-490c-9422-9a90cd68289e,1760608104554235326,714.969,657.32,1,5,,-6.407505592109874,-2.907396709611436
648286a4-8d21-418c-8c47-cd2ace0c239f,c2ca9808-766d-490c-9422-9a90cd68289e,1760608104559360326,715.68,656.986,1,5,,-6.361457125243714,-2.8859188189471605
648286a4-8d21-418c-8c47-cd2ace0c239f,c2ca9808-766d-490c-9422-9a90cd68289e,1760608104564363326,715.394,657.137,1,5,,-6.379945217105473,-2.895622276088051
648286a4-8d21-418c-8c47-cd2ace0c239f,c2ca9808-766d-490c-9422-9a90cd68289e,1760608104569373326,714.002,657.377,1,5,,-6.470008341634635,-2.910916483218409
648286a4-8d21-418c-8c47-cd2ace0c239f,c2ca9808-766d-490c-9422-9a90cd68289e,1760608104574360326,715.311,656.854,1,5,,-6.3852815510429695,-2.8774069496997954
648286a4-8d21-418c-8c47-cd2ace0c239f,c2ca9808-766d-490c-9422-9a90cd68289e,1760608104579360326,719.564,657.988,1,5,,-6.1104863447716085,-2.951124573080407
648286a4-8d21-418c-8c47-cd2ace0c239f,c2ca9808-766d-490c-9422-9a90cd68289e,1760608104584360326,716.249,658.365,1,5,,-6.324983001728896,-2.9750343612522734
648286a4-8d21-418c-8c47-cd2ace0c239f,c2ca9808-766d-490c-9422-9a90cd68289e,1760608104589360326,716.218,657.185,1,5,,-6.326668554037785,-2.8988696037921535
648286a4-8d21-418c-8c47-cd2ace0c239f,c2ca9808-766d-490c-9422-9a90cd68289e,1760608104594361326,717.179,655.883,1,5,,-6.26428274344326,-2.814961377346365
648286a4-8d21-418c-8c47-cd2ace0c239f,c2ca9808-766d-490c-9422-9a90cd68289e,1760608104599360326,718.156,652.584,1,5,,-6.20043867655399,-2.602188578025895
648286a4-8d21-418c-8c47-cd2ace0c239f,c2ca9808-766d-490c-9422-9a90cd68289e,1760608104604360326,719.32,654.446,1,5,,-6.125568715581123,-2.72249358260769
648286a4-8d21-418c-8c47-cd2ace0c239f,c2ca9808-766d-490c-9422-9a90cd68289e,1760608104609375326,718.26,658.278,1,5,,-6.194901089408508,-2.969672847815711
648286a4-8d21-418c-8c47-cd2ace0c239f,c2ca9808-766d-490c-9422-9a90cd68289e,1760608104614376326,716.412,658.916,1,5,,-6.314542622202966,-3.0106114175209187
648286a4-8d21-418c-8c47-cd2ace0c239f,c2ca9808-766d-490c-9422-9a90cd68289e,1760608104619361326,715.068,654.531,1,5,,-6.4004593701735555,-2.7274198749844536
648286a4-8d21-418c-8c47-cd2ace0c239f,c2ca9808-766d-490c-9422-9a90cd68289e,1760608104624363326,716.95,652.324,1,5,,-6.278348272237922,-2.5852425477107723
648286a4-8d21-418c-8c47-cd2ace0c239f,c2ca9808-766d-490c-9422-9a90cd68289e,1760608104629369326,718.594,653.287,1,5,,-6.172222140433135,-2.647618742588308
648286a4-8d21-418c-8c47-cd2ace0c239f,c2ca9808-766d-490c-9422-9a90cd68289e,1760608104634361326,719.56,654.424,1,5,,-6.11003475102978,-2.7211455800398383
648286a4-8d21-418c-8c47-cd2ace0c239f,c2ca9808-766d-490c-9422-9a90cd68289e,1760608104639362326,719.575,654.814,1,5,,-6.1091108807109284,-2.746296250489932
648286a4-8d21-418c-8c47-cd2ace0c239f,c2ca9808-766d-490c-9422-9a90cd68289e,1760608104644361326,721.481,657.286,1,5,,-5.986364546774864,-2.906085793430789
648286a4-8d21-418c-8c47-cd2ace0c239f,c2ca9808-766d-490c-9422-9a90cd68289e,1760608104649361326,721.695,652.829,1,5,,-5.97166838309742,-2.6184449631940603
648286a4-8d21-418c-8c47-cd2ace0c239f,c2ca9808-766d-490c-9422-9a90cd68289e,1760608104654364326,721.781,653.567,1,5,,-5.966232072068147,-2.666071744137138
648286a4-8d21-418c-8c47-cd2ace0c239f,c2ca9808-766d-490c-9422-9a90cd68289e,1760608104659361326,710.685,660.844,1,,,-6.685323228491452,-3.1341080008210978
648286a4-8d21-418c-8c47-cd2ace0c239f,c2ca9808-766d-490c-9422-9a90cd68289e,1760608104664365326,715.203,656.628,1,,,-6.3922206846684615,-2.8627879102698417
648286a4-8d21-418c-8c47-cd2ace0c239f,c2ca9808-766d-490c-9422-9a90cd68289e,1760608104669367326,715.199,650.542,1,,,-6.391186087341586,-2.470052536972768
648286a4-8d21-418c-8c47-cd2ace0c239f,c2ca9808-766d-490c-9422-9a90cd68289e,1760608104674361326,710.077,609.679,1,,,-6.71853954575662,0.1672262920304907
648286a4-8d21-418c-8c47-cd2ace0c239f,c2ca9808-766d-490c-9422-9a90cd68289e,1760608104679361326,720.02,582.319,1,,,-6.078283271701105,1.9336287353996746
648286a4-8d21-418c-8c47-cd2ace0c239f,c2ca9808-766d-490c-9422-9a90cd68289e,1760608104684361326,715.435,558.207,1,,,-6.379746636048303,3.4892697259412855
648286a4-8d21-418c-8c47-cd2ace0c239f,c2ca9808-766d-490c-9422-9a90cd68289e,1760608104689361326,715.129,516.65,1,,,-6.4153352956011815,6.1698290489771415
648286a4-8d21-418c-8c47-cd2ace0c239f,c2ca9808-766d-490c-9422-9a90cd68289e,1760608104694486326,722.759,487.265,1,,,-5.9358696845156205,8.066825583940956
648286a4-8d21-418c-8c47-cd2ace0c239f,c2ca9808-766d-490c-9422-9a90cd68289e,1760608104699491326,732.564,457.035,1,,,-5.3163887875428495,10.018690827674446
648286a4-8d21-418c-8c47-cd2ace0c239f,c2ca9808-766d-490c-9422-9a90cd68289e,1760608104704487326,737.712,431.433,1,,,-4.9978764157807385,11.669857286409515
648286a4-8d21-418c-8c47-cd2ace0c239f,c2ca9808-766d-490c-9422-9a90cd68289e,1760608104709487326,728.072,431.589,1,,,-5.628819256489069,11.655442675046007
648286a4-8d21-418c-8c47-cd2ace0c239f,c2ca9808-766d-490c-9422-9a90cd68289e,1760608104714487326,728.872,425.191,1,,,-5.581850531811486,12.067638042670778
648286a4-8d21-418c-8c47-cd2ace0c239f,c2ca9808-766d-490c-9422-9a90cd68289e,1760608104719487326,728.615,422.787,1,6,,-5.600747847011326,12.222225106987343
648286a4-8d21-418c-8c47-cd2ace0c239f,c2ca9808-766d-490c-9422-9a90cd68289e,1760608104724487326,731.231,417.236,1,6,,-5.433994781422042,12.580704237070483
648286a4-8d21-418c-8c47-cd2ace0c239f,c2ca9808-766d-490c-9422-9a90cd68289e,1760608104729487326,731.601,414.756,1,6,,-5.411839660746128,12.740488715930027
648286a4-8d21-418c-8c47-cd2ace0c239f,c2ca9808-766d-490c-9422-9a90cd68289e,1760608104734487326,735.767,416.168,1,6,,-5.137285182711926,12.65165442714618
648286a4-8d21-418c-8c47-cd2ace0c239f,c2ca9808-766d-490c-9422-9a90cd68289e,1760608104739495326,733.161,414.912,1,6,,-5.309340791103462,12.73120639567568
648286a4-8d21-418c-8c47-cd2ace0c239f,c2ca9808-766d-490c-9422-9a90cd68289e,1760608104744487326,733.788,417.592,1,6,,-5.265926446640397,12.559080726200067
648286a4-8d21-418c-8c47-cd2ace0c239f,c2ca9808-766d-490c-9422-9a90cd68289e,1760608104749487326,729.885,419.53,1,6,,-5.520260918798151,12.43243738723375
648286a4-8d21-418c-8c47-cd2ace0c239f,c2ca9808-766d-490c-9422-9a90cd68289e,1760608104754487326,734.571,417.101,1,6,,-5.214952960429357,12.591005242212365
648286a4-8d21-418c-8c47-cd2ace0c239f,c2ca9808-766d-490c-9422-9a90cd68289e,1760608104759487326,734.946,417.495,1,6,,-5.190027491907933,12.565837073200221
648286a4-8d21-418c-8c47-cd2ace0c239f,c2ca9808-766d-490c-9422-9a90cd68289e,1760608104764487326,735.738,413.108,1,6,,-5.141749310063351,12.84853395476476
648286a4-8d21-418c-8c47-cd2ace0c239f,c2ca9808-766d-490c-9422-9a90cd68289e,1760608104769487326,735.438,411.545,1,6,,-5.1627669617829985,12.948995089794506
648286a4-8d21-418c-8c47-cd2ace0c239f,c2ca9808-766d-490c-9422-9a90cd68289e,1760608104774493326,737.084,411.501,1,6,,-5.054693531598518,12.952603604933074
648286a4-8d21-418c-8c47-cd2ace0c239f,c2ca9808-766d-490c-9422-9a90cd68289e,1760608104779494326,736.64,413.04,1,6,,-5.082589692508466,12.853348103916453
648286a4-8d21-418c-8c47-cd2ace0c239f,c2ca9808-766d-490c-9422-9a90cd68289e,1760608104784487326,736.165,411.987,1,6,,-5.114615073388454,12.920888810235617
648286a4-8d21-418c-8c47-cd2ace0c239f,c2ca9808-766d-490c-9422-9a90cd68289e,1760608104789493326,736.688,410.183,1,6,,-5.081777348646189,13.037216366605618
648286a4-8d21-418c-8c47-cd2ace0c239f,c2ca9808-766d-490c-9422-9a90cd68289e,1760608104794488326,736.221,415.078,1,6,,-5.108367626452997,12.722007149783433
648286a4-8d21-418c-8c47-cd2ace0c239f,c2ca9808-766d-490c-9422-9a90cd68289e,1760608104799488326,741.693,409.149,1,6,,-4.753873203903242,13.106071599000922
648286a4-8d21-418c-8c47-cd2ace0c239f,c2ca9808-766d-490c-9422-9a90cd68289e,1760608104804488326,733.823,403.392,1,6,,-5.27600314961478,13.472710637470819
648286a4-8d21-418c-8c47-cd2ace0c239f,c2ca9808-766d-490c-9422-9a90cd68289e,1760608104809488326,735.742,407.422,1,6,,-5.146293407283063,13.214423997466591
648286a4-8d21-418c-8c47-cd2ace0c239f,c2ca9808-766d-490c-9422-9a90cd68289e,1760608104814491326,736.718,405.59,1,6,,-5.083768392185817,13.33276458108599
648286a4-8d21-418c-8c47-cd2ace0c239f,c2ca9808-766d-490c-9422-9a90cd68289e,1760608104819488326,736.057,411.663,1,6,,-5.121982093137544,12.941710922933272
648286a4-8d21-418c-8c47-cd2ace0c239f,c2ca9808-766d-490c-9422-9a90cd68289e,1760608104824488326,735.205,409.718,1,6,,-5.179602097584761,13.066392471153437
648286a4-8d21-418c-8c47-cd2ace0c239f,c2ca9808-766d-490c-9422-9a90cd68289e,1760608104829613326,739.171,410.301,1,6,,-4.918637290836464,13.0307969535982
648286a4-8d21-418c-8c47-cd2ace0c239f,c2ca9808-766d-490c-9422-9a90cd68289e,1760608104834613326,737.389,414.232,1,6,,-5.0323852927789465,12.77702304303156
648286a4-8d21-418c-8c47-cd2ace0c239f,c2ca9808-766d-490c-9422-9a90cd68289e,1760608104839613326,738.215,413.575,1,6,,-4.9787219335517685,12.819654212383368
648286a4-8d21-418c-8c47-cd2ace0c239f,c2ca9808-766d-490c-9422-9a90cd68289e,1760608104844613326,740.499,413.973,1,6,,-4.828473922570568,12.795099898858801
648286a4-8d21-418c-8c47-cd2ace0c239f,c2ca9808-766d-490c-9422-9a90cd68289e,1760608104849613326,738.197,413.05,1,6,,-4.980306885222116,12.853466922489268
648286a4-8d21-418c-8c47-cd2ace0c239f,c2ca9808-766d-490c-9422-9a90cd68289e,1760608104854613326,740.81,412.45,1,,,-4.809243593900691,12.893222306005496
648286a4-8d21-418c-8c47-cd2ace0c239f,c2ca9808-766d-490c-9422-9a90cd68289e,1760608104859622326,736.699,410.641,1,,,-5.080706644117697,13.007782761045847
648286a4-8d21-418c-8c47-cd2ace0c239f,c2ca9808-766d-490c-9422-9a90cd68289e,1760608104864615326,729.236,409.246,1,,,-5.572104145181109,13.09375473086262
648286a4-8d21-418c-8c47-cd2ace0c239f,c2ca9808-766d-490c-9422-9a90cd68289e,1760608104869613326,721.305,406.011,1,,,-6.0963430801784835,13.297342708848936
648286a4-8d21-418c-8c47-cd2ace0c239f,c2ca9808-766d-490c-9422-9a90cd68289e,1760608104874615326,715.282,394.123,1,,,-6.505554001047082,14.05767735695919
648286a4-8d21-418c-8c47-cd2ace0c239f,c2ca9808-766d-490c-9422-9a90cd68289e,1760608104879613326,713.248,392.545,1,7,,-6.641348301817114,14.157664329774956
648286a4-8d21-418c-8c47-cd2ace0c239f,c2ca9808-766d-490c-9422-9a90cd68289e,1760608104884614326,712.319,395.411,1,7,,-6.699107170403353,13.972932689930488
648286a4-8d21-418c-8c47-cd2ace0c239f,c2ca9808-766d-490c-9422-9a90cd68289e,1760608104889614326,716.969,395.983,1,7,,-6.3923880580072865,13.93927126713965
648286a4-8d21-418c-8c47-cd2ace0c239f,c2ca9808-766d-490c-9422-9a90cd68289e,1760608104894614326,716.114,395.612,1,7,,-6.449097262873656,13.96252313886509
648286a4-8d21-418c-8c47-cd2ace0c239f,c2ca9808-766d-490c-9422-9a90cd68289e,1760608104899614326,717.117,392.612,1,7,,-6.386510953765274,14.155996318374571
648286a4-8d21-418c-8c47-cd2ace0c239f,c2ca9808-766d-490c-9422-9a90cd68289e,1760608104904614326,716.681,390.849,1,7,,-6.4172516877576005,14.268985957393951
648286a4-8d21-418c-8c47-cd2ace0c239f,c2ca9808-766d-490c-9422-9a90cd68289e,1760608104909614326,717.211,389.178,1,7,,-6.384283183994299,14.376694628761491
648286a4-8d21-418c-8c47-cd2ace0c239f,c2ca9808-766d-490c-9422-9a90cd68289e,1760608104914628326,715.589,389.435,1,7,,-6.490872174945968,14.359065288948345
648286a4-8d21-418c-8c47-cd2ace0c239f,c2ca9808-766d-490c-9422-9a90cd68289e,1760608104919614326,715.345,388.813,1,7,,-6.5077292944064205,14.398879545305174
648286a4-8d21-418c-8c47-cd2ace0c239f,c2ca9808-766d-490c-9422-9a90cd68289e,1760608104924614326,708.675,405.277,1,7,,-6.927105903469958,13.336524254965177
648286a4-8d21-418c-8c47-cd2ace0c239f,c2ca9808-766d-490c-9422-9a90cd68289e,1760608104929614326,712.907,405.048,1,7,,-6.649221655821526,13.354032283219004
648286a4-8d21-418c-8c47-cd2ace0c239f,c2ca9808-766d-490c-9422-9a90cd68289e,1760608104934614326,714.216,402.388,1,7,,-6.566245684877527,13.525819541412597
648286a4-8d21-418c-8c47-cd2ace0c239f,c2ca9808-766d-490c-9422-9a90cd68289e,1760608104939614326,712.673,402.763,1,7,,-6.667215201201658,13.50073749739322
648286a4-8d21-418c-8c47-cd2ace0c239f,c2ca9808-766d-490c-9422-9a90cd68289e,1760608104944614326,713.332,399.593,1,7,,-6.627520256357654,13.70490251585945
648286a4-8d21-418c-8c47-cd2ace0c239f,c2ca9808-766d-490c-9422-9a90cd68289e,1760608104949614326,712.874,400.267,1,7,,-6.656896817068553,13.661280728389528
648286a4-8d21-418c-8c47-cd2ace0c239f,c2ca9808-766d-490c-9422-9a90cd68289e,1760608104954619326,711.998,398.876,1,7,,-6.716125688762548,13.750057777260423
648286a4-8d21-418c-8c47-cd2ace0c239f,c2ca9808-766d-490c-9422-9a90cd68289e,1760608104959614326,711.678,399.673,1,7,,-6.736255166555816,13.698666179928576
648286a4-8d21-418c-8c47-cd2ace0c239f,c2ca9808-766d-490c-9422-9a90cd68289e,1760608104964739326,713.896,400.249,1,7,,-6.589666594864002,13.663075626969372
648286a4-8d21-418c-8c47-cd2ace0c239f,c2ca9808-766d-490c-9422-9a90cd68289e,1760608104969739326,715.412,398.045,1,7,,-6.492498474122712,13.805713202306828
648286a4-8d21-418c-8c47-cd2ace0c239f,c2ca9808-766d-490c-9422-9a90cd68289e,1760608104974739326,717.363,398.434,1,7,,-6.363657264909983,13.781987654774255
648286a4-8d21-418c-8c47-cd2ace0c239f,c2ca9808-766d-490c-9422-9a90cd68289e,1760608104979749326,717.154,396.962,1,7,,-6.379093973655214,13.876426115828465
648286a4-8d21-418c-8c47-cd2ace0c239f,c2ca9808-766d-490c-9422-9a90cd68289e,1760608104984745326,716.547,396.119,1,7,,-6.42000863666223,13.930219159905999
648286a4-8d21-418c-8c47-cd2ace0c239f,c2ca9808-766d-490c-9422-9a90cd68289e,1760608104989739326,716.185,398.249,1,7,,-6.441385779909016,13.793121123655686
648286a4-8d21-418c-8c47-cd2ace0c239f,c2ca9808-766d-490c-9422-9a90cd68289e,1760608104994747326,716.399,399.193,1,7,,-6.426217985615752,13.73258351780478
648286a4-8d21-418c-8c47-cd2ace0c239f,c2ca9808-766d-490c-9422-9a90cd68289e,1760608104999740326,715.29,398.324,1,7,,-6.5001713121734825,13.787722588571995
648286a4-8d21-418c-8c47-cd2ace0c239f,c2ca9808-766d-490c-9422-9a90cd68289e,1760608105004751326,715.276,400.539,1,7,,-6.498623867877654,13.645358093930552
648286a4-8d21-418c-8c47-cd2ace0c239f,c2ca9808-766d-490c-9422-9a90cd68289e,1760608105009740326,713.591,401.053,1,7,,-6.608848153203625,13.611245750307562
648286a4-8d21-418c-8c47-cd2ace0c239f,c2ca9808-766d-490c-9422-9a90cd68289e,1760608105014746326,712.565,395.076,1,7,,-6.6832994071299385,13.994594959222715
648286a4-8d21-418c-8c47-cd2ace0c239f,c2ca9808-766d-490c-9422-9a90cd68289e,1760608105019740326,714.08,396.249,1,7,,-6.582214305415918,13.92028670519785
648286a4-8d21-418c-8c47-cd2ace0c239f,c2ca9808-766d-490c-9422-9a90cd68289e,1760608105024740326,712.666,397.935,1,7,,-6.6732710115053,13.810997436529124
648286a4-8d21-418c-8c47-cd2ace0c239f,c2ca9808-766d-490c-9422-9a90cd68289e,1760608105029740326,712.366,397.631,1,7,,-6.6933791851791895,13.830336469953261
648286a4-8d21-418c-8c47-cd2ace0c239f,c2ca9808-766d-490c-9422-9a90cd68289e,1760608105034740326,719.399,390.771,1,7,,-6.238260762297442,14.275736655181007
648286a4-8d21-418c-8c47-cd2ace0c239f,c2ca9808-766d-490c-9422-9a90cd68289e,1760608105039740326,720.362,391.444,1,7,,-6.174042857135354,14.233133340491548
648286a4-8d21-418c-8c47-cd2ace0c239f,c2ca9808-766d-490c-9422-9a90cd68289e,1760608105044747326,716.145,394.759,1,7,,-6.448018638834299,14.01738065996749
648286a4-8d21-418c-8c47-cd2ace0c239f,c2ca9808-766d-490c-9422-9a90cd68289e,1760608105049740326,717.843,395.634,1,7,,-6.3352395248886735,13.962270476315853
648286a4-8d21-418c-8c47-cd2ace0c239f,c2ca9808-766d-490c-9422-9a90cd68289e,1760608105054740326,719.804,390.089,1,7,,-6.212371201299692,14.319855562395016
648286a4-8d21-418c-8c47-cd2ace0c239f,c2ca9808-766d-490c-9422-9a90cd68289e,1760608105059751326,719.991,390.701,1,7,,-6.199373781204595,14.28063302700226
648286a4-8d21-418c-8c47-cd2ace0c239f,c2ca9808-766d-490c-9422-9a90cd68289e,1760608105064740326,717.586,393.162,1,7,,-6.35493755134898,14.120923763856602
648286a4-8d21-418c-8c47-cd2ace0c239f,c2ca9808-766d-490c-9422-9a90cd68289e,1760608105069740326,714.261,393.941,1,7,,-6.572999528812252,14.0686730865921
648286a4-8d21-418c-8c47-cd2ace0c239f,c2ca9808-766d-490c-9422-9a90cd68289e,1760608105074740326,714.571,394.692,1,7,,-6.551722888555851,14.020643608768932
648286a4-8d21-418c-8c47-cd2ace0c239f,c2ca9808-766d-490c-9422-9a90cd68289e,1760608105079743326,720.119,397.631,1,7,,-6.183252158375307,13.83533150624795
648286a4-8d21-418c-8c47-cd2ace0c239f,c2ca9808-766d-490c-9422-9a90cd68289e,1760608105084741326,716.959,396.669,1,7,,-6.39225188272984,13.895157731957802
648286a4-8d21-418c-8c47-cd2ace0c239f,c2ca9808-766d-490c-9422-9a90cd68289e,1760608105089741326,715.086,397.584,1,7,,-6.514444266510844,13.835119356649113
648286a4-8d21-418c-8c47-cd2ace0c239f,c2ca9808-766d-490c-9422-9a90cd68289e,1760608105094741326,714.23,398.046,1,7,,-6.570276695572495,13.804879173357875
648286a4-8d21-418c-8c47-cd2ace0c239f,c2ca9808-766d-490c-9422-9a90cd68289e,1760608105099866326,713.38,390.952,1,7,,-6.634584951037836,14.260118524642074
648286a4-8d21-418c-8c47-cd2ace0c239f,c2ca9808-766d-490c-9422-9a90cd68289e,1760608105104875326,711.948,392.116,1,7,,-6.727500038133097,14.184331655249666
648286a4-8d21-418c-8c47-cd2ace0c239f,c2ca9808-766d-490c-9422-9a90cd68289e,1760608105109866326,714.379,397.493,1,7,,-6.561085070148306,13.840513934739345
648286a4-8d21-418c-8c47-cd2ace0c239f,c2ca9808-766d-490c-9422-9a90cd68289e,1760608105114866326,714.134,397.198,1,7,,-6.577580629493598,13.859293180495671
648286a4-8d21-418c-8c47-cd2ace0c239f,c2ca9808-766d-490c-9422-9a90cd68289e,1760608105119866326,714.496,395.663,1,7,,-6.555524092125235,13.95817163472264
648286a4-8d21-418c-8c47-cd2ace0c239f,c2ca9808-766d-490c-9422-9a90cd68289e,1760608105124866326,711.291,392.995,1,7,,-6.769685520669473,14.127412925501574
648286a4-8d21-418c-8c47-cd2ace0c239f,c2ca9808-766d-490c-9422-9a90cd68289e,1760608105129868326,709.165,394.994,1,7,,-6.90722553693017,13.997555384391555
648286a4-8d21-418c-8c47-cd2ace0c239f,c2ca9808-766d-490c-9422-9a90cd68289e,1760608105134866326,714.915,395.763,1,7,,-6.527791925668145,13.952043921420033
648286a4-8d21-418c-8c47-cd2ace0c239f,c2ca9808-766d-490c-9422-9a90cd68289e,1760608105139869326,711.475,396.367,1,7,,-6.753492940869145,13.910928343708427
648286a4-8d21-418c-8c47-cd2ace0c239f,c2ca9808-766d-490c-9422-9a90cd68289e,1760608105144866326,709.396,398.576,1,7,,-6.887663267313064,13.767562705934518
648286a4-8d21-418c-8c47-cd2ace0c239f,c2ca9808-766d-490c-9422-9a90cd68289e,1760608105149866326,710.927,398.345,1,7,,-6.787233657341671,13.783444111200982
648286a4-8d21-418c-8c47-cd2ace0c239f,c2ca9808-766d-490c-9422-9a90cd68289e,1760608105154866326,710.125,398.943,1,7,,-6.839274901354375,13.744489902018705
648286a4-8d21-418c-8c47-cd2ace0c239f,c2ca9808-766d-490c-9422-9a90cd68289e,1760608105159866326,708.912,398.761,1,7,,-6.919254671249721,13.755342716782883
648286a4-8d21-418c-8c47-cd2ace0c239f,c2ca9808-766d-490c-9422-9a90cd68289e,1760608105164866326,705.438,397.131,1,7,,-7.149815527516323,13.857597166563401
648286a4-8d21-418c-8c47-cd2ace0c239f,c2ca9808-766d-490c-9422-9a90cd68289e,1760608105169866326,707.098,396.506,1,7,,-7.041389130148301,13.898913446171127
648286a4-8d21-418c-8c47-cd2ace0c239f,c2ca9808-766d-490c-9422-9a90cd68289e,1760608105174867326,707.991,393.49,1,7,,-6.986357153353072,14.09327394556816
648286a4-8d21-418c-8c47-cd2ace0c239f,c2ca9808-766d-490c-9422-9a90cd68289e,1760608105179880326,708.891,393.657,1,7,,-6.926899771473643,14.083242923419572
648286a4-8d21-418c-8c47-cd2ace0c239f,c2ca9808-766d-490c-9422-9a90cd68289e,1760608105184882326,708.739,392.827,1,7,,-6.937990258126978,14.1363914646409
648286a4-8d21-418c-8c47-cd2ace0c239f,c2ca9808-766d-490c-9422-9a90cd68289e,1760608105189877326,706.762,392.517,1,7,,-7.068527314630604,14.154896813400594
648286a4-8d21-418c-8c47-cd2ace0c239f,c2ca9808-766d-490c-9422-9a90cd68289e,1760608105194867326,705.883,392.122,1,7,,-7.126904415570166,14.179614916792376
648286a4-8d21-418c-8c47-cd2ace0c239f,c2ca9808-766d-490c-9422-9a90cd68289e,1760608105199867326,704.032,395.271,1,7,,-7.244758242025891,13.976071805101078
648286a4-8d21-418c-8c47-cd2ace0c239f,c2ca9808-766d-490c-9422-9a90cd68289e,1760608105204867326,710.083,401.74,1,7,,-6.838696255167089,13.564759973475066
648286a4-8d21-418c-8c47-cd2ace0c239f,c2ca9808-766d-490c-9422-9a90cd68289e,1760608105209869326,709.966,399.268,1,7,,-6.849328391975359,13.723514768655654
648286a4-8d21-418c-8c47-cd2ace0c239f,c2ca9808-766d-490c-9422-9a90cd68289e,1760608105214867326,710.083,395.225,1,7,,-6.8464853464923126,13.983334423945495
648286a4-8d21-418c-8c47-cd2ace0c239f,c2ca9808-766d-490c-9422-9a90cd68289e,1760608105219874326,709.961,395.555,1,7,,-6.8541534120207865,13.962042999611269
648286a4-8d21-418c-8c47-cd2ace0c239f,c2ca9808-766d-490c-9422-9a90cd68289e,1760608105224870326,705.688,391.529,1,7,,-7.1405743608767835,14.21754810268121
648286a4-8d21-418c-8c47-cd2ace0c239f,c2ca9808-766d-490c-9422-9a90cd68289e,1760608105229867326,701.84,393.924,1,7,,-7.390785367521514,14.060880884298559
648286a4-8d21-418c-8c47-cd2ace0c239f,c2ca9808-766d-490c-9422-9a90cd68289e,1760608105234992326,704.098,397.093,1,7,,-7.2380794263284525,13.859072901307021
648286a4-8d21-418c-8c47-cd2ace0c239f,c2ca9808-766d-490c-9422-9a90cd68289e,1760608105239992326,706.973,394.201,1,7,,-7.052515808968093,14.04693420952641
648286a4-8d21-418c-8c47-cd2ace0c239f,c2ca9808-766d-490c-9422-9a90cd68289e,1760608105244992326,707.819,393.226,1,7,,-6.998050843182256,14.110119333302105
648286a4-8d21-418c-8c47-cd2ace0c239f,c2ca9808-766d-490c-9422-9a90cd68289e,1760608105249992326,707.974,392.047,1,7,,-6.989303236104586,14.185958936438405
648286a4-8d21-418c-8c47-cd2ace0c239f,c2ca9808-766d-490c-9422-9a90cd68289e,1760608105254992326,704.543,394.525,1,7,,-7.212038644313462,14.024337491095254
648286a4-8d21-418c-8c47-cd2ace0c239f,c2ca9808-766d-490c-9422-9a90cd68289e,1760608105259996326,704.662,394.599,1,7,,-7.204129437305659,14.019691564851186
648286a4-8d21-418c-8c47-cd2ace0c239f,c2ca9808-766d-490c-9422-9a90cd68289e,1760608105264992326,705.871,396.606,1,7,,-7.122004320767846,13.89163107338158
648286a4-8d21-418c-8c47-cd2ace0c239f,c2ca9808-766d-490c-9422-9a90cd68289e,1760608105270001326,707.969,396.236,1,7,,-6.984393077558325,13.916877959490186
648286a4-8d21-418c-8c47-cd2ace0c239f,c2ca9808-766d-490c-9422-9a90cd68289e,1760608105275006326,705.107,396.276,1,7,,-7.172667189748531,13.91231409104403
648286a4-8d21-418c-8c47-cd2ace0c239f,c2ca9808-766d-490c-9422-9a90cd68289e,1760608105279993326,706.195,394.837,1,7,,-7.102944318990682,14.005494511083981
648286a4-8d21-418c-8c47-cd2ace0c239f,c2ca9808-766d-490c-9422-9a90cd68289e,1760608105284993326,705.859,394.99,1,7,,-7.124833509918782,13.9953951189657
648286a4-8d21-418c-8c47-cd2ace0c239f,c2ca9808-766d-490c-9422-9a90cd68289e,1760608105290003326,705.912,396.38,1,7,,-7.119562640677361,13.90619223589008
648286a4-8d21-418c-8c47-cd2ace0c239f,c2ca9808-766d-490c-9422-9a90cd68289e,1760608105295002326,706.311,394.384,1,7,,-7.095830040511428,14.034682451456742
648286a4-8d21-418c-8c47-cd2ace0c239f,c2ca9808-766d-490c-9422-9a90cd68289e,1760608105299993326,705.544,399.365,1,7,,-7.140047315644107,13.714190969098183
648286a4-8d21-418c-8c47-cd2ace0c239f,c2ca9808-766d-490c-9422-9a90cd68289e,1760608105304993326,705.745,398.912,1,7,,-7.127372646971339,13.743454360015626
648286a4-8d21-418c-8c47-cd2ace0c239f,c2ca9808-766d-490c-9422-9a90cd68289e,1760608105309993326,701.745,402.08,1,7,,-7.386420844280393,13.537034320999288
648286a4-8d21-418c-8c47-cd2ace0c239f,c2ca9808-766d-490c-9422-9a90cd68289e,1760608105314993326,704.12,398.043,1,7,,-7.235386502806607,13.798060476300895
648286a4-8d21-418c-8c47-cd2ace0c239f,c2ca9808-766d-490c-9422-9a90cd68289e,1760608105319993326,705.645,395.389,1,7,,-7.1384350708529585,13.969633772055714
648286a4-8d21-418c-8c47-cd2ace0c239f,c2ca9808-766d-490c-9422-9a90cd68289e,1760608105324993326,708.912,393.197,1,7,,-6.926086179345432,14.11278069871742
648286a4-8d21-418c-8c47-cd2ace0c239f,c2ca9808-766d-490c-9422-9a90cd68289e,1760608105329993326,706.125,394.487,1,7,,-7.107965461383192,14.027941064868983
648286a4-8d21-418c-8c47-cd2ace0c239f,c2ca9808-766d-490c-9422-9a90cd68289e,1760608105334993326,706.8,394.19,1,7,,-7.063944663597369,14.047502056606952
648286a4-8d21-418c-8c47-cd2ace0c239f,c2ca9808-766d-490c-9422-9a90cd68289e,1760608105339993326,706.458,392.19,1,7,,-7.088971136488435,14.175716167922781
648286a4-8d21-418c-8c47-cd2ace0c239f,c2ca9808-766d-490c-9422-9a90cd68289e,1760608105344993326,706.425,394.75,1,7,,-7.087907979671487,14.011226915726596
648286a4-8d21-418c-8c47-cd2ace0c239f,c2ca9808-766d-490c-9422-9a90cd68289e,1760608105349993326,704.509,395.494,1,7,,-7.213049544084377,13.962069583511582
648286a4-8d21-418c-8c47-cd2ace0c239f,c2ca9808-766d-490c-9422-9a90cd68289e,1760608105354993326,703.505,395.554,1,7,,-7.2790692240028285,13.957460921553306
648286a4-8d21-418c-8c47-cd2ace0c239f,c2ca9808-766d-490c-9422-9a90cd68289e,1760608105360002326,704.354,398.202,1,7,,-7.219798843953225,13.788014170874414
648286a4-8d21-418c-8c47-cd2ace0c239f,c2ca9808-766d-490c-9422-9a90cd68289e,1760608105364993326,704.976,397.16,1,7,,-7.1801665203159155,13.855397241511586
648286a4-8d21-418c-8c47-cd2ace0c239f,c2ca9808-766d-490c-9422-9a90cd68289e,1760608105369994326,706.376,396.791,1,7,,-7.088554113916896,13.88013831700306
648286a4-8d21-418c-8c47-cd2ace0c239f,c2ca9808-766d-490c-9422-9a90cd68289e,1760608105375119326,707.232,396.763,1,7,,-7.032254199973777,13.882557706495808
648286a4-8d21-418c-8c47-cd2ace0c239f,c2ca9808-766d-490c-9422-9a90cd68289e,1760608105380118326,711.178,398.512,1,7,,-6.7704760730084095,13.772911174937828
648286a4-8d21-418c-8c47-cd2ace0c239f,c2ca9808-766d-490c-9422-9a90cd68289e,1760608105385119326,710.255,399.945,1,7,,-6.8294882276591355,13.680214141128586
648286a4-8d21-418c-8c47-cd2ace0c239f,c2ca9808-766d-490c-9422-9a90cd68289e,1760608105390119326,709.312,399.353,1,7,,-6.892251054007916,13.717601702366245
648286a4-8d21-418c-8c47-cd2ace0c239f,c2ca9808-766d-490c-9422-9a90cd68289e,1760608105395126326,706.552,398.097,1,7,,-7.075353614394174,13.79632751594042
648286a4-8d21-418c-8c47-cd2ace0c239f,c2ca9808-766d-490c-9422-9a90cd68289e,1760608105400119326,707.748,398.303,1,7,,-6.996377047566134,13.783971410578081
648286a4-8d21-418c-8c47-cd2ace0c239f,c2ca9808-766d-490c-9422-9a90cd68289e,1760608105405119326,704.978,395.898,1,7,,-7.181699469702941,13.9364633862026
648286a4-8d21-418c-8c47-cd2ace0c239f,c2ca9808-766d-490c-9422-9a90cd68289e,1760608105410119326,708.148,395.533,1,7,,-6.97353232392949,13.962207172874134
648286a4-8d21-418c-8c47-cd2ace0c239f,c2ca9808-766d-490c-9422-9a90cd68289e,1760608105415119326,705.103,396.559,1,7,,-7.1726083573090404,13.894109219271284
648286a4-8d21-418c-8c47-cd2ace0c239f,c2ca9808-766d-490c-9422-9a90cd68289e,1760608105420122326,703.913,396.16,1,7,,-7.2514049332927915,13.91889264252102
648286a4-8d21-418c-8c47-cd2ace0c239f,c2ca9808-766d-490c-9422-9a90cd68289e,1760608105425119326,706.308,396.568,1,7,,-7.0932838286593975,13.894401048897159
648286a4-8d21-418c-8c47-cd2ace0c239f,c2ca9808-766d-490c-9422-9a90cd68289e,1760608105430119326,706.82,395.511,1,7,,-7.060907451057835,13.962636803572165
648286a4-8d21-418c-8c47-cd2ace0c239f,c2ca9808-766d-490c-9422-9a90cd68289e,1760608105435119326,708.835,399.46,1,7,,-6.923503615728427,13.710402935508315
648286a4-8d21-418c-8c47-cd2ace0c239f,c2ca9808-766d-490c-9422-9a90cd68289e,1760608105440119326,707.195,398.539,1,7,,-7.032463603089363,13.768422246176653
648286a4-8d21-418c-8c47-cd2ace0c239f,c2ca9808-766d-490c-9422-9a90cd68289e,1760608105445122326,706.029,396.199,1,7,,-7.112147070770262,13.917885936175617
648286a4-8d21-418c-8c47-cd2ace0c239f,c2ca9808-766d-490c-9422-9a90cd68289e,1760608105450119326,701.704,389.684,1,7,,-7.405387168799748,14.333019441748604
648286a4-8d21-418c-8c47-cd2ace0c239f,c2ca9808-766d-490c-9422-9a90cd68289e,1760608105455122326,703.506,388.051,1,7,,-7.288918800526709,14.439272453090435
648286a4-8d21-418c-8c47-cd2ace0c239f,c2ca9808-766d-490c-9422-9a90cd68289e,1760608105460119326,705.208,391.668,1,7,,-7.17196624226673,14.2083198901167
648286a4-8d21-418c-8c47-cd2ace0c239f,c2ca9808-766d-490c-9422-9a90cd68289e,1760608105465127326,707.034,389.732,1,7,,-7.054228722597719,14.333964910652433
648286a4-8d21-418c-8c47-cd2ace0c239f,c2ca9808-766d-490c-9422-9a90cd68289e,1760608105470119326,707.315,389.627,1,7,,-7.035846404361837,14.340912657118643
648286a4-8d21-418c-8c47-cd2ace0c239f,c2ca9808-766d-490c-9422-9a90cd68289e,1760608105475121326,707.059,388.966,1,7,,-7.053531617892782,14.383162571428587
648286a4-8d21-418c-8c47-cd2ace0c239f,c2ca9808-766d-490c-9422-9a90cd68289e,1760608105480119326,705.162,393.194,1,7,,-7.173016822218057,14.110240051753154
648286a4-8d21-418c-8c47-cd2ace0c239f,c2ca9808-766d-490c-9422-9a90cd68289e,1760608105485124326,702.785,392.846,1,7,,-7.329978250721845,14.130843048778384
648286a4-8d21-418c-8c47-cd2ace0c239f,c2ca9808-766d-490c-9422-9a90cd68289e,1760608105490120326,703.039,393.889,1,7,,-7.311916819258391,14.064040850610354
648286a4-8d21-418c-8c47-cd2ace0c239f,c2ca9808-766d-490c-9422-9a90cd68289e,1760608105495120326,703.552,396.124,1,7,,-7.275244363497965,13.920933570548012
648286a4-8d21-418c-8c47-cd2ace0c239f,c2ca9808-766d-490c-9422-9a90cd68289e,1760608105500120326,703.883,396.003,1,7,,-7.253609531337018,13.928893439387839
648286a4-8d21-418c-8c47-cd2ace0c239f,c2ca9808-766d-490c-9422-9a90cd68289e,1760608105505120326,701.854,395.678,1,7,,-7.387539272072993,13.948290770641457
648286a4-8d21-418c-8c47-cd2ace0c239f,c2ca9808-766d-490c-9422-9a90cd68289e,1760608105510250326,701.424,395.947,1,7,,-7.415510718148526,13.930713893347818
648286a4-8d21-418c-8c47-cd2ace0c239f,c2ca9808-766d-490c-9422-9a90cd68289e,1760608105515255326,699.858,397.425,1,7,,-7.516592113117331,13.834602394130032
648286a4-8d21-418c-8c47-cd2ace0c239f,c2ca9808-766d-490c-9422-9a90cd68289e,1760608105520245326,703.446,397.726,1,7,,-7.280151228493711,13.817949144172687
648286a4-8d21-418c-8c47-cd2ace0c239f,c2ca9808-766d-490c-9422-9a90cd68289e,1760608105525245326,704.309,394.6,1,7,,-7.2273655174489795,14.01932541424138
648286a4-8d21-418c-8c47-cd2ace0c239f,c2ca9808-766d-490c-9422-9a90cd68289e,1760608105530245326,705.469,393.412,1,7,,-7.152563260922956,14.096490535428407
648286a4-8d21-418c-8c47-cd2ace0c239f,c2ca9808-766d-490c-9422-9a90cd68289e,1760608105535245326,694.531,393.857,1,7,,-7.871943348877554,14.059498365691415
648286a4-8d21-418c-8c47-cd2ace0c239f,c2ca9808-766d-490c-9422-9a90cd68289e,1760608105540245326,698.106,395.524,1,7,,-7.634376065892515,13.955343158295486
648286a4-8d21-418c-8c47-cd2ace0c239f,c2ca9808-766d-490c-9422-9a90cd68289e,1760608105545245326,699.884,397.754,1,7,,-7.5144220247629665,13.813499653467337
648286a4-8d21-418c-8c47-cd2ace0c239f,c2ca9808-766d-490c-9422-9a90cd68289e,1760608105550245326,697.244,398.033,1,7,,-7.687697619980328,13.793591875391401
648286a4-8d21-418c-8c47-cd2ace0c239f,c2ca9808-766d-490c-9422-9a90cd68289e,1760608105555245326,697.943,399.443,1,7,,-7.639809128117618,13.703598472996104
648286a4-8d21-418c-8c47-cd2ace0c239f,c2ca9808-766d-490c-9422-9a90cd68289e,1760608105560259326,705.675,391.227,1,7,,-7.141803287785359,14.236966790648891
648286a4-8d21-418c-8c47-cd2ace0c239f,c2ca9808-766d-490c-9422-9a90cd68289e,1760608105565245326,706.299,391.586,1,7,,-7.100255261932946,14.214389268812347
648286a4-8d21-418c-8c47-cd2ace0c239f,c2ca9808-766d-490c-9422-9a90cd68289e,1760608105570245326,704.992,391.066,1,7,,-7.186962181092841,14.246813845722565
648286a4-8d21-418c-8c47-cd2ace0c239f,c2ca9808-766d-490c-9422-9a90cd68289e,1760608105575245326,704.654,393.411,1,7,,-7.206189958548284,14.09592758110668
648286a4-8d21-418c-8c47-cd2ace0c239f,c2ca9808-766d-490c-9422-9a90cd68289e,1760608105580246326,703.572,394.285,1,7,,-7.276286902773146,14.039003972849816
648286a4-8d21-418c-8c47-cd2ace0c239f,c2ca9808-766d-490c-9422-9a90cd68289e,1760608105585246326,703.64,397.397,1,,,-7.267803634370837,13.839236137985234
648286a4-8d21-418c-8c47-cd2ace0c239f,c2ca9808-766d-490c-9422-9a90cd68289e,1760608105590246326,704.721,398.482,1,,,-7.195331674876283,13.770311956505859
648286a4-8d21-418c-8c47-cd2ace0c239f,c2ca9808-766d-490c-9422-9a90cd68289e,1760608105595246326,704.496,399.805,1,,,-7.208459703529024,13.685198278946752
648286a4-8d21-418c-8c47-cd2ace0c239f,c2ca9808-766d-490c-9422-9a90cd68289e,1760608105600246326,703.883,402.805,1,,,-7.24499013595938,13.492017426778022
648286a4-8d21-418c-8c47-cd2ace0c239f,c2ca9808-766d-490c-9422-9a90cd68289e,1760608105605246326,724.527,447.687,1,,,-5.847719292722534,10.6174026142271
648286a4-8d21-418c-8c47-cd2ace0c239f,c2ca9808-766d-490c-9422-9a90cd68289e,1760608105610246326,735.108,480.795,1,,,-5.136296815950232,8.488144302218261
648286a4-8d21-418c-8c47-cd2ace0c239f,c2ca9808-766d-490c-9422-9a90cd68289e,1760608105615246326,741.685,517.696,1,,,-4.692606733482473,6.109145702676096
648286a4-8d21-418c-8c47-cd2ace0c239f,c2ca9808-766d-490c-9422-9a90cd68289e,1760608105620246326,740.153,570.625,1,,,-4.778283231576809,2.690678415814785
648286a4-8d21-418c-8c47-cd2ace0c239f,c2ca9808-766d-490c-9422-9a90cd68289e,1760608105625246326,756.847,612.919,1,,,-3.6957726409406324,-0.04195226006026054
648286a4-8d21-418c-8c47-cd2ace0c239f,c2ca9808-766d-490c-9422-9a90cd68289e,1760608105630246326,762.984,659.783,1,,,-3.3019673782826833,-3.071757627962534
648286a4-8d21-418c-8c47-cd2ace0c239f,c2ca9808-766d-490c-9422-9a90cd68289e,1760608105635248326,756.691,670.244,1,,,-3.71075124921636,-3.747260027290407
648286a4-8d21-418c-8c47-cd2ace0c239f,c2ca9808-766d-490c-9422-9a90cd68289e,1760608105640246326,767.277,675.965,1,8,,-3.0262961244201314,-4.118001361908009
648286a4-8d21-418c-8c47-cd2ace0c239f,c2ca9808-766d-490c-9422-9a90cd68289e,1760608105645258326,769.659,671.174,1,8,,-2.871358750569558,-3.8085833029879335
648286a4-8d21-418c-8c47-cd2ace0c239f,c2ca9808-766d-490c-9422-9a90cd68289e,1760608105650371326,768.251,673.408,1,8,,-2.962855923016864,-3.95284768842963
648286a4-8d21-418c-8c47-cd2ace0c239f,c2ca9808-766d-490c-9422-9a90cd68289e,1760608105655376326,766.142,674.704,1,8,,-3.0996059376053844,-4.036459712733472
648286a4-8d21-418c-8c47-cd2ace0c239f,c2ca9808-766d-490c-9422-9a90cd68289e,1760608105660371326,766.538,668.77,1,8,,-3.0730994765925717,-3.6529463448296036
648286a4-8d21-418c-8c47-cd2ace0c239f,c2ca9808-766d-490c-9422-9a90cd68289e,1760608105665380326,772.074,666.885,1,8,,-2.7145235651881863,-3.5315314439714345
648286a4-8d21-418c-8c47-cd2ace0c239f,c2ca9808-766d-490c-9422-9a90cd68289e,1760608105670371326,771.806,666.122,1,8,,-2.7317461981256224,-3.4821929281415698
648286a4-8d21-418c-8c47-cd2ace0c239f,c2ca9808-766d-490c-9422-9a90cd68289e,1760608105675372326,771.811,668.688,1,8,,-2.731722346763967,-3.648070159170609
648286a4-8d21-418c-8c47-cd2ace0c239f,c2ca9808-766d-490c-9422-9a90cd68289e,1760608105680372326,774.778,666.577,1,8,,-2.539461385715574,-3.51180226381201
648286a4-8d21-418c-8c47-cd2ace0c239f,c2ca9808-766d-490c-9422-9a90cd68289e,1760608105685372326,775.699,666.766,1,8,,-2.479831210964937,-3.5240505657934587
648286a4-8d21-418c-8c47-cd2ace0c239f,c2ca9808-766d-490c-9422-9a90cd68289e,1760608105690375326,775.71,666.24,1,8,,-2.479055730986287,-3.490038157067555
648286a4-8d21-418c-8c47-cd2ace0c239f,c2ca9808-766d-490c-9422-9a90cd68289e,1760608105695372326,767.776,663.683,1,8,,-2.9923280624730517,-3.324244092857258
648286a4-8d21-418c-8c47-cd2ace0c239f,c2ca9808-766d-490c-9422-9a90cd68289e,1760608105700372326,769.284,659.949,1,8,,-2.8942641887768246,-3.082937952099944
648286a4-8d21-418c-8c47-cd2ace0c239f,c2ca9808-766d-490c-9422-9a90cd68289e,1760608105705372326,770.205,661.658,1,8,,-2.8349088414094887,-3.1934790032177376
648286a4-8d21-418c-8c47-cd2ace0c239f,c2ca9808-766d-490c-9422-9a90cd68289e,1760608105710372326,768.803,663.211,1,8,,-2.9257970904265207,-3.2937929483155126
648286a4-8d21-418c-8c47-cd2ace0c239f,c2ca9808-766d-490c-9422-9a90cd68289e,1760608105715382326,770.499,665.294,1,8,,-2.8162711144073285,-3.4285629352710383
648286a4-8d21-418c-8c47-cd2ace0c239f,c2ca9808-766d-490c-9422-9a90cd68289e,1760608105720372326,769.099,666.423,1,8,,-2.907052262265569,-3.5014699909661147
648286a4-8d21-418c-8c47-cd2ace0c239f,c2ca9808-766d-490c-9422-9a90cd68289e,1760608105725372326,772.285,667.555,1,8,,-2.7009567116978603,-3.5748564995380554
648286a4-8d21-418c-8c47-cd2ace0c239f,c2ca9808-766d-490c-9422-9a90cd68289e,1760608105730372326,771.753,669.086,1,8,,-2.735540895101309,-3.673802011094585
648286a4-8d21-418c-8c47-cd2ace0c239f,c2ca9808-766d-490c-9422-9a90cd68289e,1760608105735372326,768.787,668.643,1,8,,-2.927529777623899,-3.644927562083227
648286a4-8d21-418c-8c47-cd2ace0c239f,c2ca9808-766d-490c-9422-9a90cd68289e,1760608105740375326,775.082,667.868,1,8,,-2.5198854265439965,-3.5952554615926884
648286a4-8d21-418c-8c47-cd2ace0c239f,c2ca9808-766d-490c-9422-9a90cd68289e,1760608105745372326,775.64,666.104,1,8,,-2.483584606425239,-3.481269912746822
648286a4-8d21-418c-8c47-cd2ace0c239f,c2ca9808-766d-490c-9422-9a90cd68289e,1760608105750372326,776.73,658.872,1,8,,-2.4123531994148055,-3.0137602971383197
648286a4-8d21-418c-8c47-cd2ace0c239f,c2ca9808-766d-490c-9422-9a90cd68289e,1760608105755372326,776.166,659.641,1,8,,-2.448891626980993,-3.0634330554211906
648286a4-8d21-418c-8c47-cd2ace0c239f,c2ca9808-766d-490c-9422-9a90cd68289e,1760608105760372326,775.156,658.281,1,8,,-2.51411801759121,-2.9754629073249004
648286a4-8d21-418c-8c47-cd2ace0c239f,c2ca9808-766d-490c-9422-9a90cd68289e,1760608105765372326,768.937,656.688,1,8,,-2.916422306206906,-2.8721132196474866
648286a4-8d21-418c-8c47-cd2ace0c239f,c2ca9808-766d-490c-9422-9a90cd68289e,1760608105770373326,773.699,656.753,1,8,,-2.608259241039776,-2.8765925945005373
648286a4-8d21-418c-8c47-cd2ace0c239f,c2ca9808-766d-490c-9422-9a90cd68289e,1760608105775373326,773.944,661.767,1,8,,-2.5929131556958573,-3.2007664562090747
648286a4-8d21-418c-8c47-cd2ace0c239f,c2ca9808-766d-490c-9422-9a90cd68289e,1760608105780500326,775.946,662.429,1,8,,-2.463410441722505,-3.2436932385597674
648286a4-8d21-418c-8c47-cd2ace0c239f,c2ca9808-766d-490c-9422-9a90cd68289e,1760608105785498326,775.859,660.118,1,8,,-2.468827832094392,-3.094267431596322
648286a4-8d21-418c-8c47-cd2ace0c239f,c2ca9808-766d-490c-9422-9a90cd68289e,1760608105790498326,774.681,659.983,1,8,,-2.5450513345293473,-3.08546353521304
648286a4-8d21-418c-8c47-cd2ace0c239f,c2ca9808-766d-490c-9422-9a90cd68289e,1760608105795389326,773.124,660.605,1,8,,-2.645839226824359,-3.1256362602714356
648286a4-8d21-418c-8c47-cd2ace0c239f,c2ca9808-766d-490c-9422-9a90cd68289e,1760608105800498326,768.497,664.324,1,8,,-2.945757049105358,-3.3656962825436194
648286a4-8d21-418c-8c47-cd2ace0c239f,c2ca9808-766d-490c-9422-9a90cd68289e,1760608105805501326,768.202,665.728,1,8,,-2.9650076406694175,-3.4564409702087615
648286a4-8d21-418c-8c47-cd2ace0c239f,c2ca9808-766d-490c-9422-9a90cd68289e,1760608105810498326,775.859,661.999,1,8,,-2.4689893219746457,-3.2159037812066185
648286a4-8d21-418c-8c47-cd2ace0c239f,c2ca9808-766d-490c-9422-9a90cd68289e,1760608105815498326,772.658,661.521,1,8,,-2.6761352564940344,-3.1848081846342877
648286a4-8d21-418c-8c47-cd2ace0c239f,c2ca9808-766d-490c-9422-9a90cd68289e,1760608105820498326,764.219,670.206,1,8,,-3.2234548751822363,-3.7455786042313375
648286a4-8d21-418c-8c47-cd2ace0c239f,c2ca9808-766d-490c-9422-9a90cd68289e,1760608105825498326,764.523,675.724,1,8,,-3.204601319087893,-4.102193444793327
648286a4-8d21-418c-8c47-cd2ace0c239f,c2ca9808-766d-490c-9422-9a90cd68289e,1760608105830498326,764.341,671.877,1,8,,-3.215783022200076,-3.8535705952900656
648286a4-8d21-418c-8c47-cd2ace0c239f,c2ca9808-766d-490c-9422-9a90cd68289e,1760608105835498326,766.426,674.662,1,8,,-3.0812301578814267,-4.033740531288908
648286a4-8d21-418c-8c47-cd2ace0c239f,c2ca9808-766d-490c-9422-9a90cd68289e,1760608105840501326,763.09,672.571,1,8,,-3.2968734054286006,-3.898294010889643
648286a4-8d21-418c-8c47-cd2ace0c239f,c2ca9808-766d-490c-9422-9a90cd68289e,1760608105845498326,762.28,674.089,1,8,,-3.349600345245856,-3.9963150259647784
648286a4-8d21-418c-8c47-cd2ace0c239f,c2ca9808-766d-490c-9422-9a90cd68289e,1760608105850502326,760.974,673.56,1,8,,-3.4340254410226736,-3.9620221840567282
648286a4-8d21-418c-8c47-cd2ace0c239f,c2ca9808-766d-490c-9422-9a90cd68289e,1760608105855499326,763.624,673.786,1,8,,-3.26252405531171,-3.9768949740697206
648286a4-8d21-418c-8c47-cd2ace0c239f,c2ca9808-766d-490c-9422-9a90cd68289e,1760608105860499326,763.539,672.433,1,8,,-3.267768154383594,-3.8893987645811716
648286a4-8d21-418c-8c47-cd2ace0c239f,c2ca9808-766d-490c-9422-9a90cd68289e,1760608105865499326,759.797,672.623,1,8,,-3.5100753989214417,-3.901316004381213
648286a4-8d21-418c-8c47-cd2ace0c239f,c2ca9808-766d-490c-9422-9a90cd68289e,1760608105870499326,762.259,671.676,1,8,,-3.350516294082139,-3.840381194426985
648286a4-8d21-418c-8c47-cd2ace0c239f,c2ca9808-766d-490c-9422-9a90cd68289e,1760608105875499326,762.604,671.211,1,8,,-3.328149934036845,-3.8103494847160353
648286a4-8d21-418c-8c47-cd2ace0c239f,c2ca9808-766d-490c-9422-9a90cd68289e,1760608105880499326,767.405,667.203,1,8,,-3.0167855446158693,-3.5517192764554526
648286a4-8d21-418c-8c47-cd2ace0c239f,c2ca9808-766d-490c-9422-9a90cd68289e,1760608105885499326,758.865,668.383,1,8,,-3.5697535335383375,-3.6272117743218564
648286a4-8d21-418c-8c47-cd2ace0c239f,c2ca9808-766d-490c-9422-9a90cd68289e,1760608105890511326,758.014,669.129,1,8,,-3.6249112837401154,-3.6753733705427365
648286a4-8d21-418c-8c47-cd2ace0c239f,c2ca9808-766d-490c-9422-9a90cd68289e,1760608105895499326,759.791,669.484,1,8,,-3.50993888187505,-3.6985039879581776
648286a4-8d21-418c-8c47-cd2ace0c239f,c2ca9808-766d-490c-9422-9a90cd68289e,1760608105900499326,760.595,669.865,1,8,,-3.4579606396093308,-3.723151342631285
648286a4-8d21-418c-8c47-cd2ace0c239f,c2ca9808-766d-490c-9422-9a90cd68289e,1760608105905499326,759.202,670.941,1,8,,-3.5483372943792384,-3.7925550400417403
648286a4-8d21-418c-8c47-cd2ace0c239f,c2ca9808-766d-490c-9422-9a90cd68289e,1760608105910512326,759.068,669.583,1,8,,-3.556776974232544,-3.7047873768066446
648286a4-8d21-418c-8c47-cd2ace0c239f,c2ca9808-766d-490c-9422-9a90cd68289e,1760608105915624326,757.321,673.146,1,8,,-3.6704496302747787,-3.9348427219774735
648286a4-8d21-418c-8c47-cd2ace0c239f,c2ca9808-766d-490c-9422-9a90cd68289e,1760608105920624326,759.918,673.232,1,8,,-3.502334053895686,-3.94068660253013
648286a4-8d21-418c-8c47-cd2ace0c239f,c2ca9808-766d-490c-9422-9a90cd68289e,1760608105925509326,758.068,677.637,1,8,,-3.6229188839236404,-4.225132627540122
648286a4-8d21-418c-8c47-cd2ace0c239f,c2ca9808-766d-490c-9422-9a90cd68289e,1760608105930624326,759.29,676.236,1,8,,-3.543533626703819,-4.134765116814887
648286a4-8d21-418c-8c47-cd2ace0c239f,c2ca9808-766d-490c-9422-9a90cd68289e,1760608105935624326,757.291,675.927,1,8,,-3.672951556461211,-4.114539498516739
648286a4-8d21-418c-8c47-cd2ace0c239f,c2ca9808-766d-490c-9422-9a90cd68289e,1760608105940627326,758.8,671.445,1,8,,-3.574415964854909,-3.8251281644197674
648286a4-8d21-418c-8c47-cd2ace0c239f,c2ca9808-766d-490c-9422-9a90cd68289e,1760608105945625326,759.104,672.282,1,8,,-3.554866987393468,-3.8792127243427563
648286a4-8d21-418c-8c47-cd2ace0c239f,c2ca9808-766d-490c-9422-9a90cd68289e,1760608105950624326,755.492,677.483,1,8,,-3.7897202618059396,-4.214845284087656
648286a4-8d21-418c-8c47-cd2ace0c239f,c2ca9808-766d-490c-9422-9a90cd68289e,1760608105955627326,758.087,676.122,1,8,,-3.621424790895198,-4.127217480768853
648286a4-8d21-418c-8c47-cd2ace0c239f,c2ca9808-766d-490c-9422-9a90cd68289e,1760608105960624326,757.868,668.029,1,,,-3.6342154109789004,-3.604281287506239
648286a4-8d21-418c-8c47-cd2ace0c239f,c2ca9808-766d-490c-9422-9a90cd68289e,1760608105965625326,756.398,663.095,1,,,-3.7286122619447633,-3.2852645857802996
648286a4-8d21-418c-8c47-cd2ace0c239f,c2ca9808-766d-490c-9422-9a90cd68289e,1760608105970625326,757.982,660.991,1,,,-3.6257607934127294,-3.1494332185378
648286a4-8d21-418c-8c47-cd2ace0c239f,c2ca9808-766d-490c-9422-9a90cd68289e,1760608105975627326,755.688,654.448,1,,,-3.773311128392232,-2.7264223914776013
648286a4-8d21-418c-8c47-cd2ace0c239f,c2ca9808-766d-490c-9422-9a90cd68289e,1760608105980638326,744.91,609.61,1,,,-4.467509954938821,0.1718882478707144
648286a4-8d21-418c-8c47-cd2ace0c239f,c2ca9808-766d-490c-9422-9a90cd68289e,1760608105985625326,737.49,564.273,1,,,-4.951627443709431,3.10074196488368
648286a4-8d21-418c-8c47-cd2ace0c239f,c2ca9808-766d-490c-9422-9a90cd68289e,1760608105990625326,737.282,531.461,1,,,-4.973427690521751,5.2195987873569285
648286a4-8d21-418c-8c47-cd2ace0c239f,c2ca9808-766d-490c-9422-9a90cd68289e,1760608105995625326,725.935,491.233,1,,,-5.727092978769486,7.812113346753607
648286a4-8d21-418c-8c47-cd2ace0c239f,c2ca9808-766d-490c-9422-9a90cd68289e,1760608106000634326,728.217,461.992,1,,,-5.596537367706094,9.697587165641579
648286a4-8d21-418c-8c47-cd2ace0c239f,c2ca9808-766d-490c-9422-9a90cd68289e,1760608106005625326,730.888,426.391,1,,,-5.44875408596374,11.99134719943621
648286a4-8d21-418c-8c47-cd2ace0c239f,c2ca9808-766d-490c-9422-9a90cd68289e,1760608106010627326,732.625,405.686,1,,,-5.35268258427477,13.324484297321705
648286a4-8d21-418c-8c47-cd2ace0c239f,c2ca9808-766d-490c-9422-9a90cd68289e,1760608106015625326,724.651,401.137,1,,,-5.88133501125769,13.612695374769034
648286a4-8d21-418c-8c47-cd2ace0c239f,c2ca9808-766d-490c-9422-9a90cd68289e,1760608106020633326,720.767,401.123,1,9,,-6.136850499519089,13.611232741517474
648286a4-8d21-418c-8c47-cd2ace0c239f,c2ca9808-766d-490c-9422-9a90cd68289e,1760608106025625326,724.207,398.142,1,9,,-5.913657641428235,13.804937613987125
648286a4-8d21-418c-8c47-cd2ace0c239f,c2ca9808-766d-490c-9422-9a90cd68289e,1760608106030630326,729.001,392.367,1,9,,-5.603951119403806,14.17899466533573
648286a4-8d21-418c-8c47-cd2ace0c239f,c2ca9808-766d-490c-9422-9a90cd68289e,1760608106035628326,727.358,392.272,1,9,,-5.712323165091602,14.184166941128833
648286a4-8d21-418c-8c47-cd2ace0c239f,c2ca9808-766d-490c-9422-9a90cd68289e,1760608106040625326,726.875,391.12,1,9,,-5.745323638734287,14.257931066543428
648286a4-8d21-418c-8c47-cd2ace0c239f,c2ca9808-766d-490c-9422-9a90cd68289e,1760608106045625326,720.391,401.072,1,9,,-6.161596331718824,13.614309744026643
648286a4-8d21-418c-8c47-cd2ace0c239f,c2ca9808-766d-490c-9422-9a90cd68289e,1760608106050626326,721.734,400.341,1,9,,-6.074088403962846,13.662127004560995
648286a4-8d21-418c-8c47-cd2ace0c239f,c2ca9808-766d-490c-9422-9a90cd68289e,1760608106055637326,721.817,396.351,1,9,,-6.072836009264049,13.918648591311255
648286a4-8d21-418c-8c47-cd2ace0c239f,c2ca9808-766d-490c-9422-9a90cd68289e,1760608106060750326,719.503,395.789,1,9,,-6.225814736312932,13.953321847123386
648286a4-8d21-418c-8c47-cd2ace0c239f,c2ca9808-766d-490c-9422-9a90cd68289e,1760608106065751326,723.367,397.596,1,9,,-5.96948187916944,13.839572397720225
648286a4-8d21-418c-8c47-cd2ace0c239f,c2ca9808-766d-490c-9422-9a90cd68289e,1760608106070751326,724.898,401.034,1,9,,-5.865209670986269,13.619445364389318
648286a4-8d21-418c-8c47-cd2ace0c239f,c2ca9808-766d-490c-9422-9a90cd68289e,1760608106075751326,725.972,397.709,1,9,,-5.797974125080007,13.83386248558729
648286a4-8d21-418c-8c47-cd2ace0c239f,c2ca9808-766d-490c-9422-9a90cd68289e,1760608106080751326,727.169,398.591,1,9,,-5.71829441035445,13.777819094171731
648286a4-8d21-418c-8c47-cd2ace0c239f,c2ca9808-766d-490c-9422-9a90cd68289e,1760608106085751326,725.604,397.778,1,9,,-5.8221076013021875,13.829180914472236
648286a4-8d21-418c-8c47-cd2ace0c239f,c2ca9808-766d-490c-9422-9a90cd68289e,1760608106090751326,728.376,398.576,1,9,,-5.638874905091304,13.77943747907112
648286a4-8d21-418c-8c47-cd2ace0c239f,c2ca9808-766d-490c-9422-9a90cd68289e,1760608106095751326,729.296,400.566,1,9,,-5.57639362695484,13.651986193542001
648286a4-8d21-418c-8c47-cd2ace0c239f,c2ca9808-766d-490c-9422-9a90cd68289e,1760608106100751326,729.555,405.27,1,9,,-5.554889348005229,13.349662662015964
648286a4-8d21-418c-8c47-cd2ace0c239f,c2ca9808-766d-490c-9422-9a90cd68289e,1760608106105751326,731.721,403.278,1,9,,-5.414306263089094,13.478944238295055
648286a4-8d21-418c-8c47-cd2ace0c239f,c2ca9808-766d-490c-9422-9a90cd68289e,1760608106110751326,732.303,403.376,1,9,,-5.375976463900364,13.472926400859677
648286a4-8d21-418c-8c47-cd2ace0c239f,c2ca9808-766d-490c-9422-9a90cd68289e,1760608106115751326,732.386,404.747,1,9,,-5.369266241899232,13.384758221118119
648286a4-8d21-418c-8c47-cd2ace0c239f,c2ca9808-766d-490c-9422-9a90cd68289e,1760608106120758326,732.043,403.92,1,9,,-5.392589740969222,13.437801349249215
648286a4-8d21-418c-8c47-cd2ace0c239f,c2ca9808-766d-490c-9422-9a90cd68289e,1760608106125751326,730.737,402.448,1,9,,-5.479818256020169,13.531738950319383
648286a4-8d21-418c-8c47-cd2ace0c239f,c2ca9808-766d-490c-9422-9a90cd68289e,1760608106130752326,731.789,406.883,1,9,,-5.406556494697218,13.247057052746898
648286a4-8d21-418c-8c47-cd2ace0c239f,c2ca9808-766d-490c-9422-9a90cd68289e,1760608106135751326,729.826,407.065,1,9,,-5.535379663675694,13.234358309926323
648286a4-8d21-418c-8c47-cd2ace0c239f,c2ca9808-766d-490c-9422-9a90cd68289e,1760608106140751326,728.756,404.968,1,9,,-5.607659193106665,13.368604442924767
648286a4-8d21-418c-8c47-cd2ace0c239f,c2ca9808-766d-490c-9422-9a90cd68289e,1760608106145751326,728.341,404.133,1,9,,-5.635727822571176,13.422132344776886
648286a4-8d21-418c-8c47-cd2ace0c239f,c2ca9808-766d-490c-9422-9a90cd68289e,1760608106150752326,728.394,398.243,1,9,,-5.638041633339536,13.80091873747483
648286a4-8d21-418c-8c47-cd2ace0c239f,c2ca9808-766d-490c-9422-9a90cd68289e,1760608106155763326,726.209,395.83,1,9,,-5.784268176143026,13.95474737009133
648286a4-8d21-418c-8c47-cd2ace0c239f,c2ca9808-766d-490c-9422-9a90cd68289e,1760608106160752326,726.378,396.552,1,9,,-5.772420870492396,13.90846891415323
648286a4-8d21-418c-8c47-cd2ace0c239f,c2ca9808-766d-490c-9422-9a90cd68289e,1760608106165752326,715.191,395.625,1,9,,-6.509836302168333,13.961059724180775
648286a4-8d21-418c-8c47-cd2ace0c239f,c2ca9808-766d-490c-9422-9a90cd68289e,1760608106170752326,706.468,390.079,1,9,,-7.091070951372273,14.31126231106414
648286a4-8d21-418c-8c47-cd2ace0c239f,c2ca9808-766d-490c-9422-9a90cd68289e,1760608106175752326,706.808,391.429,1,9,,-7.066926760509224,14.224835108589291
648286a4-8d21-418c-8c47-cd2ace0c239f,c2ca9808-766d-490c-9422-9a90cd68289e,1760608106180761326,708.43,390.851,1,9,,-6.960830453661088,14.263134938721699
648286a4-8d21-418c-8c47-cd2ace0c239f,c2ca9808-766d-490c-9422-9a90cd68289e,1760608106185762326,708.318,396.495,1,9,,-6.961134559590803,13.900507430922396
648286a4-8d21-418c-8c47-cd2ace0c239f,c2ca9808-766d-490c-9422-9a90cd68289e,1760608106190755326,711.994,395.518,1,9,,-6.720364343427074,13.965838964004943
648286a4-8d21-418c-8c47-cd2ace0c239f,c2ca9808-766d-490c-9422-9a90cd68289e,1760608106195877326,710.319,394.965,1,9,,-6.831294931223891,14.000194014932868
648286a4-8d21-418c-8c47-cd2ace0c239f,c2ca9808-766d-490c-9422-9a90cd68289e,1760608106200877326,709.578,393.748,1,9,,-6.881569081797009,14.077827147319244
648286a4-8d21-418c-8c47-cd2ace0c239f,c2ca9808-766d-490c-9422-9a90cd68289e,1760608106205877326,710.612,392.987,1,9,,-6.814420891462168,14.127465693481248
648286a4-8d21-418c-8c47-cd2ace0c239f,c2ca9808-766d-490c-9422-9a90cd68289e,1760608106210877326,709.592,391.805,1,9,,-6.883067818265623,14.202662096196498
648286a4-8d21-418c-8c47-cd2ace0c239f,c2ca9808-766d-490c-9422-9a90cd68289e,1760608106215877326,708.845,393.131,1,9,,-6.930633256742489,14.116967304675908
648286a4-8d21-418c-8c47-cd2ace0c239f,c2ca9808-766d-490c-9422-9a90cd68289e,1760608106220877326,707.166,395.12,1,9,,-7.0386539448119345,13.98804696453564
648286a4-8d21-418c-8c47-cd2ace0c239f,c2ca9808-766d-490c-9422-9a90cd68289e,1760608106225880326,707.861,393.921,1,9,,-6.994395813174817,14.065519344458277
648286a4-8d21-418c-8c47-cd2ace0c239f,c2ca9808-766d-490c-9422-9a90cd68289e,1760608106230877326,709.28,395.273,1,9,,-6.899344193190408,13.979666493611932
648286a4-8d21-418c-8c47-cd2ace0c239f,c2ca9808-766d-490c-9422-9a90cd68289e,1760608106235877326,710.787,397.114,1,9,,-6.797867236179096,13.862475735990028
648286a4-8d21-418c-8c47-cd2ace0c239f,c2ca9808-766d-490c-9422-9a90cd68289e,1760608106240877326,710.286,397.244,1,9,,-6.830711215538514,13.853755769110274
648286a4-8d21-418c-8c47-cd2ace0c239f,c2ca9808-766d-490c-9422-9a90cd68289e,1760608106245877326,705.629,399.885,1,9,,-7.133845406683509,13.680860023740008
648286a4-8d21-418c-8c47-cd2ace0c239f,c2ca9808-766d-490c-9422-9a90cd68289e,1760608106250878326,706.7,397.352,1,9,,-7.0665000282897195,13.844345615197069
648286a4-8d21-418c-8c47-cd2ace0c239f,c2ca9808-766d-490c-9422-9a90cd68289e,1760608106255878326,707.992,396.842,1,9,,-6.982149721126638,13.87798065345612
648286a4-8d21-418c-8c47-cd2ace0c239f,c2ca9808-766d-490c-9422-9a90cd68289e,1760608106260878326,707.619,396.367,1,9,,-7.007249355353397,13.90820877034846
648286a4-8d21-418c-8c47-cd2ace0c239f,c2ca9808-766d-490c-9422-9a90cd68289e,1760608106265878326,708.99,393.857,1,9,,-6.920136859380868,14.070456439830776
648286a4-8d21-418c-8c47-cd2ace0c239f,c2ca9808-766d-490c-9422-9a90cd68289e,1760608106270878326,705.719,394.32,1,9,,-7.1349003651119025,14.038350939044031
648286a4-8d21-418c-8c47-cd2ace0c239f,c2ca9808-766d-490c-9422-9a90cd68289e,1760608106275884326,704.283,393.49,1,9,,-7.230528236252769,14.090600519857128
648286a4-8d21-418c-8c47-cd2ace0c239f,c2ca9808-766d-490c-9422-9a90cd68289e,1760608106280878326,702.914,394.04,1,9,,-7.319923024909141,14.054265113793425
648286a4-8d21-418c-8c47-cd2ace0c239f,c2ca9808-766d-490c-9422-9a90cd68289e,1760608106285878326,702.087,393.589,1,9,,-7.374980984665961,14.082589595726134
648286a4-8d21-418c-8c47-cd2ace0c239f,c2ca9808-766d-490c-9422-9a90cd68289e,1760608106290880326,704.223,394.581,1,9,,-7.233059051593691,14.020518981716668
648286a4-8d21-418c-8c47-cd2ace0c239f,c2ca9808-766d-490c-9422-9a90cd68289e,1760608106295878326,703.912,395.63,1,9,,-7.252163606473915,13.952901877287136
648286a4-8d21-418c-8c47-cd2ace0c239f,c2ca9808-766d-490c-9422-9a90cd68289e,1760608106300878326,705.138,396.254,1,9,,-7.170686209102326,13.913715501463573
648286a4-8d21-418c-8c47-cd2ace0c239f,c2ca9808-766d-490c-9422-9a90cd68289e,1760608106305878326,706.197,397.941,1,9,,-7.098905046656791,13.806110136968215
648286a4-8d21-418c-8c47-cd2ace0c239f,c2ca9808-766d-490c-9422-9a90cd68289e,1760608106310878326,706.646,398.798,1,9,,-7.068305751850223,13.751401713429994
648286a4-8d21-418c-8c47-cd2ace0c239f,c2ca9808-766d-490c-9422-9a90cd68289e,1760608106315878326,706.505,399.323,1,9,,-7.0768973551314485,13.717534592090322
648286a4-8d21-418c-8c47-cd2ace0c239f,c2ca9808-766d-490c-9422-9a90cd68289e,1760608106320878326,703.446,389.861,1,9,,-7.290418250321119,14.323043397344149
648286a4-8d21-418c-8c47-cd2ace0c239f,c2ca9808-766d-490c-9422-9a90cd68289e,1760608106326014326,705.172,390.744,1,9,,-7.1755634078974095,14.267590229205187
648286a4-8d21-418c-8c47-cd2ace0c239f,c2ca9808-766d-490c-9422-9a90cd68289e,1760608106331003326,701.477,392.338,1,9,,-7.416785993770182,14.162449713957097
648286a4-8d21-418c-8c47-cd2ace0c239f,c2ca9808-766d-490c-9422-9a90cd68289e,1760608106336003326,703.732,394.535,1,9,,-7.265423590730565,14.023092516533447
648286a4-8d21-418c-8c47-cd2ace0c239f,c2ca9808-766d-490c-9422-9a90cd68289e,1760608106341003326,709.128,396.556,1,9,,-6.907748903046167,13.897164182288728
648286a4-8d21-418c-8c47-cd2ace0c239f,c2ca9808-766d-490c-9422-9a90cd68289e,1760608106346004326,708.143,395.804,1,9,,-6.9734894233110305,13.944788883864224
648286a4-8d21-418c-8c47-cd2ace0c239f,c2ca9808-766d-490c-9422-9a90cd68289e,1760608106351004326,708.243,396.6,1,9,,-6.965905564081655,13.893738495820827
648286a4-8d21-418c-8c47-cd2ace0c239f,c2ca9808-766d-490c-9422-9a90cd68289e,1760608106356004326,705.698,396.275,1,9,,-7.133792448482836,13.912755148239766
648286a4-8d21-418c-8c47-cd2ace0c239f,c2ca9808-766d-490c-9422-9a90cd68289e,1760608106361007326,705.584,398.665,1,9,,-7.138292170609969,13.75918234116681
648286a4-8d21-418c-8c47-cd2ace0c239f,c2ca9808-766d-490c-9422-9a90cd68289e,1760608106366004326,706.168,396.49,1,9,,-7.102586592563431,13.899278000573398
648286a4-8d21-418c-8c47-cd2ace0c239f,c2ca9808-766d-490c-9422-9a90cd68289e,1760608106371004326,704.992,398.928,1,9,,-7.1769089685596725,13.74188249992018
648286a4-8d21-418c-8c47-cd2ace0c239f,c2ca9808-766d-490c-9422-9a90cd68289e,1760608106376004326,705.979,398.82,1,9,,-7.112099151672976,13.749506164900263
648286a4-8d21-418c-8c47-cd2ace0c239f,c2ca9808-766d-490c-9422-9a90cd68289e,1760608106381007326,702.844,399.117,1,9,,-7.317967696119318,13.7281434557022
648286a4-8d21-418c-8c47-cd2ace0c239f,c2ca9808-766d-490c-9422-9a90cd68289e,1760608106386018326,702.793,398.343,1,9,,-7.322268892883962,13.777848236938777
648286a4-8d21-418c-8c47-cd2ace0c239f,c2ca9808-766d-490c-9422-9a90cd68289e,1760608106391004326,702.345,391.645,1,9,,-7.360583756264089,14.207627711974583
648286a4-8d21-418c-8c47-cd2ace0c239f,c2ca9808-766d-490c-9422-9a90cd68289e,1760608106396004326,704.628,394.625,1,9,,-7.2063134883863444,14.017971419877897
648286a4-8d21-418c-8c47-cd2ace0c239f,c2ca9808-766d-490c-9422-9a90cd68289e,1760608106401004326,708.257,397.105,1,9,,-6.964387585081334,13.861299307926203
648286a4-8d21-418c-8c47-cd2ace0c239f,c2ca9808-766d-490c-9422-9a90cd68289e,1760608106406004326,707.123,394.671,1,9,,-7.042038337734832,14.016820207114643
648286a4-8d21-418c-8c47-cd2ace0c239f,c2ca9808-766d-490c-9422-9a90cd68289e,1760608106411004326,702.36,397.072,1,9,,-7.352413574628283,13.859141397633547
648286a4-8d21-418c-8c47-cd2ace0c239f,c2ca9808-766d-490c-9422-9a90cd68289e,1760608106416004326,703.477,399.565,1,9,,-7.275718169216241,13.699823958039163
648286a4-8d21-418c-8c47-cd2ace0c239f,c2ca9808-766d-490c-9422-9a90cd68289e,1760608106421009326,705.143,399.828,1,9,,-7.1658273965910215,13.684174991822497
648286a4-8d21-418c-8c47-cd2ace0c239f,c2ca9808-766d-490c-9422-9a90cd68289e,1760608106426004326,691.95,404.365,1,9,,-8.027103098208702,13.382908375977788
648286a4-8d21-418c-8c47-cd2ace0c239f,c2ca9808-766d-490c-9422-9a90cd68289e,1760608106431005326,696.438,401.375,1,9,,-7.736235053675423,13.578360626261482
648286a4-8d21-418c-8c47-cd2ace0c239f,c2ca9808-766d-490c-9422-9a90cd68289e,1760608106436007326,699.391,404.348,1,9,,-7.53827418206637,13.389673323904226
648286a4-8d21-418c-8c47-cd2ace0c239f,c2ca9808-766d-490c-9422-9a90cd68289e,1760608106441004326,701.743,402.453,1,9,,-7.3860925359482374,13.513123075548867
648286a4-8d21-418c-8c47-cd2ace0c239f,c2ca9808-766d-490c-9422-9a90cd68289e,1760608106446004326,701.605,401.683,1,9,,-7.396147282038311,13.562471887717209
648286a4-8d21-418c-8c47-cd2ace0c239f,c2ca9808-766d-490c-9422-9a90cd68289e,1760608106451005326,703.257,401.145,1,9,,-7.288198053019532,13.598202115793777
648286a4-8d21-418c-8c47-cd2ace0c239f,c2ca9808-766d-490c-9422-9a90cd68289e,1760608106456005326,703.089,397.052,1,9,,-7.304491588041752,13.860952348678703
648286a4-8d21-418c-8c47-cd2ace0c239f,c2ca9808-766d-490c-9422-9a90cd68289e,1760608106461130326,703.588,398.405,1,9,,-7.269900538616915,13.774456524290668
648286a4-8d21-418c-8c47-cd2ace0c239f,c2ca9808-766d-490c-9422-9a90cd68289e,1760608106466130326,702.724,397.113,1,9,,-7.3284076765250115,13.856788258235888
648286a4-8d21-418c-8c47-cd2ace0c239f,c2ca9808-766d-490c-9422-9a90cd68289e,1760608106471130326,703.416,401.876,1,9,,-7.276817831469067,13.551359526163424
648286a4-8d21-418c-8c47-cd2ace0c239f,c2ca9808-766d-490c-9422-9a90cd68289e,1760608106476130326,700.051,402.236,1,9,,-7.49757499079963,13.52577709518795
648286a4-8d21-418c-8c47-cd2ace0c239f,c2ca9808-766d-490c-9422-9a90cd68289e,1760608106481130326,697.619,400.279,1,9,,-7.660035543420049,13.64966496567809
648286a4-8d21-418c-8c47-cd2ace0c239f,c2ca9808-766d-490c-9422-9a90cd68289e,1760608106486133326,701.599,400.852,1,9,,-7.397574641026189,13.615847960455527
648286a4-8d21-418c-8c47-cd2ace0c239f,c2ca9808-766d-490c-9422-9a90cd68289e,1760608106491130326,701.361,396.49,1,9,,-7.418909197946485,13.895783937910519
648286a4-8d21-418c-8c47-cd2ace0c239f,c2ca9808-766d-490c-9422-9a90cd68289e,1760608106496140326,702.391,399.139,1,9,,-7.347685497850399,13.726391654425578
648286a4-8d21-418c-8c47-cd2ace0c239f,c2ca9808-766d-490c-9422-9a90cd68289e,1760608106501130326,702.102,398.592,1,9,,-7.367462128904105,13.761322014982111
648286a4-8d21-418c-8c47-cd2ace0c239f,c2ca9808-766d-490c-9422-9a90cd68289e,1760608106506130326,698.178,404.526,1,9,,-7.617741381828969,13.377310139574757
648286a4-8d21-418c-8c47-cd2ace0c239f,c2ca9808-766d-490c-9422-9a90cd68289e,1760608106511130326,698.62,394.585,1,9,,-7.601857839794333,14.01601393055953
648286a4-8d21-418c-8c47-cd2ace0c239f,c2ca9808-766d-490c-9422-9a90cd68289e,1760608106516130326,699.78,395.959,1,9,,-7.5236745397862235,13.928703391863976
648286a4-8d21-418c-8c47-cd2ace0c239f,c2ca9808-766d-490c-9422-9a90cd68289e,1760608106521130326,699.554,396.113,1,9,,-7.538307745257776,13.918631726748481
648286a4-8d21-418c-8c47-cd2ace0c239f,c2ca9808-766d-490c-9422-9a90cd68289e,1760608106526130326,699.544,394.335,1,9,,-7.541334284649514,14.032768890467002
648286a4-8d21-418c-8c47-cd2ace0c239f,c2ca9808-766d-490c-9422-9a90cd68289e,1760608106531130326,701.285,393.688,1,9,,-7.427642747929148,14.075619426677104
648286a4-8d21-418c-8c47-cd2ace0c239f,c2ca9808-766d-490c-9422-9a90cd68289e,1760608106536130326,701.733,395.452,1,9,,-7.395830742941478,13.962734127405787
648286a4-8d21-418c-8c47-cd2ace0c239f,c2ca9808-766d-490c-9422-9a90cd68289e,1760608106541130326,700.88,397.107,1,9,,-7.44976260538615,13.855809036600801
648286a4-8d21-418c-8c47-cd2ace0c239f,c2ca9808-766d-490c-9422-9a90cd68289e,1760608106546130326,699.358,395.545,1,9,,-7.551993541702207,13.954934040470462
648286a4-8d21-418c-8c47-cd2ace0c239f,c2ca9808-766d-490c-9422-9a90cd68289e,1760608106551131326,699.512,392.566,1,9,,-7.5458425499737904,14.146309847182145
648286a4-8d21-418c-8c47-cd2ace0c239f,c2ca9808-766d-490c-9422-9a90cd68289e,1760608106556131326,700.004,393.86,1,9,,-7.511690502217415,14.06359826745794
648286a4-8d21-418c-8c47-cd2ace0c239f,c2ca9808-766d-490c-9422-9a90cd68289e,1760608106561131326,696.57,395.499,1,9,,-7.735481418172086,13.95571214899376
648286a4-8d21-418c-8c47-cd2ace0c239f,c2ca9808-766d-490c-9422-9a90cd68289e,1760608106566131326,698.206,396.118,1,9,,-7.626976043193941,13.917276084741927
648286a4-8d21-418c-8c47-cd2ace0c239f,c2ca9808-766d-490c-9422-9a90cd68289e,1760608106571131326,697.834,392.972,1,9,,-7.655801388788606,14.118968947293878
648286a4-8d21-418c-8c47-cd2ace0c239f,c2ca9808-766d-490c-9422-9a90cd68289e,1760608106576134326,700.227,401.773,1,9,,-7.486641134331279,13.555647390122674
648286a4-8d21-418c-8c47-cd2ace0c239f,c2ca9808-766d-490c-9422-9a90cd68289e,1760608106581131326,701.552,399.448,1,9,,-7.402481327014466,13.70594612957015
648286a4-8d21-418c-8c47-cd2ace0c239f,c2ca9808-766d-490c-9422-9a90cd68289e,1760608106586131326,701.33,399.593,1,9,,-7.416917802613223,13.696509319936041
648286a4-8d21-418c-8c47-cd2ace0c239f,c2ca9808-766d-490c-9422-9a90cd68289e,1760608106591134326,704.082,399.095,1,9,,-7.236546018279082,13.730496688827625
648286a4-8d21-418c-8c47-cd2ace0c239f,c2ca9808-766d-490c-9422-9a90cd68289e,1760608106596261326,701.792,399.658,1,9,,-7.386461148082949,13.69267370823426
648286a4-8d21-418c-8c47-cd2ace0c239f,c2ca9808-766d-490c-9422-9a90cd68289e,1760608106601256326,701.32,398.741,1,9,,-7.418663212904997,13.75121881040778
648286a4-8d21-418c-8c47-cd2ace0c239f,c2ca9808-766d-490c-9422-9a90cd68289e,1760608106606256326,704.24,396.347,1,9,,-7.2296283279451234,13.907097579745995
648286a4-8d21-418c-8c47-cd2ace0c239f,c2ca9808-766d-490c-9422-9a90cd68289e,1760608106611256326,703.268,396.739,1,9,,-7.293128994857054,13.881177011181965
648286a4-8d21-418c-8c47-cd2ace0c239f,c2ca9808-766d-490c-9422-9a90cd68289e,1760608106616256326,704.382,393.867,1,9,,-7.223537257665258,14.0664875278851
648286a4-8d21-418c-8c47-cd2ace0c239f,c2ca9808-766d-490c-9422-9a90cd68289e,1760608106621256326,704.382,390.935,1,9,,-7.227318462849763,14.254745200791445
648286a4-8d21-418c-8c47-cd2ace0c239f,c2ca9808-766d-490c-9422-9a90cd68289e,1760608106626256326,706.954,389.549,1,9,,-7.0597092042412655,14.345657313656329
648286a4-8d21-418c-8c47-cd2ace0c239f,c2ca9808-766d-490c-9422-9a90cd68289e,1760608106631256326,704.45,391.634,1,9,,-7.221918042232624,14.209907490573839
648286a4-8d21-418c-8c47-cd2ace0c239f,c2ca9808-766d-490c-9422-9a90cd68289e,1760608106636256326,704.304,392.726,1,9,,-7.2301610472083455,14.139690778764711
648286a4-8d21-418c-8c47-cd2ace0c239f,c2ca9808-766d-490c-9422-9a90cd68289e,1760608106641257326,703.771,391.924,1,9,,-7.266278829928439,14.19075860719392
648286a4-8d21-418c-8c47-cd2ace0c239f,c2ca9808-766d-490c-9422-9a90cd68289e,1760608106646257326,705.308,394.528,1,9,,-7.161713167987756,14.024670187531354
648286a4-8d21-418c-8c47-cd2ace0c239f,c2ca9808-766d-490c-9422-9a90cd68289e,1760608106651257326,703.775,394.703,1,9,,-7.2624016634891095,14.012356636716676
648286a4-8d21-418c-8c47-cd2ace0c239f,c2ca9808-766d-490c-9422-9a90cd68289e,1760608106656257326,701.179,393.041,1,9,,-7.43549954010276,14.11712851304771
648286a4-8d21-418c-8c47-cd2ace0c239f,c2ca9808-766d-490c-9422-9a90cd68289e,1760608106661259326,703.285,391.714,1,9,,-7.298555425405069,14.203907467289152
648286a4-8d21-418c-8c47-cd2ace0c239f,c2ca9808-766d-490c-9422-9a90cd68289e,1760608106666257326,704.005,388.222,1,9,,-7.255755296958584,14.428654603228074
648286a4-8d21-418c-8c47-cd2ace0c239f,c2ca9808-766d-490c-9422-9a90cd68289e,1760608106671260326,703.495,393.293,1,9,,-7.282622681901768,14.102685727939345
648286a4-8d21-418c-8c47-cd2ace0c239f,c2ca9808-766d-490c-9422-9a90cd68289e,1760608106676257326,702.787,393.558,1,9,,-7.328902366597818,14.085144744761712
648286a4-8d21-418c-8c47-cd2ace0c239f,c2ca9808-766d-490c-9422-9a90cd68289e,1760608106681257326,703.867,390.747,1,9,,-7.261514484474519,14.266471456276108
648286a4-8d21-418c-8c47-cd2ace0c239f,c2ca9808-766d-490c-9422-9a90cd68289e,1760608106686257326,706.069,392.699,1,9,,-7.113931419509374,14.142723997928497
648286a4-8d21-418c-8c47-cd2ace0c239f,c2ca9808-766d-490c-9422-9a90cd68289e,1760608106691257326,705.847,393.478,1,9,,-7.1275609480190765,14.092553984350207
648286a4-8d21-418c-8c47-cd2ace0c239f,c2ca9808-766d-490c-9422-9a90cd68289e,1760608106696257326,705.947,393.095,1,9,,-7.121493205172763,14.117209855359693
648286a4-8d21-418c-8c47-cd2ace0c239f,c2ca9808-766d-490c-9422-9a90cd68289e,1760608106701257326,701.055,389.835,1,9,,-7.447935178363456,14.322837546937148
648286a4-8d21-418c-8c47-cd2ace0c239f,c2ca9808-766d-490c-9422-9a90cd68289e,1760608106706257326,703.262,393.038,1,9,,-7.298310986859759,14.118841250020118
648286a4-8d21-418c-8c47-cd2ace0c239f,c2ca9808-766d-490c-9422-9a90cd68289e,1760608106711257326,704.954,391.805,1,9,,-7.188529541238548,14.199316654194984
648286a4-8d21-418c-8c47-cd2ace0c239f,c2ca9808-766d-490c-9422-9a90cd68289e,1760608106716257326,707.477,391.816,1,9,,-7.022333405981785,14.200454846755964
648286a4-8d21-418c-8c47-cd2ace0c239f,c2ca9808-766d-490c-9422-9a90cd68289e,1760608106721257326,706.693,395.317,1,9,,-7.069539269447715,13.975006065832412
648286a4-8d21-418c-8c47-cd2ace0c239f,c2ca9808-766d-490c-9422-9a90cd68289e,1760608106726264326,706.739,391.964,1,9,,-7.070742930746874,14.190441007209474
648286a4-8d21-418c-8c47-cd2ace0c239f,c2ca9808-766d-490c-9422-9a90cd68289e,1760608106731258326,706.76,391.23,1,9,,-7.070346896181203,14.237598682140977
648286a4-8d21-418c-8c47-cd2ace0c239f,c2ca9808-766d-490c-9422-9a90cd68289e,1760608106736382326,707.28,387.782,1,9,,-7.040526740835496,14.459363270922438
648286a4-8d21-418c-8c47-cd2ace0c239f,c2ca9808-766d-490c-9422-9a90cd68289e,1760608106741383326,708.074,388.816,1,9,,-6.98683828632081,14.39358120033311
648286a4-8d21-418c-8c47-cd2ace0c239f,c2ca9808-766d-490c-9422-9a90cd68289e,1760608106746383326,709.837,389.935,1,9,,-6.869261160760968,14.322964737113676
648286a4-8d21-418c-8c47-cd2ace0c239f,c2ca9808-766d-490c-9422-9a90cd68289e,1760608106751383326,710.119,391.801,1,9,,-6.848372297571876,14.203284534941629
648286a4-8d21-418c-8c47-cd2ace0c239f,c2ca9808-766d-490c-9422-9a90cd68289e,1760608106756383326,714.982,392.162,1,9,,-6.527650345440918,14.183491679208059
648286a4-8d21-418c-8c47-cd2ace0c239f,c2ca9808-766d-490c-9422-9a90cd68289e,1760608106761383326,714.958,393.684,1,9,,-6.52741184999617,14.085668947925454
648286a4-8d21-418c-8c47-cd2ace0c239f,c2ca9808-766d-490c-9422-9a90cd68289e,1760608106766383326,715.617,394.204,1,9,,-6.4834363265708586,14.052650750513566
648286a4-8d21-418c-8c47-cd2ace0c239f,c2ca9808-766d-490c-9422-9a90cd68289e,1760608106771386326,719.597,393.775,1,9,,-6.221830178991558,14.082808591973805
648286a4-8d21-418c-8c47-cd2ace0c239f,c2ca9808-766d-490c-9422-9a90cd68289e,1760608106776394326,717.769,395.661,1,9,,-6.340062336698789,13.960481204710998
648286a4-8d21-418c-8c47-cd2ace0c239f,c2ca9808-766d-490c-9422-9a90cd68289e,1760608106781383326,716.885,394.913,1,9,,-6.399152463069248,14.007935819077112
648286a4-8d21-418c-8c47-cd2ace0c239f,c2ca9808-766d-490c-9422-9a90cd68289e,1760608106786383326,716.999,394.916,1,9,,-6.391622861621714,14.007824116223933
648286a4-8d21-418c-8c47-cd2ace0c239f,c2ca9808-766d-490c-9422-9a90cd68289e,1760608106791383326,715.242,402.832,1,9,,-6.49825723343842,13.497939381095543
648286a4-8d21-418c-8c47-cd2ace0c239f,c2ca9808-766d-490c-9422-9a90cd68289e,1760608106796383326,716.352,407.207,1,9,,-6.42048625184101,13.217469654661912
648286a4-8d21-418c-8c47-cd2ace0c239f,c2ca9808-766d-490c-9422-9a90cd68289e,1760608106801384326,716.817,407.405,1,9,,-6.389731573019471,13.205014709834257
648286a4-8d21-418c-8c47-cd2ace0c239f,c2ca9808-766d-490c-9422-9a90cd68289e,1760608106806383326,719.97,401.143,1,9,,-6.189246090987189,13.609502549544986
648286a4-8d21-418c-8c47-cd2ace0c239f,c2ca9808-766d-490c-9422-9a90cd68289e,1760608106811383326,716.476,402.825,1,9,,-6.417137868124612,13.49919076895748
648286a4-8d21-418c-8c47-cd2ace0c239f,c2ca9808-766d-490c-9422-9a90cd68289e,1760608106816383326,716.676,406.6,1,9,,-6.3998914987791755,13.256678723333344
648286a4-8d21-418c-8c47-cd2ace0c239f,c2ca9808-766d-490c-9422-9a90cd68289e,1760608106821393326,716.74,404.987,1,9,,-6.3974083640436445,13.360376769428626
648286a4-8d21-418c-8c47-cd2ace0c239f,c2ca9808-766d-490c-9422-9a90cd68289e,1760608106826384326,718.782,405.262,1,9,,-6.262950260246333,13.343976455702094
648286a4-8d21-418c-8c47-cd2ace0c239f,c2ca9808-766d-490c-9422-9a90cd68289e,1760608106831384326,718.835,402.697,1,9,,-6.262162324595278,13.508895943472776
648286a4-8d21-418c-8c47-cd2ace0c239f,c2ca9808-766d-490c-9422-9a90cd68289e,1760608106836386326,720.391,402.899,1,9,,-6.15970168446267,13.496841547834554
648286a4-8d21-418c-8c47-cd2ace0c239f,c2ca9808-766d-490c-9422-9a90cd68289e,1760608106841384326,715.043,405.348,1,9,,-6.508521952800986,13.336154707732073
648286a4-8d21-418c-8c47-cd2ace0c239f,c2ca9808-766d-490c-9422-9a90cd68289e,1760608106846384326,712.806,402.275,1,9,,-6.659062783005387,13.532181865235241
648286a4-8d21-418c-8c47-cd2ace0c239f,c2ca9808-766d-490c-9422-9a90cd68289e,1760608106851384326,712.911,402.494,1,9,,-6.651906557599604,13.518210032992384
648286a4-8d21-418c-8c47-cd2ace0c239f,c2ca9808-766d-490c-9422-9a90cd68289e,1760608106856395326,714.454,402.278,1,9,,-6.5506640858909595,13.533095721434515
648286a4-8d21-418c-8c47-cd2ace0c239f,c2ca9808-766d-490c-9422-9a90cd68289e,1760608106861385326,714.572,408.93,1,,,-6.535579136176505,13.105554367679693
648286a4-8d21-418c-8c47-cd2ace0c239f,c2ca9808-766d-490c-9422-9a90cd68289e,1760608106866384326,710.607,408.295,1,,,-6.796703428770832,13.14384731104258
648286a4-8d21-418c-8c47-cd2ace0c239f,c2ca9808-766d-490c-9422-9a90cd68289e,1760608106871509326,710.656,411.217,1,,,-6.790157801584009,12.956073473563679
648286a4-8d21-418c-8c47-cd2ace0c239f,c2ca9808-766d-490c-9422-9a90cd68289e,1760608106876509326,709.789,437.02,1,,,-6.820138855355712,11.29638816596076
648286a4-8d21-418c-8c47-cd2ace0c239f,c2ca9808-766d-490c-9422-9a90cd68289e,1760608106881516326,723.457,500.241,1,,,-5.883240894283306,7.230522518465894
648286a4-8d21-418c-8c47-cd2ace0c239f,c2ca9808-766d-490c-9422-9a90cd68289e,1760608106886509326,710.764,540.824,1,,,-6.687663277368603,4.609751572989484
648286a4-8d21-418c-8c47-cd2ace0c239f,c2ca9808-766d-490c-9422-9a90cd68289e,1760608106891509326,714.9,620.312,1,,,-6.4071177472124905,-0.5190523717519182
648286a4-8d21-418c-8c47-cd2ace0c239f,c2ca9808-766d-490c-9422-9a90cd68289e,1760608106896509326,732.92,658.879,1,,,-5.246857447800376,-3.0103978734277144
648286a4-8d21-418c-8c47-cd2ace0c239f,c2ca9808-766d-490c-9422-9a90cd68289e,1760608106901509326,729.526,683.107,1,,,-5.472488104705775,-4.574033855313876
648286a4-8d21-418c-8c47-cd2ace0c239f,c2ca9808-766d-490c-9422-9a90cd68289e,1760608106906512326,737.422,701.527,1,,,-4.96695466791343,-5.764556032375716
648286a4-8d21-418c-8c47-cd2ace0c239f,c2ca9808-766d-490c-9422-9a90cd68289e,1760608106911509326,731.453,714.336,1,10,,-5.3590935717346255,-6.5895523361868635
648286a4-8d21-418c-8c47-cd2ace0c239f,c2ca9808-766d-490c-9422-9a90cd68289e,1760608106916513326,731.862,715.681,1,10,,-5.333125068945242,-6.676471115817297
648286a4-8d21-418c-8c47-cd2ace0c239f,c2ca9808-766d-490c-9422-9a90cd68289e,1760608106921509326,733.106,710.308,1,10,,-5.2501482964787805,-6.330125230352549
648286a4-8d21-418c-8c47-cd2ace0c239f,c2ca9808-766d-490c-9422-9a90cd68289e,1760608106926524326,733.33,707.928,1,10,,-5.23465763799844,-6.176652878306387
648286a4-8d21-418c-8c47-cd2ace0c239f,c2ca9808-766d-490c-9422-9a90cd68289e,1760608106931509326,733.143,702.388,1,10,,-5.24467820448462,-5.81911160883963
648286a4-8d21-418c-8c47-cd2ace0c239f,c2ca9808-766d-490c-9422-9a90cd68289e,1760608106936510326,731.705,700.354,1,10,,-5.337155589234492,-5.687543013011758
648286a4-8d21-418c-8c47-cd2ace0c239f,c2ca9808-766d-490c-9422-9a90cd68289e,1760608106941510326,736.82,700.195,1,10,,-5.0055252709454825,-5.678444918835704
648286a4-8d21-418c-8c47-cd2ace0c239f,c2ca9808-766d-490c-9422-9a90cd68289e,1760608106946510326,738.158,702.819,1,10,,-4.919694965550956,-5.848092507226342
648286a4-8d21-418c-8c47-cd2ace0c239f,c2ca9808-766d-490c-9422-9a90cd68289e,1760608106951510326,744.166,699.817,1,10,,-4.52914403124681,-5.655513483607548
648286a4-8d21-418c-8c47-cd2ace0c239f,c2ca9808-766d-490c-9422-9a90cd68289e,1760608106956518326,739.683,695.003,1,10,,-4.818231559736565,-5.343918304090882
648286a4-8d21-418c-8c47-cd2ace0c239f,c2ca9808-766d-490c-9422-9a90cd68289e,1760608106961510326,744.362,714.726,1,10,,-4.521503235844987,-6.61791360274548
648286a4-8d21-418c-8c47-cd2ace0c239f,c2ca9808-766d-490c-9422-9a90cd68289e,1760608106966510326,742.561,707.983,1,10,,-4.635919126433727,-6.182336836881781
648286a4-8d21-418c-8c47-cd2ace0c239f,c2ca9808-766d-490c-9422-9a90cd68289e,1760608106971510326,744.791,703.742,1,10,,-4.489867587437467,-5.909052024942501
648286a4-8d21-418c-8c47-cd2ace0c239f,c2ca9808-766d-490c-9422-9a90cd68289e,1760608106976510326,742.835,699.813,1,10,,-4.615458341703513,-5.654998401007473
648286a4-8d21-418c-8c47-cd2ace0c239f,c2ca9808-766d-490c-9422-9a90cd68289e,1760608106981513326,742.112,698.729,1,10,,-4.661968819694294,-5.584911620390689
648286a4-8d21-418c-8c47-cd2ace0c239f,c2ca9808-766d-490c-9422-9a90cd68289e,1760608106986510326,745.647,705.539,1,10,,-4.434930160864244,-6.025225471217413
648286a4-8d21-418c-8c47-cd2ace0c239f,c2ca9808-766d-490c-9422-9a90cd68289e,1760608106991510326,745.12,702.59,1,10,,-4.468163795590554,-5.834747575550336
648286a4-8d21-418c-8c47-cd2ace0c239f,c2ca9808-766d-490c-9422-9a90cd68289e,1760608106996510326,745.101,702.103,1,10,,-4.469223685357254,-5.80328924962582
648286a4-8d21-418c-8c47-cd2ace0c239f,c2ca9808-766d-490c-9422-9a90cd68289e,1760608107001510326,739.9,694.242,1,10,,-4.8038928354484245,-5.294771597050595
648286a4-8d21-418c-8c47-cd2ace0c239f,c2ca9808-766d-490c-9422-9a90cd68289e,1760608107006635326,740.798,694.062,1,10,,-4.74567127655884,-5.283385914524533
648286a4-8d21-418c-8c47-cd2ace0c239f,c2ca9808-766d-490c-9422-9a90cd68289e,1760608107011641326,743.7,691.875,1,10,,-4.556975505570369,-5.142705298070434
648286a4-8d21-418c-8c47-cd2ace0c239f,c2ca9808-766d-490c-9422-9a90cd68289e,1760608107016635326,741.803,698.098,1,10,,-4.681795928229439,-5.54411435297112
648286a4-8d21-418c-8c47-cd2ace0c239f,c2ca9808-766d-490c-9422-9a90cd68289e,1760608107021635326,741.961,699.211,1,10,,-4.671871488710136,-5.615989056484589
648286a4-8d21-418c-8c47-cd2ace0c239f,c2ca9808-766d-490c-9422-9a90cd68289e,1760608107026636326,738.922,699.259,1,10,,-4.868941872323622,-5.618487836624125
648286a4-8d21-418c-8c47-cd2ace0c239f,c2ca9808-766d-490c-9422-9a90cd68289e,1760608107031635326,743.622,702.659,1,10,,-4.565331569683608,-5.838867427405601
648286a4-8d21-418c-8c47-cd2ace0c239f,c2ca9808-766d-490c-9422-9a90cd68289e,1760608107036636326,742.553,700.768,1,10,,-4.634034853147282,-5.71660866817034
648286a4-8d21-418c-8c47-cd2ace0c239f,c2ca9808-766d-490c-9422-9a90cd68289e,1760608107041636326,741.927,694.168,1,10,,-4.67254573529992,-5.290398976390999
648286a4-8d21-418c-8c47-cd2ace0c239f,c2ca9808-766d-490c-9422-9a90cd68289e,1760608107046636326,742.854,691.118,1,10,,-4.611540274587515,-5.093653720838387
648286a4-8d21-418c-8c47-cd2ace0c239f,c2ca9808-766d-490c-9422-9a90cd68289e,1760608107051641326,745.462,689.647,1,10,,-4.442156078554451,-4.999111722196749
648286a4-8d21-418c-8c47-cd2ace0c239f,c2ca9808-766d-490c-9422-9a90cd68289e,1760608107056636326,746.309,690.346,1,10,,-4.387475943029613,-5.0443812419172
648286a4-8d21-418c-8c47-cd2ace0c239f,c2ca9808-766d-490c-9422-9a90cd68289e,1760608107061636326,748.519,692.674,1,10,,-4.244933856962616,-5.195072810868167
648286a4-8d21-418c-8c47-cd2ace0c239f,c2ca9808-766d-490c-9422-9a90cd68289e,1760608107066636326,749.055,695.246,1,10,,-4.210893806937345,-5.361295250671006
648286a4-8d21-418c-8c47-cd2ace0c239f,c2ca9808-766d-490c-9422-9a90cd68289e,1760608107071636326,750.294,695.179,1,10,,-4.130592266688006,-5.3571517419982975
648286a4-8d21-418c-8c47-cd2ace0c239f,c2ca9808-766d-490c-9422-9a90cd68289e,1760608107076636326,746.983,693.672,1,10,,-4.344729942897846,-5.259316846488277
648286a4-8d21-418c-8c47-cd2ace0c239f,c2ca9808-766d-490c-9422-9a90cd68289e,1760608107081636326,745.521,692.846,1,10,,-4.439224823110099,-5.205690103502234
648286a4-8d21-418c-8c47-cd2ace0c239f,c2ca9808-766d-490c-9422-9a90cd68289e,1760608107086636326,746.896,693.832,1,10,,-4.350438999792452,-5.269627735596821
648286a4-8d21-418c-8c47-cd2ace0c239f,c2ca9808-766d-490c-9422-9a90cd68289e,1760608107091636326,749.593,696.093,1,10,,-4.176270744314135,-5.41606414217081
648286a4-8d21-418c-8c47-cd2ace0c239f,c2ca9808-766d-490c-9422-9a90cd68289e,1760608107096636326,750.585,696.888,1,10,,-4.112167869546137,-5.4675836935705835
648286a4-8d21-418c-8c47-cd2ace0c239f,c2ca9808-766d-490c-9422-9a90cd68289e,1760608107101636326,751.313,695.352,1,10,,-4.06454902917725,-5.3685258806336
648286a4-8d21-418c-8c47-cd2ace0c239f,c2ca9808-766d-490c-9422-9a90cd68289e,1760608107106636326,750.534,694.988,1,10,,-4.114942370613865,-5.344894205602224
648286a4-8d21-418c-8c47-cd2ace0c239f,c2ca9808-766d-490c-9422-9a90cd68289e,1760608107111637326,749.063,695.338,1,,,-4.210361376730832,-5.367236210330192
648286a4-8d21-418c-8c47-cd2ace0c239f,c2ca9808-766d-490c-9422-9a90cd68289e,1760608107116637326,748.996,698.228,1,,,-4.215523031837517,-5.553831314942182
648286a4-8d21-418c-8c47-cd2ace0c239f,c2ca9808-766d-490c-9422-9a90cd68289e,1760608107121639326,749.627,699.643,1,,,-4.1750469794159235,-5.6453112293439975
648286a4-8d21-418c-8c47-cd2ace0c239f,c2ca9808-766d-490c-9422-9a90cd68289e,1760608107126637326,748.927,715.218,1,,,-4.22537698745525,-6.650647746403751
648286a4-8d21-418c-8c47-cd2ace0c239f,c2ca9808-766d-490c-9422-9a90cd68289e,1760608107131636326,746.956,720.872,1,,,-4.355412442649102,-7.015127353337987
648286a4-8d21-418c-8c47-cd2ace0c239f,c2ca9808-766d-490c-9422-9a90cd68289e,1760608107136637326,747.332,724.49,1,11,,-4.33234212556243,-7.248676454437208
648286a4-8d21-418c-8c47-cd2ace0c239f,c2ca9808-766d-490c-9422-9a90cd68289e,1760608107141766326,745.432,720.524,1,11,,-4.454216073873338,-6.992313887286689
648286a4-8d21-418c-8c47-cd2ace0c239f,c2ca9808-766d-490c-9422-9a90cd68289e,1760608107146762326,747.848,720.594,1,11,,-4.2973445437492375,-6.99736101354468
648286a4-8d21-418c-8c47-cd2ace0c239f,c2ca9808-766d-490c-9422-9a90cd68289e,1760608107151762326,749.643,725.74,1,11,,-4.182692687376138,-7.329856217927897
648286a4-8d21-418c-8c47-cd2ace0c239f,c2ca9808-766d-490c-9422-9a90cd68289e,1760608107156762326,748.467,723.55,1,11,,-4.258298817992562,-7.188262585446261
648286a4-8d21-418c-8c47-cd2ace0c239f,c2ca9808-766d-490c-9422-9a90cd68289e,1760608107161762326,754.309,717.267,1,11,,-3.8767142887544015,-6.784020808715647
648286a4-8d21-418c-8c47-cd2ace0c239f,c2ca9808-766d-490c-9422-9a90cd68289e,1760608107166762326,750.571,715.374,1,11,,-4.118745439930085,-6.661070045093204
648286a4-8d21-418c-8c47-cd2ace0c239f,c2ca9808-766d-490c-9422-9a90cd68289e,1760608107171762326,749.571,717.443,1,11,,-4.1843389196526,-6.794368682552052
648286a4-8d21-418c-8c47-cd2ace0c239f,c2ca9808-766d-490c-9422-9a90cd68289e,1760608107176762326,745.962,713.575,1,11,,-4.4172464557873585,-6.543950196489995
648286a4-8d21-418c-8c47-cd2ace0c239f,c2ca9808-766d-490c-9422-9a90cd68289e,1760608107181762326,753.41,716.62,1,11,,-3.934838047919031,-6.742080733398996
648286a4-8d21-418c-8c47-cd2ace0c239f,c2ca9808-766d-490c-9422-9a90cd68289e,1760608107186762326,753.151,714.726,1,11,,-3.951042101955804,-6.619736473649724
648286a4-8d21-418c-8c47-cd2ace0c239f,c2ca9808-766d-490c-9422-9a90cd68289e,1760608107191762326,751.698,714.895,1,11,,-4.04539270437092,-6.6303751408883835
648286a4-8d21-418c-8c47-cd2ace0c239f,c2ca9808-766d-490c-9422-9a90cd68289e,1760608107196762326,746.959,716.627,1,11,,-4.353659139650115,-6.741183643810763
648286a4-8d21-418c-8c47-cd2ace0c239f,c2ca9808-766d-490c-9422-9a90cd68289e,1760608107201762326,747.374,718.753,1,11,,-4.327467701411294,-6.878449114793054
648286a4-8d21-418c-8c47-cd2ace0c239f,c2ca9808-766d-490c-9422-9a90cd68289e,1760608107206762326,745.358,717.124,1,11,,-4.457737422910098,-6.7728629056000775
648286a4-8d21-418c-8c47-cd2ace0c239f,c2ca9808-766d-490c-9422-9a90cd68289e,1760608107211770326,745.208,718.487,1,11,,-4.467974559545195,-6.860802156281652
648286a4-8d21-418c-8c47-cd2ace0c239f,c2ca9808-766d-490c-9422-9a90cd68289e,1760608107216763326,748.579,718.534,1,11,,-4.2491644536660935,-6.8645693088996245
648286a4-8d21-418c-8c47-cd2ace0c239f,c2ca9808-766d-490c-9422-9a90cd68289e,1760608107221764326,747.27,708.984,1,11,,-4.330784387995159,-6.247887751809449
648286a4-8d21-418c-8c47-cd2ace0c239f,c2ca9808-766d-490c-9422-9a90cd68289e,1760608107226763326,745.911,711.034,1,11,,-4.419683091620939,-6.3799532347118975
648286a4-8d21-418c-8c47-cd2ace0c239f,c2ca9808-766d-490c-9422-9a90cd68289e,1760608107231763326,747.508,712.175,1,11,,-4.3164469591330485,-6.4539311399721555
648286a4-8d21-418c-8c47-cd2ace0c239f,c2ca9808-766d-490c-9422-9a90cd68289e,1760608107236763326,748.861,713.151,1,11,,-4.228979866386378,-6.517238386683819
648286a4-8d21-418c-8c47-cd2ace0c239f,c2ca9808-766d-490c-9422-9a90cd68289e,1760608107241763326,748.97,712.818,1,,,-4.22179700200572,-6.495773679366792
648286a4-8d21-418c-8c47-cd2ace0c239f,c2ca9808-766d-490c-9422-9a90cd68289e,1760608107246763326,748.194,713.547,1,,,-4.272377354091113,-6.542636839519688
648286a4-8d21-418c-8c47-cd2ace0c239f,c2ca9808-766d-490c-9422-9a90cd68289e,1760608107251763326,749.516,713.696,1,,,-4.186669194828608,-6.552523400888462
648286a4-8d21-418c-8c47-cd2ace0c239f,c2ca9808-766d-490c-9422-9a90cd68289e,1760608107256766326,759.64,719.514,1,,,-3.5312431378009292,-6.930035306050732
648286a4-8d21-418c-8c47-cd2ace0c239f,c2ca9808-766d-490c-9422-9a90cd68289e,1760608107261763326,783.26,728.359,1,,,-1.9989767865458925,-7.504563916721435
648286a4-8d21-418c-8c47-cd2ace0c239f,c2ca9808-766d-490c-9422-9a90cd68289e,1760608107266763326,814.053,736.801,1,,,0.002432711901987658,-8.051210029809084
648286a4-8d21-418c-8c47-cd2ace0c239f,c2ca9808-766d-490c-9422-9a90cd68289e,1760608107271763326,851.848,706.246,1,,,2.454471480858248,-6.074948235399482
648286a4-8d21-418c-8c47-cd2ace0c239f,c2ca9808-766d-490c-9422-9a90cd68289e,1760608107276888326,864.18,712.581,1,,,3.2557038150820152,-6.482188925327073
648286a4-8d21-418c-8c47-cd2ace0c239f,c2ca9808-766d-490c-9422-9a90cd68289e,1760608107281888326,860.623,708.231,1,,,3.0239643641472553,-6.20193032812118
648286a4-8d21-418c-8c47-cd2ace0c239f,c2ca9808-766d-490c-9422-9a90cd68289e,1760608107286888326,871.923,696.995,1,12,,3.75393066208696,-5.474495837228442
648286a4-8d21-418c-8c47-cd2ace0c239f,c2ca9808-766d-490c-9422-9a90cd68289e,1760608107291888326,871.186,686.046,1,12,,3.703825911131702,-4.767496482207489
648286a4-8d21-418c-8c47-cd2ace0c239f,c2ca9808-766d-490c-9422-9a90cd68289e,1760608107296888326,871.294,688.41,1,12,,3.71130515254783,-4.920156685756296
648286a4-8d21-418c-8c47-cd2ace0c239f,c2ca9808-766d-490c-9422-9a90cd68289e,1760608107301888326,877.585,699.814,1,12,,4.121519895147446,-5.655450488236952
648286a4-8d21-418c-8c47-cd2ace0c239f,c2ca9808-766d-490c-9422-9a90cd68289e,1760608107306888326,874.012,702.719,1,12,,3.8907789941697137,-5.843679585261002
648286a4-8d21-418c-8c47-cd2ace0c239f,c2ca9808-766d-490c-9422-9a90cd68289e,1760608107311891326,870.136,704.289,1,12,,3.6398884406967964,-5.945766339034191
648286a4-8d21-418c-8c47-cd2ace0c239f,c2ca9808-766d-490c-9422-9a90cd68289e,1760608107316888326,870.498,701.881,1,12,,3.662768608096323,-5.790190695601109
648286a4-8d21-418c-8c47-cd2ace0c239f,c2ca9808-766d-490c-9422-9a90cd68289e,1760608107321889326,863.985,699.87,1,12,,3.2401879939149576,-5.66139579225533
648286a4-8d21-418c-8c47-cd2ace0c239f,c2ca9808-766d-490c-9422-9a90cd68289e,1760608107326889326,866.215,700.587,1,12,,3.3848582416453685,-5.707360997688995
648286a4-8d21-418c-8c47-cd2ace0c239f,c2ca9808-766d-490c-9422-9a90cd68289e,1760608107331889326,867.521,707.227,1,12,,3.471085620514975,-6.135941172290869
648286a4-8d21-418c-8c47-cd2ace0c239f,c2ca9808-766d-490c-9422-9a90cd68289e,1760608107336889326,869.741,703.168,1,12,,3.6140439670464537,-5.873439762615935
648286a4-8d21-418c-8c47-cd2ace0c239f,c2ca9808-766d-490c-9422-9a90cd68289e,1760608107341889326,870.208,700.945,1,12,,3.643734903823551,-5.729815550736636
648286a4-8d21-418c-8c47-cd2ace0c239f,c2ca9808-766d-490c-9422-9a90cd68289e,1760608107346892326,870.48,700.699,1,12,,3.661346922175068,-5.713877800319871
648286a4-8d21-418c-8c47-cd2ace0c239f,c2ca9808-766d-490c-9422-9a90cd68289e,1760608107351889326,867.231,700.338,1,12,,3.4506746158086874,-5.6911588303428955
648286a4-8d21-418c-8c47-cd2ace0c239f,c2ca9808-766d-490c-9422-9a90cd68289e,1760608107356889326,866.731,702.262,1,12,,3.418717087980612,-5.815457736995213
648286a4-8d21-418c-8c47-cd2ace0c239f,c2ca9808-766d-490c-9422-9a90cd68289e,1760608107361898326,869.172,701.475,1,12,,3.576720054621995,-5.764241831067577
648286a4-8d21-418c-8c47-cd2ace0c239f,c2ca9808-766d-490c-9422-9a90cd68289e,1760608107366889326,871.813,697.72,1,12,,3.7470153556660355,-5.52133312385588
648286a4-8d21-418c-8c47-cd2ace0c239f,c2ca9808-766d-490c-9422-9a90cd68289e,1760608107371890326,870.038,697.036,1,12,,3.63184294689746,-5.47745838967571
648286a4-8d21-418c-8c47-cd2ace0c239f,c2ca9808-766d-490c-9422-9a90cd68289e,1760608107376889326,870.346,698.169,1,12,,3.652017846677053,-5.55054179162118
648286a4-8d21-418c-8c47-cd2ace0c239f,c2ca9808-766d-490c-9422-9a90cd68289e,1760608107381889326,874.089,698.308,1,12,,3.8946266391757915,-5.558850723492597
648286a4-8d21-418c-8c47-cd2ace0c239f,c2ca9808-766d-490c-9422-9a90cd68289e,1760608107386889326,869.565,702.32,1,12,,3.6024356895913168,-5.818744167701007
648286a4-8d21-418c-8c47-cd2ace0c239f,c2ca9808-766d-490c-9422-9a90cd68289e,1760608107391889326,868.446,694.297,1,12,,3.528091896018326,-5.300798505232716
648286a4-8d21-418c-8c47-cd2ace0c239f,c2ca9808-766d-490c-9422-9a90cd68289e,1760608107396889326,868.475,694.863,1,12,,3.530080030131858,-5.33731981350801
648286a4-8d21-418c-8c47-cd2ace0c239f,c2ca9808-766d-490c-9422-9a90cd68289e,1760608107401889326,867.877,696.758,1,12,,3.49173221189437,-5.459859167144224
648286a4-8d21-418c-8c47-cd2ace0c239f,c2ca9808-766d-490c-9422-9a90cd68289e,1760608107406889326,869.945,695.467,1,12,,3.6254172481517473,-5.376099258006255
648286a4-8d21-418c-8c47-cd2ace0c239f,c2ca9808-766d-490c-9422-9a90cd68289e,1760608107411890326,868.817,693.888,1,12,,3.55200635109801,-5.274329930998426
648286a4-8d21-418c-8c47-cd2ace0c239f,c2ca9808-766d-490c-9422-9a90cd68289e,1760608107417015326,869.862,694.599,1,12,,3.61988179664641,-5.320053180099157
648286a4-8d21-418c-8c47-cd2ace0c239f,c2ca9808-766d-490c-9422-9a90cd68289e,1760608107422015326,870.448,686.989,1,12,,3.656197949537236,-4.828511894010418
648286a4-8d21-418c-8c47-cd2ace0c239f,c2ca9808-766d-490c-9422-9a90cd68289e,1760608107427015326,869.701,688.998,1,12,,3.6082541094631364,-4.95833742241341
648286a4-8d21-418c-8c47-cd2ace0c239f,c2ca9808-766d-490c-9422-9a90cd68289e,1760608107432015326,870.556,690.281,1,12,,3.663900341686623,-5.041076410728865
648286a4-8d21-418c-8c47-cd2ace0c239f,c2ca9808-766d-490c-9422-9a90cd68289e,1760608107437015326,867.895,689.926,1,12,,3.4914576785038722,-5.01855971282114
648286a4-8d21-418c-8c47-cd2ace0c239f,c2ca9808-766d-490c-9422-9a90cd68289e,1760608107442017326,869.904,688.28,1,12,,3.6212309070899913,-4.911930858606535
648286a4-8d21-418c-8c47-cd2ace0c239f,c2ca9808-766d-490c-9422-9a90cd68289e,1760608107447023326,872.387,690.81,1,12,,3.7825870595644426,-5.075003741891823
648286a4-8d21-418c-8c47-cd2ace0c239f,c2ca9808-766d-490c-9422-9a90cd68289e,1760608107452015326,871.4,690.47,1,12,,3.7185738472040875,-5.053147046253259
648286a4-8d21-418c-8c47-cd2ace0c239f,c2ca9808-766d-490c-9422-9a90cd68289e,1760608107457015326,870.675,693.541,1,12,,3.6723049257353386,-5.251641213803722
648286a4-8d21-418c-8c47-cd2ace0c239f,c2ca9808-766d-490c-9422-9a90cd68289e,1760608107462019326,868.243,693.997,1,12,,3.5148243385542592,-5.281423533109925
648286a4-8d21-418c-8c47-cd2ace0c239f,c2ca9808-766d-490c-9422-9a90cd68289e,1760608107467015326,872.408,695.183,1,12,,3.7849472389360663,-5.357359783950904
648286a4-8d21-418c-8c47-cd2ace0c239f,c2ca9808-766d-490c-9422-9a90cd68289e,1760608107472015326,872.496,694.016,1,12,,3.790390520907934,-5.2820042321430885
648286a4-8d21-418c-8c47-cd2ace0c239f,c2ca9808-766d-490c-9422-9a90cd68289e,1760608107477015326,870.788,695.208,1,12,,3.6799815325723566,-5.359254372220365
648286a4-8d21-418c-8c47-cd2ace0c239f,c2ca9808-766d-490c-9422-9a90cd68289e,1760608107482015326,867.685,690.49,1,12,,3.4779477156922174,-5.054997821566349
648286a4-8d21-418c-8c47-cd2ace0c239f,c2ca9808-766d-490c-9422-9a90cd68289e,1760608107487015326,868.002,692.902,1,12,,3.4990258949436095,-5.210751384762169
648286a4-8d21-418c-8c47-cd2ace0c239f,c2ca9808-766d-490c-9422-9a90cd68289e,1760608107492019326,870.634,697.745,1,12,,3.670630738741315,-5.523136000472639
648286a4-8d21-418c-8c47-cd2ace0c239f,c2ca9808-766d-490c-9422-9a90cd68289e,1760608107497015326,872.93,694.839,1,12,,3.818655211037453,-5.335059044522451
648286a4-8d21-418c-8c47-cd2ace0c239f,c2ca9808-766d-490c-9422-9a90cd68289e,1760608107502015326,874.126,695.861,1,12,,3.896433384252395,-5.400867362126214
648286a4-8d21-418c-8c47-cd2ace0c239f,c2ca9808-766d-490c-9422-9a90cd68289e,1760608107507015326,872.441,698.37,1,12,,3.7878331602139537,-5.563175527439546
648286a4-8d21-418c-8c47-cd2ace0c239f,c2ca9808-766d-490c-9422-9a90cd68289e,1760608107512016326,874.494,700.84,1,12,,3.9215251760252263,-5.7223096337383526
648286a4-8d21-418c-8c47-cd2ace0c239f,c2ca9808-766d-490c-9422-9a90cd68289e,1760608107517018326,873.977,702.634,1,12,,3.8884584924310928,-5.83821657550721
648286a4-8d21-418c-8c47-cd2ace0c239f,c2ca9808-766d-490c-9422-9a90cd68289e,1760608107522016326,876.65,699.986,1,12,,4.061016858090383,-5.66677130582842
648286a4-8d21-418c-8c47-cd2ace0c239f,c2ca9808-766d-490c-9422-9a90cd68289e,1760608107527016326,874.8,704.163,1,12,,3.9421998201392574,-5.93673886698627
648286a4-8d21-418c-8c47-cd2ace0c239f,c2ca9808-766d-490c-9422-9a90cd68289e,1760608107532016326,874.966,700.398,1,12,,3.9519589489589615,-5.693656724302355
648286a4-8d21-418c-8c47-cd2ace0c239f,c2ca9808-766d-490c-9422-9a90cd68289e,1760608107537016326,875.271,702.117,1,12,,3.9721885467203095,-5.804578170496057
648286a4-8d21-418c-8c47-cd2ace0c239f,c2ca9808-766d-490c-9422-9a90cd68289e,1760608107542016326,871.775,700.99,1,12,,3.745316797877292,-5.732435340513069
648286a4-8d21-418c-8c47-cd2ace0c239f,c2ca9808-766d-490c-9422-9a90cd68289e,1760608107547016326,871.887,700.365,1,12,,3.7524493360667432,-5.692118361189966
648286a4-8d21-418c-8c47-cd2ace0c239f,c2ca9808-766d-490c-9422-9a90cd68289e,1760608107552141326,873.495,700.337,1,12,,3.856624137238376,-5.6899725474156915
648286a4-8d21-418c-8c47-cd2ace0c239f,c2ca9808-766d-490c-9422-9a90cd68289e,1760608107557150326,873.607,701.456,1,12,,3.864195929120744,-5.7622459761521485
648286a4-8d21-418c-8c47-cd2ace0c239f,c2ca9808-766d-490c-9422-9a90cd68289e,1760608107562141326,872.695,700.537,1,12,,3.8048367531085487,-5.703065401762664
648286a4-8d21-418c-8c47-cd2ace0c239f,c2ca9808-766d-490c-9422-9a90cd68289e,1760608107567141326,880.962,694.293,1,,,4.338841260014092,-5.298372066952637
648286a4-8d21-418c-8c47-cd2ace0c239f,c2ca9808-766d-490c-9422-9a90cd68289e,1760608107572149326,875.213,696.31,1,,,3.9669498318401386,-5.4296834682876955
648286a4-8d21-418c-8c47-cd2ace0c239f,c2ca9808-766d-490c-9422-9a90cd68289e,1760608107577141326,870.912,701.885,1,,,3.689616109713585,-5.790397905838042
648286a4-8d21-418c-8c47-cd2ace0c239f,c2ca9808-766d-490c-9422-9a90cd68289e,1760608107582157326,847.989,697.998,1,,,2.2029995639049194,-5.54250221197175
648286a4-8d21-418c-8c47-cd2ace0c239f,c2ca9808-766d-490c-9422-9a90cd68289e,1760608107587142326,807.668,702.602,1,,,-0.4113772523364423,-5.8419535723905005
648286a4-8d21-418c-8c47-cd2ace0c239f,c2ca9808-766d-490c-9422-9a90cd68289e,1760608107592146326,787.074,701.798,1,,,-1.7471191820394802,-5.789161772706752
648286a4-8d21-418c-8c47-cd2ace0c239f,c2ca9808-766d-490c-9422-9a90cd68289e,1760608107597141326,788.783,685.661,1,,,-1.6345143078293864,-4.746333010243753
648286a4-8d21-418c-8c47-cd2ace0c239f,c2ca9808-766d-490c-9422-9a90cd68289e,1760608107602141326,786.975,693.109,1,13,,-1.7524590351067806,-5.227627551190303
648286a4-8d21-418c-8c47-cd2ace0c239f,c2ca9808-766d-490c-9422-9a90cd68289e,1760608107607142326,782.594,693.238,1,13,,-2.036471315011591,-5.235653387704582
648286a4-8d21-418c-8c47-cd2ace0c239f,c2ca9808-766d-490c-9422-9a90cd68289e,1760608107612141326,785.685,696.899,1,13,,-1.8365584436382862,-5.472491192883065
648286a4-8d21-418c-8c47-cd2ace0c239f,c2ca9808-766d-490c-9422-9a90cd68289e,1760608107617142326,787.083,699.506,1,13,,-1.7462267512541594,-5.641061208928896
648286a4-8d21-418c-8c47-cd2ace0c239f,c2ca9808-766d-490c-9422-9a90cd68289e,1760608107622142326,789.297,699.393,1,13,,-1.6026125947693102,-5.633895487646168
648286a4-8d21-418c-8c47-cd2ace0c239f,c2ca9808-766d-490c-9422-9a90cd68289e,1760608107627142326,790.875,699.101,1,13,,-1.5002914071280355,-5.615137250973857
648286a4-8d21-418c-8c47-cd2ace0c239f,c2ca9808-766d-490c-9422-9a90cd68289e,1760608107632142326,787.136,704.718,1,13,,-1.7434937966543587,-5.977832792191733
648286a4-8d21-418c-8c47-cd2ace0c239f,c2ca9808-766d-490c-9422-9a90cd68289e,1760608107637152326,784.809,701.779,1,13,,-1.8940409617973868,-5.787805432649079
648286a4-8d21-418c-8c47-cd2ace0c239f,c2ca9808-766d-490c-9422-9a90cd68289e,1760608107642142326,786.485,698.163,1,13,,-1.7848421007772513,-5.554234544390746
648286a4-8d21-418c-8c47-cd2ace0c239f,c2ca9808-766d-490c-9422-9a90cd68289e,1760608107647142326,786.514,696.091,1,13,,-1.7826853191723744,-5.420337372577672
648286a4-8d21-418c-8c47-cd2ace0c239f,c2ca9808-766d-490c-9422-9a90cd68289e,1760608107652142326,787.75,699.494,1,13,,-1.7029510593007275,-5.640346051747485
648286a4-8d21-418c-8c47-cd2ace0c239f,c2ca9808-766d-490c-9422-9a90cd68289e,1760608107657142326,787.403,699.384,1,13,,-1.7254552661650744,-5.633210892193705
648286a4-8d21-418c-8c47-cd2ace0c239f,c2ca9808-766d-490c-9422-9a90cd68289e,1760608107662146326,787.752,699.316,1,13,,-1.702858080155295,-5.628864268119047
648286a4-8d21-418c-8c47-cd2ace0c239f,c2ca9808-766d-490c-9422-9a90cd68289e,1760608107667149326,785.092,699.456,1,13,,-1.8753138642130422,-5.637718614339495
648286a4-8d21-418c-8c47-cd2ace0c239f,c2ca9808-766d-490c-9422-9a90cd68289e,1760608107672142326,784.352,700.095,1,13,,-1.9234052695705692,-5.678905067431702
648286a4-8d21-418c-8c47-cd2ace0c239f,c2ca9808-766d-490c-9422-9a90cd68289e,1760608107677142326,785.111,699.084,1,13,,-1.874068901901751,-5.6136376125068175
648286a4-8d21-418c-8c47-cd2ace0c239f,c2ca9808-766d-490c-9422-9a90cd68289e,1760608107682142326,786.281,704.06,1,13,,-1.7988617506106148,-5.935302943365353
648286a4-8d21-418c-8c47-cd2ace0c239f,c2ca9808-766d-490c-9422-9a90cd68289e,1760608107687275326,786.421,702.96,1,13,,-1.7896472627682491,-5.8641829719972565
648286a4-8d21-418c-8c47-cd2ace0c239f,c2ca9808-766d-490c-9422-9a90cd68289e,1760608107692268326,786.918,703.015,1,13,,-1.7574119289862806,-5.867772875752587
648286a4-8d21-418c-8c47-cd2ace0c239f,c2ca9808-766d-490c-9422-9a90cd68289e,1760608107697272326,784.669,700.856,1,13,,-1.902970374161035,-5.728099228391881
648286a4-8d21-418c-8c47-cd2ace0c239f,c2ca9808-766d-490c-9422-9a90cd68289e,1760608107702268326,788.899,703.331,1,13,,-1.628926944684805,-5.888352696262057
648286a4-8d21-418c-8c47-cd2ace0c239f,c2ca9808-766d-490c-9422-9a90cd68289e,1760608107707267326,788.879,701.572,1,13,,-1.6300159055031886,-5.774668634254505
648286a4-8d21-418c-8c47-cd2ace0c239f,c2ca9808-766d-490c-9422-9a90cd68289e,1760608107712268326,786.406,709.448,1,13,,-1.7914983559769648,-6.283383850739254
648286a4-8d21-418c-8c47-cd2ace0c239f,c2ca9808-766d-490c-9422-9a90cd68289e,1760608107717268326,787.163,709.061,1,13,,-1.7423014318352654,-6.258489565927555
648286a4-8d21-418c-8c47-cd2ace0c239f,c2ca9808-766d-490c-9422-9a90cd68289e,1760608107722268326,787.776,706.031,1,13,,-1.7021415433206974,-6.062732224060249
648286a4-8d21-418c-8c47-cd2ace0c239f,c2ca9808-766d-490c-9422-9a90cd68289e,1760608107727273326,788.639,709.443,1,13,,-1.64657144071416,-6.283225913088938
648286a4-8d21-418c-8c47-cd2ace0c239f,c2ca9808-766d-490c-9422-9a90cd68289e,1760608107732274326,794.976,707.483,1,13,,-1.2351332998713629,-6.157037805602606
648286a4-8d21-418c-8c47-cd2ace0c239f,c2ca9808-766d-490c-9422-9a90cd68289e,1760608107737268326,789.97,706.626,1,13,,-1.559822478325133,-6.101347018404837
648286a4-8d21-418c-8c47-cd2ace0c239f,c2ca9808-766d-490c-9422-9a90cd68289e,1760608107742268326,789.684,707.654,1,13,,-1.578534999943042,-6.167774134896701
648286a4-8d21-418c-8c47-cd2ace0c239f,c2ca9808-766d-490c-9422-9a90cd68289e,1760608107747268326,788.628,709.053,1,13,,-1.6472131614577763,-6.258054051920018
648286a4-8d21-418c-8c47-cd2ace0c239f,c2ca9808-766d-490c-9422-9a90cd68289e,1760608107752268326,793.197,705.577,1,13,,-1.3503906764598423,-6.033740731077616
648286a4-8d21-418c-8c47-cd2ace0c239f,c2ca9808-766d-490c-9422-9a90cd68289e,1760608107757268326,791.383,704.801,1,13,,-1.4679768497198227,-5.983512454243935
648286a4-8d21-418c-8c47-cd2ace0c239f,c2ca9808-766d-490c-9422-9a90cd68289e,1760608107762273326,791.207,697.637,1,13,,-1.4785730689055754,-5.520532605143674
648286a4-8d21-418c-8c47-cd2ace0c239f,c2ca9808-766d-490c-9422-9a90cd68289e,1760608107767279326,789.278,699.329,1,13,,-1.6038955585316572,-5.629744907335025
648286a4-8d21-418c-8c47-cd2ace0c239f,c2ca9808-766d-490c-9422-9a90cd68289e,1760608107772268326,789.312,697.818,1,13,,-1.6014945989373321,-5.532115666260449
648286a4-8d21-418c-8c47-cd2ace0c239f,c2ca9808-766d-490c-9422-9a90cd68289e,1760608107777268326,790.39,697.523,1,13,,-1.5315379158483693,-5.513097339580287
648286a4-8d21-418c-8c47-cd2ace0c239f,c2ca9808-766d-490c-9422-9a90cd68289e,1760608107782275326,790.336,699.481,1,13,,-1.5352591964069358,-5.639647077219068
648286a4-8d21-418c-8c47-cd2ace0c239f,c2ca9808-766d-490c-9422-9a90cd68289e,1760608107787279326,789.863,699.833,1,13,,-1.5659865108257804,-5.662353467290918
648286a4-8d21-418c-8c47-cd2ace0c239f,c2ca9808-766d-490c-9422-9a90cd68289e,1760608107792269326,783.911,701.639,1,13,,-1.9522059432923904,-5.778643903723939
648286a4-8d21-418c-8c47-cd2ace0c239f,c2ca9808-766d-490c-9422-9a90cd68289e,1760608107797273326,783.804,702.708,1,13,,-1.9593031986289577,-5.847738596772404
648286a4-8d21-418c-8c47-cd2ace0c239f,c2ca9808-766d-490c-9422-9a90cd68289e,1760608107802269326,784.259,704.593,1,,,-1.9300686890294592,-5.969564328824588
648286a4-8d21-418c-8c47-cd2ace0c239f,c2ca9808-766d-490c-9422-9a90cd68289e,1760608107807268326,784.649,706.188,1,,,-1.9050506425611295,-6.072645013556114
648286a4-8d21-418c-8c47-cd2ace0c239f,c2ca9808-766d-490c-9422-9a90cd68289e,1760608107812275326,786.327,703.642,1,,,-1.7958319166508905,-5.908291407621274
648286a4-8d21-418c-8c47-cd2ace0c239f,c2ca9808-766d-490c-9422-9a90cd68289e,1760608107817269326,779.513,664.025,1,,,-2.2327102930962353,-3.347083644205817
648286a4-8d21-418c-8c47-cd2ace0c239f,c2ca9808-766d-490c-9422-9a90cd68289e,1760608107822394326,773.172,626.989,1,,,-2.6405504849816905,-0.9519649748131883
648286a4-8d21-418c-8c47-cd2ace0c239f,c2ca9808-766d-490c-9422-9a90cd68289e,1760608107827394326,748.201,585.527,1,,,-4.255991473223118,1.728408428126155
648286a4-8d21-418c-8c47-cd2ace0c239f,c2ca9808-766d-490c-9422-9a90cd68289e,1760608107832394326,742.974,563.122,1,,,-4.59706366414256,3.1756560823614093
648286a4-8d21-418c-8c47-cd2ace0c239f,c2ca9808-766d-490c-9422-9a90cd68289e,1760608107837394326,731.817,512.395,1,,,-5.3348242080099455,6.4489097646146245
648286a4-8d21-418c-8c47-cd2ace0c239f,c2ca9808-766d-490c-9422-9a90cd68289e,1760608107842394326,742.023,473.547,1,,,-4.690034135635831,8.957726539580738
648286a4-8d21-418c-8c47-cd2ace0c239f,c2ca9808-766d-490c-9422-9a90cd68289e,1760608107847394326,736.008,448.817,1,,,-5.097031536541042,10.549538000576339
648286a4-8d21-418c-8c47-cd2ace0c239f,c2ca9808-766d-490c-9422-9a90cd68289e,1760608107852394326,736.001,423.98,1,,,-5.115603083760981,12.1489295329552
648286a4-8d21-418c-8c47-cd2ace0c239f,c2ca9808-766d-490c-9422-9a90cd68289e,1760608107857394326,737.358,402.912,1,,,-5.043977804867903,13.505317794440023
648286a4-8d21-418c-8c47-cd2ace0c239f,c2ca9808-766d-490c-9422-9a90cd68289e,1760608107862394326,735.779,389.963,1,,,-5.1597127453181475,14.337344828175835
648286a4-8d21-418c-8c47-cd2ace0c239f,c2ca9808-766d-490c-9422-9a90cd68289e,1760608107867394326,735.048,380.952,1,14,,-5.216729797831123,14.916269578656754
648286a4-8d21-418c-8c47-cd2ace0c239f,c2ca9808-766d-490c-9422-9a90cd68289e,1760608107872405326,736.143,383.436,1,14,,-5.141965273658507,14.75717469861673
648286a4-8d21-418c-8c47-cd2ace0c239f,c2ca9808-766d-490c-9422-9a90cd68289e,1760608107877394326,736.729,385.339,1,14,,-5.1014788619082125,14.635144389456633
648286a4-8d21-418c-8c47-cd2ace0c239f,c2ca9808-766d-490c-9422-9a90cd68289e,1760608107882395326,736.242,384.716,1,14,,-5.134227757184483,14.674942951654735
648286a4-8d21-418c-8c47-cd2ace0c239f,c2ca9808-766d-490c-9422-9a90cd68289e,1760608107887405326,733.361,387.13,1,14,,-5.32188596887335,14.518141700762493
648286a4-8d21-418c-8c47-cd2ace0c239f,c2ca9808-766d-490c-9422-9a90cd68289e,1760608107892394326,735.836,390.03,1,14,,-5.155923833124387,14.333054387107996
648286a4-8d21-418c-8c47-cd2ace0c239f,c2ca9808-766d-490c-9422-9a90cd68289e,1760608107897394326,733.953,388.171,1,14,,-5.2818392421247085,14.451582710495828
648286a4-8d21-418c-8c47-cd2ace0c239f,c2ca9808-766d-490c-9422-9a90cd68289e,1760608107902394326,733.057,392.105,1,14,,-5.336999854028908,14.198133929633709
648286a4-8d21-418c-8c47-cd2ace0c239f,c2ca9808-766d-490c-9422-9a90cd68289e,1760608107907398326,732.129,392.344,1,14,,-5.397951425775942,14.18229118065059
648286a4-8d21-418c-8c47-cd2ace0c239f,c2ca9808-766d-490c-9422-9a90cd68289e,1760608107912398326,731.248,389.239,1,14,,-5.459066300879862,14.381378499709514
648286a4-8d21-418c-8c47-cd2ace0c239f,c2ca9808-766d-490c-9422-9a90cd68289e,1760608107917395326,737.255,391.305,1,14,,-5.0611809105707195,14.251816893326753
648286a4-8d21-418c-8c47-cd2ace0c239f,c2ca9808-766d-490c-9422-9a90cd68289e,1760608107922406326,738.899,392.62,1,14,,-4.95165752686402,14.16811509457888
648286a4-8d21-418c-8c47-cd2ace0c239f,c2ca9808-766d-490c-9422-9a90cd68289e,1760608107927398326,736.886,387.093,1,14,,-5.089485638513197,14.522488771226234
648286a4-8d21-418c-8c47-cd2ace0c239f,c2ca9808-766d-490c-9422-9a90cd68289e,1760608107932395326,735.833,387.029,1,14,,-5.158970040792862,14.52604897529854
648286a4-8d21-418c-8c47-cd2ace0c239f,c2ca9808-766d-490c-9422-9a90cd68289e,1760608107937395326,737.155,383.988,1,14,,-5.074663111078944,14.72227490716087
648286a4-8d21-418c-8c47-cd2ace0c239f,c2ca9808-766d-490c-9422-9a90cd68289e,1760608107942395326,746.733,389.737,1,14,,-4.437856782778322,14.357317009536727
648286a4-8d21-418c-8c47-cd2ace0c239f,c2ca9808-766d-490c-9422-9a90cd68289e,1760608107947398326,748.513,387.022,1,14,,-4.322723099758863,14.532712024835524
648286a4-8d21-418c-8c47-cd2ace0c239f,c2ca9808-766d-490c-9422-9a90cd68289e,1760608107952395326,744.503,388.765,1,14,,-4.585731187566352,14.418766446547766
648286a4-8d21-418c-8c47-cd2ace0c239f,c2ca9808-766d-490c-9422-9a90cd68289e,1760608107957520326,743.981,389.613,1,14,,-4.619411991471618,14.364009172574058
648286a4-8d21-418c-8c47-cd2ace0c239f,c2ca9808-766d-490c-9422-9a90cd68289e,1760608107962520326,743.205,389.242,1,14,,-4.6708948889916355,14.387507887730594
648286a4-8d21-418c-8c47-cd2ace0c239f,c2ca9808-766d-490c-9422-9a90cd68289e,1760608107967520326,743.358,385.597,1,14,,-4.663941573061847,14.622000893087733
648286a4-8d21-418c-8c47-cd2ace0c239f,c2ca9808-766d-490c-9422-9a90cd68289e,1760608107972520326,742.171,386.039,1,14,,-4.741864050798447,14.59298742973445
648286a4-8d21-418c-8c47-cd2ace0c239f,c2ca9808-766d-490c-9422-9a90cd68289e,1760608107977520326,742.057,386.014,1,14,,-4.749382645293105,14.59453407732446
648286a4-8d21-418c-8c47-cd2ace0c239f,c2ca9808-766d-490c-9422-9a90cd68289e,1760608107982531326,739.898,387.39,1,14,,-4.890569124245365,14.50491250265552
648286a4-8d21-418c-8c47-cd2ace0c239f,c2ca9808-766d-490c-9422-9a90cd68289e,1760608107987520326,737.006,386.751,1,14,,-5.081901445103908,14.544536062355203
648286a4-8d21-418c-8c47-cd2ace0c239f,c2ca9808-766d-490c-9422-9a90cd68289e,1760608107992526326,738.726,387.2,1,14,,-4.9680278647081835,14.516581574514767
648286a4-8d21-418c-8c47-cd2ace0c239f,c2ca9808-766d-490c-9422-9a90cd68289e,1760608107997520326,735.18,385.386,1,14,,-5.2036232158805635,14.63130884539623
648286a4-8d21-418c-8c47-cd2ace0c239f,c2ca9808-766d-490c-9422-9a90cd68289e,1760608108002521326,738.193,386.157,1,14,,-5.004146753289341,14.583360511631723
648286a4-8d21-418c-8c47-cd2ace0c239f,c2ca9808-766d-490c-9422-9a90cd68289e,1760608108007521326,737.614,386.595,1,14,,-5.041908152223222,14.554847175416768
648286a4-8d21-418c-8c47-cd2ace0c239f,c2ca9808-766d-490c-9422-9a90cd68289e,1760608108012524326,737.717,386.691,1,14,,-5.035039149136457,14.548754037315993
648286a4-8d21-418c-8c47-cd2ace0c239f,c2ca9808-766d-490c-9422-9a90cd68289e,1760608108017521326,732.835,391.136,1,14,,-5.352594987673268,14.260334249293175
648286a4-8d21-418c-8c47-cd2ace0c239f,c2ca9808-766d-490c-9422-9a90cd68289e,1760608108022521326,732.707,391.137,1,14,,-5.361027843906052,14.260209350969454
648286a4-8d21-418c-8c47-cd2ace0c239f,c2ca9808-766d-490c-9422-9a90cd68289e,1760608108027521326,734.482,392.581,1,14,,-5.242699600928037,14.168290475397207
648286a4-8d21-418c-8c47-cd2ace0c239f,c2ca9808-766d-490c-9422-9a90cd68289e,1760608108032521326,733.441,389.912,1,14,,-5.31388753542296,14.33938280671258
648286a4-8d21-418c-8c47-cd2ace0c239f,c2ca9808-766d-490c-9422-9a90cd68289e,1760608108037532326,737.37,385.466,1,14,,-5.059093577960262,14.62731236403405
648286a4-8d21-418c-8c47-cd2ace0c239f,c2ca9808-766d-490c-9422-9a90cd68289e,1760608108042521326,738.359,381.673,1,14,,-4.997453615916704,14.871717452717379
648286a4-8d21-418c-8c47-cd2ace0c239f,c2ca9808-766d-490c-9422-9a90cd68289e,1760608108047521326,738.899,385.144,1,14,,-4.958537599505107,14.648853037484184
648286a4-8d21-418c-8c47-cd2ace0c239f,c2ca9808-766d-490c-9422-9a90cd68289e,1760608108052521326,737.932,383.683,1,14,,-5.023714042209533,14.742290142313024
648286a4-8d21-418c-8c47-cd2ace0c239f,c2ca9808-766d-490c-9422-9a90cd68289e,1760608108057521326,739.001,384.581,1,14,,-4.952307068111627,14.68506877567812
648286a4-8d21-418c-8c47-cd2ace0c239f,c2ca9808-766d-490c-9422-9a90cd68289e,1760608108062521326,739.362,385.491,1,14,,-4.927674029800411,14.626781527381448
648286a4-8d21-418c-8c47-cd2ace0c239f,c2ca9808-766d-490c-9422-9a90cd68289e,1760608108067524326,739.735,385.699,1,14,,-4.90288915116857,14.613569906950266
648286a4-8d21-418c-8c47-cd2ace0c239f,c2ca9808-766d-490c-9422-9a90cd68289e,1760608108072521326,738.505,384.821,1,14,,-4.984836729014158,14.669433845295217
648286a4-8d21-418c-8c47-cd2ace0c239f,c2ca9808-766d-490c-9422-9a90cd68289e,1760608108077521326,739.156,385.337,1,14,,-4.941361301559023,14.636556754959932
648286a4-8d21-418c-8c47-cd2ace0c239f,c2ca9808-766d-490c-9422-9a90cd68289e,1760608108082536326,736.302,382.631,1,14,,-5.132260317995995,14.809036679463766
648286a4-8d21-418c-8c47-cd2ace0c239f,c2ca9808-766d-490c-9422-9a90cd68289e,1760608108087521326,736.14,387.024,1,14,,-5.138716911645643,14.52652873787834
648286a4-8d21-418c-8c47-cd2ace0c239f,c2ca9808-766d-490c-9422-9a90cd68289e,1760608108092523326,739.264,384.19,1,14,,-4.935364344334725,14.710343060895468
648286a4-8d21-418c-8c47-cd2ace0c239f,c2ca9808-766d-490c-9422-9a90cd68289e,1760608108097528326,740.345,385.562,1,14,,-4.862736790958386,14.622705428532916
648286a4-8d21-418c-8c47-cd2ace0c239f,c2ca9808-766d-490c-9422-9a90cd68289e,1760608108102647326,749.342,381.054,1,14,,-4.272886350384129,14.916958415705833
648286a4-8d21-418c-8c47-cd2ace0c239f,c2ca9808-766d-490c-9422-9a90cd68289e,1760608108107653326,750.923,379.591,1,14,,-4.16965718805826,15.011718035828384
648286a4-8d21-418c-8c47-cd2ace0c239f,c2ca9808-766d-490c-9422-9a90cd68289e,1760608108112647326,755.225,385.56,1,14,,-3.88106475587033,14.629662182992506
648286a4-8d21-418c-8c47-cd2ace0c239f,c2ca9808-766d-490c-9422-9a90cd68289e,1760608108117650326,754.213,381.791,1,14,,-3.950726855669045,14.871688878249628
648286a4-8d21-418c-8c47-cd2ace0c239f,c2ca9808-766d-490c-9422-9a90cd68289e,1760608108122649326,758.541,376.763,1,14,,-3.6685632919513003,15.196836163951211
648286a4-8d21-418c-8c47-cd2ace0c239f,c2ca9808-766d-490c-9422-9a90cd68289e,1760608108127647326,757.488,377.065,1,14,,-3.7379001950789275,15.177001465542899
648286a4-8d21-418c-8c47-cd2ace0c239f,c2ca9808-766d-490c-9422-9a90cd68289e,1760608108132647326,757.129,381.557,1,14,,-3.758315952718717,14.88793613254469
648286a4-8d21-418c-8c47-cd2ace0c239f,c2ca9808-766d-490c-9422-9a90cd68289e,1760608108137647326,755.833,378.099,1,14,,-3.8465062483467456,15.10982112685498
648286a4-8d21-418c-8c47-cd2ace0c239f,c2ca9808-766d-490c-9422-9a90cd68289e,1760608108142647326,755.826,379.508,1,14,,-3.8459129957709686,15.019194372354827
648286a4-8d21-418c-8c47-cd2ace0c239f,c2ca9808-766d-490c-9422-9a90cd68289e,1760608108147647326,754.982,381.199,1,14,,-3.9004025022820104,14.910079190711741
648286a4-8d21-418c-8c47-cd2ace0c239f,c2ca9808-766d-490c-9422-9a90cd68289e,1760608108152647326,751.674,381.558,1,14,,-4.118508041133441,14.885583344385429
648286a4-8d21-418c-8c47-cd2ace0c239f,c2ca9808-766d-490c-9422-9a90cd68289e,1760608108157647326,751.229,381.147,1,14,,-4.148241666364907,14.911789283320518
648286a4-8d21-418c-8c47-cd2ace0c239f,c2ca9808-766d-490c-9422-9a90cd68289e,1760608108162647326,754.585,385.674,1,14,,-3.923250226617675,14.622059302782565
648286a4-8d21-418c-8c47-cd2ace0c239f,c2ca9808-766d-490c-9422-9a90cd68289e,1760608108167647326,758.358,381.219,1,14,,-3.6774532877216455,14.910113310973317
648286a4-8d21-418c-8c47-cd2ace0c239f,c2ca9808-766d-490c-9422-9a90cd68289e,1760608108172647326,757.28,382.362,1,14,,-3.7477919463319873,14.836205409156223
648286a4-8d21-418c-8c47-cd2ace0c239f,c2ca9808-766d-490c-9422-9a90cd68289e,1760608108177647326,757.901,383.964,1,14,,-3.705661937607105,14.733402989151353
648286a4-8d21-418c-8c47-cd2ace0c239f,c2ca9808-766d-490c-9422-9a90cd68289e,1760608108182648326,754.11,393.936,1,14,,-3.9484810375893167,14.090317915587532
648286a4-8d21-418c-8c47-cd2ace0c239f,c2ca9808-766d-490c-9422-9a90cd68289e,1760608108187647326,755.131,392.354,1,14,,-3.8824015870292303,14.192488543419838
648286a4-8d21-418c-8c47-cd2ace0c239f,c2ca9808-766d-490c-9422-9a90cd68289e,1760608108192647326,752.798,382.143,1,14,,-4.0438682297063435,14.848464851155006
648286a4-8d21-418c-8c47-cd2ace0c239f,c2ca9808-766d-490c-9422-9a90cd68289e,1760608108197648326,755.06,382.618,1,14,,-3.8941384087537436,14.818833729790725
648286a4-8d21-418c-8c47-cd2ace0c239f,c2ca9808-766d-490c-9422-9a90cd68289e,1760608108202648326,754.517,381.967,1,14,,-3.9305093823526707,14.860498319208064
648286a4-8d21-418c-8c47-cd2ace0c239f,c2ca9808-766d-490c-9422-9a90cd68289e,1760608108207648326,754.796,382.813,1,14,,-3.911425839278838,14.80621033343739
648286a4-8d21-418c-8c47-cd2ace0c239f,c2ca9808-766d-490c-9422-9a90cd68289e,1760608108212648326,754.292,381.682,1,14,,-3.9455350292734432,14.878729868887378
648286a4-8d21-418c-8c47-cd2ace0c239f,c2ca9808-766d-490c-9422-9a90cd68289e,1760608108217648326,755.202,378.929,1,14,,-3.88754957973431,15.056157475599905
648286a4-8d21-418c-8c47-cd2ace0c239f,c2ca9808-766d-490c-9422-9a90cd68289e,1760608108222648326,755.878,379.231,1,14,,-3.842677289896977,15.036994977173752
648286a4-8d21-418c-8c47-cd2ace0c239f,c2ca9808-766d-490c-9422-9a90cd68289e,1760608108227648326,755.852,378.336,1,14,,-3.8450932349429574,15.094582256327431
648286a4-8d21-418c-8c47-cd2ace0c239f,c2ca9808-766d-490c-9422-9a90cd68289e,1760608108232773326,757.426,383.948,1,14,,-3.73704877396824,14.734245971638455
648286a4-8d21-418c-8c47-cd2ace0c239f,c2ca9808-766d-490c-9422-9a90cd68289e,1760608108237773326,756.827,385.473,1,14,,-3.7754686161502202,14.635895217057534
648286a4-8d21-418c-8c47-cd2ace0c239f,c2ca9808-766d-490c-9422-9a90cd68289e,1760608108242773326,754.978,384.292,1,14,,-3.898324679403731,14.711127858485133
648286a4-8d21-418c-8c47-cd2ace0c239f,c2ca9808-766d-490c-9422-9a90cd68289e,1760608108247773326,756.428,383.692,1,14,,-3.8030708451178756,14.750323170599156
648286a4-8d21-418c-8c47-cd2ace0c239f,c2ca9808-766d-490c-9422-9a90cd68289e,1760608108252775326,758.379,385.538,1,14,,-3.6730399845218415,14.632332729996168
648286a4-8d21-418c-8c47-cd2ace0c239f,c2ca9808-766d-490c-9422-9a90cd68289e,1760608108257773326,756.177,382.08,1,14,,-3.820813322149796,14.853890154348862
648286a4-8d21-418c-8c47-cd2ace0c239f,c2ca9808-766d-490c-9422-9a90cd68289e,1760608108262773326,756.54,381.836,1,14,,-3.7970365277977347,14.86973948986504
648286a4-8d21-418c-8c47-cd2ace0c239f,c2ca9808-766d-490c-9422-9a90cd68289e,1760608108267773326,755.983,383.703,1,14,,-3.8324490002413714,14.749410294701438
648286a4-8d21-418c-8c47-cd2ace0c239f,c2ca9808-766d-490c-9422-9a90cd68289e,1760608108272773326,756.451,384.282,1,14,,-3.801103899853284,14.71238894856026
648286a4-8d21-418c-8c47-cd2ace0c239f,c2ca9808-766d-490c-9422-9a90cd68289e,1760608108277773326,756.32,383.071,1,14,,-3.810649960552985,14.790204859870554
648286a4-8d21-418c-8c47-cd2ace0c239f,c2ca9808-766d-490c-9422-9a90cd68289e,1760608108282773326,756.113,390.88,1,14,,-3.8186751857272885,14.287719501492754
648286a4-8d21-418c-8c47-cd2ace0c239f,c2ca9808-766d-490c-9422-9a90cd68289e,1760608108287774326,755.528,388.931,1,14,,-3.8586622195428792,14.412885880795272
648286a4-8d21-418c-8c47-cd2ace0c239f,c2ca9808-766d-490c-9422-9a90cd68289e,1760608108292782326,755.256,387.973,1,14,,-3.877248857258233,14.474447149312835
648286a4-8d21-418c-8c47-cd2ace0c239f,c2ca9808-766d-490c-9422-9a90cd68289e,1760608108297774326,755.541,387.102,1,14,,-3.8591462414055977,14.530571869528135
648286a4-8d21-418c-8c47-cd2ace0c239f,c2ca9808-766d-490c-9422-9a90cd68289e,1760608108302774326,757.764,386.014,1,14,,-3.713276753703104,14.601451321640864
648286a4-8d21-418c-8c47-cd2ace0c239f,c2ca9808-766d-490c-9422-9a90cd68289e,1760608108307777326,756.83,387.815,1,14,,-3.77358825310925,14.48522938288019
648286a4-8d21-418c-8c47-cd2ace0c239f,c2ca9808-766d-490c-9422-9a90cd68289e,1760608108312774326,762.045,387.591,1,14,,-3.429804835489392,14.501574796347413
648286a4-8d21-418c-8c47-cd2ace0c239f,c2ca9808-766d-490c-9422-9a90cd68289e,1760608108317774326,762.625,387.266,1,14,,-3.3917690066528965,14.52267006033545
648286a4-8d21-418c-8c47-cd2ace0c239f,c2ca9808-766d-490c-9422-9a90cd68289e,1760608108322786326,759.435,389.991,1,14,,-3.600351772352979,14.34618949452084
648286a4-8d21-418c-8c47-cd2ace0c239f,c2ca9808-766d-490c-9422-9a90cd68289e,1760608108327774326,761.626,388.011,1,14,,-3.4571393193459707,14.474381549201158
648286a4-8d21-418c-8c47-cd2ace0c239f,c2ca9808-766d-490c-9422-9a90cd68289e,1760608108332775326,762.275,388.825,1,14,,-3.413861265870063,14.422235951547613
648286a4-8d21-418c-8c47-cd2ace0c239f,c2ca9808-766d-490c-9422-9a90cd68289e,1760608108337774326,762.885,389.437,1,14,,-3.3732483344439377,14.38307546284464
648286a4-8d21-418c-8c47-cd2ace0c239f,c2ca9808-766d-490c-9422-9a90cd68289e,1760608108342774326,762.051,389.259,1,14,,-3.4283456393868805,14.394211615867524
648286a4-8d21-418c-8c47-cd2ace0c239f,c2ca9808-766d-490c-9422-9a90cd68289e,1760608108347784326,762.242,391.908,1,14,,-3.41407501580738,14.22382769592493
648286a4-8d21-418c-8c47-cd2ace0c239f,c2ca9808-766d-490c-9422-9a90cd68289e,1760608108352774326,761.302,391.839,1,14,,-3.4760735578549213,14.227949796493244
648286a4-8d21-418c-8c47-cd2ace0c239f,c2ca9808-766d-490c-9422-9a90cd68289e,1760608108357774326,760.923,391.94,1,14,,-3.500988422605427,14.22133267173832
648286a4-8d21-418c-8c47-cd2ace0c239f,c2ca9808-766d-490c-9422-9a90cd68289e,1760608108362774326,759.239,389.878,1,14,,-3.6133517561917072,14.35338556374885
648286a4-8d21-418c-8c47-cd2ace0c239f,c2ca9808-766d-490c-9422-9a90cd68289e,1760608108367899326,760.846,389.409,1,14,,-3.5076531723172035,14.38418895403612
648286a4-8d21-418c-8c47-cd2ace0c239f,c2ca9808-766d-490c-9422-9a90cd68289e,1760608108372900326,764.167,394.866,1,14,,-3.2853997027240274,14.03410346508364
648286a4-8d21-418c-8c47-cd2ace0c239f,c2ca9808-766d-490c-9422-9a90cd68289e,1760608108377900326,762.837,390.857,1,14,,-3.37550746296738,14.291672122786888
648286a4-8d21-418c-8c47-cd2ace0c239f,c2ca9808-766d-490c-9422-9a90cd68289e,1760608108382900326,764.815,393.034,1,14,,-3.243820458315301,14.152212906796207
648286a4-8d21-418c-8c47-cd2ace0c239f,c2ca9808-766d-490c-9422-9a90cd68289e,1760608108387910326,763.617,391.054,1,14,,-3.323980737990257,14.279263207389965
648286a4-8d21-418c-8c47-cd2ace0c239f,c2ca9808-766d-490c-9422-9a90cd68289e,1760608108392900326,762.102,390.464,1,14,,-3.424169221566497,14.316736702055293
648286a4-8d21-418c-8c47-cd2ace0c239f,c2ca9808-766d-490c-9422-9a90cd68289e,1760608108397900326,762.49,391.361,1,14,,-3.398082855199505,14.259108686594864
648286a4-8d21-418c-8c47-cd2ace0c239f,c2ca9808-766d-490c-9422-9a90cd68289e,1760608108402900326,761.998,390.499,1,14,,-3.4310511355858866,14.314426357929861
648286a4-8d21-418c-8c47-cd2ace0c239f,c2ca9808-766d-490c-9422-9a90cd68289e,1760608108407902326,761.668,389.303,1,14,,-3.453562667811769,14.391279905861948
648286a4-8d21-418c-8c47-cd2ace0c239f,c2ca9808-766d-490c-9422-9a90cd68289e,1760608108412900326,762.866,388.798,1,14,,-3.3748987053313297,14.424168396212192
648286a4-8d21-418c-8c47-cd2ace0c239f,c2ca9808-766d-490c-9422-9a90cd68289e,1760608108417910326,764.43,390.505,1,14,,-3.270697498866397,14.314868761249683
648286a4-8d21-418c-8c47-cd2ace0c239f,c2ca9808-766d-490c-9422-9a90cd68289e,1760608108422900326,763.086,390.957,1,14,,-3.3590141584032276,14.285309054578574
648286a4-8d21-418c-8c47-cd2ace0c239f,c2ca9808-766d-490c-9422-9a90cd68289e,1760608108427900326,761.089,390.423,1,14,,-3.4909781484553273,14.319019466889907
648286a4-8d21-418c-8c47-cd2ace0c239f,c2ca9808-766d-490c-9422-9a90cd68289e,1760608108432900326,760.557,390.474,1,14,,-3.526033796139156,14.315552243901873
648286a4-8d21-418c-8c47-cd2ace0c239f,c2ca9808-766d-490c-9422-9a90cd68289e,1760608108437900326,761.293,389.709,1,14,,-3.4780210826635565,14.365030536225731
648286a4-8d21-418c-8c47-cd2ace0c239f,c2ca9808-766d-490c-9422-9a90cd68289e,1760608108442900326,760.933,388.362,1,14,,-3.502635799698642,14.451529469421164
648286a4-8d21-418c-8c47-cd2ace0c239f,c2ca9808-766d-490c-9422-9a90cd68289e,1760608108447900326,760.395,388.319,1,14,,-3.53815325556778,14.45414815784039
648286a4-8d21-418c-8c47-cd2ace0c239f,c2ca9808-766d-490c-9422-9a90cd68289e,1760608108452900326,760.174,384.134,1,14,,-3.5554995398501603,14.723335079530235
648286a4-8d21-418c-8c47-cd2ace0c239f,c2ca9808-766d-490c-9422-9a90cd68289e,1760608108457900326,759.814,384.668,1,14,,-3.578915913466071,14.688794103967261
648286a4-8d21-418c-8c47-cd2ace0c239f,c2ca9808-766d-490c-9422-9a90cd68289e,1760608108462900326,760.983,387.299,1,14,,-3.5000062028867402,14.519953991546883
648286a4-8d21-418c-8c47-cd2ace0c239f,c2ca9808-766d-490c-9422-9a90cd68289e,1760608108467900326,758.994,386.826,1,14,,-3.6315576551256683,14.549649753848273
648286a4-8d21-418c-8c47-cd2ace0c239f,c2ca9808-766d-490c-9422-9a90cd68289e,1760608108472900326,760.749,386.025,1,14,,-3.516283905327913,14.601860527615457
648286a4-8d21-418c-8c47-cd2ace0c239f,c2ca9808-766d-490c-9422-9a90cd68289e,1760608108477900326,758.84,388.644,1,14,,-3.640440731388039,14.432643566956974
648286a4-8d21-418c-8c47-cd2ace0c239f,c2ca9808-766d-490c-9422-9a90cd68289e,1760608108482901326,758.857,388.875,1,14,,-3.639160555394834,14.41777619750315
648286a4-8d21-418c-8c47-cd2ace0c239f,c2ca9808-766d-490c-9422-9a90cd68289e,1760608108487900326,757.951,388.304,1,14,,-3.6993286981118176,14.454207593051962
648286a4-8d21-418c-8c47-cd2ace0c239f,c2ca9808-766d-490c-9422-9a90cd68289e,1760608108492901326,758.711,389.516,1,14,,-3.6483797820193957,14.376486336677127
648286a4-8d21-418c-8c47-cd2ace0c239f,c2ca9808-766d-490c-9422-9a90cd68289e,1760608108497901326,759.274,388.161,1,14,,-3.6121837542774715,14.463904059701411
648286a4-8d21-418c-8c47-cd2ace0c239f,c2ca9808-766d-490c-9422-9a90cd68289e,1760608108503026326,755.463,385.575,1,14,,-3.8654015050224633,14.628804851216058
648286a4-8d21-418c-8c47-cd2ace0c239f,c2ca9808-766d-490c-9422-9a90cd68289e,1760608108508026326,755.033,387.171,1,14,,-3.8925496376030133,14.525909904370579
648286a4-8d21-418c-8c47-cd2ace0c239f,c2ca9808-766d-490c-9422-9a90cd68289e,1760608108513026326,756.261,388.185,1,14,,-3.810863736168408,14.461196275168474
648286a4-8d21-418c-8c47-cd2ace0c239f,c2ca9808-766d-490c-9422-9a90cd68289e,1760608108518026326,759.093,389.71,1,14,,-3.6230817287108503,14.364121246329272
648286a4-8d21-418c-8c47-cd2ace0c239f,c2ca9808-766d-490c-9422-9a90cd68289e,1760608108523026326,756.582,389.631,1,14,,-3.7886628058918284,14.368293149228588
648286a4-8d21-418c-8c47-cd2ace0c239f,c2ca9808-766d-490c-9422-9a90cd68289e,1760608108528029326,754.764,390.646,1,14,,-3.907808646220248,14.30224372970418
648286a4-8d21-418c-8c47-cd2ace0c239f,c2ca9808-766d-490c-9422-9a90cd68289e,1760608108533026326,759.457,389.043,1,14,,-3.5994779784668074,14.40719132004532
648286a4-8d21-418c-8c47-cd2ace0c239f,c2ca9808-766d-490c-9422-9a90cd68289e,1760608108538026326,758.571,387.494,1,14,,-3.6589741761381034,14.506516062435754
648286a4-8d21-418c-8c47-cd2ace0c239f,c2ca9808-766d-490c-9422-9a90cd68289e,1760608108543026326,756.695,386.617,1,14,,-3.7833240591498773,14.562228025706926
648286a4-8d21-418c-8c47-cd2ace0c239f,c2ca9808-766d-490c-9422-9a90cd68289e,1760608108548026326,756.951,386.554,1,14,,-3.76651131655575,14.566394094365418
648286a4-8d21-418c-8c47-cd2ace0c239f,c2ca9808-766d-490c-9422-9a90cd68289e,1760608108553026326,760.012,392.437,1,14,,-3.5606898391687265,14.189025075283903
648286a4-8d21-418c-8c47-cd2ace0c239f,c2ca9808-766d-490c-9422-9a90cd68289e,1760608108558026326,758.246,391.216,1,14,,-3.6778966987773045,14.266929564172028
648286a4-8d21-418c-8c47-cd2ace0c239f,c2ca9808-766d-490c-9422-9a90cd68289e,1760608108563026326,756.808,393.402,1,14,,-3.7711714816043673,14.125758968136743
648286a4-8d21-418c-8c47-cd2ace0c239f,c2ca9808-766d-490c-9422-9a90cd68289e,1760608108568026326,759.046,393.416,1,14,,-3.623709297107572,14.125681044773719
648286a4-8d21-418c-8c47-cd2ace0c239f,c2ca9808-766d-490c-9422-9a90cd68289e,1760608108573031326,755.712,389.583,1,14,,-3.8460383608182016,14.371042063321072
648286a4-8d21-418c-8c47-cd2ace0c239f,c2ca9808-766d-490c-9422-9a90cd68289e,1760608108578026326,753.387,383.099,1,14,,-4.004245599397562,14.787186609650275
648286a4-8d21-418c-8c47-cd2ace0c239f,c2ca9808-766d-490c-9422-9a90cd68289e,1760608108583026326,756.097,382.754,1,14,,-3.825603797019125,14.810499447431345
648286a4-8d21-418c-8c47-cd2ace0c239f,c2ca9808-766d-490c-9422-9a90cd68289e,1760608108588027326,755.692,385.329,1,14,,-3.8504269641513944,14.644673730320642
648286a4-8d21-418c-8c47-cd2ace0c239f,c2ca9808-766d-490c-9422-9a90cd68289e,1760608108593027326,758.667,385.59,1,14,,-3.6539922613849156,14.629082761415646
648286a4-8d21-418c-8c47-cd2ace0c239f,c2ca9808-766d-490c-9422-9a90cd68289e,1760608108598027326,756.867,386.701,1,14,,-3.7719586552273943,14.556895873109431
648286a4-8d21-418c-8c47-cd2ace0c239f,c2ca9808-766d-490c-9422-9a90cd68289e,1760608108603027326,756.229,388.636,1,14,,-3.812635137179147,14.432138644169074
648286a4-8d21-418c-8c47-cd2ace0c239f,c2ca9808-766d-490c-9422-9a90cd68289e,1760608108608027326,754.719,388.995,1,14,,-3.911951865693923,14.408484890771886
648286a4-8d21-418c-8c47-cd2ace0c239f,c2ca9808-766d-490c-9422-9a90cd68289e,1760608108613029326,756.129,389.602,1,14,,-3.818532812917743,14.36997579441302
648286a4-8d21-418c-8c47-cd2ace0c239f,c2ca9808-766d-490c-9422-9a90cd68289e,1760608108618027326,757.661,388.252,1,14,,-3.7184994562343774,14.457452676093759
648286a4-8d21-418c-8c47-cd2ace0c239f,c2ca9808-766d-490c-9422-9a90cd68289e,1760608108623032326,757.88,386.766,1,14,,-3.7050638163668053,14.553130296858606
648286a4-8d21-418c-8c47-cd2ace0c239f,c2ca9808-766d-490c-9422-9a90cd68289e,1760608108628031326,757.794,388.717,1,14,,-3.7093658501989637,14.427550892622774
648286a4-8d21-418c-8c47-cd2ace0c239f,c2ca9808-766d-490c-9422-9a90cd68289e,1760608108633027326,763.973,392.382,1,14,,-3.299684085068218,14.193919403450264
648286a4-8d21-418c-8c47-cd2ace0c239f,c2ca9808-766d-490c-9422-9a90cd68289e,1760608108638152326,767.578,392.445,1,14,,-3.0620536998682986,14.190999658235766
648286a4-8d21-418c-8c47-cd2ace0c239f,c2ca9808-766d-490c-9422-9a90cd68289e,1760608108643034326,771.366,387.405,1,14,,-2.815121088390717,14.516502339419468
648286a4-8d21-418c-8c47-cd2ace0c239f,c2ca9808-766d-490c-9422-9a90cd68289e,1760608108648152326,770.151,386.198,1,14,,-2.895906703949654,14.593799053672857
648286a4-8d21-418c-8c47-cd2ace0c239f,c2ca9808-766d-490c-9422-9a90cd68289e,1760608108653155326,771.299,387.455,1,14,,-2.8194910048274586,14.513283827800745
648286a4-8d21-418c-8c47-cd2ace0c239f,c2ca9808-766d-490c-9422-9a90cd68289e,1760608108658152326,771.318,386.94,1,14,,-2.8184902472476305,14.546397924883522
648286a4-8d21-418c-8c47-cd2ace0c239f,c2ca9808-766d-490c-9422-9a90cd68289e,1760608108663153326,772.358,386.858,1,14,,-2.7499849711976716,14.551985737380914
648286a4-8d21-418c-8c47-cd2ace0c239f,c2ca9808-766d-490c-9422-9a90cd68289e,1760608108668152326,772.934,387.324,1,14,,-2.7116947488368197,14.522152587045445
648286a4-8d21-418c-8c47-cd2ace0c239f,c2ca9808-766d-490c-9422-9a90cd68289e,1760608108673153326,770.724,382.881,1,14,,-2.8599595532826547,14.807426319351297
648286a4-8d21-418c-8c47-cd2ace0c239f,c2ca9808-766d-490c-9422-9a90cd68289e,1760608108678153326,771.818,387.543,1,14,,-2.78524815172254,14.507782595184993
648286a4-8d21-418c-8c47-cd2ace0c239f,c2ca9808-766d-490c-9422-9a90cd68289e,1760608108683153326,769.031,389.436,1,14,,-2.9679899739092583,14.38513728475757
648286a4-8d21-418c-8c47-cd2ace0c239f,c2ca9808-766d-490c-9422-9a90cd68289e,1760608108688153326,766.623,391.792,1,14,,-3.125399225227503,14.232765609304977
648286a4-8d21-418c-8c47-cd2ace0c239f,c2ca9808-766d-490c-9422-9a90cd68289e,1760608108693153326,767.92,390.174,1,14,,-3.040846890371285,14.337253020166106
648286a4-8d21-418c-8c47-cd2ace0c239f,c2ca9808-766d-490c-9422-9a90cd68289e,1760608108698153326,769.603,391.223,1,14,,-2.929310571696043,14.27027667975106
648286a4-8d21-418c-8c47-cd2ace0c239f,c2ca9808-766d-490c-9422-9a90cd68289e,1760608108703153326,769.662,392.715,1,14,,-2.924599385099666,14.174259851154298
648286a4-8d21-418c-8c47-cd2ace0c239f,c2ca9808-766d-490c-9422-9a90cd68289e,1760608108708155326,770.245,390.669,1,14,,-2.887256780250787,14.30613380078001
648286a4-8d21-418c-8c47-cd2ace0c239f,c2ca9808-766d-490c-9422-9a90cd68289e,1760608108713158326,768.303,390.068,1,14,,-3.0156410370005435,14.344236105200656
648286a4-8d21-418c-8c47-cd2ace0c239f,c2ca9808-766d-490c-9422-9a90cd68289e,1760608108718153326,767.512,390.413,1,14,,-3.067597793560621,14.321755564002475
648286a4-8d21-418c-8c47-cd2ace0c239f,c2ca9808-766d-490c-9422-9a90cd68289e,1760608108723153326,770.25,389.516,1,14,,-2.8875416428666076,14.380330115109492
648286a4-8d21-418c-8c47-cd2ace0c239f,c2ca9808-766d-490c-9422-9a90cd68289e,1760608108728153326,770.818,387.813,1,14,,-2.851029739867435,14.490076735083333
648286a4-8d21-418c-8c47-cd2ace0c239f,c2ca9808-766d-490c-9422-9a90cd68289e,1760608108733153326,771.61,389.107,1,14,,-2.7981042286565523,14.407011634291882
648286a4-8d21-418c-8c47-cd2ace0c239f,c2ca9808-766d-490c-9422-9a90cd68289e,1760608108738153326,770.465,384.578,1,14,,-2.876056754783769,14.698154886461891
648286a4-8d21-418c-8c47-cd2ace0c239f,c2ca9808-766d-490c-9422-9a90cd68289e,1760608108743153326,772.816,392.641,1,14,,-2.716780347596523,14.17993769797452
648286a4-8d21-418c-8c47-cd2ace0c239f,c2ca9808-766d-490c-9422-9a90cd68289e,1760608108748156326,775.849,388.533,1,14,,-2.51883241434308,14.445122378895551
648286a4-8d21-418c-8c47-cd2ace0c239f,c2ca9808-766d-490c-9422-9a90cd68289e,1760608108753153326,770.904,386.47,1,14,,-2.8460558028267324,14.576563738171316
648286a4-8d21-418c-8c47-cd2ace0c239f,c2ca9808-766d-490c-9422-9a90cd68289e,1760608108758153326,768.446,386.42,1,14,,-3.008265216213701,14.579042876757581
648286a4-8d21-418c-8c47-cd2ace0c239f,c2ca9808-766d-490c-9422-9a90cd68289e,1760608108763153326,769.598,388.744,1,14,,-2.9309876849507632,14.429791973025
648286a4-8d21-418c-8c47-cd2ace0c239f,c2ca9808-766d-490c-9422-9a90cd68289e,1760608108768154326,770.147,388.189,1,14,,-2.895110675480084,14.465715783668236
648286a4-8d21-418c-8c47-cd2ace0c239f,c2ca9808-766d-490c-9422-9a90cd68289e,1760608108773156326,770.253,386.385,1,14,,-2.8890830494602446,14.581824297157247
648286a4-8d21-418c-8c47-cd2ace0c239f,c2ca9808-766d-490c-9422-9a90cd68289e,1760608108778279326,769.087,383.938,1,14,,-2.9674235234161177,14.738909681060708
648286a4-8d21-418c-8c47-cd2ace0c239f,c2ca9808-766d-490c-9422-9a90cd68289e,1760608108783279326,769.436,383.349,1,14,,-2.9447037193001417,14.77696564346609
648286a4-8d21-418c-8c47-cd2ace0c239f,c2ca9808-766d-490c-9422-9a90cd68289e,1760608108788279326,772.092,385.128,1,14,,-2.7684118562705167,14.66324723636766
648286a4-8d21-418c-8c47-cd2ace0c239f,c2ca9808-766d-490c-9422-9a90cd68289e,1760608108793279326,774.165,392.317,1,14,,-2.628034404805073,14.201087023159737
648286a4-8d21-418c-8c47-cd2ace0c239f,c2ca9808-766d-490c-9422-9a90cd68289e,1760608108798279326,772.752,387.65,1,14,,-2.7235478756777205,14.501144060884984
648286a4-8d21-418c-8c47-cd2ace0c239f,c2ca9808-766d-490c-9422-9a90cd68289e,1760608108803279326,772.706,386.255,1,14,,-2.727295986153815,14.590893711496445
648286a4-8d21-418c-8c47-cd2ace0c239f,c2ca9808-766d-490c-9422-9a90cd68289e,1760608108808279326,770.919,388.247,1,14,,-2.8441297506909198,14.462173204783532
648286a4-8d21-418c-8c47-cd2ace0c239f,c2ca9808-766d-490c-9422-9a90cd68289e,1760608108813279326,772.214,390.195,1,14,,-2.757747663218706,14.337163141479623
648286a4-8d21-418c-8c47-cd2ace0c239f,c2ca9808-766d-490c-9422-9a90cd68289e,1760608108818279326,775.542,394.962,1,14,,-2.5360623596087364,14.031180938081159
648286a4-8d21-418c-8c47-cd2ace0c239f,c2ca9808-766d-490c-9422-9a90cd68289e,1760608108823283326,775.654,394.503,1,14,,-2.5289144621780046,14.060807520808947
648286a4-8d21-418c-8c47-cd2ace0c239f,c2ca9808-766d-490c-9422-9a90cd68289e,1760608108828279326,775.351,394.703,1,14,,-2.5487888042308566,14.047855669831337
648286a4-8d21-418c-8c47-cd2ace0c239f,c2ca9808-766d-490c-9422-9a90cd68289e,1760608108833279326,773.226,396.258,1,14,,-2.6879603256588873,13.947147782640707
648286a4-8d21-418c-8c47-cd2ace0c239f,c2ca9808-766d-490c-9422-9a90cd68289e,1760608108838279326,768.665,392.903,1,14,,-2.990160699722311,14.161879991276185
648286a4-8d21-418c-8c47-cd2ace0c239f,c2ca9808-766d-490c-9422-9a90cd68289e,1760608108843279326,767.84,389.009,1,14,,-3.0467668665299095,14.412232122249012
648286a4-8d21-418c-8c47-cd2ace0c239f,c2ca9808-766d-490c-9422-9a90cd68289e,1760608108848279326,772.656,385.477,1,14,,-2.7310332123697414,14.640954688274768
648286a4-8d21-418c-8c47-cd2ace0c239f,c2ca9808-766d-490c-9422-9a90cd68289e,1760608108853280326,771.938,387.542,1,14,,-2.777329307371963,14.507848720602018
648286a4-8d21-418c-8c47-cd2ace0c239f,c2ca9808-766d-490c-9422-9a90cd68289e,1760608108858279326,773.123,388.33,1,14,,-2.6987588630864856,14.457465118088924
648286a4-8d21-418c-8c47-cd2ace0c239f,c2ca9808-766d-490c-9422-9a90cd68289e,1760608108863279326,773.213,389.15,1,14,,-2.6923963447289294,14.404733790698993
648286a4-8d21-418c-8c47-cd2ace0c239f,c2ca9808-766d-490c-9422-9a90cd68289e,1760608108868279326,773.242,387.803,1,14,,-2.691146408203456,14.491446341723064
648286a4-8d21-418c-8c47-cd2ace0c239f,c2ca9808-766d-490c-9422-9a90cd68289e,1760608108873282326,769.876,391.363,1,14,,-2.9112311512317155,14.261362007440571
648286a4-8d21-418c-8c47-cd2ace0c239f,c2ca9808-766d-490c-9422-9a90cd68289e,1760608108878280326,770.818,391.245,1,14,,-2.8492252794255477,14.269211181982255
648286a4-8d21-418c-8c47-cd2ace0c239f,c2ca9808-766d-490c-9422-9a90cd68289e,1760608108883280326,771.047,391.022,1,14,,-2.8342360097024435,14.283631636241665
648286a4-8d21-418c-8c47-cd2ace0c239f,c2ca9808-766d-490c-9422-9a90cd68289e,1760608108888280326,771.152,390.651,1,14,,-2.8274671940686926,14.307511300295257
648286a4-8d21-418c-8c47-cd2ace0c239f,c2ca9808-766d-490c-9422-9a90cd68289e,1760608108893280326,772.416,388.757,1,14,,-2.7451507261912447,14.429783934040795
648286a4-8d21-418c-8c47-cd2ace0c239f,c2ca9808-766d-490c-9422-9a90cd68289e,1760608108898280326,769.063,394.934,1,14,,-2.962853581412167,14.031259278496195
648286a4-8d21-418c-8c47-cd2ace0c239f,c2ca9808-766d-490c-9422-9a90cd68289e,1760608108903283326,768.837,395.041,1,14,,-2.977667651398493,14.024327623518678
648286a4-8d21-418c-8c47-cd2ace0c239f,c2ca9808-766d-490c-9422-9a90cd68289e,1760608108908280326,769.541,394.721,1,14,,-2.9315150016998985,14.045091650290138
648286a4-8d21-418c-8c47-cd2ace0c239f,c2ca9808-766d-490c-9422-9a90cd68289e,1760608108913405326,770.59,390.846,1,14,,-2.864416423732495,14.29480347388556
648286a4-8d21-418c-8c47-cd2ace0c239f,c2ca9808-766d-490c-9422-9a90cd68289e,1760608108918408326,771.041,388.804,1,14,,-2.8357928899818097,14.426369566742071
648286a4-8d21-418c-8c47-cd2ace0c239f,c2ca9808-766d-490c-9422-9a90cd68289e,1760608108923405326,772.225,387.932,1,14,,-2.7581516279335503,14.482863479994911
648286a4-8d21-418c-8c47-cd2ace0c239f,c2ca9808-766d-490c-9422-9a90cd68289e,1760608108928405326,773.565,386.439,1,14,,-2.670536036515777,14.579288204229401
648286a4-8d21-418c-8c47-cd2ace0c239f,c2ca9808-766d-490c-9422-9a90cd68289e,1760608108933405326,771.705,383.906,1,14,,-2.794613152866517,14.741765807285494
648286a4-8d21-418c-8c47-cd2ace0c239f,c2ca9808-766d-490c-9422-9a90cd68289e,1760608108938405326,769.692,387.929,1,14,,-2.925247202216098,14.482298820386758
648286a4-8d21-418c-8c47-cd2ace0c239f,c2ca9808-766d-490c-9422-9a90cd68289e,1760608108943405326,771.116,386.046,1,14,,-2.832344624482799,14.603885620334253
648286a4-8d21-418c-8c47-cd2ace0c239f,c2ca9808-766d-490c-9422-9a90cd68289e,1760608108948405326,769.624,387.448,1,14,,-2.930010753253396,14.513251188545743
648286a4-8d21-418c-8c47-cd2ace0c239f,c2ca9808-766d-490c-9422-9a90cd68289e,1760608108953406326,769.116,388.887,1,14,,-2.962664975765214,14.42045116627825
648286a4-8d21-418c-8c47-cd2ace0c239f,c2ca9808-766d-490c-9422-9a90cd68289e,1760608108958420326,766.414,391.033,1,14,,-3.139586366184868,14.281559987459977
648286a4-8d21-418c-8c47-cd2ace0c239f,c2ca9808-766d-490c-9422-9a90cd68289e,1760608108963406326,768.067,386.921,1,14,,-3.0330061316335333,14.546665968441172
648286a4-8d21-418c-8c47-cd2ace0c239f,c2ca9808-766d-490c-9422-9a90cd68289e,1760608108968406326,764.564,386.938,1,14,,-3.264044592250679,14.544461414610943
648286a4-8d21-418c-8c47-cd2ace0c239f,c2ca9808-766d-490c-9422-9a90cd68289e,1760608108973406326,764.378,386.245,1,14,,-3.2767588834994203,14.588993805658886
648286a4-8d21-418c-8c47-cd2ace0c239f,c2ca9808-766d-490c-9422-9a90cd68289e,1760608108978415326,766.47,387.048,1,14,,-3.138273369010154,14.537984265748452
648286a4-8d21-418c-8c47-cd2ace0c239f,c2ca9808-766d-490c-9422-9a90cd68289e,1760608108983406326,762.903,391.395,1,14,,-3.370782658412522,14.257101920060366
648286a4-8d21-418c-8c47-cd2ace0c239f,c2ca9808-766d-490c-9422-9a90cd68289e,1760608108988406326,764.944,391.446,1,14,,-3.236274017850127,14.254479214825597
648286a4-8d21-418c-8c47-cd2ace0c239f,c2ca9808-766d-490c-9422-9a90cd68289e,1760608108993406326,775.289,380.482,1,14,,-2.5597584558997575,14.963129358279973
648286a4-8d21-418c-8c47-cd2ace0c239f,c2ca9808-766d-490c-9422-9a90cd68289e,1760608108998406326,773.539,383.93,1,14,,-2.6735818566579628,14.740760266938002
648286a4-8d21-418c-8c47-cd2ace0c239f,c2ca9808-766d-490c-9422-9a90cd68289e,1760608109003406326,771.801,385.96,1,14,,-2.7871471424085175,14.609618889143995
648286a4-8d21-418c-8c47-cd2ace0c239f,c2ca9808-766d-490c-9422-9a90cd68289e,1760608109008406326,768.933,384.886,1,14,,-2.9770049946503274,14.677910064855245
648286a4-8d21-418c-8c47-cd2ace0c239f,c2ca9808-766d-490c-9422-9a90cd68289e,1760608109013406326,769.807,385.16,1,14,,-2.919169230419844,14.660505219208934
648286a4-8d21-418c-8c47-cd2ace0c239f,c2ca9808-766d-490c-9422-9a90cd68289e,1760608109018406326,770.298,385.599,1,14,,-2.8865563327030483,14.632389856735735
648286a4-8d21-418c-8c47-cd2ace0c239f,c2ca9808-766d-490c-9422-9a90cd68289e,1760608109023406326,768.244,387.598,1,14,,-3.02095019527754,14.50312914287841
648286a4-8d21-418c-8c47-cd2ace0c239f,c2ca9808-766d-490c-9422-9a90cd68289e,1760608109028406326,769.398,387.907,1,14,,-2.944646880306935,14.483642240343947
648286a4-8d21-418c-8c47-cd2ace0c239f,c2ca9808-766d-490c-9422-9a90cd68289e,1760608109033406326,768.613,387.964,1,14,,-2.996359010839098,14.479723349717293
648286a4-8d21-418c-8c47-cd2ace0c239f,c2ca9808-766d-490c-9422-9a90cd68289e,1760608109038406326,769.338,386.951,1,14,,-2.9491379944015836,14.545135121131919
648286a4-8d21-418c-8c47-cd2ace0c239f,c2ca9808-766d-490c-9422-9a90cd68289e,1760608109043406326,772.559,386.187,1,14,,-2.737032232763922,14.595217819760325
648286a4-8d21-418c-8c47-cd2ace0c239f,c2ca9808-766d-490c-9422-9a90cd68289e,1760608109048531326,772.592,384.032,1,14,,-2.7360270762720016,14.733905472899242
648286a4-8d21-418c-8c47-cd2ace0c239f,c2ca9808-766d-490c-9422-9a90cd68289e,1760608109053531326,772.212,384.824,1,14,,-2.760671237186825,14.682869038539213
648286a4-8d21-418c-8c47-cd2ace0c239f,c2ca9808-766d-490c-9422-9a90cd68289e,1760608109058547326,772.97,385.542,1,14,,-2.7102378489474144,14.636848553923658
648286a4-8d21-418c-8c47-cd2ace0c239f,c2ca9808-766d-490c-9422-9a90cd68289e,1760608109063532326,772.03,386.498,1,14,,-2.771760840523016,14.575079311386014
648286a4-8d21-418c-8c47-cd2ace0c239f,c2ca9808-766d-490c-9422-9a90cd68289e,1760608109068535326,771.944,385.898,1,14,,-2.7777888366326438,14.613634574196846
648286a4-8d21-418c-8c47-cd2ace0c239f,c2ca9808-766d-490c-9422-9a90cd68289e,1760608109073532326,776.684,388.19,1,14,,-2.4639556341371116,14.46737440776715
648286a4-8d21-418c-8c47-cd2ace0c239f,c2ca9808-766d-490c-9422-9a90cd68289e,1760608109078532326,770.253,392.32,1,14,,-2.8858437488557462,14.19984647280464
648286a4-8d21-418c-8c47-cd2ace0c239f,c2ca9808-766d-490c-9422-9a90cd68289e,1760608109083532326,771.36,388.954,1,14,,-2.8146909725410274,14.416806690732724
648286a4-8d21-418c-8c47-cd2ace0c239f,c2ca9808-766d-490c-9422-9a90cd68289e,1760608109088532326,771.32,388.843,1,14,,-2.8173983548865524,14.423934892649035
648286a4-8d21-418c-8c47-cd2ace0c239f,c2ca9808-766d-490c-9422-9a90cd68289e,1760608109093541326,771.495,391.689,1,14,,-2.804307837115172,14.240815272017686
648286a4-8d21-418c-8c47-cd2ace0c239f,c2ca9808-766d-490c-9422-9a90cd68289e,1760608109098532326,773.712,392.95,1,14,,-2.657581388565556,14.160242949926127
648286a4-8d21-418c-8c47-cd2ace0c239f,c2ca9808-766d-490c-9422-9a90cd68289e,1760608109103532326,771.161,393.388,1,14,,-2.825440792462869,14.131352291390348
648286a4-8d21-418c-8c47-cd2ace0c239f,c2ca9808-766d-490c-9422-9a90cd68289e,1760608109108532326,768.094,393.059,1,14,,-3.0276990070311127,14.151658232526131
648286a4-8d21-418c-8c47-cd2ace0c239f,c2ca9808-766d-490c-9422-9a90cd68289e,1760608109113532326,770.837,389.824,1,14,,-2.8487104482585877,14.360694167753223
648286a4-8d21-418c-8c47-cd2ace0c239f,c2ca9808-766d-490c-9422-9a90cd68289e,1760608109118532326,771.49,389.473,1,14,,-2.8058481888227487,14.383459784737198
648286a4-8d21-418c-8c47-cd2ace0c239f,c2ca9808-766d-490c-9422-9a90cd68289e,1760608109123532326,770.689,390.167,1,14,,-2.8582611514077807,14.33855296219215
648286a4-8d21-418c-8c47-cd2ace0c239f,c2ca9808-766d-490c-9422-9a90cd68289e,1760608109128532326,770.098,390.743,1,14,,-2.8969211649269746,14.301278735284681
648286a4-8d21-418c-8c47-cd2ace0c239f,c2ca9808-766d-490c-9422-9a90cd68289e,1760608109133532326,770.738,389.75,1,14,,-2.8552448096502294,14.365401394195128
648286a4-8d21-418c-8c47-cd2ace0c239f,c2ca9808-766d-490c-9422-9a90cd68289e,1760608109138532326,771.478,391.048,1,14,,-2.805761312583398,14.282081804943392
648286a4-8d21-418c-8c47-cd2ace0c239f,c2ca9808-766d-490c-9422-9a90cd68289e,1760608109143532326,770.255,386.743,1,14,,-2.888761355694862,14.558788227507126
648286a4-8d21-418c-8c47-cd2ace0c239f,c2ca9808-766d-490c-9422-9a90cd68289e,1760608109148532326,770.382,386.097,1,14,,-2.880741094417758,14.600409048918555
648286a4-8d21-418c-8c47-cd2ace0c239f,c2ca9808-766d-490c-9422-9a90cd68289e,1760608109153533326,770.884,386.794,1,14,,-2.847204489931894,14.555666401627022
648286a4-8d21-418c-8c47-cd2ace0c239f,c2ca9808-766d-490c-9422-9a90cd68289e,1760608109158533326,771.522,385.459,1,14,,-2.805832005994835,14.64176729288954
648286a4-8d21-418c-8c47-cd2ace0c239f,c2ca9808-766d-490c-9422-9a90cd68289e,1760608109163532326,771.305,386.227,1,14,,-2.8197756881053246,14.592312386324398
648286a4-8d21-418c-8c47-cd2ace0c239f,c2ca9808-766d-490c-9422-9a90cd68289e,1760608109168533326,770.103,387.523,1,14,,-2.898337787980221,14.508558187039158
648286a4-8d21-418c-8c47-cd2ace0c239f,c2ca9808-766d-490c-9422-9a90cd68289e,1760608109173533326,774.873,390.109,1,14,,-2.582479794623355,14.34340897555509
648286a4-8d21-418c-8c47-cd2ace0c239f,c2ca9808-766d-490c-9422-9a90cd68289e,1760608109178533326,774.73,390.302,1,14,,-2.591785923885897,14.33093556054174
648286a4-8d21-418c-8c47-cd2ace0c239f,c2ca9808-766d-490c-9422-9a90cd68289e,1760608109183549326,775.791,389.077,1,14,,-2.522416440808945,14.410071617454282
648286a4-8d21-418c-8c47-cd2ace0c239f,c2ca9808-766d-490c-9422-9a90cd68289e,1760608109188658326,776.113,388.874,1,14,,-2.5013054659362277,14.423211446944768
648286a4-8d21-418c-8c47-cd2ace0c239f,c2ca9808-766d-490c-9422-9a90cd68289e,1760608109193546326,780.414,383.212,1,14,,-2.2200532327842835,14.788679272075475
648286a4-8d21-418c-8c47-cd2ace0c239f,c2ca9808-766d-490c-9422-9a90cd68289e,1760608109198662326,776.53,384.842,1,14,,-2.475713487100073,14.682868482840306
648286a4-8d21-418c-8c47-cd2ace0c239f,c2ca9808-766d-490c-9422-9a90cd68289e,1760608109203661326,778.872,387.249,1,14,,-2.320033718046731,14.5284760805611
648286a4-8d21-418c-8c47-cd2ace0c239f,c2ca9808-766d-490c-9422-9a90cd68289e,1760608109208658326,781.618,389.488,1,14,,-2.1379720338387513,14.384979678451016
648286a4-8d21-418c-8c47-cd2ace0c239f,c2ca9808-766d-490c-9422-9a90cd68289e,1760608109213658326,782.27,392.339,1,14,,-2.0938948815121163,14.201551424624082
648286a4-8d21-418c-8c47-cd2ace0c239f,c2ca9808-766d-490c-9422-9a90cd68289e,1760608109218665326,778.443,386.853,1,14,,-2.34854059466786,14.55385723181803
648286a4-8d21-418c-8c47-cd2ace0c239f,c2ca9808-766d-490c-9422-9a90cd68289e,1760608109223658326,778.578,385.712,1,14,,-2.3401441431960057,14.627359011707325
648286a4-8d21-418c-8c47-cd2ace0c239f,c2ca9808-766d-490c-9422-9a90cd68289e,1760608109228667326,779.374,386.102,1,14,,-2.2874226110949776,14.602436838971075
648286a4-8d21-418c-8c47-cd2ace0c239f,c2ca9808-766d-490c-9422-9a90cd68289e,1760608109233658326,780.863,387.395,1,14,,-2.1886360891468812,14.519525964400874
648286a4-8d21-418c-8c47-cd2ace0c239f,c2ca9808-766d-490c-9422-9a90cd68289e,1760608109238658326,780.598,381.253,1,14,,-2.2087608181933764,14.91476679888103
648286a4-8d21-418c-8c47-cd2ace0c239f,c2ca9808-766d-490c-9422-9a90cd68289e,1760608109243659326,782.148,384.757,1,14,,-2.104969451484687,14.689598992330417
648286a4-8d21-418c-8c47-cd2ace0c239f,c2ca9808-766d-490c-9422-9a90cd68289e,1760608109248659326,775.632,390.251,1,14,,-2.532352722739941,14.33451020398571
648286a4-8d21-418c-8c47-cd2ace0c239f,c2ca9808-766d-490c-9422-9a90cd68289e,1760608109253659326,781.035,388.357,1,14,,-2.176925027468347,14.457635705974699
648286a4-8d21-418c-8c47-cd2ace0c239f,c2ca9808-766d-490c-9422-9a90cd68289e,1760608109258659326,780.783,388.378,1,14,,-2.1934931411840957,14.456249306028461
648286a4-8d21-418c-8c47-cd2ace0c239f,c2ca9808-766d-490c-9422-9a90cd68289e,1760608109263659326,777.167,388.723,1,14,,-2.4318313460256626,14.433217107797704
648286a4-8d21-418c-8c47-cd2ace0c239f,c2ca9808-766d-490c-9422-9a90cd68289e,1760608109268659326,778.03,386.326,1,14,,-2.376008625855119,14.58770591440847
648286a4-8d21-418c-8c47-cd2ace0c239f,c2ca9808-766d-490c-9422-9a90cd68289e,1760608109273666326,778.322,388.483,1,14,,-2.35577500576649,14.448917325222654
648286a4-8d21-418c-8c47-cd2ace0c239f,c2ca9808-766d-490c-9422-9a90cd68289e,1760608109278659326,778.743,389.045,1,14,,-2.3277717448859554,14.412890894736973
648286a4-8d21-418c-8c47-cd2ace0c239f,c2ca9808-766d-490c-9422-9a90cd68289e,1760608109283665326,779.616,388.055,1,14,,-2.2706477685269566,14.476781207458698
648286a4-8d21-418c-8c47-cd2ace0c239f,c2ca9808-766d-490c-9422-9a90cd68289e,1760608109288659326,778.721,388.683,1,14,,-2.329393154728031,14.436179663868018
648286a4-8d21-418c-8c47-cd2ace0c239f,c2ca9808-766d-490c-9422-9a90cd68289e,1760608109293671326,776.408,386.859,1,14,,-2.482749478844355,14.553025206103328
648286a4-8d21-418c-8c47-cd2ace0c239f,c2ca9808-766d-490c-9422-9a90cd68289e,1760608109298659326,776.323,386.455,1,14,,-2.488575110828323,14.579005310071366
648286a4-8d21-418c-8c47-cd2ace0c239f,c2ca9808-766d-490c-9422-9a90cd68289e,1760608109303662326,778.822,382.137,1,14,,-2.32565361417406,14.85746872230545
648286a4-8d21-418c-8c47-cd2ace0c239f,c2ca9808-766d-490c-9422-9a90cd68289e,1760608109308659326,776.701,384.214,1,14,,-2.4647349666375917,14.72332684648161
648286a4-8d21-418c-8c47-cd2ace0c239f,c2ca9808-766d-490c-9422-9a90cd68289e,1760608109313659326,778.839,384.848,1,14,,-2.323307681096593,14.683048670707503
648286a4-8d21-418c-8c47-cd2ace0c239f,c2ca9808-766d-490c-9422-9a90cd68289e,1760608109318794326,779.731,384.933,1,14,,-2.264396633940223,14.677743712250512
648286a4-8d21-418c-8c47-cd2ace0c239f,c2ca9808-766d-490c-9422-9a90cd68289e,1760608109323784326,778.643,386.454,1,14,,-2.335496901426583,14.579639772083969
648286a4-8d21-418c-8c47-cd2ace0c239f,c2ca9808-766d-490c-9422-9a90cd68289e,1760608109328784326,778.987,389.532,1,14,,-2.3114583519881045,14.381595312380231
648286a4-8d21-418c-8c47-cd2ace0c239f,c2ca9808-766d-490c-9422-9a90cd68289e,1760608109333794326,774.899,389.765,1,14,,-2.58093248749555,14.365549497546208
648286a4-8d21-418c-8c47-cd2ace0c239f,c2ca9808-766d-490c-9422-9a90cd68289e,1760608109338786326,776.91,384.847,1,14,,-2.4505881716677136,14.682593911950573
648286a4-8d21-418c-8c47-cd2ace0c239f,c2ca9808-766d-490c-9422-9a90cd68289e,1760608109343784326,781.285,390.139,1,14,,-2.159655318240681,14.34301024060043
648286a4-8d21-418c-8c47-cd2ace0c239f,c2ca9808-766d-490c-9422-9a90cd68289e,1760608109348785326,779.858,388.392,1,14,,-2.254488433626849,14.45512312801718
648286a4-8d21-418c-8c47-cd2ace0c239f,c2ca9808-766d-490c-9422-9a90cd68289e,1760608109353786326,779.604,388.014,1,14,,-2.2714104829502584,14.479441950825658
648286a4-8d21-418c-8c47-cd2ace0c239f,c2ca9808-766d-490c-9422-9a90cd68289e,1760608109358785326,775.966,386.553,1,14,,-2.512108476976983,14.57257441785052
648286a4-8d21-418c-8c47-cd2ace0c239f,c2ca9808-766d-490c-9422-9a90cd68289e,1760608109363785326,779.33,387.413,1,14,,-2.2897933824490098,14.518055936241696
648286a4-8d21-418c-8c47-cd2ace0c239f,c2ca9808-766d-490c-9422-9a90cd68289e,1760608109368785326,777.746,385.968,1,14,,-2.3949067663020704,14.610699381028859
648286a4-8d21-418c-8c47-cd2ace0c239f,c2ca9808-766d-490c-9422-9a90cd68289e,1760608109373785326,778.473,386.139,1,,,-2.3468535987409256,14.59983386280264
648286a4-8d21-418c-8c47-cd2ace0c239f,c2ca9808-766d-490c-9422-9a90cd68289e,1760608109378785326,777.864,383.714,1,,,-2.388192662299374,14.755744556841401
648286a4-8d21-418c-8c47-cd2ace0c239f,c2ca9808-766d-490c-9422-9a90cd68289e,1760608109383785326,776.4,385.822,1,,,-2.483819379345861,14.619742217003882
648286a4-8d21-418c-8c47-cd2ace0c239f,c2ca9808-766d-490c-9422-9a90cd68289e,1760608109388788326,763.61,393.804,1,,,-3.322761604713542,14.102291905172544
648286a4-8d21-418c-8c47-cd2ace0c239f,c2ca9808-766d-490c-9422-9a90cd68289e,1760608109393793326,746.342,404.517,1,,,-4.451914597985349,13.406204632244192
648286a4-8d21-418c-8c47-cd2ace0c239f,c2ca9808-766d-490c-9422-9a90cd68289e,1760608109398785326,723.502,412.937,1,,,-5.945158486857467,12.853181973669118
648286a4-8d21-418c-8c47-cd2ace0c239f,c2ca9808-766d-490c-9422-9a90cd68289e,1760608109403785326,726.667,415.794,1,,,-5.734731596815175,12.671129310728132
648286a4-8d21-418c-8c47-cd2ace0c239f,c2ca9808-766d-490c-9422-9a90cd68289e,1760608109408785326,723.699,412.324,1,15,,-5.932803191833415,12.892717225653413
648286a4-8d21-418c-8c47-cd2ace0c239f,c2ca9808-766d-490c-9422-9a90cd68289e,1760608109413785326,724.866,412.284,1,15,,-5.856213899152049,12.895943078706033
648286a4-8d21-418c-8c47-cd2ace0c239f,c2ca9808-766d-490c-9422-9a90cd68289e,1760608109418785326,725.599,412.52,1,15,,-5.807898342805391,12.881180909632961
648286a4-8d21-418c-8c47-cd2ace0c239f,c2ca9808-766d-490c-9422-9a90cd68289e,1760608109423785326,722.813,414.235,1,15,,-5.989061403788247,12.769329938800954
648286a4-8d21-418c-8c47-cd2ace0c239f,c2ca9808-766d-490c-9422-9a90cd68289e,1760608109428785326,724.312,411.849,1,15,,-5.893020166468423,12.923598627800262
648286a4-8d21-418c-8c47-cd2ace0c239f,c2ca9808-766d-490c-9422-9a90cd68289e,1760608109433788326,723.358,411.564,1,15,,-5.955930908717613,12.941404215970529
648286a4-8d21-418c-8c47-cd2ace0c239f,c2ca9808-766d-490c-9422-9a90cd68289e,1760608109438785326,721.058,411.088,1,15,,-6.107406629152365,12.97072946016287
648286a4-8d21-418c-8c47-cd2ace0c239f,c2ca9808-766d-490c-9422-9a90cd68289e,1760608109443785326,720.771,411.724,1,15,,-6.125590238908999,12.929677118130195
648286a4-8d21-418c-8c47-cd2ace0c239f,c2ca9808-766d-490c-9422-9a90cd68289e,1760608109448786326,719.629,411.611,1,15,,-6.2006719910067085,12.93626446465093
648286a4-8d21-418c-8c47-cd2ace0c239f,c2ca9808-766d-490c-9422-9a90cd68289e,1760608109453786326,718.089,415.125,1,15,,-6.298169562523907,12.709366064983131
648286a4-8d21-418c-8c47-cd2ace0c239f,c2ca9808-766d-490c-9422-9a90cd68289e,1760608109458800326,725.124,415.16,1,15,,-5.836547233686412,12.711075243958339
648286a4-8d21-418c-8c47-cd2ace0c239f,c2ca9808-766d-490c-9422-9a90cd68289e,1760608109463911326,723.927,416.363,1,15,,-5.913933861704747,12.633062697534125
648286a4-8d21-418c-8c47-cd2ace0c239f,c2ca9808-766d-490c-9422-9a90cd68289e,1760608109468911326,723.993,414.232,1,15,,-5.9116476449015565,12.770193751497905
648286a4-8d21-418c-8c47-cd2ace0c239f,c2ca9808-766d-490c-9422-9a90cd68289e,1760608109473924326,724.842,410.312,1,15,,-5.859672838357375,13.022795420106949
648286a4-8d21-418c-8c47-cd2ace0c239f,c2ca9808-766d-490c-9422-9a90cd68289e,1760608109478914326,722.699,411.283,1,15,,-5.999471520156071,12.959143924623673
648286a4-8d21-418c-8c47-cd2ace0c239f,c2ca9808-766d-490c-9422-9a90cd68289e,1760608109483911326,718.426,415.8,1,15,,-6.275415608639752,12.666176737827232
648286a4-8d21-418c-8c47-cd2ace0c239f,c2ca9808-766d-490c-9422-9a90cd68289e,1760608109488911326,718.199,412.26,1,15,,-6.293916185092804,12.893704467529988
648286a4-8d21-418c-8c47-cd2ace0c239f,c2ca9808-766d-490c-9422-9a90cd68289e,1760608109493911326,721.387,415.055,1,15,,-6.081858017313372,12.715786685794713
648286a4-8d21-418c-8c47-cd2ace0c239f,c2ca9808-766d-490c-9422-9a90cd68289e,1760608109498922326,721.734,413.047,1,15,,-6.061044134366538,12.845153176678487
648286a4-8d21-418c-8c47-cd2ace0c239f,c2ca9808-766d-490c-9422-9a90cd68289e,1760608109503911326,718.876,414.506,1,15,,-6.247187721063019,12.74964172509072
648286a4-8d21-418c-8c47-cd2ace0c239f,c2ca9808-766d-490c-9422-9a90cd68289e,1760608109508926326,718.349,412.623,1,15,,-6.2837077951647435,12.87044403407775
648286a4-8d21-418c-8c47-cd2ace0c239f,c2ca9808-766d-490c-9422-9a90cd68289e,1760608109513911326,719.05,410.61,1,15,,-6.2397182371253495,13.00031784333457
648286a4-8d21-418c-8c47-cd2ace0c239f,c2ca9808-766d-490c-9422-9a90cd68289e,1760608109518911326,717.738,412.723,1,15,,-6.323707760453376,12.8636495211711
648286a4-8d21-418c-8c47-cd2ace0c239f,c2ca9808-766d-490c-9422-9a90cd68289e,1760608109523914326,715.912,415.45,1,15,,-6.440727795568776,12.687238051889459
648286a4-8d21-418c-8c47-cd2ace0c239f,c2ca9808-766d-490c-9422-9a90cd68289e,1760608109528911326,717.071,413.499,1,15,,-6.36663952456432,12.813320234760535
648286a4-8d21-418c-8c47-cd2ace0c239f,c2ca9808-766d-490c-9422-9a90cd68289e,1760608109533911326,717.385,409.066,1,15,,-6.350656434829709,13.098554474288902
648286a4-8d21-418c-8c47-cd2ace0c239f,c2ca9808-766d-490c-9422-9a90cd68289e,1760608109538911326,718.934,410.749,1,15,,-6.247189830222501,12.991311307196392
648286a4-8d21-418c-8c47-cd2ace0c239f,c2ca9808-766d-490c-9422-9a90cd68289e,1760608109543911326,717.417,414.143,1,15,,-6.34328606853555,12.772129127958603
648286a4-8d21-418c-8c47-cd2ace0c239f,c2ca9808-766d-490c-9422-9a90cd68289e,1760608109548911326,717.829,415.224,1,15,,-6.315181109661752,12.70284464401063
648286a4-8d21-418c-8c47-cd2ace0c239f,c2ca9808-766d-490c-9422-9a90cd68289e,1760608109553912326,716.092,413.19,1,15,,-6.431233410177484,12.832633014493402
648286a4-8d21-418c-8c47-cd2ace0c239f,c2ca9808-766d-490c-9422-9a90cd68289e,1760608109558923326,714.384,412.904,1,15,,-6.543610483216991,12.849953078029573
648286a4-8d21-418c-8c47-cd2ace0c239f,c2ca9808-766d-490c-9422-9a90cd68289e,1760608109563912326,715.212,411.811,1,15,,-6.490468021745869,12.920729700109833
648286a4-8d21-418c-8c47-cd2ace0c239f,c2ca9808-766d-490c-9422-9a90cd68289e,1760608109568912326,720.455,410.34,1,15,,-6.147766361916305,13.018506084869998
648286a4-8d21-418c-8c47-cd2ace0c239f,c2ca9808-766d-490c-9422-9a90cd68289e,1760608109573912326,719.66,410.13,1,15,,-6.200155998730719,13.031507374087766
648286a4-8d21-418c-8c47-cd2ace0c239f,c2ca9808-766d-490c-9422-9a90cd68289e,1760608109578912326,717.003,412.848,1,15,,-6.371793148507237,12.855188338223487
648286a4-8d21-418c-8c47-cd2ace0c239f,c2ca9808-766d-490c-9422-9a90cd68289e,1760608109583912326,718.672,413.039,1,15,,-6.262077541227737,12.843849485563407
648286a4-8d21-418c-8c47-cd2ace0c239f,c2ca9808-766d-490c-9422-9a90cd68289e,1760608109588912326,715.971,410.059,1,15,,-6.442517542703959,13.033836287829367
648286a4-8d21-418c-8c47-cd2ace0c239f,c2ca9808-766d-490c-9422-9a90cd68289e,1760608109594040326,716.925,413.162,1,15,,-6.3766270803060605,12.834951665920023
648286a4-8d21-418c-8c47-cd2ace0c239f,c2ca9808-766d-490c-9422-9a90cd68289e,1760608109599054326,715.048,414.806,1,15,,-6.498033038322591,12.72807358124087
648286a4-8d21-418c-8c47-cd2ace0c239f,c2ca9808-766d-490c-9422-9a90cd68289e,1760608109604037326,714.993,415.103,1,15,,-6.501359281057279,12.708991448550883
648286a4-8d21-418c-8c47-cd2ace0c239f,c2ca9808-766d-490c-9422-9a90cd68289e,1760608109609037326,714.946,414.3,1,15,,-6.505267865551624,12.760542604967238
648286a4-8d21-418c-8c47-cd2ace0c239f,c2ca9808-766d-490c-9422-9a90cd68289e,1760608109614037326,716.01,412.756,1,15,,-6.437059743983577,12.860489092346516
648286a4-8d21-418c-8c47-cd2ace0c239f,c2ca9808-766d-490c-9422-9a90cd68289e,1760608109619037326,717.063,412.822,1,15,,-6.367869438329359,12.85687053997211
648286a4-8d21-418c-8c47-cd2ace0c239f,c2ca9808-766d-490c-9422-9a90cd68289e,1760608109624040326,717.609,413.651,1,15,,-6.331226279639992,12.803914772567456
648286a4-8d21-418c-8c47-cd2ace0c239f,c2ca9808-766d-490c-9422-9a90cd68289e,1760608109629037326,718.449,414.751,1,15,,-6.274935615394102,12.733622048419587
648286a4-8d21-418c-8c47-cd2ace0c239f,c2ca9808-766d-490c-9422-9a90cd68289e,1760608109634037326,718.588,409.216,1,15,,-6.271486217889982,13.089629734730137
648286a4-8d21-418c-8c47-cd2ace0c239f,c2ca9808-766d-490c-9422-9a90cd68289e,1760608109639037326,719.69,411.141,1,15,,-6.197151578844772,12.966525246656806
648286a4-8d21-418c-8c47-cd2ace0c239f,c2ca9808-766d-490c-9422-9a90cd68289e,1760608109644037326,720.278,410.076,1,15,,-6.159633746971355,13.03534351828805
648286a4-8d21-418c-8c47-cd2ace0c239f,c2ca9808-766d-490c-9422-9a90cd68289e,1760608109649038326,717.042,410.363,1,15,,-6.371859765892549,13.014958310101605
648286a4-8d21-418c-8c47-cd2ace0c239f,c2ca9808-766d-490c-9422-9a90cd68289e,1760608109654041326,715.217,410.302,1,15,,-6.491746222505345,13.017777500901785
648286a4-8d21-418c-8c47-cd2ace0c239f,c2ca9808-766d-490c-9422-9a90cd68289e,1760608109659040326,714.086,408.009,1,15,,-6.568470585039235,13.164472061294868
648286a4-8d21-418c-8c47-cd2ace0c239f,c2ca9808-766d-490c-9422-9a90cd68289e,1760608109664038326,716.917,411.766,1,15,,-6.378551773529645,12.92465758230285
648286a4-8d21-418c-8c47-cd2ace0c239f,c2ca9808-766d-490c-9422-9a90cd68289e,1760608109669038326,711.086,414.599,1,15,,-6.758260529614097,12.738972325622544
648286a4-8d21-418c-8c47-cd2ace0c239f,c2ca9808-766d-490c-9422-9a90cd68289e,1760608109674039326,713.375,409.265,1,15,,-6.6138005323383515,13.083259453248099
648286a4-8d21-418c-8c47-cd2ace0c239f,c2ca9808-766d-490c-9422-9a90cd68289e,1760608109679038326,713.708,408.274,1,15,,-6.593023632772948,13.147229265361469
648286a4-8d21-418c-8c47-cd2ace0c239f,c2ca9808-766d-490c-9422-9a90cd68289e,1760608109684043326,709.597,411.783,1,15,,-6.859033458959141,12.918994436034597
648286a4-8d21-418c-8c47-cd2ace0c239f,c2ca9808-766d-490c-9422-9a90cd68289e,1760608109689038326,711.613,411.7,1,15,,-6.726835233324479,12.925626564514353
648286a4-8d21-418c-8c47-cd2ace0c239f,c2ca9808-766d-490c-9422-9a90cd68289e,1760608109694038326,715.455,410.464,1,15,,-6.475955584467242,13.007531541417707
648286a4-8d21-418c-8c47-cd2ace0c239f,c2ca9808-766d-490c-9422-9a90cd68289e,1760608109699038326,711.604,408.302,1,15,,-6.731198744763473,13.144084363211
648286a4-8d21-418c-8c47-cd2ace0c239f,c2ca9808-766d-490c-9422-9a90cd68289e,1760608109704038326,713.15,409.953,1,15,,-6.627863534523453,13.038900268561894
648286a4-8d21-418c-8c47-cd2ace0c239f,c2ca9808-766d-490c-9422-9a90cd68289e,1760608109709044326,713.417,409.965,1,15,,-6.610284551345769,13.038293371879394
648286a4-8d21-418c-8c47-cd2ace0c239f,c2ca9808-766d-490c-9422-9a90cd68289e,1760608109714038326,714.594,412.645,1,15,,-6.530142314289262,12.866768557920544
648286a4-8d21-418c-8c47-cd2ace0c239f,c2ca9808-766d-490c-9422-9a90cd68289e,1760608109719038326,717.564,413.544,1,15,,-6.334288192790604,12.810760198304907
648286a4-8d21-418c-8c47-cd2ace0c239f,c2ca9808-766d-490c-9422-9a90cd68289e,1760608109724039326,716.033,407.219,1,15,,-6.441484414185809,13.216504632999664
648286a4-8d21-418c-8c47-cd2ace0c239f,c2ca9808-766d-490c-9422-9a90cd68289e,1760608109729163326,713.889,411.24,1,15,,-6.577907125536523,12.956644953267816
648286a4-8d21-418c-8c47-cd2ace0c239f,c2ca9808-766d-490c-9422-9a90cd68289e,1760608109734163326,713.565,411.834,1,15,,-6.598545859101986,12.918279104460954
648286a4-8d21-418c-8c47-cd2ace0c239f,c2ca9808-766d-490c-9422-9a90cd68289e,1760608109739166326,713.143,407.866,1,15,,-6.630608900250755,13.17309013546177
648286a4-8d21-418c-8c47-cd2ace0c239f,c2ca9808-766d-490c-9422-9a90cd68289e,1760608109744164326,713.621,413.018,1,15,,-6.593617607641905,12.842155764571771
648286a4-8d21-418c-8c47-cd2ace0c239f,c2ca9808-766d-490c-9422-9a90cd68289e,1760608109749164326,713.841,415.098,1,15,,-6.576968922204012,12.708577903079059
648286a4-8d21-418c-8c47-cd2ace0c239f,c2ca9808-766d-490c-9422-9a90cd68289e,1760608109754164326,714.233,416.787,1,15,,-6.549426212214821,12.600255334326812
648286a4-8d21-418c-8c47-cd2ace0c239f,c2ca9808-766d-490c-9422-9a90cd68289e,1760608109759164326,715.266,414.637,1,15,,-6.48392140815796,12.739109443703189
648286a4-8d21-418c-8c47-cd2ace0c239f,c2ca9808-766d-490c-9422-9a90cd68289e,1760608109764164326,712.1,411.392,1,15,,-6.695165852648221,12.945768358838645
648286a4-8d21-418c-8c47-cd2ace0c239f,c2ca9808-766d-490c-9422-9a90cd68289e,1760608109769164326,713.166,410.403,1,15,,-6.626309301956231,13.009990672359963
648286a4-8d21-418c-8c47-cd2ace0c239f,c2ca9808-766d-490c-9422-9a90cd68289e,1760608109774164326,714.254,409.363,1,15,,-6.555987546810168,13.077522153479281
648286a4-8d21-418c-8c47-cd2ace0c239f,c2ca9808-766d-490c-9422-9a90cd68289e,1760608109779164326,711.442,409.416,1,15,,-6.74057261897062,13.072330537649147
648286a4-8d21-418c-8c47-cd2ace0c239f,c2ca9808-766d-490c-9422-9a90cd68289e,1760608109784164326,710.294,410.528,1,15,,-6.814726026942561,13.000152617765735
648286a4-8d21-418c-8c47-cd2ace0c239f,c2ca9808-766d-490c-9422-9a90cd68289e,1760608109789176326,713.486,411.512,1,15,,-6.604074702144861,12.938932812577765
648286a4-8d21-418c-8c47-cd2ace0c239f,c2ca9808-766d-490c-9422-9a90cd68289e,1760608109794164326,713.476,405.451,1,15,,-6.611420184555744,13.328498011614215
648286a4-8d21-418c-8c47-cd2ace0c239f,c2ca9808-766d-490c-9422-9a90cd68289e,1760608109799164326,710.938,409.375,1,15,,-6.7737485448597,13.074665379338624
648286a4-8d21-418c-8c47-cd2ace0c239f,c2ca9808-766d-490c-9422-9a90cd68289e,1760608109804164326,711.354,409.936,1,15,,-6.745796402017804,13.038901016437574
648286a4-8d21-418c-8c47-cd2ace0c239f,c2ca9808-766d-490c-9422-9a90cd68289e,1760608109809164326,709.346,406.648,1,15,,-6.881410035091907,13.248868025991893
648286a4-8d21-418c-8c47-cd2ace0c239f,c2ca9808-766d-490c-9422-9a90cd68289e,1760608109814164326,710.895,404.186,1,15,,-6.782449803682264,13.408094176417697
648286a4-8d21-418c-8c47-cd2ace0c239f,c2ca9808-766d-490c-9422-9a90cd68289e,1760608109819164326,715.991,406.744,1,15,,-6.444752812079416,13.24699438050861
648286a4-8d21-418c-8c47-cd2ace0c239f,c2ca9808-766d-490c-9422-9a90cd68289e,1760608109824164326,716.758,406.693,1,15,,-6.394372920381949,13.250718704753456
648286a4-8d21-418c-8c47-cd2ace0c239f,c2ca9808-766d-490c-9422-9a90cd68289e,1760608109829164326,716.488,407.784,1,15,,-6.4109363074883365,13.180425977874917
648286a4-8d21-418c-8c47-cd2ace0c239f,c2ca9808-766d-490c-9422-9a90cd68289e,1760608109834165326,713.712,404.495,1,15,,-6.596940891829412,13.39010190072554
648286a4-8d21-418c-8c47-cd2ace0c239f,c2ca9808-766d-490c-9422-9a90cd68289e,1760608109839172326,707.622,410.946,1,15,,-6.989653987808314,12.97154621354921
648286a4-8d21-418c-8c47-cd2ace0c239f,c2ca9808-766d-490c-9422-9a90cd68289e,1760608109844168326,710.7,411.932,1,15,,-6.786485673469621,12.910127839808725
648286a4-8d21-418c-8c47-cd2ace0c239f,c2ca9808-766d-490c-9422-9a90cd68289e,1760608109849165326,711.625,411.433,1,,,-6.726316103288477,12.942804148127735
648286a4-8d21-418c-8c47-cd2ace0c239f,c2ca9808-766d-490c-9422-9a90cd68289e,1760608109854165326,713.688,407.991,1,,,-6.594653479556846,13.165379858833202
648286a4-8d21-418c-8c47-cd2ace0c239f,c2ca9808-766d-490c-9422-9a90cd68289e,1760608109859165326,713.883,408.405,1,,,-6.5814303065019795,13.138914217264826
648286a4-8d21-418c-8c47-cd2ace0c239f,c2ca9808-766d-490c-9422-9a90cd68289e,1760608109864290326,702.494,445.834,1,,,-7.288299697039215,10.725243361746202
648286a4-8d21-418c-8c47-cd2ace0c239f,c2ca9808-766d-490c-9422-9a90cd68289e,1760608109869290326,685.328,482.982,1,,,-8.372241867024837,8.326257145253846
648286a4-8d21-418c-8c47-cd2ace0c239f,c2ca9808-766d-490c-9422-9a90cd68289e,1760608109874295326,660.995,537.447,1,,,-9.909613462281502,4.812608798005546
648286a4-8d21-418c-8c47-cd2ace0c239f,c2ca9808-766d-490c-9422-9a90cd68289e,1760608109879290326,651.169,579.505,1,,,-10.526266130457982,2.1063039747007357
648286a4-8d21-418c-8c47-cd2ace0c239f,c2ca9808-766d-490c-9422-9a90cd68289e,1760608109884290326,638.657,625.118,1,,,-11.32948025721259,-0.8247519624983709
648286a4-8d21-418c-8c47-cd2ace0c239f,c2ca9808-766d-490c-9422-9a90cd68289e,1760608109889290326,647.501,645.594,1,,,-10.762966241200179,-2.1411117975351144
648286a4-8d21-418c-8c47-cd2ace0c239f,c2ca9808-766d-490c-9422-9a90cd68289e,1760608109894290326,625.776,667.66,1,,,-12.173756468943843,-3.5520449863644816
648286a4-8d21-418c-8c47-cd2ace0c239f,c2ca9808-766d-490c-9422-9a90cd68289e,1760608109899290326,643.425,694.163,1,,,-11.049949556936792,-5.259122423673183
648286a4-8d21-418c-8c47-cd2ace0c239f,c2ca9808-766d-490c-9422-9a90cd68289e,1760608109904290326,644.162,701.634,1,,,-11.007771141036486,-5.738947945820332
648286a4-8d21-418c-8c47-cd2ace0c239f,c2ca9808-766d-490c-9422-9a90cd68289e,1760608109909290326,643.671,696.606,1,,,-11.035772169125218,-5.416011390710873
648286a4-8d21-418c-8c47-cd2ace0c239f,c2ca9808-766d-490c-9422-9a90cd68289e,1760608109914290326,646.796,694.128,1,,,-10.831919967647586,-5.258340938510205
648286a4-8d21-418c-8c47-cd2ace0c239f,c2ca9808-766d-490c-9422-9a90cd68289e,1760608109919290326,645.515,693.462,1,,,-10.914286509388564,-5.214990240295389
648286a4-8d21-418c-8c47-cd2ace0c239f,c2ca9808-766d-490c-9422-9a90cd68289e,1760608109924291326,645.247,690.235,1,,,-10.929444339103727,-5.007742427903745
648286a4-8d21-418c-8c47-cd2ace0c239f,c2ca9808-766d-490c-9422-9a90cd68289e,1760608109929290326,642.978,687.266,1,16,,-11.07416835216706,-4.816177269757833
648286a4-8d21-418c-8c47-cd2ace0c239f,c2ca9808-766d-490c-9422-9a90cd68289e,1760608109934291326,650.687,682.011,1,16,,-10.572720710095913,-4.4817044621357365
648286a4-8d21-418c-8c47-cd2ace0c239f,c2ca9808-766d-490c-9422-9a90cd68289e,1760608109939291326,649.404,679.269,1,16,,-10.65407513559583,-4.305057218467806
648286a4-8d21-418c-8c47-cd2ace0c239f,c2ca9808-766d-490c-9422-9a90cd68289e,1760608109944291326,656.788,679.303,1,16,,-10.176877484631328,-4.309815341141886
648286a4-8d21-418c-8c47-cd2ace0c239f,c2ca9808-766d-490c-9422-9a90cd68289e,1760608109949291326,656.446,687.525,1,16,,-10.203615209170675,-4.838064059302633
648286a4-8d21-418c-8c47-cd2ace0c239f,c2ca9808-766d-490c-9422-9a90cd68289e,1760608109954291326,645.349,695.401,1,16,,-10.926416189379802,-5.339425420246959
648286a4-8d21-418c-8c47-cd2ace0c239f,c2ca9808-766d-490c-9422-9a90cd68289e,1760608109959298326,649.925,689.578,1,16,,-10.626572528931506,-4.967425136198061
648286a4-8d21-418c-8c47-cd2ace0c239f,c2ca9808-766d-490c-9422-9a90cd68289e,1760608109964291326,658.609,677.916,1,16,,-10.058454644805737,-4.221227964437519
648286a4-8d21-418c-8c47-cd2ace0c239f,c2ca9808-766d-490c-9422-9a90cd68289e,1760608109969291326,660.747,678.232,1,16,,-9.92038013715092,-4.24220627202153
648286a4-8d21-418c-8c47-cd2ace0c239f,c2ca9808-766d-490c-9422-9a90cd68289e,1760608109974299326,652.671,674.442,1,16,,-10.440420653593842,-3.9960758568581047
648286a4-8d21-418c-8c47-cd2ace0c239f,c2ca9808-766d-490c-9422-9a90cd68289e,1760608109979291326,651.705,673.656,1,16,,-10.502431866139824,-3.945273134326803
648286a4-8d21-418c-8c47-cd2ace0c239f,c2ca9808-766d-490c-9422-9a90cd68289e,1760608109984303326,654.061,673.586,1,16,,-10.35016209247381,-3.9414575015861137
648286a4-8d21-418c-8c47-cd2ace0c239f,c2ca9808-766d-490c-9422-9a90cd68289e,1760608109989291326,651.63,684.27,1,16,,-10.51307264692858,-4.627121234467381
648286a4-8d21-418c-8c47-cd2ace0c239f,c2ca9808-766d-490c-9422-9a90cd68289e,1760608109994291326,654.045,679.729,1,16,,-10.354387297534617,-4.336264160882655
648286a4-8d21-418c-8c47-cd2ace0c239f,c2ca9808-766d-490c-9422-9a90cd68289e,1760608109999420326,654.948,680.72,1,16,,-10.296566320291149,-4.400241316097282
648286a4-8d21-418c-8c47-cd2ace0c239f,c2ca9808-766d-490c-9422-9a90cd68289e,1760608110004416326,653.449,676.938,1,16,,-10.391417821353242,-4.156688157559772
648286a4-8d21-418c-8c47-cd2ace0c239f,c2ca9808-766d-490c-9422-9a90cd68289e,1760608110009416326,653.561,678.519,1,16,,-10.384999693000767,-4.2583274656781684
648286a4-8d21-418c-8c47-cd2ace0c239f,c2ca9808-766d-490c-9422-9a90cd68289e,1760608110014417326,653.583,676.37,1,16,,-10.382433193909696,-4.120209939461629
648286a4-8d21-418c-8c47-cd2ace0c239f,c2ca9808-766d-490c-9422-9a90cd68289e,1760608110019424326,651.519,678.313,1,16,,-10.516856831001185,-4.244421983628433
648286a4-8d21-418c-8c47-cd2ace0c239f,c2ca9808-766d-490c-9422-9a90cd68289e,1760608110024416326,654.469,674.291,1,16,,-10.324124255736853,-3.986904513569384
648286a4-8d21-418c-8c47-cd2ace0c239f,c2ca9808-766d-490c-9422-9a90cd68289e,1760608110029416326,659.476,676.181,1,16,,-10.001534026275744,-4.109941874262443
648286a4-8d21-418c-8c47-cd2ace0c239f,c2ca9808-766d-490c-9422-9a90cd68289e,1760608110034417326,658.717,675.084,1,16,,-10.050070345293733,-4.039215253791423
648286a4-8d21-418c-8c47-cd2ace0c239f,c2ca9808-766d-490c-9422-9a90cd68289e,1760608110039416326,658.633,676.031,1,16,,-10.05597060655841,-4.1000605819268365
648286a4-8d21-418c-8c47-cd2ace0c239f,c2ca9808-766d-490c-9422-9a90cd68289e,1760608110044417326,658.455,674.394,1,16,,-10.066607584111592,-3.994797358545995
648286a4-8d21-418c-8c47-cd2ace0c239f,c2ca9808-766d-490c-9422-9a90cd68289e,1760608110049417326,656.639,681.638,1,16,,-10.18773389398014,-4.459783160659966
648286a4-8d21-418c-8c47-cd2ace0c239f,c2ca9808-766d-490c-9422-9a90cd68289e,1760608110054426326,657.734,681.584,1,16,,-10.11696043138995,-4.456688079765281
648286a4-8d21-418c-8c47-cd2ace0c239f,c2ca9808-766d-490c-9422-9a90cd68289e,1760608110059417326,660.918,674.287,1,16,,-9.90739724223268,-3.988631445248331
648286a4-8d21-418c-8c47-cd2ace0c239f,c2ca9808-766d-490c-9422-9a90cd68289e,1760608110064417326,659.419,674.202,1,16,,-10.00425074177638,-3.9827352721724756
648286a4-8d21-418c-8c47-cd2ace0c239f,c2ca9808-766d-490c-9422-9a90cd68289e,1760608110069417326,660.996,676.927,1,16,,-9.903678896247113,-4.158393771905586
648286a4-8d21-418c-8c47-cd2ace0c239f,c2ca9808-766d-490c-9422-9a90cd68289e,1760608110074417326,661.969,676.859,1,16,,-9.840749210603681,-4.154314512013498
648286a4-8d21-418c-8c47-cd2ace0c239f,c2ca9808-766d-490c-9422-9a90cd68289e,1760608110079417326,660.344,675.761,1,16,,-9.945252789899072,-4.083234444083461
648286a4-8d21-418c-8c47-cd2ace0c239f,c2ca9808-766d-490c-9422-9a90cd68289e,1760608110084418326,659.642,676.195,1,16,,-9.990795889959125,-4.110955508922472
648286a4-8d21-418c-8c47-cd2ace0c239f,c2ca9808-766d-490c-9422-9a90cd68289e,1760608110089426326,661.171,678.891,1,16,,-9.893341153466432,-4.284770038397305
648286a4-8d21-418c-8c47-cd2ace0c239f,c2ca9808-766d-490c-9422-9a90cd68289e,1760608110094417326,662.634,680.068,1,16,,-9.799382702797818,-4.360862666989333
648286a4-8d21-418c-8c47-cd2ace0c239f,c2ca9808-766d-490c-9422-9a90cd68289e,1760608110099420326,664.607,680.354,1,16,,-9.67193428078832,-4.379920645362988
648286a4-8d21-418c-8c47-cd2ace0c239f,c2ca9808-766d-490c-9422-9a90cd68289e,1760608110104417326,663.315,678.32,1,16,,-9.754463289575616,-4.2487325303089465
648286a4-8d21-418c-8c47-cd2ace0c239f,c2ca9808-766d-490c-9422-9a90cd68289e,1760608110109417326,660.253,680.178,1,16,,-9.953372486567913,-4.3671684438685485
648286a4-8d21-418c-8c47-cd2ace0c239f,c2ca9808-766d-490c-9422-9a90cd68289e,1760608110114425326,660.331,669.732,1,16,,-9.943229222128856,-3.695583800347034
648286a4-8d21-418c-8c47-cd2ace0c239f,c2ca9808-766d-490c-9422-9a90cd68289e,1760608110119417326,659.471,669.603,1,16,,-9.998731977687251,-3.6870385138089574
648286a4-8d21-418c-8c47-cd2ace0c239f,c2ca9808-766d-490c-9422-9a90cd68289e,1760608110124421326,657.596,671.513,1,16,,-10.120767390716294,-3.8093446207428965
648286a4-8d21-418c-8c47-cd2ace0c239f,c2ca9808-766d-490c-9422-9a90cd68289e,1760608110129418326,656.87,674.543,1,16,,-10.169141242641505,-4.003854392682772
648286a4-8d21-418c-8c47-cd2ace0c239f,c2ca9808-766d-490c-9422-9a90cd68289e,1760608110134420326,659.992,673.307,1,16,,-9.966806413358787,-3.925329537040997
648286a4-8d21-418c-8c47-cd2ace0c239f,c2ca9808-766d-490c-9422-9a90cd68289e,1760608110139543326,656.414,674.53,1,16,,-10.198613547251812,-4.002904490683928
648286a4-8d21-418c-8c47-cd2ace0c239f,c2ca9808-766d-490c-9422-9a90cd68289e,1760608110144543326,655.818,677.752,1,16,,-10.238736536138369,-4.20977417895699
648286a4-8d21-418c-8c47-cd2ace0c239f,c2ca9808-766d-490c-9422-9a90cd68289e,1760608110149543326,650.804,671.607,1,16,,-10.559605466975356,-3.813345915563605
648286a4-8d21-418c-8c47-cd2ace0c239f,c2ca9808-766d-490c-9422-9a90cd68289e,1760608110154543326,646.725,683.04,1,,,-10.829361779557113,-4.546337549100582
648286a4-8d21-418c-8c47-cd2ace0c239f,c2ca9808-766d-490c-9422-9a90cd68289e,1760608110159543326,655.022,687.42,1,,1,-10.295628244196028,-4.83076710442851
648286a4-8d21-418c-8c47-cd2ace0c239f,c2ca9808-766d-490c-9422-9a90cd68289e,1760608110164543326,669.816,684.154,1,,1,-9.337091620880472,-4.625995569570128
648286a4-8d21-418c-8c47-cd2ace0c239f,c2ca9808-766d-490c-9422-9a90cd68289e,1760608110169543326,680.301,675.175,1,,1,-8.654856179389059,-4.051301479757266
648286a4-8d21-418c-8c47-cd2ace0c239f,c2ca9808-766d-490c-9422-9a90cd68289e,1760608110174543326,729.837,663.14,1,,1,-5.447183765603389,-3.2851343565209765
648286a4-8d21-418c-8c47-cd2ace0c239f,c2ca9808-766d-490c-9422-9a90cd68289e,1760608110179543326,757.41,675.377,1,,1,-3.6651047717730867,-4.07903615363301
648286a4-8d21-418c-8c47-cd2ace0c239f,c2ca9808-766d-490c-9422-9a90cd68289e,1760608110184543326,791.488,650.299,1,,1,-1.4568688104564946,-2.4599560513866483
648286a4-8d21-418c-8c47-cd2ace0c239f,c2ca9808-766d-490c-9422-9a90cd68289e,1760608110189543326,830.397,641.292,1,,1,1.0601737570181524,-1.877426282266618
648286a4-8d21-418c-8c47-cd2ace0c239f,c2ca9808-766d-490c-9422-9a90cd68289e,1760608110194546326,858.004,621.412,1,,1,2.844561973872595,-0.5911821932922247
648286a4-8d21-418c-8c47-cd2ace0c239f,c2ca9808-766d-490c-9422-9a90cd68289e,1760608110199543326,878.548,582.211,1,,1,4.173529794388065,1.9424378900663186
648286a4-8d21-418c-8c47-cd2ace0c239f,c2ca9808-766d-490c-9422-9a90cd68289e,1760608110204543326,892.082,562.469,1,,1,5.051144817621043,3.2163657755724007
648286a4-8d21-418c-8c47-cd2ace0c239f,c2ca9808-766d-490c-9422-9a90cd68289e,1760608110209549326,897.516,528.047,1,,1,5.411936125160962,5.4372926477500965
648286a4-8d21-418c-8c47-cd2ace0c239f,c2ca9808-766d-490c-9422-9a90cd68289e,1760608110214543326,880.772,514.589,1,,1,4.3313191978014025,6.3096655940977175
648286a4-8d21-418c-8c47-cd2ace0c239f,c2ca9808-766d-490c-9422-9a90cd68289e,1760608110219543326,867.47,474.554,1,,1,3.4809955189228674,8.896365314284981
648286a4-8d21-418c-8c47-cd2ace0c239f,c2ca9808-766d-490c-9422-9a90cd68289e,1760608110224543326,866.05,476.912,1,,1,3.3877160615799986,8.744567080652857
648286a4-8d21-418c-8c47-cd2ace0c239f,c2ca9808-766d-490c-9422-9a90cd68289e,1760608110229544326,849.832,477.736,1,,1,2.331815353802558,8.694740617882308
648286a4-8d21-418c-8c47-cd2ace0c239f,c2ca9808-766d-490c-9422-9a90cd68289e,1760608110234549326,858.718,455.951,1,,1,2.917175087827172,10.098388450815568
648286a4-8d21-418c-8c47-cd2ace0c239f,c2ca9808-766d-490c-9422-9a90cd68289e,1760608110239544326,860.94,457.186,1,,1,3.0617138032774864,10.018252227860748
648286a4-8d21-418c-8c47-cd2ace0c239f,c2ca9808-766d-490c-9422-9a90cd68289e,1760608110244551326,858.396,457.13,1,,1,2.8957583135976592,10.022470267923612
648286a4-8d21-418c-8c47-cd2ace0c239f,c2ca9808-766d-490c-9422-9a90cd68289e,1760608110249544326,857.364,457.321,1,,1,2.8283386915003548,10.010364389762207
648286a4-8d21-418c-8c47-cd2ace0c239f,c2ca9808-766d-490c-9422-9a90cd68289e,1760608110254544326,855.82,454.826,1,,1,2.7284485254307413,10.171647464970913
648286a4-8d21-418c-8c47-cd2ace0c239f,c2ca9808-766d-490c-9422-9a90cd68289e,1760608110259544326,845.503,438.815,1,,1,2.0590904502704532,11.206213929554321
648286a4-8d21-418c-8c47-cd2ace0c239f,c2ca9808-766d-490c-9422-9a90cd68289e,1760608110264544326,834.939,436.495,1,,1,1.3685297673801138,11.357554531326878
648286a4-8d21-418c-8c47-cd2ace0c239f,c2ca9808-766d-490c-9422-9a90cd68289e,1760608110269544326,918.638,479.889,1,,1,6.806554996094953,8.534254326592183
648286a4-8d21-418c-8c47-cd2ace0c239f,c2ca9808-766d-490c-9422-9a90cd68289e,1760608110274684326,801.421,460.854,1,,1,-0.8220551452240208,9.787520641987816
648286a4-8d21-418c-8c47-cd2ace0c239f,c2ca9808-766d-490c-9422-9a90cd68289e,1760608110279680326,826.163,508.682,1,,1,0.7889336215608849,6.6986850311226
648286a4-8d21-418c-8c47-cd2ace0c239f,c2ca9808-766d-490c-9422-9a90cd68289e,1760608110284669326,874.29,554.508,1,,1,3.9018531479922887,3.732805090006855
648286a4-8d21-418c-8c47-cd2ace0c239f,c2ca9808-766d-490c-9422-9a90cd68289e,1760608110289669326,951.06,561.461,1,,1,8.861561859337083,3.2708482502769898
648286a4-8d21-418c-8c47-cd2ace0c239f,c2ca9808-766d-490c-9422-9a90cd68289e,1760608110294677326,936.475,537.903,1,,1,7.92886288619951,4.79143836590407
648286a4-8d21-418c-8c47-cd2ace0c239f,c2ca9808-766d-490c-9422-9a90cd68289e,1760608110299669326,748.311,434.816,1,,1,-4.301760911125102,11.456156913454238
648286a4-8d21-418c-8c47-cd2ace0c239f,c2ca9808-766d-490c-9422-9a90cd68289e,1760608110304669326,814.457,524.1,1,,1,0.02898266129606266,5.702586778210624
648286a4-8d21-418c-8c47-cd2ace0c239f,c2ca9808-766d-490c-9422-9a90cd68289e,1760608110309669326,721.445,486.391,1,,1,-6.021776668166571,8.122711557267541
648286a4-8d21-418c-8c47-cd2ace0c239f,c2ca9808-766d-490c-9422-9a90cd68289e,1760608110314669326,807.192,406.582,1,,1,-0.44992247310205813,13.287097578219916
648286a4-8d21-418c-8c47-cd2ace0c239f,c2ca9808-766d-490c-9422-9a90cd68289e,1760608110319669326,746.625,410.304,1,,1,-4.42894275570546,13.033868474117506
648286a4-8d21-418c-8c47-cd2ace0c239f,c2ca9808-766d-490c-9422-9a90cd68289e,1760608110324670326,816.763,356.046,1,,1,0.17983695625423693,16.53995959520962
648286a4-8d21-418c-8c47-cd2ace0c239f,c2ca9808-766d-490c-9422-9a90cd68289e,1760608110329670326,790.699,365.439,1,,1,-1.546810824312995,15.934256582331265
648286a4-8d21-418c-8c47-cd2ace0c239f,c2ca9808-766d-490c-9422-9a90cd68289e,1760608110334670326,791.146,381.282,1,,1,-1.5121671915703823,14.914915862206552
648286a4-8d21-418c-8c47-cd2ace0c239f,c2ca9808-766d-490c-9422-9a90cd68289e,1760608110339670326,774.478,409.135,1,,1,-2.5996321994492626,13.118332264705689
648286a4-8d21-418c-8c47-cd2ace0c239f,c2ca9808-766d-490c-9422-9a90cd68289e,1760608110344670326,774.167,408.742,1,,1,-2.6202436501357793,13.143526185915121
648286a4-8d21-418c-8c47-cd2ace0c239f,c2ca9808-766d-490c-9422-9a90cd68289e,1760608110349670326,776.461,421.682,1,,1,-2.4641797615653305,12.310480496390797
648286a4-8d21-418c-8c47-cd2ace0c239f,c2ca9808-766d-490c-9422-9a90cd68289e,1760608110354673326,793.409,415.188,1,,1,-1.354082151036146,12.731668431476137
648286a4-8d21-418c-8c47-cd2ace0c239f,c2ca9808-766d-490c-9422-9a90cd68289e,1760608110359670326,808.177,441.979,1,,1,-0.38250038570193673,11.00545139535234
648286a4-8d21-418c-8c47-cd2ace0c239f,c2ca9808-766d-490c-9422-9a90cd68289e,1760608110364670326,830.475,431.209,1,,1,1.0770981994646929,11.698899345474377
648286a4-8d21-418c-8c47-cd2ace0c239f,c2ca9808-766d-490c-9422-9a90cd68289e,1760608110369670326,824.046,431.171,1,17,1,0.6560915132631806,11.70195414622973
648286a4-8d21-418c-8c47-cd2ace0c239f,c2ca9808-766d-490c-9422-9a90cd68289e,1760608110374679326,820.253,433.561,1,17,1,0.4075520081657328,11.548133812919858
648286a4-8d21-418c-8c47-cd2ace0c239f,c2ca9808-766d-490c-9422-9a90cd68289e,1760608110379678326,823.272,432.845,1,17,1,0.6052781850118537,11.594062961829835
648286a4-8d21-418c-8c47-cd2ace0c239f,c2ca9808-766d-490c-9422-9a90cd68289e,1760608110384670326,815.459,439.896,1,17,1,0.09369776551924053,11.139747524046305
648286a4-8d21-418c-8c47-cd2ace0c239f,c2ca9808-766d-490c-9422-9a90cd68289e,1760608110389670326,817.479,440.909,1,17,1,0.22583794143715077,11.074375535416605
648286a4-8d21-418c-8c47-cd2ace0c239f,c2ca9808-766d-490c-9422-9a90cd68289e,1760608110394670326,817.729,441.195,1,17,1,0.24217657517625546,11.055924956037195
648286a4-8d21-418c-8c47-cd2ace0c239f,c2ca9808-766d-490c-9422-9a90cd68289e,1760608110399670326,816.652,443.592,1,17,1,0.17171615122066178,10.901381136562446
648286a4-8d21-418c-8c47-cd2ace0c239f,c2ca9808-766d-490c-9422-9a90cd68289e,1760608110404670326,812.027,441.748,1,17,1,-0.13069257495596157,11.020404795820195
648286a4-8d21-418c-8c47-cd2ace0c239f,c2ca9808-766d-490c-9422-9a90cd68289e,1760608110409795326,812.933,448.648,1,17,1,-0.07127251364944132,10.575309886289263
648286a4-8d21-418c-8c47-cd2ace0c239f,c2ca9808-766d-490c-9422-9a90cd68289e,1760608110414795326,813.428,446.829,1,17,1,-0.03899166965230533,10.692629024712385
648286a4-8d21-418c-8c47-cd2ace0c239f,c2ca9808-766d-490c-9422-9a90cd68289e,1760608110419796326,811.422,445.928,1,17,1,-0.17013531000215262,10.75079019560681
648286a4-8d21-418c-8c47-cd2ace0c239f,c2ca9808-766d-490c-9422-9a90cd68289e,1760608110424796326,816.303,448.805,1,17,1,0.14890738025835934,10.565129193456913
648286a4-8d21-418c-8c47-cd2ace0c239f,c2ca9808-766d-490c-9422-9a90cd68289e,1760608110429796326,815.117,443.178,1,17,1,0.07140154666180624,10.928125705350299
648286a4-8d21-418c-8c47-cd2ace0c239f,c2ca9808-766d-490c-9422-9a90cd68289e,1760608110434796326,816.905,442.287,1,17,1,0.18829265650482127,10.985543753222458
648286a4-8d21-418c-8c47-cd2ace0c239f,c2ca9808-766d-490c-9422-9a90cd68289e,1760608110439796326,816.927,442.596,1,17,1,0.18969877971992918,10.965618274031089
648286a4-8d21-418c-8c47-cd2ace0c239f,c2ca9808-766d-490c-9422-9a90cd68289e,1760608110444796326,815.824,443.766,1,17,1,0.11760774156643375,10.890150803018754
648286a4-8d21-418c-8c47-cd2ace0c239f,c2ca9808-766d-490c-9422-9a90cd68289e,1760608110449796326,814.992,443.249,1,17,1,0.06318097178155077,10.923520602700044
648286a4-8d21-418c-8c47-cd2ace0c239f,c2ca9808-766d-490c-9422-9a90cd68289e,1760608110454799326,814.007,440.981,1,17,1,-0.0012404082517546017,11.06982503365137
648286a4-8d21-418c-8c47-cd2ace0c239f,c2ca9808-766d-490c-9422-9a90cd68289e,1760608110459796326,817.505,438.99,1,17,1,0.2275860689681606,11.198124599769438
648286a4-8d21-418c-8c47-cd2ace0c239f,c2ca9808-766d-490c-9422-9a90cd68289e,1760608110464796326,818.471,438.526,1,17,,0.29080673390735784,11.228057367011523
648286a4-8d21-418c-8c47-cd2ace0c239f,c2ca9808-766d-490c-9422-9a90cd68289e,1760608110469796326,816.852,438.899,1,17,,0.18483715103216866,11.20406251788352
648286a4-8d21-418c-8c47-cd2ace0c239f,c2ca9808-766d-490c-9422-9a90cd68289e,1760608110474796326,819.711,432.147,1,17,,0.3721454943120869,11.63928257341069
648286a4-8d21-418c-8c47-cd2ace0c239f,c2ca9808-766d-490c-9422-9a90cd68289e,1760608110479802326,819.939,435.282,1,17,,0.3869721970574611,11.437171354409791
648286a4-8d21-418c-8c47-cd2ace0c239f,c2ca9808-766d-490c-9422-9a90cd68289e,1760608110484796326,820.176,436.714,1,17,,0.40238101288875316,11.344804187929226
648286a4-8d21-418c-8c47-cd2ace0c239f,c2ca9808-766d-490c-9422-9a90cd68289e,1760608110489796326,821.476,435.629,1,17,,0.487549493165675,11.41471905766502
648286a4-8d21-418c-8c47-cd2ace0c239f,c2ca9808-766d-490c-9422-9a90cd68289e,1760608110494796326,820.134,434.134,1,17,,0.39974124744129624,11.511148270939946
648286a4-8d21-418c-8c47-cd2ace0c239f,c2ca9808-766d-490c-9422-9a90cd68289e,1760608110499796326,821.618,434.561,1,17,,0.4969015730146651,11.483544545434777
648286a4-8d21-418c-8c47-cd2ace0c239f,c2ca9808-766d-490c-9422-9a90cd68289e,1760608110504796326,820.263,431.908,1,17,,0.40829859537413776,11.654680258866943
648286a4-8d21-418c-8c47-cd2ace0c239f,c2ca9808-766d-490c-9422-9a90cd68289e,1760608110509796326,821.878,434.869,1,17,,0.5138970694643279,11.463669832982491
648286a4-8d21-418c-8c47-cd2ace0c239f,c2ca9808-766d-490c-9422-9a90cd68289e,1760608110514796326,821.869,429.679,1,17,,0.5135795979146862,11.798278537611946
648286a4-8d21-418c-8c47-cd2ace0c239f,c2ca9808-766d-490c-9422-9a90cd68289e,1760608110519797326,822.344,429.544,1,17,,0.5447298063909526,11.806972925878005
648286a4-8d21-418c-8c47-cd2ace0c239f,c2ca9808-766d-490c-9422-9a90cd68289e,1760608110524797326,819.247,425.122,1,17,,0.3419902337630826,12.092205348952307
648286a4-8d21-418c-8c47-cd2ace0c239f,c2ca9808-766d-490c-9422-9a90cd68289e,1760608110529797326,818.655,422.091,1,17,,0.30325111079640255,12.287602539232992
648286a4-8d21-418c-8c47-cd2ace0c239f,c2ca9808-766d-490c-9422-9a90cd68289e,1760608110534797326,818.416,421.578,1,17,,0.28758504777175337,12.320716144329504
648286a4-8d21-418c-8c47-cd2ace0c239f,c2ca9808-766d-490c-9422-9a90cd68289e,1760608110539800326,819.002,420.809,1,17,,0.32606650920344227,12.370263473996896
648286a4-8d21-418c-8c47-cd2ace0c239f,c2ca9808-766d-490c-9422-9a90cd68289e,1760608110544931326,819.363,420.71,1,17,,0.3497148428772364,12.37657642335112
648286a4-8d21-418c-8c47-cd2ace0c239f,c2ca9808-766d-490c-9422-9a90cd68289e,1760608110549926326,818.466,418.017,1,17,,0.29093527688905496,12.550175454498326
648286a4-8d21-418c-8c47-cd2ace0c239f,c2ca9808-766d-490c-9422-9a90cd68289e,1760608110554922326,820.958,420.874,1,17,,0.45434821343245946,12.365919786219939
648286a4-8d21-418c-8c47-cd2ace0c239f,c2ca9808-766d-490c-9422-9a90cd68289e,1760608110559922326,826.582,419.658,1,17,,0.8233708592636573,12.443850032290133
648286a4-8d21-418c-8c47-cd2ace0c239f,c2ca9808-766d-490c-9422-9a90cd68289e,1760608110564931326,830.869,423.317,1,17,,1.104033321070304,12.20758140287971
648286a4-8d21-418c-8c47-cd2ace0c239f,c2ca9808-766d-490c-9422-9a90cd68289e,1760608110569922326,830.141,417.96,1,17,,1.0570607873002325,12.55293727812833
648286a4-8d21-418c-8c47-cd2ace0c239f,c2ca9808-766d-490c-9422-9a90cd68289e,1760608110574922326,832.557,415.002,1,17,,1.2161015782183813,12.74317434522789
648286a4-8d21-418c-8c47-cd2ace0c239f,c2ca9808-766d-490c-9422-9a90cd68289e,1760608110579922326,829.562,415.981,1,17,,1.0193856722328758,12.680510624678286
648286a4-8d21-418c-8c47-cd2ace0c239f,c2ca9808-766d-490c-9422-9a90cd68289e,1760608110584922326,836.775,415.299,1,17,,1.4929313527994614,12.723418430776439
648286a4-8d21-418c-8c47-cd2ace0c239f,c2ca9808-766d-490c-9422-9a90cd68289e,1760608110589922326,835.234,414.223,1,17,,1.3920159311964697,12.7929973228564
648286a4-8d21-418c-8c47-cd2ace0c239f,c2ca9808-766d-490c-9422-9a90cd68289e,1760608110594922326,834.628,417.622,1,17,,1.3515543630605125,12.574110937083402
648286a4-8d21-418c-8c47-cd2ace0c239f,c2ca9808-766d-490c-9422-9a90cd68289e,1760608110599922326,833.967,416.559,1,17,,1.308395784746205,12.642684570190307
648286a4-8d21-418c-8c47-cd2ace0c239f,c2ca9808-766d-490c-9422-9a90cd68289e,1760608110604927326,833.1,414.818,1,17,,1.2517703122515156,12.754970640495666
648286a4-8d21-418c-8c47-cd2ace0c239f,c2ca9808-766d-490c-9422-9a90cd68289e,1760608110609922326,833.769,414.859,1,17,,1.295685819178315,12.752254678801146
648286a4-8d21-418c-8c47-cd2ace0c239f,c2ca9808-766d-490c-9422-9a90cd68289e,1760608110614923326,837.181,415.585,1,17,,1.5195514313913412,12.704973137263586
648286a4-8d21-418c-8c47-cd2ace0c239f,c2ca9808-766d-490c-9422-9a90cd68289e,1760608110619922326,836.609,415.693,1,17,,1.4819417312345842,12.698060498858514
648286a4-8d21-418c-8c47-cd2ace0c239f,c2ca9808-766d-490c-9422-9a90cd68289e,1760608110624923326,836.643,417.839,1,17,,1.483725669806413,12.559782960523327
648286a4-8d21-418c-8c47-cd2ace0c239f,c2ca9808-766d-490c-9422-9a90cd68289e,1760608110629923326,836.247,416.857,1,17,,1.4579302178333216,12.62316832746879
648286a4-8d21-418c-8c47-cd2ace0c239f,c2ca9808-766d-490c-9422-9a90cd68289e,1760608110634923326,835.783,416.402,1,17,,1.4276093255745907,12.652557407848784
648286a4-8d21-418c-8c47-cd2ace0c239f,c2ca9808-766d-490c-9422-9a90cd68289e,1760608110639930326,836.17,417.839,1,17,,1.4527323837467718,12.559893028398477
648286a4-8d21-418c-8c47-cd2ace0c239f,c2ca9808-766d-490c-9422-9a90cd68289e,1760608110644926326,835.697,418.783,1,17,,1.4214449432556113,12.499104624882325
648286a4-8d21-418c-8c47-cd2ace0c239f,c2ca9808-766d-490c-9422-9a90cd68289e,1760608110649923326,834.84,416.856,1,17,,1.3656478949116326,12.62340220523802
648286a4-8d21-418c-8c47-cd2ace0c239f,c2ca9808-766d-490c-9422-9a90cd68289e,1760608110654923326,837.988,420.029,1,,,1.5714864510201998,12.418435374169725
648286a4-8d21-418c-8c47-cd2ace0c239f,c2ca9808-766d-490c-9422-9a90cd68289e,1760608110659923326,837.675,421.416,1,,,1.5506547982389693,12.32914696091094
648286a4-8d21-418c-8c47-cd2ace0c239f,c2ca9808-766d-490c-9422-9a90cd68289e,1760608110664923326,841.448,421.653,1,,,1.798001781166149,12.313187956681094
648286a4-8d21-418c-8c47-cd2ace0c239f,c2ca9808-766d-490c-9422-9a90cd68289e,1760608110669923326,866.235,427.418,1,,,3.4202737225778916,11.935373049520951
648286a4-8d21-418c-8c47-cd2ace0c239f,c2ca9808-766d-490c-9422-9a90cd68289e,1760608110674923326,867.128,431.658,1,,,3.4767119589896494,11.661938216454091
648286a4-8d21-418c-8c47-cd2ace0c239f,c2ca9808-766d-490c-9422-9a90cd68289e,1760608110680048326,868.77,429.664,1,,,3.5851619772165906,11.789856436078086
648286a4-8d21-418c-8c47-cd2ace0c239f,c2ca9808-766d-490c-9422-9a90cd68289e,1760608110685048326,869.063,431.637,1,18,,3.6033762342992457,11.662641925777521
648286a4-8d21-418c-8c47-cd2ace0c239f,c2ca9808-766d-490c-9422-9a90cd68289e,1760608110690048326,870.673,432.108,1,18,,3.7085364791474187,11.631743924151431
648286a4-8d21-418c-8c47-cd2ace0c239f,c2ca9808-766d-490c-9422-9a90cd68289e,1760608110695048326,872.176,431.333,1,18,,3.8072554615462337,11.681157511934492
648286a4-8d21-418c-8c47-cd2ace0c239f,c2ca9808-766d-490c-9422-9a90cd68289e,1760608110700048326,871.177,431.98,1,18,,3.741588108864385,11.63978292627353
648286a4-8d21-418c-8c47-cd2ace0c239f,c2ca9808-766d-490c-9422-9a90cd68289e,1760608110705052326,874.148,433.685,1,18,,3.9350972225811187,11.528915090391267
648286a4-8d21-418c-8c47-cd2ace0c239f,c2ca9808-766d-490c-9422-9a90cd68289e,1760608110710053326,872.679,428.889,1,18,,3.8415464444262684,11.83836291751625
648286a4-8d21-418c-8c47-cd2ace0c239f,c2ca9808-766d-490c-9422-9a90cd68289e,1760608110715054326,872.764,428.933,1,18,,3.8470451045549945,11.835493905392285
648286a4-8d21-418c-8c47-cd2ace0c239f,c2ca9808-766d-490c-9422-9a90cd68289e,1760608110720049326,873.526,432.566,1,18,,3.8949814450888076,11.601256909516628
648286a4-8d21-418c-8c47-cd2ace0c239f,c2ca9808-766d-490c-9422-9a90cd68289e,1760608110725049326,873.825,434.299,1,18,,3.913595375309857,11.48946190392722
648286a4-8d21-418c-8c47-cd2ace0c239f,c2ca9808-766d-490c-9422-9a90cd68289e,1760608110730049326,873.495,432.628,1,18,,3.892898921317517,11.597238045991608
648286a4-8d21-418c-8c47-cd2ace0c239f,c2ca9808-766d-490c-9422-9a90cd68289e,1760608110735058326,871.76,433.366,1,18,,3.7789819489547325,11.550357105571802
648286a4-8d21-418c-8c47-cd2ace0c239f,c2ca9808-766d-490c-9422-9a90cd68289e,1760608110740049326,874.303,432.367,1,18,,3.945912734709291,11.613797672338794
648286a4-8d21-418c-8c47-cd2ace0c239f,c2ca9808-766d-490c-9422-9a90cd68289e,1760608110745049326,873.109,431.201,1,18,,3.8683982195523945,11.689315366399988
648286a4-8d21-418c-8c47-cd2ace0c239f,c2ca9808-766d-490c-9422-9a90cd68289e,1760608110750049326,872.153,430.598,1,18,,3.8061908235018675,11.728478261207641
648286a4-8d21-418c-8c47-cd2ace0c239f,c2ca9808-766d-490c-9422-9a90cd68289e,1760608110755049326,873.833,429.553,1,18,,3.9166945715988724,11.79517714659341
648286a4-8d21-418c-8c47-cd2ace0c239f,c2ca9808-766d-490c-9422-9a90cd68289e,1760608110760049326,875.995,426.414,1,18,,4.060068824222811,11.99655906063081
648286a4-8d21-418c-8c47-cd2ace0c239f,c2ca9808-766d-490c-9422-9a90cd68289e,1760608110765049326,878.531,428.985,1,18,,4.224583466490756,11.829954503282512
648286a4-8d21-418c-8c47-cd2ace0c239f,c2ca9808-766d-490c-9422-9a90cd68289e,1760608110770049326,876.84,428.855,1,18,,4.113982148261525,11.839040571649804
648286a4-8d21-418c-8c47-cd2ace0c239f,c2ca9808-766d-490c-9422-9a90cd68289e,1760608110775049326,876.854,428.29,1,18,,4.115201855336894,11.875380830572938
648286a4-8d21-418c-8c47-cd2ace0c239f,c2ca9808-766d-490c-9422-9a90cd68289e,1760608110780049326,877.951,431.12,1,18,,4.18537709971966,11.692682768423657
648286a4-8d21-418c-8c47-cd2ace0c239f,c2ca9808-766d-490c-9422-9a90cd68289e,1760608110785049326,878.236,426.234,1,18,,4.206957457632452,12.007254700813746
648286a4-8d21-418c-8c47-cd2ace0c239f,c2ca9808-766d-490c-9422-9a90cd68289e,1760608110790049326,878.366,430.061,1,18,,4.2131725490379885,11.760753488729256
648286a4-8d21-418c-8c47-cd2ace0c239f,c2ca9808-766d-490c-9422-9a90cd68289e,1760608110795049326,877.173,429.817,1,18,,4.135174451062052,11.776942826559663
648286a4-8d21-418c-8c47-cd2ace0c239f,c2ca9808-766d-490c-9422-9a90cd68289e,1760608110800052326,876.503,429.633,1,18,,4.091467860432213,11.789050718028756
648286a4-8d21-418c-8c47-cd2ace0c239f,c2ca9808-766d-490c-9422-9a90cd68289e,1760608110805050326,874.675,429.918,1,18,,3.971623511334316,11.771405585616096
648286a4-8d21-418c-8c47-cd2ace0c239f,c2ca9808-766d-490c-9422-9a90cd68289e,1760608110810050326,873.149,430.162,1,18,,3.8716239559309824,11.756214619455578
648286a4-8d21-418c-8c47-cd2ace0c239f,c2ca9808-766d-490c-9422-9a90cd68289e,1760608110815175326,874.006,429.124,1,18,,3.9282796006891485,11.822780935141754
648286a4-8d21-418c-8c47-cd2ace0c239f,c2ca9808-766d-490c-9422-9a90cd68289e,1760608110820175326,874.453,429.304,1,18,,3.9574655114875013,11.811027509705815
648286a4-8d21-418c-8c47-cd2ace0c239f,c2ca9808-766d-490c-9422-9a90cd68289e,1760608110825175326,873.73,428.914,1,18,,3.9103100492366307,11.836404324086734
648286a4-8d21-418c-8c47-cd2ace0c239f,c2ca9808-766d-490c-9422-9a90cd68289e,1760608110830175326,877.893,420.421,1,18,,4.188020731089158,12.381648783810395
648286a4-8d21-418c-8c47-cd2ace0c239f,c2ca9808-766d-490c-9422-9a90cd68289e,1760608110835175326,876.991,422.523,1,18,,4.127592372360239,12.24667868057104
648286a4-8d21-418c-8c47-cd2ace0c239f,c2ca9808-766d-490c-9422-9a90cd68289e,1760608110840175326,877.882,425.57,1,18,,4.184112600278661,12.050172056572203
648286a4-8d21-418c-8c47-cd2ace0c239f,c2ca9808-766d-490c-9422-9a90cd68289e,1760608110845175326,876.715,427.994,1,18,,4.1062590904488205,11.89450319523936
648286a4-8d21-418c-8c47-cd2ace0c239f,c2ca9808-766d-490c-9422-9a90cd68289e,1760608110850175326,876.87,428.396,1,18,,4.116187131304834,11.868541379146857
648286a4-8d21-418c-8c47-cd2ace0c239f,c2ca9808-766d-490c-9422-9a90cd68289e,1760608110855175326,877.569,429.34,1,18,,4.161426923653751,11.807484036901002
648286a4-8d21-418c-8c47-cd2ace0c239f,c2ca9808-766d-490c-9422-9a90cd68289e,1760608110860175326,878.982,425.358,1,18,,4.256313271170966,12.06338300574274
648286a4-8d21-418c-8c47-cd2ace0c239f,c2ca9808-766d-490c-9422-9a90cd68289e,1760608110865179326,876.631,426.198,1,18,,4.101851975280533,12.010225877323558
648286a4-8d21-418c-8c47-cd2ace0c239f,c2ca9808-766d-490c-9422-9a90cd68289e,1760608110870175326,875.113,426.744,1,18,,4.002113071729156,11.975602413789739
648286a4-8d21-418c-8c47-cd2ace0c239f,c2ca9808-766d-490c-9422-9a90cd68289e,1760608110875175326,874.252,427.288,1,18,,3.9453859013858548,11.940950089958083
648286a4-8d21-418c-8c47-cd2ace0c239f,c2ca9808-766d-490c-9422-9a90cd68289e,1760608110880175326,873.892,427.062,1,18,,3.921965786915353,11.955623133128086
648286a4-8d21-418c-8c47-cd2ace0c239f,c2ca9808-766d-490c-9422-9a90cd68289e,1760608110885184326,874.747,424.585,1,18,,3.9793652784257083,12.114828297450579
648286a4-8d21-418c-8c47-cd2ace0c239f,c2ca9808-766d-490c-9422-9a90cd68289e,1760608110890175326,876.271,425.566,1,18,,4.078629409619566,12.051030543467398
648286a4-8d21-418c-8c47-cd2ace0c239f,c2ca9808-766d-490c-9422-9a90cd68289e,1760608110895181326,865.851,432.429,1,18,,3.392764211638516,11.612658461473476
648286a4-8d21-418c-8c47-cd2ace0c239f,c2ca9808-766d-490c-9422-9a90cd68289e,1760608110900175326,866.795,431.035,1,18,,3.4552255227735627,11.702177233949737
648286a4-8d21-418c-8c47-cd2ace0c239f,c2ca9808-766d-490c-9422-9a90cd68289e,1760608110905176326,868.052,428.195,1,18,,3.5389395625216276,11.88473253837311
648286a4-8d21-418c-8c47-cd2ace0c239f,c2ca9808-766d-490c-9422-9a90cd68289e,1760608110910176326,868.324,426.495,1,18,,3.5576115145893223,11.994111563083022
648286a4-8d21-418c-8c47-cd2ace0c239f,c2ca9808-766d-490c-9422-9a90cd68289e,1760608110915176326,864.876,428.955,1,18,,3.3305758329865767,11.836767915702803
648286a4-8d21-418c-8c47-cd2ace0c239f,c2ca9808-766d-490c-9422-9a90cd68289e,1760608110920176326,868.394,432.339,1,18,,3.5592274355690803,11.617634889150802
648286a4-8d21-418c-8c47-cd2ace0c239f,c2ca9808-766d-490c-9422-9a90cd68289e,1760608110925176326,871.273,431.055,1,18,,3.748296495741024,11.699338201345803
648286a4-8d21-418c-8c47-cd2ace0c239f,c2ca9808-766d-490c-9422-9a90cd68289e,1760608110930179326,870.056,431.252,1,18,,3.668547136664179,11.687103493517592
648286a4-8d21-418c-8c47-cd2ace0c239f,c2ca9808-766d-490c-9422-9a90cd68289e,1760608110935176326,868.927,430.256,1,18,,3.595181694513117,11.751672274391455
648286a4-8d21-418c-8c47-cd2ace0c239f,c2ca9808-766d-490c-9422-9a90cd68289e,1760608110940176326,870.242,431.154,1,18,,3.6808024544582407,11.693381502965954
648286a4-8d21-418c-8c47-cd2ace0c239f,c2ca9808-766d-490c-9422-9a90cd68289e,1760608110945176326,869.27,427.036,1,18,,3.6192950407712274,11.958965864470015
648286a4-8d21-418c-8c47-cd2ace0c239f,c2ca9808-766d-490c-9422-9a90cd68289e,1760608110950177326,872.665,422.391,1,18,,3.84420675256358,12.256877752997127
648286a4-8d21-418c-8c47-cd2ace0c239f,c2ca9808-766d-490c-9422-9a90cd68289e,1760608110955301326,875.141,420.522,1,18,,4.007555243338647,12.376284287463044
648286a4-8d21-418c-8c47-cd2ace0c239f,c2ca9808-766d-490c-9422-9a90cd68289e,1760608110960190326,876.662,420.82,1,18,,4.107080880175677,12.356506704337951
648286a4-8d21-418c-8c47-cd2ace0c239f,c2ca9808-766d-490c-9422-9a90cd68289e,1760608110965307326,873.152,422.769,1,18,,3.87586484186385,12.232368647498024
648286a4-8d21-418c-8c47-cd2ace0c239f,c2ca9808-766d-490c-9422-9a90cd68289e,1760608110970303326,872.855,421.573,1,18,,3.857093712948031,12.309484959691465
648286a4-8d21-418c-8c47-cd2ace0c239f,c2ca9808-766d-490c-9422-9a90cd68289e,1760608110975301326,873.669,419.628,1,18,,3.911617469333659,12.43442886106917
648286a4-8d21-418c-8c47-cd2ace0c239f,c2ca9808-766d-490c-9422-9a90cd68289e,1760608110980304326,871.784,423.878,1,18,,3.7856383317039,12.16148299080819
648286a4-8d21-418c-8c47-cd2ace0c239f,c2ca9808-766d-490c-9422-9a90cd68289e,1760608110985301326,873.121,427.43,1,18,,3.871238534631673,11.932209714623784
648286a4-8d21-418c-8c47-cd2ace0c239f,c2ca9808-766d-490c-9422-9a90cd68289e,1760608110990301326,871.702,424.076,1,18,,3.7801703381742113,12.148710220219185
648286a4-8d21-418c-8c47-cd2ace0c239f,c2ca9808-766d-490c-9422-9a90cd68289e,1760608110995301326,871.011,425.916,1,18,,3.7339027947622134,12.03048050432289
648286a4-8d21-418c-8c47-cd2ace0c239f,c2ca9808-766d-490c-9422-9a90cd68289e,1760608111000302326,871.18,423.284,1,18,,3.746393061986309,12.199901100277069
648286a4-8d21-418c-8c47-cd2ace0c239f,c2ca9808-766d-490c-9422-9a90cd68289e,1760608111005302326,870.74,420.948,1,18,,3.7188038214939017,12.350519529597696
648286a4-8d21-418c-8c47-cd2ace0c239f,c2ca9808-766d-490c-9422-9a90cd68289e,1760608111010309326,870.257,422.285,1,18,,3.68643195671045,12.26461725242111
648286a4-8d21-418c-8c47-cd2ace0c239f,c2ca9808-766d-490c-9422-9a90cd68289e,1760608111015302326,872.211,422.697,1,18,,3.814276056602835,12.237341917711328
648286a4-8d21-418c-8c47-cd2ace0c239f,c2ca9808-766d-490c-9422-9a90cd68289e,1760608111020302326,873.374,424.587,1,18,,3.889427317270913,12.115168532731001
648286a4-8d21-418c-8c47-cd2ace0c239f,c2ca9808-766d-490c-9422-9a90cd68289e,1760608111025302326,873.27,425.609,1,18,,3.882034022622016,12.049442597824179
648286a4-8d21-418c-8c47-cd2ace0c239f,c2ca9808-766d-490c-9422-9a90cd68289e,1760608111030302326,874.288,423.916,1,18,,3.9496872210013563,12.158070205007915
648286a4-8d21-418c-8c47-cd2ace0c239f,c2ca9808-766d-490c-9422-9a90cd68289e,1760608111035302326,872.789,424.78,1,18,,3.8509811140042736,12.102986045055037
648286a4-8d21-418c-8c47-cd2ace0c239f,c2ca9808-766d-490c-9422-9a90cd68289e,1760608111040302326,872.152,425.494,1,18,,3.8088755763444175,12.057212145976296
648286a4-8d21-418c-8c47-cd2ace0c239f,c2ca9808-766d-490c-9422-9a90cd68289e,1760608111045302326,871.318,425.5,1,18,,3.7542252264613043,12.057176040141442
648286a4-8d21-418c-8c47-cd2ace0c239f,c2ca9808-766d-490c-9422-9a90cd68289e,1760608111050302326,870.887,426.733,1,18,,3.7253114915095424,11.977885219741394
648286a4-8d21-418c-8c47-cd2ace0c239f,c2ca9808-766d-490c-9422-9a90cd68289e,1760608111055302326,874.824,428.291,1,18,,3.9823174181010836,11.876122619740757
648286a4-8d21-418c-8c47-cd2ace0c239f,c2ca9808-766d-490c-9422-9a90cd68289e,1760608111060302326,875.419,428.019,1,18,,4.021436679519091,11.893401052778758
648286a4-8d21-418c-8c47-cd2ace0c239f,c2ca9808-766d-490c-9422-9a90cd68289e,1760608111065302326,874.66,428.161,1,18,,3.97164050489105,11.884562942227554
648286a4-8d21-418c-8c47-cd2ace0c239f,c2ca9808-766d-490c-9422-9a90cd68289e,1760608111070302326,873.449,427.253,1,18,,3.8928360332735177,11.94345057650804
648286a4-8d21-418c-8c47-cd2ace0c239f,c2ca9808-766d-490c-9422-9a90cd68289e,1760608111075302326,872.609,424.873,1,18,,3.8391657520568576,12.097050420325045
648286a4-8d21-418c-8c47-cd2ace0c239f,c2ca9808-766d-490c-9422-9a90cd68289e,1760608111080302326,870.73,425.986,1,18,,3.715442614161766,12.026071961095155
648286a4-8d21-418c-8c47-cd2ace0c239f,c2ca9808-766d-490c-9422-9a90cd68289e,1760608111085302326,870.193,425.718,1,18,,3.6804296175179267,12.043542364257464
648286a4-8d21-418c-8c47-cd2ace0c239f,c2ca9808-766d-490c-9422-9a90cd68289e,1760608111090430326,874.976,425.984,1,18,,3.9935582107063192,12.024634666235706
648286a4-8d21-418c-8c47-cd2ace0c239f,c2ca9808-766d-490c-9422-9a90cd68289e,1760608111095427326,874.801,427.686,1,18,,3.981148714884133,11.915082755578146
648286a4-8d21-418c-8c47-cd2ace0c239f,c2ca9808-766d-490c-9422-9a90cd68289e,1760608111100427326,873.979,427.91,1,18,,3.9271995459110576,11.900940169095156
648286a4-8d21-418c-8c47-cd2ace0c239f,c2ca9808-766d-490c-9422-9a90cd68289e,1760608111105430326,874.825,427.316,1,18,,3.9829168498337384,11.938898277101313
648286a4-8d21-418c-8c47-cd2ace0c239f,c2ca9808-766d-490c-9422-9a90cd68289e,1760608111110431326,873.5,426.163,1,18,,3.8967686425393393,12.013655457250437
648286a4-8d21-418c-8c47-cd2ace0c239f,c2ca9808-766d-490c-9422-9a90cd68289e,1760608111115428326,872.285,426.128,1,18,,3.817252730491304,12.016366238999789
648286a4-8d21-418c-8c47-cd2ace0c239f,c2ca9808-766d-490c-9422-9a90cd68289e,1760608111120428326,870.977,426.043,1,18,,3.7315839968432876,12.022300464129835
648286a4-8d21-418c-8c47-cd2ace0c239f,c2ca9808-766d-490c-9422-9a90cd68289e,1760608111125428326,873.265,427.482,1,18,,3.880670844546708,11.928810633592215
648286a4-8d21-418c-8c47-cd2ace0c239f,c2ca9808-766d-490c-9422-9a90cd68289e,1760608111130428326,873.492,425.225,1,18,,3.896814108471491,12.07405032219801
648286a4-8d21-418c-8c47-cd2ace0c239f,c2ca9808-766d-490c-9422-9a90cd68289e,1760608111135428326,874.7,426.396,1,18,,3.975229528384668,11.998172376086599
648286a4-8d21-418c-8c47-cd2ace0c239f,c2ca9808-766d-490c-9422-9a90cd68289e,1760608111140430326,868.053,423.211,1,18,,3.541534493575236,12.205758763135762
648286a4-8d21-418c-8c47-cd2ace0c239f,c2ca9808-766d-490c-9422-9a90cd68289e,1760608111145428326,869.691,428.104,1,18,,3.646289273899863,11.890010809485656
648286a4-8d21-418c-8c47-cd2ace0c239f,c2ca9808-766d-490c-9422-9a90cd68289e,1760608111150428326,869.342,426.299,1,18,,3.6243810834508836,12.00640384719797
648286a4-8d21-418c-8c47-cd2ace0c239f,c2ca9808-766d-490c-9422-9a90cd68289e,1760608111155428326,871.881,426.471,1,18,,3.7905613794348536,11.99442142237147
648286a4-8d21-418c-8c47-cd2ace0c239f,c2ca9808-766d-490c-9422-9a90cd68289e,1760608111160428326,869.842,424.601,1,18,,3.6580273700093695,12.115600072370828
648286a4-8d21-418c-8c47-cd2ace0c239f,c2ca9808-766d-490c-9422-9a90cd68289e,1760608111165428326,868.743,425.174,1,18,,3.5856909475869427,12.079066317825967
648286a4-8d21-418c-8c47-cd2ace0c239f,c2ca9808-766d-490c-9422-9a90cd68289e,1760608111170428326,868.749,423.795,1,18,,3.5868245749526273,12.167884584207437
648286a4-8d21-418c-8c47-cd2ace0c239f,c2ca9808-766d-490c-9422-9a90cd68289e,1760608111175430326,874.394,425.945,1,18,,3.9554941866562356,12.027363644075015
648286a4-8d21-418c-8c47-cd2ace0c239f,c2ca9808-766d-490c-9422-9a90cd68289e,1760608111180428326,874.025,425.346,1,18,,3.931645937587738,12.06605946090133
648286a4-8d21-418c-8c47-cd2ace0c239f,c2ca9808-766d-490c-9422-9a90cd68289e,1760608111185440326,867.364,423.662,1,18,,3.4961474778173938,12.176954235568301
648286a4-8d21-418c-8c47-cd2ace0c239f,c2ca9808-766d-490c-9422-9a90cd68289e,1760608111190428326,865.636,424.043,1,18,,3.3826821097832953,12.152975247162587
648286a4-8d21-418c-8c47-cd2ace0c239f,c2ca9808-766d-490c-9422-9a90cd68289e,1760608111195428326,866.112,425.089,1,18,,3.413383997009923,12.085434206301283
648286a4-8d21-418c-8c47-cd2ace0c239f,c2ca9808-766d-490c-9422-9a90cd68289e,1760608111200429326,865.864,423.726,1,18,,3.397772109860887,12.173340371962569
648286a4-8d21-418c-8c47-cd2ace0c239f,c2ca9808-766d-490c-9422-9a90cd68289e,1760608111205429326,866.888,421.036,1,18,,3.4662416034897903,12.346240813891475
648286a4-8d21-418c-8c47-cd2ace0c239f,c2ca9808-766d-490c-9422-9a90cd68289e,1760608111210429326,867.384,414.907,1,18,,3.5019510767366864,12.74073639912042
648286a4-8d21-418c-8c47-cd2ace0c239f,c2ca9808-766d-490c-9422-9a90cd68289e,1760608111215429326,873.464,416.148,1,18,,3.900164976628447,12.658549892674287
648286a4-8d21-418c-8c47-cd2ace0c239f,c2ca9808-766d-490c-9422-9a90cd68289e,1760608111220429326,869.472,419.244,1,18,,3.6366342060457986,12.46071538285356
648286a4-8d21-418c-8c47-cd2ace0c239f,c2ca9808-766d-490c-9422-9a90cd68289e,1760608111225554326,870.838,418.611,1,18,,3.7265450856259767,12.500951906790535
648286a4-8d21-418c-8c47-cd2ace0c239f,c2ca9808-766d-490c-9422-9a90cd68289e,1760608111230554326,869.727,418.395,1,18,,3.6538136971045887,12.515313133747503
648286a4-8d21-418c-8c47-cd2ace0c239f,c2ca9808-766d-490c-9422-9a90cd68289e,1760608111235554326,869.009,418.545,1,18,,3.6066608971021936,12.50587682821891
648286a4-8d21-418c-8c47-cd2ace0c239f,c2ca9808-766d-490c-9422-9a90cd68289e,1760608111240554326,869.452,418.017,1,18,,3.635942880110751,12.539735926949918
648286a4-8d21-418c-8c47-cd2ace0c239f,c2ca9808-766d-490c-9422-9a90cd68289e,1760608111245554326,866.58,424.597,1,18,,3.4442587391043267,12.116945910990824
648286a4-8d21-418c-8c47-cd2ace0c239f,c2ca9808-766d-490c-9422-9a90cd68289e,1760608111250554326,865.331,421.301,1,18,,3.3640615432718266,12.329649365900815
648286a4-8d21-418c-8c47-cd2ace0c239f,c2ca9808-766d-490c-9422-9a90cd68289e,1760608111255554326,866.34,421.946,1,18,,3.429900966602261,12.287807681780716
648286a4-8d21-418c-8c47-cd2ace0c239f,c2ca9808-766d-490c-9422-9a90cd68289e,1760608111260554326,865.568,425.493,1,18,,3.377506445812693,12.059570544883194
648286a4-8d21-418c-8c47-cd2ace0c239f,c2ca9808-766d-490c-9422-9a90cd68289e,1760608111265554326,868.412,425.057,1,18,,3.564074101388854,12.086692834855679
648286a4-8d21-418c-8c47-cd2ace0c239f,c2ca9808-766d-490c-9422-9a90cd68289e,1760608111270554326,868.486,422.446,1,18,,3.570247014874962,12.25485996977236
648286a4-8d21-418c-8c47-cd2ace0c239f,c2ca9808-766d-490c-9422-9a90cd68289e,1760608111275554326,867.086,423.881,1,18,,3.4778107639818465,12.162927374196485
648286a4-8d21-418c-8c47-cd2ace0c239f,c2ca9808-766d-490c-9422-9a90cd68289e,1760608111280554326,870.038,422.679,1,18,,3.67189934622212,12.2392772382213
648286a4-8d21-418c-8c47-cd2ace0c239f,c2ca9808-766d-490c-9422-9a90cd68289e,1760608111285569326,868.226,417.582,1,18,,3.5557827529713557,12.568159480452024
648286a4-8d21-418c-8c47-cd2ace0c239f,c2ca9808-766d-490c-9422-9a90cd68289e,1760608111290554326,867.089,417.648,1,18,,3.481190950232336,12.564357457867139
648286a4-8d21-418c-8c47-cd2ace0c239f,c2ca9808-766d-490c-9422-9a90cd68289e,1760608111295555326,872.511,423.966,1,18,,3.833199513781581,12.155544205307153
648286a4-8d21-418c-8c47-cd2ace0c239f,c2ca9808-766d-490c-9422-9a90cd68289e,1760608111300555326,870.328,422.426,1,18,,3.6910245268540005,12.25551524542024
648286a4-8d21-418c-8c47-cd2ace0c239f,c2ca9808-766d-490c-9422-9a90cd68289e,1760608111305555326,867.561,420.988,1,18,,3.5103716110048353,12.349074883692282
648286a4-8d21-418c-8c47-cd2ace0c239f,c2ca9808-766d-490c-9422-9a90cd68289e,1760608111310569326,867.828,417.496,1,18,,3.5297108969975066,12.57385684457239
648286a4-8d21-418c-8c47-cd2ace0c239f,c2ca9808-766d-490c-9422-9a90cd68289e,1760608111315555326,865.441,417.01,1,18,,3.3734423208474262,12.60599424290338
648286a4-8d21-418c-8c47-cd2ace0c239f,c2ca9808-766d-490c-9422-9a90cd68289e,1760608111320555326,865.66,416.957,1,18,,3.3877868900378387,12.609333200613348
648286a4-8d21-418c-8c47-cd2ace0c239f,c2ca9808-766d-490c-9422-9a90cd68289e,1760608111325555326,864.977,418.686,1,18,,3.342128470114531,12.498214578834437
648286a4-8d21-418c-8c47-cd2ace0c239f,c2ca9808-766d-490c-9422-9a90cd68289e,1760608111330555326,863.982,418.778,1,18,,3.27686929869141,12.49263480462042
648286a4-8d21-418c-8c47-cd2ace0c239f,c2ca9808-766d-490c-9422-9a90cd68289e,1760608111335555326,865.268,419.611,1,18,,3.3607847586296207,12.43855266007942
648286a4-8d21-418c-8c47-cd2ace0c239f,c2ca9808-766d-490c-9422-9a90cd68289e,1760608111340558326,866.21,418.421,1,18,,3.423155365494037,12.514861876134303
648286a4-8d21-418c-8c47-cd2ace0c239f,c2ca9808-766d-490c-9422-9a90cd68289e,1760608111345567326,868.712,423.618,1,18,,3.5844726989909907,12.179289492175156
648286a4-8d21-418c-8c47-cd2ace0c239f,c2ca9808-766d-490c-9422-9a90cd68289e,1760608111350555326,866.046,420.183,1,18,,3.4114721518886078,12.401440834664097
648286a4-8d21-418c-8c47-cd2ace0c239f,c2ca9808-766d-490c-9422-9a90cd68289e,1760608111355555326,869.582,428.564,1,18,,3.6389224618164273,11.860406457739376
648286a4-8d21-418c-8c47-cd2ace0c239f,c2ca9808-766d-490c-9422-9a90cd68289e,1760608111360680326,866.487,426.775,1,18,,3.4371369041038258,11.976704681415598
648286a4-8d21-418c-8c47-cd2ace0c239f,c2ca9808-766d-490c-9422-9a90cd68289e,1760608111365690326,866.824,427.167,1,18,,3.4590201449007343,11.95134191247515
648286a4-8d21-418c-8c47-cd2ace0c239f,c2ca9808-766d-490c-9422-9a90cd68289e,1760608111370680326,866.339,424.948,1,18,,3.428337132181847,12.094426535133026
648286a4-8d21-418c-8c47-cd2ace0c239f,c2ca9808-766d-490c-9422-9a90cd68289e,1760608111375686326,865.517,423.361,1,18,,3.375227757858957,12.19693182152924
648286a4-8d21-418c-8c47-cd2ace0c239f,c2ca9808-766d-490c-9422-9a90cd68289e,1760608111380680326,864.177,424.445,1,18,,3.2869063419810804,12.127538824894788
648286a4-8d21-418c-8c47-cd2ace0c239f,c2ca9808-766d-490c-9422-9a90cd68289e,1760608111385680326,864.189,425.128,1,18,,3.2873556523274634,12.083527454700738
648286a4-8d21-418c-8c47-cd2ace0c239f,c2ca9808-766d-490c-9422-9a90cd68289e,1760608111390681326,865.249,425.262,1,18,,3.3567685669220797,12.074560982743321
648286a4-8d21-418c-8c47-cd2ace0c239f,c2ca9808-766d-490c-9422-9a90cd68289e,1760608111395681326,865.73,424.929,1,18,,3.388437107558289,12.095865967097708
648286a4-8d21-418c-8c47-cd2ace0c239f,c2ca9808-766d-490c-9422-9a90cd68289e,1760608111400681326,864.826,424.906,1,18,,3.3292350381571776,12.097670690480186
648286a4-8d21-418c-8c47-cd2ace0c239f,c2ca9808-766d-490c-9422-9a90cd68289e,1760608111405681326,865.145,424.449,1,18,,3.3503180442703626,12.12699379175231
648286a4-8d21-418c-8c47-cd2ace0c239f,c2ca9808-766d-490c-9422-9a90cd68289e,1760608111410692326,865.588,422.621,1,18,,3.380279015860907,12.244582975414204
648286a4-8d21-418c-8c47-cd2ace0c239f,c2ca9808-766d-490c-9422-9a90cd68289e,1760608111415687326,868.048,421.864,1,18,,3.5418783144697534,12.29251687639268
648286a4-8d21-418c-8c47-cd2ace0c239f,c2ca9808-766d-490c-9422-9a90cd68289e,1760608111420681326,869.247,424.771,1,18,,3.618917050533107,12.104828677086306
648286a4-8d21-418c-8c47-cd2ace0c239f,c2ca9808-766d-490c-9422-9a90cd68289e,1760608111425694326,868.855,422.749,1,18,,3.594293433604456,12.235193127350366
648286a4-8d21-418c-8c47-cd2ace0c239f,c2ca9808-766d-490c-9422-9a90cd68289e,1760608111430681326,868.751,422.063,1,18,,3.5878612504797323,12.279454608241787
648286a4-8d21-418c-8c47-cd2ace0c239f,c2ca9808-766d-490c-9422-9a90cd68289e,1760608111435681326,866.108,423.126,1,18,,3.414099474749366,12.211900530527332
648286a4-8d21-418c-8c47-cd2ace0c239f,c2ca9808-766d-490c-9422-9a90cd68289e,1760608111440681326,864.714,425.329,1,18,,3.3216992481161625,12.070441329402213
648286a4-8d21-418c-8c47-cd2ace0c239f,c2ca9808-766d-490c-9422-9a90cd68289e,1760608111445681326,863.217,425.069,1,18,,3.2237231762378724,12.087631290188524
648286a4-8d21-418c-8c47-cd2ace0c239f,c2ca9808-766d-490c-9422-9a90cd68289e,1760608111450681326,864.68,425.873,1,18,,3.3191497105916428,12.035412486257552
648286a4-8d21-418c-8c47-cd2ace0c239f,c2ca9808-766d-490c-9422-9a90cd68289e,1760608111455681326,863.852,425.542,1,18,,3.2650602666626747,12.057010575193273
648286a4-8d21-418c-8c47-cd2ace0c239f,c2ca9808-766d-490c-9422-9a90cd68289e,1760608111460681326,864.921,430.002,1,18,,3.3330095906934156,11.769330057533184
648286a4-8d21-418c-8c47-cd2ace0c239f,c2ca9808-766d-490c-9422-9a90cd68289e,1760608111465681326,864.705,428.361,1,18,,3.319634517280452,11.875131527768708
648286a4-8d21-418c-8c47-cd2ace0c239f,c2ca9808-766d-490c-9422-9a90cd68289e,1760608111470681326,866.571,427.45,1,18,,3.442320220488445,11.933203976396168
648286a4-8d21-418c-8c47-cd2ace0c239f,c2ca9808-766d-490c-9422-9a90cd68289e,1760608111475687326,865.734,426.023,1,18,,3.3881701717830266,12.025385064864103
648286a4-8d21-418c-8c47-cd2ace0c239f,c2ca9808-766d-490c-9422-9a90cd68289e,1760608111480682326,866.247,424.467,1,18,,3.4225596416360253,12.125450253409149
648286a4-8d21-418c-8c47-cd2ace0c239f,c2ca9808-766d-490c-9422-9a90cd68289e,1760608111485682326,865.793,426.054,1,18,,3.392033388087469,12.023360541405971
648286a4-8d21-418c-8c47-cd2ace0c239f,c2ca9808-766d-490c-9422-9a90cd68289e,1760608111490682326,864.599,421.448,1,18,,3.3160000509890697,12.320485456270308
648286a4-8d21-418c-8c47-cd2ace0c239f,c2ca9808-766d-490c-9422-9a90cd68289e,1760608111495694326,863.345,426.622,1,18,,3.231361292557053,11.98753991070249
648286a4-8d21-418c-8c47-cd2ace0c239f,c2ca9808-766d-490c-9422-9a90cd68289e,1760608111500815326,863.339,423.735,1,18,,3.2323491605434245,12.173535922548297
648286a4-8d21-418c-8c47-cd2ace0c239f,c2ca9808-766d-490c-9422-9a90cd68289e,1760608111505807326,864.627,423.39,1,18,,3.3168747929917988,12.195377491899759
648286a4-8d21-418c-8c47-cd2ace0c239f,c2ca9808-766d-490c-9422-9a90cd68289e,1760608111510807326,864.692,422.916,1,18,,3.3213907941303042,12.225868518942113
648286a4-8d21-418c-8c47-cd2ace0c239f,c2ca9808-766d-490c-9422-9a90cd68289e,1760608111515807326,864.667,422.235,1,18,,3.3200993271078807,12.269718603751176
648286a4-8d21-418c-8c47-cd2ace0c239f,c2ca9808-766d-490c-9422-9a90cd68289e,1760608111520807326,867.467,425.831,1,18,,3.5017688381895438,12.037163763736588
648286a4-8d21-418c-8c47-cd2ace0c239f,c2ca9808-766d-490c-9422-9a90cd68289e,1760608111525807326,867.973,426.397,1,18,,3.5346609989362237,12.000533578945287
648286a4-8d21-418c-8c47-cd2ace0c239f,c2ca9808-766d-490c-9422-9a90cd68289e,1760608111530807326,868.226,427.192,1,18,,3.5508388304752065,11.949258972912007
648286a4-8d21-418c-8c47-cd2ace0c239f,c2ca9808-766d-490c-9422-9a90cd68289e,1760608111535807326,866.408,424.525,1,18,,3.433036701856981,12.121632636751334
648286a4-8d21-418c-8c47-cd2ace0c239f,c2ca9808-766d-490c-9422-9a90cd68289e,1760608111540807326,866.51,424.099,1,18,,3.439934651424018,12.149053269040452
648286a4-8d21-418c-8c47-cd2ace0c239f,c2ca9808-766d-490c-9422-9a90cd68289e,1760608111545807326,862.114,429.459,1,18,,3.14947332032759,11.80517652023749
648286a4-8d21-418c-8c47-cd2ace0c239f,c2ca9808-766d-490c-9422-9a90cd68289e,1760608111550807326,861.701,430.3,1,18,,3.1220913127655012,11.75110331747712
648286a4-8d21-418c-8c47-cd2ace0c239f,c2ca9808-766d-490c-9422-9a90cd68289e,1760608111555813326,863.902,422.522,1,18,,3.269822037477553,12.251472039198385
648286a4-8d21-418c-8c47-cd2ace0c239f,c2ca9808-766d-490c-9422-9a90cd68289e,1760608111560807326,863.92,423.319,1,18,,3.270588358805826,12.200166100557752
648286a4-8d21-418c-8c47-cd2ace0c239f,c2ca9808-766d-490c-9422-9a90cd68289e,1760608111565811326,863.059,424.644,1,18,,3.213565297498809,12.115052090095215
648286a4-8d21-418c-8c47-cd2ace0c239f,c2ca9808-766d-490c-9422-9a90cd68289e,1760608111570807326,865.719,419.974,1,18,,3.3901793118570387,12.41504231684849
648286a4-8d21-418c-8c47-cd2ace0c239f,c2ca9808-766d-490c-9422-9a90cd68289e,1760608111575808326,872.917,422.615,1,18,,3.8605723816320068,12.242369938021113
648286a4-8d21-418c-8c47-cd2ace0c239f,c2ca9808-766d-490c-9422-9a90cd68289e,1760608111580808326,865.344,424.073,1,18,,3.363581885487231,12.151136393348697
648286a4-8d21-418c-8c47-cd2ace0c239f,c2ca9808-766d-490c-9422-9a90cd68289e,1760608111585808326,866.421,425.247,1,18,,3.43352054414375,12.075168217840671
648286a4-8d21-418c-8c47-cd2ace0c239f,c2ca9808-766d-490c-9422-9a90cd68289e,1760608111590808326,863.901,423.943,1,18,,3.2690333762980712,12.159948630684825
648286a4-8d21-418c-8c47-cd2ace0c239f,c2ca9808-766d-490c-9422-9a90cd68289e,1760608111595808326,864.416,421.976,1,18,,3.3037337163295004,12.2865242763876
648286a4-8d21-418c-8c47-cd2ace0c239f,c2ca9808-766d-490c-9422-9a90cd68289e,1760608111600808326,868.461,421.292,1,18,,3.56926600492414,12.329213988329991
648286a4-8d21-418c-8c47-cd2ace0c239f,c2ca9808-766d-490c-9422-9a90cd68289e,1760608111605808326,870.508,418.155,1,18,,3.705168817097921,12.530485388777041
648286a4-8d21-418c-8c47-cd2ace0c239f,c2ca9808-766d-490c-9422-9a90cd68289e,1760608111610819326,871.36,417.958,1,18,,3.7611297924400526,12.542855887042567
648286a4-8d21-418c-8c47-cd2ace0c239f,c2ca9808-766d-490c-9422-9a90cd68289e,1760608111615808326,869.682,428.18,1,18,,3.6456664136926378,11.885101433802841
648286a4-8d21-418c-8c47-cd2ace0c239f,c2ca9808-766d-490c-9422-9a90cd68289e,1760608111620817326,871.261,427.005,1,18,,3.7496753961266696,11.960265387434484
648286a4-8d21-418c-8c47-cd2ace0c239f,c2ca9808-766d-490c-9422-9a90cd68289e,1760608111625815326,870.166,427.208,1,18,,3.6778639637480013,11.947589769336233
648286a4-8d21-418c-8c47-cd2ace0c239f,c2ca9808-766d-490c-9422-9a90cd68289e,1760608111630808326,871.69,431.271,1,18,,3.7754809421921087,11.685286575201136
648286a4-8d21-418c-8c47-cd2ace0c239f,c2ca9808-766d-490c-9422-9a90cd68289e,1760608111635933326,870.635,427.476,1,18,,3.7084293537110207,11.930101644090517
648286a4-8d21-418c-8c47-cd2ace0c239f,c2ca9808-766d-490c-9422-9a90cd68289e,1760608111640936326,869.572,426.137,1,18,,3.6395091921932554,12.016744285848743
648286a4-8d21-418c-8c47-cd2ace0c239f,c2ca9808-766d-490c-9422-9a90cd68289e,1760608111645824326,869.516,427.24,1,18,,3.635291093987066,11.945706405153025
648286a4-8d21-418c-8c47-cd2ace0c239f,c2ca9808-766d-490c-9422-9a90cd68289e,1760608111650933326,866.654,425.762,1,18,,3.4485372758861277,12.041914327312549
648286a4-8d21-418c-8c47-cd2ace0c239f,c2ca9808-766d-490c-9422-9a90cd68289e,1760608111655933326,864.539,430.358,1,18,,3.307882448023664,11.746528261030825
648286a4-8d21-418c-8c47-cd2ace0c239f,c2ca9808-766d-490c-9422-9a90cd68289e,1760608111660933326,864.694,431.417,1,18,,3.317500641013682,11.678240779542246
648286a4-8d21-418c-8c47-cd2ace0c239f,c2ca9808-766d-490c-9422-9a90cd68289e,1760608111665933326,871.318,423.772,1,18,,3.75514589824599,12.168421906783426
648286a4-8d21-418c-8c47-cd2ace0c239f,c2ca9808-766d-490c-9422-9a90cd68289e,1760608111670933326,868.881,424.699,1,18,,3.5950094851375525,12.109591145106455
648286a4-8d21-418c-8c47-cd2ace0c239f,c2ca9808-766d-490c-9422-9a90cd68289e,1760608111675934326,869.179,424.384,1,18,,3.614672398344912,12.129789550093765
648286a4-8d21-418c-8c47-cd2ace0c239f,c2ca9808-766d-490c-9422-9a90cd68289e,1760608111680933326,869.021,427.447,1,18,,3.6027750002481067,11.93256728757314
648286a4-8d21-418c-8c47-cd2ace0c239f,c2ca9808-766d-490c-9422-9a90cd68289e,1760608111685934326,872.065,425.803,1,18,,3.8030019936850015,12.037371364875778
648286a4-8d21-418c-8c47-cd2ace0c239f,c2ca9808-766d-490c-9422-9a90cd68289e,1760608111690946326,871.447,426.025,1,18,,3.7624062155568567,12.023330106435026
648286a4-8d21-418c-8c47-cd2ace0c239f,c2ca9808-766d-490c-9422-9a90cd68289e,1760608111695934326,869.935,421.886,1,18,,3.665520560862736,12.290408262448047
648286a4-8d21-418c-8c47-cd2ace0c239f,c2ca9808-766d-490c-9422-9a90cd68289e,1760608111700934326,871.241,425.312,1,18,,3.7493085682427543,12.0692755444876
648286a4-8d21-418c-8c47-cd2ace0c239f,c2ca9808-766d-490c-9422-9a90cd68289e,1760608111705934326,872.627,426.074,1,18,,3.8396421465766637,12.019702238677063
648286a4-8d21-418c-8c47-cd2ace0c239f,c2ca9808-766d-490c-9422-9a90cd68289e,1760608111710934326,869.966,426.084,1,18,,3.6653721862728577,12.020039311575461
648286a4-8d21-418c-8c47-cd2ace0c239f,c2ca9808-766d-490c-9422-9a90cd68289e,1760608111715934326,868.381,423.399,1,18,,3.562920218963991,12.193515126953313
648286a4-8d21-418c-8c47-cd2ace0c239f,c2ca9808-766d-490c-9422-9a90cd68289e,1760608111720944326,873.398,422.934,1,18,,3.8919296795421294,12.221640057308862
648286a4-8d21-418c-8c47-cd2ace0c239f,c2ca9808-766d-490c-9422-9a90cd68289e,1760608111725938326,871.308,423.477,1,18,,3.7546587840533223,12.187450755468374
648286a4-8d21-418c-8c47-cd2ace0c239f,c2ca9808-766d-490c-9422-9a90cd68289e,1760608111730939326,874.24,430.036,1,18,,3.943118386141129,11.7639447525626
648286a4-8d21-418c-8c47-cd2ace0c239f,c2ca9808-766d-490c-9422-9a90cd68289e,1760608111735934326,874.622,428.032,1,18,,3.9692031968703283,11.892848235655947
648286a4-8d21-418c-8c47-cd2ace0c239f,c2ca9808-766d-490c-9422-9a90cd68289e,1760608111740934326,873.929,424.658,1,18,,3.9257387907454615,12.11041968945838
648286a4-8d21-418c-8c47-cd2ace0c239f,c2ca9808-766d-490c-9422-9a90cd68289e,1760608111745934326,872.864,423.461,1,18,,3.8566483597084873,12.187883737067994
648286a4-8d21-418c-8c47-cd2ace0c239f,c2ca9808-766d-490c-9422-9a90cd68289e,1760608111750934326,873.385,421.189,1,18,,3.8920860501329373,12.33400291907735
648286a4-8d21-418c-8c47-cd2ace0c239f,c2ca9808-766d-490c-9422-9a90cd68289e,1760608111755939326,877.312,423.37,1,18,,4.148144845454777,12.19205466295358
648286a4-8d21-418c-8c47-cd2ace0c239f,c2ca9808-766d-490c-9422-9a90cd68289e,1760608111760934326,877.405,424.435,1,18,,4.153603724175056,12.123430481178303
648286a4-8d21-418c-8c47-cd2ace0c239f,c2ca9808-766d-490c-9422-9a90cd68289e,1760608111765934326,876.464,423.222,1,18,,4.09264941215923,12.20189849685469
648286a4-8d21-418c-8c47-cd2ace0c239f,c2ca9808-766d-490c-9422-9a90cd68289e,1760608111771059326,876.221,423.343,1,18,,4.076696895857425,12.194241985453807
648286a4-8d21-418c-8c47-cd2ace0c239f,c2ca9808-766d-490c-9422-9a90cd68289e,1760608111776059326,873.707,420.341,1,18,,3.913679930051023,12.388486091785833
648286a4-8d21-418c-8c47-cd2ace0c239f,c2ca9808-766d-490c-9422-9a90cd68289e,1760608111781060326,868.976,419.703,1,18,,3.6038226947142116,12.431323247880746
648286a4-8d21-418c-8c47-cd2ace0c239f,c2ca9808-766d-490c-9422-9a90cd68289e,1760608111786066326,869.784,419.602,1,18,,3.6568871185721674,12.437571602726706
648286a4-8d21-418c-8c47-cd2ace0c239f,c2ca9808-766d-490c-9422-9a90cd68289e,1760608111791060326,871.461,420.676,1,18,,3.766210809854164,12.367769297068618
648286a4-8d21-418c-8c47-cd2ace0c239f,c2ca9808-766d-490c-9422-9a90cd68289e,1760608111796069326,872.197,421.829,1,18,,3.813844683675776,12.293246467595287
648286a4-8d21-418c-8c47-cd2ace0c239f,c2ca9808-766d-490c-9422-9a90cd68289e,1760608111801063326,872.397,422.498,1,18,,3.8265506659479875,12.250077612701253
648286a4-8d21-418c-8c47-cd2ace0c239f,c2ca9808-766d-490c-9422-9a90cd68289e,1760608111806060326,872.422,422.381,1,18,,3.828239980314571,12.257599339986472
648286a4-8d21-418c-8c47-cd2ace0c239f,c2ca9808-766d-490c-9422-9a90cd68289e,1760608111811060326,877.376,422.744,1,18,,4.15273149766856,12.232289770051608
648286a4-8d21-418c-8c47-cd2ace0c239f,c2ca9808-766d-490c-9422-9a90cd68289e,1760608111816062326,872.679,421.422,1,18,,3.84562954313837,12.319275293193396
648286a4-8d21-418c-8c47-cd2ace0c239f,c2ca9808-766d-490c-9422-9a90cd68289e,1760608111821060326,871.894,421.054,1,18,,3.7944188539733794,12.343241976751854
648286a4-8d21-418c-8c47-cd2ace0c239f,c2ca9808-766d-490c-9422-9a90cd68289e,1760608111826063326,870.809,417.651,1,18,,3.725195868451593,12.562825896692377
648286a4-8d21-418c-8c47-cd2ace0c239f,c2ca9808-766d-490c-9422-9a90cd68289e,1760608111831060326,870.379,425.644,1,18,,3.6926514492734483,12.04825066343399
648286a4-8d21-418c-8c47-cd2ace0c239f,c2ca9808-766d-490c-9422-9a90cd68289e,1760608111836060326,872.63,424.594,1,18,,3.8406518802149274,12.115008432532795
648286a4-8d21-418c-8c47-cd2ace0c239f,c2ca9808-766d-490c-9422-9a90cd68289e,1760608111841060326,874.228,428.205,1,18,,3.9433486646263045,11.881862869167882
648286a4-8d21-418c-8c47-cd2ace0c239f,c2ca9808-766d-490c-9422-9a90cd68289e,1760608111846060326,873.829,426.563,1,18,,3.918083551354994,11.987749925449988
648286a4-8d21-418c-8c47-cd2ace0c239f,c2ca9808-766d-490c-9422-9a90cd68289e,1760608111851060326,873.471,423.445,1,18,,3.896399391001792,12.188728508635908
648286a4-8d21-418c-8c47-cd2ace0c239f,c2ca9808-766d-490c-9422-9a90cd68289e,1760608111856060326,873.434,424.995,1,18,,3.89312497826296,12.088905018002862
648286a4-8d21-418c-8c47-cd2ace0c239f,c2ca9808-766d-490c-9422-9a90cd68289e,1760608111861067326,871.081,422.231,1,18,,3.7404842033934584,12.267756447368408
648286a4-8d21-418c-8c47-cd2ace0c239f,c2ca9808-766d-490c-9422-9a90cd68289e,1760608111866061326,873.495,420.995,1,18,,3.8993746398557514,12.346448769224308
648286a4-8d21-418c-8c47-cd2ace0c239f,c2ca9808-766d-490c-9422-9a90cd68289e,1760608111871061326,872.364,421.585,1,18,,3.82494294246474,12.308924641039146
648286a4-8d21-418c-8c47-cd2ace0c239f,c2ca9808-766d-490c-9422-9a90cd68289e,1760608111876067326,871.096,422.256,1,18,,3.7414308333222235,12.26615972142129
648286a4-8d21-418c-8c47-cd2ace0c239f,c2ca9808-766d-490c-9422-9a90cd68289e,1760608111881061326,870.883,419.632,1,18,,3.728952327033742,12.43523331848129
648286a4-8d21-418c-8c47-cd2ace0c239f,c2ca9808-766d-490c-9422-9a90cd68289e,1760608111886061326,871.007,417.917,1,18,,3.738000087112875,12.54560603260856
648286a4-8d21-418c-8c47-cd2ace0c239f,c2ca9808-766d-490c-9422-9a90cd68289e,1760608111891069326,869.391,418.746,1,18,,3.6315801893556245,12.492784775337736
648286a4-8d21-418c-8c47-cd2ace0c239f,c2ca9808-766d-490c-9422-9a90cd68289e,1760608111896061326,871.307,418.388,1,18,,3.7574454439428977,12.515192419903235
648286a4-8d21-418c-8c47-cd2ace0c239f,c2ca9808-766d-490c-9422-9a90cd68289e,1760608111901061326,872.519,423.145,1,18,,3.834208837671568,12.208402404243063
648286a4-8d21-418c-8c47-cd2ace0c239f,c2ca9808-766d-490c-9422-9a90cd68289e,1760608111906186326,870.899,420.935,1,18,,3.7292299049676143,12.35132568205759
648286a4-8d21-418c-8c47-cd2ace0c239f,c2ca9808-766d-490c-9422-9a90cd68289e,1760608111911186326,873.631,418.594,1,18,,3.909703289352865,12.501041750285005
648286a4-8d21-418c-8c47-cd2ace0c239f,c2ca9808-766d-490c-9422-9a90cd68289e,1760608111916186326,873.906,419.524,1,18,,3.927192322875994,12.441016079911373
648286a4-8d21-418c-8c47-cd2ace0c239f,c2ca9808-766d-490c-9422-9a90cd68289e,1760608111921186326,873.422,419.659,1,18,,3.8953727935392783,12.43251417975698
648286a4-8d21-418c-8c47-cd2ace0c239f,c2ca9808-766d-490c-9422-9a90cd68289e,1760608111926186326,871.638,420.691,1,18,,3.777797381781963,12.366711291778925
648286a4-8d21-418c-8c47-cd2ace0c239f,c2ca9808-766d-490c-9422-9a90cd68289e,1760608111931195326,871.873,426.459,1,18,,3.790071754819027,11.995163247558155
648286a4-8d21-418c-8c47-cd2ace0c239f,c2ca9808-766d-490c-9422-9a90cd68289e,1760608111936186326,872.88,425.008,1,18,,3.8568162171388924,12.08826676671652
648286a4-8d21-418c-8c47-cd2ace0c239f,c2ca9808-766d-490c-9422-9a90cd68289e,1760608111941186326,872.402,424.504,1,18,,3.825802265679818,12.120876264257264
648286a4-8d21-418c-8c47-cd2ace0c239f,c2ca9808-766d-490c-9422-9a90cd68289e,1760608111946186326,871.068,424.552,1,18,,3.738342695362805,12.118294201702707
648286a4-8d21-418c-8c47-cd2ace0c239f,c2ca9808-766d-490c-9422-9a90cd68289e,1760608111951186326,872.525,422.764,1,18,,3.8347897821730967,12.232948338395362
648286a4-8d21-418c-8c47-cd2ace0c239f,c2ca9808-766d-490c-9422-9a90cd68289e,1760608111956186326,872.483,423.575,1,18,,3.8316092394753016,12.180704636720334
648286a4-8d21-418c-8c47-cd2ace0c239f,c2ca9808-766d-490c-9422-9a90cd68289e,1760608111961187326,872.735,422.815,1,18,,3.848560527745388,12.22957724791464
648286a4-8d21-418c-8c47-cd2ace0c239f,c2ca9808-766d-490c-9422-9a90cd68289e,1760608111966187326,870.271,424.723,1,18,,3.686054873262235,12.107603163181892
648286a4-8d21-418c-8c47-cd2ace0c239f,c2ca9808-766d-490c-9422-9a90cd68289e,1760608111971186326,870.694,426.01,1,18,,3.713062930200092,12.024528863239976
648286a4-8d21-418c-8c47-cd2ace0c239f,c2ca9808-766d-490c-9422-9a90cd68289e,1760608111976193326,872.374,425.138,1,18,,3.8235851062753152,12.08008131371596
648286a4-8d21-418c-8c47-cd2ace0c239f,c2ca9808-766d-490c-9422-9a90cd68289e,1760608111981187326,871.847,425.859,1,18,,3.7887104084644214,12.033862016421235
648286a4-8d21-418c-8c47-cd2ace0c239f,c2ca9808-766d-490c-9422-9a90cd68289e,1760608111986187326,873.237,423.674,1,18,,3.8809245285804055,12.174059566601313
648286a4-8d21-418c-8c47-cd2ace0c239f,c2ca9808-766d-490c-9422-9a90cd68289e,1760608111991187326,876.54,425.673,1,18,,4.09616474151594,12.044029870257358
648286a4-8d21-418c-8c47-cd2ace0c239f,c2ca9808-766d-490c-9422-9a90cd68289e,1760608111996187326,876.088,423.559,1,18,,4.067802540821403,12.180385763200851
648286a4-8d21-418c-8c47-cd2ace0c239f,c2ca9808-766d-490c-9422-9a90cd68289e,1760608112001187326,875.62,421.919,1,18,,4.038138124594394,12.286134503753315
648286a4-8d21-418c-8c47-cd2ace0c239f,c2ca9808-766d-490c-9422-9a90cd68289e,1760608112006187326,875.423,423.61,1,18,,4.024218177390009,12.177323044523904
648286a4-8d21-418c-8c47-cd2ace0c239f,c2ca9808-766d-490c-9422-9a90cd68289e,1760608112011187326,875.089,420.256,1,18,,4.004288504720697,12.393457477114866
648286a4-8d21-418c-8c47-cd2ace0c239f,c2ca9808-766d-490c-9422-9a90cd68289e,1760608112016190326,874.584,418.661,1,18,,3.9721783505999024,12.49633772958626
648286a4-8d21-418c-8c47-cd2ace0c239f,c2ca9808-766d-490c-9422-9a90cd68289e,1760608112021187326,863.787,426.724,1,18,,3.2602967486703727,11.980876326222429
648286a4-8d21-418c-8c47-cd2ace0c239f,c2ca9808-766d-490c-9422-9a90cd68289e,1760608112026187326,866.11,425.219,1,18,,3.4132125714479646,12.077067832972366
648286a4-8d21-418c-8c47-cd2ace0c239f,c2ca9808-766d-490c-9422-9a90cd68289e,1760608112031187326,866.982,426.636,1,18,,3.46961166484314,11.985477006487539
648286a4-8d21-418c-8c47-cd2ace0c239f,c2ca9808-766d-490c-9422-9a90cd68289e,1760608112036187326,868.617,424.911,1,18,,3.577609200127477,12.096065169787561
648286a4-8d21-418c-8c47-cd2ace0c239f,c2ca9808-766d-490c-9422-9a90cd68289e,1760608112041312326,868.812,424.907,1,18,,3.590371288166902,12.096213409212861
648286a4-8d21-418c-8c47-cd2ace0c239f,c2ca9808-766d-490c-9422-9a90cd68289e,1760608112046312326,868.857,425.535,1,18,,3.593010150787654,12.055790615913951
648286a4-8d21-418c-8c47-cd2ace0c239f,c2ca9808-766d-490c-9422-9a90cd68289e,1760608112051312326,869.192,425.945,1,18,,3.6147451058340776,12.029252175900968
648286a4-8d21-418c-8c47-cd2ace0c239f,c2ca9808-766d-490c-9422-9a90cd68289e,1760608112056312326,874.059,421.508,1,18,,3.9360803853245994,12.313238558386528
648286a4-8d21-418c-8c47-cd2ace0c239f,c2ca9808-766d-490c-9422-9a90cd68289e,1760608112061312326,873.292,422.92,1,18,,3.884986426877366,12.222586321342126
648286a4-8d21-418c-8c47-cd2ace0c239f,c2ca9808-766d-490c-9422-9a90cd68289e,1760608112066313326,877.178,421.969,1,18,,4.140179970411079,12.282273101902865
648286a4-8d21-418c-8c47-cd2ace0c239f,c2ca9808-766d-490c-9422-9a90cd68289e,1760608112071313326,872.792,424.019,1,18,,3.851573084637436,12.151990692198607
648286a4-8d21-418c-8c47-cd2ace0c239f,c2ca9808-766d-490c-9422-9a90cd68289e,1760608112076312326,873.418,426.112,1,18,,3.891472040278309,12.016981903477726
648286a4-8d21-418c-8c47-cd2ace0c239f,c2ca9808-766d-490c-9422-9a90cd68289e,1760608112081322326,871.852,425.291,1,18,,3.7893394419675253,12.070417754001218
648286a4-8d21-418c-8c47-cd2ace0c239f,c2ca9808-766d-490c-9422-9a90cd68289e,1760608112086313326,871.055,424.286,1,18,,3.7376426010480928,12.135422225894136
648286a4-8d21-418c-8c47-cd2ace0c239f,c2ca9808-766d-490c-9422-9a90cd68289e,1760608112091313326,873.851,423.105,1,18,,3.921485236345878,12.210482441290068
648286a4-8d21-418c-8c47-cd2ace0c239f,c2ca9808-766d-490c-9422-9a90cd68289e,1760608112096313326,872.685,420.797,1,18,,3.846416155601886,12.359541757826705
648286a4-8d21-418c-8c47-cd2ace0c239f,c2ca9808-766d-490c-9422-9a90cd68289e,1760608112101324326,876.609,424.589,1,18,,4.101316424869193,12.113844823415068
648286a4-8d21-418c-8c47-cd2ace0c239f,c2ca9808-766d-490c-9422-9a90cd68289e,1760608112106313326,876.323,423.391,1,18,,4.083298409446469,12.19108392581587
648286a4-8d21-418c-8c47-cd2ace0c239f,c2ca9808-766d-490c-9422-9a90cd68289e,1760608112111313326,876.532,423.295,1,18,,4.097040914605864,12.197165317420225
648286a4-8d21-418c-8c47-cd2ace0c239f,c2ca9808-766d-490c-9422-9a90cd68289e,1760608112116320326,875.266,424.52,1,18,,4.013378384449919,12.118806349623016
648286a4-8d21-418c-8c47-cd2ace0c239f,c2ca9808-766d-490c-9422-9a90cd68289e,1760608112121313326,875.602,424.578,1,18,,4.0353601201182805,12.11490917137459
648286a4-8d21-418c-8c47-cd2ace0c239f,c2ca9808-766d-490c-9422-9a90cd68289e,1760608112126313326,873.081,426.798,1,18,,3.869013112837433,11.972945239058145
648286a4-8d21-418c-8c47-cd2ace0c239f,c2ca9808-766d-490c-9422-9a90cd68289e,1760608112131313326,868.173,419.938,1,18,,3.551065913573973,12.416504834768455
648286a4-8d21-418c-8c47-cd2ace0c239f,c2ca9808-766d-490c-9422-9a90cd68289e,1760608112136313326,868.878,419.085,1,18,,3.5977223067534996,12.471197564902962
648286a4-8d21-418c-8c47-cd2ace0c239f,c2ca9808-766d-490c-9422-9a90cd68289e,1760608112141313326,871.784,420.732,1,18,,3.7873975105914206,12.364060325976505
648286a4-8d21-418c-8c47-cd2ace0c239f,c2ca9808-766d-490c-9422-9a90cd68289e,1760608112146323326,870.36,422.999,1,18,,3.6927913124589438,12.21857048294612
648286a4-8d21-418c-8c47-cd2ace0c239f,c2ca9808-766d-490c-9422-9a90cd68289e,1760608112151313326,871.912,426.095,1,18,,3.7928318363345674,12.0186194937767
648286a4-8d21-418c-8c47-cd2ace0c239f,c2ca9808-766d-490c-9422-9a90cd68289e,1760608112156313326,875.434,414.183,1,18,,4.030645964454872,12.78427259513729
648286a4-8d21-418c-8c47-cd2ace0c239f,c2ca9808-766d-490c-9422-9a90cd68289e,1760608112161314326,873.491,415.091,1,18,,3.902574219874708,12.726623369732462
648286a4-8d21-418c-8c47-cd2ace0c239f,c2ca9808-766d-490c-9422-9a90cd68289e,1760608112166314326,874.499,414.826,1,18,,3.968879467582735,12.743250210525275
648286a4-8d21-418c-8c47-cd2ace0c239f,c2ca9808-766d-490c-9422-9a90cd68289e,1760608112171314326,872.774,415.849,1,18,,3.8551168169524943,12.678109824174836
648286a4-8d21-418c-8c47-cd2ace0c239f,c2ca9808-766d-490c-9422-9a90cd68289e,1760608112176439326,872.802,413.844,1,18,,3.8581187035540796,12.807120267958123
648286a4-8d21-418c-8c47-cd2ace0c239f,c2ca9808-766d-490c-9422-9a90cd68289e,1760608112181439326,872.382,414.702,1,18,,3.830035108577765,12.7520524540114
648286a4-8d21-418c-8c47-cd2ace0c239f,c2ca9808-766d-490c-9422-9a90cd68289e,1760608112186453326,872.268,416.999,1,18,,3.8212502129560084,12.604249955542656
648286a4-8d21-418c-8c47-cd2ace0c239f,c2ca9808-766d-490c-9422-9a90cd68289e,1760608112191439326,872.041,417.847,1,18,,3.8058401936295794,12.549708062433359
648286a4-8d21-418c-8c47-cd2ace0c239f,c2ca9808-766d-490c-9422-9a90cd68289e,1760608112196439326,868.997,415.957,1,18,,3.6072791338937527,12.672548949132171
648286a4-8d21-418c-8c47-cd2ace0c239f,c2ca9808-766d-490c-9422-9a90cd68289e,1760608112201441326,869.406,412.824,1,18,,3.6358221318066986,12.874101361260767
648286a4-8d21-418c-8c47-cd2ace0c239f,c2ca9808-766d-490c-9422-9a90cd68289e,1760608112206439326,870.32,413.846,1,18,,3.695226370216898,12.80797514856133
648286a4-8d21-418c-8c47-cd2ace0c239f,c2ca9808-766d-490c-9422-9a90cd68289e,1760608112211439326,869.767,416.896,1,18,,3.657265502107464,12.611774309055882
648286a4-8d21-418c-8c47-cd2ace0c239f,c2ca9808-766d-490c-9422-9a90cd68289e,1760608112216439326,872.585,417.738,1,18,,3.8416161396114843,12.556507098645527
648286a4-8d21-418c-8c47-cd2ace0c239f,c2ca9808-766d-490c-9422-9a90cd68289e,1760608112221439326,870.161,419.383,1,18,,3.681722004209263,12.451495087079996
648286a4-8d21-418c-8c47-cd2ace0c239f,c2ca9808-766d-490c-9422-9a90cd68289e,1760608112226441326,871.201,420.298,1,18,,3.749415258655567,12.392210545600992
648286a4-8d21-418c-8c47-cd2ace0c239f,c2ca9808-766d-490c-9422-9a90cd68289e,1760608112231439326,870.625,422.612,1,,,3.7103716358643184,12.243375825333382
648286a4-8d21-418c-8c47-cd2ace0c239f,c2ca9808-766d-490c-9422-9a90cd68289e,1760608112236439326,871.593,420.431,1,,,3.7750457051904913,12.383487135201705
648286a4-8d21-418c-8c47-cd2ace0c239f,c2ca9808-766d-490c-9422-9a90cd68289e,1760608112241439326,868.658,420.919,1,,,3.582361060404297,12.353110986600381
648286a4-8d21-418c-8c47-cd2ace0c239f,c2ca9808-766d-490c-9422-9a90cd68289e,1760608112246444326,852.078,416.034,1,,,2.4970643140372224,12.672836460374928
648286a4-8d21-418c-8c47-cd2ace0c239f,c2ca9808-766d-490c-9422-9a90cd68289e,1760608112251439326,808.781,416.981,1,,,-0.3447206372281416,12.61711782676887
648286a4-8d21-418c-8c47-cd2ace0c239f,c2ca9808-766d-490c-9422-9a90cd68289e,1760608112256439326,787.347,410.023,1,,,-1.7536501075628588,13.063632357782364
648286a4-8d21-418c-8c47-cd2ace0c239f,c2ca9808-766d-490c-9422-9a90cd68289e,1760608112261439326,747.929,414.615,1,,,-4.340244467547207,12.756916360461881
648286a4-8d21-418c-8c47-cd2ace0c239f,c2ca9808-766d-490c-9422-9a90cd68289e,1760608112266440326,731.052,406.851,1,,,-5.45502513258295,13.24874306151673
648286a4-8d21-418c-8c47-cd2ace0c239f,c2ca9808-766d-490c-9422-9a90cd68289e,1760608112271448326,726.012,403.36,1,,,-5.789661563514793,13.470529064812638
648286a4-8d21-418c-8c47-cd2ace0c239f,c2ca9808-766d-490c-9422-9a90cd68289e,1760608112276440326,729.497,404.409,1,19,,-5.559503430268279,13.404984951735234
648286a4-8d21-418c-8c47-cd2ace0c239f,c2ca9808-766d-490c-9422-9a90cd68289e,1760608112281440326,730.917,405.335,1,19,,-5.465295253426966,13.346166234612676
648286a4-8d21-418c-8c47-cd2ace0c239f,c2ca9808-766d-490c-9422-9a90cd68289e,1760608112286440326,728.895,405.073,1,19,,-5.598427820376878,13.361941879910693
648286a4-8d21-418c-8c47-cd2ace0c239f,c2ca9808-766d-490c-9422-9a90cd68289e,1760608112291449326,730.372,408.041,1,19,,-5.498590134845721,13.171812365257797
648286a4-8d21-418c-8c47-cd2ace0c239f,c2ca9808-766d-490c-9422-9a90cd68289e,1760608112296440326,726.668,406.836,1,19,,-5.7431231060694445,13.247332824540862
648286a4-8d21-418c-8c47-cd2ace0c239f,c2ca9808-766d-490c-9422-9a90cd68289e,1760608112301440326,728.125,406.65,1,19,,-5.647549920844275,13.260119222308166
648286a4-8d21-418c-8c47-cd2ace0c239f,c2ca9808-766d-490c-9422-9a90cd68289e,1760608112306440326,730.524,403.42,1,19,,-5.492928241121237,13.469147059160594
648286a4-8d21-418c-8c47-cd2ace0c239f,c2ca9808-766d-490c-9422-9a90cd68289e,1760608112311440326,732.231,407.362,1,19,,-5.377091857892586,13.216471412275183
648286a4-8d21-418c-8c47-cd2ace0c239f,c2ca9808-766d-490c-9422-9a90cd68289e,1760608112316565326,729.581,407.371,1,19,,-5.551196254005402,13.214503832538137
648286a4-8d21-418c-8c47-cd2ace0c239f,c2ca9808-766d-490c-9422-9a90cd68289e,1760608112321565326,730.216,406.407,1,19,,-5.510375038391351,13.276887868737985
648286a4-8d21-418c-8c47-cd2ace0c239f,c2ca9808-766d-490c-9422-9a90cd68289e,1760608112326565326,729.943,411.172,1,19,,-5.523898995469653,12.97017803687755
648286a4-8d21-418c-8c47-cd2ace0c239f,c2ca9808-766d-490c-9422-9a90cd68289e,1760608112331565326,731.88,406.99,1,19,,-5.400487107485191,13.240237957162957
648286a4-8d21-418c-8c47-cd2ace0c239f,c2ca9808-766d-490c-9422-9a90cd68289e,1760608112336565326,730.834,402.469,1,19,,-5.473420404689429,13.530456555932481
648286a4-8d21-418c-8c47-cd2ace0c239f,c2ca9808-766d-490c-9422-9a90cd68289e,1760608112341565326,728.721,397.26,1,19,,-5.617516013176268,13.864271457982694
648286a4-8d21-418c-8c47-cd2ace0c239f,c2ca9808-766d-490c-9422-9a90cd68289e,1760608112346565326,729.324,399.016,1,19,,-5.576058302020594,13.751726308052588
648286a4-8d21-418c-8c47-cd2ace0c239f,c2ca9808-766d-490c-9422-9a90cd68289e,1760608112351565326,730.777,402.265,1,19,,-5.4773788402043095,13.543577474452025
648286a4-8d21-418c-8c47-cd2ace0c239f,c2ca9808-766d-490c-9422-9a90cd68289e,1760608112356566326,730.292,403.758,1,19,,-5.507846206566869,13.447257294284139
648286a4-8d21-418c-8c47-cd2ace0c239f,c2ca9808-766d-490c-9422-9a90cd68289e,1760608112361566326,731.319,404.55,1,19,,-5.439584179041669,13.396872133389719
648286a4-8d21-418c-8c47-cd2ace0c239f,c2ca9808-766d-490c-9422-9a90cd68289e,1760608112366566326,733.086,406.131,1,19,,-5.321988809962382,13.29613170945036
648286a4-8d21-418c-8c47-cd2ace0c239f,c2ca9808-766d-490c-9422-9a90cd68289e,1760608112371569326,734.445,406.592,1,19,,-5.2322806113926585,13.267139581716199
648286a4-8d21-418c-8c47-cd2ace0c239f,c2ca9808-766d-490c-9422-9a90cd68289e,1760608112376573326,736.191,406.172,1,19,,-5.11790984106583,13.295018747046223
648286a4-8d21-418c-8c47-cd2ace0c239f,c2ca9808-766d-490c-9422-9a90cd68289e,1760608112381566326,736.503,406.608,1,19,,-5.096998502182525,13.267119921305902
648286a4-8d21-418c-8c47-cd2ace0c239f,c2ca9808-766d-490c-9422-9a90cd68289e,1760608112386566326,732.069,403.997,1,19,,-5.390780912576264,13.432831135787792
648286a4-8d21-418c-8c47-cd2ace0c239f,c2ca9808-766d-490c-9422-9a90cd68289e,1760608112391569326,732.055,405.054,1,19,,-5.390715752241205,13.36488309458404
648286a4-8d21-418c-8c47-cd2ace0c239f,c2ca9808-766d-490c-9422-9a90cd68289e,1760608112396566326,732.28,403.575,1,19,,-5.377289886444229,13.460128147520882
648286a4-8d21-418c-8c47-cd2ace0c239f,c2ca9808-766d-490c-9422-9a90cd68289e,1760608112401569326,734.512,396.75,1,19,,-5.236809434746758,13.900261375954644
648286a4-8d21-418c-8c47-cd2ace0c239f,c2ca9808-766d-490c-9422-9a90cd68289e,1760608112406566326,733.452,398.07,1,19,,-5.305311176017299,13.814800091534014
648286a4-8d21-418c-8c47-cd2ace0c239f,c2ca9808-766d-490c-9422-9a90cd68289e,1760608112411569326,732.199,399.03,1,19,,-5.386863651483533,13.75236077545324
648286a4-8d21-418c-8c47-cd2ace0c239f,c2ca9808-766d-490c-9422-9a90cd68289e,1760608112416566326,734.576,400.887,1,19,,-5.228790604075885,13.634184686204186
648286a4-8d21-418c-8c47-cd2ace0c239f,c2ca9808-766d-490c-9422-9a90cd68289e,1760608112421569326,734.915,401.475,1,19,,-5.205966589917779,13.596526111998052
648286a4-8d21-418c-8c47-cd2ace0c239f,c2ca9808-766d-490c-9422-9a90cd68289e,1760608112426571326,735.168,402.26,1,19,,-5.188584139612414,13.546167691899601
648286a4-8d21-418c-8c47-cd2ace0c239f,c2ca9808-766d-490c-9422-9a90cd68289e,1760608112431566326,734.032,401.854,1,19,,-5.263657175109889,13.571723760597225
648286a4-8d21-418c-8c47-cd2ace0c239f,c2ca9808-766d-490c-9422-9a90cd68289e,1760608112436569326,736.357,402.729,1,19,,-5.109998106662909,13.516634772533715
648286a4-8d21-418c-8c47-cd2ace0c239f,c2ca9808-766d-490c-9422-9a90cd68289e,1760608112441566326,735.145,404.135,1,19,,-5.1884478062000285,13.425558318364844
648286a4-8d21-418c-8c47-cd2ace0c239f,c2ca9808-766d-490c-9422-9a90cd68289e,1760608112446566326,736.441,402.709,1,19,,-5.104440040848945,13.517951140669332
648286a4-8d21-418c-8c47-cd2ace0c239f,c2ca9808-766d-490c-9422-9a90cd68289e,1760608112451691326,728.702,406.066,1,19,,-5.6101926640297215,13.297968505923052
648286a4-8d21-418c-8c47-cd2ace0c239f,c2ca9808-766d-490c-9422-9a90cd68289e,1760608112456692326,729.723,404.349,1,19,,-5.544686180394997,13.408978042883327
648286a4-8d21-418c-8c47-cd2ace0c239f,c2ca9808-766d-490c-9422-9a90cd68289e,1760608112461702326,725.502,405.414,1,19,,-5.821148960526615,13.33814697574842
648286a4-8d21-418c-8c47-cd2ace0c239f,c2ca9808-766d-490c-9422-9a90cd68289e,1760608112466698326,719.984,403.688,1,19,,-6.185619621884546,13.445913728064996
648286a4-8d21-418c-8c47-cd2ace0c239f,c2ca9808-766d-490c-9422-9a90cd68289e,1760608112471692326,713.945,397.962,1,19,,-6.58912021358149,13.81011508923264
648286a4-8d21-418c-8c47-cd2ace0c239f,c2ca9808-766d-490c-9422-9a90cd68289e,1760608112476692326,713.485,400.62,1,19,,-6.616292059204463,13.638964128553916
648286a4-8d21-418c-8c47-cd2ace0c239f,c2ca9808-766d-490c-9422-9a90cd68289e,1760608112481706326,711.449,403.832,1,19,,-6.746433369147598,13.431214351567975
648286a4-8d21-418c-8c47-cd2ace0c239f,c2ca9808-766d-490c-9422-9a90cd68289e,1760608112486692326,711.398,403.184,1,19,,-6.7505359361860835,13.47287054286215
648286a4-8d21-418c-8c47-cd2ace0c239f,c2ca9808-766d-490c-9422-9a90cd68289e,1760608112491697326,710.552,404.731,1,19,,-6.804382769910633,13.372844896013252
648286a4-8d21-418c-8c47-cd2ace0c239f,c2ca9808-766d-490c-9422-9a90cd68289e,1760608112496692326,711.141,403.683,1,19,,-6.7668575278979715,13.440635600868847
648286a4-8d21-418c-8c47-cd2ace0c239f,c2ca9808-766d-490c-9422-9a90cd68289e,1760608112501692326,710.92,406.18,1,19,,-6.778549829803598,13.279961886394535
648286a4-8d21-418c-8c47-cd2ace0c239f,c2ca9808-766d-490c-9422-9a90cd68289e,1760608112506696326,711.301,404.57,1,19,,-6.755365046305777,13.383710230917362
648286a4-8d21-418c-8c47-cd2ace0c239f,c2ca9808-766d-490c-9422-9a90cd68289e,1760608112511692326,712.31,404.095,1,19,,-6.689580525832744,13.414867477199204
648286a4-8d21-418c-8c47-cd2ace0c239f,c2ca9808-766d-490c-9422-9a90cd68289e,1760608112516692326,710.99,406.344,1,19,,-6.7737721179458354,13.269524668946667
648286a4-8d21-418c-8c47-cd2ace0c239f,c2ca9808-766d-490c-9422-9a90cd68289e,1760608112521692326,710.4,405.697,1,19,,-6.813239908273601,13.310714219686432
648286a4-8d21-418c-8c47-cd2ace0c239f,c2ca9808-766d-490c-9422-9a90cd68289e,1760608112526692326,712.375,404.844,1,19,,-6.684468812403166,13.36681971237523
648286a4-8d21-418c-8c47-cd2ace0c239f,c2ca9808-766d-490c-9422-9a90cd68289e,1760608112531692326,712.866,404.023,1,19,,-6.653124966875995,13.419863246499945
648286a4-8d21-418c-8c47-cd2ace0c239f,c2ca9808-766d-490c-9422-9a90cd68289e,1760608112536693326,713.199,402.948,1,19,,-6.632412872770835,13.489180627879078
648286a4-8d21-418c-8c47-cd2ace0c239f,c2ca9808-766d-490c-9422-9a90cd68289e,1760608112541692326,713.668,400.649,1,19,,-6.60423687967629,13.637233017035781
648286a4-8d21-418c-8c47-cd2ace0c239f,c2ca9808-766d-490c-9422-9a90cd68289e,1760608112546692326,712.061,404.564,1,19,,-6.705380303122081,13.384594013482388
648286a4-8d21-418c-8c47-cd2ace0c239f,c2ca9808-766d-490c-9422-9a90cd68289e,1760608112551692326,710.894,403.053,1,19,,-6.783827933698941,13.480942290797032
648286a4-8d21-418c-8c47-cd2ace0c239f,c2ca9808-766d-490c-9422-9a90cd68289e,1760608112556693326,710.286,404.536,1,19,,-6.822053791413029,13.385253023079164
648286a4-8d21-418c-8c47-cd2ace0c239f,c2ca9808-766d-490c-9422-9a90cd68289e,1760608112561704326,706.424,399.646,1,19,,-7.081818169997142,13.69678346855526
648286a4-8d21-418c-8c47-cd2ace0c239f,c2ca9808-766d-490c-9422-9a90cd68289e,1760608112566693326,706.93,399.255,1,19,,-7.049065557142508,13.72224492637364
648286a4-8d21-418c-8c47-cd2ace0c239f,c2ca9808-766d-490c-9422-9a90cd68289e,1760608112571693326,706.135,401.74,1,19,,-7.098286685769466,13.56200879719468
648286a4-8d21-418c-8c47-cd2ace0c239f,c2ca9808-766d-490c-9422-9a90cd68289e,1760608112576693326,713.189,398.473,1,19,,-6.638260213778016,13.776786956679981
648286a4-8d21-418c-8c47-cd2ace0c239f,c2ca9808-766d-490c-9422-9a90cd68289e,1760608112581701326,709.99,403.69,1,19,,-6.842509402511235,13.439397654721963
648286a4-8d21-418c-8c47-cd2ace0c239f,c2ca9808-766d-490c-9422-9a90cd68289e,1760608112586824326,712.345,397.252,1,19,,-6.695195749635784,13.854642688544505
648286a4-8d21-418c-8c47-cd2ace0c239f,c2ca9808-766d-490c-9422-9a90cd68289e,1760608112591818326,712.543,397.472,1,19,,-6.681924074937282,13.840652154538432
648286a4-8d21-418c-8c47-cd2ace0c239f,c2ca9808-766d-490c-9422-9a90cd68289e,1760608112596818326,711.958,398.941,1,19,,-6.718667543086402,13.745883743788312
648286a4-8d21-418c-8c47-cd2ace0c239f,c2ca9808-766d-490c-9422-9a90cd68289e,1760608112601818326,709.286,400.744,1,19,,-6.892296493857599,13.628194783780682
648286a4-8d21-418c-8c47-cd2ace0c239f,c2ca9808-766d-490c-9422-9a90cd68289e,1760608112606818326,708.272,405.44,1,19,,-6.95335512842713,13.325780645577403
648286a4-8d21-418c-8c47-cd2ace0c239f,c2ca9808-766d-490c-9422-9a90cd68289e,1760608112611820326,708.387,405.373,1,19,,-6.945885874951422,13.330137620198894
648286a4-8d21-418c-8c47-cd2ace0c239f,c2ca9808-766d-490c-9422-9a90cd68289e,1760608112616820326,706.771,402.734,1,19,,-7.055256716960281,13.49863516008225
648286a4-8d21-418c-8c47-cd2ace0c239f,c2ca9808-766d-490c-9422-9a90cd68289e,1760608112621818326,710.514,405.29,1,19,,-6.806252375567083,13.336902478532988
648286a4-8d21-418c-8c47-cd2ace0c239f,c2ca9808-766d-490c-9422-9a90cd68289e,1760608112626826326,706.757,408.342,1,19,,-7.049491901060051,13.13829271033956
648286a4-8d21-418c-8c47-cd2ace0c239f,c2ca9808-766d-490c-9422-9a90cd68289e,1760608112631818326,704.607,408.168,1,19,,-7.190901991273947,13.147967425688377
648286a4-8d21-418c-8c47-cd2ace0c239f,c2ca9808-766d-490c-9422-9a90cd68289e,1760608112636818326,706.246,409.67,1,,,-7.081492361066416,13.05260190496136
648286a4-8d21-418c-8c47-cd2ace0c239f,c2ca9808-766d-490c-9422-9a90cd68289e,1760608112641819326,707.73,410.869,1,,,-6.9826455829777085,12.976518968370728
648286a4-8d21-418c-8c47-cd2ace0c239f,c2ca9808-766d-490c-9422-9a90cd68289e,1760608112646818326,701.68,427.341,1,,,-7.360700482961333,11.913904212857606
648286a4-8d21-418c-8c47-cd2ace0c239f,c2ca9808-766d-490c-9422-9a90cd68289e,1760608112651822326,688.168,453.006,1,,,-8.215991399588997,10.25545871510579
648286a4-8d21-418c-8c47-cd2ace0c239f,c2ca9808-766d-490c-9422-9a90cd68289e,1760608112656819326,685.977,505.173,1,,,-8.312722826037255,6.8987680834072265
648286a4-8d21-418c-8c47-cd2ace0c239f,c2ca9808-766d-490c-9422-9a90cd68289e,1760608112661819326,670.751,557.407,1,,,-9.269147893884316,3.5316446979091354
648286a4-8d21-418c-8c47-cd2ace0c239f,c2ca9808-766d-490c-9422-9a90cd68289e,1760608112666819326,661.855,591.615,1,,,-9.833958428822102,1.329003659249734
648286a4-8d21-418c-8c47-cd2ace0c239f,c2ca9808-766d-490c-9422-9a90cd68289e,1760608112671822326,654.806,632.275,1,,,-10.2886565523429,-1.2860848818115413
648286a4-8d21-418c-8c47-cd2ace0c239f,c2ca9808-766d-490c-9422-9a90cd68289e,1760608112676819326,660.876,654.065,1,,,-9.902088962785218,-2.688266068724674
648286a4-8d21-418c-8c47-cd2ace0c239f,c2ca9808-766d-490c-9422-9a90cd68289e,1760608112681819326,674.814,654.357,1,,,-9.001939047045386,-2.7097604952432173
648286a4-8d21-418c-8c47-cd2ace0c239f,c2ca9808-766d-490c-9422-9a90cd68289e,1760608112686819326,669.294,671.353,1,20,,-9.36472599687129,-3.802303322780795
648286a4-8d21-418c-8c47-cd2ace0c239f,c2ca9808-766d-490c-9422-9a90cd68289e,1760608112691819326,668.548,666.568,1,20,,-9.410968512223457,-3.494276519949877
648286a4-8d21-418c-8c47-cd2ace0c239f,c2ca9808-766d-490c-9422-9a90cd68289e,1760608112696819326,666.555,661.704,1,20,,-9.537874492315204,-3.1808248164559125
648286a4-8d21-418c-8c47-cd2ace0c239f,c2ca9808-766d-490c-9422-9a90cd68289e,1760608112701819326,667.414,661.518,1,20,,-9.482306271259679,-3.16907010286763
648286a4-8d21-418c-8c47-cd2ace0c239f,c2ca9808-766d-490c-9422-9a90cd68289e,1760608112706819326,670.911,657.421,1,20,,-9.255048822063538,-2.906240684325845
648286a4-8d21-418c-8c47-cd2ace0c239f,c2ca9808-766d-490c-9422-9a90cd68289e,1760608112711819326,670.885,659.476,1,20,,-9.25741995374168,-3.0384691282858194
648286a4-8d21-418c-8c47-cd2ace0c239f,c2ca9808-766d-490c-9422-9a90cd68289e,1760608112716819326,673.593,664.101,1,20,,-9.084073934749824,-3.336723427067252
648286a4-8d21-418c-8c47-cd2ace0c239f,c2ca9808-766d-490c-9422-9a90cd68289e,1760608112721947326,671.006,665.278,1,20,,-9.251677950921678,-3.4119003431677775
648286a4-8d21-418c-8c47-cd2ace0c239f,c2ca9808-766d-490c-9422-9a90cd68289e,1760608112726944326,674.559,664.941,1,20,,-9.021943510450246,-3.3910495727242176
648286a4-8d21-418c-8c47-cd2ace0c239f,c2ca9808-766d-490c-9422-9a90cd68289e,1760608112731944326,673.309,662.764,1,20,,-9.10193914212997,-3.2506044638908698
648286a4-8d21-418c-8c47-cd2ace0c239f,c2ca9808-766d-490c-9422-9a90cd68289e,1760608112736944326,674.551,659.419,1,20,,-9.02051279018918,-3.0355603947727525
648286a4-8d21-418c-8c47-cd2ace0c239f,c2ca9808-766d-490c-9422-9a90cd68289e,1760608112741960326,675.136,658.75,1,20,,-8.98251710984705,-2.9926544698763737
648286a4-8d21-418c-8c47-cd2ace0c239f,c2ca9808-766d-490c-9422-9a90cd68289e,1760608112746945326,678.455,659.071,1,20,,-8.768147233941338,-3.0139909130470657
648286a4-8d21-418c-8c47-cd2ace0c239f,c2ca9808-766d-490c-9422-9a90cd68289e,1760608112751945326,679.578,656.411,1,20,,-8.694790742364264,-2.8429386355221293
648286a4-8d21-418c-8c47-cd2ace0c239f,c2ca9808-766d-490c-9422-9a90cd68289e,1760608112756950326,678.855,657.055,1,20,,-8.741670426273807,-2.8842300161600876
648286a4-8d21-418c-8c47-cd2ace0c239f,c2ca9808-766d-490c-9422-9a90cd68289e,1760608112761947326,679.343,660.767,1,20,,-8.711345952654629,-3.12334423585701
648286a4-8d21-418c-8c47-cd2ace0c239f,c2ca9808-766d-490c-9422-9a90cd68289e,1760608112766956326,679.221,659.031,1,20,,-8.718687504588733,-3.01158306014199
648286a4-8d21-418c-8c47-cd2ace0c239f,c2ca9808-766d-490c-9422-9a90cd68289e,1760608112771945326,676.842,659.38,1,20,,-8.872481389114425,-3.033530228615768
648286a4-8d21-418c-8c47-cd2ace0c239f,c2ca9808-766d-490c-9422-9a90cd68289e,1760608112776945326,679.939,658.111,1,20,,-8.671958920553974,-2.952460235837444
648286a4-8d21-418c-8c47-cd2ace0c239f,c2ca9808-766d-490c-9422-9a90cd68289e,1760608112781945326,681.103,658.458,1,20,,-8.596857849134008,-2.9750066013722862
648286a4-8d21-418c-8c47-cd2ace0c239f,c2ca9808-766d-490c-9422-9a90cd68289e,1760608112786955326,679.171,659.221,1,20,,-8.721985728633555,-3.0237448558484727
648286a4-8d21-418c-8c47-cd2ace0c239f,c2ca9808-766d-490c-9422-9a90cd68289e,1760608112791945326,683.687,656.581,1,20,,-8.429365103463423,-2.854596947166442
648286a4-8d21-418c-8c47-cd2ace0c239f,c2ca9808-766d-490c-9422-9a90cd68289e,1760608112796945326,683.757,653.417,1,20,,-8.423932243963376,-2.6508321280598897
648286a4-8d21-418c-8c47-cd2ace0c239f,c2ca9808-766d-490c-9422-9a90cd68289e,1760608112801945326,682.13,652.534,1,20,,-8.528813735646782,-2.5936500185243614
648286a4-8d21-418c-8c47-cd2ace0c239f,c2ca9808-766d-490c-9422-9a90cd68289e,1760608112806953326,684.062,652.682,1,20,,-8.404035798977715,-2.6035421984387774
648286a4-8d21-418c-8c47-cd2ace0c239f,c2ca9808-766d-490c-9422-9a90cd68289e,1760608112811945326,688.405,651.83,1,20,,-8.123193976963547,-2.549338863249559
648286a4-8d21-418c-8c47-cd2ace0c239f,c2ca9808-766d-490c-9422-9a90cd68289e,1760608112816948326,688.365,656.05,1,20,,-8.12691152052574,-2.8212553747146742
648286a4-8d21-418c-8c47-cd2ace0c239f,c2ca9808-766d-490c-9422-9a90cd68289e,1760608112821945326,684.278,654.338,1,20,,-8.390562304823174,-2.7102592888456387
648286a4-8d21-418c-8c47-cd2ace0c239f,c2ca9808-766d-490c-9422-9a90cd68289e,1760608112826945326,688.357,653.761,1,20,,-8.126837889901633,-2.6737927765303833
648286a4-8d21-418c-8c47-cd2ace0c239f,c2ca9808-766d-490c-9422-9a90cd68289e,1760608112831945326,688.177,653.582,1,20,,-8.138374140221863,-2.6621809072298843
648286a4-8d21-418c-8c47-cd2ace0c239f,c2ca9808-766d-490c-9422-9a90cd68289e,1760608112836945326,687.902,651.496,1,20,,-8.155619545065683,-2.5277779641203284
648286a4-8d21-418c-8c47-cd2ace0c239f,c2ca9808-766d-490c-9422-9a90cd68289e,1760608112841946326,687.835,651.219,1,20,,-8.159912886759672,-2.5099085539907593
648286a4-8d21-418c-8c47-cd2ace0c239f,c2ca9808-766d-490c-9422-9a90cd68289e,1760608112846946326,688.02,646.792,1,20,,-8.146892031622782,-2.2246903119596397
648286a4-8d21-418c-8c47-cd2ace0c239f,c2ca9808-766d-490c-9422-9a90cd68289e,1760608112851952326,686.778,646.284,1,20,,-8.227019045524784,-2.191776353137028
648286a4-8d21-418c-8c47-cd2ace0c239f,c2ca9808-766d-490c-9422-9a90cd68289e,1760608112857071326,686.978,647.041,1,20,,-8.2142668631904,-2.2405579725645284
648286a4-8d21-418c-8c47-cd2ace0c239f,c2ca9808-766d-490c-9422-9a90cd68289e,1760608112862071326,687.941,647.584,1,20,,-8.15216857516002,-2.275716897303601
648286a4-8d21-418c-8c47-cd2ace0c239f,c2ca9808-766d-490c-9422-9a90cd68289e,1760608112867078326,683.607,651.151,1,20,,-8.433060998125955,-2.5048277112233097
648286a4-8d21-418c-8c47-cd2ace0c239f,c2ca9808-766d-490c-9422-9a90cd68289e,1760608112872073326,684.767,651.446,1,20,,-8.358187006997342,-2.52400700649351
648286a4-8d21-418c-8c47-cd2ace0c239f,c2ca9808-766d-490c-9422-9a90cd68289e,1760608112877071326,682.673,648.15,1,20,,-8.492662552244402,-2.3113740253904536
648286a4-8d21-418c-8c47-cd2ace0c239f,c2ca9808-766d-490c-9422-9a90cd68289e,1760608112882071326,684.657,649.34,1,20,,-8.364765790502084,-2.3883313560917165
648286a4-8d21-418c-8c47-cd2ace0c239f,c2ca9808-766d-490c-9422-9a90cd68289e,1760608112887074326,686.73,649.777,1,,,-8.23091612540242,-2.4167891579749097
648286a4-8d21-418c-8c47-cd2ace0c239f,c2ca9808-766d-490c-9422-9a90cd68289e,1760608112892071326,688.273,647.933,1,,,-8.130811394840194,-2.298225556028311
648286a4-8d21-418c-8c47-cd2ace0c239f,c2ca9808-766d-490c-9422-9a90cd68289e,1760608112897071326,687.04,650.821,1,,,-8.211187416114447,-2.484146528781279
648286a4-8d21-418c-8c47-cd2ace0c239f,c2ca9808-766d-490c-9422-9a90cd68289e,1760608112902071326,686.999,652.231,1,,,-8.214189083067499,-2.5749815406200556
648286a4-8d21-418c-8c47-cd2ace0c239f,c2ca9808-766d-490c-9422-9a90cd68289e,1760608112907071326,688.039,667.19,1,,,-8.151469171334162,-3.538917993430493
648286a4-8d21-418c-8c47-cd2ace0c239f,c2ca9808-766d-490c-9422-9a90cd68289e,1760608112912071326,693.167,693.871,1,,,-7.831000559493696,-5.259080170072596
648286a4-8d21-418c-8c47-cd2ace0c239f,c2ca9808-766d-490c-9422-9a90cd68289e,1760608112917071326,698.726,781.982,1,,,-7.536874592352096,-10.93191580393986
648286a4-8d21-418c-8c47-cd2ace0c239f,c2ca9808-766d-490c-9422-9a90cd68289e,1760608112922071326,717.743,819.929,1,,,-6.331042842015363,-13.382602362704887
648286a4-8d21-418c-8c47-cd2ace0c239f,c2ca9808-766d-490c-9422-9a90cd68289e,1760608112927071326,720.329,876.682,1,,,-6.229817373151513,-17.027995415060218
648286a4-8d21-418c-8c47-cd2ace0c239f,c2ca9808-766d-490c-9422-9a90cd68289e,1760608112932071326,739.154,912.832,1,,,-5.022434303659959,-19.360161634725785
648286a4-8d21-418c-8c47-cd2ace0c239f,c2ca9808-766d-490c-9422-9a90cd68289e,1760608112937077326,739.137,953.126,1,,,-5.080682502400203,-21.943225267328753
648286a4-8d21-418c-8c47-cd2ace0c239f,c2ca9808-766d-490c-9422-9a90cd68289e,1760608112942072326,755.569,983.1,1,,,-4.005380252518619,-23.87608486951545
648286a4-8d21-418c-8c47-cd2ace0c239f,c2ca9808-766d-490c-9422-9a90cd68289e,1760608112947076326,768.488,982.206,1,,,-3.120612279286389,-23.82604610826413
648286a4-8d21-418c-8c47-cd2ace0c239f,c2ca9808-766d-490c-9422-9a90cd68289e,1760608112952072326,765.736,997.569,1,21,,-3.326658736277061,-24.809902274414927
648286a4-8d21-418c-8c47-cd2ace0c239f,c2ca9808-766d-490c-9422-9a90cd68289e,1760608112957072326,770.795,994.597,1,21,,-2.975660307755224,-24.62180511776372
648286a4-8d21-418c-8c47-cd2ace0c239f,c2ca9808-766d-490c-9422-9a90cd68289e,1760608112962072326,772.015,994.581,1,21,,-2.891873325389496,-24.62138088741696
648286a4-8d21-418c-8c47-cd2ace0c239f,c2ca9808-766d-490c-9422-9a90cd68289e,1760608112967072326,772.174,992.86,1,21,,-2.8791677294790836,-24.511054630425832
648286a4-8d21-418c-8c47-cd2ace0c239f,c2ca9808-766d-490c-9422-9a90cd68289e,1760608112972072326,771.478,991.475,1,21,,-2.925509692474422,-24.42188492676991
648286a4-8d21-418c-8c47-cd2ace0c239f,c2ca9808-766d-490c-9422-9a90cd68289e,1760608112977074326,770.126,998.895,1,21,,-3.026278670843311,-24.897209290489013
648286a4-8d21-418c-8c47-cd2ace0c239f,c2ca9808-766d-490c-9422-9a90cd68289e,1760608112982072326,770.136,1015.903,1,21,,-3.0447865955595206,-25.98830885096799
648286a4-8d21-418c-8c47-cd2ace0c239f,c2ca9808-766d-490c-9422-9a90cd68289e,1760608112987072326,769.048,1010.643,1,21,,-3.113866556995241,-25.650271108049573
648286a4-8d21-418c-8c47-cd2ace0c239f,c2ca9808-766d-490c-9422-9a90cd68289e,1760608112992072326,769.141,998.578,1,21,,-3.0937020830680537,-24.87636611192676
648286a4-8d21-418c-8c47-cd2ace0c239f,c2ca9808-766d-490c-9422-9a90cd68289e,1760608112997197326,769.433,998.147,1,21,,-3.073101179232319,-24.848887419868873
648286a4-8d21-418c-8c47-cd2ace0c239f,c2ca9808-766d-490c-9422-9a90cd68289e,1760608113002197326,768.531,999.094,1,21,,-3.136187250182439,-24.90917206640581
648286a4-8d21-418c-8c47-cd2ace0c239f,c2ca9808-766d-490c-9422-9a90cd68289e,1760608113007197326,771.017,992.729,1,21,,-2.9584455994598047,-24.50213338651387
648286a4-8d21-418c-8c47-cd2ace0c239f,c2ca9808-766d-490c-9422-9a90cd68289e,1760608113012197326,771.43,991.007,1,21,,-2.9283474746845797,-24.391871693020832
648286a4-8d21-418c-8c47-cd2ace0c239f,c2ca9808-766d-490c-9422-9a90cd68289e,1760608113022197326,770.047,987.421,1,21,,-3.0193976608358537,-24.16120475780303
648286a4-8d21-418c-8c47-cd2ace0c239f,c2ca9808-766d-490c-9422-9a90cd68289e,1760608113027197326,769.787,985.753,1,21,,-3.035487057236391,-24.054123027955317
648286a4-8d21-418c-8c47-cd2ace0c239f,c2ca9808-766d-490c-9422-9a90cd68289e,1760608113032198326,768.217,983.311,1,21,,-3.1403141525001192,-23.896745983051712
648286a4-8d21-418c-8c47-cd2ace0c239f,c2ca9808-766d-490c-9422-9a90cd68289e,1760608113037198326,766.146,983.166,1,21,,-3.2818747617938038,-23.886422432696694
648286a4-8d21-418c-8c47-cd2ace0c239f,c2ca9808-766d-490c-9422-9a90cd68289e,1760608113042204326,767.985,969.885,1,21,,-3.142070198812364,-23.035605981942727
648286a4-8d21-418c-8c47-cd2ace0c239f,c2ca9808-766d-490c-9422-9a90cd68289e,1760608113047198326,769.09,971.088,1,21,,-3.0680311196646555,-23.11329205942747
648286a4-8d21-418c-8c47-cd2ace0c239f,c2ca9808-766d-490c-9422-9a90cd68289e,1760608113052202326,760.364,989.197,1,21,,-3.6851072743243454,-24.26995630531766
648286a4-8d21-418c-8c47-cd2ace0c239f,c2ca9808-766d-490c-9422-9a90cd68289e,1760608113057198326,759.973,987.414,1,21,,-3.709576274692817,-24.155382249469103
648286a4-8d21-418c-8c47-cd2ace0c239f,c2ca9808-766d-490c-9422-9a90cd68289e,1760608113062198326,766.198,977.019,1,21,,-3.271501688053752,-23.492264921535856
648286a4-8d21-418c-8c47-cd2ace0c239f,c2ca9808-766d-490c-9422-9a90cd68289e,1760608113067198326,766.079,977.027,1,21,,-3.279674346984402,-23.4927004462656
648286a4-8d21-418c-8c47-cd2ace0c239f,c2ca9808-766d-490c-9422-9a90cd68289e,1760608113072198326,766.927,977.046,1,21,,-3.221791235263669,-23.494365528479587
648286a4-8d21-418c-8c47-cd2ace0c239f,c2ca9808-766d-490c-9422-9a90cd68289e,1760608113077198326,767.927,976.669,1,21,,-3.1530617396809917,-23.47064137657717
648286a4-8d21-418c-8c47-cd2ace0c239f,c2ca9808-766d-490c-9422-9a90cd68289e,1760608113082198326,764.499,976.297,1,21,,-3.386731268434584,-23.445073263171246
648286a4-8d21-418c-8c47-cd2ace0c239f,c2ca9808-766d-490c-9422-9a90cd68289e,1760608113087198326,764.272,975.786,1,21,,-3.4016116405466787,-23.41218793975034
648286a4-8d21-418c-8c47-cd2ace0c239f,c2ca9808-766d-490c-9422-9a90cd68289e,1760608113092198326,769.933,975.436,1,,,-3.014877108222508,-23.392513113626176
648286a4-8d21-418c-8c47-cd2ace0c239f,c2ca9808-766d-490c-9422-9a90cd68289e,1760608113097198326,768.695,975.016,1,,,-3.098969820182847,-23.364992090964453
648286a4-8d21-418c-8c47-cd2ace0c239f,c2ca9808-766d-490c-9422-9a90cd68289e,1760608113102198326,768.816,981.701,1,,,-3.0976326729036803,-23.793799632807936
648286a4-8d21-418c-8c47-cd2ace0c239f,c2ca9808-766d-490c-9422-9a90cd68289e,1760608113107198326,765.799,999.185,1,,,-3.3242177145154437,-24.913568612947987
648286a4-8d21-418c-8c47-cd2ace0c239f,c2ca9808-766d-490c-9422-9a90cd68289e,1760608113112199326,767.454,1025.363,1,,,-3.242282626750009,-26.593905201290227
648286a4-8d21-418c-8c47-cd2ace0c239f,c2ca9808-766d-490c-9422-9a90cd68289e,1760608113117198326,771.735,1022.448,1,,,-2.941651861634371,-26.409085536442348
648286a4-8d21-418c-8c47-cd2ace0c239f,c2ca9808-766d-490c-9422-9a90cd68289e,1760608113122198326,772.302,1019.332,1,22,,-2.898766563780852,-26.20940112960246
648286a4-8d21-418c-8c47-cd2ace0c239f,c2ca9808-766d-490c-9422-9a90cd68289e,1760608113127199326,762.647,1019.123,1,22,,-3.567409649411358,-26.19076701275852
648286a4-8d21-418c-8c47-cd2ace0c239f,c2ca9808-766d-490c-9422-9a90cd68289e,1760608113132324326,771.24,1020.221,1,22,,-2.973369202359147,-26.26590185523172
648286a4-8d21-418c-8c47-cd2ace0c239f,c2ca9808-766d-490c-9422-9a90cd68289e,1760608113137324326,773.786,1019.748,1,22,,-2.7963879719750095,-26.236812885836105
648286a4-8d21-418c-8c47-cd2ace0c239f,c2ca9808-766d-490c-9422-9a90cd68289e,1760608113142324326,771.48,1018.139,1,22,,-2.9543436988351686,-26.132461093176488
648286a4-8d21-418c-8c47-cd2ace0c239f,c2ca9808-766d-490c-9422-9a90cd68289e,1760608113147324326,770.579,1016.824,1,22,,-3.015215118636141,-26.047634044815076
648286a4-8d21-418c-8c47-cd2ace0c239f,c2ca9808-766d-490c-9422-9a90cd68289e,1760608113152324326,769.444,1016.642,1,22,,-3.093571836157123,-26.035381817383076
648286a4-8d21-418c-8c47-cd2ace0c239f,c2ca9808-766d-490c-9422-9a90cd68289e,1760608113157324326,770.034,1022.231,1,22,,-3.0593345211034917,-26.394284851588484
648286a4-8d21-418c-8c47-cd2ace0c239f,c2ca9808-766d-490c-9422-9a90cd68289e,1760608113162324326,768.03,1031.99,1,22,,-3.210799883636633,-27.019571395068677
648286a4-8d21-418c-8c47-cd2ace0c239f,c2ca9808-766d-490c-9422-9a90cd68289e,1760608113167324326,770.132,1017.53,1,22,,-3.047012058645401,-26.092677283816943
648286a4-8d21-418c-8c47-cd2ace0c239f,c2ca9808-766d-490c-9422-9a90cd68289e,1760608113172325326,772.228,1019.121,1,22,,-2.903646154258581,-26.195848977954643
648286a4-8d21-418c-8c47-cd2ace0c239f,c2ca9808-766d-490c-9422-9a90cd68289e,1760608113177324326,770.056,1022.88,1,22,,-3.0586396129203677,-26.43595701445845
648286a4-8d21-418c-8c47-cd2ace0c239f,c2ca9808-766d-490c-9422-9a90cd68289e,1760608113182324326,776.575,1026.955,1,22,,-2.6105796739498195,-26.700621086867073
648286a4-8d21-418c-8c47-cd2ace0c239f,c2ca9808-766d-490c-9422-9a90cd68289e,1760608113187326326,774.349,1026.869,1,22,,-2.7651580402508174,-26.694062521460985
648286a4-8d21-418c-8c47-cd2ace0c239f,c2ca9808-766d-490c-9422-9a90cd68289e,1760608113192324326,772.665,1026.092,1,22,,-2.88129613565302,-26.643398644673294
648286a4-8d21-418c-8c47-cd2ace0c239f,c2ca9808-766d-490c-9422-9a90cd68289e,1760608113197324326,767.211,1012.294,1,22,,-3.242748359575882,-25.755241990439576
648286a4-8d21-418c-8c47-cd2ace0c239f,c2ca9808-766d-490c-9422-9a90cd68289e,1760608113202325326,777.135,998.062,1,22,,-2.5434151062884625,-24.84690161677425
648286a4-8d21-418c-8c47-cd2ace0c239f,c2ca9808-766d-490c-9422-9a90cd68289e,1760608113207324326,779.662,1007.068,1,22,,-2.3775677053199487,-25.42563811117317
648286a4-8d21-418c-8c47-cd2ace0c239f,c2ca9808-766d-490c-9422-9a90cd68289e,1760608113212324326,780.046,1012.241,1,22,,-2.35569531280116,-25.757728546207023
648286a4-8d21-418c-8c47-cd2ace0c239f,c2ca9808-766d-490c-9422-9a90cd68289e,1760608113217333326,772.502,1014.225,1,22,,-2.879210097549945,-25.88179149832697
648286a4-8d21-418c-8c47-cd2ace0c239f,c2ca9808-766d-490c-9422-9a90cd68289e,1760608113222324326,777.016,1019.922,1,22,,-2.5727259881221123,-26.24943158906403
648286a4-8d21-418c-8c47-cd2ace0c239f,c2ca9808-766d-490c-9422-9a90cd68289e,1760608113227324326,773.776,1018.551,1,22,,-2.7957576829004145,-26.15996028137732
648286a4-8d21-418c-8c47-cd2ace0c239f,c2ca9808-766d-490c-9422-9a90cd68289e,1760608113232325326,773.573,1014.044,1,22,,-2.8049449308211316,-25.87068533002974
648286a4-8d21-418c-8c47-cd2ace0c239f,c2ca9808-766d-490c-9422-9a90cd68289e,1760608113237325326,778.699,1008.975,1,22,,-2.4457884922488113,-25.54761264057338
648286a4-8d21-418c-8c47-cd2ace0c239f,c2ca9808-766d-490c-9422-9a90cd68289e,1760608113242325326,784.091,1017.752,1,22,,-2.0806471839279013,-26.112837776920173
648286a4-8d21-418c-8c47-cd2ace0c239f,c2ca9808-766d-490c-9422-9a90cd68289e,1760608113247325326,785.15,1017.609,1,22,,-2.007202438671269,-26.10397886381557
648286a4-8d21-418c-8c47-cd2ace0c239f,c2ca9808-766d-490c-9422-9a90cd68289e,1760608113252325326,787.54,1015.626,1,22,,-1.8402135250920875,-25.977446261432398
648286a4-8d21-418c-8c47-cd2ace0c239f,c2ca9808-766d-490c-9422-9a90cd68289e,1760608113257325326,779.246,1021.354,1,22,,-2.4195822522540444,-26.34219377325182
648286a4-8d21-418c-8c47-cd2ace0c239f,c2ca9808-766d-490c-9422-9a90cd68289e,1760608113262330326,780.778,1021.681,1,,,-2.3136332086365354,-26.363833422795654
648286a4-8d21-418c-8c47-cd2ace0c239f,c2ca9808-766d-490c-9422-9a90cd68289e,1760608113267450326,779.468,1022.954,1,,,-2.405718740926197,-26.44500224361837
648286a4-8d21-418c-8c47-cd2ace0c239f,c2ca9808-766d-490c-9422-9a90cd68289e,1760608113272450326,764.91,1010.518,1,,,-3.399514280492193,-25.640039145033597
648286a4-8d21-418c-8c47-cd2ace0c239f,c2ca9808-766d-490c-9422-9a90cd68289e,1760608113277450326,803.557,986.642,1,,,-0.7232228580692126,-24.120626788576267
648286a4-8d21-418c-8c47-cd2ace0c239f,c2ca9808-766d-490c-9422-9a90cd68289e,1760608113282450326,821.035,956.88,1,,,0.47078436575712657,-22.211019034045194
648286a4-8d21-418c-8c47-cd2ace0c239f,c2ca9808-766d-490c-9422-9a90cd68289e,1760608113287450326,841.04,894.844,1,,,1.8003245284130152,-18.225440159312782
648286a4-8d21-418c-8c47-cd2ace0c239f,c2ca9808-766d-490c-9422-9a90cd68289e,1760608113292450326,864.471,859.305,1,,,3.3387930407141346,-15.934204041529236
648286a4-8d21-418c-8c47-cd2ace0c239f,c2ca9808-766d-490c-9422-9a90cd68289e,1760608113297450326,874.928,850.545,1,,,4.024226248293878,-15.366567738152188
648286a4-8d21-418c-8c47-cd2ace0c239f,c2ca9808-766d-490c-9422-9a90cd68289e,1760608113302451326,867.969,803.307,1,,,3.536582126075628,-12.331100426604092
648286a4-8d21-418c-8c47-cd2ace0c239f,c2ca9808-766d-490c-9422-9a90cd68289e,1760608113307453326,877.149,767.599,1,,,4.118770921008964,-10.027943430737745
648286a4-8d21-418c-8c47-cd2ace0c239f,c2ca9808-766d-490c-9422-9a90cd68289e,1760608113312450326,902.553,742.958,1,,,5.759522518389616,-8.430957574414336
648286a4-8d21-418c-8c47-cd2ace0c239f,c2ca9808-766d-490c-9422-9a90cd68289e,1760608113317451326,930.533,704.888,1,,,7.553020507854111,-5.968167182674333
648286a4-8d21-418c-8c47-cd2ace0c239f,c2ca9808-766d-490c-9422-9a90cd68289e,1760608113322450326,924.388,694.121,1,,,7.150155949020028,-5.276679529296193
648286a4-8d21-418c-8c47-cd2ace0c239f,c2ca9808-766d-490c-9422-9a90cd68289e,1760608113327451326,939.885,674.476,1,,,8.14387512813294,-4.006871099060754
648286a4-8d21-418c-8c47-cd2ace0c239f,c2ca9808-766d-490c-9422-9a90cd68289e,1760608113332451326,932.9,663.465,1,23,,7.688938589086834,-3.299257159173772
648286a4-8d21-418c-8c47-cd2ace0c239f,c2ca9808-766d-490c-9422-9a90cd68289e,1760608113337451326,942.6,668.389,1,23,,8.317004401983718,-3.614224393814883
648286a4-8d21-418c-8c47-cd2ace0c239f,c2ca9808-766d-490c-9422-9a90cd68289e,1760608113342451326,941.724,673.921,1,23,,8.26244034462067,-3.9706506871141025
648286a4-8d21-418c-8c47-cd2ace0c239f,c2ca9808-766d-490c-9422-9a90cd68289e,1760608113347456326,937.22,675.554,1,23,,7.972114122973845,-4.077001518004626
648286a4-8d21-418c-8c47-cd2ace0c239f,c2ca9808-766d-490c-9422-9a90cd68289e,1760608113352451326,927.097,673.583,1,23,,7.317306676882924,-3.9525186573075684
648286a4-8d21-418c-8c47-cd2ace0c239f,c2ca9808-766d-490c-9422-9a90cd68289e,1760608113357451326,928.243,672.372,1,23,,7.390902917936034,-3.8742102689535374
648286a4-8d21-418c-8c47-cd2ace0c239f,c2ca9808-766d-490c-9422-9a90cd68289e,1760608113362451326,927.8,677.956,1,23,,7.364224088724458,-4.234163986693545
648286a4-8d21-418c-8c47-cd2ace0c239f,c2ca9808-766d-490c-9422-9a90cd68289e,1760608113367451326,940.898,681.956,1,23,,8.212362495934336,-4.488180965196917
648286a4-8d21-418c-8c47-cd2ace0c239f,c2ca9808-766d-490c-9422-9a90cd68289e,1760608113372451326,937.106,676.601,1,23,,7.9651447309458385,-4.144464891167837
648286a4-8d21-418c-8c47-cd2ace0c239f,c2ca9808-766d-490c-9422-9a90cd68289e,1760608113377451326,925.875,675.477,1,23,,7.238920485714057,-4.0748721182385745
648286a4-8d21-418c-8c47-cd2ace0c239f,c2ca9808-766d-490c-9422-9a90cd68289e,1760608113382455326,926.255,671.324,1,23,,7.262152984876038,-3.807121854090119
648286a4-8d21-418c-8c47-cd2ace0c239f,c2ca9808-766d-490c-9422-9a90cd68289e,1760608113387451326,918.712,662.343,1,23,,6.772161986677202,-3.2296555248490777
648286a4-8d21-418c-8c47-cd2ace0c239f,c2ca9808-766d-490c-9422-9a90cd68289e,1760608113392451326,923.782,685.005,1,23,,7.107162170043359,-4.689392495600724
648286a4-8d21-418c-8c47-cd2ace0c239f,c2ca9808-766d-490c-9422-9a90cd68289e,1760608113397451326,926.74,675.924,1,23,,7.295023220470675,-4.103450557134802
648286a4-8d21-418c-8c47-cd2ace0c239f,c2ca9808-766d-490c-9422-9a90cd68289e,1760608113402586326,927.304,673.734,1,23,,7.3307173406291755,-3.962209457765215
648286a4-8d21-418c-8c47-cd2ace0c239f,c2ca9808-766d-490c-9422-9a90cd68289e,1760608113407459326,920.626,671.432,1,23,,6.89841733025608,-3.8152720723910263
648286a4-8d21-418c-8c47-cd2ace0c239f,c2ca9808-766d-490c-9422-9a90cd68289e,1760608113412576326,922.65,673.82,1,23,,7.02994276388324,-3.968781619350173
648286a4-8d21-418c-8c47-cd2ace0c239f,c2ca9808-766d-490c-9422-9a90cd68289e,1760608113417584326,924.331,675.433,1,23,,7.13915209248915,-4.072359807662159
648286a4-8d21-418c-8c47-cd2ace0c239f,c2ca9808-766d-490c-9422-9a90cd68289e,1760608113422577326,923.031,669.049,1,23,,7.053070384012026,-3.6611864021025378
648286a4-8d21-418c-8c47-cd2ace0c239f,c2ca9808-766d-490c-9422-9a90cd68289e,1760608113427577326,921.274,676.972,1,23,,6.9420592470778795,-4.172296378029803
648286a4-8d21-418c-8c47-cd2ace0c239f,c2ca9808-766d-490c-9422-9a90cd68289e,1760608113432581326,920.6,680.779,1,23,,6.899823400520143,-4.4178422400841155
648286a4-8d21-418c-8c47-cd2ace0c239f,c2ca9808-766d-490c-9422-9a90cd68289e,1760608113437577326,920.339,681.07,1,23,,6.883016486066955,-4.4366969698106296
648286a4-8d21-418c-8c47-cd2ace0c239f,c2ca9808-766d-490c-9422-9a90cd68289e,1760608113442577326,926.987,687.365,1,23,,7.315342085915363,-4.840589023932648
648286a4-8d21-418c-8c47-cd2ace0c239f,c2ca9808-766d-490c-9422-9a90cd68289e,1760608113447586326,925.649,683.969,1,23,,7.227457105837197,-4.622127418401415
648286a4-8d21-418c-8c47-cd2ace0c239f,c2ca9808-766d-490c-9422-9a90cd68289e,1760608113452580326,924.173,676.04,1,23,,7.129168225663224,-4.111507266754982
648286a4-8d21-418c-8c47-cd2ace0c239f,c2ca9808-766d-490c-9422-9a90cd68289e,1760608113457579326,927.511,677.978,1,23,,7.345571687455833,-4.2355969090685
648286a4-8d21-418c-8c47-cd2ace0c239f,c2ca9808-766d-490c-9422-9a90cd68289e,1760608113462577326,926.146,673.724,1,23,,7.255893922459939,-3.9618172816731074
648286a4-8d21-418c-8c47-cd2ace0c239f,c2ca9808-766d-490c-9422-9a90cd68289e,1760608113467577326,926.298,674.822,1,23,,7.2660637602597005,-4.032542315188902
648286a4-8d21-418c-8c47-cd2ace0c239f,c2ca9808-766d-490c-9422-9a90cd68289e,1760608113472577326,931.089,678.413,1,23,,7.577005993264481,-4.262739027612437
648286a4-8d21-418c-8c47-cd2ace0c239f,c2ca9808-766d-490c-9422-9a90cd68289e,1760608113477577326,929.368,681.569,1,23,,7.4669725765715045,-4.4665312083949935
648286a4-8d21-418c-8c47-cd2ace0c239f,c2ca9808-766d-490c-9422-9a90cd68289e,1760608113482577326,928.296,681.536,1,23,,7.397630895573644,-4.464684986106005
648286a4-8d21-418c-8c47-cd2ace0c239f,c2ca9808-766d-490c-9422-9a90cd68289e,1760608113487577326,923.87,679.981,1,23,,7.110936479984417,-4.365632574275751
648286a4-8d21-418c-8c47-cd2ace0c239f,c2ca9808-766d-490c-9422-9a90cd68289e,1760608113492577326,922.51,680.393,1,23,,7.0231327871291445,-4.392515936521656
648286a4-8d21-418c-8c47-cd2ace0c239f,c2ca9808-766d-490c-9422-9a90cd68289e,1760608113497577326,925.541,678.739,1,23,,7.218487149421447,-4.285134159701613
648286a4-8d21-418c-8c47-cd2ace0c239f,c2ca9808-766d-490c-9422-9a90cd68289e,1760608113502577326,925.748,680.576,1,23,,7.232568351234808,-4.40347483116881
648286a4-8d21-418c-8c47-cd2ace0c239f,c2ca9808-766d-490c-9422-9a90cd68289e,1760608113507577326,923.596,681.027,1,23,,7.093584398306833,-4.433069540248918
648286a4-8d21-418c-8c47-cd2ace0c239f,c2ca9808-766d-490c-9422-9a90cd68289e,1760608113512578326,923.244,682.178,1,23,,7.071295359993968,-4.507344277182459
648286a4-8d21-418c-8c47-cd2ace0c239f,c2ca9808-766d-490c-9422-9a90cd68289e,1760608113517578326,927.3,678.953,1,23,,7.33230217628547,-4.298518474609219
648286a4-8d21-418c-8c47-cd2ace0c239f,c2ca9808-766d-490c-9422-9a90cd68289e,1760608113522577326,928.445,680.752,1,23,,7.406980705760023,-4.414127675033001
648286a4-8d21-418c-8c47-cd2ace0c239f,c2ca9808-766d-490c-9422-9a90cd68289e,1760608113527578326,927.687,678.471,1,23,,7.357121396151689,-4.267323260749368
648286a4-8d21-418c-8c47-cd2ace0c239f,c2ca9808-766d-490c-9422-9a90cd68289e,1760608113532590326,927.535,677.215,1,23,,7.3468742404582486,-4.1864317273678475
648286a4-8d21-418c-8c47-cd2ace0c239f,c2ca9808-766d-490c-9422-9a90cd68289e,1760608113537703326,928.813,674.119,1,23,,7.4283496104867535,-3.9866133236749843
648286a4-8d21-418c-8c47-cd2ace0c239f,c2ca9808-766d-490c-9422-9a90cd68289e,1760608113542585326,930.72,677.538,1,23,,7.552816625256407,-4.206457342679186
648286a4-8d21-418c-8c47-cd2ace0c239f,c2ca9808-766d-490c-9422-9a90cd68289e,1760608113547703326,930.2,677.561,1,23,,7.519197700988039,-4.208099397899408
648286a4-8d21-418c-8c47-cd2ace0c239f,c2ca9808-766d-490c-9422-9a90cd68289e,1760608113552703326,932.199,669.89,1,23,,7.64568234942988,-3.713389778600271
648286a4-8d21-418c-8c47-cd2ace0c239f,c2ca9808-766d-490c-9422-9a90cd68289e,1760608113557703326,930.671,666.349,1,23,,7.5458417109232885,-3.485511522028012
648286a4-8d21-418c-8c47-cd2ace0c239f,c2ca9808-766d-490c-9422-9a90cd68289e,1760608113562703326,930.38,667.383,1,23,,7.527366708446947,-3.5522334955227817
648286a4-8d21-418c-8c47-cd2ace0c239f,c2ca9808-766d-490c-9422-9a90cd68289e,1760608113567703326,930.296,673.212,1,23,,7.52389858908502,-3.927843622485089
648286a4-8d21-418c-8c47-cd2ace0c239f,c2ca9808-766d-490c-9422-9a90cd68289e,1760608113572703326,929.427,671.752,1,23,,7.46722857967628,-3.83397001430073
648286a4-8d21-418c-8c47-cd2ace0c239f,c2ca9808-766d-490c-9422-9a90cd68289e,1760608113577703326,928.027,670.616,1,23,,7.376404281867744,-3.761102917356727
648286a4-8d21-418c-8c47-cd2ace0c239f,c2ca9808-766d-490c-9422-9a90cd68289e,1760608113582703326,930.297,671.179,1,,,7.523213014284021,-3.796856740324015
648286a4-8d21-418c-8c47-cd2ace0c239f,c2ca9808-766d-490c-9422-9a90cd68289e,1760608113587703326,929.651,670.91,1,,,7.481386343272995,-3.7796679261858057
648286a4-8d21-418c-8c47-cd2ace0c239f,c2ca9808-766d-490c-9422-9a90cd68289e,1760608113592703326,929.125,676.738,1,,,7.449455377104071,-4.155311030466894
648286a4-8d21-418c-8c47-cd2ace0c239f,c2ca9808-766d-490c-9422-9a90cd68289e,1760608113597703326,890.698,675.782,1,,,4.964408300702791,-4.101615238050267
648286a4-8d21-418c-8c47-cd2ace0c239f,c2ca9808-766d-490c-9422-9a90cd68289e,1760608113602703326,842.624,664.645,1,,,1.8521686624989648,-3.387205796606888
648286a4-8d21-418c-8c47-cd2ace0c239f,c2ca9808-766d-490c-9422-9a90cd68289e,1760608113607703326,790.286,656.585,1,,,-1.5349587771207065,-2.8664676517331458
648286a4-8d21-418c-8c47-cd2ace0c239f,c2ca9808-766d-490c-9422-9a90cd68289e,1760608113612703326,749.024,651.597,1,,,-4.204033298808659,-2.5416054376018242
648286a4-8d21-418c-8c47-cd2ace0c239f,c2ca9808-766d-490c-9422-9a90cd68289e,1760608113617706326,725.359,630.133,1,,,-5.731767715565991,-1.1534588746991403
648286a4-8d21-418c-8c47-cd2ace0c239f,c2ca9808-766d-490c-9422-9a90cd68289e,1760608113622710326,716.38,614.111,1,,,-6.311307566765116,-0.11877619947891907
648286a4-8d21-418c-8c47-cd2ace0c239f,c2ca9808-766d-490c-9422-9a90cd68289e,1760608113627704326,714.015,620.355,1,24,,-6.4642544163564715,-0.5217739506438065
648286a4-8d21-418c-8c47-cd2ace0c239f,c2ca9808-766d-490c-9422-9a90cd68289e,1760608113632704326,715.235,630.233,1,24,,-6.386061100985023,-1.1593697671690661
648286a4-8d21-418c-8c47-cd2ace0c239f,c2ca9808-766d-490c-9422-9a90cd68289e,1760608113637704326,717.189,630.154,1,24,,-6.259775303738614,-1.1543800348456565
648286a4-8d21-418c-8c47-cd2ace0c239f,c2ca9808-766d-490c-9422-9a90cd68289e,1760608113642704326,720.273,633.99,1,24,,-6.060871484148525,-1.4021983896124306
648286a4-8d21-418c-8c47-cd2ace0c239f,c2ca9808-766d-490c-9422-9a90cd68289e,1760608113647704326,721.308,633.159,1,24,,-5.993904025682967,-1.3486104464997821
648286a4-8d21-418c-8c47-cd2ace0c239f,c2ca9808-766d-490c-9422-9a90cd68289e,1760608113652704326,708.368,644.7,1,24,,-6.831722090682013,-2.0923042007001484
648286a4-8d21-418c-8c47-cd2ace0c239f,c2ca9808-766d-490c-9422-9a90cd68289e,1760608113657704326,709.908,643.21,1,24,,-6.731916586247874,-1.9963406959766559
648286a4-8d21-418c-8c47-cd2ace0c239f,c2ca9808-766d-490c-9422-9a90cd68289e,1760608113662704326,711.811,635.752,1,24,,-6.607895323791388,-1.51529206542535
648286a4-8d21-418c-8c47-cd2ace0c239f,c2ca9808-766d-490c-9422-9a90cd68289e,1760608113667704326,716.213,633.82,1,24,,-6.323197071789555,-1.3909134559402991
648286a4-8d21-418c-8c47-cd2ace0c239f,c2ca9808-766d-490c-9422-9a90cd68289e,1760608113672717326,717.076,634.371,1,24,,-6.267533147163217,-1.4265821532367546
648286a4-8d21-418c-8c47-cd2ace0c239f,c2ca9808-766d-490c-9422-9a90cd68289e,1760608113677829326,713.011,634.517,1,24,,-6.530198777279762,-1.4357032437298296
648286a4-8d21-418c-8c47-cd2ace0c239f,c2ca9808-766d-490c-9422-9a90cd68289e,1760608113682829326,709.324,636.404,1,24,,-6.76867564732794,-1.5571503069116774
648286a4-8d21-418c-8c47-cd2ace0c239f,c2ca9808-766d-490c-9422-9a90cd68289e,1760608113687829326,712.484,632.716,1,24,,-6.56406668744413,-1.3194646949263
648286a4-8d21-418c-8c47-cd2ace0c239f,c2ca9808-766d-490c-9422-9a90cd68289e,1760608113692835326,712.525,629.126,1,24,,-6.561059791341216,-1.0877407295985484
648286a4-8d21-418c-8c47-cd2ace0c239f,c2ca9808-766d-490c-9422-9a90cd68289e,1760608113697830326,711.335,629.313,1,24,,-6.637962859011233,-1.0997611192745071
648286a4-8d21-418c-8c47-cd2ace0c239f,c2ca9808-766d-490c-9422-9a90cd68289e,1760608113702834326,713.472,628.751,1,24,,-6.499891491796975,-1.0636472981923861
648286a4-8d21-418c-8c47-cd2ace0c239f,c2ca9808-766d-490c-9422-9a90cd68289e,1760608113707835326,710.773,628.292,1,24,,-6.674233694676385,-1.0338852050697669
648286a4-8d21-418c-8c47-cd2ace0c239f,c2ca9808-766d-490c-9422-9a90cd68289e,1760608113712830326,712.884,627.527,1,24,,-6.5377339439848825,-0.9845849027514645
648286a4-8d21-418c-8c47-cd2ace0c239f,c2ca9808-766d-490c-9422-9a90cd68289e,1760608113717830326,708.833,638.681,1,24,,-6.800710438167823,-1.7040484561764084
648286a4-8d21-418c-8c47-cd2ace0c239f,c2ca9808-766d-490c-9422-9a90cd68289e,1760608113722830326,708.789,637.383,1,24,,-6.803378934661928,-1.6202939674734018
648286a4-8d21-418c-8c47-cd2ace0c239f,c2ca9808-766d-490c-9422-9a90cd68289e,1760608113727830326,709.423,636.734,1,24,,-6.7623283766959466,-1.5784474327248534
648286a4-8d21-418c-8c47-cd2ace0c239f,c2ca9808-766d-490c-9422-9a90cd68289e,1760608113732830326,710.454,634.917,1,24,,-6.69548082354449,-1.4612982690586451
648286a4-8d21-418c-8c47-cd2ace0c239f,c2ca9808-766d-490c-9422-9a90cd68289e,1760608113737830326,711.404,635.96,1,24,,-6.634195772628796,-1.528682567539919
648286a4-8d21-418c-8c47-cd2ace0c239f,c2ca9808-766d-490c-9422-9a90cd68289e,1760608113742833326,710.683,627.614,1,24,,-6.680000449758743,-0.9901199041899816
648286a4-8d21-418c-8c47-cd2ace0c239f,c2ca9808-766d-490c-9422-9a90cd68289e,1760608113747830326,709.463,628.812,1,24,,-6.7589180916517755,-1.067324100765851
648286a4-8d21-418c-8c47-cd2ace0c239f,c2ca9808-766d-490c-9422-9a90cd68289e,1760608113752830326,705.313,626.075,1,24,,-7.026821847158533,-0.8905195744312402
648286a4-8d21-418c-8c47-cd2ace0c239f,c2ca9808-766d-490c-9422-9a90cd68289e,1760608113757830326,710.389,627.673,1,24,,-6.698953898125093,-0.9939209000201132
648286a4-8d21-418c-8c47-cd2ace0c239f,c2ca9808-766d-490c-9422-9a90cd68289e,1760608113762830326,710.48,628.48,1,24,,-6.69314295501103,-1.0459485531657027
648286a4-8d21-418c-8c47-cd2ace0c239f,c2ca9808-766d-490c-9422-9a90cd68289e,1760608113767830326,708.128,630.737,1,24,,-6.845315042171845,-1.191481863551339
648286a4-8d21-418c-8c47-cd2ace0c239f,c2ca9808-766d-490c-9422-9a90cd68289e,1760608113772833326,702.866,635.737,1,24,,-7.185905782658468,-1.5135850926081447
648286a4-8d21-418c-8c47-cd2ace0c239f,c2ca9808-766d-490c-9422-9a90cd68289e,1760608113777833326,704.055,633.937,1,24,,-7.108849456926965,-1.3975839362846003
648286a4-8d21-418c-8c47-cd2ace0c239f,c2ca9808-766d-490c-9422-9a90cd68289e,1760608113782830326,711.335,632.275,1,24,,-6.63825010540658,-1.2908953527937899
648286a4-8d21-418c-8c47-cd2ace0c239f,c2ca9808-766d-490c-9422-9a90cd68289e,1760608113787830326,708.117,633.193,1,24,,-6.846326276339207,-1.3499335602467248
648286a4-8d21-418c-8c47-cd2ace0c239f,c2ca9808-766d-490c-9422-9a90cd68289e,1760608113792830326,705.247,630.774,1,24,,-7.0314481223629315,-1.1936853070211884
648286a4-8d21-418c-8c47-cd2ace0c239f,c2ca9808-766d-490c-9422-9a90cd68289e,1760608113797830326,706.655,629.293,1,24,,-6.940378321061532,-1.0981952846816234
648286a4-8d21-418c-8c47-cd2ace0c239f,c2ca9808-766d-490c-9422-9a90cd68289e,1760608113802830326,710.713,634.385,1,24,,-6.678716901601177,-1.4270347408345565
648286a4-8d21-418c-8c47-cd2ace0c239f,c2ca9808-766d-490c-9422-9a90cd68289e,1760608113807843326,708.99,634.545,1,24,,-6.790035734951936,-1.437187976247783
648286a4-8d21-418c-8c47-cd2ace0c239f,c2ca9808-766d-490c-9422-9a90cd68289e,1760608113812955326,708.116,631.826,1,24,,-6.846188667946619,-1.2616859045172402
648286a4-8d21-418c-8c47-cd2ace0c239f,c2ca9808-766d-490c-9422-9a90cd68289e,1760608113817956326,709.828,630.274,1,24,,-6.735458187169478,-1.1617217366902812
648286a4-8d21-418c-8c47-cd2ace0c239f,c2ca9808-766d-490c-9422-9a90cd68289e,1760608113822956326,708.692,629.929,1,24,,-6.808828215426939,-1.1393465894118209
648286a4-8d21-418c-8c47-cd2ace0c239f,c2ca9808-766d-490c-9422-9a90cd68289e,1760608113827956326,707.592,635.515,1,24,,-6.880488992685899,-1.4996983116148679
648286a4-8d21-418c-8c47-cd2ace0c239f,c2ca9808-766d-490c-9422-9a90cd68289e,1760608113832956326,705.683,634.992,1,24,,-7.003771937340364,-1.4658128654535234
648286a4-8d21-418c-8c47-cd2ace0c239f,c2ca9808-766d-490c-9422-9a90cd68289e,1760608113837956326,707.479,639.525,1,24,,-6.88831794956786,-1.7583431753998353
648286a4-8d21-418c-8c47-cd2ace0c239f,c2ca9808-766d-490c-9422-9a90cd68289e,1760608113842956326,709.751,633.887,1,24,,-6.740769228576364,-1.3948040264196244
648286a4-8d21-418c-8c47-cd2ace0c239f,c2ca9808-766d-490c-9422-9a90cd68289e,1760608113847956326,708.307,636.416,1,24,,-6.834387295957293,-1.5578424255108982
648286a4-8d21-418c-8c47-cd2ace0c239f,c2ca9808-766d-490c-9422-9a90cd68289e,1760608113852956326,709.174,635.068,1,24,,-6.77823833429476,-1.470950791920077
648286a4-8d21-418c-8c47-cd2ace0c239f,c2ca9808-766d-490c-9422-9a90cd68289e,1760608113857961326,707.456,635.519,1,24,,-6.88928019456278,-1.4999473067507616
648286a4-8d21-418c-8c47-cd2ace0c239f,c2ca9808-766d-490c-9422-9a90cd68289e,1760608113862956326,708.982,638.777,1,24,,-6.791072457515081,-1.7102837105179978
648286a4-8d21-418c-8c47-cd2ace0c239f,c2ca9808-766d-490c-9422-9a90cd68289e,1760608113867960326,708.84,627.362,1,24,,-6.799058817599416,-0.973754573701227
648286a4-8d21-418c-8c47-cd2ace0c239f,c2ca9808-766d-490c-9422-9a90cd68289e,1760608113872956326,709.647,631.259,1,24,,-6.7472214715657195,-1.2252655626644655
648286a4-8d21-418c-8c47-cd2ace0c239f,c2ca9808-766d-490c-9422-9a90cd68289e,1760608113877956326,708.376,632.682,1,24,,-6.829506324221852,-1.3169958865457332
648286a4-8d21-418c-8c47-cd2ace0c239f,c2ca9808-766d-490c-9422-9a90cd68289e,1760608113882956326,709.502,631.993,1,24,,-6.756688603896899,-1.2726087930888454
648286a4-8d21-418c-8c47-cd2ace0c239f,c2ca9808-766d-490c-9422-9a90cd68289e,1760608113887956326,709.712,630.464,1,24,,-6.742992126941521,-1.1739624764686891
648286a4-8d21-418c-8c47-cd2ace0c239f,c2ca9808-766d-490c-9422-9a90cd68289e,1760608113892956326,711.78,634.401,1,24,,-6.609753801098189,-1.4281138966225437
648286a4-8d21-418c-8c47-cd2ace0c239f,c2ca9808-766d-490c-9422-9a90cd68289e,1760608113897956326,711.565,634.351,1,24,,-6.623615696843338,-1.424868508832555
648286a4-8d21-418c-8c47-cd2ace0c239f,c2ca9808-766d-490c-9422-9a90cd68289e,1760608113902957326,709.003,632.216,1,24,,-6.788951443805438,-1.2869136618106867
648286a4-8d21-418c-8c47-cd2ace0c239f,c2ca9808-766d-490c-9422-9a90cd68289e,1760608113907957326,709.904,632.483,1,24,,-6.7307343570300135,-1.3042046996242627
648286a4-8d21-418c-8c47-cd2ace0c239f,c2ca9808-766d-490c-9422-9a90cd68289e,1760608113912968326,711.042,632.106,1,24,,-6.657167195349986,-1.279950345811408
648286a4-8d21-418c-8c47-cd2ace0c239f,c2ca9808-766d-490c-9422-9a90cd68289e,1760608113917957326,709.768,632.265,1,24,,-6.7395217863395915,-1.2901281026955622
648286a4-8d21-418c-8c47-cd2ace0c239f,c2ca9808-766d-490c-9422-9a90cd68289e,1760608113922957326,711.8,629.992,1,24,,-6.607983361676163,-1.1435897312231451
648286a4-8d21-418c-8c47-cd2ace0c239f,c2ca9808-766d-490c-9422-9a90cd68289e,1760608113927957326,713.513,633.226,1,24,,-6.4976192039560745,-1.3524476009563788
648286a4-8d21-418c-8c47-cd2ace0c239f,c2ca9808-766d-490c-9422-9a90cd68289e,1760608113932957326,713.579,633.282,1,24,,-6.4933847374295794,-1.3560403924855697
648286a4-8d21-418c-8c47-cd2ace0c239f,c2ca9808-766d-490c-9422-9a90cd68289e,1760608113937957326,713.604,632.877,1,24,,-6.4916905937250515,-1.3299348621553364
648286a4-8d21-418c-8c47-cd2ace0c239f,c2ca9808-766d-490c-9422-9a90cd68289e,1760608113942960326,710.525,634.342,1,24,,-6.69080422190449,-1.4242561156981064
648286a4-8d21-418c-8c47-cd2ace0c239f,c2ca9808-766d-490c-9422-9a90cd68289e,1760608113948082326,711.712,633.223,1,24,,-6.6140187262276084,-1.3521143028344964
648286a4-8d21-418c-8c47-cd2ace0c239f,c2ca9808-766d-490c-9422-9a90cd68289e,1760608113953082326,711.97,629.695,1,24,,-6.597017138541434,-1.124481217882247
648286a4-8d21-418c-8c47-cd2ace0c239f,c2ca9808-766d-490c-9422-9a90cd68289e,1760608113958082326,710.973,631.84,1,,,-6.66162460370615,-1.2627977653527012
648286a4-8d21-418c-8c47-cd2ace0c239f,c2ca9808-766d-490c-9422-9a90cd68289e,1760608113963082326,712.221,632.256,1,,,-6.581049470026618,-1.2897687233289286
648286a4-8d21-418c-8c47-cd2ace0c239f,c2ca9808-766d-490c-9422-9a90cd68289e,1760608113968082326,713.088,633.824,1,,,-6.525188690717683,-1.390987403963738
648286a4-8d21-418c-8c47-cd2ace0c239f,c2ca9808-766d-490c-9422-9a90cd68289e,1760608113973082326,727.88,639.576,1,,,-5.569786006016748,-1.7633876494812002
648286a4-8d21-418c-8c47-cd2ace0c239f,c2ca9808-766d-490c-9422-9a90cd68289e,1760608113978089326,771.056,661.564,1,,,-2.779768556146083,-3.187455350264862
648286a4-8d21-418c-8c47-cd2ace0c239f,c2ca9808-766d-490c-9422-9a90cd68289e,1760608113983082326,792.653,688.795,1,,,-1.3839773557427548,-4.949098992869079
648286a4-8d21-418c-8c47-cd2ace0c239f,c2ca9808-766d-490c-9422-9a90cd68289e,1760608113988091326,803.82,684.035,1,,,-0.6600724013684588,-4.641799539070145
648286a4-8d21-418c-8c47-cd2ace0c239f,c2ca9808-766d-490c-9422-9a90cd68289e,1760608113993091326,822.111,699.267,1,,,0.5252784302036434,-5.62628312220713
648286a4-8d21-418c-8c47-cd2ace0c239f,c2ca9808-766d-490c-9422-9a90cd68289e,1760608113998082326,826.208,693.898,1,25,,0.7907400767096372,-5.279123468233253
648286a4-8d21-418c-8c47-cd2ace0c239f,c2ca9808-766d-490c-9422-9a90cd68289e,1760608114003083326,825.597,691.894,1,25,,0.7510354262638543,-5.149594105265771
648286a4-8d21-418c-8c47-cd2ace0c239f,c2ca9808-766d-490c-9422-9a90cd68289e,1760608114008083326,824.384,689.694,1,25,,0.6723397901010111,-5.007437255408082
648286a4-8d21-418c-8c47-cd2ace0c239f,c2ca9808-766d-490c-9422-9a90cd68289e,1760608114013083326,820.799,687.662,1,25,,0.4400057432968428,-4.876178523270178
648286a4-8d21-418c-8c47-cd2ace0c239f,c2ca9808-766d-490c-9422-9a90cd68289e,1760608114018085326,813.702,688.07,1,25,,-0.0198932386532977,-4.902689262044091
648286a4-8d21-418c-8c47-cd2ace0c239f,c2ca9808-766d-490c-9422-9a90cd68289e,1760608114023083326,813.798,687.764,1,25,,-0.013669341870205388,-4.8829323079182565
648286a4-8d21-418c-8c47-cd2ace0c239f,c2ca9808-766d-490c-9422-9a90cd68289e,1760608114028083326,816.597,689.756,1,25,,0.16770529122386224,-5.011681751500035
648286a4-8d21-418c-8c47-cd2ace0c239f,c2ca9808-766d-490c-9422-9a90cd68289e,1760608114033083326,820.621,691.326,1,25,,0.4285162109301077,-5.113077833436433
648286a4-8d21-418c-8c47-cd2ace0c239f,c2ca9808-766d-490c-9422-9a90cd68289e,1760608114038083326,821.728,689.506,1,25,,0.5002450709546725,-4.9953933439612355
648286a4-8d21-418c-8c47-cd2ace0c239f,c2ca9808-766d-490c-9422-9a90cd68289e,1760608114043095326,817.469,684.38,1,25,,0.2241740156230396,-4.664113398111016
648286a4-8d21-418c-8c47-cd2ace0c239f,c2ca9808-766d-490c-9422-9a90cd68289e,1760608114048083326,813.448,690.251,1,25,,-0.03639469478306204,-5.0436908712351105
648286a4-8d21-418c-8c47-cd2ace0c239f,c2ca9808-766d-490c-9422-9a90cd68289e,1760608114053090326,816.564,689.25,1,25,,0.1655837617013131,-4.978910116114391
648286a4-8d21-418c-8c47-cd2ace0c239f,c2ca9808-766d-490c-9422-9a90cd68289e,1760608114058083326,818.982,683.607,1,25,,0.3221803359760105,-4.614097645400011
648286a4-8d21-418c-8c47-cd2ace0c239f,c2ca9808-766d-490c-9422-9a90cd68289e,1760608114063083326,819.576,681.625,1,25,,0.36063194710249874,-4.485935175237554
648286a4-8d21-418c-8c47-cd2ace0c239f,c2ca9808-766d-490c-9422-9a90cd68289e,1760608114068083326,821.744,679.683,1,25,,0.5010819720260653,-4.360330906950704
648286a4-8d21-418c-8c47-cd2ace0c239f,c2ca9808-766d-490c-9422-9a90cd68289e,1760608114073091326,817.937,677.672,1,25,,0.25445606411289207,-4.230404744855371
648286a4-8d21-418c-8c47-cd2ace0c239f,c2ca9808-766d-490c-9422-9a90cd68289e,1760608114078089326,819.715,680.975,1,25,,0.36968518185793736,-4.4439067880157195
648286a4-8d21-418c-8c47-cd2ace0c239f,c2ca9808-766d-490c-9422-9a90cd68289e,1760608114083208326,819.65,682.953,1,25,,0.3654847617318242,-4.571835345323877
648286a4-8d21-418c-8c47-cd2ace0c239f,c2ca9808-766d-490c-9422-9a90cd68289e,1760608114088209326,821.846,687.257,1,25,,0.5077963812678794,-4.850023968371785
648286a4-8d21-418c-8c47-cd2ace0c239f,c2ca9808-766d-490c-9422-9a90cd68289e,1760608114093208326,818.265,682.234,1,25,,0.27575939468273436,-4.525359909789708
648286a4-8d21-418c-8c47-cd2ace0c239f,c2ca9808-766d-490c-9422-9a90cd68289e,1760608114098208326,813.877,683.733,1,25,,-0.008498466981278848,-4.62232816402184
648286a4-8d21-418c-8c47-cd2ace0c239f,c2ca9808-766d-490c-9422-9a90cd68289e,1760608114103208326,813.0,686.076,1,25,,-0.0653331323334045,-4.773784815484879
648286a4-8d21-418c-8c47-cd2ace0c239f,c2ca9808-766d-490c-9422-9a90cd68289e,1760608114108209326,814.392,692.855,1,25,,0.02478490566496515,-5.211987670538063
648286a4-8d21-418c-8c47-cd2ace0c239f,c2ca9808-766d-490c-9422-9a90cd68289e,1760608114113223326,815.319,691.93,1,25,,0.08490704661541396,-5.152194882784411
648286a4-8d21-418c-8c47-cd2ace0c239f,c2ca9808-766d-490c-9422-9a90cd68289e,1760608114118209326,815.992,690.65,1,25,,0.12849047720430584,-5.069447538751999
648286a4-8d21-418c-8c47-cd2ace0c239f,c2ca9808-766d-490c-9422-9a90cd68289e,1760608114123209326,822.436,691.229,1,25,,0.5461474224125692,-5.106728272725415
648286a4-8d21-418c-8c47-cd2ace0c239f,c2ca9808-766d-490c-9422-9a90cd68289e,1760608114128209326,818.01,690.642,1,25,,0.2592988376923744,-5.068892692586326
648286a4-8d21-418c-8c47-cd2ace0c239f,c2ca9808-766d-490c-9422-9a90cd68289e,1760608114133209326,819.341,688.193,1,25,,0.3455361482324977,-4.910537365562903
648286a4-8d21-418c-8c47-cd2ace0c239f,c2ca9808-766d-490c-9422-9a90cd68289e,1760608114138209326,819.115,687.646,1,25,,0.3308559685901069,-4.8752125835368645
648286a4-8d21-418c-8c47-cd2ace0c239f,c2ca9808-766d-490c-9422-9a90cd68289e,1760608114143209326,819.149,689.941,1,25,,0.3330796541231976,-5.023569436818813
648286a4-8d21-418c-8c47-cd2ace0c239f,c2ca9808-766d-490c-9422-9a90cd68289e,1760608114148209326,816.534,689.806,1,25,,0.16363517283980114,-5.014870555383739
648286a4-8d21-418c-8c47-cd2ace0c239f,c2ca9808-766d-490c-9422-9a90cd68289e,1760608114153209326,820.831,692.683,1,25,,0.44215888618349264,-5.2008002271828
648286a4-8d21-418c-8c47-cd2ace0c239f,c2ca9808-766d-490c-9422-9a90cd68289e,1760608114158209326,821.11,692.32,1,25,,0.4602348211673818,-5.177282939086732
648286a4-8d21-418c-8c47-cd2ace0c239f,c2ca9808-766d-490c-9422-9a90cd68289e,1760608114163209326,820.364,696.945,1,25,,0.41197304886047226,-5.476268624122654
648286a4-8d21-418c-8c47-cd2ace0c239f,c2ca9808-766d-490c-9422-9a90cd68289e,1760608114168209326,813.933,698.87,1,25,,-0.005011076410910183,-5.600761355990302
648286a4-8d21-418c-8c47-cd2ace0c239f,c2ca9808-766d-490c-9422-9a90cd68289e,1760608114173209326,814.686,699.047,1,25,,0.04381205979901508,-5.612206548044726
648286a4-8d21-418c-8c47-cd2ace0c239f,c2ca9808-766d-490c-9422-9a90cd68289e,1760608114178209326,816.891,688.915,1,25,,0.18675578702319937,-4.9573038562638745
648286a4-8d21-418c-8c47-cd2ace0c239f,c2ca9808-766d-490c-9422-9a90cd68289e,1760608114183219326,818.22,689.18,1,25,,0.27286949049496967,-4.974402368511149
648286a4-8d21-418c-8c47-cd2ace0c239f,c2ca9808-766d-490c-9422-9a90cd68289e,1760608114188209326,821.071,689.821,1,25,,0.45765989834927506,-5.015761111984582
648286a4-8d21-418c-8c47-cd2ace0c239f,c2ca9808-766d-490c-9422-9a90cd68289e,1760608114193214326,824.656,692.158,1,25,,0.6900653069505974,-5.1667390220421625
648286a4-8d21-418c-8c47-cd2ace0c239f,c2ca9808-766d-490c-9422-9a90cd68289e,1760608114198210326,825.425,692.594,1,25,,0.7399540932955805,-5.194871629476
648286a4-8d21-418c-8c47-cd2ace0c239f,c2ca9808-766d-490c-9422-9a90cd68289e,1760608114203210326,822.936,694.254,1,25,,0.5786187475379502,-5.302276459768701
648286a4-8d21-418c-8c47-cd2ace0c239f,c2ca9808-766d-490c-9422-9a90cd68289e,1760608114208213326,825.253,694.028,1,25,,0.7288444816433435,-5.287587572492708
648286a4-8d21-418c-8c47-cd2ace0c239f,c2ca9808-766d-490c-9422-9a90cd68289e,1760608114213210326,824.924,697.564,1,25,,0.7076171886836827,-5.516103600804882
648286a4-8d21-418c-8c47-cd2ace0c239f,c2ca9808-766d-490c-9422-9a90cd68289e,1760608114218218326,819.585,691.078,1,25,,0.3613662166494207,-5.097028101478503
648286a4-8d21-418c-8c47-cd2ace0c239f,c2ca9808-766d-490c-9422-9a90cd68289e,1760608114223335326,821.048,692.036,1,25,,0.4562016923462096,-5.158962788357959
648286a4-8d21-418c-8c47-cd2ace0c239f,c2ca9808-766d-490c-9422-9a90cd68289e,1760608114228341326,821.783,692.486,1,25,,0.5038738639146956,-5.188007788107739
648286a4-8d21-418c-8c47-cd2ace0c239f,c2ca9808-766d-490c-9422-9a90cd68289e,1760608114233335326,818.067,695.156,1,25,,0.2630333261088027,-5.36065219724844
648286a4-8d21-418c-8c47-cd2ace0c239f,c2ca9808-766d-490c-9422-9a90cd68289e,1760608114238335326,822.808,689.875,1,25,,0.5702606635021025,-5.019205120407993
648286a4-8d21-418c-8c47-cd2ace0c239f,c2ca9808-766d-490c-9422-9a90cd68289e,1760608114243335326,820.858,691.582,1,25,,0.44388959532898037,-5.12959092006748
648286a4-8d21-418c-8c47-cd2ace0c239f,c2ca9808-766d-490c-9422-9a90cd68289e,1760608114248335326,821.079,693.103,1,25,,0.4582414411320576,-5.2278894031919245
648286a4-8d21-418c-8c47-cd2ace0c239f,c2ca9808-766d-490c-9422-9a90cd68289e,1760608114253342326,824.745,695.676,1,25,,0.6959599116050696,-5.394112532234792
648286a4-8d21-418c-8c47-cd2ace0c239f,c2ca9808-766d-490c-9422-9a90cd68289e,1760608114258335326,823.415,691.907,1,25,,0.6096058506846821,-5.150569910039422
648286a4-8d21-418c-8c47-cd2ace0c239f,c2ca9808-766d-490c-9422-9a90cd68289e,1760608114263347326,823.579,692.257,1,25,,0.6202776989593464,-5.173127239214423
648286a4-8d21-418c-8c47-cd2ace0c239f,c2ca9808-766d-490c-9422-9a90cd68289e,1760608114268340326,822.308,692.304,1,,,0.5378993198162153,-5.176204305964843
648286a4-8d21-418c-8c47-cd2ace0c239f,c2ca9808-766d-490c-9422-9a90cd68289e,1760608114273339326,821.993,691.669,1,,,0.5174470928707717,-5.135182717491311
648286a4-8d21-418c-8c47-cd2ace0c239f,c2ca9808-766d-490c-9422-9a90cd68289e,1760608114278341326,810.332,687.824,1,,,-0.23825998410226515,-4.886794788085647
648286a4-8d21-418c-8c47-cd2ace0c239f,c2ca9808-766d-490c-9422-9a90cd68289e,1760608114283343326,804.5,690.427,1,,,-0.6162986166710732,-5.0550252488427185
648286a4-8d21-418c-8c47-cd2ace0c239f,c2ca9808-766d-490c-9422-9a90cd68289e,1760608114288335326,765.427,702.317,1,,,-3.151196564827649,-5.8204839811631395
648286a4-8d21-418c-8c47-cd2ace0c239f,c2ca9808-766d-490c-9422-9a90cd68289e,1760608114293340326,746.866,692.34,1,,,-4.351935114065736,-5.1732723391869415
648286a4-8d21-418c-8c47-cd2ace0c239f,c2ca9808-766d-490c-9422-9a90cd68289e,1760608114298336326,734.843,675.394,1,,,-5.1261216264804625,-4.0770436120144184
648286a4-8d21-418c-8c47-cd2ace0c239f,c2ca9808-766d-490c-9422-9a90cd68289e,1760608114303336326,737.314,674.466,1,,,-4.965946291902323,-4.017519714222678
648286a4-8d21-418c-8c47-cd2ace0c239f,c2ca9808-766d-490c-9422-9a90cd68289e,1760608114308336326,737.885,674.013,1,26,,-4.928846084391238,-3.988349614992529
648286a4-8d21-418c-8c47-cd2ace0c239f,c2ca9808-766d-490c-9422-9a90cd68289e,1760608114313344326,734.99,671.136,1,26,,-5.1155395598253515,-3.80216749293347
648286a4-8d21-418c-8c47-cd2ace0c239f,c2ca9808-766d-490c-9422-9a90cd68289e,1760608114318336326,736.416,672.412,1,26,,-5.0235717080809765,-3.8847917815981847
648286a4-8d21-418c-8c47-cd2ace0c239f,c2ca9808-766d-490c-9422-9a90cd68289e,1760608114323342326,737.149,674.193,1,26,,-4.976555269805562,-3.9998420913639054
648286a4-8d21-418c-8c47-cd2ace0c239f,c2ca9808-766d-490c-9422-9a90cd68289e,1760608114328336326,745.262,680.907,1,26,,-4.452884155862275,-4.434688188247774
648286a4-8d21-418c-8c47-cd2ace0c239f,c2ca9808-766d-490c-9422-9a90cd68289e,1760608114333336326,740.657,669.886,1,26,,-4.74848215236741,-3.7222519458095276
648286a4-8d21-418c-8c47-cd2ace0c239f,c2ca9808-766d-490c-9422-9a90cd68289e,1760608114338340326,743.357,668.483,1,26,,-4.573477049612789,-3.631980045704248
648286a4-8d21-418c-8c47-cd2ace0c239f,c2ca9808-766d-490c-9422-9a90cd68289e,1760608114343336326,744.822,669.696,1,26,,-4.478925055862283,-3.7105013425515603
648286a4-8d21-418c-8c47-cd2ace0c239f,c2ca9808-766d-490c-9422-9a90cd68289e,1760608114348345326,744.683,669.682,1,26,,-4.487897268629565,-3.7095536483315805
648286a4-8d21-418c-8c47-cd2ace0c239f,c2ca9808-766d-490c-9422-9a90cd68289e,1760608114353461326,742.889,668.667,1,26,,-4.603811317297809,-3.643818725967138
648286a4-8d21-418c-8c47-cd2ace0c239f,c2ca9808-766d-490c-9422-9a90cd68289e,1760608114358461326,741.673,667.736,1,26,,-4.682320468840389,-3.5834929664260153
648286a4-8d21-418c-8c47-cd2ace0c239f,c2ca9808-766d-490c-9422-9a90cd68289e,1760608114363461326,742.393,664.938,1,26,,-4.635134968008522,-3.40285695398108
648286a4-8d21-418c-8c47-cd2ace0c239f,c2ca9808-766d-490c-9422-9a90cd68289e,1760608114368461326,742.044,665.643,1,26,,-4.657913445169778,-3.4483498658800587
648286a4-8d21-418c-8c47-cd2ace0c239f,c2ca9808-766d-490c-9422-9a90cd68289e,1760608114373461326,742.139,665.582,1,26,,-4.6517325454583665,-3.4444032832252596
648286a4-8d21-418c-8c47-cd2ace0c239f,c2ca9808-766d-490c-9422-9a90cd68289e,1760608114378461326,741.73,664.668,1,26,,-4.678005388670653,-3.3853479119585903
648286a4-8d21-418c-8c47-cd2ace0c239f,c2ca9808-766d-490c-9422-9a90cd68289e,1760608114383473326,740.384,664.257,1,26,,-4.765059069818621,-3.358613758297892
648286a4-8d21-418c-8c47-cd2ace0c239f,c2ca9808-766d-490c-9422-9a90cd68289e,1760608114388468326,747.035,665.282,1,26,,-4.334826852258325,-3.425609800611572
648286a4-8d21-418c-8c47-cd2ace0c239f,c2ca9808-766d-490c-9422-9a90cd68289e,1760608114393461326,741.696,661.424,1,26,,-4.6796371194247435,-3.175797083658552
648286a4-8d21-418c-8c47-cd2ace0c239f,c2ca9808-766d-490c-9422-9a90cd68289e,1760608114398462326,741.374,662.058,1,26,,-4.700586457676897,-3.216695510872564
648286a4-8d21-418c-8c47-cd2ace0c239f,c2ca9808-766d-490c-9422-9a90cd68289e,1760608114403462326,742.195,650.932,1,26,,-4.645638899069917,-2.498052552190199
648286a4-8d21-418c-8c47-cd2ace0c239f,c2ca9808-766d-490c-9422-9a90cd68289e,1760608114408462326,744.47,657.351,1,26,,-4.49948270926045,-2.912965715423007
648286a4-8d21-418c-8c47-cd2ace0c239f,c2ca9808-766d-490c-9422-9a90cd68289e,1760608114413462326,744.191,658.538,1,26,,-4.517671535376536,-2.989638570883916
648286a4-8d21-418c-8c47-cd2ace0c239f,c2ca9808-766d-490c-9422-9a90cd68289e,1760608114418462326,739.342,652.932,1,26,,-4.830463102444385,-2.6269959067756843
648286a4-8d21-418c-8c47-cd2ace0c239f,c2ca9808-766d-490c-9422-9a90cd68289e,1760608114423462326,739.188,658.0,1,26,,-4.841250162583732,-2.954345873995498
648286a4-8d21-418c-8c47-cd2ace0c239f,c2ca9808-766d-490c-9422-9a90cd68289e,1760608114428462326,739.316,653.445,1,26,,-4.832228050053978,-2.660131061731293
648286a4-8d21-418c-8c47-cd2ace0c239f,c2ca9808-766d-490c-9422-9a90cd68289e,1760608114433462326,738.146,652.355,1,26,,-4.907722196729037,-2.5896149963573194
648286a4-8d21-418c-8c47-cd2ace0c239f,c2ca9808-766d-490c-9422-9a90cd68289e,1760608114438462326,740.122,653.415,1,26,,-4.780086602474018,-2.6582541263212933
648286a4-8d21-418c-8c47-cd2ace0c239f,c2ca9808-766d-490c-9422-9a90cd68289e,1760608114443462326,743.76,656.409,1,26,,-4.545257430576123,-2.8520766548109093
648286a4-8d21-418c-8c47-cd2ace0c239f,c2ca9808-766d-490c-9422-9a90cd68289e,1760608114448462326,744.347,656.39,1,26,,-4.507252092057452,-2.850860727013878
648286a4-8d21-418c-8c47-cd2ace0c239f,c2ca9808-766d-490c-9422-9a90cd68289e,1760608114453462326,745.547,656.708,1,26,,-4.42969299009976,-2.8715137432373767
648286a4-8d21-418c-8c47-cd2ace0c239f,c2ca9808-766d-490c-9422-9a90cd68289e,1760608114458462326,746.998,657.274,1,26,,-4.3359257465049525,-2.908259885208845
648286a4-8d21-418c-8c47-cd2ace0c239f,c2ca9808-766d-490c-9422-9a90cd68289e,1760608114463462326,748.384,655.802,1,26,,-4.246013480781043,-2.8133012101364003
648286a4-8d21-418c-8c47-cd2ace0c239f,c2ca9808-766d-490c-9422-9a90cd68289e,1760608114468462326,747.202,652.844,1,26,,-4.322076219783327,-2.62203346879628
648286a4-8d21-418c-8c47-cd2ace0c239f,c2ca9808-766d-490c-9422-9a90cd68289e,1760608114473468326,743.677,657.096,1,26,,-4.550723707213985,-2.896420123943152
648286a4-8d21-418c-8c47-cd2ace0c239f,c2ca9808-766d-490c-9422-9a90cd68289e,1760608114478462326,742.345,655.89,1,26,,-4.636721943396922,-2.8183697409138553
648286a4-8d21-418c-8c47-cd2ace0c239f,c2ca9808-766d-490c-9422-9a90cd68289e,1760608114483462326,742.928,658.228,1,26,,-4.599334527308836,-2.969465824983637
648286a4-8d21-418c-8c47-cd2ace0c239f,c2ca9808-766d-490c-9422-9a90cd68289e,1760608114488463326,743.526,658.334,1,26,,-4.560696499906939,-2.9763608203003837
648286a4-8d21-418c-8c47-cd2ace0c239f,c2ca9808-766d-490c-9422-9a90cd68289e,1760608114493588326,745.314,655.964,1,26,,-4.444662139212996,-2.82345399998618
648286a4-8d21-418c-8c47-cd2ace0c239f,c2ca9808-766d-490c-9422-9a90cd68289e,1760608114498588326,745.491,656.778,1,26,,-4.433352482652075,-2.8760588978084103
648286a4-8d21-418c-8c47-cd2ace0c239f,c2ca9808-766d-490c-9422-9a90cd68289e,1760608114503588326,745.386,659.739,1,26,,-4.440617045052099,-3.0673301699920623
648286a4-8d21-418c-8c47-cd2ace0c239f,c2ca9808-766d-490c-9422-9a90cd68289e,1760608114508590326,743.344,660.381,1,26,,-4.572839517555875,-3.1086298918202133
648286a4-8d21-418c-8c47-cd2ace0c239f,c2ca9808-766d-490c-9422-9a90cd68289e,1760608114513588326,742.984,660.236,1,26,,-4.596044867259962,-3.099179573391475
648286a4-8d21-418c-8c47-cd2ace0c239f,c2ca9808-766d-490c-9422-9a90cd68289e,1760608114518588326,741.219,661.884,1,,,-4.710573258109824,-3.205485184713411
648286a4-8d21-418c-8c47-cd2ace0c239f,c2ca9808-766d-490c-9422-9a90cd68289e,1760608114523588326,739.932,662.105,1,,,-4.793868044229706,-3.2195992682773653
648286a4-8d21-418c-8c47-cd2ace0c239f,c2ca9808-766d-490c-9422-9a90cd68289e,1760608114528588326,739.714,663.208,1,,,-4.808198288746688,-3.2907818530091255
648286a4-8d21-418c-8c47-cd2ace0c239f,c2ca9808-766d-490c-9422-9a90cd68289e,1760608114533588326,744.434,716.178,1,,,-4.517388992529506,-6.711612845976646
648286a4-8d21-418c-8c47-cd2ace0c239f,c2ca9808-766d-490c-9422-9a90cd68289e,1760608114538592326,736.387,757.592,1,,,-5.060415105040671,-9.380091947325418
648286a4-8d21-418c-8c47-cd2ace0c239f,c2ca9808-766d-490c-9422-9a90cd68289e,1760608114543596326,748.48,811.999,1,,,-4.304984011970208,-12.888362886397294
648286a4-8d21-418c-8c47-cd2ace0c239f,c2ca9808-766d-490c-9422-9a90cd68289e,1760608114548588326,763.034,864.349,1,,,-3.3826289347059038,-16.260487693032964
648286a4-8d21-418c-8c47-cd2ace0c239f,c2ca9808-766d-490c-9422-9a90cd68289e,1760608114553588326,780.397,897.373,1,,,-2.248723061816295,-18.38768575646429
648286a4-8d21-418c-8c47-cd2ace0c239f,c2ca9808-766d-490c-9422-9a90cd68289e,1760608114558599326,790.355,946.266,1,,,-1.6057176820905867,-21.528343064378138
648286a4-8d21-418c-8c47-cd2ace0c239f,c2ca9808-766d-490c-9422-9a90cd68289e,1760608114563588326,775.453,968.712,1,,,-2.6323068502863567,-22.963664809129543
648286a4-8d21-418c-8c47-cd2ace0c239f,c2ca9808-766d-490c-9422-9a90cd68289e,1760608114568588326,776.217,979.878,1,,,-2.5898956973315084,-23.68015068537214
648286a4-8d21-418c-8c47-cd2ace0c239f,c2ca9808-766d-490c-9422-9a90cd68289e,1760608114573589326,779.048,970.994,1,27,,-2.389285937940971,-23.11135275623783
648286a4-8d21-418c-8c47-cd2ace0c239f,c2ca9808-766d-490c-9422-9a90cd68289e,1760608114578603326,782.583,967.036,1,27,,-2.145536560630205,-22.85868012418023
648286a4-8d21-418c-8c47-cd2ace0c239f,c2ca9808-766d-490c-9422-9a90cd68289e,1760608114583589326,785.126,965.551,1,27,,-1.9714941771217023,-22.76421018446374
648286a4-8d21-418c-8c47-cd2ace0c239f,c2ca9808-766d-490c-9422-9a90cd68289e,1760608114588588326,787.081,965.731,1,27,,-1.8385663735071327,-22.776291527469294
648286a4-8d21-418c-8c47-cd2ace0c239f,c2ca9808-766d-490c-9422-9a90cd68289e,1760608114593589326,788.496,962.524,1,27,,-1.7404299821936664,-22.570886172287263
648286a4-8d21-418c-8c47-cd2ace0c239f,c2ca9808-766d-490c-9422-9a90cd68289e,1760608114598589326,780.27,966.672,1,27,,-2.302705371004827,-22.834553230112615
648286a4-8d21-418c-8c47-cd2ace0c239f,c2ca9808-766d-490c-9422-9a90cd68289e,1760608114603596326,787.738,968.455,1,27,,-1.7954566250955044,-22.95120041950367
648286a4-8d21-418c-8c47-cd2ace0c239f,c2ca9808-766d-490c-9422-9a90cd68289e,1760608114608589326,783.759,954.59,1,27,,-2.0572124392028903,-22.06067499159247
648286a4-8d21-418c-8c47-cd2ace0c239f,c2ca9808-766d-490c-9422-9a90cd68289e,1760608114613589326,779.638,963.08,1,27,,-2.342984381392601,-22.60393430581003
648286a4-8d21-418c-8c47-cd2ace0c239f,c2ca9808-766d-490c-9422-9a90cd68289e,1760608114618589326,783.806,954.345,1,27,,-2.0538963852554977,-22.044999155597186
648286a4-8d21-418c-8c47-cd2ace0c239f,c2ca9808-766d-490c-9422-9a90cd68289e,1760608114623589326,780.498,953.526,1,27,,-2.277569494919948,-21.9914445418551
648286a4-8d21-418c-8c47-cd2ace0c239f,c2ca9808-766d-490c-9422-9a90cd68289e,1760608114628597326,781.839,955.302,1,27,,-2.187919325499156,-22.105794444512526
648286a4-8d21-418c-8c47-cd2ace0c239f,c2ca9808-766d-490c-9422-9a90cd68289e,1760608114633730326,785.362,958.333,1,27,,-1.9508018351434506,-22.301224132427297
648286a4-8d21-418c-8c47-cd2ace0c239f,c2ca9808-766d-490c-9422-9a90cd68289e,1760608114638715326,791.843,953.05,1,27,,-1.5082861796241653,-21.96387145137475
648286a4-8d21-418c-8c47-cd2ace0c239f,c2ca9808-766d-490c-9422-9a90cd68289e,1760608114643714326,792.771,954.94,1,27,,-1.446232284518209,-22.085288068329834
648286a4-8d21-418c-8c47-cd2ace0c239f,c2ca9808-766d-490c-9422-9a90cd68289e,1760608114648716326,791.37,956.914,1,27,,-1.5422362159162217,-22.211675458887566
648286a4-8d21-418c-8c47-cd2ace0c239f,c2ca9808-766d-490c-9422-9a90cd68289e,1760608114653714326,798.272,960.764,1,27,,-1.0752414700872368,-22.45988025668314
648286a4-8d21-418c-8c47-cd2ace0c239f,c2ca9808-766d-490c-9422-9a90cd68289e,1760608114658714326,797.436,965.344,1,27,,-1.1338573830540242,-22.753557463377064
648286a4-8d21-418c-8c47-cd2ace0c239f,c2ca9808-766d-490c-9422-9a90cd68289e,1760608114663714326,798.573,965.721,1,27,,-1.0565818765342452,-22.77795455687085
648286a4-8d21-418c-8c47-cd2ace0c239f,c2ca9808-766d-490c-9422-9a90cd68289e,1760608114668714326,791.671,951.979,1,27,,-1.5193753577442402,-21.895103103513417
648286a4-8d21-418c-8c47-cd2ace0c239f,c2ca9808-766d-490c-9422-9a90cd68289e,1760608114673722326,793.595,951.309,1,27,,-1.388707372918883,-21.852540598446637
648286a4-8d21-418c-8c47-cd2ace0c239f,c2ca9808-766d-490c-9422-9a90cd68289e,1760608114678724326,795.404,954.446,1,27,,-1.2674725824625752,-22.05408517253509
648286a4-8d21-418c-8c47-cd2ace0c239f,c2ca9808-766d-490c-9422-9a90cd68289e,1760608114683715326,795.801,956.903,1,27,,-1.2415438520303779,-22.211808126252542
648286a4-8d21-418c-8c47-cd2ace0c239f,c2ca9808-766d-490c-9422-9a90cd68289e,1760608114688715326,795.53,956.07,1,27,,-1.2596003503258406,-22.15828644817023
648286a4-8d21-418c-8c47-cd2ace0c239f,c2ca9808-766d-490c-9422-9a90cd68289e,1760608114693720326,794.856,957.939,1,27,,-1.3061095022733644,-22.278113687759653
648286a4-8d21-418c-8c47-cd2ace0c239f,c2ca9808-766d-490c-9422-9a90cd68289e,1760608114698715326,804.129,954.129,1,27,,-0.675725494499093,-22.034791551134788
648286a4-8d21-418c-8c47-cd2ace0c239f,c2ca9808-766d-490c-9422-9a90cd68289e,1760608114703715326,794.519,957.659,1,27,,-1.3288487279990115,-22.26006973592871
648286a4-8d21-418c-8c47-cd2ace0c239f,c2ca9808-766d-490c-9422-9a90cd68289e,1760608114708715326,794.74,958.297,1,27,,-1.3141324857985428,-22.30104336582973
648286a4-8d21-418c-8c47-cd2ace0c239f,c2ca9808-766d-490c-9422-9a90cd68289e,1760608114713715326,793.931,958.539,1,,,-1.369189784424161,-22.316443442449714
648286a4-8d21-418c-8c47-cd2ace0c239f,c2ca9808-766d-490c-9422-9a90cd68289e,1760608114718715326,796.357,964.002,1,,,-1.206683223537871,-22.66729923739698
648286a4-8d21-418c-8c47-cd2ace0c239f,c2ca9808-766d-490c-9422-9a90cd68289e,1760608114723726326,800.283,967.832,1,,,-0.9409353234749043,-22.91355715904817
648286a4-8d21-418c-8c47-cd2ace0c239f,c2ca9808-766d-490c-9422-9a90cd68289e,1760608114728715326,794.079,969.322,1,,,-1.3640414711976274,-23.008191306800253
648286a4-8d21-418c-8c47-cd2ace0c239f,c2ca9808-766d-490c-9422-9a90cd68289e,1760608114733727326,791.504,991.28,1,28,,-1.5514602767054861,-24.416295584205596
648286a4-8d21-418c-8c47-cd2ace0c239f,c2ca9808-766d-490c-9422-9a90cd68289e,1760608114738726326,791.596,986.787,1,28,,-1.5426091513223865,-24.128118151691062
648286a4-8d21-418c-8c47-cd2ace0c239f,c2ca9808-766d-490c-9422-9a90cd68289e,1760608114743715326,792.301,983.459,1,28,,-1.492554774183643,-23.91476819056358
648286a4-8d21-418c-8c47-cd2ace0c239f,c2ca9808-766d-490c-9422-9a90cd68289e,1760608114748715326,790.893,981.127,1,28,,-1.587562630864745,-23.764849329860986
648286a4-8d21-418c-8c47-cd2ace0c239f,c2ca9808-766d-490c-9422-9a90cd68289e,1760608114753715326,790.214,979.213,1,28,,-1.6329088118482464,-23.64187801346666
648286a4-8d21-418c-8c47-cd2ace0c239f,c2ca9808-766d-490c-9422-9a90cd68289e,1760608114758716326,790.886,978.464,1,28,,-1.5865653350508975,-23.593984093156003
648286a4-8d21-418c-8c47-cd2ace0c239f,c2ca9808-766d-490c-9422-9a90cd68289e,1760608114763840326,793.826,983.899,1,28,,-1.3883768365584548,-23.943297458150667
648286a4-8d21-418c-8c47-cd2ace0c239f,c2ca9808-766d-490c-9422-9a90cd68289e,1760608114768845326,799.634,979.996,1,28,,-0.9894848253829948,-23.693853584445517
648286a4-8d21-418c-8c47-cd2ace0c239f,c2ca9808-766d-490c-9422-9a90cd68289e,1760608114773840326,799.278,980.778,1,28,,-1.0140804996291761,-23.743950416365163
648286a4-8d21-418c-8c47-cd2ace0c239f,c2ca9808-766d-490c-9422-9a90cd68289e,1760608114778841326,800.289,981.525,1,28,,-0.9452304552993016,-23.79200554145241
648286a4-8d21-418c-8c47-cd2ace0c239f,c2ca9808-766d-490c-9422-9a90cd68289e,1760608114783841326,803.199,982.293,1,28,,-0.746494873060106,-23.841602258731157
648286a4-8d21-418c-8c47-cd2ace0c239f,c2ca9808-766d-490c-9422-9a90cd68289e,1760608114788841326,796.909,971.419,1,28,,-1.1721793896599,-23.143227538554402
648286a4-8d21-418c-8c47-cd2ace0c239f,c2ca9808-766d-490c-9422-9a90cd68289e,1760608114793841326,794.036,993.182,1,28,,-1.3787376987089306,-24.538881490131203
648286a4-8d21-418c-8c47-cd2ace0c239f,c2ca9808-766d-490c-9422-9a90cd68289e,1760608114798844326,799.191,988.005,1,28,,-1.0227959482167277,-24.207579168403985
648286a4-8d21-418c-8c47-cd2ace0c239f,c2ca9808-766d-490c-9422-9a90cd68289e,1760608114803841326,800.487,986.447,1,28,,-0.9334693633516633,-24.107791351003222
648286a4-8d21-418c-8c47-cd2ace0c239f,c2ca9808-766d-490c-9422-9a90cd68289e,1760608114808841326,801.128,986.167,1,28,,-0.8894459583266865,-24.08993306337659
648286a4-8d21-418c-8c47-cd2ace0c239f,c2ca9808-766d-490c-9422-9a90cd68289e,1760608114813841326,801.262,979.749,1,28,,-0.8781164634197703,-23.678209017234238
648286a4-8d21-418c-8c47-cd2ace0c239f,c2ca9808-766d-490c-9422-9a90cd68289e,1760608114818841326,799.749,981.758,1,28,,-0.9822571037707957,-23.80690454735727
648286a4-8d21-418c-8c47-cd2ace0c239f,c2ca9808-766d-490c-9422-9a90cd68289e,1760608114823841326,800.062,970.921,1,28,,-0.957076180979077,-23.111742671063926
648286a4-8d21-418c-8c47-cd2ace0c239f,c2ca9808-766d-490c-9422-9a90cd68289e,1760608114828841326,803.717,972.231,1,28,,-0.7083177097159111,-23.19612843163
648286a4-8d21-418c-8c47-cd2ace0c239f,c2ca9808-766d-490c-9422-9a90cd68289e,1760608114833841326,801.373,974.565,1,28,,-0.8688489837504318,-23.345649354857482
648286a4-8d21-418c-8c47-cd2ace0c239f,c2ca9808-766d-490c-9422-9a90cd68289e,1760608114838841326,802.283,976.539,1,28,,-0.8073721405632563,-23.472361817215564
648286a4-8d21-418c-8c47-cd2ace0c239f,c2ca9808-766d-490c-9422-9a90cd68289e,1760608114843841326,804.025,977.439,1,28,,-0.6886675083336193,-23.5302666917504
648286a4-8d21-418c-8c47-cd2ace0c239f,c2ca9808-766d-490c-9422-9a90cd68289e,1760608114848841326,799.724,976.06,1,28,,-0.9819239097965454,-23.441367341666776
648286a4-8d21-418c-8c47-cd2ace0c239f,c2ca9808-766d-490c-9422-9a90cd68289e,1760608114853841326,797.915,980.053,1,28,,-1.1070028139502495,-23.697263833463687
648286a4-8d21-418c-8c47-cd2ace0c239f,c2ca9808-766d-490c-9422-9a90cd68289e,1760608114858841326,802.971,974.891,1,28,,-0.7599641858839192,-23.3667274621474
648286a4-8d21-418c-8c47-cd2ace0c239f,c2ca9808-766d-490c-9422-9a90cd68289e,1760608114863841326,804.305,975.291,1,28,,-0.6690158644513611,-23.392472057953967
648286a4-8d21-418c-8c47-cd2ace0c239f,c2ca9808-766d-490c-9422-9a90cd68289e,1760608114868841326,803.895,976.021,1,28,,-0.6971841487702211,-23.439295792596457
648286a4-8d21-418c-8c47-cd2ace0c239f,c2ca9808-766d-490c-9422-9a90cd68289e,1760608114873842326,804.268,974.965,1,28,,-0.6714770104117463,-23.371532624682693
648286a4-8d21-418c-8c47-cd2ace0c239f,c2ca9808-766d-490c-9422-9a90cd68289e,1760608114878843326,802.408,976.079,1,28,,-0.798738076588582,-23.442841835206515
648286a4-8d21-418c-8c47-cd2ace0c239f,c2ca9808-766d-490c-9422-9a90cd68289e,1760608114883842326,803.136,974.799,1,28,,-0.7486683174269442,-23.360821748174537
648286a4-8d21-418c-8c47-cd2ace0c239f,c2ca9808-766d-490c-9422-9a90cd68289e,1760608114888842326,805.476,971.571,1,28,,-0.5882435137140455,-23.153889900592144
648286a4-8d21-418c-8c47-cd2ace0c239f,c2ca9808-766d-490c-9422-9a90cd68289e,1760608114893842326,804.997,971.785,1,28,,-0.620957863303153,-23.167619478886127
648286a4-8d21-418c-8c47-cd2ace0c239f,c2ca9808-766d-490c-9422-9a90cd68289e,1760608114898979326,802.848,968.315,1,28,,-0.7664774296631841,-22.944851609907268
648286a4-8d21-418c-8c47-cd2ace0c239f,c2ca9808-766d-490c-9422-9a90cd68289e,1760608114903967326,803.341,968.93,1,28,,-0.7330777627982401,-22.984289158814367
648286a4-8d21-418c-8c47-cd2ace0c239f,c2ca9808-766d-490c-9422-9a90cd68289e,1760608114908967326,804.048,970.354,1,28,,-0.6852505571155931,-23.075736718491488
648286a4-8d21-418c-8c47-cd2ace0c239f,c2ca9808-766d-490c-9422-9a90cd68289e,1760608114913967326,802.968,970.356,1,28,,-0.7588667993084391,-23.075785126771198
648286a4-8d21-418c-8c47-cd2ace0c239f,c2ca9808-766d-490c-9422-9a90cd68289e,1760608114918972326,804.643,968.138,1,28,,-0.6441882931327241,-22.933599099562297
648286a4-8d21-418c-8c47-cd2ace0c239f,c2ca9808-766d-490c-9422-9a90cd68289e,1760608114923970326,807.612,976.9,1,28,,-0.4436299303153069,-23.495866166300928
648286a4-8d21-418c-8c47-cd2ace0c239f,c2ca9808-766d-490c-9422-9a90cd68289e,1760608114928968326,806.103,976.662,1,,,-0.5466214904764942,-23.480542082131308
648286a4-8d21-418c-8c47-cd2ace0c239f,c2ca9808-766d-490c-9422-9a90cd68289e,1760608114933967326,803.949,985.342,1,,,-0.6960160922925389,-24.03725318807459
648286a4-8d21-418c-8c47-cd2ace0c239f,c2ca9808-766d-490c-9422-9a90cd68289e,1760608114938967326,804.19,982.175,1,,,-0.6786448324417581,-23.83408443640926
648286a4-8d21-418c-8c47-cd2ace0c239f,c2ca9808-766d-490c-9422-9a90cd68289e,1760608114943984326,786.635,948.607,1,,,-1.8587019259168092,-21.67763649978215
648286a4-8d21-418c-8c47-cd2ace0c239f,c2ca9808-766d-490c-9422-9a90cd68289e,1760608114948967326,782.006,898.975,1,,,-2.142139886327989,-18.4909974858628
648286a4-8d21-418c-8c47-cd2ace0c239f,c2ca9808-766d-490c-9422-9a90cd68289e,1760608114953967326,784.055,887.663,1,,,-1.9995931004162781,-17.765035466114778
648286a4-8d21-418c-8c47-cd2ace0c239f,c2ca9808-766d-490c-9422-9a90cd68289e,1760608114958967326,760.581,847.239,1,,,-3.5328278938889057,-15.159844081789227
648286a4-8d21-418c-8c47-cd2ace0c239f,c2ca9808-766d-490c-9422-9a90cd68289e,1760608114963967326,782.744,830.795,1,,,-2.061806843690438,-14.108425554681352
648286a4-8d21-418c-8c47-cd2ace0c239f,c2ca9808-766d-490c-9422-9a90cd68289e,1760608114968967326,776.617,815.894,1,,,-2.4589427871919676,-13.14799972329607
648286a4-8d21-418c-8c47-cd2ace0c239f,c2ca9808-766d-490c-9422-9a90cd68289e,1760608114973967326,776.541,777.064,1,,,-2.4493072946752443,-10.646242593535318
648286a4-8d21-418c-8c47-cd2ace0c239f,c2ca9808-766d-490c-9422-9a90cd68289e,1760608114978977326,772.614,734.285,1,,,-2.6924485229742,-7.8858056769998885
648286a4-8d21-418c-8c47-cd2ace0c239f,c2ca9808-766d-490c-9422-9a90cd68289e,1760608114983968326,763.292,696.431,1,,,-3.288290225061004,-5.43996445002746
648286a4-8d21-418c-8c47-cd2ace0c239f,c2ca9808-766d-490c-9422-9a90cd68289e,1760608114988968326,751.0,679.632,1,,,-4.081033783544506,-4.35312553541184
648286a4-8d21-418c-8c47-cd2ace0c239f,c2ca9808-766d-490c-9422-9a90cd68289e,1760608114993968326,746.175,667.308,1,,,-4.390882494006255,-3.5564205668355924
648286a4-8d21-418c-8c47-cd2ace0c239f,c2ca9808-766d-490c-9422-9a90cd68289e,1760608114998968326,741.797,648.545,1,,,-4.671081897658954,-2.3438141477905154
648286a4-8d21-418c-8c47-cd2ace0c239f,c2ca9808-766d-490c-9422-9a90cd68289e,1760608115003968326,753.255,648.5,1,29,,-3.9300143956462716,-2.3417716364829846
648286a4-8d21-418c-8c47-cd2ace0c239f,c2ca9808-766d-490c-9422-9a90cd68289e,1760608115008968326,752.148,651.837,1,29,,-4.002006445054151,-2.557389761820019
648286a4-8d21-418c-8c47-cd2ace0c239f,c2ca9808-766d-490c-9422-9a90cd68289e,1760608115013968326,754.617,655.174,1,29,,-3.8427359356908073,-2.773258053201622
648286a4-8d21-418c-8c47-cd2ace0c239f,c2ca9808-766d-490c-9422-9a90cd68289e,1760608115018968326,754.456,652.49,1,29,,-3.852819067514554,-2.5997649039834974
648286a4-8d21-418c-8c47-cd2ace0c239f,c2ca9808-766d-490c-9422-9a90cd68289e,1760608115023968326,755.662,654.068,1,29,,-3.774950072001804,-2.7018453494374315
648286a4-8d21-418c-8c47-cd2ace0c239f,c2ca9808-766d-490c-9422-9a90cd68289e,1760608115028974326,753.723,655.855,1,29,,-3.9006608484575787,-2.8171888933667972
648286a4-8d21-418c-8c47-cd2ace0c239f,c2ca9808-766d-490c-9422-9a90cd68289e,1760608115033971326,752.633,657.407,1,29,,-3.971341843029597,-2.917346919921129
648286a4-8d21-418c-8c47-cd2ace0c239f,c2ca9808-766d-490c-9422-9a90cd68289e,1760608115038982326,753.364,659.376,1,29,,-3.9243430382333795,-3.0446382423417484
648286a4-8d21-418c-8c47-cd2ace0c239f,c2ca9808-766d-490c-9422-9a90cd68289e,1760608115044093326,753.613,659.766,1,29,,-3.9082870879717952,-3.0698995417623336
648286a4-8d21-418c-8c47-cd2ace0c239f,c2ca9808-766d-490c-9422-9a90cd68289e,1760608115049093326,749.275,658.688,1,29,,-4.188808806628158,-2.999826554040721
648286a4-8d21-418c-8c47-cd2ace0c239f,c2ca9808-766d-490c-9422-9a90cd68289e,1760608115054096326,747.717,658.689,1,29,,-4.289585638372426,-2.9997749640077545
648286a4-8d21-418c-8c47-cd2ace0c239f,c2ca9808-766d-490c-9422-9a90cd68289e,1760608115059093326,749.474,663.978,1,29,,-4.176801947112142,-3.3416238874971578
648286a4-8d21-418c-8c47-cd2ace0c239f,c2ca9808-766d-490c-9422-9a90cd68289e,1760608115064096326,746.047,672.477,1,29,,-4.400162821601557,-3.890268038578936
648286a4-8d21-418c-8c47-cd2ace0c239f,c2ca9808-766d-490c-9422-9a90cd68289e,1760608115069094326,747.66,669.022,1,29,,-4.295101532497541,-3.667301487199481
648286a4-8d21-418c-8c47-cd2ace0c239f,c2ca9808-766d-490c-9422-9a90cd68289e,1760608115074094326,747.728,667.876,1,29,,-4.29047581076435,-3.5932761582263057
648286a4-8d21-418c-8c47-cd2ace0c239f,c2ca9808-766d-490c-9422-9a90cd68289e,1760608115079095326,749.892,666.846,1,29,,-4.150251968846607,-3.527008567981341
648286a4-8d21-418c-8c47-cd2ace0c239f,c2ca9808-766d-490c-9422-9a90cd68289e,1760608115084103326,751.59,669.033,1,29,,-4.040746203231937,-3.668461510872776
648286a4-8d21-418c-8c47-cd2ace0c239f,c2ca9808-766d-490c-9422-9a90cd68289e,1760608115089094326,749.775,668.838,1,29,,-4.158158040105779,-3.6556529069701
648286a4-8d21-418c-8c47-cd2ace0c239f,c2ca9808-766d-490c-9422-9a90cd68289e,1760608115094097326,749.403,667.156,1,29,,-4.181939842711565,-3.5469901103067527
648286a4-8d21-418c-8c47-cd2ace0c239f,c2ca9808-766d-490c-9422-9a90cd68289e,1760608115099094326,753.655,664.75,1,29,,-3.9063473984509285,-3.3919254928048965
648286a4-8d21-418c-8c47-cd2ace0c239f,c2ca9808-766d-490c-9422-9a90cd68289e,1760608115104094326,753.454,663.524,1,29,,-3.919134737006091,-3.3127235946757145
648286a4-8d21-418c-8c47-cd2ace0c239f,c2ca9808-766d-490c-9422-9a90cd68289e,1760608115109094326,750.899,673.086,1,29,,-4.086248095249813,-3.9302409141636825
648286a4-8d21-418c-8c47-cd2ace0c239f,c2ca9808-766d-490c-9422-9a90cd68289e,1760608115114094326,751.306,670.918,1,29,,-4.059491168086195,-3.7902036806130863
648286a4-8d21-418c-8c47-cd2ace0c239f,c2ca9808-766d-490c-9422-9a90cd68289e,1760608115119098326,752.174,670.631,1,29,,-4.003233287349646,-3.7718128926669032
648286a4-8d21-418c-8c47-cd2ace0c239f,c2ca9808-766d-490c-9422-9a90cd68289e,1760608115124094326,749.307,670.061,1,29,,-4.1886682609452315,-3.734599306292735
648286a4-8d21-418c-8c47-cd2ace0c239f,c2ca9808-766d-490c-9422-9a90cd68289e,1760608115129094326,747.174,669.059,1,29,,-4.326581011272411,-3.669652466414196
648286a4-8d21-418c-8c47-cd2ace0c239f,c2ca9808-766d-490c-9422-9a90cd68289e,1760608115134094326,746.127,671.201,1,29,,-4.394732915883546,-3.80788231241627
648286a4-8d21-418c-8c47-cd2ace0c239f,c2ca9808-766d-490c-9422-9a90cd68289e,1760608115139094326,743.473,670.764,1,29,,-4.566428927580879,-3.7793049272555304
648286a4-8d21-418c-8c47-cd2ace0c239f,c2ca9808-766d-490c-9422-9a90cd68289e,1760608115144097326,749.471,673.04,1,29,,-4.1786808960806,-3.9270773346299537
648286a4-8d21-418c-8c47-cd2ace0c239f,c2ca9808-766d-490c-9422-9a90cd68289e,1760608115149094326,748.191,670.803,1,29,,-4.261076953113013,-3.7824279046715006
648286a4-8d21-418c-8c47-cd2ace0c239f,c2ca9808-766d-490c-9422-9a90cd68289e,1760608115154098326,752.481,668.949,1,29,,-3.9830493959246343,-3.663149579376187
648286a4-8d21-418c-8c47-cd2ace0c239f,c2ca9808-766d-490c-9422-9a90cd68289e,1760608115159107326,747.028,668.872,1,29,,-4.335962673370839,-3.6575696730899168
648286a4-8d21-418c-8c47-cd2ace0c239f,c2ca9808-766d-490c-9422-9a90cd68289e,1760608115164095326,746.173,669.499,1,29,,-4.391405335504604,-3.697926926021502
648286a4-8d21-418c-8c47-cd2ace0c239f,c2ca9808-766d-490c-9422-9a90cd68289e,1760608115169095326,744.803,668.639,1,29,,-4.479926363520596,-3.6422532692613245
648286a4-8d21-418c-8c47-cd2ace0c239f,c2ca9808-766d-490c-9422-9a90cd68289e,1760608115174220326,741.276,669.769,1,29,,-4.708454060373575,-3.714758011566108
648286a4-8d21-418c-8c47-cd2ace0c239f,c2ca9808-766d-490c-9422-9a90cd68289e,1760608115179220326,743.286,672.116,1,29,,-4.578812677586188,-3.866644112970682
648286a4-8d21-418c-8c47-cd2ace0c239f,c2ca9808-766d-490c-9422-9a90cd68289e,1760608115184220326,744.677,672.041,1,29,,-4.488791210888603,-3.861955953430917
648286a4-8d21-418c-8c47-cd2ace0c239f,c2ca9808-766d-490c-9422-9a90cd68289e,1760608115189222326,746.567,672.02,1,29,,-4.366427378468083,-3.8608719892424115
648286a4-8d21-418c-8c47-cd2ace0c239f,c2ca9808-766d-490c-9422-9a90cd68289e,1760608115194220326,748.047,672.067,1,29,,-4.270627912973819,-3.8640349846219824
648286a4-8d21-418c-8c47-cd2ace0c239f,c2ca9808-766d-490c-9422-9a90cd68289e,1760608115199220326,748.569,671.654,1,29,,-4.236765468844648,-3.837430332812599
648286a4-8d21-418c-8c47-cd2ace0c239f,c2ca9808-766d-490c-9422-9a90cd68289e,1760608115204220326,747.722,674.94,1,29,,-4.292244687941821,-4.049623678267547
648286a4-8d21-418c-8c47-cd2ace0c239f,c2ca9808-766d-490c-9422-9a90cd68289e,1760608115209232326,748.538,674.726,1,29,,-4.239412571952959,-4.035922828514378
648286a4-8d21-418c-8c47-cd2ace0c239f,c2ca9808-766d-490c-9422-9a90cd68289e,1760608115214220326,746.715,675.559,1,29,,-4.3575761541346205,-4.089450996447274
648286a4-8d21-418c-8c47-cd2ace0c239f,c2ca9808-766d-490c-9422-9a90cd68289e,1760608115219220326,748.886,676.265,1,,,-4.217220074979507,-4.135335476648521
648286a4-8d21-418c-8c47-cd2ace0c239f,c2ca9808-766d-490c-9422-9a90cd68289e,1760608115224229326,753.168,673.369,1,,,-3.9394011978905827,-3.9488237174117264
648286a4-8d21-418c-8c47-cd2ace0c239f,c2ca9808-766d-490c-9422-9a90cd68289e,1760608115229220326,759.518,669.944,1,,,-3.5276927797275524,-3.7281739518016233
648286a4-8d21-418c-8c47-cd2ace0c239f,c2ca9808-766d-490c-9422-9a90cd68289e,1760608115234220326,800.313,657.183,1,,,-0.8860767093049023,-2.905381185722794
648286a4-8d21-418c-8c47-cd2ace0c239f,c2ca9808-766d-490c-9422-9a90cd68289e,1760608115239220326,850.114,660.929,1,,,2.336506090021321,-3.1465327430772874
648286a4-8d21-418c-8c47-cd2ace0c239f,c2ca9808-766d-490c-9422-9a90cd68289e,1760608115244220326,893.213,641.437,1,,,5.1210372980110686,-1.8836708290422055
648286a4-8d21-418c-8c47-cd2ace0c239f,c2ca9808-766d-490c-9422-9a90cd68289e,1760608115249220326,924.804,644.103,1,,,7.161735861587178,-2.052592639012856
648286a4-8d21-418c-8c47-cd2ace0c239f,c2ca9808-766d-490c-9422-9a90cd68289e,1760608115254220326,951.371,658.25,1,,,8.879814887710404,-2.95962880845756
648286a4-8d21-418c-8c47-cd2ace0c239f,c2ca9808-766d-490c-9422-9a90cd68289e,1760608115259221326,964.486,648.223,1,30,,9.722979728807443,-2.3119975547064757
648286a4-8d21-418c-8c47-cd2ace0c239f,c2ca9808-766d-490c-9422-9a90cd68289e,1760608115264221326,954.69,643.264,1,30,,9.090071935113466,-1.9945529557050679
648286a4-8d21-418c-8c47-cd2ace0c239f,c2ca9808-766d-490c-9422-9a90cd68289e,1760608115269227326,947.209,637.782,1,30,,8.606530898861207,-1.642641533866151
648286a4-8d21-418c-8c47-cd2ace0c239f,c2ca9808-766d-490c-9422-9a90cd68289e,1760608115274221326,945.214,635.785,1,30,,8.477507273583868,-1.5143048345158747
648286a4-8d21-418c-8c47-cd2ace0c239f,c2ca9808-766d-490c-9422-9a90cd68289e,1760608115279223326,947.709,646.262,1,30,,8.640372245526803,-2.1886009944697595
648286a4-8d21-418c-8c47-cd2ace0c239f,c2ca9808-766d-490c-9422-9a90cd68289e,1760608115284221326,943.463,638.992,1,30,,8.365064137081308,-1.7210307890095724
648286a4-8d21-418c-8c47-cd2ace0c239f,c2ca9808-766d-490c-9422-9a90cd68289e,1760608115289221326,942.496,639.874,1,30,,8.302823518048909,-1.7779560925889115
648286a4-8d21-418c-8c47-cd2ace0c239f,c2ca9808-766d-490c-9422-9a90cd68289e,1760608115294221326,940.533,639.692,1,30,,8.17610829425172,-1.7664334373716584
648286a4-8d21-418c-8c47-cd2ace0c239f,c2ca9808-766d-490c-9422-9a90cd68289e,1760608115299221326,937.308,641.35,1,30,,7.9683074893864765,-1.8736701503316329
648286a4-8d21-418c-8c47-cd2ace0c239f,c2ca9808-766d-490c-9422-9a90cd68289e,1760608115304221326,935.503,640.646,1,30,,7.851701274443897,-1.8284857914678294
648286a4-8d21-418c-8c47-cd2ace0c239f,c2ca9808-766d-490c-9422-9a90cd68289e,1760608115309229326,934.203,641.519,1,30,,7.767960745604915,-1.884904552923108
648286a4-8d21-418c-8c47-cd2ace0c239f,c2ca9808-766d-490c-9422-9a90cd68289e,1760608115314346326,934.027,638.963,1,30,,7.756199125702273,-1.7202045577981357
648286a4-8d21-418c-8c47-cd2ace0c239f,c2ca9808-766d-490c-9422-9a90cd68289e,1760608115319346326,936.57,640.517,1,30,,7.920551931073549,-1.8200828455397193
648286a4-8d21-418c-8c47-cd2ace0c239f,c2ca9808-766d-490c-9422-9a90cd68289e,1760608115324346326,938.447,622.362,1,30,,8.039620246523757,-0.6501597739705426
648286a4-8d21-418c-8c47-cd2ace0c239f,c2ca9808-766d-490c-9422-9a90cd68289e,1760608115329346326,937.37,627.166,1,30,,7.9704436006761314,-0.9597407310136945
648286a4-8d21-418c-8c47-cd2ace0c239f,c2ca9808-766d-490c-9422-9a90cd68289e,1760608115334346326,937.471,630.75,1,30,,7.977319868611007,-1.1906381371046473
648286a4-8d21-418c-8c47-cd2ace0c239f,c2ca9808-766d-490c-9422-9a90cd68289e,1760608115339346326,934.388,641.267,1,30,,7.779896875797037,-1.868654299561618
648286a4-8d21-418c-8c47-cd2ace0c239f,c2ca9808-766d-490c-9422-9a90cd68289e,1760608115344346326,936.206,643.384,1,30,,7.897555396850561,-2.0048152908428167
648286a4-8d21-418c-8c47-cd2ace0c239f,c2ca9808-766d-490c-9422-9a90cd68289e,1760608115349354326,933.272,638.383,1,30,,7.7073870860408515,-1.6829298897202256
648286a4-8d21-418c-8c47-cd2ace0c239f,c2ca9808-766d-490c-9422-9a90cd68289e,1760608115354346326,936.504,636.215,1,30,,7.915628685647,-1.5428625638395734
648286a4-8d21-418c-8c47-cd2ace0c239f,c2ca9808-766d-490c-9422-9a90cd68289e,1760608115359347326,935.389,635.285,1,30,,7.843558982086261,-1.4830410782967691
648286a4-8d21-418c-8c47-cd2ace0c239f,c2ca9808-766d-490c-9422-9a90cd68289e,1760608115364346326,933.352,634.75,1,30,,7.712025159181389,-1.4487431353676927
648286a4-8d21-418c-8c47-cd2ace0c239f,c2ca9808-766d-490c-9422-9a90cd68289e,1760608115369347326,932.245,633.287,1,30,,7.64044904283715,-1.3546119975880047
648286a4-8d21-418c-8c47-cd2ace0c239f,c2ca9808-766d-490c-9422-9a90cd68289e,1760608115374350326,935.439,631.242,1,30,,7.846282890037136,-1.2225552023922324
648286a4-8d21-418c-8c47-cd2ace0c239f,c2ca9808-766d-490c-9422-9a90cd68289e,1760608115379347326,935.687,637.008,1,30,,7.863006784795924,-1.594075861480343
648286a4-8d21-418c-8c47-cd2ace0c239f,c2ca9808-766d-490c-9422-9a90cd68289e,1760608115384350326,936.716,637.85,1,30,,7.929568920832054,-1.648233514824208
648286a4-8d21-418c-8c47-cd2ace0c239f,c2ca9808-766d-490c-9422-9a90cd68289e,1760608115389347326,935.43,639.483,1,30,,7.846836716232967,-1.7535603679462453
648286a4-8d21-418c-8c47-cd2ace0c239f,c2ca9808-766d-490c-9422-9a90cd68289e,1760608115394347326,937.002,639.463,1,30,,7.948264136949743,-1.7520977554713417
648286a4-8d21-418c-8c47-cd2ace0c239f,c2ca9808-766d-490c-9422-9a90cd68289e,1760608115399347326,935.735,637.768,1,30,,7.866257402973698,-1.6430318324044535
648286a4-8d21-418c-8c47-cd2ace0c239f,c2ca9808-766d-490c-9422-9a90cd68289e,1760608115404347326,935.725,635.306,1,30,,7.865246198087757,-1.484366032810242
648286a4-8d21-418c-8c47-cd2ace0c239f,c2ca9808-766d-490c-9422-9a90cd68289e,1760608115409347326,933.12,637.347,1,30,,7.697396270991262,-1.6161975884234567
648286a4-8d21-418c-8c47-cd2ace0c239f,c2ca9808-766d-490c-9422-9a90cd68289e,1760608115414347326,933.325,636.405,1,30,,7.710513520696873,-1.5554314316190985
648286a4-8d21-418c-8c47-cd2ace0c239f,c2ca9808-766d-490c-9422-9a90cd68289e,1760608115419347326,933.015,635.105,1,30,,7.690338024595261,-1.4716990848334064
648286a4-8d21-418c-8c47-cd2ace0c239f,c2ca9808-766d-490c-9422-9a90cd68289e,1760608115424347326,932.791,634.689,1,30,,7.675821681903668,-1.4448643974581388
648286a4-8d21-418c-8c47-cd2ace0c239f,c2ca9808-766d-490c-9422-9a90cd68289e,1760608115429347326,929.439,644.201,1,30,,7.460929976904447,-2.058335047484046
648286a4-8d21-418c-8c47-cd2ace0c239f,c2ca9808-766d-490c-9422-9a90cd68289e,1760608115434347326,936.701,638.238,1,30,,7.928650991584315,-1.6731800665104004
648286a4-8d21-418c-8c47-cd2ace0c239f,c2ca9808-766d-490c-9422-9a90cd68289e,1760608115439347326,937.42,637.866,1,30,,7.974972819708052,-1.649192938995767
648286a4-8d21-418c-8c47-cd2ace0c239f,c2ca9808-766d-490c-9422-9a90cd68289e,1760608115444355326,937.481,635.4,1,30,,7.978590093971928,-1.4902696823435213
648286a4-8d21-418c-8c47-cd2ace0c239f,c2ca9808-766d-490c-9422-9a90cd68289e,1760608115449472326,927.986,639.722,1,30,,7.366452765645683,-1.7697599949934986
648286a4-8d21-418c-8c47-cd2ace0c239f,c2ca9808-766d-490c-9422-9a90cd68289e,1760608115454473326,933.193,639.146,1,30,,7.70239006054672,-1.7321306232295186
648286a4-8d21-418c-8c47-cd2ace0c239f,c2ca9808-766d-490c-9422-9a90cd68289e,1760608115459472326,932.791,639.711,1,30,,7.676563790257565,-1.7685596035511082
648286a4-8d21-418c-8c47-cd2ace0c239f,c2ca9808-766d-490c-9422-9a90cd68289e,1760608115464473326,933.217,640.534,1,30,,7.7041700547932646,-1.8215512662327078
648286a4-8d21-418c-8c47-cd2ace0c239f,c2ca9808-766d-490c-9422-9a90cd68289e,1760608115469475326,939.474,638.812,1,30,,8.107634435962726,-1.709913331414925
648286a4-8d21-418c-8c47-cd2ace0c239f,c2ca9808-766d-490c-9422-9a90cd68289e,1760608115474479326,938.579,637.522,1,30,,8.049684133220083,-1.626855610417596
648286a4-8d21-418c-8c47-cd2ace0c239f,c2ca9808-766d-490c-9422-9a90cd68289e,1760608115479473326,937.267,638.136,1,30,,7.965124633833667,-1.6665792717850716
648286a4-8d21-418c-8c47-cd2ace0c239f,c2ca9808-766d-490c-9422-9a90cd68289e,1760608115484473326,936.26,640.926,1,30,,7.9006312428174175,-1.8464327184742118
648286a4-8d21-418c-8c47-cd2ace0c239f,c2ca9808-766d-490c-9422-9a90cd68289e,1760608115489473326,935.666,646.075,1,30,,7.863227962493409,-2.1783208296124634
648286a4-8d21-418c-8c47-cd2ace0c239f,c2ca9808-766d-490c-9422-9a90cd68289e,1760608115494473326,933.807,642.446,1,30,,7.742563306025946,-1.9446740372920057
648286a4-8d21-418c-8c47-cd2ace0c239f,c2ca9808-766d-490c-9422-9a90cd68289e,1760608115499473326,935.967,642.18,1,30,,7.88190657276548,-1.9273049176661001
648286a4-8d21-418c-8c47-cd2ace0c239f,c2ca9808-766d-490c-9422-9a90cd68289e,1760608115504473326,933.57,642.2,1,30,,7.727220591798739,-1.9288674079951609
648286a4-8d21-418c-8c47-cd2ace0c239f,c2ca9808-766d-490c-9422-9a90cd68289e,1760608115509473326,932.815,645.277,1,30,,7.679055913698855,-2.1272704877743838
648286a4-8d21-418c-8c47-cd2ace0c239f,c2ca9808-766d-490c-9422-9a90cd68289e,1760608115514473326,934.359,638.646,1,30,,7.777601228755879,-1.6997590250830348
648286a4-8d21-418c-8c47-cd2ace0c239f,c2ca9808-766d-490c-9422-9a90cd68289e,1760608115519476326,935.053,639.437,1,30,,7.822508029077919,-1.7506604475503853
648286a4-8d21-418c-8c47-cd2ace0c239f,c2ca9808-766d-490c-9422-9a90cd68289e,1760608115524473326,933.541,638.72,1,30,,7.724781012533347,-1.7046139488953398
648286a4-8d21-418c-8c47-cd2ace0c239f,c2ca9808-766d-490c-9422-9a90cd68289e,1760608115529473326,934.68,640.61,1,30,,7.798623186285697,-1.8262685243581422
648286a4-8d21-418c-8c47-cd2ace0c239f,c2ca9808-766d-490c-9422-9a90cd68289e,1760608115534473326,934.468,643.866,1,30,,7.785467005053113,-2.0361074721886605
648286a4-8d21-418c-8c47-cd2ace0c239f,c2ca9808-766d-490c-9422-9a90cd68289e,1760608115539473326,935.404,643.693,1,30,,7.845873175003265,-2.0248689012235537
648286a4-8d21-418c-8c47-cd2ace0c239f,c2ca9808-766d-490c-9422-9a90cd68289e,1760608115544473326,933.563,641.466,1,30,,7.726666449291834,-1.8815858500973757
648286a4-8d21-418c-8c47-cd2ace0c239f,c2ca9808-766d-490c-9422-9a90cd68289e,1760608115549473326,934.009,640.722,1,30,,7.755333239281673,-1.8335554998648147
648286a4-8d21-418c-8c47-cd2ace0c239f,c2ca9808-766d-490c-9422-9a90cd68289e,1760608115554473326,933.56,641.593,1,,,7.726487044295654,-1.8897674893919405
648286a4-8d21-418c-8c47-cd2ace0c239f,c2ca9808-766d-490c-9422-9a90cd68289e,1760608115559474326,934.131,644.007,1,,,7.763779880299899,-2.0452715683002665
648286a4-8d21-418c-8c47-cd2ace0c239f,c2ca9808-766d-490c-9422-9a90cd68289e,1760608115564474326,924.341,655.057,1,,,7.1339782224344646,-2.7588996599032325
648286a4-8d21-418c-8c47-cd2ace0c239f,c2ca9808-766d-490c-9422-9a90cd68289e,1760608115569474326,924.654,668.124,1,,,7.157684598051747,-3.601227384761238
648286a4-8d21-418c-8c47-cd2ace0c239f,c2ca9808-766d-490c-9422-9a90cd68289e,1760608115574474326,903.882,671.298,1,,,5.81593954207881,-3.809926459078443
648286a4-8d21-418c-8c47-cd2ace0c239f,c2ca9808-766d-490c-9422-9a90cd68289e,1760608115579599326,884.941,695.679,1,,,4.596980531783347,-5.3870984529130315
648286a4-8d21-418c-8c47-cd2ace0c239f,c2ca9808-766d-490c-9422-9a90cd68289e,1760608115584482326,888.8,691.953,1,,,4.845817499433586,-5.145838655655627
648286a4-8d21-418c-8c47-cd2ace0c239f,c2ca9808-766d-490c-9422-9a90cd68289e,1760608115589599326,891.154,688.089,1,31,,4.997127407231856,-4.895927951708893
648286a4-8d21-418c-8c47-cd2ace0c239f,c2ca9808-766d-490c-9422-9a90cd68289e,1760608115594599326,890.043,685.435,1,31,,4.924478189664398,-4.724869031841795
648286a4-8d21-418c-8c47-cd2ace0c239f,c2ca9808-766d-490c-9422-9a90cd68289e,1760608115599599326,888.281,688.742,1,31,,4.8112862957229385,-4.938668587307689
648286a4-8d21-418c-8c47-cd2ace0c239f,c2ca9808-766d-490c-9422-9a90cd68289e,1760608115604599326,889.66,685.652,1,31,,4.899726551357613,-4.738911693140742
648286a4-8d21-418c-8c47-cd2ace0c239f,c2ca9808-766d-490c-9422-9a90cd68289e,1760608115609599326,891.283,682.044,1,31,,5.0038209749123075,-4.505761943187887
648286a4-8d21-418c-8c47-cd2ace0c239f,c2ca9808-766d-490c-9422-9a90cd68289e,1760608115614599326,895.956,680.435,1,31,,5.30577081127737,-4.40099891724399
648286a4-8d21-418c-8c47-cd2ace0c239f,c2ca9808-766d-490c-9422-9a90cd68289e,1760608115619599326,886.341,679.67,1,31,,4.683417464325375,-4.3533327477174435
648286a4-8d21-418c-8c47-cd2ace0c239f,c2ca9808-766d-490c-9422-9a90cd68289e,1760608115624607326,887.468,679.756,1,31,,4.756394877883892,-4.358747024381652
648286a4-8d21-418c-8c47-cd2ace0c239f,c2ca9808-766d-490c-9422-9a90cd68289e,1760608115629602326,891.665,679.077,1,31,,5.027792566355357,-4.314166543387586
648286a4-8d21-418c-8c47-cd2ace0c239f,c2ca9808-766d-490c-9422-9a90cd68289e,1760608115634599326,892.823,683.357,1,31,,5.103806472824935,-4.5901868206345995
648286a4-8d21-418c-8c47-cd2ace0c239f,c2ca9808-766d-490c-9422-9a90cd68289e,1760608115639599326,894.204,681.465,1,31,,5.192681735603506,-4.467800395878023
648286a4-8d21-418c-8c47-cd2ace0c239f,c2ca9808-766d-490c-9422-9a90cd68289e,1760608115644600326,891.821,680.346,1,31,,5.038204262825787,-4.396039895523559
648286a4-8d21-418c-8c47-cd2ace0c239f,c2ca9808-766d-490c-9422-9a90cd68289e,1760608115649600326,891.744,680.008,1,31,,5.033094825529965,-4.374266922811637
648286a4-8d21-418c-8c47-cd2ace0c239f,c2ca9808-766d-490c-9422-9a90cd68289e,1760608115654599326,892.771,679.046,1,31,,5.099312593130158,-4.3119801654329555
648286a4-8d21-418c-8c47-cd2ace0c239f,c2ca9808-766d-490c-9422-9a90cd68289e,1760608115659608326,891.7,681.807,1,31,,5.030703588078555,-4.490399309581606
648286a4-8d21-418c-8c47-cd2ace0c239f,c2ca9808-766d-490c-9422-9a90cd68289e,1760608115664600326,895.792,677.954,1,31,,5.294494736571362,-4.240944466533769
648286a4-8d21-418c-8c47-cd2ace0c239f,c2ca9808-766d-490c-9422-9a90cd68289e,1760608115669600326,898.524,679.73,1,31,,5.47170427674431,-4.3550163005910125
648286a4-8d21-418c-8c47-cd2ace0c239f,c2ca9808-766d-490c-9422-9a90cd68289e,1760608115674600326,898.775,679.967,1,31,,5.487975159036027,-4.370305218884265
648286a4-8d21-418c-8c47-cd2ace0c239f,c2ca9808-766d-490c-9422-9a90cd68289e,1760608115679605326,898.148,684.101,1,31,,5.4485840247262844,-4.63719311935441
648286a4-8d21-418c-8c47-cd2ace0c239f,c2ca9808-766d-490c-9422-9a90cd68289e,1760608115684600326,898.704,682.662,1,31,,5.484174638469425,-4.544230323192986
648286a4-8d21-418c-8c47-cd2ace0c239f,c2ca9808-766d-490c-9422-9a90cd68289e,1760608115689608326,898.367,682.199,1,31,,5.462218653526606,-4.514393032215702
648286a4-8d21-418c-8c47-cd2ace0c239f,c2ca9808-766d-490c-9422-9a90cd68289e,1760608115694600326,898.556,682.364,1,31,,5.474484678249556,-4.525016783004928
648286a4-8d21-418c-8c47-cd2ace0c239f,c2ca9808-766d-490c-9422-9a90cd68289e,1760608115699600326,897.794,684.163,1,31,,5.425698912194983,-4.64121610318436
648286a4-8d21-418c-8c47-cd2ace0c239f,c2ca9808-766d-490c-9422-9a90cd68289e,1760608115704600326,896.625,684.505,1,31,,5.350182897483887,-4.663561185636521
648286a4-8d21-418c-8c47-cd2ace0c239f,c2ca9808-766d-490c-9422-9a90cd68289e,1760608115709600326,897.237,681.32,1,31,,5.3888392132150456,-4.457922738416854
648286a4-8d21-418c-8c47-cd2ace0c239f,c2ca9808-766d-490c-9422-9a90cd68289e,1760608115714603326,901.283,672.586,1,31,,5.648221674146776,-3.893482284914472
648286a4-8d21-418c-8c47-cd2ace0c239f,c2ca9808-766d-490c-9422-9a90cd68289e,1760608115719725326,901.917,679.301,1,31,,5.691030994571971,-4.326674610325367
648286a4-8d21-418c-8c47-cd2ace0c239f,c2ca9808-766d-490c-9422-9a90cd68289e,1760608115724733326,901.585,682.965,1,31,,5.670660889224954,-4.563167190570618
648286a4-8d21-418c-8c47-cd2ace0c239f,c2ca9808-766d-490c-9422-9a90cd68289e,1760608115729725326,900.101,682.219,1,31,,5.574442140406405,-4.515310703706569
648286a4-8d21-418c-8c47-cd2ace0c239f,c2ca9808-766d-490c-9422-9a90cd68289e,1760608115734725326,898.843,684.424,1,31,,5.493679867305222,-4.657876340301426
648286a4-8d21-418c-8c47-cd2ace0c239f,c2ca9808-766d-490c-9422-9a90cd68289e,1760608115739726326,898.299,683.904,1,31,,5.458324740213346,-4.6244253026873166
648286a4-8d21-418c-8c47-cd2ace0c239f,c2ca9808-766d-490c-9422-9a90cd68289e,1760608115744725326,898.03,684.296,1,31,,5.441058084034468,-4.649781174743405
648286a4-8d21-418c-8c47-cd2ace0c239f,c2ca9808-766d-490c-9422-9a90cd68289e,1760608115749741326,897.093,683.462,1,31,,5.380163824764015,-4.596142425614734
648286a4-8d21-418c-8c47-cd2ace0c239f,c2ca9808-766d-490c-9422-9a90cd68289e,1760608115754727326,898.521,679.321,1,31,,5.471414094905623,-4.328643448503897
648286a4-8d21-418c-8c47-cd2ace0c239f,c2ca9808-766d-490c-9422-9a90cd68289e,1760608115759734326,899.529,679.263,1,31,,5.536554518682057,-4.324702948106356
648286a4-8d21-418c-8c47-cd2ace0c239f,c2ca9808-766d-490c-9422-9a90cd68289e,1760608115764726326,900.718,682.182,1,31,,5.614334452599745,-4.512786189722349
648286a4-8d21-418c-8c47-cd2ace0c239f,c2ca9808-766d-490c-9422-9a90cd68289e,1760608115769726326,898.399,682.363,1,31,,5.464358697969337,-4.524957479686175
648286a4-8d21-418c-8c47-cd2ace0c239f,c2ca9808-766d-490c-9422-9a90cd68289e,1760608115774726326,899.286,684.509,1,31,,5.52234641090053,-4.663266122013066
648286a4-8d21-418c-8c47-cd2ace0c239f,c2ca9808-766d-490c-9422-9a90cd68289e,1760608115779726326,898.93,684.2,1,31,,5.4992372740660045,-4.643376838338281
648286a4-8d21-418c-8c47-cd2ace0c239f,c2ca9808-766d-490c-9422-9a90cd68289e,1760608115784726326,895.507,683.705,1,31,,5.277592128532841,-4.612126886719285
648286a4-8d21-418c-8c47-cd2ace0c239f,c2ca9808-766d-490c-9422-9a90cd68289e,1760608115789726326,897.617,681.733,1,31,,5.413576861678876,-4.484498002086444
648286a4-8d21-418c-8c47-cd2ace0c239f,c2ca9808-766d-490c-9422-9a90cd68289e,1760608115794726326,898.749,680.035,1,31,,5.48635132540012,-4.374650256849063
648286a4-8d21-418c-8c47-cd2ace0c239f,c2ca9808-766d-490c-9422-9a90cd68289e,1760608115799726326,899.133,679.851,1,31,,5.511116469697813,-4.362743892182192
648286a4-8d21-418c-8c47-cd2ace0c239f,c2ca9808-766d-490c-9422-9a90cd68289e,1760608115804726326,897.553,680.961,1,31,,5.409202108640121,-4.434629839767323
648286a4-8d21-418c-8c47-cd2ace0c239f,c2ca9808-766d-490c-9422-9a90cd68289e,1760608115809726326,896.734,681.747,1,31,,5.356413668387625,-4.485537743316824
648286a4-8d21-418c-8c47-cd2ace0c239f,c2ca9808-766d-490c-9422-9a90cd68289e,1760608115814736326,896.414,680.734,1,31,,5.335492857913531,-4.420228719218897
648286a4-8d21-418c-8c47-cd2ace0c239f,c2ca9808-766d-490c-9422-9a90cd68289e,1760608115819726326,897.876,679.833,1,31,,5.429806895766461,-4.361786063952924
648286a4-8d21-418c-8c47-cd2ace0c239f,c2ca9808-766d-490c-9422-9a90cd68289e,1760608115824726326,898.428,679.41,1,31,,5.465389585634518,-4.334427662684887
648286a4-8d21-418c-8c47-cd2ace0c239f,c2ca9808-766d-490c-9422-9a90cd68289e,1760608115829733326,896.645,686.429,1,31,,5.352007624305768,-4.787718811187397
648286a4-8d21-418c-8c47-cd2ace0c239f,c2ca9808-766d-490c-9422-9a90cd68289e,1760608115834726326,897.211,686.919,1,31,,5.3888354051195595,-4.819226287728712
648286a4-8d21-418c-8c47-cd2ace0c239f,c2ca9808-766d-490c-9422-9a90cd68289e,1760608115839727326,894.824,687.225,1,,,5.234381201104259,-4.839440060398534
648286a4-8d21-418c-8c47-cd2ace0c239f,c2ca9808-766d-490c-9422-9a90cd68289e,1760608115844726326,900.754,682.815,1,,,5.616823894583422,-4.553676551264071
648286a4-8d21-418c-8c47-cd2ace0c239f,c2ca9808-766d-490c-9422-9a90cd68289e,1760608115849727326,900.185,681.191,1,,,5.579585326058351,-4.448972861296151
648286a4-8d21-418c-8c47-cd2ace0c239f,c2ca9808-766d-490c-9422-9a90cd68289e,1760608115854852326,877.316,685.696,1,,,4.1006373238307825,-4.743941715016117
648286a4-8d21-418c-8c47-cd2ace0c239f,c2ca9808-766d-490c-9422-9a90cd68289e,1760608115859860326,814.51,669.699,1,,,0.03255556623688439,-3.7148485842097876
648286a4-8d21-418c-8c47-cd2ace0c239f,c2ca9808-766d-490c-9422-9a90cd68289e,1760608115864852326,787.116,675.37,1,,,-1.7414897102018339,-4.08095476391409
648286a4-8d21-418c-8c47-cd2ace0c239f,c2ca9808-766d-490c-9422-9a90cd68289e,1760608115869852326,749.193,669.979,1,,,-4.1960602159354,-3.729345401110478
648286a4-8d21-418c-8c47-cd2ace0c239f,c2ca9808-766d-490c-9422-9a90cd68289e,1760608115874852326,730.698,664.697,1,,,-5.391829399680766,-3.38581238851021
648286a4-8d21-418c-8c47-cd2ace0c239f,c2ca9808-766d-490c-9422-9a90cd68289e,1760608115879853326,729.633,658.893,1,32,,-5.459485939645636,-3.0108956989068467
648286a4-8d21-418c-8c47-cd2ace0c239f,c2ca9808-766d-490c-9422-9a90cd68289e,1760608115884852326,728.349,654.989,1,32,,-5.541798172031479,-2.7586900765279925
648286a4-8d21-418c-8c47-cd2ace0c239f,c2ca9808-766d-490c-9422-9a90cd68289e,1760608115889852326,730.415,654.39,1,32,,-5.408072447431977,-2.720226500803435
648286a4-8d21-418c-8c47-cd2ace0c239f,c2ca9808-766d-490c-9422-9a90cd68289e,1760608115894852326,732.082,653.776,1,32,,-5.300162029248106,-2.680772728864458
648286a4-8d21-418c-8c47-cd2ace0c239f,c2ca9808-766d-490c-9422-9a90cd68289e,1760608115899852326,734.88,655.06,1,32,,-5.11939586335256,-2.763969900683597
648286a4-8d21-418c-8c47-cd2ace0c239f,c2ca9808-766d-490c-9422-9a90cd68289e,1760608115904852326,729.953,655.137,1,32,,-5.438091229452926,-2.7684372272809834
648286a4-8d21-418c-8c47-cd2ace0c239f,c2ca9808-766d-490c-9422-9a90cd68289e,1760608115909852326,734.103,662.322,1,32,,-5.171004688513244,-3.2328713034695653
648286a4-8d21-418c-8c47-cd2ace0c239f,c2ca9808-766d-490c-9422-9a90cd68289e,1760608115914852326,734.025,662.746,1,32,,-5.176172477069741,-3.260226388869517
648286a4-8d21-418c-8c47-cd2ace0c239f,c2ca9808-766d-490c-9422-9a90cd68289e,1760608115919861326,740.0,661.657,1,32,,-4.789413617423207,-3.1906549836111737
648286a4-8d21-418c-8c47-cd2ace0c239f,c2ca9808-766d-490c-9422-9a90cd68289e,1760608115924853326,738.945,663.914,1,32,,-4.858053554994364,-3.336322209491414
648286a4-8d21-418c-8c47-cd2ace0c239f,c2ca9808-766d-490c-9422-9a90cd68289e,1760608115929852326,739.057,664.709,1,32,,-4.850987890989813,-3.387653432741906
648286a4-8d21-418c-8c47-cd2ace0c239f,c2ca9808-766d-490c-9422-9a90cd68289e,1760608115934852326,738.591,667.255,1,32,,-4.881674199931835,-3.5520662524346043
648286a4-8d21-418c-8c47-cd2ace0c239f,c2ca9808-766d-490c-9422-9a90cd68289e,1760608115939852326,735.494,673.701,1,32,,-5.083541800955036,-3.9678606878770273
648286a4-8d21-418c-8c47-cd2ace0c239f,c2ca9808-766d-490c-9422-9a90cd68289e,1760608115944853326,740.352,665.952,1,32,,-4.767446697392451,-3.4681158551868707
648286a4-8d21-418c-8c47-cd2ace0c239f,c2ca9808-766d-490c-9422-9a90cd68289e,1760608115949856326,738.182,666.074,1,32,,-4.907866275925685,-3.4757229225810335
648286a4-8d21-418c-8c47-cd2ace0c239f,c2ca9808-766d-490c-9422-9a90cd68289e,1760608115954860326,735.085,664.303,1,32,,-5.1078911858643075,-3.360948966328161
648286a4-8d21-418c-8c47-cd2ace0c239f,c2ca9808-766d-490c-9422-9a90cd68289e,1760608115959853326,737.162,665.757,1,32,,-4.973813237663994,-3.4551047948743974
648286a4-8d21-418c-8c47-cd2ace0c239f,c2ca9808-766d-490c-9422-9a90cd68289e,1760608115964853326,736.611,661.582,1,32,,-5.008599166466683,-3.185418963688633
648286a4-8d21-418c-8c47-cd2ace0c239f,c2ca9808-766d-490c-9422-9a90cd68289e,1760608115969853326,736.304,661.528,1,32,,-5.028454241506729,-3.1819129659596936
648286a4-8d21-418c-8c47-cd2ace0c239f,c2ca9808-766d-490c-9422-9a90cd68289e,1760608115974853326,735.236,664.605,1,32,,-5.09816444357497,-3.3804593032235255
648286a4-8d21-418c-8c47-cd2ace0c239f,c2ca9808-766d-490c-9422-9a90cd68289e,1760608115979853326,734.928,664.937,1,32,,-5.118192308643546,-3.401887475445329
648286a4-8d21-418c-8c47-cd2ace0c239f,c2ca9808-766d-490c-9422-9a90cd68289e,1760608115984853326,738.322,663.202,1,32,,-4.898253514616547,-3.290258042939907
648286a4-8d21-418c-8c47-cd2ace0c239f,c2ca9808-766d-490c-9422-9a90cd68289e,1760608115989988326,738.973,662.68,1,32,,-4.8560412269172435,-3.256585190364629
648286a4-8d21-418c-8c47-cd2ace0c239f,c2ca9808-766d-490c-9422-9a90cd68289e,1760608115994978326,741.422,660.046,1,32,,-4.6970785223481295,-3.086743110620018
648286a4-8d21-418c-8c47-cd2ace0c239f,c2ca9808-766d-490c-9422-9a90cd68289e,1760608115999978326,737.327,663.164,1,32,,-4.962597444570795,-3.287687261471238
648286a4-8d21-418c-8c47-cd2ace0c239f,c2ca9808-766d-490c-9422-9a90cd68289e,1760608116004978326,734.154,664.406,1,32,,-5.168121614379908,-3.3674754262644493
648286a4-8d21-418c-8c47-cd2ace0c239f,c2ca9808-766d-490c-9422-9a90cd68289e,1760608116009978326,741.911,660.522,1,32,,-4.66553350740283,-3.1175573818695255
648286a4-8d21-418c-8c47-cd2ace0c239f,c2ca9808-766d-490c-9422-9a90cd68289e,1760608116014978326,740.759,659.988,1,32,,-4.73995448657032,-3.082940169946129
648286a4-8d21-418c-8c47-cd2ace0c239f,c2ca9808-766d-490c-9422-9a90cd68289e,1760608116019989326,742.298,659.657,1,32,,-4.640364071601352,-3.0617319259607116
648286a4-8d21-418c-8c47-cd2ace0c239f,c2ca9808-766d-490c-9422-9a90cd68289e,1760608116024978326,740.849,658.674,1,,,-4.733900962556682,-2.998039361276647
648286a4-8d21-418c-8c47-cd2ace0c239f,c2ca9808-766d-490c-9422-9a90cd68289e,1760608116029978326,747.481,652.986,1,,,-4.3040340214321136,-2.6312502799677233
648286a4-8d21-418c-8c47-cd2ace0c239f,c2ca9808-766d-490c-9422-9a90cd68289e,1760608116034978326,745.867,656.715,1,,,-4.408976966484453,-2.872013947482044
648286a4-8d21-418c-8c47-cd2ace0c239f,c2ca9808-766d-490c-9422-9a90cd68289e,1760608116039979326,761.035,659.188,1,,,-3.427966643256155,-3.0331943182993895
648286a4-8d21-418c-8c47-cd2ace0c239f,c2ca9808-766d-490c-9422-9a90cd68289e,1760608116044978326,799.622,676.221,1,,,-0.931677980575576,-4.136474590510801
648286a4-8d21-418c-8c47-cd2ace0c239f,c2ca9808-766d-490c-9422-9a90cd68289e,1760608116049979326,825.863,650.707,1,,,0.7670801926115636,-2.4864752153244205
648286a4-8d21-418c-8c47-cd2ace0c239f,c2ca9808-766d-490c-9422-9a90cd68289e,1760608116054979326,861.969,638.047,1,,,3.101520457021971,-1.6665314156398816
648286a4-8d21-418c-8c47-cd2ace0c239f,c2ca9808-766d-490c-9422-9a90cd68289e,1760608116059979326,891.466,634.035,1,,,5.007458320798384,-1.4057786471351705
648286a4-8d21-418c-8c47-cd2ace0c239f,c2ca9808-766d-490c-9422-9a90cd68289e,1760608116064979326,904.673,618.199,1,,,5.859593842544454,-0.38268562853201327
648286a4-8d21-418c-8c47-cd2ace0c239f,c2ca9808-766d-490c-9422-9a90cd68289e,1760608116069979326,905.688,617.508,1,33,,5.925094365976291,-0.3381024552401889
648286a4-8d21-418c-8c47-cd2ace0c239f,c2ca9808-766d-490c-9422-9a90cd68289e,1760608116074979326,904.099,620.722,1,33,,5.8225786818421446,-0.5456229481660418
648286a4-8d21-418c-8c47-cd2ace0c239f,c2ca9808-766d-490c-9422-9a90cd68289e,1760608116079996326,900.425,619.246,1,33,,5.585286997763292,-0.45037126327507143
648286a4-8d21-418c-8c47-cd2ace0c239f,c2ca9808-766d-490c-9422-9a90cd68289e,1760608116084979326,897.906,619.011,1,33,,5.42262656082392,-0.4352482722569559
648286a4-8d21-418c-8c47-cd2ace0c239f,c2ca9808-766d-490c-9422-9a90cd68289e,1760608116089986326,893.682,623.979,1,33,,5.150008331092617,-0.7562369571220615
648286a4-8d21-418c-8c47-cd2ace0c239f,c2ca9808-766d-490c-9422-9a90cd68289e,1760608116094979326,893.027,624.081,1,33,,5.107683669297581,-0.7628454794866392
648286a4-8d21-418c-8c47-cd2ace0c239f,c2ca9808-766d-490c-9422-9a90cd68289e,1760608116099979326,888.807,624.191,1,33,,4.835069155582301,-0.7700505312484527
648286a4-8d21-418c-8c47-cd2ace0c239f,c2ca9808-766d-490c-9422-9a90cd68289e,1760608116104979326,891.119,619.766,1,33,,4.984256732860374,-0.484196728633307
648286a4-8d21-418c-8c47-cd2ace0c239f,c2ca9808-766d-490c-9422-9a90cd68289e,1760608116109979326,891.653,620.053,1,33,,5.018788228550865,-0.5026783540856932
648286a4-8d21-418c-8c47-cd2ace0c239f,c2ca9808-766d-490c-9422-9a90cd68289e,1760608116114979326,892.149,619.112,1,33,,5.0508152740550205,-0.441919054009435
648286a4-8d21-418c-8c47-cd2ace0c239f,c2ca9808-766d-490c-9422-9a90cd68289e,1760608116119979326,888.311,623.33,1,33,,4.803023006045078,-0.7144347772282367
648286a4-8d21-418c-8c47-cd2ace0c239f,c2ca9808-766d-490c-9422-9a90cd68289e,1760608116125104326,891.686,631.294,1,33,,5.021478626709507,-1.2287189188671015
648286a4-8d21-418c-8c47-cd2ace0c239f,c2ca9808-766d-490c-9422-9a90cd68289e,1760608116129993326,888.642,621.541,1,33,,4.824365400552722,-0.5988538827769029
648286a4-8d21-418c-8c47-cd2ace0c239f,c2ca9808-766d-490c-9422-9a90cd68289e,1760608116135105326,890.736,620.494,1,33,,4.959549387730844,-0.5312015979050024
648286a4-8d21-418c-8c47-cd2ace0c239f,c2ca9808-766d-490c-9422-9a90cd68289e,1760608116140109326,890.505,615.416,1,33,,4.94455147079044,-0.20322132561619485
648286a4-8d21-418c-8c47-cd2ace0c239f,c2ca9808-766d-490c-9422-9a90cd68289e,1760608116145105326,890.19,632.324,1,33,,4.924882438443474,-1.2953405097414983
648286a4-8d21-418c-8c47-cd2ace0c239f,c2ca9808-766d-490c-9422-9a90cd68289e,1760608116150105326,892.26,624.765,1,33,,5.05817697716159,-0.8070060499794337
648286a4-8d21-418c-8c47-cd2ace0c239f,c2ca9808-766d-490c-9422-9a90cd68289e,1760608116155108326,892.744,623.949,1,33,,5.089381027243661,-0.7542731240392454
648286a4-8d21-418c-8c47-cd2ace0c239f,c2ca9808-766d-490c-9422-9a90cd68289e,1760608116160105326,895.07,622.511,1,33,,5.23954371500666,-0.6613712507149053
648286a4-8d21-418c-8c47-cd2ace0c239f,c2ca9808-766d-490c-9422-9a90cd68289e,1760608116165105326,895.085,620.838,1,33,,5.240469952839517,-0.5532911576504665
648286a4-8d21-418c-8c47-cd2ace0c239f,c2ca9808-766d-490c-9422-9a90cd68289e,1760608116170118326,892.133,618.746,1,33,,5.0497855541467125,-0.418250694066839
648286a4-8d21-418c-8c47-cd2ace0c239f,c2ca9808-766d-490c-9422-9a90cd68289e,1760608116175105326,890.71,628.199,1,33,,4.958207962638009,-1.0288633154759694
648286a4-8d21-418c-8c47-cd2ace0c239f,c2ca9808-766d-490c-9422-9a90cd68289e,1760608116180113326,891.633,624.286,1,33,,5.017614799635923,-0.7761329626663863
648286a4-8d21-418c-8c47-cd2ace0c239f,c2ca9808-766d-490c-9422-9a90cd68289e,1760608116185105326,892.874,624.37,1,33,,5.0978205484790795,-0.7814842009216747
648286a4-8d21-418c-8c47-cd2ace0c239f,c2ca9808-766d-490c-9422-9a90cd68289e,1760608116190105326,894.3,629.234,1,33,,5.1902010832615035,-1.0955604446105873
648286a4-8d21-418c-8c47-cd2ace0c239f,c2ca9808-766d-490c-9422-9a90cd68289e,1760608116195105326,893.968,628.44,1,33,,5.168708054702197,-1.0442709595614141
648286a4-8d21-418c-8c47-cd2ace0c239f,c2ca9808-766d-490c-9422-9a90cd68289e,1760608116200105326,893.455,628.776,1,33,,5.135591745243179,-1.0660370185755728
648286a4-8d21-418c-8c47-cd2ace0c239f,c2ca9808-766d-490c-9422-9a90cd68289e,1760608116205113326,895.929,629.866,1,33,,5.295439433652455,-1.1362635947112334
648286a4-8d21-418c-8c47-cd2ace0c239f,c2ca9808-766d-490c-9422-9a90cd68289e,1760608116210105326,894.564,631.016,1,33,,5.207373876068509,-1.2106538575698167
648286a4-8d21-418c-8c47-cd2ace0c239f,c2ca9808-766d-490c-9422-9a90cd68289e,1760608116215117326,892.146,630.706,1,33,,5.0511469355092,-1.1907066296988185
648286a4-8d21-418c-8c47-cd2ace0c239f,c2ca9808-766d-490c-9422-9a90cd68289e,1760608116220105326,893.511,629.765,1,33,,5.13924666242418,-1.129903049615118
648286a4-8d21-418c-8c47-cd2ace0c239f,c2ca9808-766d-490c-9422-9a90cd68289e,1760608116225106326,884.968,630.659,1,33,,4.5874155154676775,-1.1880110276026092
648286a4-8d21-418c-8c47-cd2ace0c239f,c2ca9808-766d-490c-9422-9a90cd68289e,1760608116230105326,887.387,630.879,1,33,,4.743707041607277,-1.202139852066489
648286a4-8d21-418c-8c47-cd2ace0c239f,c2ca9808-766d-490c-9422-9a90cd68289e,1760608116235106326,887.297,627.96,1,33,,4.737709547987305,-1.0135624808989023
648286a4-8d21-418c-8c47-cd2ace0c239f,c2ca9808-766d-490c-9422-9a90cd68289e,1760608116240105326,891.419,633.561,1,33,,5.004376789061058,-1.3751440212885724
648286a4-8d21-418c-8c47-cd2ace0c239f,c2ca9808-766d-490c-9422-9a90cd68289e,1760608116245114326,892.744,638.194,1,33,,5.090411891467925,-1.6743049208330654
648286a4-8d21-418c-8c47-cd2ace0c239f,c2ca9808-766d-490c-9422-9a90cd68289e,1760608116250106326,891.305,638.405,1,33,,4.99742184235777,-1.6880050889510525
648286a4-8d21-418c-8c47-cd2ace0c239f,c2ca9808-766d-490c-9422-9a90cd68289e,1760608116255106326,891.773,635.69,1,33,,5.0274180965957855,-1.5126458849719064
648286a4-8d21-418c-8c47-cd2ace0c239f,c2ca9808-766d-490c-9422-9a90cd68289e,1760608116260247326,886.305,633.525,1,33,,4.673969281858539,-1.3730973781048093
648286a4-8d21-418c-8c47-cd2ace0c239f,c2ca9808-766d-490c-9422-9a90cd68289e,1760608116265231326,889.016,634.022,1,33,,4.849206511641106,-1.405064311172303
648286a4-8d21-418c-8c47-cd2ace0c239f,c2ca9808-766d-490c-9422-9a90cd68289e,1760608116270243326,888.892,633.831,1,33,,4.8411831948621655,-1.3927197298911846
648286a4-8d21-418c-8c47-cd2ace0c239f,c2ca9808-766d-490c-9422-9a90cd68289e,1760608116275231326,890.781,638.9,1,33,,4.963658792199286,-1.7200346395869284
648286a4-8d21-418c-8c47-cd2ace0c239f,c2ca9808-766d-490c-9422-9a90cd68289e,1760608116280231326,897.331,635.62,1,33,,5.38646125984503,-1.507759152399218
648286a4-8d21-418c-8c47-cd2ace0c239f,c2ca9808-766d-490c-9422-9a90cd68289e,1760608116285231326,896.597,635.591,1,33,,5.339052336123847,-1.5059282483554324
648286a4-8d21-418c-8c47-cd2ace0c239f,c2ca9808-766d-490c-9422-9a90cd68289e,1760608116290231326,894.171,634.588,1,33,,5.182231448109291,-1.4413005585087606
648286a4-8d21-418c-8c47-cd2ace0c239f,c2ca9808-766d-490c-9422-9a90cd68289e,1760608116295231326,894.061,634.54,1,,,5.175118178843421,-1.438221106002723
648286a4-8d21-418c-8c47-cd2ace0c239f,c2ca9808-766d-490c-9422-9a90cd68289e,1760608116300245326,895.787,635.24,1,,,5.286712726899682,-1.4833433663662967
648286a4-8d21-418c-8c47-cd2ace0c239f,c2ca9808-766d-490c-9422-9a90cd68289e,1760608116305231326,878.959,646.488,1,,,4.200417875362553,-2.2110556308113956
648286a4-8d21-418c-8c47-cd2ace0c239f,c2ca9808-766d-490c-9422-9a90cd68289e,1760608116310231326,856.791,669.974,1,,,2.769469129685074,-3.730696562837662
648286a4-8d21-418c-8c47-cd2ace0c239f,c2ca9808-766d-490c-9422-9a90cd68289e,1760608116315231326,848.938,745.198,1,,,2.273080183269504,-8.590286863358882
648286a4-8d21-418c-8c47-cd2ace0c239f,c2ca9808-766d-490c-9422-9a90cd68289e,1760608116320231326,827.659,793.447,1,,,0.8926165869651922,-11.704897119353644
648286a4-8d21-418c-8c47-cd2ace0c239f,c2ca9808-766d-490c-9422-9a90cd68289e,1760608116325231326,833.496,843.98,1,,,1.284449879792396,-14.957895526009327
648286a4-8d21-418c-8c47-cd2ace0c239f,c2ca9808-766d-490c-9422-9a90cd68289e,1760608116330232326,823.526,909.566,1,,,0.6332747938401576,-19.174254534801573
648286a4-8d21-418c-8c47-cd2ace0c239f,c2ca9808-766d-490c-9422-9a90cd68289e,1760608116335232326,814.563,925.217,1,,,0.03248384260359619,-20.179636603512595
648286a4-8d21-418c-8c47-cd2ace0c239f,c2ca9808-766d-490c-9422-9a90cd68289e,1760608116340237326,820.212,959.061,1,,,0.41509953847953235,-22.351047299070256
648286a4-8d21-418c-8c47-cd2ace0c239f,c2ca9808-766d-490c-9422-9a90cd68289e,1760608116345232326,817.253,998.02,1,,,0.215150734664247,-24.85074418213913
648286a4-8d21-418c-8c47-cd2ace0c239f,c2ca9808-766d-490c-9422-9a90cd68289e,1760608116350244326,800.791,1000.68,1,34,,-0.9177313794798961,-25.021056113474557
648286a4-8d21-418c-8c47-cd2ace0c239f,c2ca9808-766d-490c-9422-9a90cd68289e,1760608116355232326,816.072,994.448,1,34,,0.13397411650027616,-24.621606542039984
648286a4-8d21-418c-8c47-cd2ace0c239f,c2ca9808-766d-490c-9422-9a90cd68289e,1760608116360235326,811.562,990.967,1,34,,-0.17535770253831057,-24.39841150138443
648286a4-8d21-418c-8c47-cd2ace0c239f,c2ca9808-766d-490c-9422-9a90cd68289e,1760608116365232326,804.082,978.382,1,34,,-0.6850399719446845,-23.59075482833268
648286a4-8d21-418c-8c47-cd2ace0c239f,c2ca9808-766d-490c-9422-9a90cd68289e,1760608116370232326,803.991,981.48,1,34,,-0.6920997136300991,-23.78951239698625
648286a4-8d21-418c-8c47-cd2ace0c239f,c2ca9808-766d-490c-9422-9a90cd68289e,1760608116375232326,805.716,984.906,1,34,,-0.5749640062440776,-24.009414367459957
648286a4-8d21-418c-8c47-cd2ace0c239f,c2ca9808-766d-490c-9422-9a90cd68289e,1760608116380232326,808.956,986.51,1,34,,-0.3534128775516349,-24.112465023700185
648286a4-8d21-418c-8c47-cd2ace0c239f,c2ca9808-766d-490c-9422-9a90cd68289e,1760608116385232326,819.922,981.278,1,34,,0.3972575799704635,-23.776320445542023
648286a4-8d21-418c-8c47-cd2ace0c239f,c2ca9808-766d-490c-9422-9a90cd68289e,1760608116390232326,815.528,980.981,1,34,,0.09677443040398082,-23.75762951515692
648286a4-8d21-418c-8c47-cd2ace0c239f,c2ca9808-766d-490c-9422-9a90cd68289e,1760608116395357326,812.284,980.812,1,34,,-0.12495222973962557,-23.746883357392175
648286a4-8d21-418c-8c47-cd2ace0c239f,c2ca9808-766d-490c-9422-9a90cd68289e,1760608116400357326,816.51,972.467,1,34,,0.16386388892733522,-23.211405617679663
648286a4-8d21-418c-8c47-cd2ace0c239f,c2ca9808-766d-490c-9422-9a90cd68289e,1760608116405357326,814.203,969.85,1,34,,0.006661167387824677,-23.04357176361566
648286a4-8d21-418c-8c47-cd2ace0c239f,c2ca9808-766d-490c-9422-9a90cd68289e,1760608116410357326,814.502,967.03,1,34,,0.027122038838063446,-22.86268305844351
648286a4-8d21-418c-8c47-cd2ace0c239f,c2ca9808-766d-490c-9422-9a90cd68289e,1760608116415357326,817.759,968.672,1,34,,0.24885816507690545,-22.96783672669246
648286a4-8d21-418c-8c47-cd2ace0c239f,c2ca9808-766d-490c-9422-9a90cd68289e,1760608116420357326,817.152,973.123,1,34,,0.20767279320192175,-23.253412750648177
648286a4-8d21-418c-8c47-cd2ace0c239f,c2ca9808-766d-490c-9422-9a90cd68289e,1760608116425357326,817.606,964.798,1,34,,0.23834394595184388,-22.719289922880993
648286a4-8d21-418c-8c47-cd2ace0c239f,c2ca9808-766d-490c-9422-9a90cd68289e,1760608116430358326,820.028,972.383,1,34,,0.4037359913309933,-23.20569052035013
648286a4-8d21-418c-8c47-cd2ace0c239f,c2ca9808-766d-490c-9422-9a90cd68289e,1760608116435358326,820.016,970.215,1,34,,0.4027138614586199,-23.066626090661835
648286a4-8d21-418c-8c47-cd2ace0c239f,c2ca9808-766d-490c-9422-9a90cd68289e,1760608116440358326,822.011,977.833,1,34,,0.5395756095192253,-23.555086698910486
648286a4-8d21-418c-8c47-cd2ace0c239f,c2ca9808-766d-490c-9422-9a90cd68289e,1760608116445358326,819.046,976.064,1,34,,0.3370252874591138,-23.44195824047371
648286a4-8d21-418c-8c47-cd2ace0c239f,c2ca9808-766d-490c-9422-9a90cd68289e,1760608116450358326,823.272,979.309,1,34,,0.6259419771987144,-23.649596024888538
648286a4-8d21-418c-8c47-cd2ace0c239f,c2ca9808-766d-490c-9422-9a90cd68289e,1760608116455363326,827.129,972.132,1,34,,0.8877367944832345,-23.188564823947644
648286a4-8d21-418c-8c47-cd2ace0c239f,c2ca9808-766d-490c-9422-9a90cd68289e,1760608116460358326,824.2,974.205,1,34,,0.6884529219776327,-23.32204179660487
648286a4-8d21-418c-8c47-cd2ace0c239f,c2ca9808-766d-490c-9422-9a90cd68289e,1760608116465358326,824.193,971.765,1,34,,0.6875283650778743,-23.165508809638116
648286a4-8d21-418c-8c47-cd2ace0c239f,c2ca9808-766d-490c-9422-9a90cd68289e,1760608116470358326,818.551,978.603,1,34,,0.3033784795827034,-23.60486859267571
648286a4-8d21-418c-8c47-cd2ace0c239f,c2ca9808-766d-490c-9422-9a90cd68289e,1760608116475358326,816.984,976.02,1,34,,0.19627360262988203,-23.43930254747943
648286a4-8d21-418c-8c47-cd2ace0c239f,c2ca9808-766d-490c-9422-9a90cd68289e,1760608116480358326,817.06,975.098,1,34,,0.20144119213468598,-23.38015531363073
648286a4-8d21-418c-8c47-cd2ace0c239f,c2ca9808-766d-490c-9422-9a90cd68289e,1760608116485363326,812.426,983.955,1,34,,-0.11551837933883377,-23.94855769386293
648286a4-8d21-418c-8c47-cd2ace0c239f,c2ca9808-766d-490c-9422-9a90cd68289e,1760608116490370326,814.896,977.007,1,34,,0.053693025157596226,-23.502714536641818
648286a4-8d21-418c-8c47-cd2ace0c239f,c2ca9808-766d-490c-9422-9a90cd68289e,1760608116495358326,820.014,965.376,1,34,,0.402209626278857,-22.756193472298346
648286a4-8d21-418c-8c47-cd2ace0c239f,c2ca9808-766d-490c-9422-9a90cd68289e,1760608116500361326,820.861,963.328,1,34,,0.45957073478110744,-22.62468765389744
648286a4-8d21-418c-8c47-cd2ace0c239f,c2ca9808-766d-490c-9422-9a90cd68289e,1760608116505358326,821.312,966.779,1,34,,0.49061570450671316,-22.846061047301145
648286a4-8d21-418c-8c47-cd2ace0c239f,c2ca9808-766d-490c-9422-9a90cd68289e,1760608116510358326,821.775,961.362,1,34,,0.5214862841161928,-22.498479138581047
648286a4-8d21-418c-8c47-cd2ace0c239f,c2ca9808-766d-490c-9422-9a90cd68289e,1760608116515358326,822.715,960.334,1,34,,0.5852384389197535,-22.432375539862193
648286a4-8d21-418c-8c47-cd2ace0c239f,c2ca9808-766d-490c-9422-9a90cd68289e,1760608116520368326,820.501,961.269,1,34,,0.4349467090244029,-22.492665342488237
648286a4-8d21-418c-8c47-cd2ace0c239f,c2ca9808-766d-490c-9422-9a90cd68289e,1760608116525359326,818.208,964.194,1,34,,0.27927517875445407,-22.680479244898894
648286a4-8d21-418c-8c47-cd2ace0c239f,c2ca9808-766d-490c-9422-9a90cd68289e,1760608116530358326,813.961,969.129,1,34,,-0.009800935330953414,-22.997344152597265
648286a4-8d21-418c-8c47-cd2ace0c239f,c2ca9808-766d-490c-9422-9a90cd68289e,1760608116535368326,809.837,976.634,1,34,,-0.2916715309053872,-23.47887938269874
648286a4-8d21-418c-8c47-cd2ace0c239f,c2ca9808-766d-490c-9422-9a90cd68289e,1760608116540484326,811.838,972.799,1,34,,-0.15470622351153207,-23.232867062864866
648286a4-8d21-418c-8c47-cd2ace0c239f,c2ca9808-766d-490c-9422-9a90cd68289e,1760608116545484326,812.02,972.164,1,34,,-0.14224804217694104,-23.19209978305315
648286a4-8d21-418c-8c47-cd2ace0c239f,c2ca9808-766d-490c-9422-9a90cd68289e,1760608116550486326,820.325,975.289,1,34,,0.4242533150831858,-23.392075979852137
648286a4-8d21-418c-8c47-cd2ace0c239f,c2ca9808-766d-490c-9422-9a90cd68289e,1760608116555484326,818.461,968.109,1,34,,0.2966907338480942,-22.931635280329484
648286a4-8d21-418c-8c47-cd2ace0c239f,c2ca9808-766d-490c-9422-9a90cd68289e,1760608116560484326,815.185,964.365,1,34,,0.07367214736434614,-22.691643930051917
648286a4-8d21-418c-8c47-cd2ace0c239f,c2ca9808-766d-490c-9422-9a90cd68289e,1760608116565484326,800.879,980.944,1,34,,-0.9047028878811635,-23.754787091992934
648286a4-8d21-418c-8c47-cd2ace0c239f,c2ca9808-766d-490c-9422-9a90cd68289e,1760608116570484326,799.788,978.942,1,34,,-0.9785756427464554,-23.626250277648033
648286a4-8d21-418c-8c47-cd2ace0c239f,c2ca9808-766d-490c-9422-9a90cd68289e,1760608116575493326,815.657,971.01,1,34,,0.10569757777149896,-23.117954608475937
648286a4-8d21-418c-8c47-cd2ace0c239f,c2ca9808-766d-490c-9422-9a90cd68289e,1760608116580484326,813.464,969.7,1,,,-0.043667315234856716,-23.03401782558847
648286a4-8d21-418c-8c47-cd2ace0c239f,c2ca9808-766d-490c-9422-9a90cd68289e,1760608116585484326,807.803,962.309,1,,,-0.42798935530360416,-22.559808543863248
648286a4-8d21-418c-8c47-cd2ace0c239f,c2ca9808-766d-490c-9422-9a90cd68289e,1760608116590484326,818.868,970.011,1,,,0.324516533110174,-23.053626003285935
648286a4-8d21-418c-8c47-cd2ace0c239f,c2ca9808-766d-490c-9422-9a90cd68289e,1760608116595487326,823.753,978.806,1,,,0.6587065978065444,-23.61730081880998
648286a4-8d21-418c-8c47-cd2ace0c239f,c2ca9808-766d-490c-9422-9a90cd68289e,1760608116600484326,830.363,987.902,1,,,1.1132171266311308,-24.199580368039705
648286a4-8d21-418c-8c47-cd2ace0c239f,c2ca9808-766d-490c-9422-9a90cd68289e,1760608116605484326,830.029,985.474,1,35,,1.089526407252055,-24.04386166456439
648286a4-8d21-418c-8c47-cd2ace0c239f,c2ca9808-766d-490c-9422-9a90cd68289e,1760608116610484326,830.848,983.982,1,35,,1.1451397001980395,-23.947971880287696
648286a4-8d21-418c-8c47-cd2ace0c239f,c2ca9808-766d-490c-9422-9a90cd68289e,1760608116615485326,831.54,982.706,1,35,,1.1919964297522678,-23.865997994975277
648286a4-8d21-418c-8c47-cd2ace0c239f,c2ca9808-766d-490c-9422-9a90cd68289e,1760608116620485326,830.047,980.979,1,35,,1.0893825983998322,-23.755538616856622
648286a4-8d21-418c-8c47-cd2ace0c239f,c2ca9808-766d-490c-9422-9a90cd68289e,1760608116625484326,828.015,978.487,1,35,,0.9498217545708955,-23.596072437578407
648286a4-8d21-418c-8c47-cd2ace0c239f,c2ca9808-766d-490c-9422-9a90cd68289e,1760608116630485326,828.549,978.62,1,35,,0.9863285089807933,-23.604486743569016
648286a4-8d21-418c-8c47-cd2ace0c239f,c2ca9808-766d-490c-9422-9a90cd68289e,1760608116635499326,827.681,978.669,1,35,,0.9270676421809472,-23.607812968837354
648286a4-8d21-418c-8c47-cd2ace0c239f,c2ca9808-766d-490c-9422-9a90cd68289e,1760608116640485326,830.981,971.736,1,35,,1.1501999067591329,-23.162408058098038
648286a4-8d21-418c-8c47-cd2ace0c239f,c2ca9808-766d-490c-9422-9a90cd68289e,1760608116645485326,834.42,974.628,1,35,,1.3857349955130092,-23.347068969438
648286a4-8d21-418c-8c47-cd2ace0c239f,c2ca9808-766d-490c-9422-9a90cd68289e,1760608116650485326,832.59,974.503,1,35,,1.2608590573115193,-23.33948832419157
648286a4-8d21-418c-8c47-cd2ace0c239f,c2ca9808-766d-490c-9422-9a90cd68289e,1760608116655488326,834.538,977.849,1,35,,1.3950938846514773,-23.553652652817817
648286a4-8d21-418c-8c47-cd2ace0c239f,c2ca9808-766d-490c-9422-9a90cd68289e,1760608116660485326,834.454,969.3,1,35,,1.385941061246487,-23.005275939798288
648286a4-8d21-418c-8c47-cd2ace0c239f,c2ca9808-766d-490c-9422-9a90cd68289e,1760608116665485326,834.26,971.625,1,35,,1.3736270776734143,-23.15449096183396
648286a4-8d21-418c-8c47-cd2ace0c239f,c2ca9808-766d-490c-9422-9a90cd68289e,1760608116670610326,834.452,974.158,1,35,,1.387734215586723,-23.31688701543329
648286a4-8d21-418c-8c47-cd2ace0c239f,c2ca9808-766d-490c-9422-9a90cd68289e,1760608116675610326,834.576,974.433,1,35,,1.3962824857716585,-23.33449607215165
648286a4-8d21-418c-8c47-cd2ace0c239f,c2ca9808-766d-490c-9422-9a90cd68289e,1760608116680610326,832.343,976.632,1,35,,1.2447607436380261,-23.476149977755984
648286a4-8d21-418c-8c47-cd2ace0c239f,c2ca9808-766d-490c-9422-9a90cd68289e,1760608116685615326,834.298,974.207,1,35,,1.3772753903047108,-23.320114155276148
648286a4-8d21-418c-8c47-cd2ace0c239f,c2ca9808-766d-490c-9422-9a90cd68289e,1760608116690610326,836.997,978.305,1,35,,1.5631932331296805,-23.582212069119397
648286a4-8d21-418c-8c47-cd2ace0c239f,c2ca9808-766d-490c-9422-9a90cd68289e,1760608116695610326,837.647,976.438,1,35,,1.6067358603294868,-23.46226634471944
648286a4-8d21-418c-8c47-cd2ace0c239f,c2ca9808-766d-490c-9422-9a90cd68289e,1760608116700610326,836.586,979.329,1,35,,1.5356093122097456,-23.648000180176297
648286a4-8d21-418c-8c47-cd2ace0c239f,c2ca9808-766d-490c-9422-9a90cd68289e,1760608116705610326,835.376,979.378,1,35,,1.4529417437859429,-23.65145663439233
648286a4-8d21-418c-8c47-cd2ace0c239f,c2ca9808-766d-490c-9422-9a90cd68289e,1760608116710612326,834.707,979.362,1,35,,1.4072536310594184,-23.65065975171423
648286a4-8d21-418c-8c47-cd2ace0c239f,c2ca9808-766d-490c-9422-9a90cd68289e,1760608116715619326,833.873,972.951,1,35,,1.3477894968930864,-23.23964771332822
648286a4-8d21-418c-8c47-cd2ace0c239f,c2ca9808-766d-490c-9422-9a90cd68289e,1760608116720611326,835.622,979.818,1,35,,1.4699446778582916,-23.679642840533774
648286a4-8d21-418c-8c47-cd2ace0c239f,c2ca9808-766d-490c-9422-9a90cd68289e,1760608116725611326,843.662,977.032,1,35,,2.0176096832652806,-23.498299570146543
648286a4-8d21-418c-8c47-cd2ace0c239f,c2ca9808-766d-490c-9422-9a90cd68289e,1760608116730611326,839.436,977.685,1,35,,1.7294564655591045,-23.541635677905816
648286a4-8d21-418c-8c47-cd2ace0c239f,c2ca9808-766d-490c-9422-9a90cd68289e,1760608116735611326,837.847,976.586,1,35,,1.6204700767629818,-23.471672847265964
648286a4-8d21-418c-8c47-cd2ace0c239f,c2ca9808-766d-490c-9422-9a90cd68289e,1760608116740616326,837.822,976.057,1,35,,1.6185154303684561,-23.43771790899814
648286a4-8d21-418c-8c47-cd2ace0c239f,c2ca9808-766d-490c-9422-9a90cd68289e,1760608116745611326,835.537,977.187,1,35,,1.4630531581217432,-23.510909254437117
648286a4-8d21-418c-8c47-cd2ace0c239f,c2ca9808-766d-490c-9422-9a90cd68289e,1760608116750611326,834.738,973.633,1,35,,1.4070434094262152,-23.28316334627961
648286a4-8d21-418c-8c47-cd2ace0c239f,c2ca9808-766d-490c-9422-9a90cd68289e,1760608116755617326,835.489,973.327,1,35,,1.4581198461761187,-23.26328870952296
648286a4-8d21-418c-8c47-cd2ace0c239f,c2ca9808-766d-490c-9422-9a90cd68289e,1760608116760611326,835.956,973.12,1,35,,1.4899114680933778,-23.249913320919205
648286a4-8d21-418c-8c47-cd2ace0c239f,c2ca9808-766d-490c-9422-9a90cd68289e,1760608116765611326,838.379,973.322,1,35,,1.6551881439807759,-23.262123508540633
648286a4-8d21-418c-8c47-cd2ace0c239f,c2ca9808-766d-490c-9422-9a90cd68289e,1760608116770611326,841.082,971.088,1,35,,1.8382625296786717,-23.11797854211312
648286a4-8d21-418c-8c47-cd2ace0c239f,c2ca9808-766d-490c-9422-9a90cd68289e,1760608116775611326,849.358,965.169,1,35,,2.397970716249405,-22.73522182042672
648286a4-8d21-418c-8c47-cd2ace0c239f,c2ca9808-766d-490c-9422-9a90cd68289e,1760608116780611326,848.823,965.043,1,35,,2.361503499717894,-22.72734128834809
648286a4-8d21-418c-8c47-cd2ace0c239f,c2ca9808-766d-490c-9422-9a90cd68289e,1760608116785611326,845.61,973.629,1,35,,2.1484244466128226,-23.279296277118412
648286a4-8d21-418c-8c47-cd2ace0c239f,c2ca9808-766d-490c-9422-9a90cd68289e,1760608116790618326,838.617,972.392,1,35,,1.6709520585123172,-23.202409549719924
648286a4-8d21-418c-8c47-cd2ace0c239f,c2ca9808-766d-490c-9422-9a90cd68289e,1760608116795611326,838.467,971.495,1,35,,1.6603373154297882,-23.14496072534209
648286a4-8d21-418c-8c47-cd2ace0c239f,c2ca9808-766d-490c-9422-9a90cd68289e,1760608116800612326,838.034,977.658,1,35,,1.6336987639641118,-23.54035113979156
648286a4-8d21-418c-8c47-cd2ace0c239f,c2ca9808-766d-490c-9422-9a90cd68289e,1760608116805736326,835.367,972.019,1,35,,1.4492544204193822,-23.17942284449864
648286a4-8d21-418c-8c47-cd2ace0c239f,c2ca9808-766d-490c-9422-9a90cd68289e,1760608116810736326,835.608,973.184,1,35,,1.4661589706121207,-23.254106872541076
648286a4-8d21-418c-8c47-cd2ace0c239f,c2ca9808-766d-490c-9422-9a90cd68289e,1760608116815737326,837.449,967.72,1,35,,1.5892130936041522,-22.90310674200318
648286a4-8d21-418c-8c47-cd2ace0c239f,c2ca9808-766d-490c-9422-9a90cd68289e,1760608116820737326,841.424,970.363,1,35,,1.8611846428988366,-23.071381386389245
648286a4-8d21-418c-8c47-cd2ace0c239f,c2ca9808-766d-490c-9422-9a90cd68289e,1760608116825737326,832.24,969.138,1,,,1.2350968180062325,-22.995474792188844
648286a4-8d21-418c-8c47-cd2ace0c239f,c2ca9808-766d-490c-9422-9a90cd68289e,1760608116830737326,833.07,967.988,1,,,1.2912456851003793,-22.92145917249398
648286a4-8d21-418c-8c47-cd2ace0c239f,c2ca9808-766d-490c-9422-9a90cd68289e,1760608116835737326,832.879,959.713,1,,,1.2753249263336561,-22.390693002333723
648286a4-8d21-418c-8c47-cd2ace0c239f,c2ca9808-766d-490c-9422-9a90cd68289e,1760608116840737326,829.375,956.008,1,,2,1.0364329253361393,-22.153758086146528
648286a4-8d21-418c-8c47-cd2ace0c239f,c2ca9808-766d-490c-9422-9a90cd68289e,1760608116845742326,815.868,944.372,1,,2,0.12021567531679717,-21.408885079769036
648286a4-8d21-418c-8c47-cd2ace0c239f,c2ca9808-766d-490c-9422-9a90cd68289e,1760608116850737326,803.716,873.975,1,,2,-0.6869176312654814,-16.888418626012086
648286a4-8d21-418c-8c47-cd2ace0c239f,c2ca9808-766d-490c-9422-9a90cd68289e,1760608116855737326,761.259,861.931,1,,2,-3.498465140866039,-16.104454740201746
648286a4-8d21-418c-8c47-cd2ace0c239f,c2ca9808-766d-490c-9422-9a90cd68289e,1760608116860737326,755.845,808.464,1,,2,-3.8192136520156907,-12.663608616503256
648286a4-8d21-418c-8c47-cd2ace0c239f,c2ca9808-766d-490c-9422-9a90cd68289e,1760608116865737326,780.3,799.664,1,,2,-2.210987985392835,-12.103423777722165
648286a4-8d21-418c-8c47-cd2ace0c239f,c2ca9808-766d-490c-9422-9a90cd68289e,1760608116870749326,672.233,761.24,1,,2,-9.24250316544244,-9.582226511125825
648286a4-8d21-418c-8c47-cd2ace0c239f,c2ca9808-766d-490c-9422-9a90cd68289e,1760608116875737326,747.914,757.49,1,,2,-4.309158763542102,-9.37721864916048
648286a4-8d21-418c-8c47-cd2ace0c239f,c2ca9808-766d-490c-9422-9a90cd68289e,1760608116880740326,653.05,724.828,1,,2,-10.451812107934796,-7.232413230332063
648286a4-8d21-418c-8c47-cd2ace0c239f,c2ca9808-766d-490c-9422-9a90cd68289e,1760608116885743326,665.853,732.354,1,,2,-9.628230462946016,-7.722955464422478
648286a4-8d21-418c-8c47-cd2ace0c239f,c2ca9808-766d-490c-9422-9a90cd68289e,1760608116890737326,617.176,698.211,1,,2,-12.750133530769654,-5.505935122823807
648286a4-8d21-418c-8c47-cd2ace0c239f,c2ca9808-766d-490c-9422-9a90cd68289e,1760608116895737326,684.576,775.671,1,,2,-8.453922595896175,-10.517285482227543
648286a4-8d21-418c-8c47-cd2ace0c239f,c2ca9808-766d-490c-9422-9a90cd68289e,1760608116900737326,563.132,767.334,1,,2,-16.34804358603801,-9.871324942546684
648286a4-8d21-418c-8c47-cd2ace0c239f,c2ca9808-766d-490c-9422-9a90cd68289e,1760608116905738326,613.398,646.956,1,,2,-12.963147602741431,-2.2217562936219113
648286a4-8d21-418c-8c47-cd2ace0c239f,c2ca9808-766d-490c-9422-9a90cd68289e,1760608116910737326,606.678,641.189,1,,2,-13.394477303271639,-1.8510551903672259
648286a4-8d21-418c-8c47-cd2ace0c239f,c2ca9808-766d-490c-9422-9a90cd68289e,1760608116915737326,620.253,624.534,1,,2,-12.516077647261637,-0.7859062447116704
648286a4-8d21-418c-8c47-cd2ace0c239f,c2ca9808-766d-490c-9422-9a90cd68289e,1760608116920738326,627.328,629.989,1,,2,-12.060723331088983,-1.1363839346677886
648286a4-8d21-418c-8c47-cd2ace0c239f,c2ca9808-766d-490c-9422-9a90cd68289e,1760608116925738326,643.781,634.333,1,,2,-11.000354800662114,-1.4171223997910873
648286a4-8d21-418c-8c47-cd2ace0c239f,c2ca9808-766d-490c-9422-9a90cd68289e,1760608116930738326,626.007,684.102,1,,2,-12.168682867912992,-4.606176065328516
648286a4-8d21-418c-8c47-cd2ace0c239f,c2ca9808-766d-490c-9422-9a90cd68289e,1760608116935738326,672.047,600.844,1,,2,-9.174969683631941,0.7357423726370818
648286a4-8d21-418c-8c47-cd2ace0c239f,c2ca9808-766d-490c-9422-9a90cd68289e,1760608116940863326,672.573,633.259,1,,2,-9.142006783963076,-1.3511993788065184
648286a4-8d21-418c-8c47-cd2ace0c239f,c2ca9808-766d-490c-9422-9a90cd68289e,1760608116945863326,664.919,631.518,1,,2,-9.635873577870111,-1.238417399828139
648286a4-8d21-418c-8c47-cd2ace0c239f,c2ca9808-766d-490c-9422-9a90cd68289e,1760608116950863326,633.112,605.27,1,,2,-11.686671810502979,0.44955450885300197
648286a4-8d21-418c-8c47-cd2ace0c239f,c2ca9808-766d-490c-9422-9a90cd68289e,1760608116955863326,659.776,589.167,1,,2,-9.968606077944631,1.4862344041201234
648286a4-8d21-418c-8c47-cd2ace0c239f,c2ca9808-766d-490c-9422-9a90cd68289e,1760608116960863326,653.394,596.154,1,36,2,-10.379322279506503,1.0363301205174418
648286a4-8d21-418c-8c47-cd2ace0c239f,c2ca9808-766d-490c-9422-9a90cd68289e,1760608116965863326,654.068,603.076,1,36,2,-10.335101128256884,0.5913193404431643
648286a4-8d21-418c-8c47-cd2ace0c239f,c2ca9808-766d-490c-9422-9a90cd68289e,1760608116970863326,652.19,607.667,1,36,2,-10.455975940056572,0.2961267228877973
648286a4-8d21-418c-8c47-cd2ace0c239f,c2ca9808-766d-490c-9422-9a90cd68289e,1760608116975863326,653.382,607.865,1,36,2,-10.379081895600276,0.283369998474886
648286a4-8d21-418c-8c47-cd2ace0c239f,c2ca9808-766d-490c-9422-9a90cd68289e,1760608116980864326,650.477,615.811,1,36,2,-10.566484178728135,-0.22742237697572257
648286a4-8d21-418c-8c47-cd2ace0c239f,c2ca9808-766d-490c-9422-9a90cd68289e,1760608116985863326,648.906,617.244,1,36,2,-10.66786827673896,-0.3194969527031431
648286a4-8d21-418c-8c47-cd2ace0c239f,c2ca9808-766d-490c-9422-9a90cd68289e,1760608116990863326,648.538,616.641,1,36,2,-10.691581176908699,-0.28070400061076106
648286a4-8d21-418c-8c47-cd2ace0c239f,c2ca9808-766d-490c-9422-9a90cd68289e,1760608116995864326,644.47,620.194,1,36,2,-10.954125691614307,-0.5088446278893071
648286a4-8d21-418c-8c47-cd2ace0c239f,c2ca9808-766d-490c-9422-9a90cd68289e,1760608117000863326,640.645,621.441,1,36,2,-11.200921875748804,-0.5887969758393645
648286a4-8d21-418c-8c47-cd2ace0c239f,c2ca9808-766d-490c-9422-9a90cd68289e,1760608117005863326,647.817,613.8,1,36,2,-10.738015960815195,-0.09812803202278764
648286a4-8d21-418c-8c47-cd2ace0c239f,c2ca9808-766d-490c-9422-9a90cd68289e,1760608117010863326,649.379,618.873,1,36,2,-10.637386964159205,-0.4241594138697612
648286a4-8d21-418c-8c47-cd2ace0c239f,c2ca9808-766d-490c-9422-9a90cd68289e,1760608117015876326,649.589,615.816,1,36,2,-10.623766736966129,-0.2277093645260926
648286a4-8d21-418c-8c47-cd2ace0c239f,c2ca9808-766d-490c-9422-9a90cd68289e,1760608117020864326,649.603,617.13,1,36,2,-10.622902390901265,-0.3121656082550704
648286a4-8d21-418c-8c47-cd2ace0c239f,c2ca9808-766d-490c-9422-9a90cd68289e,1760608117025864326,645.032,604.867,1,36,2,-10.917897695087758,0.47588361941321644
648286a4-8d21-418c-8c47-cd2ace0c239f,c2ca9808-766d-490c-9422-9a90cd68289e,1760608117030864326,647.809,628.672,1,36,2,-10.739583457902192,-1.053832408516446
648286a4-8d21-418c-8c47-cd2ace0c239f,c2ca9808-766d-490c-9422-9a90cd68289e,1760608117035864326,648.692,627.46,1,36,2,-10.682458224700028,-0.9759948655309376
648286a4-8d21-418c-8c47-cd2ace0c239f,c2ca9808-766d-490c-9422-9a90cd68289e,1760608117040864326,649.837,632.423,1,36,2,-10.609334486086693,-1.2951008003486957
648286a4-8d21-418c-8c47-cd2ace0c239f,c2ca9808-766d-490c-9422-9a90cd68289e,1760608117045864326,650.275,628.265,1,36,2,-10.580456825010389,-1.0278521443136277
648286a4-8d21-418c-8c47-cd2ace0c239f,c2ca9808-766d-490c-9422-9a90cd68289e,1760608117050864326,654.731,630.85,1,36,2,-10.293256994369438,-1.194441650135903
648286a4-8d21-418c-8c47-cd2ace0c239f,c2ca9808-766d-490c-9422-9a90cd68289e,1760608117055864326,656.289,628.062,1,36,2,-10.192357113733731,-1.0153574865772215
648286a4-8d21-418c-8c47-cd2ace0c239f,c2ca9808-766d-490c-9422-9a90cd68289e,1760608117060864326,658.583,622.933,1,36,,-10.043851163940008,-0.6856717271696213
648286a4-8d21-418c-8c47-cd2ace0c239f,c2ca9808-766d-490c-9422-9a90cd68289e,1760608117065864326,656.451,626.763,1,36,,-10.181764035503928,-0.9318376667870348
648286a4-8d21-418c-8c47-cd2ace0c239f,c2ca9808-766d-490c-9422-9a90cd68289e,1760608117070864326,654.129,626.662,1,36,,-10.331610823738012,-0.9251407069729184
648286a4-8d21-418c-8c47-cd2ace0c239f,c2ca9808-766d-490c-9422-9a90cd68289e,1760608117075989326,656.334,621.667,1,36,,-10.188866140341018,-0.6041324562618571
648286a4-8d21-418c-8c47-cd2ace0c239f,c2ca9808-766d-490c-9422-9a90cd68289e,1760608117080989326,651.629,622.314,1,36,,-10.492494471648115,-0.6454843565423078
648286a4-8d21-418c-8c47-cd2ace0c239f,c2ca9808-766d-490c-9422-9a90cd68289e,1760608117085989326,648.361,620.031,1,36,,-10.70311310280684,-0.4985503038381712
648286a4-8d21-418c-8c47-cd2ace0c239f,c2ca9808-766d-490c-9422-9a90cd68289e,1760608117090989326,651.459,615.642,1,36,,-10.503064952025559,-0.21655566046115143
648286a4-8d21-418c-8c47-cd2ace0c239f,c2ca9808-766d-490c-9422-9a90cd68289e,1760608117095989326,650.911,615.996,1,36,,-10.538481434604813,-0.23933102305670478
648286a4-8d21-418c-8c47-cd2ace0c239f,c2ca9808-766d-490c-9422-9a90cd68289e,1760608117100993326,644.205,612.649,1,36,,-10.971028015457811,-0.02413356572983379
648286a4-8d21-418c-8c47-cd2ace0c239f,c2ca9808-766d-490c-9422-9a90cd68289e,1760608117105992326,643.205,615.804,1,36,,-11.035550919309484,-0.22676971202045496
648286a4-8d21-418c-8c47-cd2ace0c239f,c2ca9808-766d-490c-9422-9a90cd68289e,1760608117110990326,642.414,618.398,1,36,,-11.086658161943108,-0.393427567330286
648286a4-8d21-418c-8c47-cd2ace0c239f,c2ca9808-766d-490c-9422-9a90cd68289e,1760608117116005326,643.084,621.595,1,36,,-11.043674434684142,-0.5988059857277568
648286a4-8d21-418c-8c47-cd2ace0c239f,c2ca9808-766d-490c-9422-9a90cd68289e,1760608117120990326,654.459,620.512,1,36,,-10.309756649389609,-0.5297586318752033
648286a4-8d21-418c-8c47-cd2ace0c239f,c2ca9808-766d-490c-9422-9a90cd68289e,1760608117125990326,654.677,619.69,1,36,,-10.295641468215,-0.4769061797905229
648286a4-8d21-418c-8c47-cd2ace0c239f,c2ca9808-766d-490c-9422-9a90cd68289e,1760608117130990326,658.263,620.198,1,36,,-10.064301626998807,-0.509697466654982
648286a4-8d21-418c-8c47-cd2ace0c239f,c2ca9808-766d-490c-9422-9a90cd68289e,1760608117135990326,658.508,619.53,1,36,,-10.048442934548815,-0.4667970506354512
648286a4-8d21-418c-8c47-cd2ace0c239f,c2ca9808-766d-490c-9422-9a90cd68289e,1760608117140990326,655.749,620.119,1,36,,-10.226508540679635,-0.5045638165517257
648286a4-8d21-418c-8c47-cd2ace0c239f,c2ca9808-766d-490c-9422-9a90cd68289e,1760608117145990326,654.591,619.911,1,36,,-10.301218599348942,-0.49113262050222967
648286a4-8d21-418c-8c47-cd2ace0c239f,c2ca9808-766d-490c-9422-9a90cd68289e,1760608117150990326,655.36,627.127,1,36,,-10.252228488122263,-0.9551302993907613
648286a4-8d21-418c-8c47-cd2ace0c239f,c2ca9808-766d-490c-9422-9a90cd68289e,1760608117155990326,655.076,626.981,1,36,,-10.270521272883052,-0.9457093800956443
648286a4-8d21-418c-8c47-cd2ace0c239f,c2ca9808-766d-490c-9422-9a90cd68289e,1760608117160990326,652.168,627.333,1,36,,-10.458181247901395,-0.9681590395366748
648286a4-8d21-418c-8c47-cd2ace0c239f,c2ca9808-766d-490c-9422-9a90cd68289e,1760608117165999326,652.805,624.0,1,36,,-10.416771391516503,-0.7538886668977731
648286a4-8d21-418c-8c47-cd2ace0c239f,c2ca9808-766d-490c-9422-9a90cd68289e,1760608117170990326,651.318,623.995,1,36,,-10.51266244735667,-0.7535207179614338
648286a4-8d21-418c-8c47-cd2ace0c239f,c2ca9808-766d-490c-9422-9a90cd68289e,1760608117175990326,646.165,622.488,1,36,,-10.844989435621104,-0.6563241850288359
648286a4-8d21-418c-8c47-cd2ace0c239f,c2ca9808-766d-490c-9422-9a90cd68289e,1760608117180990326,651.478,620.322,1,36,,-10.502056305490415,-0.51739175575677
648286a4-8d21-418c-8c47-cd2ace0c239f,c2ca9808-766d-490c-9422-9a90cd68289e,1760608117186001326,651.811,620.539,1,36,,-10.480585100913931,-0.5313586472631756
648286a4-8d21-418c-8c47-cd2ace0c239f,c2ca9808-766d-490c-9422-9a90cd68289e,1760608117190997326,653.518,620.166,1,36,,-10.370436090067695,-0.5074868289414295
648286a4-8d21-418c-8c47-cd2ace0c239f,c2ca9808-766d-490c-9422-9a90cd68289e,1760608117195990326,652.582,618.809,1,36,,-10.43077161388556,-0.42019703187146284
648286a4-8d21-418c-8c47-cd2ace0c239f,c2ca9808-766d-490c-9422-9a90cd68289e,1760608117200994326,632.924,616.141,1,36,,-11.698548805939891,-0.2482015794023417
648286a4-8d21-418c-8c47-cd2ace0c239f,c2ca9808-766d-490c-9422-9a90cd68289e,1760608117205990326,632.664,616.58,1,36,,-11.71535677368722,-0.27637205305405743
648286a4-8d21-418c-8c47-cd2ace0c239f,c2ca9808-766d-490c-9422-9a90cd68289e,1760608117210993326,631.055,615.49,1,36,,-11.819066146532098,-0.2063699736410486
648286a4-8d21-418c-8c47-cd2ace0c239f,c2ca9808-766d-490c-9422-9a90cd68289e,1760608117216116326,625.361,607.773,1,36,,-12.186240993159965,0.28871409638757345
648286a4-8d21-418c-8c47-cd2ace0c239f,c2ca9808-766d-490c-9422-9a90cd68289e,1760608117221116326,626.823,607.77,1,36,,-12.091994020375404,0.2889703908380151
648286a4-8d21-418c-8c47-cd2ace0c239f,c2ca9808-766d-490c-9422-9a90cd68289e,1760608117226116326,626.998,604.405,1,36,,-12.0809048359897,0.5048229052998815
648286a4-8d21-418c-8c47-cd2ace0c239f,c2ca9808-766d-490c-9422-9a90cd68289e,1760608117231116326,631.7,604.861,1,36,,-11.777706497031646,0.47574730263328724
648286a4-8d21-418c-8c47-cd2ace0c239f,c2ca9808-766d-490c-9422-9a90cd68289e,1760608117236116326,631.792,605.02,1,36,,-11.771760488105013,0.4655744762162355
648286a4-8d21-418c-8c47-cd2ace0c239f,c2ca9808-766d-490c-9422-9a90cd68289e,1760608117241116326,629.903,603.125,1,36,,-11.893752117206532,0.5870783816475417
648286a4-8d21-418c-8c47-cd2ace0c239f,c2ca9808-766d-490c-9422-9a90cd68289e,1760608117246116326,630.194,600.869,1,36,,-11.875190953524326,0.7318641159002873
648286a4-8d21-418c-8c47-cd2ace0c239f,c2ca9808-766d-490c-9422-9a90cd68289e,1760608117251116326,628.981,600.566,1,36,,-11.953456358211481,0.7511927622771641
648286a4-8d21-418c-8c47-cd2ace0c239f,c2ca9808-766d-490c-9422-9a90cd68289e,1760608117256116326,628.418,600.82,1,36,,-11.9896961403757,0.7348434547839086
648286a4-8d21-418c-8c47-cd2ace0c239f,c2ca9808-766d-490c-9422-9a90cd68289e,1760608117261116326,631.248,601.356,1,36,,-11.807176637530247,0.7006298677256972
648286a4-8d21-418c-8c47-cd2ace0c239f,c2ca9808-766d-490c-9422-9a90cd68289e,1760608117266116326,630.084,597.677,1,36,,-11.882666248843297,0.936633642338589
648286a4-8d21-418c-8c47-cd2ace0c239f,c2ca9808-766d-490c-9422-9a90cd68289e,1760608117271116326,629.944,595.859,1,36,,-11.891974024358156,1.0532739286464619
648286a4-8d21-418c-8c47-cd2ace0c239f,c2ca9808-766d-490c-9422-9a90cd68289e,1760608117276116326,630.097,597.952,1,36,,-11.881786535074815,0.9190031377433303
648286a4-8d21-418c-8c47-cd2ace0c239f,c2ca9808-766d-490c-9422-9a90cd68289e,1760608117281116326,630.997,599.144,1,36,,-11.82358119011949,0.8426039904915436
648286a4-8d21-418c-8c47-cd2ace0c239f,c2ca9808-766d-490c-9422-9a90cd68289e,1760608117286119326,633.543,599.781,1,36,,-11.659328009403477,0.8018927451867756
648286a4-8d21-418c-8c47-cd2ace0c239f,c2ca9808-766d-490c-9422-9a90cd68289e,1760608117291116326,633.588,596.394,1,36,,-11.656910582332676,1.0192713870052048
648286a4-8d21-418c-8c47-cd2ace0c239f,c2ca9808-766d-490c-9422-9a90cd68289e,1760608117296116326,631.609,599.969,1,36,,-11.784034332320639,0.7896790049222948
648286a4-8d21-418c-8c47-cd2ace0c239f,c2ca9808-766d-490c-9422-9a90cd68289e,1760608117301117326,631.722,600.163,1,36,,-11.776715649777708,0.7772501704953957
648286a4-8d21-418c-8c47-cd2ace0c239f,c2ca9808-766d-490c-9422-9a90cd68289e,1760608117306116326,632.484,602.721,1,36,,-11.727339347523836,0.6130890261364633
648286a4-8d21-418c-8c47-cd2ace0c239f,c2ca9808-766d-490c-9422-9a90cd68289e,1760608117311117326,634.134,601.003,1,36,,-11.621104481800923,0.7235134300746079
648286a4-8d21-418c-8c47-cd2ace0c239f,c2ca9808-766d-490c-9422-9a90cd68289e,1760608117316117326,633.783,603.087,1,36,,-11.643538633610392,0.5897149359033061
648286a4-8d21-418c-8c47-cd2ace0c239f,c2ca9808-766d-490c-9422-9a90cd68289e,1760608117321117326,629.336,603.189,1,36,,-11.930278396945795,0.5829464665854605
648286a4-8d21-418c-8c47-cd2ace0c239f,c2ca9808-766d-490c-9422-9a90cd68289e,1760608117326117326,627.963,604.144,1,36,,-12.018693210772497,0.5215677882445442
648286a4-8d21-418c-8c47-cd2ace0c239f,c2ca9808-766d-490c-9422-9a90cd68289e,1760608117331128326,628.204,603.47,1,36,,-12.003213199709013,0.5648708790397161
648286a4-8d21-418c-8c47-cd2ace0c239f,c2ca9808-766d-490c-9422-9a90cd68289e,1760608117336120326,626.448,602.271,1,36,,-12.116574867907968,0.6417079044705988
648286a4-8d21-418c-8c47-cd2ace0c239f,c2ca9808-766d-490c-9422-9a90cd68289e,1760608117341117326,626.788,600.641,1,36,,-12.094804538488912,0.746224354329386
648286a4-8d21-418c-8c47-cd2ace0c239f,c2ca9808-766d-490c-9422-9a90cd68289e,1760608117346118326,627.417,598.993,1,36,,-12.054472073403767,0.8520171410621002
648286a4-8d21-418c-8c47-cd2ace0c239f,c2ca9808-766d-490c-9422-9a90cd68289e,1760608117351242326,626.925,599.047,1,36,,-12.086202191341705,0.8485354532241635
648286a4-8d21-418c-8c47-cd2ace0c239f,c2ca9808-766d-490c-9422-9a90cd68289e,1760608117356251326,630.057,605.386,1,36,,-11.883612180075621,0.4419750590518279
648286a4-8d21-418c-8c47-cd2ace0c239f,c2ca9808-766d-490c-9422-9a90cd68289e,1760608117361242326,631.429,607.637,1,36,,-11.795044757786096,0.29760427427036046
648286a4-8d21-418c-8c47-cd2ace0c239f,c2ca9808-766d-490c-9422-9a90cd68289e,1760608117366256326,627.43,606.556,1,36,,-12.052923911286694,0.3668710274345323
648286a4-8d21-418c-8c47-cd2ace0c239f,c2ca9808-766d-490c-9422-9a90cd68289e,1760608117371242326,630.721,607.096,1,36,,-11.84070591940708,0.33227393392355836
648286a4-8d21-418c-8c47-cd2ace0c239f,c2ca9808-766d-490c-9422-9a90cd68289e,1760608117376242326,630.722,606.125,1,36,,-11.84068138460193,0.39457219417389444
648286a4-8d21-418c-8c47-cd2ace0c239f,c2ca9808-766d-490c-9422-9a90cd68289e,1760608117381242326,630.629,603.921,1,36,,-11.84686156278805,0.5360451482508719
648286a4-8d21-418c-8c47-cd2ace0c239f,c2ca9808-766d-490c-9422-9a90cd68289e,1760608117386242326,633.661,600.636,1,36,,-11.651658757168157,0.7470262251042795
648286a4-8d21-418c-8c47-cd2ace0c239f,c2ca9808-766d-490c-9422-9a90cd68289e,1760608117391242326,633.123,595.556,1,36,,-11.68702223206924,1.073044883694776
648286a4-8d21-418c-8c47-cd2ace0c239f,c2ca9808-766d-490c-9422-9a90cd68289e,1760608117396245326,628.474,600.424,1,36,,-11.98614326604033,0.7602528965660326
648286a4-8d21-418c-8c47-cd2ace0c239f,c2ca9808-766d-490c-9422-9a90cd68289e,1760608117401243326,625.577,602.293,1,36,,-12.172684494136467,0.6401959709827029
648286a4-8d21-418c-8c47-cd2ace0c239f,c2ca9808-766d-490c-9422-9a90cd68289e,1760608117406244326,626.369,602.557,1,36,,-12.121626787634128,0.6233300033350777
648286a4-8d21-418c-8c47-cd2ace0c239f,c2ca9808-766d-490c-9422-9a90cd68289e,1760608117411243326,626.911,602.513,1,36,,-12.086691996316024,0.6261855848954342
648286a4-8d21-418c-8c47-cd2ace0c239f,c2ca9808-766d-490c-9422-9a90cd68289e,1760608117416243326,631.106,597.405,1,36,,-11.816806114984578,0.9542153179926376
648286a4-8d21-418c-8c47-cd2ace0c239f,c2ca9808-766d-490c-9422-9a90cd68289e,1760608117421252326,631.033,602.167,1,36,,-11.8209605199114,0.6485989865454954
648286a4-8d21-418c-8c47-cd2ace0c239f,c2ca9808-766d-490c-9422-9a90cd68289e,1760608117426243326,631.528,600.725,1,36,,-11.789199311969062,0.7411862688534575
648286a4-8d21-418c-8c47-cd2ace0c239f,c2ca9808-766d-490c-9422-9a90cd68289e,1760608117431243326,625.67,610.691,1,36,,-12.166252463609744,0.10159453704359053
648286a4-8d21-418c-8c47-cd2ace0c239f,c2ca9808-766d-490c-9422-9a90cd68289e,1760608117436243326,627.554,609.76,1,36,,-12.04476881948004,0.16130515623082814
648286a4-8d21-418c-8c47-cd2ace0c239f,c2ca9808-766d-490c-9422-9a90cd68289e,1760608117441243326,627.057,605.925,1,36,,-12.07702454730924,0.4072899662920711
648286a4-8d21-418c-8c47-cd2ace0c239f,c2ca9808-766d-490c-9422-9a90cd68289e,1760608117446243326,626.749,604.259,1,36,,-12.096998709644264,0.5141972357554341
648286a4-8d21-418c-8c47-cd2ace0c239f,c2ca9808-766d-490c-9422-9a90cd68289e,1760608117451243326,626.262,603.029,1,36,,-12.128488604117035,0.5930413254845854
648286a4-8d21-418c-8c47-cd2ace0c239f,c2ca9808-766d-490c-9422-9a90cd68289e,1760608117456243326,630.057,601.305,1,36,,-11.883991531808936,0.7038455629607305
648286a4-8d21-418c-8c47-cd2ace0c239f,c2ca9808-766d-490c-9422-9a90cd68289e,1760608117461243326,630.239,599.964,1,36,,-11.872416740326885,0.7899204831477602
648286a4-8d21-418c-8c47-cd2ace0c239f,c2ca9808-766d-490c-9422-9a90cd68289e,1760608117466243326,623.479,597.608,1,36,,-12.308505647927424,0.9405535647978277
648286a4-8d21-418c-8c47-cd2ace0c239f,c2ca9808-766d-490c-9422-9a90cd68289e,1760608117471243326,618.86,601.426,1,,,-12.605811955325086,0.6954433355093508
648286a4-8d21-418c-8c47-cd2ace0c239f,c2ca9808-766d-490c-9422-9a90cd68289e,1760608117476243326,621.193,602.691,1,,,-12.455263005120448,0.6144698101473257
648286a4-8d21-418c-8c47-cd2ace0c239f,c2ca9808-766d-490c-9422-9a90cd68289e,1760608117481252326,627.589,600.58,1,,,-12.043191147650584,0.7502264004992821
648286a4-8d21-418c-8c47-cd2ace0c239f,c2ca9808-766d-490c-9422-9a90cd68289e,1760608117486368326,660.732,615.266,1,,,-9.904760936994792,-0.19254149978844168
648286a4-8d21-418c-8c47-cd2ace0c239f,c2ca9808-766d-490c-9422-9a90cd68289e,1760608117491369326,685.711,628.742,1,,,-8.293125189675136,-1.0613061424018007
648286a4-8d21-418c-8c47-cd2ace0c239f,c2ca9808-766d-490c-9422-9a90cd68289e,1760608117496379326,705.378,635.475,1,,,-7.023517969278565,-1.4969359784562761
648286a4-8d21-418c-8c47-cd2ace0c239f,c2ca9808-766d-490c-9422-9a90cd68289e,1760608117501369326,744.559,675.916,1,,,-4.497249399964166,-4.112241284141066
648286a4-8d21-418c-8c47-cd2ace0c239f,c2ca9808-766d-490c-9422-9a90cd68289e,1760608117506369326,779.499,654.521,1,,,-2.2328298531026043,-2.732592085965752
648286a4-8d21-418c-8c47-cd2ace0c239f,c2ca9808-766d-490c-9422-9a90cd68289e,1760608117511369326,775.715,665.393,1,,,-2.4786339035832703,-3.4353010651441687
648286a4-8d21-418c-8c47-cd2ace0c239f,c2ca9808-766d-490c-9422-9a90cd68289e,1760608117516371326,775.06,668.219,1,37,,-2.521383031494215,-3.6179812055428857
648286a4-8d21-418c-8c47-cd2ace0c239f,c2ca9808-766d-490c-9422-9a90cd68289e,1760608117521369326,778.524,670.795,1,37,,-2.2974256146150998,-3.784710282046034
648286a4-8d21-418c-8c47-cd2ace0c239f,c2ca9808-766d-490c-9422-9a90cd68289e,1760608117526375326,775.164,673.892,1,37,,-2.5152901224893798,-3.984726834987501
648286a4-8d21-418c-8c47-cd2ace0c239f,c2ca9808-766d-490c-9422-9a90cd68289e,1760608117531369326,775.061,673.108,1,37,,-2.521907724987827,-3.933985222851954
648286a4-8d21-418c-8c47-cd2ace0c239f,c2ca9808-766d-490c-9422-9a90cd68289e,1760608117536369326,775.932,672.843,1,37,,-2.465476801701985,-3.916932614650504
648286a4-8d21-418c-8c47-cd2ace0c239f,c2ca9808-766d-490c-9422-9a90cd68289e,1760608117541369326,777.878,675.013,1,37,,-2.339722868983277,-4.057386295846809
648286a4-8d21-418c-8c47-cd2ace0c239f,c2ca9808-766d-490c-9422-9a90cd68289e,1760608117546369326,778.351,674.709,1,37,,-2.3090522785348506,-4.037718913819122
648286a4-8d21-418c-8c47-cd2ace0c239f,c2ca9808-766d-490c-9422-9a90cd68289e,1760608117551369326,777.667,675.557,1,37,,-2.3534630537365246,-4.092509672433478
648286a4-8d21-418c-8c47-cd2ace0c239f,c2ca9808-766d-490c-9422-9a90cd68289e,1760608117556379326,777.79,675.213,1,37,,-2.3454497900080042,-4.070274098468755
648286a4-8d21-418c-8c47-cd2ace0c239f,c2ca9808-766d-490c-9422-9a90cd68289e,1760608117561369326,778.177,674.943,1,37,,-2.320328000297644,-4.052861828182017
648286a4-8d21-418c-8c47-cd2ace0c239f,c2ca9808-766d-490c-9422-9a90cd68289e,1760608117566369326,778.082,675.006,1,37,,-2.326473378394476,-4.05689559346676
648286a4-8d21-418c-8c47-cd2ace0c239f,c2ca9808-766d-490c-9422-9a90cd68289e,1760608117571369326,780.489,671.455,1,37,,-2.1702613186134965,-3.827490096130817
648286a4-8d21-418c-8c47-cd2ace0c239f,c2ca9808-766d-490c-9422-9a90cd68289e,1760608117576375326,778.42,673.081,1,37,,-2.304380325911795,-3.932518066070214
648286a4-8d21-418c-8c47-cd2ace0c239f,c2ca9808-766d-490c-9422-9a90cd68289e,1760608117581369326,782.294,669.512,1,37,,-2.0531826942918427,-3.701969575502539
648286a4-8d21-418c-8c47-cd2ace0c239f,c2ca9808-766d-490c-9422-9a90cd68289e,1760608117586369326,782.879,669.277,1,37,,-2.015273879289417,-3.6868521733837984
648286a4-8d21-418c-8c47-cd2ace0c239f,c2ca9808-766d-490c-9422-9a90cd68289e,1760608117591369326,778.564,676.038,1,37,,-2.2954211892833536,-4.123654465606724
648286a4-8d21-418c-8c47-cd2ace0c239f,c2ca9808-766d-490c-9422-9a90cd68289e,1760608117596369326,778.674,672.282,1,37,,-2.287846899829711,-3.8808737281708368
648286a4-8d21-418c-8c47-cd2ace0c239f,c2ca9808-766d-490c-9422-9a90cd68289e,1760608117601370326,779.715,672.332,1,37,,-2.2204400511439415,-3.884167844741585
648286a4-8d21-418c-8c47-cd2ace0c239f,c2ca9808-766d-490c-9422-9a90cd68289e,1760608117606370326,777.284,669.679,1,37,,-2.377536383134942,-3.712490201585588
648286a4-8d21-418c-8c47-cd2ace0c239f,c2ca9808-766d-490c-9422-9a90cd68289e,1760608117611370326,777.272,669.221,1,37,,-2.3783124058302247,-3.6829194896583166
648286a4-8d21-418c-8c47-cd2ace0c239f,c2ca9808-766d-490c-9422-9a90cd68289e,1760608117616373326,777.08,668.581,1,37,,-2.390638307486531,-3.6415075431562816
648286a4-8d21-418c-8c47-cd2ace0c239f,c2ca9808-766d-490c-9422-9a90cd68289e,1760608117621495326,776.851,668.555,1,37,,-2.4054803185324802,-3.639800416268809
648286a4-8d21-418c-8c47-cd2ace0c239f,c2ca9808-766d-490c-9422-9a90cd68289e,1760608117626499326,778.747,669.134,1,37,,-2.2827984656211378,-3.67736136742845
648286a4-8d21-418c-8c47-cd2ace0c239f,c2ca9808-766d-490c-9422-9a90cd68289e,1760608117631495326,778.561,669.211,1,37,,-2.294862225103489,-3.682317934796408
648286a4-8d21-418c-8c47-cd2ace0c239f,c2ca9808-766d-490c-9422-9a90cd68289e,1760608117636495326,780.649,669.974,1,37,,-2.159713505540697,-3.731779579465037
648286a4-8d21-418c-8c47-cd2ace0c239f,c2ca9808-766d-490c-9422-9a90cd68289e,1760608117641495326,780.269,669.359,1,37,,-2.1842655892500034,-3.6919737364682144
648286a4-8d21-418c-8c47-cd2ace0c239f,c2ca9808-766d-490c-9422-9a90cd68289e,1760608117646499326,779.618,666.571,1,37,,-2.226141282699465,-3.511731911109147
648286a4-8d21-418c-8c47-cd2ace0c239f,c2ca9808-766d-490c-9422-9a90cd68289e,1760608117651495326,780.885,667.492,1,37,,-2.1441786174102675,-3.5713463446829814
648286a4-8d21-418c-8c47-cd2ace0c239f,c2ca9808-766d-490c-9422-9a90cd68289e,1760608117656495326,778.074,664.861,1,37,,-2.325925519438307,-3.4010575869602713
648286a4-8d21-418c-8c47-cd2ace0c239f,c2ca9808-766d-490c-9422-9a90cd68289e,1760608117661495326,782.472,667.172,1,37,,-2.041455304874756,-3.550722202748021
648286a4-8d21-418c-8c47-cd2ace0c239f,c2ca9808-766d-490c-9422-9a90cd68289e,1760608117666495326,782.404,665.452,1,37,,-2.045695295874954,-3.439516102252896
648286a4-8d21-418c-8c47-cd2ace0c239f,c2ca9808-766d-490c-9422-9a90cd68289e,1760608117671495326,781.295,665.005,1,37,,-2.117409530418272,-3.410560051148235
648286a4-8d21-418c-8c47-cd2ace0c239f,c2ca9808-766d-490c-9422-9a90cd68289e,1760608117676498326,783.339,659.977,1,37,,-1.984709556323247,-3.0855150616664515
648286a4-8d21-418c-8c47-cd2ace0c239f,c2ca9808-766d-490c-9422-9a90cd68289e,1760608117681495326,781.552,661.467,1,37,,-2.1004754821742826,-3.1817843372742614
648286a4-8d21-418c-8c47-cd2ace0c239f,c2ca9808-766d-490c-9422-9a90cd68289e,1760608117686496326,780.879,662.997,1,37,,-2.144166255021751,-3.280707881900941
648286a4-8d21-418c-8c47-cd2ace0c239f,c2ca9808-766d-490c-9422-9a90cd68289e,1760608117691496326,785.383,661.854,1,37,,-1.8525528856505789,-3.206996224369185
648286a4-8d21-418c-8c47-cd2ace0c239f,c2ca9808-766d-490c-9422-9a90cd68289e,1760608117696496326,780.119,667.556,1,37,,-2.193803033205923,-3.575430651853666
648286a4-8d21-418c-8c47-cd2ace0c239f,c2ca9808-766d-490c-9422-9a90cd68289e,1760608117701496326,780.51,669.472,1,37,,-2.1687122349976247,-3.699339246533018
648286a4-8d21-418c-8c47-cd2ace0c239f,c2ca9808-766d-490c-9422-9a90cd68289e,1760608117706496326,783.952,670.039,1,37,,-1.9459232553218813,-3.736156867693204
648286a4-8d21-418c-8c47-cd2ace0c239f,c2ca9808-766d-490c-9422-9a90cd68289e,1760608117711496326,779.982,669.055,1,37,,-2.202790911545691,-3.6723451550317088
648286a4-8d21-418c-8c47-cd2ace0c239f,c2ca9808-766d-490c-9422-9a90cd68289e,1760608117716496326,779.229,668.278,1,37,,-2.251522745534002,-3.622036581523879
648286a4-8d21-418c-8c47-cd2ace0c239f,c2ca9808-766d-490c-9422-9a90cd68289e,1760608117721496326,779.052,668.737,1,37,,-2.2630124818508546,-3.651711820189456
648286a4-8d21-418c-8c47-cd2ace0c239f,c2ca9808-766d-490c-9422-9a90cd68289e,1760608117726496326,781.231,667.581,1,37,,-2.1218117469538837,-3.5771071537856756
648286a4-8d21-418c-8c47-cd2ace0c239f,c2ca9808-766d-490c-9422-9a90cd68289e,1760608117731496326,779.693,668.531,1,37,,-2.221467303325341,-3.6384441697099144
648286a4-8d21-418c-8c47-cd2ace0c239f,c2ca9808-766d-490c-9422-9a90cd68289e,1760608117736506326,778.561,667.918,1,37,,-2.2947160376782056,-3.5987429761053926
648286a4-8d21-418c-8c47-cd2ace0c239f,c2ca9808-766d-490c-9422-9a90cd68289e,1760608117741496326,783.352,663.321,1,37,,-1.9841567612073678,-3.3017653895075885
648286a4-8d21-418c-8c47-cd2ace0c239f,c2ca9808-766d-490c-9422-9a90cd68289e,1760608117746496326,781.746,665.623,1,37,,-2.0883282282790088,-3.450527874355358
648286a4-8d21-418c-8c47-cd2ace0c239f,c2ca9808-766d-490c-9422-9a90cd68289e,1760608117751496326,781.244,664.019,1,37,,-2.120624282789676,-3.3467926678219393
648286a4-8d21-418c-8c47-cd2ace0c239f,c2ca9808-766d-490c-9422-9a90cd68289e,1760608117756634326,780.068,663.003,1,37,,-2.1966875377880397,-3.281064402182649
648286a4-8d21-418c-8c47-cd2ace0c239f,c2ca9808-766d-490c-9422-9a90cd68289e,1760608117761625326,777.691,662.583,1,37,,-2.3504990560930206,-3.253745523410615
648286a4-8d21-418c-8c47-cd2ace0c239f,c2ca9808-766d-490c-9422-9a90cd68289e,1760608117766621326,777.77,664.021,1,37,,-2.3455173382462426,-3.34670584592122
648286a4-8d21-418c-8c47-cd2ace0c239f,c2ca9808-766d-490c-9422-9a90cd68289e,1760608117771622326,780.177,665.11,1,37,,-2.1898123643703222,-3.4172641874624903
648286a4-8d21-418c-8c47-cd2ace0c239f,c2ca9808-766d-490c-9422-9a90cd68289e,1760608117776629326,782.121,664.638,1,37,,-2.0639199666808814,-3.3868851288976183
648286a4-8d21-418c-8c47-cd2ace0c239f,c2ca9808-766d-490c-9422-9a90cd68289e,1760608117781622326,779.375,665.685,1,37,,-2.2417603550833465,-3.454396605285807
648286a4-8d21-418c-8c47-cd2ace0c239f,c2ca9808-766d-490c-9422-9a90cd68289e,1760608117786621326,782.276,664.207,1,37,,-2.0538678205756504,-3.358999887939234
648286a4-8d21-418c-8c47-cd2ace0c239f,c2ca9808-766d-490c-9422-9a90cd68289e,1760608117791622326,781.371,666.158,1,37,,-2.112631286450721,-3.4851130456637462
648286a4-8d21-418c-8c47-cd2ace0c239f,c2ca9808-766d-490c-9422-9a90cd68289e,1760608117796622326,781.358,665.227,1,37,,-2.113352383903719,-3.4249041474933306
648286a4-8d21-418c-8c47-cd2ace0c239f,c2ca9808-766d-490c-9422-9a90cd68289e,1760608117801622326,779.406,666.123,1,37,,-2.239815235209341,-3.482704012520258
648286a4-8d21-418c-8c47-cd2ace0c239f,c2ca9808-766d-490c-9422-9a90cd68289e,1760608117806629326,781.681,665.291,1,37,,-2.092482279050064,-3.429064600288442
648286a4-8d21-418c-8c47-cd2ace0c239f,c2ca9808-766d-490c-9422-9a90cd68289e,1760608117811622326,775.501,666.32,1,37,,-2.492619468838668,-3.4952016683930114
648286a4-8d21-418c-8c47-cd2ace0c239f,c2ca9808-766d-490c-9422-9a90cd68289e,1760608117816622326,772.916,668.07,1,37,,-2.660160199883991,-3.6081821607821447
648286a4-8d21-418c-8c47-cd2ace0c239f,c2ca9808-766d-490c-9422-9a90cd68289e,1760608117821625326,772.724,664.583,1,37,,-2.672188546501416,-3.3827739511598556
648286a4-8d21-418c-8c47-cd2ace0c239f,c2ca9808-766d-490c-9422-9a90cd68289e,1760608117826622326,774.899,665.876,1,37,,-2.531502745525,-3.4665083796575167
648286a4-8d21-418c-8c47-cd2ace0c239f,c2ca9808-766d-490c-9422-9a90cd68289e,1760608117831624326,775.416,666.49,1,37,,-2.498109904964738,-3.506213030704742
648286a4-8d21-418c-8c47-cd2ace0c239f,c2ca9808-766d-490c-9422-9a90cd68289e,1760608117836622326,774.968,667.749,1,,,-2.5272449606821663,-3.5875892192835477
648286a4-8d21-418c-8c47-cd2ace0c239f,c2ca9808-766d-490c-9422-9a90cd68289e,1760608117841625326,772.631,667.805,1,,,-2.678588120436958,-3.591022661383981
648286a4-8d21-418c-8c47-cd2ace0c239f,c2ca9808-766d-490c-9422-9a90cd68289e,1760608117846632326,772.058,668.994,1,,,-2.715789212905261,-3.6678510859976208
648286a4-8d21-418c-8c47-cd2ace0c239f,c2ca9808-766d-490c-9422-9a90cd68289e,1760608117851622326,785.736,670.719,1,,,-1.83042886706259,-3.780236033458861
648286a4-8d21-418c-8c47-cd2ace0c239f,c2ca9808-766d-490c-9422-9a90cd68289e,1760608117856622326,810.426,667.142,1,,,-0.23184123510058507,-3.5495340959644315
648286a4-8d21-418c-8c47-cd2ace0c239f,c2ca9808-766d-490c-9422-9a90cd68289e,1760608117861622326,861.881,670.917,1,,,3.0989689689044093,-3.791153379800668
648286a4-8d21-418c-8c47-cd2ace0c239f,c2ca9808-766d-490c-9422-9a90cd68289e,1760608117866622326,885.018,665.532,1,,,4.594875495224739,-3.440627902903548
648286a4-8d21-418c-8c47-cd2ace0c239f,c2ca9808-766d-490c-9422-9a90cd68289e,1760608117871623326,896.59,665.16,1,,,5.343088279902382,-3.4150084504685596
648286a4-8d21-418c-8c47-cd2ace0c239f,c2ca9808-766d-490c-9422-9a90cd68289e,1760608117876622326,914.443,655.409,1,,,6.494763222562311,-2.7830998274658736
648286a4-8d21-418c-8c47-cd2ace0c239f,c2ca9808-766d-490c-9422-9a90cd68289e,1760608117881626326,919.124,646.587,1,38,,6.795385141746399,-2.2134339039239093
648286a4-8d21-418c-8c47-cd2ace0c239f,c2ca9808-766d-490c-9422-9a90cd68289e,1760608117886623326,916.499,645.326,1,38,,6.6256623339675205,-2.132427856938513
648286a4-8d21-418c-8c47-cd2ace0c239f,c2ca9808-766d-490c-9422-9a90cd68289e,1760608117891623326,908.941,650.729,1,38,,6.138452015828843,-2.4819152973881224
648286a4-8d21-418c-8c47-cd2ace0c239f,c2ca9808-766d-490c-9422-9a90cd68289e,1760608117896748326,907.271,658.016,1,38,,6.031937295319865,-2.952333635197324
648286a4-8d21-418c-8c47-cd2ace0c239f,c2ca9808-766d-490c-9422-9a90cd68289e,1760608117901748326,905.237,656.886,1,38,,5.900301175185622,-2.8797456992551713
648286a4-8d21-418c-8c47-cd2ace0c239f,c2ca9808-766d-490c-9422-9a90cd68289e,1760608117906748326,906.678,656.962,1,38,,5.993424369697102,-2.884405144176579
648286a4-8d21-418c-8c47-cd2ace0c239f,c2ca9808-766d-490c-9422-9a90cd68289e,1760608117911748326,910.639,657.694,1,38,,6.249489647594833,-2.931074004542423
648286a4-8d21-418c-8c47-cd2ace0c239f,c2ca9808-766d-490c-9422-9a90cd68289e,1760608117916748326,909.646,660.002,1,38,,6.185812444123803,-3.080123378097129
648286a4-8d21-418c-8c47-cd2ace0c239f,c2ca9808-766d-490c-9422-9a90cd68289e,1760608117921748326,907.8,663.872,1,38,,6.067419029095258,-3.330126959865219
648286a4-8d21-418c-8c47-cd2ace0c239f,c2ca9808-766d-490c-9422-9a90cd68289e,1760608117926748326,909.055,658.988,1,38,,6.147410623352383,-3.0148053007024336
648286a4-8d21-418c-8c47-cd2ace0c239f,c2ca9808-766d-490c-9422-9a90cd68289e,1760608117931748326,908.661,660.239,1,38,,6.122266763318446,-3.095585814532035
648286a4-8d21-418c-8c47-cd2ace0c239f,c2ca9808-766d-490c-9422-9a90cd68289e,1760608117936748326,909.664,658.868,1,38,,6.186720858601452,-3.0069793198167876
648286a4-8d21-418c-8c47-cd2ace0c239f,c2ca9808-766d-490c-9422-9a90cd68289e,1760608117941751326,908.004,668.532,1,38,,6.081777397172104,-3.630725181833107
648286a4-8d21-418c-8c47-cd2ace0c239f,c2ca9808-766d-490c-9422-9a90cd68289e,1760608117946748326,910.337,665.104,1,38,,6.231672706242857,-3.409171411413535
648286a4-8d21-418c-8c47-cd2ace0c239f,c2ca9808-766d-490c-9422-9a90cd68289e,1760608117951748326,908.87,669.42,1,38,,6.137939278453332,-3.6878677609460797
648286a4-8d21-418c-8c47-cd2ace0c239f,c2ca9808-766d-490c-9422-9a90cd68289e,1760608117956748326,911.349,664.93,1,38,,6.297039271700028,-3.397779133965817
648286a4-8d21-418c-8c47-cd2ace0c239f,c2ca9808-766d-490c-9422-9a90cd68289e,1760608117961749326,907.274,654.87,1,38,,6.031497390728366,-2.749365998793253
648286a4-8d21-418c-8c47-cd2ace0c239f,c2ca9808-766d-490c-9422-9a90cd68289e,1760608117966751326,906.806,652.95,1,38,,6.000912564780511,-2.625523321184723
648286a4-8d21-418c-8c47-cd2ace0c239f,c2ca9808-766d-490c-9422-9a90cd68289e,1760608117971748326,908.126,658.115,1,38,,6.087219835566865,-2.958589083120985
648286a4-8d21-418c-8c47-cd2ace0c239f,c2ca9808-766d-490c-9422-9a90cd68289e,1760608117976760326,904.822,658.66,1,38,,5.873851168301305,-2.9942616145949885
648286a4-8d21-418c-8c47-cd2ace0c239f,c2ca9808-766d-490c-9422-9a90cd68289e,1760608117981749326,904.869,659.165,1,38,,5.876960132409703,-3.0268325647484313
648286a4-8d21-418c-8c47-cd2ace0c239f,c2ca9808-766d-490c-9422-9a90cd68289e,1760608117986751326,906.574,662.85,1,38,,5.987926421648757,-3.264345679615638
648286a4-8d21-418c-8c47-cd2ace0c239f,c2ca9808-766d-490c-9422-9a90cd68289e,1760608117991749326,905.852,663.685,1,38,,5.941480589370306,-3.3183682549295814
648286a4-8d21-418c-8c47-cd2ace0c239f,c2ca9808-766d-490c-9422-9a90cd68289e,1760608117996749326,903.199,665.659,1,38,,5.7704271852245315,-3.446159667195952
648286a4-8d21-418c-8c47-cd2ace0c239f,c2ca9808-766d-490c-9422-9a90cd68289e,1760608118001752326,907.253,665.973,1,38,,6.032561266251261,-3.4657590056853556
648286a4-8d21-418c-8c47-cd2ace0c239f,c2ca9808-766d-490c-9422-9a90cd68289e,1760608118006751326,907.806,668.593,1,38,,6.068934426868236,-3.6346788322299703
648286a4-8d21-418c-8c47-cd2ace0c239f,c2ca9808-766d-490c-9422-9a90cd68289e,1760608118011749326,897.735,652.761,1,38,,5.4147483877970455,-2.614386614486986
648286a4-8d21-418c-8c47-cd2ace0c239f,c2ca9808-766d-490c-9422-9a90cd68289e,1760608118016749326,901.129,655.924,1,38,,5.634670472976163,-2.818210075124624
648286a4-8d21-418c-8c47-cd2ace0c239f,c2ca9808-766d-490c-9422-9a90cd68289e,1760608118021749326,906.53,654.204,1,38,,5.983323530933842,-2.7064873232340463
648286a4-8d21-418c-8c47-cd2ace0c239f,c2ca9808-766d-490c-9422-9a90cd68289e,1760608118026757326,909.556,655.823,1,38,,6.179110839484345,-2.8104918475437137
648286a4-8d21-418c-8c47-cd2ace0c239f,c2ca9808-766d-490c-9422-9a90cd68289e,1760608118031874326,909.38,657.086,1,38,,6.16801862108177,-2.89202599904724
648286a4-8d21-418c-8c47-cd2ace0c239f,c2ca9808-766d-490c-9422-9a90cd68289e,1760608118036877326,910.642,657.552,1,38,,6.2496528950514865,-2.921918329785568
648286a4-8d21-418c-8c47-cd2ace0c239f,c2ca9808-766d-490c-9422-9a90cd68289e,1760608118041874326,908.472,661.992,1,38,,6.110387585083827,-3.2087375463415078
648286a4-8d21-418c-8c47-cd2ace0c239f,c2ca9808-766d-490c-9422-9a90cd68289e,1760608118046874326,910.222,660.604,1,38,,6.223221089562266,-3.1188596421164356
648286a4-8d21-418c-8c47-cd2ace0c239f,c2ca9808-766d-490c-9422-9a90cd68289e,1760608118051874326,911.508,658.561,1,38,,6.305816609757214,-2.986896633409127
648286a4-8d21-418c-8c47-cd2ace0c239f,c2ca9808-766d-490c-9422-9a90cd68289e,1760608118056874326,909.586,654.984,1,38,,6.180880032349285,-2.7563986862076497
648286a4-8d21-418c-8c47-cd2ace0c239f,c2ca9808-766d-490c-9422-9a90cd68289e,1760608118061874326,905.788,652.219,1,38,,5.935018283275678,-2.578433864073966
648286a4-8d21-418c-8c47-cd2ace0c239f,c2ca9808-766d-490c-9422-9a90cd68289e,1760608118066875326,909.679,656.772,1,38,,6.187265568246852,-2.8717179346983386
648286a4-8d21-418c-8c47-cd2ace0c239f,c2ca9808-766d-490c-9422-9a90cd68289e,1760608118071881326,908.6,654.011,1,38,,6.11701157822497,-2.693719049437253
648286a4-8d21-418c-8c47-cd2ace0c239f,c2ca9808-766d-490c-9422-9a90cd68289e,1760608118076875326,908.742,658.133,1,38,,6.127001068164223,-2.9596919259334156
648286a4-8d21-418c-8c47-cd2ace0c239f,c2ca9808-766d-490c-9422-9a90cd68289e,1760608118081877326,911.627,656.32,1,38,,6.3130332720748985,-2.8423114631595143
648286a4-8d21-418c-8c47-cd2ace0c239f,c2ca9808-766d-490c-9422-9a90cd68289e,1760608118086875326,913.428,656.582,1,38,,6.429482786167656,-2.858894113540386
648286a4-8d21-418c-8c47-cd2ace0c239f,c2ca9808-766d-490c-9422-9a90cd68289e,1760608118091875326,913.523,659.556,1,38,,6.436273605599661,-3.0507601179262185
648286a4-8d21-418c-8c47-cd2ace0c239f,c2ca9808-766d-490c-9422-9a90cd68289e,1760608118096879326,916.541,659.977,1,38,,6.631334618544633,-3.0774028158906637
648286a4-8d21-418c-8c47-cd2ace0c239f,c2ca9808-766d-490c-9422-9a90cd68289e,1760608118101875326,924.916,658.121,1,38,,7.171861184004952,-2.9563409910397835
648286a4-8d21-418c-8c47-cd2ace0c239f,c2ca9808-766d-490c-9422-9a90cd68289e,1760608118106875326,927.08,662.577,1,38,,7.3128231173399065,-3.2431720925952847
648286a4-8d21-418c-8c47-cd2ace0c239f,c2ca9808-766d-490c-9422-9a90cd68289e,1760608118111875326,928.79,662.294,1,38,,7.423155544823715,-3.224579578640621
648286a4-8d21-418c-8c47-cd2ace0c239f,c2ca9808-766d-490c-9422-9a90cd68289e,1760608118116875326,930.02,662.559,1,38,,7.502715257829517,-3.241467169795643
648286a4-8d21-418c-8c47-cd2ace0c239f,c2ca9808-766d-490c-9422-9a90cd68289e,1760608118121875326,935.288,662.139,1,38,,7.84278981306086,-3.2133108906757273
648286a4-8d21-418c-8c47-cd2ace0c239f,c2ca9808-766d-490c-9422-9a90cd68289e,1760608118126875326,933.341,667.536,1,38,,7.718710445759348,-3.561471533664364
648286a4-8d21-418c-8c47-cd2ace0c239f,c2ca9808-766d-490c-9422-9a90cd68289e,1760608118131875326,933.713,665.497,1,38,,7.742056147488035,-3.429990254657995
648286a4-8d21-418c-8c47-cd2ace0c239f,c2ca9808-766d-490c-9422-9a90cd68289e,1760608118136887326,934.885,663.999,1,38,,7.8173436305421795,-3.3332196296081418
648286a4-8d21-418c-8c47-cd2ace0c239f,c2ca9808-766d-490c-9422-9a90cd68289e,1760608118141875326,926.61,654.265,1,38,,7.280336882466255,-2.707446200128515
648286a4-8d21-418c-8c47-cd2ace0c239f,c2ca9808-766d-490c-9422-9a90cd68289e,1760608118146875326,930.069,655.694,1,38,,7.50403450351346,-2.7990451962547716
648286a4-8d21-418c-8c47-cd2ace0c239f,c2ca9808-766d-490c-9422-9a90cd68289e,1760608118151875326,940.641,666.254,1,38,,8.189728650981435,-3.4772280105980466
648286a4-8d21-418c-8c47-cd2ace0c239f,c2ca9808-766d-490c-9422-9a90cd68289e,1760608118156878326,938.516,660.719,1,38,,8.05077143498569,-3.121219327512346
648286a4-8d21-418c-8c47-cd2ace0c239f,c2ca9808-766d-490c-9422-9a90cd68289e,1760608118161875326,936.996,659.924,1,38,,7.952436263455105,-3.070312951005518
648286a4-8d21-418c-8c47-cd2ace0c239f,c2ca9808-766d-490c-9422-9a90cd68289e,1760608118167000326,935.826,659.09,1,38,,7.8766640650399475,-3.0168330349076937
648286a4-8d21-418c-8c47-cd2ace0c239f,c2ca9808-766d-490c-9422-9a90cd68289e,1760608118172001326,931.507,658.862,1,38,,7.597680413853772,-3.0028906832556816
648286a4-8d21-418c-8c47-cd2ace0c239f,c2ca9808-766d-490c-9422-9a90cd68289e,1760608118177000326,933.646,659.794,1,38,,7.736066554758817,-3.062596673400966
648286a4-8d21-418c-8c47-cd2ace0c239f,c2ca9808-766d-490c-9422-9a90cd68289e,1760608118182001326,931.94,652.947,1,38,,7.6241847179923585,-2.621647497004849
648286a4-8d21-418c-8c47-cd2ace0c239f,c2ca9808-766d-490c-9422-9a90cd68289e,1760608118187010326,933.615,655.622,1,38,,7.732988282201099,-2.7937718474378332
648286a4-8d21-418c-8c47-cd2ace0c239f,c2ca9808-766d-490c-9422-9a90cd68289e,1760608118192005326,937.2,650.905,1,38,,7.963277365850268,-2.4892699222799903
648286a4-8d21-418c-8c47-cd2ace0c239f,c2ca9808-766d-490c-9422-9a90cd68289e,1760608118197001326,939.332,655.946,1,38,,8.102116555210946,-2.8136265379345695
648286a4-8d21-418c-8c47-cd2ace0c239f,c2ca9808-766d-490c-9422-9a90cd68289e,1760608118202001326,935.536,655.636,1,38,,7.856995520350866,-2.7943396151253297
648286a4-8d21-418c-8c47-cd2ace0c239f,c2ca9808-766d-490c-9422-9a90cd68289e,1760608118207004326,933.841,655.751,1,38,,7.747597102668207,-2.802026630285063
648286a4-8d21-418c-8c47-cd2ace0c239f,c2ca9808-766d-490c-9422-9a90cd68289e,1760608118212001326,934.461,655.64,1,38,,7.787628470348705,-2.79474882809867
648286a4-8d21-418c-8c47-cd2ace0c239f,c2ca9808-766d-490c-9422-9a90cd68289e,1760608118217014326,934.552,658.047,1,38,,7.794107703961841,-2.9498190293984563
648286a4-8d21-418c-8c47-cd2ace0c239f,c2ca9808-766d-490c-9422-9a90cd68289e,1760608118222001326,934.239,655.471,1,38,,7.773203473296211,-2.783953329436714
648286a4-8d21-418c-8c47-cd2ace0c239f,c2ca9808-766d-490c-9422-9a90cd68289e,1760608118227001326,931.594,657.712,1,38,,7.6030464619989955,-2.9288253833753273
648286a4-8d21-418c-8c47-cd2ace0c239f,c2ca9808-766d-490c-9422-9a90cd68289e,1760608118232004326,931.999,658.16,1,38,,7.629316937182677,-2.9575977740875166
648286a4-8d21-418c-8c47-cd2ace0c239f,c2ca9808-766d-490c-9422-9a90cd68289e,1760608118237001326,932.122,657.135,1,38,,7.636951713571946,-2.8914922995222305
648286a4-8d21-418c-8c47-cd2ace0c239f,c2ca9808-766d-490c-9422-9a90cd68289e,1760608118242001326,933.86,660.25,1,38,,7.750007079283471,-3.0919356330777847
648286a4-8d21-418c-8c47-cd2ace0c239f,c2ca9808-766d-490c-9422-9a90cd68289e,1760608118247006326,931.882,660.87,1,38,,7.622466122558695,-3.1322372058391625
648286a4-8d21-418c-8c47-cd2ace0c239f,c2ca9808-766d-490c-9422-9a90cd68289e,1760608118252004326,926.81,667.185,1,38,,7.296693989755024,-3.540254982650417
648286a4-8d21-418c-8c47-cd2ace0c239f,c2ca9808-766d-490c-9422-9a90cd68289e,1760608118257001326,926.713,666.057,1,38,,7.290080559982823,-3.467561744574301
648286a4-8d21-418c-8c47-cd2ace0c239f,c2ca9808-766d-490c-9422-9a90cd68289e,1760608118262004326,928.438,666.213,1,38,,7.401588828769758,-3.4772584473018466
648286a4-8d21-418c-8c47-cd2ace0c239f,c2ca9808-766d-490c-9422-9a90cd68289e,1760608118267001326,932.004,662.214,1,38,,7.630732700117477,-3.218855213342402
648286a4-8d21-418c-8c47-cd2ace0c239f,c2ca9808-766d-490c-9422-9a90cd68289e,1760608118272002326,926.837,656.815,1,38,,7.2955902250199145,-2.8718119878707147
648286a4-8d21-418c-8c47-cd2ace0c239f,c2ca9808-766d-490c-9422-9a90cd68289e,1760608118277007326,927.44,654.596,1,38,,7.333999542078588,-2.7286688496085914
648286a4-8d21-418c-8c47-cd2ace0c239f,c2ca9808-766d-490c-9422-9a90cd68289e,1760608118282002326,927.482,652.343,1,38,,7.336209205713899,-2.5834346497694805
648286a4-8d21-418c-8c47-cd2ace0c239f,c2ca9808-766d-490c-9422-9a90cd68289e,1760608118287002326,932.062,660.815,1,38,,7.6340623899745665,-3.128658991509928
648286a4-8d21-418c-8c47-cd2ace0c239f,c2ca9808-766d-490c-9422-9a90cd68289e,1760608118292002326,929.726,661.75,1,38,,7.483467796178469,-3.189356040345339
648286a4-8d21-418c-8c47-cd2ace0c239f,c2ca9808-766d-490c-9422-9a90cd68289e,1760608118297002326,932.359,664.971,1,38,,7.654487265856614,-3.396425301424644
648286a4-8d21-418c-8c47-cd2ace0c239f,c2ca9808-766d-490c-9422-9a90cd68289e,1760608118302127326,931.597,664.718,1,38,,7.605165330420079,-3.3802547822393
648286a4-8d21-418c-8c47-cd2ace0c239f,c2ca9808-766d-490c-9422-9a90cd68289e,1760608118307127326,930.669,664.237,1,38,,7.545068944027842,-3.349417895630451
648286a4-8d21-418c-8c47-cd2ace0c239f,c2ca9808-766d-490c-9422-9a90cd68289e,1760608118312127326,930.414,663.635,1,38,,7.52846595560721,-3.3107398257369995
648286a4-8d21-418c-8c47-cd2ace0c239f,c2ca9808-766d-490c-9422-9a90cd68289e,1760608118317130326,931.792,664.768,1,38,,7.6177715775560335,-3.3834276090653765
648286a4-8d21-418c-8c47-cd2ace0c239f,c2ca9808-766d-490c-9422-9a90cd68289e,1760608118322138326,932.534,662.165,1,38,,7.664968156139645,-3.215584592349211
648286a4-8d21-418c-8c47-cd2ace0c239f,c2ca9808-766d-490c-9422-9a90cd68289e,1760608118327127326,927.338,656.761,1,38,,7.327937341990465,-2.86822559914217
648286a4-8d21-418c-8c47-cd2ace0c239f,c2ca9808-766d-490c-9422-9a90cd68289e,1760608118332127326,932.117,665.446,1,38,,7.6390006354814775,-3.4270522817691305
648286a4-8d21-418c-8c47-cd2ace0c239f,c2ca9808-766d-490c-9422-9a90cd68289e,1760608118337133326,933.034,666.501,1,38,,7.698571784093396,-3.4948619731155475
648286a4-8d21-418c-8c47-cd2ace0c239f,c2ca9808-766d-490c-9422-9a90cd68289e,1760608118342127326,931.33,661.501,1,38,,7.5870217377930915,-3.1730029090323173
648286a4-8d21-418c-8c47-cd2ace0c239f,c2ca9808-766d-490c-9422-9a90cd68289e,1760608118347133326,930.803,658.987,1,38,,7.5522930740007155,-3.011078802780949
648286a4-8d21-418c-8c47-cd2ace0c239f,c2ca9808-766d-490c-9422-9a90cd68289e,1760608118352127326,933.289,661.039,1,38,,7.713408512721832,-3.1428548443106394
648286a4-8d21-418c-8c47-cd2ace0c239f,c2ca9808-766d-490c-9422-9a90cd68289e,1760608118357132326,932.828,658.883,1,38,,7.68300618810272,-3.003999774160612
648286a4-8d21-418c-8c47-cd2ace0c239f,c2ca9808-766d-490c-9422-9a90cd68289e,1760608118362128326,932.272,659.247,1,38,,7.647187739982411,-3.0275824999618823
648286a4-8d21-418c-8c47-cd2ace0c239f,c2ca9808-766d-490c-9422-9a90cd68289e,1760608118367127326,933.894,660.858,1,38,,7.752400263540265,-3.131080978416866
648286a4-8d21-418c-8c47-cd2ace0c239f,c2ca9808-766d-490c-9422-9a90cd68289e,1760608118372128326,935.485,658.033,1,38,,7.854370616754586,-2.9487884566266236
648286a4-8d21-418c-8c47-cd2ace0c239f,c2ca9808-766d-490c-9422-9a90cd68289e,1760608118377128326,936.349,658.655,1,38,,7.910328401540859,-2.9886979977205566
648286a4-8d21-418c-8c47-cd2ace0c239f,c2ca9808-766d-490c-9422-9a90cd68289e,1760608118382128326,934.383,654.159,1,38,,7.782180764031707,-2.6993372675255474
648286a4-8d21-418c-8c47-cd2ace0c239f,c2ca9808-766d-490c-9422-9a90cd68289e,1760608118387128326,934.86,658.606,1,38,,7.814119901752517,-2.985825620252027
648286a4-8d21-418c-8c47-cd2ace0c239f,c2ca9808-766d-490c-9422-9a90cd68289e,1760608118392128326,933.05,653.864,1,38,,7.696047189789128,-2.6805614842775056
648286a4-8d21-418c-8c47-cd2ace0c239f,c2ca9808-766d-490c-9422-9a90cd68289e,1760608118397128326,930.758,654.673,1,38,,7.548257323834057,-2.733070012933812
648286a4-8d21-418c-8c47-cd2ace0c239f,c2ca9808-766d-490c-9422-9a90cd68289e,1760608118402128326,930.378,652.162,1,38,,7.523166861679796,-2.5713144206031773
648286a4-8d21-418c-8c47-cd2ace0c239f,c2ca9808-766d-490c-9422-9a90cd68289e,1760608118407133326,932.919,651.083,1,38,,7.686947165546937,-2.5013839284229773
648286a4-8d21-418c-8c47-cd2ace0c239f,c2ca9808-766d-490c-9422-9a90cd68289e,1760608118412128326,931.6,650.735,1,38,,7.601761374047876,-2.4791468729507047
648286a4-8d21-418c-8c47-cd2ace0c239f,c2ca9808-766d-490c-9422-9a90cd68289e,1760608118417128326,929.827,652.501,1,38,,7.487698623692841,-2.593280192095347
648286a4-8d21-418c-8c47-cd2ace0c239f,c2ca9808-766d-490c-9422-9a90cd68289e,1760608118422128326,931.937,657.903,1,38,,7.6252415341007085,-2.941046893290877
648286a4-8d21-418c-8c47-cd2ace0c239f,c2ca9808-766d-490c-9422-9a90cd68289e,1760608118427128326,930.547,659.837,1,38,,7.535954113849464,-3.0659604178705786
648286a4-8d21-418c-8c47-cd2ace0c239f,c2ca9808-766d-490c-9422-9a90cd68289e,1760608118432129326,932.212,660.245,1,38,,7.643632652964803,-3.091912717670945
648286a4-8d21-418c-8c47-cd2ace0c239f,c2ca9808-766d-490c-9422-9a90cd68289e,1760608118437253326,932.604,653.006,1,38,,7.667046997617621,-2.62537107924691
648286a4-8d21-418c-8c47-cd2ace0c239f,c2ca9808-766d-490c-9422-9a90cd68289e,1760608118442253326,934.168,650.396,1,38,,7.767458677363621,-2.4569641136949625
648286a4-8d21-418c-8c47-cd2ace0c239f,c2ca9808-766d-490c-9422-9a90cd68289e,1760608118447253326,933.302,651.831,1,38,,7.711896045722707,-2.5495157358842726
648286a4-8d21-418c-8c47-cd2ace0c239f,c2ca9808-766d-490c-9422-9a90cd68289e,1760608118452253326,931.017,654.157,1,38,,7.564909970371505,-2.699792802734257
648286a4-8d21-418c-8c47-cd2ace0c239f,c2ca9808-766d-490c-9422-9a90cd68289e,1760608118457253326,935.253,655.579,1,,,7.838736965893502,-2.7907283987280573
648286a4-8d21-418c-8c47-cd2ace0c239f,c2ca9808-766d-490c-9422-9a90cd68289e,1760608118462253326,935.093,658.0,1,,,7.829049863836084,-2.9467104170916567
648286a4-8d21-418c-8c47-cd2ace0c239f,c2ca9808-766d-490c-9422-9a90cd68289e,1760608118467254326,941.323,662.317,1,,,8.23251173169115,-3.2235226604741363
648286a4-8d21-418c-8c47-cd2ace0c239f,c2ca9808-766d-490c-9422-9a90cd68289e,1760608118472255326,955.348,667.405,1,,,9.139638266011591,-3.54777139413665
648286a4-8d21-418c-8c47-cd2ace0c239f,c2ca9808-766d-490c-9422-9a90cd68289e,1760608118477254326,967.313,673.724,1,,,9.914557803384689,-3.950692064155487
648286a4-8d21-418c-8c47-cd2ace0c239f,c2ca9808-766d-490c-9422-9a90cd68289e,1760608118482254326,969.242,672.033,1,39,,10.038260898409552,-3.841420519489659
648286a4-8d21-418c-8c47-cd2ace0c239f,c2ca9808-766d-490c-9422-9a90cd68289e,1760608118487254326,969.421,667.719,1,39,,10.047880869758083,-3.5641038268902085
648286a4-8d21-418c-8c47-cd2ace0c239f,c2ca9808-766d-490c-9422-9a90cd68289e,1760608118492254326,967.65,670.317,1,39,,9.934776020771132,-3.7315861266711967
648286a4-8d21-418c-8c47-cd2ace0c239f,c2ca9808-766d-490c-9422-9a90cd68289e,1760608118497254326,963.339,667.22,1,39,,9.655292668697966,-3.5337560900338834
648286a4-8d21-418c-8c47-cd2ace0c239f,c2ca9808-766d-490c-9422-9a90cd68289e,1760608118502254326,967.611,664.128,1,39,,9.92965253026161,-3.3338286147320293
648286a4-8d21-418c-8c47-cd2ace0c239f,c2ca9808-766d-490c-9422-9a90cd68289e,1760608118507255326,963.906,660.903,1,39,,9.689491772462047,-3.1274271348806577
648286a4-8d21-418c-8c47-cd2ace0c239f,c2ca9808-766d-490c-9422-9a90cd68289e,1760608118512257326,962.631,661.588,1,39,,9.607453716734593,-3.171760810376129
648286a4-8d21-418c-8c47-cd2ace0c239f,c2ca9808-766d-490c-9422-9a90cd68289e,1760608118517263326,960.684,662.417,1,39,,9.482140981380958,-3.22557006316792
648286a4-8d21-418c-8c47-cd2ace0c239f,c2ca9808-766d-490c-9422-9a90cd68289e,1760608118522254326,959.137,660.66,1,39,,9.381696786794107,-3.1129462761986866
648286a4-8d21-418c-8c47-cd2ace0c239f,c2ca9808-766d-490c-9422-9a90cd68289e,1760608118527269326,961.033,659.532,1,39,,9.503671345511243,-3.0399207349801487
648286a4-8d21-418c-8c47-cd2ace0c239f,c2ca9808-766d-490c-9422-9a90cd68289e,1760608118532254326,965.5,663.812,1,39,,9.793393596571486,-3.3140542735349388
648286a4-8d21-418c-8c47-cd2ace0c239f,c2ca9808-766d-490c-9422-9a90cd68289e,1760608118537267326,962.854,656.484,1,39,,9.620127221527497,-2.843545333329877
648286a4-8d21-418c-8c47-cd2ace0c239f,c2ca9808-766d-490c-9422-9a90cd68289e,1760608118542254326,962.216,653.932,1,39,,9.578161592989632,-2.6795666985836206
648286a4-8d21-418c-8c47-cd2ace0c239f,c2ca9808-766d-490c-9422-9a90cd68289e,1760608118547254326,961.084,652.053,1,39,,9.504595687767084,-2.5589336727197423
648286a4-8d21-418c-8c47-cd2ace0c239f,c2ca9808-766d-490c-9422-9a90cd68289e,1760608118552254326,956.74,652.46,1,39,,9.224512344928423,-2.585969366934481
648286a4-8d21-418c-8c47-cd2ace0c239f,c2ca9808-766d-490c-9422-9a90cd68289e,1760608118557254326,966.801,661.785,1,39,,9.876541866223999,-3.1834255198002896
648286a4-8d21-418c-8c47-cd2ace0c239f,c2ca9808-766d-490c-9422-9a90cd68289e,1760608118562254326,966.181,661.634,1,39,,9.836524586419687,-3.1738885298793016
648286a4-8d21-418c-8c47-cd2ace0c239f,c2ca9808-766d-490c-9422-9a90cd68289e,1760608118567254326,967.198,657.671,1,39,,9.900718575257928,-2.9188555159697818
648286a4-8d21-418c-8c47-cd2ace0c239f,c2ca9808-766d-490c-9422-9a90cd68289e,1760608118572380326,967.264,656.361,1,39,,9.904544695118824,-2.834633645335169
648286a4-8d21-418c-8c47-cd2ace0c239f,c2ca9808-766d-490c-9422-9a90cd68289e,1760608118577263326,967.406,658.076,1,39,,9.914257071079044,-2.944879088386228
648286a4-8d21-418c-8c47-cd2ace0c239f,c2ca9808-766d-490c-9422-9a90cd68289e,1760608118582380326,967.861,658.717,1,39,,9.943792477238336,-2.985944633809955
648286a4-8d21-418c-8c47-cd2ace0c239f,c2ca9808-766d-490c-9422-9a90cd68289e,1760608118587381326,966.183,659.643,1,39,,9.835917033974098,-3.045889277718801
648286a4-8d21-418c-8c47-cd2ace0c239f,c2ca9808-766d-490c-9422-9a90cd68289e,1760608118592380326,965.856,660.759,1,39,,9.8152108426383,-3.1177336918274503
648286a4-8d21-418c-8c47-cd2ace0c239f,c2ca9808-766d-490c-9422-9a90cd68289e,1760608118597383326,964.531,660.24,1,39,,9.729543647831502,-3.084632197732509
648286a4-8d21-418c-8c47-cd2ace0c239f,c2ca9808-766d-490c-9422-9a90cd68289e,1760608118602380326,966.457,662.586,1,39,,9.85462663447432,-3.2350351504783528
648286a4-8d21-418c-8c47-cd2ace0c239f,c2ca9808-766d-490c-9422-9a90cd68289e,1760608118607380326,967.996,663.768,1,39,,9.954349837907143,-3.310562113520262
648286a4-8d21-418c-8c47-cd2ace0c239f,c2ca9808-766d-490c-9422-9a90cd68289e,1760608118612383326,967.762,663.672,1,39,,9.939220943313753,-3.304452341856176
648286a4-8d21-418c-8c47-cd2ace0c239f,c2ca9808-766d-490c-9422-9a90cd68289e,1760608118617385326,967.558,663.106,1,39,,9.925841907832336,-3.2681654316170676
648286a4-8d21-418c-8c47-cd2ace0c239f,c2ca9808-766d-490c-9422-9a90cd68289e,1760608118622380326,969.043,664.06,1,39,,10.022013843729908,-3.329088838586234
648286a4-8d21-418c-8c47-cd2ace0c239f,c2ca9808-766d-490c-9422-9a90cd68289e,1760608118627391326,971.005,661.32,1,39,,10.147548421239918,-3.152463538301375
648286a4-8d21-418c-8c47-cd2ace0c239f,c2ca9808-766d-490c-9422-9a90cd68289e,1760608118632380326,968.462,661.376,1,39,,9.983559171870017,-3.156752215476614
648286a4-8d21-418c-8c47-cd2ace0c239f,c2ca9808-766d-490c-9422-9a90cd68289e,1760608118637380326,967.401,665.578,1,39,,9.91668279692574,-3.427104752353711
648286a4-8d21-418c-8c47-cd2ace0c239f,c2ca9808-766d-490c-9422-9a90cd68289e,1760608118642380326,967.577,668.164,1,39,,9.929145556915909,-3.593268715624169
648286a4-8d21-418c-8c47-cd2ace0c239f,c2ca9808-766d-490c-9422-9a90cd68289e,1760608118647380326,971.809,662.895,1,39,,10.199955774531821,-3.2534873634676296
648286a4-8d21-418c-8c47-cd2ace0c239f,c2ca9808-766d-490c-9422-9a90cd68289e,1760608118652390326,958.151,666.551,1,39,,9.320233703695877,-3.4920924847425647
648286a4-8d21-418c-8c47-cd2ace0c239f,c2ca9808-766d-490c-9422-9a90cd68289e,1760608118657381326,958.669,667.65,1,39,,9.354073421258452,-3.562661784302465
648286a4-8d21-418c-8c47-cd2ace0c239f,c2ca9808-766d-490c-9422-9a90cd68289e,1760608118662381326,959.127,668.629,1,39,,9.384016334342316,-3.6254921790267334
648286a4-8d21-418c-8c47-cd2ace0c239f,c2ca9808-766d-490c-9422-9a90cd68289e,1760608118667381326,970.724,670.432,1,39,,10.133163998277332,-3.738091127121547
648286a4-8d21-418c-8c47-cd2ace0c239f,c2ca9808-766d-490c-9422-9a90cd68289e,1760608118672387326,968.894,668.146,1,39,,10.014054055202408,-3.5917027850629455
648286a4-8d21-418c-8c47-cd2ace0c239f,c2ca9808-766d-490c-9422-9a90cd68289e,1760608118677381326,965.369,665.709,1,39,,9.785687195803224,-3.4360767926240174
648286a4-8d21-418c-8c47-cd2ace0c239f,c2ca9808-766d-490c-9422-9a90cd68289e,1760608118682381326,967.569,666.46,1,39,,9.927906282125921,-3.48373100822954
648286a4-8d21-418c-8c47-cd2ace0c239f,c2ca9808-766d-490c-9422-9a90cd68289e,1760608118687381326,964.392,665.107,1,39,,9.72236180806894,-3.3975913830514854
648286a4-8d21-418c-8c47-cd2ace0c239f,c2ca9808-766d-490c-9422-9a90cd68289e,1760608118692381326,966.937,665.792,1,39,,9.886838407216922,-3.440929400263302
648286a4-8d21-418c-8c47-cd2ace0c239f,c2ca9808-766d-490c-9422-9a90cd68289e,1760608118697381326,967.051,663.708,1,39,,9.893373467694255,-3.3069518878619815
648286a4-8d21-418c-8c47-cd2ace0c239f,c2ca9808-766d-490c-9422-9a90cd68289e,1760608118702384326,959.831,663.609,1,39,,9.427567527240889,-3.3024373543530556
648286a4-8d21-418c-8c47-cd2ace0c239f,c2ca9808-766d-490c-9422-9a90cd68289e,1760608118707385326,961.95,658.606,1,39,,9.562512817004869,-2.980158578473389
648286a4-8d21-418c-8c47-cd2ace0c239f,c2ca9808-766d-490c-9422-9a90cd68289e,1760608118712506326,965.804,660.415,1,39,,9.811721702104544,-3.095580660762018
648286a4-8d21-418c-8c47-cd2ace0c239f,c2ca9808-766d-490c-9422-9a90cd68289e,1760608118717506326,963.228,669.508,1,39,,9.649032036232141,-3.6808570115787504
648286a4-8d21-418c-8c47-cd2ace0c239f,c2ca9808-766d-490c-9422-9a90cd68289e,1760608118722506326,963.284,669.558,1,39,,9.65271210484436,-3.6840859539924486
648286a4-8d21-418c-8c47-cd2ace0c239f,c2ca9808-766d-490c-9422-9a90cd68289e,1760608118727506326,964.498,668.767,1,39,,9.730679907862305,-3.632882951533057
648286a4-8d21-418c-8c47-cd2ace0c239f,c2ca9808-766d-490c-9422-9a90cd68289e,1760608118732506326,964.253,667.629,1,39,,9.71442318971178,-3.559770582658701
648286a4-8d21-418c-8c47-cd2ace0c239f,c2ca9808-766d-490c-9422-9a90cd68289e,1760608118737506326,964.818,666.33,1,,,9.75032934805135,-3.476093969314683
648286a4-8d21-418c-8c47-cd2ace0c239f,c2ca9808-766d-490c-9422-9a90cd68289e,1760608118742507326,964.949,663.205,1,,,9.757611982253168,-3.275172479030229
648286a4-8d21-418c-8c47-cd2ace0c239f,c2ca9808-766d-490c-9422-9a90cd68289e,1760608118747506326,958.106,662.649,1,,,9.31586391362756,-3.2411070115572604
648286a4-8d21-418c-8c47-cd2ace0c239f,c2ca9808-766d-490c-9422-9a90cd68289e,1760608118752506326,941.615,668.427,1,,,8.253370507780517,-3.61692059895772
648286a4-8d21-418c-8c47-cd2ace0c239f,c2ca9808-766d-490c-9422-9a90cd68289e,1760608118757509326,936.126,666.87,1,,,7.898351167493733,-3.517941321515541
648286a4-8d21-418c-8c47-cd2ace0c239f,c2ca9808-766d-490c-9422-9a90cd68289e,1760608118762507326,933.398,664.03,1,,,7.721272496041554,-3.335561910442404
648286a4-8d21-418c-8c47-cd2ace0c239f,c2ca9808-766d-490c-9422-9a90cd68289e,1760608118767507326,932.041,653.678,1,40,,7.63091302469985,-2.6687634734187897
648286a4-8d21-418c-8c47-cd2ace0c239f,c2ca9808-766d-490c-9422-9a90cd68289e,1760608118772507326,931.358,657.103,1,40,,7.587613993537563,-2.8896101128928553
648286a4-8d21-418c-8c47-cd2ace0c239f,c2ca9808-766d-490c-9422-9a90cd68289e,1760608118777507326,930.803,657.308,1,40,,7.551868526698502,-2.9028884906098393
648286a4-8d21-418c-8c47-cd2ace0c239f,c2ca9808-766d-490c-9422-9a90cd68289e,1760608118782512326,931.962,653.028,1,40,,7.625622322117826,-2.6268909658421644
648286a4-8d21-418c-8c47-cd2ace0c239f,c2ca9808-766d-490c-9422-9a90cd68289e,1760608118787507326,932.709,653.635,1,40,,7.673988621239273,-2.6658531296377688
648286a4-8d21-418c-8c47-cd2ace0c239f,c2ca9808-766d-490c-9422-9a90cd68289e,1760608118792509326,931.745,663.936,1,40,,7.614480218253901,-3.3298293005257085
648286a4-8d21-418c-8c47-cd2ace0c239f,c2ca9808-766d-490c-9422-9a90cd68289e,1760608118797510326,927.052,658.526,1,40,,7.309957220561314,-2.982083370466885
648286a4-8d21-418c-8c47-cd2ace0c239f,c2ca9808-766d-490c-9422-9a90cd68289e,1760608118802507326,929.321,659.407,1,40,,7.456718776307312,-3.038447347442934
648286a4-8d21-418c-8c47-cd2ace0c239f,c2ca9808-766d-490c-9422-9a90cd68289e,1760608118807507326,925.613,655.905,1,40,,7.216362036883023,-2.8133524939320003
648286a4-8d21-418c-8c47-cd2ace0c239f,c2ca9808-766d-490c-9422-9a90cd68289e,1760608118812507326,925.91,658.054,1,40,,7.236070449610425,-2.951818687212356
648286a4-8d21-418c-8c47-cd2ace0c239f,c2ca9808-766d-490c-9422-9a90cd68289e,1760608118817507326,924.208,651.47,1,40,,7.124641003429587,-2.5276370288403185
648286a4-8d21-418c-8c47-cd2ace0c239f,c2ca9808-766d-490c-9422-9a90cd68289e,1760608118822507326,926.88,653.007,1,40,,7.297501229770619,-2.6263651785283817
648286a4-8d21-418c-8c47-cd2ace0c239f,c2ca9808-766d-490c-9422-9a90cd68289e,1760608118827507326,923.686,652.883,1,40,,7.091234059314697,-2.618844941823523
648286a4-8d21-418c-8c47-cd2ace0c239f,c2ca9808-766d-490c-9422-9a90cd68289e,1760608118832507326,924.352,654.175,1,40,,7.134515368894337,-2.7020531553980454
648286a4-8d21-418c-8c47-cd2ace0c239f,c2ca9808-766d-490c-9422-9a90cd68289e,1760608118837523326,930.092,649.669,1,40,,7.504183883245587,-2.4107214695388923
648286a4-8d21-418c-8c47-cd2ace0c239f,c2ca9808-766d-490c-9422-9a90cd68289e,1760608118842508326,931.114,651.06,1,40,,7.5704639228458275,-2.5002181445026563
648286a4-8d21-418c-8c47-cd2ace0c239f,c2ca9808-766d-490c-9422-9a90cd68289e,1760608118847633326,935.093,653.057,1,40,,7.82779463850199,-2.6282151960993807
648286a4-8d21-418c-8c47-cd2ace0c239f,c2ca9808-766d-490c-9422-9a90cd68289e,1760608118852633326,932.437,647.229,1,40,,7.6550566921677925,-2.253076416646811
648286a4-8d21-418c-8c47-cd2ace0c239f,c2ca9808-766d-490c-9422-9a90cd68289e,1760608118857642326,932.771,652.212,1,40,,7.677663112107633,-2.5741858800558943
648286a4-8d21-418c-8c47-cd2ace0c239f,c2ca9808-766d-490c-9422-9a90cd68289e,1760608118862633326,931.468,650.287,1,40,,7.593125417067295,-2.4503185609753806
648286a4-8d21-418c-8c47-cd2ace0c239f,c2ca9808-766d-490c-9422-9a90cd68289e,1760608118867633326,929.99,652.093,1,40,,7.498088603348769,-2.5669730652213913
648286a4-8d21-418c-8c47-cd2ace0c239f,c2ca9808-766d-490c-9422-9a90cd68289e,1760608118872633326,928.89,651.633,1,40,,7.426992130145012,-2.5374920732665083
648286a4-8d21-418c-8c47-cd2ace0c239f,c2ca9808-766d-490c-9422-9a90cd68289e,1760608118877636326,929.49,650.97,1,40,,7.465600226947398,-2.4946464014219
648286a4-8d21-418c-8c47-cd2ace0c239f,c2ca9808-766d-490c-9422-9a90cd68289e,1760608118882633326,928.596,657.866,1,40,,7.409459144982005,-2.939226403876732
648286a4-8d21-418c-8c47-cd2ace0c239f,c2ca9808-766d-490c-9422-9a90cd68289e,1760608118887633326,928.766,655.802,1,40,,7.419935951651381,-2.8061765069318274
648286a4-8d21-418c-8c47-cd2ace0c239f,c2ca9808-766d-490c-9422-9a90cd68289e,1760608118892633326,927.044,654.577,1,40,,7.3084201036770775,-2.7274935390098802
648286a4-8d21-418c-8c47-cd2ace0c239f,c2ca9808-766d-490c-9422-9a90cd68289e,1760608118897641326,931.779,643.701,1,40,,7.611927786315757,-2.025823869935137
648286a4-8d21-418c-8c47-cd2ace0c239f,c2ca9808-766d-490c-9422-9a90cd68289e,1760608118902648326,931.701,645.572,1,40,,7.607228816371713,-2.1464400220319955
648286a4-8d21-418c-8c47-cd2ace0c239f,c2ca9808-766d-490c-9422-9a90cd68289e,1760608118907633326,934.883,651.754,1,,,7.813902861815291,-2.5443124943612823
648286a4-8d21-418c-8c47-cd2ace0c239f,c2ca9808-766d-490c-9422-9a90cd68289e,1760608118912633326,934.625,648.368,1,,,7.796529717547755,-2.3262186864974512
648286a4-8d21-418c-8c47-cd2ace0c239f,c2ca9808-766d-490c-9422-9a90cd68289e,1760608118917633326,918.152,651.168,1,,,6.733516880940581,-2.5090424524475923
648286a4-8d21-418c-8c47-cd2ace0c239f,c2ca9808-766d-490c-9422-9a90cd68289e,1760608118922633326,892.372,652.818,1,,,5.06818532090372,-2.6187289947373036
648286a4-8d21-418c-8c47-cd2ace0c239f,c2ca9808-766d-490c-9422-9a90cd68289e,1760608118927633326,857.366,650.627,1,,,2.8047803341514275,-2.4800505226753393
648286a4-8d21-418c-8c47-cd2ace0c239f,c2ca9808-766d-490c-9422-9a90cd68289e,1760608118932637326,811.569,648.043,1,,,-0.15761835708401525,-2.3142803689906
648286a4-8d21-418c-8c47-cd2ace0c239f,c2ca9808-766d-490c-9422-9a90cd68289e,1760608118937648326,791.063,619.34,1,,,-1.4834802677737782,-0.45737950988473536
648286a4-8d21-418c-8c47-cd2ace0c239f,c2ca9808-766d-490c-9422-9a90cd68289e,1760608118942644326,760.111,606.115,1,,,-3.4848673404221033,0.3979193902495466
648286a4-8d21-418c-8c47-cd2ace0c239f,c2ca9808-766d-490c-9422-9a90cd68289e,1760608118947633326,755.9,604.045,1,,,-3.7571500316344313,0.5317001111657137
648286a4-8d21-418c-8c47-cd2ace0c239f,c2ca9808-766d-490c-9422-9a90cd68289e,1760608118952633326,750.614,594.494,1,41,,-4.099308847668214,1.1489404592119572
648286a4-8d21-418c-8c47-cd2ace0c239f,c2ca9808-766d-490c-9422-9a90cd68289e,1760608118957634326,753.326,598.909,1,41,,-3.923712504975134,0.8636541946866685
648286a4-8d21-418c-8c47-cd2ace0c239f,c2ca9808-766d-490c-9422-9a90cd68289e,1760608118962637326,756.316,603.269,1,41,,-3.7302471224519853,0.5818322168018679
648286a4-8d21-418c-8c47-cd2ace0c239f,c2ca9808-766d-490c-9422-9a90cd68289e,1760608118967634326,761.399,607.835,1,41,,-3.401542302960271,0.2867019971647083
648286a4-8d21-418c-8c47-cd2ace0c239f,c2ca9808-766d-490c-9422-9a90cd68289e,1760608118972634326,760.799,609.549,1,41,,-3.4403378829792923,0.17590473256469333
648286a4-8d21-418c-8c47-cd2ace0c239f,c2ca9808-766d-490c-9422-9a90cd68289e,1760608118977638326,758.52,606.713,1,41,,-3.5876796836069365,0.3592497524428895
648286a4-8d21-418c-8c47-cd2ace0c239f,c2ca9808-766d-490c-9422-9a90cd68289e,1760608118982759326,764.134,605.694,1,41,,-3.224731272039987,0.425194207024686
648286a4-8d21-418c-8c47-cd2ace0c239f,c2ca9808-766d-490c-9422-9a90cd68289e,1760608118987759326,765.353,607.333,1,41,,-3.145930841168226,0.3191828853810344
648286a4-8d21-418c-8c47-cd2ace0c239f,c2ca9808-766d-490c-9422-9a90cd68289e,1760608118992759326,762.578,611.254,1,41,,-3.325302614568182,0.06565703603633177
648286a4-8d21-418c-8c47-cd2ace0c239f,c2ca9808-766d-490c-9422-9a90cd68289e,1760608118997759326,762.594,611.137,1,41,,-3.3242415397971357,0.07321830416145415
648286a4-8d21-418c-8c47-cd2ace0c239f,c2ca9808-766d-490c-9422-9a90cd68289e,1760608119002759326,760.339,607.875,1,41,,-3.4700697378385033,0.2841026926099727
648286a4-8d21-418c-8c47-cd2ace0c239f,c2ca9808-766d-490c-9422-9a90cd68289e,1760608119007759326,760.546,606.573,1,41,,-3.4567316360251006,0.36831924219083906
648286a4-8d21-418c-8c47-cd2ace0c239f,c2ca9808-766d-490c-9422-9a90cd68289e,1760608119012759326,771.003,604.369,1,41,,-2.780623728187435,0.5109290471826539
648286a4-8d21-418c-8c47-cd2ace0c239f,c2ca9808-766d-490c-9422-9a90cd68289e,1760608119017759326,769.682,604.215,1,41,,-2.866055618448208,0.5208546981000473
648286a4-8d21-418c-8c47-cd2ace0c239f,c2ca9808-766d-490c-9422-9a90cd68289e,1760608119022766326,767.394,610.091,1,41,,-3.0139409800485857,0.14084690829431065
648286a4-8d21-418c-8c47-cd2ace0c239f,c2ca9808-766d-490c-9422-9a90cd68289e,1760608119027759326,764.712,609.301,1,41,,-3.187297411748443,0.191960712324421
648286a4-8d21-418c-8c47-cd2ace0c239f,c2ca9808-766d-490c-9422-9a90cd68289e,1760608119032759326,764.721,608.83,1,41,,-3.186721619065139,0.2224283450405222
648286a4-8d21-418c-8c47-cd2ace0c239f,c2ca9808-766d-490c-9422-9a90cd68289e,1760608119037759326,766.021,610.185,1,41,,-3.1026524378401836,0.13477375350627557
648286a4-8d21-418c-8c47-cd2ace0c239f,c2ca9808-766d-490c-9422-9a90cd68289e,1760608119042759326,764.776,613.575,1,41,,-3.183160669590849,-0.08442204430508785
648286a4-8d21-418c-8c47-cd2ace0c239f,c2ca9808-766d-490c-9422-9a90cd68289e,1760608119047760326,763.61,611.452,1,41,,-3.2585372779531694,0.052835612160009204
648286a4-8d21-418c-8c47-cd2ace0c239f,c2ca9808-766d-490c-9422-9a90cd68289e,1760608119052760326,762.462,610.437,1,41,,-3.332784530831993,0.11851058522319785
648286a4-8d21-418c-8c47-cd2ace0c239f,c2ca9808-766d-490c-9422-9a90cd68289e,1760608119057770326,763.58,611.789,1,41,,-3.2604937579467306,0.031047149640088464
648286a4-8d21-418c-8c47-cd2ace0c239f,c2ca9808-766d-490c-9422-9a90cd68289e,1760608119062760326,762.284,614.13,1,41,,-3.344260325165632,-0.12032227649959368
648286a4-8d21-418c-8c47-cd2ace0c239f,c2ca9808-766d-490c-9422-9a90cd68289e,1760608119067760326,762.328,615.036,1,41,,-3.3414237349113045,-0.17888604934465066
648286a4-8d21-418c-8c47-cd2ace0c239f,c2ca9808-766d-490c-9422-9a90cd68289e,1760608119072760326,766.159,612.519,1,41,,-3.093722513953142,-0.016112551147500896
648286a4-8d21-418c-8c47-cd2ace0c239f,c2ca9808-766d-490c-9422-9a90cd68289e,1760608119077767326,765.914,612.609,1,41,,-3.1096021807979577,-0.021957273505783855
648286a4-8d21-418c-8c47-cd2ace0c239f,c2ca9808-766d-490c-9422-9a90cd68289e,1760608119082760326,765.228,612.646,1,41,,-3.153953786715813,-0.024347948734156077
648286a4-8d21-418c-8c47-cd2ace0c239f,c2ca9808-766d-490c-9422-9a90cd68289e,1760608119087760326,765.323,614.959,1,41,,-3.1478005036820393,-0.17388167501764856
648286a4-8d21-418c-8c47-cd2ace0c239f,c2ca9808-766d-490c-9422-9a90cd68289e,1760608119092760326,764.322,614.571,1,41,,-3.212504199098633,-0.14881621666351053
648286a4-8d21-418c-8c47-cd2ace0c239f,c2ca9808-766d-490c-9422-9a90cd68289e,1760608119097760326,763.045,610.694,1,41,,-3.295061942488767,0.10185783738467617
648286a4-8d21-418c-8c47-cd2ace0c239f,c2ca9808-766d-490c-9422-9a90cd68289e,1760608119102764326,760.62,615.995,1,41,,-3.4519061871133743,-0.24085896862539036
648286a4-8d21-418c-8c47-cd2ace0c239f,c2ca9808-766d-490c-9422-9a90cd68289e,1760608119107760326,761.458,613.331,1,41,,-3.3977119175510824,-0.06863094531082253
648286a4-8d21-418c-8c47-cd2ace0c239f,c2ca9808-766d-490c-9422-9a90cd68289e,1760608119112766326,759.752,613.693,1,41,,-3.5079693745012,-0.09205805328011993
648286a4-8d21-418c-8c47-cd2ace0c239f,c2ca9808-766d-490c-9422-9a90cd68289e,1760608119117764326,764.551,610.661,1,41,,-3.1977260418547333,0.10401491976796821
648286a4-8d21-418c-8c47-cd2ace0c239f,c2ca9808-766d-490c-9422-9a90cd68289e,1760608119122885326,761.453,616.302,1,41,,-3.398044995750751,-0.26069080667735606
648286a4-8d21-418c-8c47-cd2ace0c239f,c2ca9808-766d-490c-9422-9a90cd68289e,1760608119127775326,760.816,613.047,1,41,,-3.439184546246712,-0.050235988676221595
648286a4-8d21-418c-8c47-cd2ace0c239f,c2ca9808-766d-490c-9422-9a90cd68289e,1760608119132886326,753.724,613.635,1,,,-3.897730649625475,-0.08823675431591156
648286a4-8d21-418c-8c47-cd2ace0c239f,c2ca9808-766d-490c-9422-9a90cd68289e,1760608119137885326,751.07,613.968,1,,,-4.069241552996124,-0.10973936754346576
648286a4-8d21-418c-8c47-cd2ace0c239f,c2ca9808-766d-490c-9422-9a90cd68289e,1760608119142899326,748.274,610.983,1,,,-4.250027549130534,0.08316114344332187
648286a4-8d21-418c-8c47-cd2ace0c239f,c2ca9808-766d-490c-9422-9a90cd68289e,1760608119147885326,740.723,609.371,1,42,,-4.738164472508142,0.18729701648671043
648286a4-8d21-418c-8c47-cd2ace0c239f,c2ca9808-766d-490c-9422-9a90cd68289e,1760608119152886326,737.792,607.981,1,42,,-4.927599028335506,0.2770949888353469
648286a4-8d21-418c-8c47-cd2ace0c239f,c2ca9808-766d-490c-9422-9a90cd68289e,1760608119157886326,736.988,604.393,1,42,,-4.979649773067015,0.5088985381447252
648286a4-8d21-418c-8c47-cd2ace0c239f,c2ca9808-766d-490c-9422-9a90cd68289e,1760608119162886326,736.208,604.726,1,42,,-5.030108423501708,0.4873789808502239
648286a4-8d21-418c-8c47-cd2ace0c239f,c2ca9808-766d-490c-9422-9a90cd68289e,1760608119167886326,734.739,602.978,1,42,,-5.1250785961776115,0.6002740600715717
648286a4-8d21-418c-8c47-cd2ace0c239f,c2ca9808-766d-490c-9422-9a90cd68289e,1760608119172886326,731.901,602.169,1,42,,-5.308555272118157,0.6524407262622214
648286a4-8d21-418c-8c47-cd2ace0c239f,c2ca9808-766d-490c-9422-9a90cd68289e,1760608119177886326,728.271,604.415,1,42,,-5.543041934844866,0.5073009914743027
648286a4-8d21-418c-8c47-cd2ace0c239f,c2ca9808-766d-490c-9422-9a90cd68289e,1760608119182886326,730.702,604.436,1,42,,-5.3859302374664555,0.5060234463622306
648286a4-8d21-418c-8c47-cd2ace0c239f,c2ca9808-766d-490c-9422-9a90cd68289e,1760608119187889326,732.014,605.725,1,42,,-5.301132526819799,0.42274381310870834
648286a4-8d21-418c-8c47-cd2ace0c239f,c2ca9808-766d-490c-9422-9a90cd68289e,1760608119192886326,732.064,605.243,1,42,,-5.297900203620477,0.45393748809337164
648286a4-8d21-418c-8c47-cd2ace0c239f,c2ca9808-766d-490c-9422-9a90cd68289e,1760608119197886326,729.319,607.933,1,42,,-5.475223237880879,0.28014577036817584
648286a4-8d21-418c-8c47-cd2ace0c239f,c2ca9808-766d-490c-9422-9a90cd68289e,1760608119202886326,729.083,606.975,1,42,,-5.490494431226622,0.3419894708872592
648286a4-8d21-418c-8c47-cd2ace0c239f,c2ca9808-766d-490c-9422-9a90cd68289e,1760608119207886326,732.176,604.667,1,42,,-5.290711686810824,0.4910973028700949
648286a4-8d21-418c-8c47-cd2ace0c239f,c2ca9808-766d-490c-9422-9a90cd68289e,1760608119212891326,733.594,605.444,1,42,,-5.198981717280115,0.4409201362061319
648286a4-8d21-418c-8c47-cd2ace0c239f,c2ca9808-766d-490c-9422-9a90cd68289e,1760608119217886326,731.761,605.395,1,42,,-5.317457844433129,0.4441157801413089
648286a4-8d21-418c-8c47-cd2ace0c239f,c2ca9808-766d-490c-9422-9a90cd68289e,1760608119222886326,729.941,607.669,1,42,,-5.43507273266737,0.2971819941788052
648286a4-8d21-418c-8c47-cd2ace0c239f,c2ca9808-766d-490c-9422-9a90cd68289e,1760608119227886326,731.561,609.573,1,42,,-5.33032220952717,0.1741842486192845
648286a4-8d21-418c-8c47-cd2ace0c239f,c2ca9808-766d-490c-9422-9a90cd68289e,1760608119232886326,733.571,608.431,1,42,,-5.20041105042247,0.2479751148762971
648286a4-8d21-418c-8c47-cd2ace0c239f,c2ca9808-766d-490c-9422-9a90cd68289e,1760608119237886326,733.757,605.969,1,42,,-5.188441878659019,0.40703090303752404
648286a4-8d21-418c-8c47-cd2ace0c239f,c2ca9808-766d-490c-9422-9a90cd68289e,1760608119242887326,737.752,612.647,1,42,,-4.930129153149916,-0.024381957284244887
648286a4-8d21-418c-8c47-cd2ace0c239f,c2ca9808-766d-490c-9422-9a90cd68289e,1760608119247887326,734.374,611.059,1,42,,-5.148470367216174,0.07822270210999056
648286a4-8d21-418c-8c47-cd2ace0c239f,c2ca9808-766d-490c-9422-9a90cd68289e,1760608119253016326,733.289,610.708,1,42,,-5.2186272814160475,0.10088350536633489
648286a4-8d21-418c-8c47-cd2ace0c239f,c2ca9808-766d-490c-9422-9a90cd68289e,1760608119258014326,733.244,611.429,1,42,,-5.221522170667553,0.054312656206799106
648286a4-8d21-418c-8c47-cd2ace0c239f,c2ca9808-766d-490c-9422-9a90cd68289e,1760608119263012326,733.495,611.23,1,42,,-5.205314172630879,0.06716601796001806
648286a4-8d21-418c-8c47-cd2ace0c239f,c2ca9808-766d-490c-9422-9a90cd68289e,1760608119268012326,734.12,609.065,1,42,,-5.164948889898674,0.20705332525826753
648286a4-8d21-418c-8c47-cd2ace0c239f,c2ca9808-766d-490c-9422-9a90cd68289e,1760608119273012326,731.719,611.613,1,42,,-5.32007629865151,0.04244108584568292
648286a4-8d21-418c-8c47-cd2ace0c239f,c2ca9808-766d-490c-9422-9a90cd68289e,1760608119278012326,733.425,611.615,1,42,,-5.20984846594741,0.0423269855335654
648286a4-8d21-418c-8c47-cd2ace0c239f,c2ca9808-766d-490c-9422-9a90cd68289e,1760608119283012326,736.223,610.236,1,42,,-5.029021451081419,0.1313984399458226
648286a4-8d21-418c-8c47-cd2ace0c239f,c2ca9808-766d-490c-9422-9a90cd68289e,1760608119288012326,736.532,609.391,1,42,,-5.0090143265461755,0.186028148058581
648286a4-8d21-418c-8c47-cd2ace0c239f,c2ca9808-766d-490c-9422-9a90cd68289e,1760608119293012326,735.008,608.403,1,42,,-5.107549842215946,0.24979660793028516
648286a4-8d21-418c-8c47-cd2ace0c239f,c2ca9808-766d-490c-9422-9a90cd68289e,1760608119298012326,736.563,606.138,1,42,,-5.007080438622484,0.39613226879217334
648286a4-8d21-418c-8c47-cd2ace0c239f,c2ca9808-766d-490c-9422-9a90cd68289e,1760608119303012326,738.291,608.124,1,42,,-4.895381159058948,0.2678559936803184
648286a4-8d21-418c-8c47-cd2ace0c239f,c2ca9808-766d-490c-9422-9a90cd68289e,1760608119308020326,736.955,611.501,1,42,,-4.981704568152168,0.04971310855616776
648286a4-8d21-418c-8c47-cd2ace0c239f,c2ca9808-766d-490c-9422-9a90cd68289e,1760608119313012326,740.136,611.094,1,42,,-4.776086022852644,0.07601481520679716
648286a4-8d21-418c-8c47-cd2ace0c239f,c2ca9808-766d-490c-9422-9a90cd68289e,1760608119318012326,737.872,610.909,1,,,-4.922375155854941,0.08793648069828529
648286a4-8d21-418c-8c47-cd2ace0c239f,c2ca9808-766d-490c-9422-9a90cd68289e,1760608119323012326,739.001,610.12,1,,,-4.849421396586383,0.13892437848123498
648286a4-8d21-418c-8c47-cd2ace0c239f,c2ca9808-766d-490c-9422-9a90cd68289e,1760608119328012326,740.217,602.573,1,,,-4.771016661424035,0.6265787401924939
648286a4-8d21-418c-8c47-cd2ace0c239f,c2ca9808-766d-490c-9422-9a90cd68289e,1760608119333012326,742.641,581.765,1,,,-4.615885857126453,1.971128180672642
648286a4-8d21-418c-8c47-cd2ace0c239f,c2ca9808-766d-490c-9422-9a90cd68289e,1760608119338013326,742.216,552.49,1,,,-4.648216911542008,3.8624240217642494
648286a4-8d21-418c-8c47-cd2ace0c239f,c2ca9808-766d-490c-9422-9a90cd68289e,1760608119343015326,732.02,520.946,1,,,-5.31821117603701,5.8972151942877655
648286a4-8d21-418c-8c47-cd2ace0c239f,c2ca9808-766d-490c-9422-9a90cd68289e,1760608119348013326,753.166,475.705,1,,,-3.9633127286081455,8.821671400166986
648286a4-8d21-418c-8c47-cd2ace0c239f,c2ca9808-766d-490c-9422-9a90cd68289e,1760608119353025326,748.58,479.642,1,,,-4.260103928853581,8.5665034375611
648286a4-8d21-418c-8c47-cd2ace0c239f,c2ca9808-766d-490c-9422-9a90cd68289e,1760608119358013326,747.803,421.039,1,,,-4.344055512132521,12.343264320876965
648286a4-8d21-418c-8c47-cd2ace0c239f,c2ca9808-766d-490c-9422-9a90cd68289e,1760608119363013326,746.843,401.414,1,,,-4.42134951724952,13.606099536606838
648286a4-8d21-418c-8c47-cd2ace0c239f,c2ca9808-766d-490c-9422-9a90cd68289e,1760608119368013326,751.861,397.918,1,,,-4.09376088304893,13.833172854948584
648286a4-8d21-418c-8c47-cd2ace0c239f,c2ca9808-766d-490c-9422-9a90cd68289e,1760608119373015326,754.289,396.963,1,,,-3.934541059050561,13.895634355124605
648286a4-8d21-418c-8c47-cd2ace0c239f,c2ca9808-766d-490c-9422-9a90cd68289e,1760608119378022326,757.563,393.903,1,,,-3.721068700510028,14.093803893985985
648286a4-8d21-418c-8c47-cd2ace0c239f,c2ca9808-766d-490c-9422-9a90cd68289e,1760608119383013326,760.539,390.214,1,,,-3.5274189053776404,14.332250131879999
648286a4-8d21-418c-8c47-cd2ace0c239f,c2ca9808-766d-490c-9422-9a90cd68289e,1760608119388013326,761.776,391.715,1,,,-3.4449173870227603,14.236077551931656
648286a4-8d21-418c-8c47-cd2ace0c239f,c2ca9808-766d-490c-9422-9a90cd68289e,1760608119393138326,758.24,390.169,1,,,-3.6789837554622804,14.334331362840834
648286a4-8d21-418c-8c47-cd2ace0c239f,c2ca9808-766d-490c-9422-9a90cd68289e,1760608119398138326,759.291,387.988,1,,,-3.6111892282538665,14.474996532717325
648286a4-8d21-418c-8c47-cd2ace0c239f,c2ca9808-766d-490c-9422-9a90cd68289e,1760608119403138326,761.372,388.413,1,,,-3.473646689959816,14.448427506151404
648286a4-8d21-418c-8c47-cd2ace0c239f,c2ca9808-766d-490c-9422-9a90cd68289e,1760608119408138326,764.969,386.368,1,,,-3.2377212308333467,14.581291555668347
648286a4-8d21-418c-8c47-cd2ace0c239f,c2ca9808-766d-490c-9422-9a90cd68289e,1760608119413143326,762.799,386.698,1,,,-3.380665919466224,14.559263105862545
648286a4-8d21-418c-8c47-cd2ace0c239f,c2ca9808-766d-490c-9422-9a90cd68289e,1760608119418138326,763.528,385.672,1,,,-3.3332046566715112,14.625538666500624
648286a4-8d21-418c-8c47-cd2ace0c239f,c2ca9808-766d-490c-9422-9a90cd68289e,1760608119423139326,761.854,381.978,1,,,-3.4460664564267267,14.862617359609906
648286a4-8d21-418c-8c47-cd2ace0c239f,c2ca9808-766d-490c-9422-9a90cd68289e,1760608119428138326,763.183,382.982,1,,,-3.357707049717972,14.798542734610482
648286a4-8d21-418c-8c47-cd2ace0c239f,c2ca9808-766d-490c-9422-9a90cd68289e,1760608119433139326,764.508,386.864,1,,,-3.267814746604177,14.549210368730208
648286a4-8d21-418c-8c47-cd2ace0c239f,c2ca9808-766d-490c-9422-9a90cd68289e,1760608119438138326,763.879,384.851,1,,,-3.310571382848854,14.67851522722419
648286a4-8d21-418c-8c47-cd2ace0c239f,c2ca9808-766d-490c-9422-9a90cd68289e,1760608119443139326,764.044,384.408,1,,,-3.2999678751807715,14.70703327110833
648286a4-8d21-418c-8c47-cd2ace0c239f,c2ca9808-766d-490c-9422-9a90cd68289e,1760608119448151326,764.213,377.546,1,,,-3.2932077124077184,15.148570181573243
648286a4-8d21-418c-8c47-cd2ace0c239f,c2ca9808-766d-490c-9422-9a90cd68289e,1760608119453139326,765.728,383.356,1,,,-3.1894352439100695,14.775338765444246
648286a4-8d21-418c-8c47-cd2ace0c239f,c2ca9808-766d-490c-9422-9a90cd68289e,1760608119458139326,759.927,425.786,1,,,-3.546312666806577,12.041713923562948
648286a4-8d21-418c-8c47-cd2ace0c239f,c2ca9808-766d-490c-9422-9a90cd68289e,1760608119463139326,761.131,484.095,1,,,-3.4414946197087333,8.282183373663026
648286a4-8d21-418c-8c47-cd2ace0c239f,c2ca9808-766d-490c-9422-9a90cd68289e,1760608119468139326,738.923,550.034,1,,,-4.8619539957775535,4.020539016243028
648286a4-8d21-418c-8c47-cd2ace0c239f,c2ca9808-766d-490c-9422-9a90cd68289e,1760608119473139326,738.958,576.526,1,,,-4.854668446091751,2.309381805712212
648286a4-8d21-418c-8c47-cd2ace0c239f,c2ca9808-766d-490c-9422-9a90cd68289e,1760608119478139326,749.357,601.898,1,,,-4.180222689062701,0.6703347023582966
648286a4-8d21-418c-8c47-cd2ace0c239f,c2ca9808-766d-490c-9422-9a90cd68289e,1760608119483139326,738.086,628.597,1,,,-4.909052808119969,-1.054822558522062
648286a4-8d21-418c-8c47-cd2ace0c239f,c2ca9808-766d-490c-9422-9a90cd68289e,1760608119488139326,755.362,627.287,1,,,-3.792093577883618,-0.9707785565366649
648286a4-8d21-418c-8c47-cd2ace0c239f,c2ca9808-766d-490c-9422-9a90cd68289e,1760608119493139326,755.166,622.765,1,43,,-3.804616174383287,-0.6784729788078635
648286a4-8d21-418c-8c47-cd2ace0c239f,c2ca9808-766d-490c-9422-9a90cd68289e,1760608119498139326,760.501,614.981,1,43,,-3.4595418153432766,-0.1752968283932924
648286a4-8d21-418c-8c47-cd2ace0c239f,c2ca9808-766d-490c-9422-9a90cd68289e,1760608119503139326,760.766,612.046,1,43,,-3.442404864691528,0.0144697850374818
648286a4-8d21-418c-8c47-cd2ace0c239f,c2ca9808-766d-490c-9422-9a90cd68289e,1760608119508139326,757.445,620.327,1,43,,-3.6572234122693374,-0.5208692311882164
648286a4-8d21-418c-8c47-cd2ace0c239f,c2ca9808-766d-490c-9422-9a90cd68289e,1760608119513139326,755.695,610.179,1,43,,-3.770272095741478,0.1351431416076934
648286a4-8d21-418c-8c47-cd2ace0c239f,c2ca9808-766d-490c-9422-9a90cd68289e,1760608119518139326,758.354,609.093,1,43,,-3.598372871292045,0.20534459590619228
648286a4-8d21-418c-8c47-cd2ace0c239f,c2ca9808-766d-490c-9422-9a90cd68289e,1760608119523139326,758.7,610.143,1,43,,-3.576029488008183,0.13748706444126021
648286a4-8d21-418c-8c47-cd2ace0c239f,c2ca9808-766d-490c-9422-9a90cd68289e,1760608119528264326,759.225,607.169,1,43,,-3.5420877537886772,0.3297867288126155
648286a4-8d21-418c-8c47-cd2ace0c239f,c2ca9808-766d-490c-9422-9a90cd68289e,1760608119533265326,759.649,607.159,1,43,,-3.5146665587722126,0.33042134523525735
648286a4-8d21-418c-8c47-cd2ace0c239f,c2ca9808-766d-490c-9422-9a90cd68289e,1760608119538280326,761.298,605.092,1,43,,-3.4081110378402832,0.46406543042521736
648286a4-8d21-418c-8c47-cd2ace0c239f,c2ca9808-766d-490c-9422-9a90cd68289e,1760608119543265326,761.793,598.76,1,43,,-3.3762617087914757,0.8734611248610504
648286a4-8d21-418c-8c47-cd2ace0c239f,c2ca9808-766d-490c-9422-9a90cd68289e,1760608119548265326,761.486,607.312,1,43,,-3.3959144398506935,0.3205615315014215
648286a4-8d21-418c-8c47-cd2ace0c239f,c2ca9808-766d-490c-9422-9a90cd68289e,1760608119553265326,767.313,598.751,1,43,,-3.0193782913762113,0.8741936934682949
648286a4-8d21-418c-8c47-cd2ace0c239f,c2ca9808-766d-490c-9422-9a90cd68289e,1760608119558265326,767.368,598.276,1,43,,-3.015803017860174,0.9049084518351065
648286a4-8d21-418c-8c47-cd2ace0c239f,c2ca9808-766d-490c-9422-9a90cd68289e,1760608119563265326,765.651,596.696,1,43,,-3.126934426615939,1.0070088586240578
648286a4-8d21-418c-8c47-cd2ace0c239f,c2ca9808-766d-490c-9422-9a90cd68289e,1760608119568265326,775.244,598.773,1,43,,-2.5065399741919157,0.8728634228955139
648286a4-8d21-418c-8c47-cd2ace0c239f,c2ca9808-766d-490c-9422-9a90cd68289e,1760608119573265326,774.436,607.172,1,43,,-2.558628396166444,0.32966908186206434
648286a4-8d21-418c-8c47-cd2ace0c239f,c2ca9808-766d-490c-9422-9a90cd68289e,1760608119578265326,773.983,604.495,1,43,,-2.5879294211937025,0.5028251027976207
648286a4-8d21-418c-8c47-cd2ace0c239f,c2ca9808-766d-490c-9422-9a90cd68289e,1760608119583265326,771.331,604.905,1,43,,-2.75940994325425,0.4762841766443524
648286a4-8d21-418c-8c47-cd2ace0c239f,c2ca9808-766d-490c-9422-9a90cd68289e,1760608119588268326,768.598,608.84,1,43,,-2.9360779632485596,0.22174971785289008
648286a4-8d21-418c-8c47-cd2ace0c239f,c2ca9808-766d-490c-9422-9a90cd68289e,1760608119593265326,767.787,610.979,1,43,,-2.9885105863338217,0.08343684890128457
648286a4-8d21-418c-8c47-cd2ace0c239f,c2ca9808-766d-490c-9422-9a90cd68289e,1760608119598274326,768.758,609.551,1,43,,-2.9257487650034,0.17579218611017364
648286a4-8d21-418c-8c47-cd2ace0c239f,c2ca9808-766d-490c-9422-9a90cd68289e,1760608119603265326,769.526,610.085,1,43,,-2.876052922474873,0.14124234347211165
648286a4-8d21-418c-8c47-cd2ace0c239f,c2ca9808-766d-490c-9422-9a90cd68289e,1760608119608265326,768.808,614.167,1,43,,-2.9224926437499192,-0.12271460022664503
648286a4-8d21-418c-8c47-cd2ace0c239f,c2ca9808-766d-490c-9422-9a90cd68289e,1760608119613266326,769.625,613.974,1,43,,-2.8696467563731787,-0.11020938585310579
648286a4-8d21-418c-8c47-cd2ace0c239f,c2ca9808-766d-490c-9422-9a90cd68289e,1760608119618276326,778.149,607.824,1,43,,-2.318550584780855,0.2875312137339645
648286a4-8d21-418c-8c47-cd2ace0c239f,c2ca9808-766d-490c-9422-9a90cd68289e,1760608119623265326,774.927,606.367,1,43,,-2.526848940748522,0.381754028592554
648286a4-8d21-418c-8c47-cd2ace0c239f,c2ca9808-766d-490c-9422-9a90cd68289e,1760608119628265326,773.035,610.57,1,43,,-2.6491886760976926,0.10990813234590652
648286a4-8d21-418c-8c47-cd2ace0c239f,c2ca9808-766d-490c-9422-9a90cd68289e,1760608119633266326,775.957,608.53,1,43,,-2.4602645513365466,0.2418610663644008
648286a4-8d21-418c-8c47-cd2ace0c239f,c2ca9808-766d-490c-9422-9a90cd68289e,1760608119638266326,774.274,611.557,1,43,,-2.5690649172038746,0.04606098708748912
648286a4-8d21-418c-8c47-cd2ace0c239f,c2ca9808-766d-490c-9422-9a90cd68289e,1760608119643266326,771.762,611.23,1,43,,-2.73149256440087,0.06721758373709495
648286a4-8d21-418c-8c47-cd2ace0c239f,c2ca9808-766d-490c-9422-9a90cd68289e,1760608119648266326,773.708,609.384,1,43,,-2.605646560508745,0.18662550728341035
648286a4-8d21-418c-8c47-cd2ace0c239f,c2ca9808-766d-490c-9422-9a90cd68289e,1760608119653270326,774.975,609.744,1,,,-2.5237630019973145,0.16335493782712693
648286a4-8d21-418c-8c47-cd2ace0c239f,c2ca9808-766d-490c-9422-9a90cd68289e,1760608119658266326,774.483,607.923,1,,,-2.5555502780276207,0.28107692018715263
648286a4-8d21-418c-8c47-cd2ace0c239f,c2ca9808-766d-490c-9422-9a90cd68289e,1760608119663391326,774.2,603.59,1,,,-2.5739352637516877,0.5613585027579541
648286a4-8d21-418c-8c47-cd2ace0c239f,c2ca9808-766d-490c-9422-9a90cd68289e,1760608119668391326,767.653,605.229,1,,,-2.9972232225517983,0.45526483342575286
648286a4-8d21-418c-8c47-cd2ace0c239f,c2ca9808-766d-490c-9422-9a90cd68289e,1760608119673391326,747.997,593.157,1,,,-4.2685863929787216,1.2352447992533895
648286a4-8d21-418c-8c47-cd2ace0c239f,c2ca9808-766d-490c-9422-9a90cd68289e,1760608119678391326,746.156,592.782,1,,,-4.387609625384407,1.2594076205823301
648286a4-8d21-418c-8c47-cd2ace0c239f,c2ca9808-766d-490c-9422-9a90cd68289e,1760608119683404326,752.819,583.553,1,44,,-3.957556005268513,1.8561955555558234
648286a4-8d21-418c-8c47-cd2ace0c239f,c2ca9808-766d-490c-9422-9a90cd68289e,1760608119688398326,751.019,585.4,1,44,,-4.073773898047931,1.7367228956546523
648286a4-8d21-418c-8c47-cd2ace0c239f,c2ca9808-766d-490c-9422-9a90cd68289e,1760608119693394326,749.868,584.805,1,44,,-4.148259926446186,1.7751275259054136
648286a4-8d21-418c-8c47-cd2ace0c239f,c2ca9808-766d-490c-9422-9a90cd68289e,1760608119698391326,748.779,586.111,1,44,,-4.218552399377408,1.6906740691814817
648286a4-8d21-418c-8c47-cd2ace0c239f,c2ca9808-766d-490c-9422-9a90cd68289e,1760608119703391326,751.479,587.838,1,44,,-4.043816408510777,1.5791583519767909
648286a4-8d21-418c-8c47-cd2ace0c239f,c2ca9808-766d-490c-9422-9a90cd68289e,1760608119708391326,751.102,587.575,1,44,,-4.068243419359825,1.5961985125830465
648286a4-8d21-418c-8c47-cd2ace0c239f,c2ca9808-766d-490c-9422-9a90cd68289e,1760608119713391326,749.713,586.742,1,44,,-4.158121945501056,1.6499538205238518
648286a4-8d21-418c-8c47-cd2ace0c239f,c2ca9808-766d-490c-9422-9a90cd68289e,1760608119718396326,750.581,584.28,1,44,,-4.10216965274277,1.8091304226183502
648286a4-8d21-418c-8c47-cd2ace0c239f,c2ca9808-766d-490c-9422-9a90cd68289e,1760608119723391326,746.85,592.881,1,44,,-4.342732537769851,1.253069032885227
648286a4-8d21-418c-8c47-cd2ace0c239f,c2ca9808-766d-490c-9422-9a90cd68289e,1760608119728396326,747.99,595.183,1,44,,-4.2688907750019185,1.1043495535746424
648286a4-8d21-418c-8c47-cd2ace0c239f,c2ca9808-766d-490c-9422-9a90cd68289e,1760608119733392326,750.819,592.841,1,44,,-4.08609944349654,1.2558091897130297
648286a4-8d21-418c-8c47-cd2ace0c239f,c2ca9808-766d-490c-9422-9a90cd68289e,1760608119738392326,750.463,589.833,1,44,,-4.109349605610175,1.450208471029456
648286a4-8d21-418c-8c47-cd2ace0c239f,c2ca9808-766d-490c-9422-9a90cd68289e,1760608119743405326,750.325,589.845,1,44,,-4.118279560583589,1.4494371505473693
648286a4-8d21-418c-8c47-cd2ace0c239f,c2ca9808-766d-490c-9422-9a90cd68289e,1760608119748392326,754.422,585.147,1,44,,-3.853744628148873,1.7532391782998613
648286a4-8d21-418c-8c47-cd2ace0c239f,c2ca9808-766d-490c-9422-9a90cd68289e,1760608119753400326,757.034,588.134,1,44,,-3.6845818215532757,1.5602809800165711
648286a4-8d21-418c-8c47-cd2ace0c239f,c2ca9808-766d-490c-9422-9a90cd68289e,1760608119758395326,757.633,589.44,1,44,,-3.6457812071062823,1.4758960969087946
648286a4-8d21-418c-8c47-cd2ace0c239f,c2ca9808-766d-490c-9422-9a90cd68289e,1760608119763392326,756.633,593.177,1,44,,-3.7101986204881587,1.2343023383539975
648286a4-8d21-418c-8c47-cd2ace0c239f,c2ca9808-766d-490c-9422-9a90cd68289e,1760608119768392326,759.154,594.087,1,44,,-3.5471502028548345,1.175554110895617
648286a4-8d21-418c-8c47-cd2ace0c239f,c2ca9808-766d-490c-9422-9a90cd68289e,1760608119773392326,757.951,593.045,1,44,,-3.6249929183725667,1.2428722308289537
648286a4-8d21-418c-8c47-cd2ace0c239f,c2ca9808-766d-490c-9422-9a90cd68289e,1760608119778402326,756.401,592.991,1,44,,-3.7251860915004564,1.2463051166586556
648286a4-8d21-418c-8c47-cd2ace0c239f,c2ca9808-766d-490c-9422-9a90cd68289e,1760608119783392326,755.662,593.001,1,44,,-3.772957496594755,1.2455937250490186
648286a4-8d21-418c-8c47-cd2ace0c239f,c2ca9808-766d-490c-9422-9a90cd68289e,1760608119788401326,757.522,593.339,1,44,,-3.6527087227513295,1.2238279649306285
648286a4-8d21-418c-8c47-cd2ace0c239f,c2ca9808-766d-490c-9422-9a90cd68289e,1760608119793392326,756.601,589.363,1,44,,-3.7125217819852367,1.4808584398851448
648286a4-8d21-418c-8c47-cd2ace0c239f,c2ca9808-766d-490c-9422-9a90cd68289e,1760608119798402326,764.783,585.697,1,44,,-3.18363667005914,1.718175216284784
648286a4-8d21-418c-8c47-cd2ace0c239f,c2ca9808-766d-490c-9422-9a90cd68289e,1760608119803517326,763.225,585.431,1,44,,-3.28440151448123,1.7353060658558226
648286a4-8d21-418c-8c47-cd2ace0c239f,c2ca9808-766d-490c-9422-9a90cd68289e,1760608119808517326,760.228,587.494,1,44,,-3.478080626863782,1.6018269575103212
648286a4-8d21-418c-8c47-cd2ace0c239f,c2ca9808-766d-490c-9422-9a90cd68289e,1760608119813517326,758.306,588.608,1,44,,-3.602284317838252,1.529694912277207
648286a4-8d21-418c-8c47-cd2ace0c239f,c2ca9808-766d-490c-9422-9a90cd68289e,1760608119818517326,758.131,587.734,1,44,,-3.6136651220473537,1.5862023182347984
648286a4-8d21-418c-8c47-cd2ace0c239f,c2ca9808-766d-490c-9422-9a90cd68289e,1760608119823518326,758.854,586.985,1,44,,-3.5670031254758476,1.6346547577158757
648286a4-8d21-418c-8c47-cd2ace0c239f,c2ca9808-766d-490c-9422-9a90cd68289e,1760608119828521326,758.274,587.095,1,44,,-3.60444773855895,1.6275357509838049
648286a4-8d21-418c-8c47-cd2ace0c239f,c2ca9808-766d-490c-9422-9a90cd68289e,1760608119833518326,758.395,586.523,1,44,,-3.59669883504055,1.6645200931703124
648286a4-8d21-418c-8c47-cd2ace0c239f,c2ca9808-766d-490c-9422-9a90cd68289e,1760608119838518326,755.074,593.932,1,44,,-3.8109317363418898,1.1854288131093924
648286a4-8d21-418c-8c47-cd2ace0c239f,c2ca9808-766d-490c-9422-9a90cd68289e,1760608119843518326,755.573,593.235,1,44,,-3.778693776829404,1.2304675071322448
648286a4-8d21-418c-8c47-cd2ace0c239f,c2ca9808-766d-490c-9422-9a90cd68289e,1760608119848518326,753.262,593.945,1,44,,-3.928137264755221,1.1845480752469078
648286a4-8d21-418c-8c47-cd2ace0c239f,c2ca9808-766d-490c-9422-9a90cd68289e,1760608119853521326,754.331,592.862,1,44,,-3.859053176665345,1.2545355123777202
648286a4-8d21-418c-8c47-cd2ace0c239f,c2ca9808-766d-490c-9422-9a90cd68289e,1760608119858518326,754.406,592.551,1,44,,-3.8542142070393504,1.2746872204575204
648286a4-8d21-418c-8c47-cd2ace0c239f,c2ca9808-766d-490c-9422-9a90cd68289e,1760608119863518326,754.942,595.524,1,44,,-3.8193815241616065,1.0825264298770507
648286a4-8d21-418c-8c47-cd2ace0c239f,c2ca9808-766d-490c-9422-9a90cd68289e,1760608119868518326,752.858,590.909,1,44,,-3.9544498905202157,1.380768984906045
648286a4-8d21-418c-8c47-cd2ace0c239f,c2ca9808-766d-490c-9422-9a90cd68289e,1760608119873518326,753.107,589.951,1,44,,-3.938402322690657,1.4426750818875829
648286a4-8d21-418c-8c47-cd2ace0c239f,c2ca9808-766d-490c-9422-9a90cd68289e,1760608119878518326,753.364,591.294,1,44,,-3.921648394160875,1.3558787046604932
648286a4-8d21-418c-8c47-cd2ace0c239f,c2ca9808-766d-490c-9422-9a90cd68289e,1760608119883518326,750.719,582.248,1,44,,-4.093430457558439,1.9404510969081004
648286a4-8d21-418c-8c47-cd2ace0c239f,c2ca9808-766d-490c-9422-9a90cd68289e,1760608119888518326,750.169,583.735,1,44,,-4.1288812595222835,1.8442907851157289
648286a4-8d21-418c-8c47-cd2ace0c239f,c2ca9808-766d-490c-9422-9a90cd68289e,1760608119893518326,752.405,582.732,1,44,,-3.984354038021111,1.9092804034720743
648286a4-8d21-418c-8c47-cd2ace0c239f,c2ca9808-766d-490c-9422-9a90cd68289e,1760608119898518326,752.784,584.713,1,44,,-3.9597104311811893,1.7812302262041733
648286a4-8d21-418c-8c47-cd2ace0c239f,c2ca9808-766d-490c-9422-9a90cd68289e,1760608119903518326,752.364,588.276,1,44,,-3.986559727652097,1.5508895265185219
648286a4-8d21-418c-8c47-cd2ace0c239f,c2ca9808-766d-490c-9422-9a90cd68289e,1760608119908518326,751.955,583.921,1,44,,-4.0133528967064676,1.8323569055207403
648286a4-8d21-418c-8c47-cd2ace0c239f,c2ca9808-766d-490c-9422-9a90cd68289e,1760608119913522326,751.338,586.143,1,44,,-4.0530838017782616,1.6887299615202631
648286a4-8d21-418c-8c47-cd2ace0c239f,c2ca9808-766d-490c-9422-9a90cd68289e,1760608119918519326,745.897,595.818,1,44,,-4.404159555068279,1.0632119456409375
648286a4-8d21-418c-8c47-cd2ace0c239f,c2ca9808-766d-490c-9422-9a90cd68289e,1760608119923519326,745.263,589.688,1,44,,-4.4455960731396855,1.4593090438904601
648286a4-8d21-418c-8c47-cd2ace0c239f,c2ca9808-766d-490c-9422-9a90cd68289e,1760608119928519326,744.486,590.113,1,44,,-4.495753448426481,1.431856513712847
648286a4-8d21-418c-8c47-cd2ace0c239f,c2ca9808-766d-490c-9422-9a90cd68289e,1760608119933647326,751.612,597.849,1,44,,-4.034569192431946,0.9321470719050735
648286a4-8d21-418c-8c47-cd2ace0c239f,c2ca9808-766d-490c-9422-9a90cd68289e,1760608119938644326,746.049,583.478,1,44,,-4.39534911549538,1.8606778585650796
648286a4-8d21-418c-8c47-cd2ace0c239f,c2ca9808-766d-490c-9422-9a90cd68289e,1760608119943644326,746.458,585.643,1,44,,-4.3686368627647525,1.7207915188993723
648286a4-8d21-418c-8c47-cd2ace0c239f,c2ca9808-766d-490c-9422-9a90cd68289e,1760608119948651326,748.964,589.144,1,44,,-4.206349869591877,1.4946465691604978
648286a4-8d21-418c-8c47-cd2ace0c239f,c2ca9808-766d-490c-9422-9a90cd68289e,1760608119953651326,748.059,590.568,1,44,,-4.264718555207415,1.4025856255246454
648286a4-8d21-418c-8c47-cd2ace0c239f,c2ca9808-766d-490c-9422-9a90cd68289e,1760608119958644326,747.156,590.88,1,44,,-4.323119971113369,1.382361983424073
648286a4-8d21-418c-8c47-cd2ace0c239f,c2ca9808-766d-490c-9422-9a90cd68289e,1760608119963644326,745.762,593.034,1,44,,-4.413052536039477,1.24312925634326
648286a4-8d21-418c-8c47-cd2ace0c239f,c2ca9808-766d-490c-9422-9a90cd68289e,1760608119968644326,748.043,590.539,1,44,,-4.2657429353078875,1.4044467966228056
648286a4-8d21-418c-8c47-cd2ace0c239f,c2ca9808-766d-490c-9422-9a90cd68289e,1760608119973644326,747.194,592.403,1,44,,-4.320512921951813,1.2839326894183278
648286a4-8d21-418c-8c47-cd2ace0c239f,c2ca9808-766d-490c-9422-9a90cd68289e,1760608119978644326,747.729,594.441,1,44,,-4.285820317805971,1.1522558856505547
648286a4-8d21-418c-8c47-cd2ace0c239f,c2ca9808-766d-490c-9422-9a90cd68289e,1760608119983644326,749.15,593.302,1,44,,-4.193998770895173,1.225939461504729
648286a4-8d21-418c-8c47-cd2ace0c239f,c2ca9808-766d-490c-9422-9a90cd68289e,1760608119988644326,745.768,592.809,1,44,,-4.4127206868801565,1.2576761540593457
648286a4-8d21-418c-8c47-cd2ace0c239f,c2ca9808-766d-490c-9422-9a90cd68289e,1760608119993644326,743.656,592.464,1,44,,-4.549264457872219,1.2798457981509554
648286a4-8d21-418c-8c47-cd2ace0c239f,c2ca9808-766d-490c-9422-9a90cd68289e,1760608119998644326,743.97,593.025,1,44,,-4.528946342387847,1.2436483749525218
648286a4-8d21-418c-8c47-cd2ace0c239f,c2ca9808-766d-490c-9422-9a90cd68289e,1760608120003644326,741.263,590.179,1,44,,-4.70413548721224,1.4274105234193046
648286a4-8d21-418c-8c47-cd2ace0c239f,c2ca9808-766d-490c-9422-9a90cd68289e,1760608120008644326,744.079,589.946,1,44,,-4.522095465827397,1.4426202852796517
648286a4-8d21-418c-8c47-cd2ace0c239f,c2ca9808-766d-490c-9422-9a90cd68289e,1760608120013645326,737.587,593.615,1,44,,-4.941546890675756,1.2052514048868261
648286a4-8d21-418c-8c47-cd2ace0c239f,c2ca9808-766d-490c-9422-9a90cd68289e,1760608120018645326,738.808,592.202,1,44,,-4.862702037772929,1.2965774491715167
648286a4-8d21-418c-8c47-cd2ace0c239f,c2ca9808-766d-490c-9422-9a90cd68289e,1760608120023644326,739.531,593.996,1,44,,-4.815851492865075,1.1806958118365218
648286a4-8d21-418c-8c47-cd2ace0c239f,c2ca9808-766d-490c-9422-9a90cd68289e,1760608120028645326,741.397,596.165,1,44,,-4.6950868745542556,1.0406339421361936
648286a4-8d21-418c-8c47-cd2ace0c239f,c2ca9808-766d-490c-9422-9a90cd68289e,1760608120033645326,741.188,595.202,1,44,,-4.708637656846847,1.1028787034543102
648286a4-8d21-418c-8c47-cd2ace0c239f,c2ca9808-766d-490c-9422-9a90cd68289e,1760608120038645326,740.075,594.859,1,44,,-4.780608874548503,1.1249560173336264
648286a4-8d21-418c-8c47-cd2ace0c239f,c2ca9808-766d-490c-9422-9a90cd68289e,1760608120043647326,738.788,591.384,1,44,,-4.864084957493857,1.3494096711507093
648286a4-8d21-418c-8c47-cd2ace0c239f,c2ca9808-766d-490c-9422-9a90cd68289e,1760608120048645326,739.293,591.254,1,44,,-4.831436283146803,1.357856990222572
648286a4-8d21-418c-8c47-cd2ace0c239f,c2ca9808-766d-490c-9422-9a90cd68289e,1760608120053650326,740.889,591.811,1,44,,-4.728220864741581,1.3219627180051474
648286a4-8d21-418c-8c47-cd2ace0c239f,c2ca9808-766d-490c-9422-9a90cd68289e,1760608120058647326,742.022,589.825,1,44,,-4.6551400051443155,1.4502939160541737
648286a4-8d21-418c-8c47-cd2ace0c239f,c2ca9808-766d-490c-9422-9a90cd68289e,1760608120063645326,742.987,588.692,1,44,,-4.592797167668129,1.5235676639508424
648286a4-8d21-418c-8c47-cd2ace0c239f,c2ca9808-766d-490c-9422-9a90cd68289e,1760608120068645326,742.639,588.25,1,44,,-4.615348918030324,1.552154440355262
648286a4-8d21-418c-8c47-cd2ace0c239f,c2ca9808-766d-490c-9422-9a90cd68289e,1760608120073657326,743.924,594.003,1,44,,-4.53180772960308,1.1804462881171593
648286a4-8d21-418c-8c47-cd2ace0c239f,c2ca9808-766d-490c-9422-9a90cd68289e,1760608120078770326,740.355,591.336,1,44,,-4.762780379240546,1.3525837815373105
648286a4-8d21-418c-8c47-cd2ace0c239f,c2ca9808-766d-490c-9422-9a90cd68289e,1760608120083775326,744.264,590.848,1,44,,-4.510103044375378,1.3843472227279503
648286a4-8d21-418c-8c47-cd2ace0c239f,c2ca9808-766d-490c-9422-9a90cd68289e,1760608120088770326,746.48,593.209,1,44,,-4.366611573391891,1.2318727274162746
648286a4-8d21-418c-8c47-cd2ace0c239f,c2ca9808-766d-490c-9422-9a90cd68289e,1760608120093771326,747.207,592.685,1,44,,-4.31967290668889,1.265756822397853
648286a4-8d21-418c-8c47-cd2ace0c239f,c2ca9808-766d-490c-9422-9a90cd68289e,1760608120098770326,744.305,592.504,1,44,,-4.507280516841263,1.2772938027061058
648286a4-8d21-418c-8c47-cd2ace0c239f,c2ca9808-766d-490c-9422-9a90cd68289e,1760608120103770326,746.145,592.954,1,44,,-4.38831241183374,1.248280124263652
648286a4-8d21-418c-8c47-cd2ace0c239f,c2ca9808-766d-490c-9422-9a90cd68289e,1760608120108770326,746.537,593.763,1,44,,-4.362928930987256,1.196059399837876
648286a4-8d21-418c-8c47-cd2ace0c239f,c2ca9808-766d-490c-9422-9a90cd68289e,1760608120113771326,746.301,594.274,1,44,,-4.378167289632669,1.163031678934527
648286a4-8d21-418c-8c47-cd2ace0c239f,c2ca9808-766d-490c-9422-9a90cd68289e,1760608120118784326,740.638,591.059,1,44,,-4.744477813313661,1.3705484269597674
648286a4-8d21-418c-8c47-cd2ace0c239f,c2ca9808-766d-490c-9422-9a90cd68289e,1760608120123771326,739.354,589.535,1,,,-4.827643575335789,1.468953846742043
648286a4-8d21-418c-8c47-cd2ace0c239f,c2ca9808-766d-490c-9422-9a90cd68289e,1760608120128771326,741.645,587.603,1,,,-4.679655353379267,1.5938616533304366
648286a4-8d21-418c-8c47-cd2ace0c239f,c2ca9808-766d-490c-9422-9a90cd68289e,1760608120133771326,745.712,589.486,1,,,-4.416579794186363,1.4724134011477996
648286a4-8d21-418c-8c47-cd2ace0c239f,c2ca9808-766d-490c-9422-9a90cd68289e,1760608120138771326,779.288,613.154,1,,,-2.244875050894246,-0.05724238023062446
648286a4-8d21-418c-8c47-cd2ace0c239f,c2ca9808-766d-490c-9422-9a90cd68289e,1760608120143771326,816.327,626.968,1,,,0.15017962772645854,-0.9509425990710377
648286a4-8d21-418c-8c47-cd2ace0c239f,c2ca9808-766d-490c-9422-9a90cd68289e,1760608120148771326,867.513,671.124,1,,,3.4634406084953913,-3.8039624397269742
648286a4-8d21-418c-8c47-cd2ace0c239f,c2ca9808-766d-490c-9422-9a90cd68289e,1760608120153774326,899.482,662.108,1,,,5.5294266548953885,-3.2175405431976682
648286a4-8d21-418c-8c47-cd2ace0c239f,c2ca9808-766d-490c-9422-9a90cd68289e,1760608120158771326,916.557,675.261,1,,,6.63656031681283,-4.063035697165327
648286a4-8d21-418c-8c47-cd2ace0c239f,c2ca9808-766d-490c-9422-9a90cd68289e,1760608120163771326,918.946,677.248,1,,,6.791684892009246,-4.190595011575227
648286a4-8d21-418c-8c47-cd2ace0c239f,c2ca9808-766d-490c-9422-9a90cd68289e,1760608120168771326,919.143,679.823,1,,,6.805252336171692,-4.356611162059075
648286a4-8d21-418c-8c47-cd2ace0c239f,c2ca9808-766d-490c-9422-9a90cd68289e,1760608120173771326,916.492,679.518,1,45,,6.633755208449643,-4.337511712725577
648286a4-8d21-418c-8c47-cd2ace0c239f,c2ca9808-766d-490c-9422-9a90cd68289e,1760608120178771326,922.278,668.837,1,45,,7.00434260920636,-3.647677290658783
648286a4-8d21-418c-8c47-cd2ace0c239f,c2ca9808-766d-490c-9422-9a90cd68289e,1760608120183771326,917.306,667.172,1,45,,6.682614268636591,-3.5412883747080297
648286a4-8d21-418c-8c47-cd2ace0c239f,c2ca9808-766d-490c-9422-9a90cd68289e,1760608120188771326,919.484,666.758,1,45,,6.823220842735384,-3.5141662857897664
648286a4-8d21-418c-8c47-cd2ace0c239f,c2ca9808-766d-490c-9422-9a90cd68289e,1760608120193786326,921.054,667.535,1,45,,6.924870413385315,-3.5639855101092692
648286a4-8d21-418c-8c47-cd2ace0c239f,c2ca9808-766d-490c-9422-9a90cd68289e,1760608120198771326,921.558,666.371,1,45,,6.957126470694075,-3.4888290293607054
648286a4-8d21-418c-8c47-cd2ace0c239f,c2ca9808-766d-490c-9422-9a90cd68289e,1760608120203771326,924.072,669.068,1,45,,7.120370091902448,-3.6621652314271453
648286a4-8d21-418c-8c47-cd2ace0c239f,c2ca9808-766d-490c-9422-9a90cd68289e,1760608120208896326,921.689,672.328,1,45,,6.967355815803495,-3.8728382887394703
648286a4-8d21-418c-8c47-cd2ace0c239f,c2ca9808-766d-490c-9422-9a90cd68289e,1760608120213896326,921.545,667.13,1,45,,6.956521613052433,-3.5377397197291436
648286a4-8d21-418c-8c47-cd2ace0c239f,c2ca9808-766d-490c-9422-9a90cd68289e,1760608120218897326,921.683,668.333,1,45,,6.965744050573697,-3.615273585472119
648286a4-8d21-418c-8c47-cd2ace0c239f,c2ca9808-766d-490c-9422-9a90cd68289e,1760608120223897326,923.777,669.375,1,45,,7.1013910844605785,-3.6820012375632487
648286a4-8d21-418c-8c47-cd2ace0c239f,c2ca9808-766d-490c-9422-9a90cd68289e,1760608120228897326,921.634,668.708,1,45,,6.962691256108954,-3.639467427924187
648286a4-8d21-418c-8c47-cd2ace0c239f,c2ca9808-766d-490c-9422-9a90cd68289e,1760608120233897326,920.055,664.913,1,45,,6.859603639864208,-3.395081234836962
648286a4-8d21-418c-8c47-cd2ace0c239f,c2ca9808-766d-490c-9422-9a90cd68289e,1760608120238897326,920.079,665.668,1,45,,6.861355833009008,-3.4437968851761656
648286a4-8d21-418c-8c47-cd2ace0c239f,c2ca9808-766d-490c-9422-9a90cd68289e,1760608120243897326,915.806,677.68,1,45,,6.5888110042112995,-4.219187784685901
648286a4-8d21-418c-8c47-cd2ace0c239f,c2ca9808-766d-490c-9422-9a90cd68289e,1760608120248897326,916.675,673.632,1,45,,6.643678241116955,-3.957985149601402
648286a4-8d21-418c-8c47-cd2ace0c239f,c2ca9808-766d-490c-9422-9a90cd68289e,1760608120253899326,916.251,672.209,1,45,,6.615844302297918,-3.86631989876716
648286a4-8d21-418c-8c47-cd2ace0c239f,c2ca9808-766d-490c-9422-9a90cd68289e,1760608120258910326,917.641,669.108,1,45,,6.704784071916986,-3.6660428656533477
648286a4-8d21-418c-8c47-cd2ace0c239f,c2ca9808-766d-490c-9422-9a90cd68289e,1760608120263897326,918.447,667.826,1,45,,6.756494533087558,-3.5832552722409283
648286a4-8d21-418c-8c47-cd2ace0c239f,c2ca9808-766d-490c-9422-9a90cd68289e,1760608120268897326,919.128,669.129,1,45,,6.8009208884949945,-3.667115765155714
648286a4-8d21-418c-8c47-cd2ace0c239f,c2ca9808-766d-490c-9422-9a90cd68289e,1760608120273897326,919.424,668.18,1,45,,6.81972977252539,-3.6059008485280093
648286a4-8d21-418c-8c47-cd2ace0c239f,c2ca9808-766d-490c-9422-9a90cd68289e,1760608120278897326,921.875,673.181,1,45,,6.9796455816937515,-3.9277445702526106
648286a4-8d21-418c-8c47-cd2ace0c239f,c2ca9808-766d-490c-9422-9a90cd68289e,1760608120283897326,919.312,671.187,1,45,,6.813394791646148,-3.7997885490934222
648286a4-8d21-418c-8c47-cd2ace0c239f,c2ca9808-766d-490c-9422-9a90cd68289e,1760608120288897326,918.705,666.703,1,45,,6.772848977333031,-3.5107744244025607
648286a4-8d21-418c-8c47-cd2ace0c239f,c2ca9808-766d-490c-9422-9a90cd68289e,1760608120293897326,921.01,670.137,1,45,,6.922819162217923,-3.7317157408615858
648286a4-8d21-418c-8c47-cd2ace0c239f,c2ca9808-766d-490c-9422-9a90cd68289e,1760608120298897326,919.219,669.574,1,45,,6.806927483981604,-3.695790073204556
648286a4-8d21-418c-8c47-cd2ace0c239f,c2ca9808-766d-490c-9422-9a90cd68289e,1760608120303897326,916.932,664.182,1,45,,6.657603506091915,-3.348548698242669
648286a4-8d21-418c-8c47-cd2ace0c239f,c2ca9808-766d-490c-9422-9a90cd68289e,1760608120308897326,910.666,666.583,1,45,,6.253321084935524,-3.5045312819312255
648286a4-8d21-418c-8c47-cd2ace0c239f,c2ca9808-766d-490c-9422-9a90cd68289e,1760608120313897326,911.18,670.214,1,45,,6.287476730141654,-3.7386285209016314
648286a4-8d21-418c-8c47-cd2ace0c239f,c2ca9808-766d-490c-9422-9a90cd68289e,1760608120318898326,911.142,671.508,1,45,,6.285419343802561,-3.822137643854308
648286a4-8d21-418c-8c47-cd2ace0c239f,c2ca9808-766d-490c-9422-9a90cd68289e,1760608120323898326,912.893,670.285,1,45,,6.398226662893692,-3.7429097560814695
648286a4-8d21-418c-8c47-cd2ace0c239f,c2ca9808-766d-490c-9422-9a90cd68289e,1760608120328909326,914.745,667.347,1,45,,6.51715843800188,-3.5530495408464313
648286a4-8d21-418c-8c47-cd2ace0c239f,c2ca9808-766d-490c-9422-9a90cd68289e,1760608120333898326,913.267,665.801,1,45,,6.421219324057193,-3.4536418698433446
648286a4-8d21-418c-8c47-cd2ace0c239f,c2ca9808-766d-490c-9422-9a90cd68289e,1760608120338905326,914.042,665.034,1,45,,6.471092350979066,-3.4040106637461864
648286a4-8d21-418c-8c47-cd2ace0c239f,c2ca9808-766d-490c-9422-9a90cd68289e,1760608120344023326,914.29,666.078,1,45,,6.487423576795835,-3.4713019157196987
648286a4-8d21-418c-8c47-cd2ace0c239f,c2ca9808-766d-490c-9422-9a90cd68289e,1760608120349023326,914.453,665.045,1,45,,6.497636060766374,-3.4046695407787904
648286a4-8d21-418c-8c47-cd2ace0c239f,c2ca9808-766d-490c-9422-9a90cd68289e,1760608120354023326,915.199,663.631,1,45,,6.5455162101059585,-3.313288025887676
648286a4-8d21-418c-8c47-cd2ace0c239f,c2ca9808-766d-490c-9422-9a90cd68289e,1760608120359023326,918.665,666.479,1,45,,6.770235287373279,-3.496357834665849
648286a4-8d21-418c-8c47-cd2ace0c239f,c2ca9808-766d-490c-9422-9a90cd68289e,1760608120364023326,932.15,665.434,1,45,,7.641089794317885,-3.426298208027228
648286a4-8d21-418c-8c47-cd2ace0c239f,c2ca9808-766d-490c-9422-9a90cd68289e,1760608120369023326,922.242,681.81,1,45,,7.006327543948845,-4.483925267528019
648286a4-8d21-418c-8c47-cd2ace0c239f,c2ca9808-766d-490c-9422-9a90cd68289e,1760608120374023326,926.398,676.496,1,45,,7.273125666825052,-4.140400153804578
648286a4-8d21-418c-8c47-cd2ace0c239f,c2ca9808-766d-490c-9422-9a90cd68289e,1760608120379023326,926.914,676.06,1,45,,7.306286601510788,-4.1122034627592505
648286a4-8d21-418c-8c47-cd2ace0c239f,c2ca9808-766d-490c-9422-9a90cd68289e,1760608120384023326,927.537,676.25,1,45,,7.346652529848128,-4.12423362982955
648286a4-8d21-418c-8c47-cd2ace0c239f,c2ca9808-766d-490c-9422-9a90cd68289e,1760608120389023326,929.76,674.153,1,45,,7.489530753830584,-3.9886292399657695
648286a4-8d21-418c-8c47-cd2ace0c239f,c2ca9808-766d-490c-9422-9a90cd68289e,1760608120394023326,928.624,672.686,1,45,,7.415634132241291,-3.8943620199070113
648286a4-8d21-418c-8c47-cd2ace0c239f,c2ca9808-766d-490c-9422-9a90cd68289e,1760608120399023326,929.338,674.556,1,45,,7.462460997252794,-4.014663040278756
648286a4-8d21-418c-8c47-cd2ace0c239f,c2ca9808-766d-490c-9422-9a90cd68289e,1760608120404023326,929.184,674.979,1,45,,7.452598990403635,-4.041958396528731
648286a4-8d21-418c-8c47-cd2ace0c239f,c2ca9808-766d-490c-9422-9a90cd68289e,1760608120409023326,928.197,675.749,1,45,,7.389143853410345,-4.09182263670349
648286a4-8d21-418c-8c47-cd2ace0c239f,c2ca9808-766d-490c-9422-9a90cd68289e,1760608120414024326,933.214,667.613,1,45,,7.710499267814515,-3.5664227513804274
648286a4-8d21-418c-8c47-cd2ace0c239f,c2ca9808-766d-490c-9422-9a90cd68289e,1760608120419024326,929.118,673.016,1,45,,7.447715248130699,-3.915493034004889
648286a4-8d21-418c-8c47-cd2ace0c239f,c2ca9808-766d-490c-9422-9a90cd68289e,1760608120424024326,927.602,674.639,1,45,,7.350278814237703,-4.020414503529718
648286a4-8d21-418c-8c47-cd2ace0c239f,c2ca9808-766d-490c-9422-9a90cd68289e,1760608120429027326,926.983,681.199,1,45,,7.312661008685412,-4.443304736191455
648286a4-8d21-418c-8c47-cd2ace0c239f,c2ca9808-766d-490c-9422-9a90cd68289e,1760608120434024326,926.176,683.217,1,45,,7.261222117895927,-4.57354415299173
648286a4-8d21-418c-8c47-cd2ace0c239f,c2ca9808-766d-490c-9422-9a90cd68289e,1760608120439024326,928.005,683.351,1,45,,7.379542220996206,-4.581689413652402
648286a4-8d21-418c-8c47-cd2ace0c239f,c2ca9808-766d-490c-9422-9a90cd68289e,1760608120444024326,929.136,683.838,1,45,,7.452881032008097,-4.6127452734588825
648286a4-8d21-418c-8c47-cd2ace0c239f,c2ca9808-766d-490c-9422-9a90cd68289e,1760608120449024326,935.034,677.903,1,45,,7.831778151295886,-4.2288608150043645
648286a4-8d21-418c-8c47-cd2ace0c239f,c2ca9808-766d-490c-9422-9a90cd68289e,1760608120454024326,932.482,678.846,1,45,,7.6671962641953195,-4.290280411574603
648286a4-8d21-418c-8c47-cd2ace0c239f,c2ca9808-766d-490c-9422-9a90cd68289e,1760608120459024326,924.339,671.307,1,45,,7.1382955329696465,-3.806430904363738
648286a4-8d21-418c-8c47-cd2ace0c239f,c2ca9808-766d-490c-9422-9a90cd68289e,1760608120464024326,924.833,671.787,1,45,,7.170396246551968,-3.8372400067337105
648286a4-8d21-418c-8c47-cd2ace0c239f,c2ca9808-766d-490c-9422-9a90cd68289e,1760608120469028326,934.943,684.656,1,45,,7.828605759608989,-4.663822070622678
648286a4-8d21-418c-8c47-cd2ace0c239f,c2ca9808-766d-490c-9422-9a90cd68289e,1760608120474024326,931.979,683.76,1,45,,7.636609525763,-4.606929746945468
648286a4-8d21-418c-8c47-cd2ace0c239f,c2ca9808-766d-490c-9422-9a90cd68289e,1760608120479149326,927.651,682.03,1,45,,7.3561388587000165,-4.496674556998854
648286a4-8d21-418c-8c47-cd2ace0c239f,c2ca9808-766d-490c-9422-9a90cd68289e,1760608120484149326,928.768,680.252,1,45,,7.427704871332943,-4.3818389265070135
648286a4-8d21-418c-8c47-cd2ace0c239f,c2ca9808-766d-490c-9422-9a90cd68289e,1760608120489152326,928.521,675.169,1,45,,7.409830236801709,-4.054345917195861
648286a4-8d21-418c-8c47-cd2ace0c239f,c2ca9808-766d-490c-9422-9a90cd68289e,1760608120494149326,929.512,672.99,1,45,,7.473156016877147,-3.9136976258100726
648286a4-8d21-418c-8c47-cd2ace0c239f,c2ca9808-766d-490c-9422-9a90cd68289e,1760608120499150326,935.429,670.303,1,45,,7.854463615821157,-3.7392186212321192
648286a4-8d21-418c-8c47-cd2ace0c239f,c2ca9808-766d-490c-9422-9a90cd68289e,1760608120504149326,931.764,669.656,1,45,,7.617535044246727,-3.698399139287384
648286a4-8d21-418c-8c47-cd2ace0c239f,c2ca9808-766d-490c-9422-9a90cd68289e,1760608120509150326,932.438,674.493,1,45,,7.662709835391942,-4.009890414167266
648286a4-8d21-418c-8c47-cd2ace0c239f,c2ca9808-766d-490c-9422-9a90cd68289e,1760608120514150326,929.385,684.331,1,45,,7.469192659094558,-4.6444839033338585
648286a4-8d21-418c-8c47-cd2ace0c239f,c2ca9808-766d-490c-9422-9a90cd68289e,1760608120519150326,928.563,684.931,1,,,7.416247843470917,-4.683354575756254
648286a4-8d21-418c-8c47-cd2ace0c239f,c2ca9808-766d-490c-9422-9a90cd68289e,1760608120524155326,928.839,685.484,1,,,7.43432427119462,-4.71891542753363
648286a4-8d21-418c-8c47-cd2ace0c239f,c2ca9808-766d-490c-9422-9a90cd68289e,1760608120529150326,944.984,678.02,1,,,8.47464579339634,-4.233671235014942
648286a4-8d21-418c-8c47-cd2ace0c239f,c2ca9808-766d-490c-9422-9a90cd68289e,1760608120534150326,964.438,665.201,1,,,9.725414065468005,-3.4036025612689205
648286a4-8d21-418c-8c47-cd2ace0c239f,c2ca9808-766d-490c-9422-9a90cd68289e,1760608120539153326,966.833,660.235,1,,,9.878062440568213,-3.0837806224306803
648286a4-8d21-418c-8c47-cd2ace0c239f,c2ca9808-766d-490c-9422-9a90cd68289e,1760608120544160326,970.558,661.088,1,,,10.118584667852764,-3.1377075933301093
648286a4-8d21-418c-8c47-cd2ace0c239f,c2ca9808-766d-490c-9422-9a90cd68289e,1760608120549150326,970.664,660.137,1,46,,10.125110407913768,-3.0765238196951517
648286a4-8d21-418c-8c47-cd2ace0c239f,c2ca9808-766d-490c-9422-9a90cd68289e,1760608120554160326,969.065,661.1,1,46,,10.02231272145847,-3.138846699727373
648286a4-8d21-418c-8c47-cd2ace0c239f,c2ca9808-766d-490c-9422-9a90cd68289e,1760608120559150326,969.395,662.675,1,46,,10.04419801397352,-3.240004009572139
648286a4-8d21-418c-8c47-cd2ace0c239f,c2ca9808-766d-490c-9422-9a90cd68289e,1760608120564150326,967.182,656.685,1,46,,9.899306749297818,-2.855521626947427
648286a4-8d21-418c-8c47-cd2ace0c239f,c2ca9808-766d-490c-9422-9a90cd68289e,1760608120569150326,967.545,658.49,1,46,,9.923358328338407,-2.9714083764786583
648286a4-8d21-418c-8c47-cd2ace0c239f,c2ca9808-766d-490c-9422-9a90cd68289e,1760608120574150326,966.956,659.486,1,46,,9.885682502222366,-3.0356253461719076
648286a4-8d21-418c-8c47-cd2ace0c239f,c2ca9808-766d-490c-9422-9a90cd68289e,1760608120579150326,966.115,661.862,1,46,,9.832317260630859,-3.1885675629037027
648286a4-8d21-418c-8c47-cd2ace0c239f,c2ca9808-766d-490c-9422-9a90cd68289e,1760608120584150326,966.854,663.424,1,46,,9.880559135151747,-3.2887750249420775
648286a4-8d21-418c-8c47-cd2ace0c239f,c2ca9808-766d-490c-9422-9a90cd68289e,1760608120589150326,967.361,663.615,1,46,,9.91332753137309,-3.3009276452008085
648286a4-8d21-418c-8c47-cd2ace0c239f,c2ca9808-766d-490c-9422-9a90cd68289e,1760608120594150326,969.222,665.972,1,46,,10.03432118909269,-3.451927042517821
648286a4-8d21-418c-8c47-cd2ace0c239f,c2ca9808-766d-490c-9422-9a90cd68289e,1760608120599151326,969.12,665.263,1,46,,10.027494560997903,-3.406367135020223
648286a4-8d21-418c-8c47-cd2ace0c239f,c2ca9808-766d-490c-9422-9a90cd68289e,1760608120604150326,970.823,667.061,1,46,,10.138072568227432,-3.521445820949506
648286a4-8d21-418c-8c47-cd2ace0c239f,c2ca9808-766d-490c-9422-9a90cd68289e,1760608120609151326,965.657,672.405,1,46,,9.807055307348433,-3.8663911114342753
648286a4-8d21-418c-8c47-cd2ace0c239f,c2ca9808-766d-490c-9422-9a90cd68289e,1760608120614276326,967.336,672.38,1,46,,9.91539123493484,-3.8642838088199567
648286a4-8d21-418c-8c47-cd2ace0c239f,c2ca9808-766d-490c-9422-9a90cd68289e,1760608120619279326,964.583,672.866,1,46,,9.737951789018476,-3.8963627301274997
648286a4-8d21-418c-8c47-cd2ace0c239f,c2ca9808-766d-490c-9422-9a90cd68289e,1760608120624276326,967.321,674.744,1,,,9.915493135320677,-4.016229173011709
648286a4-8d21-418c-8c47-cd2ace0c239f,c2ca9808-766d-490c-9422-9a90cd68289e,1760608120629276326,967.205,676.779,1,,,9.909012807469814,-4.147016041071638
648286a4-8d21-418c-8c47-cd2ace0c239f,c2ca9808-766d-490c-9422-9a90cd68289e,1760608120634276326,964.02,672.53,1,,,9.701439075175015,-3.8749278343345077
648286a4-8d21-418c-8c47-cd2ace0c239f,c2ca9808-766d-490c-9422-9a90cd68289e,1760608120639276326,922.782,652.196,1,,,7.032694871371095,-2.574643788440199
648286a4-8d21-418c-8c47-cd2ace0c239f,c2ca9808-766d-490c-9422-9a90cd68289e,1760608120644283326,900.827,608.146,1,,,5.6112488341601505,0.2662985251899075
648286a4-8d21-418c-8c47-cd2ace0c239f,c2ca9808-766d-490c-9422-9a90cd68289e,1760608120649286326,863.201,561.539,1,,,3.183464526891834,3.2795324044921115
648286a4-8d21-418c-8c47-cd2ace0c239f,c2ca9808-766d-490c-9422-9a90cd68289e,1760608120654276326,823.832,516.106,1,,,0.6372771127873108,6.219030304602372
648286a4-8d21-418c-8c47-cd2ace0c239f,c2ca9808-766d-490c-9422-9a90cd68289e,1760608120659279326,804.782,461.151,1,,,-0.6027358762854099,9.768492779647124
648286a4-8d21-418c-8c47-cd2ace0c239f,c2ca9808-766d-490c-9422-9a90cd68289e,1760608120664276326,800.248,431.321,1,,,-0.9025311078308953,11.692451003262086
648286a4-8d21-418c-8c47-cd2ace0c239f,c2ca9808-766d-490c-9422-9a90cd68289e,1760608120669276326,794.001,392.461,1,,,-1.3206962412755405,14.195614014149912
648286a4-8d21-418c-8c47-cd2ace0c239f,c2ca9808-766d-490c-9422-9a90cd68289e,1760608120674276326,797.794,379.046,1,,,-1.0736147496864192,15.059619937136047
648286a4-8d21-418c-8c47-cd2ace0c239f,c2ca9808-766d-490c-9422-9a90cd68289e,1760608120679276326,791.956,377.314,1,,,-1.4598427109938235,15.170375353282164
648286a4-8d21-418c-8c47-cd2ace0c239f,c2ca9808-766d-490c-9422-9a90cd68289e,1760608120684277326,782.409,374.545,1,47,,-2.092001818842768,15.346847262086383
648286a4-8d21-418c-8c47-cd2ace0c239f,c2ca9808-766d-490c-9422-9a90cd68289e,1760608120689276326,782.726,377.793,1,47,,-2.0696673428757077,15.137924046558089
648286a4-8d21-418c-8c47-cd2ace0c239f,c2ca9808-766d-490c-9422-9a90cd68289e,1760608120694281326,788.601,358.731,1,47,,-1.688290099503784,16.36535855499835
648286a4-8d21-418c-8c47-cd2ace0c239f,c2ca9808-766d-490c-9422-9a90cd68289e,1760608120699277326,786.686,361.138,1,47,,-1.8143660094428262,16.210154784240913
648286a4-8d21-418c-8c47-cd2ace0c239f,c2ca9808-766d-490c-9422-9a90cd68289e,1760608120704277326,777.13,366.162,1,47,,-2.445325311139989,15.8848345256921
648286a4-8d21-418c-8c47-cd2ace0c239f,c2ca9808-766d-490c-9422-9a90cd68289e,1760608120709277326,773.515,362.893,1,47,,-2.6866349870903194,16.094085616355326
648286a4-8d21-418c-8c47-cd2ace0c239f,c2ca9808-766d-490c-9422-9a90cd68289e,1760608120714279326,771.66,366.79,1,47,,-2.80723267067868,15.842879448354198
648286a4-8d21-418c-8c47-cd2ace0c239f,c2ca9808-766d-490c-9422-9a90cd68289e,1760608120719277326,772.122,365.265,1,47,,-2.7775220201036026,15.941118897570743
648286a4-8d21-418c-8c47-cd2ace0c239f,c2ca9808-766d-490c-9422-9a90cd68289e,1760608120724277326,771.47,365.258,1,47,,-2.820727257452087,15.941363648480161
648286a4-8d21-418c-8c47-cd2ace0c239f,c2ca9808-766d-490c-9422-9a90cd68289e,1760608120729277326,777.49,369.017,1,47,,-2.4200590870678433,15.70128217677207
648286a4-8d21-418c-8c47-cd2ace0c239f,c2ca9808-766d-490c-9422-9a90cd68289e,1760608120734277326,778.82,365.399,1,47,,-2.333765764573804,15.93432077008531
648286a4-8d21-418c-8c47-cd2ace0c239f,c2ca9808-766d-490c-9422-9a90cd68289e,1760608120739277326,777.675,365.4,1,47,,-2.409635120426586,15.934018128343636
648286a4-8d21-418c-8c47-cd2ace0c239f,c2ca9808-766d-490c-9422-9a90cd68289e,1760608120744277326,783.807,364.982,1,47,,-2.0035568125550243,15.962338963630152
648286a4-8d21-418c-8c47-cd2ace0c239f,c2ca9808-766d-490c-9422-9a90cd68289e,1760608120749280326,784.414,363.407,1,47,,-1.964031613021499,16.063807006971427
648286a4-8d21-418c-8c47-cd2ace0c239f,c2ca9808-766d-490c-9422-9a90cd68289e,1760608120754290326,785.282,361.851,1,47,,-1.9071918831413823,16.16401423296139
648286a4-8d21-418c-8c47-cd2ace0c239f,c2ca9808-766d-490c-9422-9a90cd68289e,1760608120759402326,783.41,363.547,1,47,,-2.0305437803470916,16.054548054374497
648286a4-8d21-418c-8c47-cd2ace0c239f,c2ca9808-766d-490c-9422-9a90cd68289e,1760608120764402326,783.919,367.067,1,47,,-1.9952756958402356,15.82827569416567
648286a4-8d21-418c-8c47-cd2ace0c239f,c2ca9808-766d-490c-9422-9a90cd68289e,1760608120769411326,781.13,362.274,1,47,,-2.1822416721649387,16.135933656281825
648286a4-8d21-418c-8c47-cd2ace0c239f,c2ca9808-766d-490c-9422-9a90cd68289e,1760608120774402326,780.551,363.754,1,47,,-2.2198627006913774,16.04057501647843
648286a4-8d21-418c-8c47-cd2ace0c239f,c2ca9808-766d-490c-9422-9a90cd68289e,1760608120779402326,779.779,362.282,1,47,,-2.2717655210184615,16.135042037807956
648286a4-8d21-418c-8c47-cd2ace0c239f,c2ca9808-766d-490c-9422-9a90cd68289e,1760608120784402326,779.432,359.318,1,47,,-2.2962599543845914,16.325590131511618
648286a4-8d21-418c-8c47-cd2ace0c239f,c2ca9808-766d-490c-9422-9a90cd68289e,1760608120789408326,783.038,359.01,1,47,,-2.057202846626486,16.346273157315103
648286a4-8d21-418c-8c47-cd2ace0c239f,c2ca9808-766d-490c-9422-9a90cd68289e,1760608120794403326,783.219,358.989,1,47,,-2.0451800603561385,16.34765747067824
648286a4-8d21-418c-8c47-cd2ace0c239f,c2ca9808-766d-490c-9422-9a90cd68289e,1760608120799403326,781.997,358.224,1,47,,-2.126630006355896,16.396567394066704
648286a4-8d21-418c-8c47-cd2ace0c239f,c2ca9808-766d-490c-9422-9a90cd68289e,1760608120804403326,782.519,357.087,1,47,,-2.0925163844661845,16.469801662718115
648286a4-8d21-418c-8c47-cd2ace0c239f,c2ca9808-766d-490c-9422-9a90cd68289e,1760608120809413326,782.216,357.751,1,47,,-2.1123426767592974,16.427021105445856
648286a4-8d21-418c-8c47-cd2ace0c239f,c2ca9808-766d-490c-9422-9a90cd68289e,1760608120814403326,779.928,358.942,1,47,,-2.2635505859410228,16.34988182223598
648286a4-8d21-418c-8c47-cd2ace0c239f,c2ca9808-766d-490c-9422-9a90cd68289e,1760608120819403326,778.847,359.543,1,47,,-2.3349068578454606,16.31100359785525
648286a4-8d21-418c-8c47-cd2ace0c239f,c2ca9808-766d-490c-9422-9a90cd68289e,1760608120824403326,778.742,359.887,1,,,-2.341721841639721,16.288830126033204
648286a4-8d21-418c-8c47-cd2ace0c239f,c2ca9808-766d-490c-9422-9a90cd68289e,1760608120829403326,774.461,357.663,1,,,-2.626914264823466,16.43065120068103
648286a4-8d21-418c-8c47-cd2ace0c239f,c2ca9808-766d-490c-9422-9a90cd68289e,1760608120834403326,773.76,356.711,1,,,-2.67397671958459,16.491656444625388
648286a4-8d21-418c-8c47-cd2ace0c239f,c2ca9808-766d-490c-9422-9a90cd68289e,1760608120839403326,763.929,362.546,1,,,-3.322129381559459,16.113117969184437
648286a4-8d21-418c-8c47-cd2ace0c239f,c2ca9808-766d-490c-9422-9a90cd68289e,1760608120844407326,752.276,359.427,1,,,-4.097165778670863,16.308732472321292
648286a4-8d21-418c-8c47-cd2ace0c239f,c2ca9808-766d-490c-9422-9a90cd68289e,1760608120849403326,750.809,361.981,1,48,,-4.192137728882547,16.14385157654191
648286a4-8d21-418c-8c47-cd2ace0c239f,c2ca9808-766d-490c-9422-9a90cd68289e,1760608120854403326,749.904,356.837,1,48,,-4.256789599565666,16.47401905855548
648286a4-8d21-418c-8c47-cd2ace0c239f,c2ca9808-766d-490c-9422-9a90cd68289e,1760608120859403326,751.348,354.737,1,48,,-4.162902965581232,16.609666071008938
648286a4-8d21-418c-8c47-cd2ace0c239f,c2ca9808-766d-490c-9422-9a90cd68289e,1760608120864403326,748.799,357.173,1,48,,-4.3297848009729485,16.451907056592947
648286a4-8d21-418c-8c47-cd2ace0c239f,c2ca9808-766d-490c-9422-9a90cd68289e,1760608120869403326,746.714,358.393,1,48,,-4.466965581851957,16.37242159917077
648286a4-8d21-418c-8c47-cd2ace0c239f,c2ca9808-766d-490c-9422-9a90cd68289e,1760608120874403326,745.954,359.051,1,48,,-4.516752633959602,16.329736818740056
648286a4-8d21-418c-8c47-cd2ace0c239f,c2ca9808-766d-490c-9422-9a90cd68289e,1760608120879404326,746.089,359.401,1,48,,-4.507479066015446,16.307302022217545
648286a4-8d21-418c-8c47-cd2ace0c239f,c2ca9808-766d-490c-9422-9a90cd68289e,1760608120884403326,746.175,361.69,1,48,,-4.499587501362471,16.16028695435179
648286a4-8d21-418c-8c47-cd2ace0c239f,c2ca9808-766d-490c-9422-9a90cd68289e,1760608120889528326,748.225,365.639,1,48,,-4.360050104008352,15.907505038363377
648286a4-8d21-418c-8c47-cd2ace0c239f,c2ca9808-766d-490c-9422-9a90cd68289e,1760608120894529326,745.1,365.897,1,48,,-4.566779725087317,15.889315075477532
648286a4-8d21-418c-8c47-cd2ace0c239f,c2ca9808-766d-490c-9422-9a90cd68289e,1760608120899529326,743.395,366.622,1,48,,-4.678978576197511,15.841869900271872
648286a4-8d21-418c-8c47-cd2ace0c239f,c2ca9808-766d-490c-9422-9a90cd68289e,1760608120904529326,744.786,367.238,1,48,,-4.586338157312644,15.802958017221611
648286a4-8d21-418c-8c47-cd2ace0c239f,c2ca9808-766d-490c-9422-9a90cd68289e,1760608120909533326,744.669,367.058,1,48,,-4.594198131431515,15.814503568281259
648286a4-8d21-418c-8c47-cd2ace0c239f,c2ca9808-766d-490c-9422-9a90cd68289e,1760608120914529326,751.521,362.029,1,48,,-4.144920016146835,16.141098315955354
648286a4-8d21-418c-8c47-cd2ace0c239f,c2ca9808-766d-490c-9422-9a90cd68289e,1760608120919533326,746.654,362.08,1,48,,-4.4674480076134975,16.135437151994573
648286a4-8d21-418c-8c47-cd2ace0c239f,c2ca9808-766d-490c-9422-9a90cd68289e,1760608120924529326,747.453,363.579,1,48,,-4.413124677121814,16.039498537034476
648286a4-8d21-418c-8c47-cd2ace0c239f,c2ca9808-766d-490c-9422-9a90cd68289e,1760608120929529326,744.522,361.185,1,48,,-4.6096329686404225,16.191860703726384
648286a4-8d21-418c-8c47-cd2ace0c239f,c2ca9808-766d-490c-9422-9a90cd68289e,1760608120934529326,746.375,362.5,1,48,,-4.485560789368103,16.108286165375237
648286a4-8d21-418c-8c47-cd2ace0c239f,c2ca9808-766d-490c-9422-9a90cd68289e,1760608120939541326,748.34,360.874,1,48,,-4.356798611542341,16.213813797528587
648286a4-8d21-418c-8c47-cd2ace0c239f,c2ca9808-766d-490c-9422-9a90cd68289e,1760608120944529326,746.238,359.092,1,48,,-4.4978314872174785,16.327245241318884
648286a4-8d21-418c-8c47-cd2ace0c239f,c2ca9808-766d-490c-9422-9a90cd68289e,1760608120949529326,746.51,361.418,1,48,,-4.477611471827992,16.17792744616168
648286a4-8d21-418c-8c47-cd2ace0c239f,c2ca9808-766d-490c-9422-9a90cd68289e,1760608120954529326,748.83,361.083,1,48,,-4.324156928209408,16.200587967134624
648286a4-8d21-418c-8c47-cd2ace0c239f,c2ca9808-766d-490c-9422-9a90cd68289e,1760608120959529326,748.909,363.669,1,48,,-4.316570479472051,16.034460113933573
648286a4-8d21-418c-8c47-cd2ace0c239f,c2ca9808-766d-490c-9422-9a90cd68289e,1760608120964529326,747.599,364.555,1,48,,-4.402522333914163,15.976852617468516
648286a4-8d21-418c-8c47-cd2ace0c239f,c2ca9808-766d-490c-9422-9a90cd68289e,1760608120969529326,747.232,367.384,1,48,,-4.4242240520156075,15.79482106076535
648286a4-8d21-418c-8c47-cd2ace0c239f,c2ca9808-766d-490c-9422-9a90cd68289e,1760608120974529326,748.288,364.375,1,48,,-4.3570447769474745,15.988788972055334
648286a4-8d21-418c-8c47-cd2ace0c239f,c2ca9808-766d-490c-9422-9a90cd68289e,1760608120979529326,748.381,360.294,1,48,,-4.3546234360894465,16.251096391814848
648286a4-8d21-418c-8c47-cd2ace0c239f,c2ca9808-766d-490c-9422-9a90cd68289e,1760608120984529326,751.39,356.899,1,48,,-4.15813935584022,16.47076818650251
648286a4-8d21-418c-8c47-cd2ace0c239f,c2ca9808-766d-490c-9422-9a90cd68289e,1760608120989536326,750.91,357.527,1,48,,-4.189445295357593,16.430153214827566
648286a4-8d21-418c-8c47-cd2ace0c239f,c2ca9808-766d-490c-9422-9a90cd68289e,1760608120994530326,751.244,352.86,1,48,,-4.171505173385475,16.73022269601258
648286a4-8d21-418c-8c47-cd2ace0c239f,c2ca9808-766d-490c-9422-9a90cd68289e,1760608120999530326,751.59,356.71,1,48,,-4.145034248764391,16.48300572522507
648286a4-8d21-418c-8c47-cd2ace0c239f,c2ca9808-766d-490c-9422-9a90cd68289e,1760608121004530326,751.192,356.049,1,48,,-4.172060161766737,16.52531649086651
648286a4-8d21-418c-8c47-cd2ace0c239f,c2ca9808-766d-490c-9422-9a90cd68289e,1760608121009530326,751.901,357.837,1,48,,-4.123426711401836,16.410737275323964
648286a4-8d21-418c-8c47-cd2ace0c239f,c2ca9808-766d-490c-9422-9a90cd68289e,1760608121014530326,752.523,357.922,1,48,,-4.082098991767979,16.40558493217375
648286a4-8d21-418c-8c47-cd2ace0c239f,c2ca9808-766d-490c-9422-9a90cd68289e,1760608121019530326,747.664,361.339,1,48,,-4.401215692163239,16.183589533644408
648286a4-8d21-418c-8c47-cd2ace0c239f,c2ca9808-766d-490c-9422-9a90cd68289e,1760608121024663326,748.568,359.637,1,48,,-4.342824641043868,16.293440560755116
648286a4-8d21-418c-8c47-cd2ace0c239f,c2ca9808-766d-490c-9422-9a90cd68289e,1760608121029660326,749.506,361.401,1,48,,-4.2790519865702406,16.1804898346193
648286a4-8d21-418c-8c47-cd2ace0c239f,c2ca9808-766d-490c-9422-9a90cd68289e,1760608121034668326,751.589,361.996,1,48,,-4.140478932149909,16.14325852669485
648286a4-8d21-418c-8c47-cd2ace0c239f,c2ca9808-766d-490c-9422-9a90cd68289e,1760608121039655326,751.044,356.8,1,48,,-4.181214172119697,16.476972813097944
648286a4-8d21-418c-8c47-cd2ace0c239f,c2ca9808-766d-490c-9422-9a90cd68289e,1760608121044655326,750.796,358.4,1,48,,-4.196250012696914,16.374041277011006
648286a4-8d21-418c-8c47-cd2ace0c239f,c2ca9808-766d-490c-9422-9a90cd68289e,1760608121049655326,749.248,361.288,1,48,,-4.2962192193521425,16.18762396104269
648286a4-8d21-418c-8c47-cd2ace0c239f,c2ca9808-766d-490c-9422-9a90cd68289e,1760608121054655326,753.222,359.069,1,48,,-4.0347599157367595,16.332203492040662
648286a4-8d21-418c-8c47-cd2ace0c239f,c2ca9808-766d-490c-9422-9a90cd68289e,1760608121059656326,748.13,358.587,1,48,,-4.372838921346931,16.360660731782392
648286a4-8d21-418c-8c47-cd2ace0c239f,c2ca9808-766d-490c-9422-9a90cd68289e,1760608121064655326,749.727,357.471,1,48,,-4.267969562280757,16.433169752695218
648286a4-8d21-418c-8c47-cd2ace0c239f,c2ca9808-766d-490c-9422-9a90cd68289e,1760608121069661326,749.868,359.229,1,48,,-4.256986583684943,16.320272691685503
648286a4-8d21-418c-8c47-cd2ace0c239f,c2ca9808-766d-490c-9422-9a90cd68289e,1760608121074658326,749.995,360.053,1,48,,-4.247870019119424,16.267418640856004
648286a4-8d21-418c-8c47-cd2ace0c239f,c2ca9808-766d-490c-9422-9a90cd68289e,1760608121079656326,750.026,360.093,1,48,,-4.2457859236721776,16.264827035032024
648286a4-8d21-418c-8c47-cd2ace0c239f,c2ca9808-766d-490c-9422-9a90cd68289e,1760608121084656326,747.169,362.13,1,48,,-4.433253612329997,16.13250927316966
648286a4-8d21-418c-8c47-cd2ace0c239f,c2ca9808-766d-490c-9422-9a90cd68289e,1760608121089656326,745.986,361.906,1,48,,-4.511853908316124,16.14631805729144
648286a4-8d21-418c-8c47-cd2ace0c239f,c2ca9808-766d-490c-9422-9a90cd68289e,1760608121094656326,747.431,358.916,1,48,,-4.418925622949194,16.33916492191945
648286a4-8d21-418c-8c47-cd2ace0c239f,c2ca9808-766d-490c-9422-9a90cd68289e,1760608121099656326,747.391,362.915,1,48,,-4.4178401273309635,16.082145955589766
648286a4-8d21-418c-8c47-cd2ace0c239f,c2ca9808-766d-490c-9422-9a90cd68289e,1760608121104659326,746.029,364.527,1,48,,-4.506586866631292,15.977893445492318
648286a4-8d21-418c-8c47-cd2ace0c239f,c2ca9808-766d-490c-9422-9a90cd68289e,1760608121109656326,748.175,361.108,1,48,,-4.36751005286434,16.198672176262498
648286a4-8d21-418c-8c47-cd2ace0c239f,c2ca9808-766d-490c-9422-9a90cd68289e,1760608121114656326,748.555,361.886,1,,,-4.341667194118233,16.148885782455807
648286a4-8d21-418c-8c47-cd2ace0c239f,c2ca9808-766d-490c-9422-9a90cd68289e,1760608121119656326,749.052,358.614,1,,,-4.311713255931453,16.35938668371457
648286a4-8d21-418c-8c47-cd2ace0c239f,c2ca9808-766d-490c-9422-9a90cd68289e,1760608121124656326,747.548,357.868,1,,,-4.412137191794999,16.40659125394465
648286a4-8d21-418c-8c47-cd2ace0c239f,c2ca9808-766d-490c-9422-9a90cd68289e,1760608121129656326,740.301,361.061,1,,,-4.889487201476545,16.197495436468795
648286a4-8d21-418c-8c47-cd2ace0c239f,c2ca9808-766d-490c-9422-9a90cd68289e,1760608121134656326,719.272,347.695,1,,,-6.301399299249319,17.04186319531202
648286a4-8d21-418c-8c47-cd2ace0c239f,c2ca9808-766d-490c-9422-9a90cd68289e,1760608121139659326,716.837,348.288,1,,,-6.462340907937687,17.001936506188493
648286a4-8d21-418c-8c47-cd2ace0c239f,c2ca9808-766d-490c-9422-9a90cd68289e,1760608121144656326,718.723,348.682,1,49,,-6.336487721257619,16.978126347824805
648286a4-8d21-418c-8c47-cd2ace0c239f,c2ca9808-766d-490c-9422-9a90cd68289e,1760608121149656326,717.147,351.896,1,49,,-6.436610401913056,16.770608037130444
648286a4-8d21-418c-8c47-cd2ace0c239f,c2ca9808-766d-490c-9422-9a90cd68289e,1760608121154656326,717.676,352.691,1,49,,-6.400423535713092,16.72000399709457
648286a4-8d21-418c-8c47-cd2ace0c239f,c2ca9808-766d-490c-9422-9a90cd68289e,1760608121159781326,720.104,353.089,1,49,,-6.238674171321092,16.696283525777485
648286a4-8d21-418c-8c47-cd2ace0c239f,c2ca9808-766d-490c-9422-9a90cd68289e,1760608121164781326,724.244,355.44,1,49,,-5.96087546472032,16.548351386481638
648286a4-8d21-418c-8c47-cd2ace0c239f,c2ca9808-766d-490c-9422-9a90cd68289e,1760608121169781326,725.628,356.05,1,49,,-5.8682401605899885,16.510168013311468
648286a4-8d21-418c-8c47-cd2ace0c239f,c2ca9808-766d-490c-9422-9a90cd68289e,1760608121174781326,726.418,357.464,1,49,,-5.8140809435584995,16.419923185231216
648286a4-8d21-418c-8c47-cd2ace0c239f,c2ca9808-766d-490c-9422-9a90cd68289e,1760608121179781326,724.076,353.755,1,49,,-5.974174944725272,16.65642677914567
648286a4-8d21-418c-8c47-cd2ace0c239f,c2ca9808-766d-490c-9422-9a90cd68289e,1760608121184782326,724.787,356.793,1,49,,-5.923098389882328,16.461868311605
648286a4-8d21-418c-8c47-cd2ace0c239f,c2ca9808-766d-490c-9422-9a90cd68289e,1760608121189787326,722.132,358.08,1,49,,-6.097522347174884,16.37736224456169
648286a4-8d21-418c-8c47-cd2ace0c239f,c2ca9808-766d-490c-9422-9a90cd68289e,1760608121194782326,721.983,354.865,1,49,,-6.11161743603239,16.58365288795012
648286a4-8d21-418c-8c47-cd2ace0c239f,c2ca9808-766d-490c-9422-9a90cd68289e,1760608121199782326,726.927,355.783,1,49,,-5.782370916544963,16.5281731939069
648286a4-8d21-418c-8c47-cd2ace0c239f,c2ca9808-766d-490c-9422-9a90cd68289e,1760608121204795326,726.652,356.081,1,49,,-5.80026930049152,16.50885607215168
648286a4-8d21-418c-8c47-cd2ace0c239f,c2ca9808-766d-490c-9422-9a90cd68289e,1760608121209782326,726.001,356.268,1,49,,-5.84323489150222,16.49645015137355
648286a4-8d21-418c-8c47-cd2ace0c239f,c2ca9808-766d-490c-9422-9a90cd68289e,1760608121214782326,726.794,358.769,1,49,,-5.787510390086594,16.33636678086767
648286a4-8d21-418c-8c47-cd2ace0c239f,c2ca9808-766d-490c-9422-9a90cd68289e,1760608121219786326,726.519,358.672,1,49,,-5.805885049472646,16.342416319617044
648286a4-8d21-418c-8c47-cd2ace0c239f,c2ca9808-766d-490c-9422-9a90cd68289e,1760608121224782326,727.487,358.572,1,49,,-5.74181046988574,16.349458118614645
648286a4-8d21-418c-8c47-cd2ace0c239f,c2ca9808-766d-490c-9422-9a90cd68289e,1760608121229782326,728.443,358.656,1,49,,-5.6783090414451936,16.344758628776155
648286a4-8d21-418c-8c47-cd2ace0c239f,c2ca9808-766d-490c-9422-9a90cd68289e,1760608121234782326,729.683,355.153,1,49,,-5.600289086143675,16.570521884673777
648286a4-8d21-418c-8c47-cd2ace0c239f,c2ca9808-766d-490c-9422-9a90cd68289e,1760608121239782326,730.384,354.832,1,49,,-5.554200464522431,16.591593938926152
648286a4-8d21-418c-8c47-cd2ace0c239f,c2ca9808-766d-490c-9422-9a90cd68289e,1760608121244782326,728.826,359.68,1,49,,-5.651687794965988,16.279195206410126
648286a4-8d21-418c-8c47-cd2ace0c239f,c2ca9808-766d-490c-9422-9a90cd68289e,1760608121249784326,727.476,360.064,1,49,,-5.740758158983353,16.25364955174822
648286a4-8d21-418c-8c47-cd2ace0c239f,c2ca9808-766d-490c-9422-9a90cd68289e,1760608121254782326,726.258,360.326,1,49,,-5.821172620276618,16.235999607059444
648286a4-8d21-418c-8c47-cd2ace0c239f,c2ca9808-766d-490c-9422-9a90cd68289e,1760608121259783326,726.068,359.361,1,49,,-5.834930004782774,16.29788401062081
648286a4-8d21-418c-8c47-cd2ace0c239f,c2ca9808-766d-490c-9422-9a90cd68289e,1760608121264782326,725.383,359.476,1,49,,-5.880176775431724,16.2899877399001
648286a4-8d21-418c-8c47-cd2ace0c239f,c2ca9808-766d-490c-9422-9a90cd68289e,1760608121269782326,729.158,352.773,1,49,,-5.638088137660668,16.723010855869386
648286a4-8d21-418c-8c47-cd2ace0c239f,c2ca9808-766d-490c-9422-9a90cd68289e,1760608121274783326,727.514,354.823,1,49,,-5.74466014210272,16.590240100226588
648286a4-8d21-418c-8c47-cd2ace0c239f,c2ca9808-766d-490c-9422-9a90cd68289e,1760608121279798326,726.587,353.903,1,49,,-5.8072924549928375,16.648673908174796
648286a4-8d21-418c-8c47-cd2ace0c239f,c2ca9808-766d-490c-9422-9a90cd68289e,1760608121284783326,725.688,356.853,1,49,,-5.8632449465106635,16.45868101383921
648286a4-8d21-418c-8c47-cd2ace0c239f,c2ca9808-766d-490c-9422-9a90cd68289e,1760608121289794326,723.773,356.688,1,49,,-5.990464924285118,16.46793592822558
648286a4-8d21-418c-8c47-cd2ace0c239f,c2ca9808-766d-490c-9422-9a90cd68289e,1760608121294908326,722.926,356.373,1,49,,-6.047101746099484,16.48755922410263
648286a4-8d21-418c-8c47-cd2ace0c239f,c2ca9808-766d-490c-9422-9a90cd68289e,1760608121299911326,729.267,357.451,1,49,,-5.6251359736708055,16.422630264897904
648286a4-8d21-418c-8c47-cd2ace0c239f,c2ca9808-766d-490c-9422-9a90cd68289e,1760608121304799326,728.843,358.776,1,49,,-5.6516362198657895,16.337283340804113
648286a4-8d21-418c-8c47-cd2ace0c239f,c2ca9808-766d-490c-9422-9a90cd68289e,1760608121309908326,729.092,358.708,1,49,,-5.635250092123471,16.341793599248682
648286a4-8d21-418c-8c47-cd2ace0c239f,c2ca9808-766d-490c-9422-9a90cd68289e,1760608121314908326,726.781,360.281,1,49,,-5.786553744355166,16.239252532509788
648286a4-8d21-418c-8c47-cd2ace0c239f,c2ca9808-766d-490c-9422-9a90cd68289e,1760608121319908326,725.61,360.588,1,49,,-5.863782701972943,16.218732561756255
648286a4-8d21-418c-8c47-cd2ace0c239f,c2ca9808-766d-490c-9422-9a90cd68289e,1760608121324911326,723.798,357.274,1,49,,-5.988092784653218,16.430271956631398
648286a4-8d21-418c-8c47-cd2ace0c239f,c2ca9808-766d-490c-9422-9a90cd68289e,1760608121329908326,725.02,357.121,1,49,,-5.907227206135951,16.440999827014675
648286a4-8d21-418c-8c47-cd2ace0c239f,c2ca9808-766d-490c-9422-9a90cd68289e,1760608121334908326,724.424,356.842,1,49,,-5.947099403638194,16.45846610500657
648286a4-8d21-418c-8c47-cd2ace0c239f,c2ca9808-766d-490c-9422-9a90cd68289e,1760608121339908326,725.167,359.434,1,49,,-5.894601578272488,16.29256989365528
648286a4-8d21-418c-8c47-cd2ace0c239f,c2ca9808-766d-490c-9422-9a90cd68289e,1760608121344908326,727.892,359.103,1,49,,-5.714321483573913,16.315635713114247
648286a4-8d21-418c-8c47-cd2ace0c239f,c2ca9808-766d-490c-9422-9a90cd68289e,1760608121349908326,726.786,354.908,1,49,,-5.792819630522025,16.584293172087005
648286a4-8d21-418c-8c47-cd2ace0c239f,c2ca9808-766d-490c-9422-9a90cd68289e,1760608121354911326,726.522,355.179,1,49,,-5.810024855055958,16.566725663546197
648286a4-8d21-418c-8c47-cd2ace0c239f,c2ca9808-766d-490c-9422-9a90cd68289e,1760608121359908326,724.945,354.491,1,49,,-5.915532048224708,16.609811332466204
648286a4-8d21-418c-8c47-cd2ace0c239f,c2ca9808-766d-490c-9422-9a90cd68289e,1760608121364908326,729.444,359.998,1,49,,-5.610379121884839,16.25917387309972
648286a4-8d21-418c-8c47-cd2ace0c239f,c2ca9808-766d-490c-9422-9a90cd68289e,1760608121369917326,726.41,357.078,1,49,,-5.815107631688246,16.44468431353271
648286a4-8d21-418c-8c47-cd2ace0c239f,c2ca9808-766d-490c-9422-9a90cd68289e,1760608121374909326,726.35,356.616,1,49,,-5.819623747439629,16.474349130339363
648286a4-8d21-418c-8c47-cd2ace0c239f,c2ca9808-766d-490c-9422-9a90cd68289e,1760608121379908326,722.149,352.725,1,49,,-6.103458700145615,16.72117598571091
648286a4-8d21-418c-8c47-cd2ace0c239f,c2ca9808-766d-490c-9422-9a90cd68289e,1760608121384909326,723.31,352.687,1,49,,-6.02643970318387,16.72442626100778
648286a4-8d21-418c-8c47-cd2ace0c239f,c2ca9808-766d-490c-9422-9a90cd68289e,1760608121389909326,722.151,354.329,1,49,,-6.101139465202841,16.61818417903582
648286a4-8d21-418c-8c47-cd2ace0c239f,c2ca9808-766d-490c-9422-9a90cd68289e,1760608121394909326,728.226,351.335,1,49,,-5.701759064619441,16.81467998644948
648286a4-8d21-418c-8c47-cd2ace0c239f,c2ca9808-766d-490c-9422-9a90cd68289e,1760608121399909326,725.34,353.879,1,49,,-5.890087096791903,16.649328672013453
648286a4-8d21-418c-8c47-cd2ace0c239f,c2ca9808-766d-490c-9422-9a90cd68289e,1760608121404909326,724.87,356.533,1,49,,-5.917935223566459,16.47862797594666
648286a4-8d21-418c-8c47-cd2ace0c239f,c2ca9808-766d-490c-9422-9a90cd68289e,1760608121409909326,723.218,355.453,1,49,,-6.028882012324268,16.54680576754755
648286a4-8d21-418c-8c47-cd2ace0c239f,c2ca9808-766d-490c-9422-9a90cd68289e,1760608121414909326,724.72,355.36,1,49,,-5.929338829152607,16.553820543039222
648286a4-8d21-418c-8c47-cd2ace0c239f,c2ca9808-766d-490c-9422-9a90cd68289e,1760608121419909326,726.046,353.877,1,49,,-5.8432454530591365,16.64998412969219
648286a4-8d21-418c-8c47-cd2ace0c239f,c2ca9808-766d-490c-9422-9a90cd68289e,1760608121424912326,726.442,351.4,1,49,,-5.820152714245572,16.80930548708102
648286a4-8d21-418c-8c47-cd2ace0c239f,c2ca9808-766d-490c-9422-9a90cd68289e,1760608121429909326,729.175,350.365,1,49,,-5.6399115239403645,16.877632546191446
648286a4-8d21-418c-8c47-cd2ace0c239f,c2ca9808-766d-490c-9422-9a90cd68289e,1760608121435040326,732.35,351.141,1,49,,-5.428078672629278,16.829885316707294
648286a4-8d21-418c-8c47-cd2ace0c239f,c2ca9808-766d-490c-9422-9a90cd68289e,1760608121440034326,740.892,356.278,1,49,,-4.855266892757653,16.505175240230216
648286a4-8d21-418c-8c47-cd2ace0c239f,c2ca9808-766d-490c-9422-9a90cd68289e,1760608121445034326,737.979,357.917,1,49,,-5.046770501895173,16.398134207863176
648286a4-8d21-418c-8c47-cd2ace0c239f,c2ca9808-766d-490c-9422-9a90cd68289e,1760608121450034326,744.785,359.651,1,49,,-4.593670066717492,16.290550985767368
648286a4-8d21-418c-8c47-cd2ace0c239f,c2ca9808-766d-490c-9422-9a90cd68289e,1760608121455034326,741.909,359.702,1,49,,-4.784291887474552,16.285714669762406
648286a4-8d21-418c-8c47-cd2ace0c239f,c2ca9808-766d-490c-9422-9a90cd68289e,1760608121460034326,739.152,354.314,1,49,,-4.972851911036795,16.63029030008771
648286a4-8d21-418c-8c47-cd2ace0c239f,c2ca9808-766d-490c-9422-9a90cd68289e,1760608121465034326,739.027,354.188,1,49,,-4.9812614113706974,16.638311834594592
648286a4-8d21-418c-8c47-cd2ace0c239f,c2ca9808-766d-490c-9422-9a90cd68289e,1760608121470034326,738.354,354.554,1,49,,-5.025535574675275,16.614433138260985
648286a4-8d21-418c-8c47-cd2ace0c239f,c2ca9808-766d-490c-9422-9a90cd68289e,1760608121475035326,739.405,355.548,1,49,,-4.954757348231302,16.551207288409685
648286a4-8d21-418c-8c47-cd2ace0c239f,c2ca9808-766d-490c-9422-9a90cd68289e,1760608121480035326,737.171,354.942,1,49,,-5.103682808332036,16.58880330657593
648286a4-8d21-418c-8c47-cd2ace0c239f,c2ca9808-766d-490c-9422-9a90cd68289e,1760608121485037326,738.559,353.632,1,49,,-5.012983315007906,16.673780325147867
648286a4-8d21-418c-8c47-cd2ace0c239f,c2ca9808-766d-490c-9422-9a90cd68289e,1760608121490035326,740.377,353.174,1,49,,-4.892776184998297,16.70423588783055
648286a4-8d21-418c-8c47-cd2ace0c239f,c2ca9808-766d-490c-9422-9a90cd68289e,1760608121495035326,741.362,355.399,1,49,,-4.825017731883375,16.561901792288317
648286a4-8d21-418c-8c47-cd2ace0c239f,c2ca9808-766d-490c-9422-9a90cd68289e,1760608121500035326,738.805,356.958,1,49,,-4.993015031716169,16.46025804644799
648286a4-8d21-418c-8c47-cd2ace0c239f,c2ca9808-766d-490c-9422-9a90cd68289e,1760608121505035326,742.069,355.428,1,49,,-4.778108150634029,16.56043173553061
648286a4-8d21-418c-8c47-cd2ace0c239f,c2ca9808-766d-490c-9422-9a90cd68289e,1760608121510037326,739.115,353.901,1,49,,-4.975742237627373,16.65680068025001
648286a4-8d21-418c-8c47-cd2ace0c239f,c2ca9808-766d-490c-9422-9a90cd68289e,1760608121515035326,741.646,355.517,1,49,,-4.806055954209093,16.554444939409844
648286a4-8d21-418c-8c47-cd2ace0c239f,c2ca9808-766d-490c-9422-9a90cd68289e,1760608121520035326,741.12,354.645,1,49,,-4.841877454521641,16.610162697222496
648286a4-8d21-418c-8c47-cd2ace0c239f,c2ca9808-766d-490c-9422-9a90cd68289e,1760608121525035326,740.474,354.783,1,49,,-4.884627193501998,16.600926234250686
648286a4-8d21-418c-8c47-cd2ace0c239f,c2ca9808-766d-490c-9422-9a90cd68289e,1760608121530035326,741.36,353.535,1,49,,-4.827124342366833,16.68159765598982
648286a4-8d21-418c-8c47-cd2ace0c239f,c2ca9808-766d-490c-9422-9a90cd68289e,1760608121535035326,737.913,355.965,1,49,,-5.053304209199752,16.523541147396926
648286a4-8d21-418c-8c47-cd2ace0c239f,c2ca9808-766d-490c-9422-9a90cd68289e,1760608121540039326,743.879,350.946,1,49,,-4.66254936670903,16.84933868344885
648286a4-8d21-418c-8c47-cd2ace0c239f,c2ca9808-766d-490c-9422-9a90cd68289e,1760608121545035326,743.377,351.838,1,49,,-4.6949405853068855,16.79180050603717
648286a4-8d21-418c-8c47-cd2ace0c239f,c2ca9808-766d-490c-9422-9a90cd68289e,1760608121550039326,743.0,351.05,1,49,,-4.720815440969686,16.842175859596587
648286a4-8d21-418c-8c47-cd2ace0c239f,c2ca9808-766d-490c-9422-9a90cd68289e,1760608121555040326,743.09,351.807,1,49,,-4.714072577353669,16.79361262508672
648286a4-8d21-418c-8c47-cd2ace0c239f,c2ca9808-766d-490c-9422-9a90cd68289e,1760608121560036326,742.67,350.447,1,49,,-4.743398817236413,16.880770384143993
648286a4-8d21-418c-8c47-cd2ace0c239f,c2ca9808-766d-490c-9422-9a90cd68289e,1760608121565035326,745.226,353.622,1,49,,-4.570373789080319,16.678208305164507
648286a4-8d21-418c-8c47-cd2ace0c239f,c2ca9808-766d-490c-9422-9a90cd68289e,1760608121570167326,745.707,353.735,1,49,,-4.538350867050147,16.671166563138577
648286a4-8d21-418c-8c47-cd2ace0c239f,c2ca9808-766d-490c-9422-9a90cd68289e,1760608121575044326,743.828,354.748,1,49,,-4.662012922642165,16.60505221350646
648286a4-8d21-418c-8c47-cd2ace0c239f,c2ca9808-766d-490c-9422-9a90cd68289e,1760608121580161326,745.352,345.948,1,49,,-4.569774427436237,17.171218941205105
648286a4-8d21-418c-8c47-cd2ace0c239f,c2ca9808-766d-490c-9422-9a90cd68289e,1760608121585161326,745.042,346.909,1,49,,-4.589389956718502,17.1093085901649
648286a4-8d21-418c-8c47-cd2ace0c239f,c2ca9808-766d-490c-9422-9a90cd68289e,1760608121590164326,745.091,347.442,1,49,,-4.585643386825834,17.075144721069037
648286a4-8d21-418c-8c47-cd2ace0c239f,c2ca9808-766d-490c-9422-9a90cd68289e,1760608121595173326,745.163,357.255,1,49,,-4.570954910170226,16.444694197725983
648286a4-8d21-418c-8c47-cd2ace0c239f,c2ca9808-766d-490c-9422-9a90cd68289e,1760608121600161326,740.706,358.129,1,49,,-4.865726822933574,16.386142479689028
648286a4-8d21-418c-8c47-cd2ace0c239f,c2ca9808-766d-490c-9422-9a90cd68289e,1760608121605161326,741.975,356.984,1,49,,-4.782706009348002,16.46042601321602
648286a4-8d21-418c-8c47-cd2ace0c239f,c2ca9808-766d-490c-9422-9a90cd68289e,1760608121610161326,742.953,356.253,1,49,,-4.7185945461967185,16.5078926738372
648286a4-8d21-418c-8c47-cd2ace0c239f,c2ca9808-766d-490c-9422-9a90cd68289e,1760608121615161326,743.238,355.51,1,49,,-4.700433810434169,16.555792997528435
648286a4-8d21-418c-8c47-cd2ace0c239f,c2ca9808-766d-490c-9422-9a90cd68289e,1760608121620166326,744.08,352.922,1,49,,-4.647171544388472,16.72252247573503
648286a4-8d21-418c-8c47-cd2ace0c239f,c2ca9808-766d-490c-9422-9a90cd68289e,1760608121625161326,741.936,358.356,1,49,,-4.783876024394209,16.372205644783563
648286a4-8d21-418c-8c47-cd2ace0c239f,c2ca9808-766d-490c-9422-9a90cd68289e,1760608121630161326,741.284,356.271,1,49,,-4.829319950638135,16.505833443330307
648286a4-8d21-418c-8c47-cd2ace0c239f,c2ca9808-766d-490c-9422-9a90cd68289e,1760608121635161326,742.74,356.271,1,49,,-4.732714242351872,16.5066579823526
648286a4-8d21-418c-8c47-cd2ace0c239f,c2ca9808-766d-490c-9422-9a90cd68289e,1760608121640164326,742.21,355.875,1,49,,-4.768237341005177,16.53178767374235
648286a4-8d21-418c-8c47-cd2ace0c239f,c2ca9808-766d-490c-9422-9a90cd68289e,1760608121645161326,745.204,357.548,1,49,,-4.567962762757561,16.425912356557127
648286a4-8d21-418c-8c47-cd2ace0c239f,c2ca9808-766d-490c-9422-9a90cd68289e,1760608121650161326,745.578,360.046,1,49,,-4.540722640247734,16.26558937146195
648286a4-8d21-418c-8c47-cd2ace0c239f,c2ca9808-766d-490c-9422-9a90cd68289e,1760608121655162326,746.799,355.353,1,49,,-4.464277224035135,16.567816955987986
648286a4-8d21-418c-8c47-cd2ace0c239f,c2ca9808-766d-490c-9422-9a90cd68289e,1760608121660161326,744.425,354.491,1,49,,-4.622668778414151,16.62193545663295
648286a4-8d21-418c-8c47-cd2ace0c239f,c2ca9808-766d-490c-9422-9a90cd68289e,1760608121665161326,744.252,354.543,1,49,,-4.634089562101403,16.618490937095725
648286a4-8d21-418c-8c47-cd2ace0c239f,c2ca9808-766d-490c-9422-9a90cd68289e,1760608121670166326,749.476,353.943,1,49,,-4.287877027944967,16.659757502451956
648286a4-8d21-418c-8c47-cd2ace0c239f,c2ca9808-766d-490c-9422-9a90cd68289e,1760608121675169326,754.651,350.679,1,49,,-3.9471771319587625,16.872054117005685
648286a4-8d21-418c-8c47-cd2ace0c239f,c2ca9808-766d-490c-9422-9a90cd68289e,1760608121680162326,760.738,351.474,1,49,,-3.542124113295299,16.82361543226016
648286a4-8d21-418c-8c47-cd2ace0c239f,c2ca9808-766d-490c-9422-9a90cd68289e,1760608121685162326,763.942,349.603,1,49,,-3.330694957846375,16.945197656555546
648286a4-8d21-418c-8c47-cd2ace0c239f,c2ca9808-766d-490c-9422-9a90cd68289e,1760608121690162326,766.652,354.762,1,49,,-3.1469990989689243,16.614560658600933
648286a4-8d21-418c-8c47-cd2ace0c239f,c2ca9808-766d-490c-9422-9a90cd68289e,1760608121695162326,764.987,353.76,1,49,,-3.2581951697521583,16.678381540990586
648286a4-8d21-418c-8c47-cd2ace0c239f,c2ca9808-766d-490c-9422-9a90cd68289e,1760608121700162326,762.46,353.242,1,49,,-3.4263974854856736,16.71068647288858
648286a4-8d21-418c-8c47-cd2ace0c239f,c2ca9808-766d-490c-9422-9a90cd68289e,1760608121705169326,762.155,354.602,1,49,,-3.445606446187771,16.62317408225028
648286a4-8d21-418c-8c47-cd2ace0c239f,c2ca9808-766d-490c-9422-9a90cd68289e,1760608121710290326,761.03,354.422,1,49,,-3.5204777953179396,16.634299084748307
648286a4-8d21-418c-8c47-cd2ace0c239f,c2ca9808-766d-490c-9422-9a90cd68289e,1760608121715287326,760.327,354.855,1,49,,-3.566797524582828,16.606179627893123
648286a4-8d21-418c-8c47-cd2ace0c239f,c2ca9808-766d-490c-9422-9a90cd68289e,1760608121720287326,759.601,356.925,1,49,,-3.6133432523662807,16.47276802645332
648286a4-8d21-418c-8c47-cd2ace0c239f,c2ca9808-766d-490c-9422-9a90cd68289e,1760608121725287326,759.617,357.573,1,49,,-3.611759837294888,16.43117895481717
648286a4-8d21-418c-8c47-cd2ace0c239f,c2ca9808-766d-490c-9422-9a90cd68289e,1760608121730287326,757.683,356.119,1,49,,-3.7412544296064194,16.5238144258496
648286a4-8d21-418c-8c47-cd2ace0c239f,c2ca9808-766d-490c-9422-9a90cd68289e,1760608121735287326,757.503,356.172,1,49,,-3.7531761853300782,16.520326839529336
648286a4-8d21-418c-8c47-cd2ace0c239f,c2ca9808-766d-490c-9422-9a90cd68289e,1760608121740287326,758.981,356.562,1,49,,-3.6547940991578773,16.495890619674707
648286a4-8d21-418c-8c47-cd2ace0c239f,c2ca9808-766d-490c-9422-9a90cd68289e,1760608121745291326,763.061,353.194,1,49,,-3.3865070841426914,16.714023534228936
648286a4-8d21-418c-8c47-cd2ace0c239f,c2ca9808-766d-490c-9422-9a90cd68289e,1760608121750287326,764.114,354.509,1,49,,-3.3156169254173484,16.629893007998593
648286a4-8d21-418c-8c47-cd2ace0c239f,c2ca9808-766d-490c-9422-9a90cd68289e,1760608121755296326,761.535,356.774,1,49,,-3.485122951397717,16.483262175843013
648286a4-8d21-418c-8c47-cd2ace0c239f,c2ca9808-766d-490c-9422-9a90cd68289e,1760608121760288326,758.756,353.647,1,49,,-3.6720694005702277,16.683112766582386
648286a4-8d21-418c-8c47-cd2ace0c239f,c2ca9808-766d-490c-9422-9a90cd68289e,1760608121765288326,760.169,351.768,1,49,,-3.5797268137513187,16.804483826858473
648286a4-8d21-418c-8c47-cd2ace0c239f,c2ca9808-766d-490c-9422-9a90cd68289e,1760608121770288326,760.637,353.473,1,49,,-3.547276502904065,16.69513379619872
648286a4-8d21-418c-8c47-cd2ace0c239f,c2ca9808-766d-490c-9422-9a90cd68289e,1760608121775288326,763.092,357.167,1,49,,-3.38153905703434,16.45864046763876
648286a4-8d21-418c-8c47-cd2ace0c239f,c2ca9808-766d-490c-9422-9a90cd68289e,1760608121780288326,762.091,357.763,1,49,,-3.447532616466839,16.41994118627485
648286a4-8d21-418c-8c47-cd2ace0c239f,c2ca9808-766d-490c-9422-9a90cd68289e,1760608121785288326,759.249,357.901,1,49,,-3.6359267236494195,16.409908582496634
648286a4-8d21-418c-8c47-cd2ace0c239f,c2ca9808-766d-490c-9422-9a90cd68289e,1760608121790288326,759.078,358.568,1,49,,-3.6467310151893133,16.36694951016108
648286a4-8d21-418c-8c47-cd2ace0c239f,c2ca9808-766d-490c-9422-9a90cd68289e,1760608121795288326,757.904,359.452,1,49,,-3.7239023334196024,16.309621299312326
648286a4-8d21-418c-8c47-cd2ace0c239f,c2ca9808-766d-490c-9422-9a90cd68289e,1760608121800288326,755.584,362.159,1,49,,-3.875550388855277,16.13463824753319
648286a4-8d21-418c-8c47-cd2ace0c239f,c2ca9808-766d-490c-9422-9a90cd68289e,1760608121805288326,759.241,362.198,1,49,,-3.633091680891059,16.133655810484033
648286a4-8d21-418c-8c47-cd2ace0c239f,c2ca9808-766d-490c-9422-9a90cd68289e,1760608121810288326,760.087,363.841,1,49,,-3.5758304821652893,16.028369563625073
648286a4-8d21-418c-8c47-cd2ace0c239f,c2ca9808-766d-490c-9422-9a90cd68289e,1760608121815288326,758.974,359.181,1,49,,-3.653196374330809,16.327491650966333
648286a4-8d21-418c-8c47-cd2ace0c239f,c2ca9808-766d-490c-9422-9a90cd68289e,1760608121820288326,759.602,361.036,1,49,,-3.6100952045918246,16.208536897820203
648286a4-8d21-418c-8c47-cd2ace0c239f,c2ca9808-766d-490c-9422-9a90cd68289e,1760608121825288326,756.077,362.067,1,49,,-3.842942895782827,16.14074975872965
648286a4-8d21-418c-8c47-cd2ace0c239f,c2ca9808-766d-490c-9422-9a90cd68289e,1760608121830288326,755.773,357.036,1,49,,-3.8672257978856597,16.464026724997716
648286a4-8d21-418c-8c47-cd2ace0c239f,c2ca9808-766d-490c-9422-9a90cd68289e,1760608121835288326,755.058,359.326,1,,,-3.912753226151986,16.316464983881655
648286a4-8d21-418c-8c47-cd2ace0c239f,c2ca9808-766d-490c-9422-9a90cd68289e,1760608121840291326,755.314,361.007,1,,,-3.8943568165147435,16.208551822523443
648286a4-8d21-418c-8c47-cd2ace0c239f,c2ca9808-766d-490c-9422-9a90cd68289e,1760608121845413326,760.992,359.579,1,,,-3.5190037822087477,16.302789809992944
648286a4-8d21-418c-8c47-cd2ace0c239f,c2ca9808-766d-490c-9422-9a90cd68289e,1760608121850413326,777.667,370.199,1,,,-2.407729667503156,15.625281671240238
648286a4-8d21-418c-8c47-cd2ace0c239f,c2ca9808-766d-490c-9422-9a90cd68289e,1760608121855413326,820.8,403.738,1,,,0.44487065563363154,13.47003100376468
648286a4-8d21-418c-8c47-cd2ace0c239f,c2ca9808-766d-490c-9422-9a90cd68289e,1760608121860414326,860.754,458.551,1,,,3.049087460696187,9.930234804512734
648286a4-8d21-418c-8c47-cd2ace0c239f,c2ca9808-766d-490c-9422-9a90cd68289e,1760608121865414326,901.091,509.307,1,,,5.6509145902459945,6.6451980378969076
648286a4-8d21-418c-8c47-cd2ace0c239f,c2ca9808-766d-490c-9422-9a90cd68289e,1760608121870414326,963.863,538.682,1,,,9.698283517060865,4.7323400104761895
648286a4-8d21-418c-8c47-cd2ace0c239f,c2ca9808-766d-490c-9422-9a90cd68289e,1760608121875414326,972.953,582.34,1,,,10.267483368727333,1.9237867655120742
648286a4-8d21-418c-8c47-cd2ace0c239f,c2ca9808-766d-490c-9422-9a90cd68289e,1760608121880421326,1004.081,606.078,1,,,12.26857559027632,0.3971702000192507
648286a4-8d21-418c-8c47-cd2ace0c239f,c2ca9808-766d-490c-9422-9a90cd68289e,1760608121885414326,1033.189,612.539,1,,,14.140493702292886,-0.016788751884368746
648286a4-8d21-418c-8c47-cd2ace0c239f,c2ca9808-766d-490c-9422-9a90cd68289e,1760608121890414326,1050.836,623.831,1,,,15.275195254127297,-0.7368639403596727
648286a4-8d21-418c-8c47-cd2ace0c239f,c2ca9808-766d-490c-9422-9a90cd68289e,1760608121895414326,1037.529,631.226,1,50,,14.421316861017594,-1.2103939125282266
648286a4-8d21-418c-8c47-cd2ace0c239f,c2ca9808-766d-490c-9422-9a90cd68289e,1760608121900414326,1039.031,626.472,1,50,,14.51703418397415,-0.9065605389709367
648286a4-8d21-418c-8c47-cd2ace0c239f,c2ca9808-766d-490c-9422-9a90cd68289e,1760608121905414326,1037.281,623.891,1,50,,14.404171641958513,-0.7419150276837967
648286a4-8d21-418c-8c47-cd2ace0c239f,c2ca9808-766d-490c-9422-9a90cd68289e,1760608121910420326,1036.16,621.836,1,50,,14.331892209823621,-0.6106979554504279
648286a4-8d21-418c-8c47-cd2ace0c239f,c2ca9808-766d-490c-9422-9a90cd68289e,1760608121915414326,1036.831,640.073,1,50,,14.378716447509497,-1.7755653162619904
648286a4-8d21-418c-8c47-cd2ace0c239f,c2ca9808-766d-490c-9422-9a90cd68289e,1760608121920414326,1036.242,637.117,1,50,,14.340018704111316,-1.5868959347622882
648286a4-8d21-418c-8c47-cd2ace0c239f,c2ca9808-766d-490c-9422-9a90cd68289e,1760608121925414326,1034.006,633.769,1,50,,14.195417263330937,-1.373384452825023
648286a4-8d21-418c-8c47-cd2ace0c239f,c2ca9808-766d-490c-9422-9a90cd68289e,1760608121930425326,1030.601,634.361,1,50,,13.97666152205772,-1.4117203155942872
648286a4-8d21-418c-8c47-cd2ace0c239f,c2ca9808-766d-490c-9422-9a90cd68289e,1760608121935417326,1031.723,633.031,1,50,,14.048492154686743,-1.3265406814793497
648286a4-8d21-418c-8c47-cd2ace0c239f,c2ca9808-766d-490c-9422-9a90cd68289e,1760608121940414326,1031.312,622.436,1,50,,14.020356150619506,-0.6493905555790404
648286a4-8d21-418c-8c47-cd2ace0c239f,c2ca9808-766d-490c-9422-9a90cd68289e,1760608121945414326,1031.379,624.304,1,50,,14.024878273276038,-0.7688177494677698
648286a4-8d21-418c-8c47-cd2ace0c239f,c2ca9808-766d-490c-9422-9a90cd68289e,1760608121950415326,1028.618,624.14,1,50,,13.847310134415626,-0.7585360586585792
648286a4-8d21-418c-8c47-cd2ace0c239f,c2ca9808-766d-490c-9422-9a90cd68289e,1760608121955415326,1032.674,613.406,1,50,,14.10740636297318,-0.07219070177995439
648286a4-8d21-418c-8c47-cd2ace0c239f,c2ca9808-766d-490c-9422-9a90cd68289e,1760608121960414326,1026.633,619.083,1,50,,13.719206966089224,-0.43534170948518597
648286a4-8d21-418c-8c47-cd2ace0c239f,c2ca9808-766d-490c-9422-9a90cd68289e,1760608121965414326,1025.906,617.138,1,50,,13.672363310229352,-0.31094833646142866
648286a4-8d21-418c-8c47-cd2ace0c239f,c2ca9808-766d-490c-9422-9a90cd68289e,1760608121970418326,1029.32,613.099,1,50,,13.891773812735243,-0.05258382325754133
648286a4-8d21-418c-8c47-cd2ace0c239f,c2ca9808-766d-490c-9422-9a90cd68289e,1760608121975540326,1027.037,615.886,1,50,,13.745080022320277,-0.2308733412809878
648286a4-8d21-418c-8c47-cd2ace0c239f,c2ca9808-766d-490c-9422-9a90cd68289e,1760608121980541326,1029.096,615.597,1,50,,13.877424402319882,-0.2122940021530566
648286a4-8d21-418c-8c47-cd2ace0c239f,c2ca9808-766d-490c-9422-9a90cd68289e,1760608121985540326,1029.82,614.849,1,50,,13.92393484576316,-0.16447939987782337
648286a4-8d21-418c-8c47-cd2ace0c239f,c2ca9808-766d-490c-9422-9a90cd68289e,1760608121990540326,1029.894,614.96,1,50,,13.928701244441532,-0.17158709385795748
648286a4-8d21-418c-8c47-cd2ace0c239f,c2ca9808-766d-490c-9422-9a90cd68289e,1760608121995540326,1030.56,613.428,1,50,,13.971500731552283,-0.07362484860613519
648286a4-8d21-418c-8c47-cd2ace0c239f,c2ca9808-766d-490c-9422-9a90cd68289e,1760608122000540326,1027.994,613.889,1,50,,13.80655734334129,-0.10314892849310564
648286a4-8d21-418c-8c47-cd2ace0c239f,c2ca9808-766d-490c-9422-9a90cd68289e,1760608122005540326,1026.573,613.614,1,50,,13.715174109464005,-0.0855899734058296
648286a4-8d21-418c-8c47-cd2ace0c239f,c2ca9808-766d-490c-9422-9a90cd68289e,1760608122010550326,1028.703,615.515,1,50,,13.852167413242787,-0.20710264023608121
648286a4-8d21-418c-8c47-cd2ace0c239f,c2ca9808-766d-490c-9422-9a90cd68289e,1760608122015540326,1026.029,627.042,1,50,,13.681241867956487,-0.9443349782024336
648286a4-8d21-418c-8c47-cd2ace0c239f,c2ca9808-766d-490c-9422-9a90cd68289e,1760608122020540326,1033.919,621.455,1,50,,14.187834049005687,-0.5865007872487108
648286a4-8d21-418c-8c47-cd2ace0c239f,c2ca9808-766d-490c-9422-9a90cd68289e,1760608122025540326,1034.678,632.617,1,50,,14.238345525313681,-1.2996319267625793
648286a4-8d21-418c-8c47-cd2ace0c239f,c2ca9808-766d-490c-9422-9a90cd68289e,1760608122030543326,1035.634,631.08,1,50,,14.299498995405184,-1.2013468781108494
648286a4-8d21-418c-8c47-cd2ace0c239f,c2ca9808-766d-490c-9422-9a90cd68289e,1760608122035540326,1035.632,629.728,1,50,,14.299135027664875,-1.1149305295798195
648286a4-8d21-418c-8c47-cd2ace0c239f,c2ca9808-766d-490c-9422-9a90cd68289e,1760608122040553326,1035.99,627.462,1,50,,14.32173085911396,-0.9701511772491724
648286a4-8d21-418c-8c47-cd2ace0c239f,c2ca9808-766d-490c-9422-9a90cd68289e,1760608122045540326,1035.191,626.729,1,50,,14.270267191824967,-0.9233629322778576
648286a4-8d21-418c-8c47-cd2ace0c239f,c2ca9808-766d-490c-9422-9a90cd68289e,1760608122050541326,1034.849,627.535,1,50,,14.248406934150587,-0.9749413789928844
648286a4-8d21-418c-8c47-cd2ace0c239f,c2ca9808-766d-490c-9422-9a90cd68289e,1760608122055548326,1029.415,633.476,1,50,,13.900160241877325,-1.3553472580070693
648286a4-8d21-418c-8c47-cd2ace0c239f,c2ca9808-766d-490c-9422-9a90cd68289e,1760608122060540326,1029.745,632.646,1,50,,13.921212135267396,-1.3022108657758573
648286a4-8d21-418c-8c47-cd2ace0c239f,c2ca9808-766d-490c-9422-9a90cd68289e,1760608122065541326,1033.857,632.355,1,50,,14.18553731824557,-1.2830049630443932
648286a4-8d21-418c-8c47-cd2ace0c239f,c2ca9808-766d-490c-9422-9a90cd68289e,1760608122070541326,1036.438,631.093,1,50,,14.35120409200603,-1.2020210263976656
648286a4-8d21-418c-8c47-cd2ace0c239f,c2ca9808-766d-490c-9422-9a90cd68289e,1760608122075551326,1037.236,629.654,1,50,,14.4022333487527,-1.1100290293331692
648286a4-8d21-418c-8c47-cd2ace0c239f,c2ca9808-766d-490c-9422-9a90cd68289e,1760608122080541326,1035.25,631.534,1,,,14.27489725610731,-1.2303564749209674
648286a4-8d21-418c-8c47-cd2ace0c239f,c2ca9808-766d-490c-9422-9a90cd68289e,1760608122085541326,1033.108,633.452,1,,,14.137622788387127,-1.3532639727577964
648286a4-8d21-418c-8c47-cd2ace0c239f,c2ca9808-766d-490c-9422-9a90cd68289e,1760608122090541326,1029.13,632.377,1,,,13.881643155649995,-1.2851106060516018
648286a4-8d21-418c-8c47-cd2ace0c239f,c2ca9808-766d-490c-9422-9a90cd68289e,1760608122095544326,988.25,600.473,1,,,11.249871050626364,0.7574993127219577
648286a4-8d21-418c-8c47-cd2ace0c239f,c2ca9808-766d-490c-9422-9a90cd68289e,1760608122100541326,955.784,572.288,1,,,9.163027455256099,2.573119027615329
648286a4-8d21-418c-8c47-cd2ace0c239f,c2ca9808-766d-490c-9422-9a90cd68289e,1760608122105541326,922.08,538.854,1,,,6.997650479091855,4.734178371498842
648286a4-8d21-418c-8c47-cd2ace0c239f,c2ca9808-766d-490c-9422-9a90cd68289e,1760608122110541326,885.089,505.956,1,,,4.61437979604133,6.865798464340379
648286a4-8d21-418c-8c47-cd2ace0c239f,c2ca9808-766d-490c-9422-9a90cd68289e,1760608122115666326,844.587,468.797,1,,,1.9921567982199961,9.272465956351978
648286a4-8d21-418c-8c47-cd2ace0c239f,c2ca9808-766d-490c-9422-9a90cd68289e,1760608122120557326,799.375,423.53,1,,,-0.9609761933551254,12.194596166307143
648286a4-8d21-418c-8c47-cd2ace0c239f,c2ca9808-766d-490c-9422-9a90cd68289e,1760608122125669326,762.614,398.771,1,,,-3.3853531927628238,13.782240728718113
648286a4-8d21-418c-8c47-cd2ace0c239f,c2ca9808-766d-490c-9422-9a90cd68289e,1760608122130666326,734.254,406.954,1,,,-5.244495330227507,13.243747399711424
648286a4-8d21-418c-8c47-cd2ace0c239f,c2ca9808-766d-490c-9422-9a90cd68289e,1760608122135666326,724.184,379.52,1,,,-5.935536472736511,15.001754087993847
648286a4-8d21-418c-8c47-cd2ace0c239f,c2ca9808-766d-490c-9422-9a90cd68289e,1760608122140669326,711.555,366.296,1,,,-6.787148209667462,15.842052978478822
648286a4-8d21-418c-8c47-cd2ace0c239f,c2ca9808-766d-490c-9422-9a90cd68289e,1760608122145666326,707.722,369.882,1,51,,-7.035712691089354,15.608911544185377
648286a4-8d21-418c-8c47-cd2ace0c239f,c2ca9808-766d-490c-9422-9a90cd68289e,1760608122150674326,705.175,367.713,1,51,,-7.207283237292309,15.746062606668314
648286a4-8d21-418c-8c47-cd2ace0c239f,c2ca9808-766d-490c-9422-9a90cd68289e,1760608122155667326,707.133,370.001,1,51,,-7.074510690597415,15.600786883104366
648286a4-8d21-418c-8c47-cd2ace0c239f,c2ca9808-766d-490c-9422-9a90cd68289e,1760608122160667326,707.907,366.253,1,51,,-7.028643858740946,15.841946748955749
648286a4-8d21-418c-8c47-cd2ace0c239f,c2ca9808-766d-490c-9422-9a90cd68289e,1760608122165667326,707.058,364.597,1,51,,-7.087262684390795,15.947561049977963
648286a4-8d21-418c-8c47-cd2ace0c239f,c2ca9808-766d-490c-9422-9a90cd68289e,1760608122170668326,705.099,363.646,1,51,,-7.21833085475478,16.00695591372529
648286a4-8d21-418c-8c47-cd2ace0c239f,c2ca9808-766d-490c-9422-9a90cd68289e,1760608122175667326,703.551,365.454,1,51,,-7.318151638862148,15.889696646420905
648286a4-8d21-418c-8c47-cd2ace0c239f,c2ca9808-766d-490c-9422-9a90cd68289e,1760608122180667326,701.836,364.262,1,51,,-7.433476394718502,15.96467374107357
648286a4-8d21-418c-8c47-cd2ace0c239f,c2ca9808-766d-490c-9422-9a90cd68289e,1760608122185667326,700.721,358.019,1,51,,-7.517092254148461,16.36422935596995
648286a4-8d21-418c-8c47-cd2ace0c239f,c2ca9808-766d-490c-9422-9a90cd68289e,1760608122190670326,700.309,357.473,1,51,,-7.545285419723218,16.398846733427998
648286a4-8d21-418c-8c47-cd2ace0c239f,c2ca9808-766d-490c-9422-9a90cd68289e,1760608122195667326,703.16,360.757,1,51,,-7.351200912313715,16.190691484341528
648286a4-8d21-418c-8c47-cd2ace0c239f,c2ca9808-766d-490c-9422-9a90cd68289e,1760608122200667326,705.564,354.856,1,51,,-7.20092517191046,16.57128034556781
648286a4-8d21-418c-8c47-cd2ace0c239f,c2ca9808-766d-490c-9422-9a90cd68289e,1760608122205667326,705.657,357.017,1,51,,-7.191434801653191,16.432732452157918
648286a4-8d21-418c-8c47-cd2ace0c239f,c2ca9808-766d-490c-9422-9a90cd68289e,1760608122210667326,704.232,356.684,1,51,,-7.286424735469759,16.45286904394373
648286a4-8d21-418c-8c47-cd2ace0c239f,c2ca9808-766d-490c-9422-9a90cd68289e,1760608122215667326,704.548,357.01,1,51,,-7.264998490271803,16.432225306639086
648286a4-8d21-418c-8c47-cd2ace0c239f,c2ca9808-766d-490c-9422-9a90cd68289e,1760608122220667326,706.43,359.06,1,51,,-7.13706994959081,16.302308492001412
648286a4-8d21-418c-8c47-cd2ace0c239f,c2ca9808-766d-490c-9422-9a90cd68289e,1760608122225671326,707.579,353.525,1,51,,-7.069306776689185,16.658365433934275
648286a4-8d21-418c-8c47-cd2ace0c239f,c2ca9808-766d-490c-9422-9a90cd68289e,1760608122230670326,707.364,356.441,1,51,,-7.079144421161944,16.471142812465104
648286a4-8d21-418c-8c47-cd2ace0c239f,c2ca9808-766d-490c-9422-9a90cd68289e,1760608122235667326,705.408,361.532,1,51,,-7.201084840023023,16.142880231788673
648286a4-8d21-418c-8c47-cd2ace0c239f,c2ca9808-766d-490c-9422-9a90cd68289e,1760608122240667326,705.07,361.741,1,51,,-7.22315913366713,16.12915061048475
648286a4-8d21-418c-8c47-cd2ace0c239f,c2ca9808-766d-490c-9422-9a90cd68289e,1760608122245672326,704.418,364.581,1,51,,-7.262060570456473,15.946439289011169
648286a4-8d21-418c-8c47-cd2ace0c239f,c2ca9808-766d-490c-9422-9a90cd68289e,1760608122250792326,704.01,365.089,1,51,,-7.288266935748657,15.913483524186844
648286a4-8d21-418c-8c47-cd2ace0c239f,c2ca9808-766d-490c-9422-9a90cd68289e,1760608122255677326,703.005,366.559,1,51,,-7.352615964300387,15.818291333787236
648286a4-8d21-418c-8c47-cd2ace0c239f,c2ca9808-766d-490c-9422-9a90cd68289e,1760608122260805326,702.802,365.855,1,51,,-7.367120356668418,15.863340324188652
648286a4-8d21-418c-8c47-cd2ace0c239f,c2ca9808-766d-490c-9422-9a90cd68289e,1760608122265793326,701.19,362.977,1,51,,-7.478197821056871,16.046574719558013
648286a4-8d21-418c-8c47-cd2ace0c239f,c2ca9808-766d-490c-9422-9a90cd68289e,1760608122270793326,704.931,364.779,1,51,,-7.227810855134809,15.934120178148447
648286a4-8d21-418c-8c47-cd2ace0c239f,c2ca9808-766d-490c-9422-9a90cd68289e,1760608122275793326,706.251,364.579,1,51,,-7.140706332140434,15.94802490008135
648286a4-8d21-418c-8c47-cd2ace0c239f,c2ca9808-766d-490c-9422-9a90cd68289e,1760608122280793326,704.702,367.942,1,51,,-7.2382373877709325,15.73097851176635
648286a4-8d21-418c-8c47-cd2ace0c239f,c2ca9808-766d-490c-9422-9a90cd68289e,1760608122285793326,703.235,369.767,1,51,,-7.332604528388443,15.612684565484503
648286a4-8d21-418c-8c47-cd2ace0c239f,c2ca9808-766d-490c-9422-9a90cd68289e,1760608122290793326,703.24,370.163,1,,,-7.33164791852376,15.587250345246897
648286a4-8d21-418c-8c47-cd2ace0c239f,c2ca9808-766d-490c-9422-9a90cd68289e,1760608122295793326,703.736,369.326,1,,,-7.300091770145917,15.641373402270478
648286a4-8d21-418c-8c47-cd2ace0c239f,c2ca9808-766d-490c-9422-9a90cd68289e,1760608122300795326,702.211,374.547,1,,,-7.393236280715954,15.305061305744497
648286a4-8d21-418c-8c47-cd2ace0c239f,c2ca9808-766d-490c-9422-9a90cd68289e,1760608122305793326,700.71,372.007,1,,,-7.496233046410076,15.466804234715598
648286a4-8d21-418c-8c47-cd2ace0c239f,c2ca9808-766d-490c-9422-9a90cd68289e,1760608122310793326,699.414,368.828,1,,,-7.586678631382029,15.669704008753707
648286a4-8d21-418c-8c47-cd2ace0c239f,c2ca9808-766d-490c-9422-9a90cd68289e,1760608122315793326,702.052,362.099,1,,,-7.422486444203421,16.103626276192564
648286a4-8d21-418c-8c47-cd2ace0c239f,c2ca9808-766d-490c-9422-9a90cd68289e,1760608122320797326,697.985,370.014,1,,,-7.679391325120182,15.592376924239728
648286a4-8d21-418c-8c47-cd2ace0c239f,c2ca9808-766d-490c-9422-9a90cd68289e,1760608122325793326,697.188,369.361,1,,,-7.733083011846795,15.633606247592954
648286a4-8d21-418c-8c47-cd2ace0c239f,c2ca9808-766d-490c-9422-9a90cd68289e,1760608122330793326,697.782,375.218,1,,,-7.684835816941578,15.258341184410492
648286a4-8d21-418c-8c47-cd2ace0c239f,c2ca9808-766d-490c-9422-9a90cd68289e,1760608122335794326,697.384,370.71,1,,,-7.7180472922134395,15.547206541068018
648286a4-8d21-418c-8c47-cd2ace0c239f,c2ca9808-766d-490c-9422-9a90cd68289e,1760608122340793326,697.432,372.185,1,,,-7.712578501683171,15.452652697775322
648286a4-8d21-418c-8c47-cd2ace0c239f,c2ca9808-766d-490c-9422-9a90cd68289e,1760608122345794326,701.144,365.549,1,,,-7.477262825713781,15.88156994367724
648286a4-8d21-418c-8c47-cd2ace0c239f,c2ca9808-766d-490c-9422-9a90cd68289e,1760608122350796326,698.545,374.196,1,,,-7.63599811529882,15.324577234779115
648286a4-8d21-418c-8c47-cd2ace0c239f,c2ca9808-766d-490c-9422-9a90cd68289e,1760608122355794326,699.199,370.276,1,,,-7.598720583734974,15.57661193857766
648286a4-8d21-418c-8c47-cd2ace0c239f,c2ca9808-766d-490c-9422-9a90cd68289e,1760608122360794326,698.611,372.287,1,,,-7.634519484407526,15.447110366509198
648286a4-8d21-418c-8c47-cd2ace0c239f,c2ca9808-766d-490c-9422-9a90cd68289e,1760608122365794326,696.54,365.561,1,,,-7.781942737942253,15.876769516138546
648286a4-8d21-418c-8c47-cd2ace0c239f,c2ca9808-766d-490c-9422-9a90cd68289e,1760608122370794326,695.82,365.199,1,,,-7.8302204510079605,15.899369507421689
648286a4-8d21-418c-8c47-cd2ace0c239f,c2ca9808-766d-490c-9422-9a90cd68289e,1760608122375794326,698.056,367.27,1,,,-7.678980446056095,15.768506561106644
648286a4-8d21-418c-8c47-cd2ace0c239f,c2ca9808-766d-490c-9422-9a90cd68289e,1760608122380794326,698.108,372.413,1,,,-7.667553497265119,15.438557747106609
648286a4-8d21-418c-8c47-cd2ace0c239f,c2ca9808-766d-490c-9422-9a90cd68289e,1760608122385799326,698.163,370.306,1,,,-7.667133370987155,15.573818196574098
648286a4-8d21-418c-8c47-cd2ace0c239f,c2ca9808-766d-490c-9422-9a90cd68289e,1760608122390919326,700.397,371.181,1,,,-7.518133651490776,15.519560320649749
648286a4-8d21-418c-8c47-cd2ace0c239f,c2ca9808-766d-490c-9422-9a90cd68289e,1760608122395919326,701.2,371.341,1,,,-7.464782688581167,15.509996276407948
648286a4-8d21-418c-8c47-cd2ace0c239f,c2ca9808-766d-490c-9422-9a90cd68289e,1760608122400919326,686.804,380.097,1,,,-8.401941933163945,14.935726827009198
648286a4-8d21-418c-8c47-cd2ace0c239f,c2ca9808-766d-490c-9422-9a90cd68289e,1760608122405919326,685.802,383.358,1,,,-8.462795170619104,14.725676595521653
648286a4-8d21-418c-8c47-cd2ace0c239f,c2ca9808-766d-490c-9422-9a90cd68289e,1760608122410919326,674.805,400.47,1,,,-9.159430983009113,13.618326811963971
648286a4-8d21-418c-8c47-cd2ace0c239f,c2ca9808-766d-490c-9422-9a90cd68289e,1760608122415919326,674.176,411.371,1,,,-9.183865921517391,12.918611287071894
648286a4-8d21-418c-8c47-cd2ace0c239f,c2ca9808-766d-490c-9422-9a90cd68289e,1760608122420919326,675.058,410.229,1,,,-9.127701987569326,12.992637435834181
648286a4-8d21-418c-8c47-cd2ace0c239f,c2ca9808-766d-490c-9422-9a90cd68289e,1760608122425922326,675.807,409.559,1,,,-9.07956094186029,13.036275974611195
648286a4-8d21-418c-8c47-cd2ace0c239f,c2ca9808-766d-490c-9422-9a90cd68289e,1760608122430919326,676.219,410.305,1,,,-9.05146644444017,12.988761315255058
648286a4-8d21-418c-8c47-cd2ace0c239f,c2ca9808-766d-490c-9422-9a90cd68289e,1760608122435919326,679.468,419.117,1,,,-8.825765660492936,12.426041921626618
