section id,recording id,timestamp [ns],gyro x [deg/s],gyro y [deg/s],gyro z [deg/s],acceleration x [g],acceleration y [g],acceleration z [g],roll [deg],pitch [deg],yaw [deg],quaternion w,quaternion x,quaternion y,quaternion z
dd8daf80-3f76-49d1-8067-96d495c7e668,c9bcc43a-9701-4fce-ad80-923ae62dbd44,1761218690989221951,0.371933,-0.116348,1.520157,-0.010742,-0.529297,0.90332,0.6038770569557113,-30.92055898579756,106.83601657951804,0.5755276083946228,-0.16294491291046143,-0.21102723479270935,0.7731004953384399
dd8daf80-3f76-49d1-8067-96d495c7e668,c9bcc43a-9701-4fce-ad80-923ae62dbd44,1761218690997212951,0.738144,-0.360489,1.825333,-0.006348,-0.529785,0.909668,0.6081385948098852,-30.90581789185887,106.86415683927498,0.5753654837608337,-0.1628481149673462,-0.21094615757465363,0.773263692855835
dd8daf80-3f76-49d1-8067-96d495c7e668,c9bcc43a-9701-4fce-ad80-923ae62dbd44,1761218691005203951,1.226425,-0.055313,1.398087,-0.004395,-0.510254,0.895996,0.6136735315351233,-30.889875683834436,106.87663353511,0.5753129720687866,-0.16278277337551117,-0.2108282744884491,0.7733486890792847
dd8daf80-3f76-49d1-8067-96d495c7e668,c9bcc43a-9701-4fce-ad80-923ae62dbd44,1761218691013194951,1.594543,-0.05722,1.092911,-0.012207,-0.52832,0.885742,0.6198888722829436,-30.875283718814952,106.8654328820552,0.5754196643829346,-0.16277235746383667,-0.2106824666261673,0.773311197757721
dd8daf80-3f76-49d1-8067-96d495c7e668,c9bcc43a-9701-4fce-ad80-923ae62dbd44,1761218691022788951,1.409531,-0.360489,0.909805,-0.001465,-0.533691,0.868164,0.6254485014188647,-30.865306233834644,106.87171103343161,0.5754009485244751,-0.16274842619895935,-0.2105959802865982,0.7733537554740906
dd8daf80-3f76-49d1-8067-96d495c7e668,c9bcc43a-9701-4fce-ad80-923ae62dbd44,1761218691032382951,1.226425,-0.238419,0.787735,-0.001953,-0.537109,0.883301,0.6235938215373307,-30.86406766404645,106.86543856659091,0.5754415392875671,-0.16274124383926392,-0.2105880081653595,0.7733272314071655
dd8daf80-3f76-49d1-8067-96d495c7e668,c9bcc43a-9701-4fce-ad80-923ae62dbd44,1761218691041976951,0.434875,0.247955,0.60463,-0.001953,-0.527832,0.881836,0.6246650626388472,-30.85736093499178,106.8510020960722,0.5755499601364136,-0.16274145245552063,-0.2105167657136917,0.7732658982276917
dd8daf80-3f76-49d1-8067-96d495c7e668,c9bcc43a-9701-4fce-ad80-923ae62dbd44,1761218691051570951,0.555038,0.249863,0.84877,-0.015625,-0.550781,0.899414,0.6284930240063176,-30.862446718579097,106.81761999822686,0.5757753849029541,-0.16285406053066254,-0.21048450469970703,0.7730830907821655
dd8daf80-3f76-49d1-8067-96d495c7e668,c9bcc43a-9701-4fce-ad80-923ae62dbd44,1761218691061164951,0.923157,0.370026,0.60463,-0.013184,-0.529297,0.890625,0.6324161049569734,-30.858811004200966,106.79277322783842,0.5759550929069519,-0.1629079431295395,-0.2104048877954483,0.7729595899581909
dd8daf80-3f76-49d1-8067-96d495c7e668,c9bcc43a-9701-4fce-ad80-923ae62dbd44,1761218691070813951,1.169205,-0.055313,0.7267,-0.011719,-0.525879,0.891602,0.6333508820710603,-30.856117884167,106.78154819151683,0.5760361552238464,-0.16292138397693634,-0.21036602556705475,0.7729068994522095
dd8daf80-3f76-49d1-8067-96d495c7e668,c9bcc43a-9701-4fce-ad80-923ae62dbd44,1761218691080462951,1.226425,0.005722,1.153946,-0.020996,-0.539551,0.899414,0.6371431045493476,-30.852757601507932,106.76598333558938,0.5761526226997375,-0.16295871138572693,-0.21030211448669434,0.7728295922279358
dd8daf80-3f76-49d1-8067-96d495c7e668,c9bcc43a-9701-4fce-ad80-923ae62dbd44,1761218691090111951,1.960754,-0.05722,0.84877,-0.004395,-0.534668,0.901855,0.6437149106786683,-30.837738888389424,106.74146993959359,0.576350212097168,-0.16297277808189392,-0.2101326882839203,0.7727254033088684
dd8daf80-3f76-49d1-8067-96d495c7e668,c9bcc43a-9701-4fce-ad80-923ae62dbd44,1761218691099760951,2.26593,0.06485,0.97084,-0.016602,-0.524902,0.895996,0.649357757682663,-30.81822944590807,106.71962859713302,0.5765340924263,-0.16295313835144043,-0.20994138717651367,0.7726443409919739
dd8daf80-3f76-49d1-8067-96d495c7e668,c9bcc43a-9701-4fce-ad80-923ae62dbd44,1761218691109409951,2.26593,0.370026,1.337051,-0.015625,-0.524414,0.890137,0.6611192089717771,-30.795443450638253,106.69410087204135,0.5767583847045898,-0.16296499967575073,-0.20969191193580627,0.7725421786308289
dd8daf80-3f76-49d1-8067-96d495c7e668,c9bcc43a-9701-4fce-ad80-923ae62dbd44,1761218691118980951,2.019882,0.249863,1.581192,-0.018066,-0.516113,0.876953,0.6780246125802675,-30.749402411478158,106.61325785862661,0.577396035194397,-0.162995845079422,-0.20918072760105133,0.7721978425979614
dd8daf80-3f76-49d1-8067-96d495c7e668,c9bcc43a-9701-4fce-ad80-923ae62dbd44,1761218691128556951,1.899719,0.247955,1.337051,-0.026367,-0.51416,0.885254,0.6922568140613841,-30.726274998080658,106.55317372174406,0.5778578519821167,-0.16308526694774628,-0.20886729657649994,0.7719182968139648
dd8daf80-3f76-49d1-8067-96d495c7e668,c9bcc43a-9701-4fce-ad80-923ae62dbd44,1761218691138132951,1.655579,0.247955,1.520157,-0.019043,-0.512207,0.883789,0.7035061647242735,-30.70914365544932,106.45897559728988,0.5785356760025024,-0.1632465273141861,-0.2085607498884201,0.7714592814445496
dd8daf80-3f76-49d1-8067-96d495c7e668,c9bcc43a-9701-4fce-ad80-923ae62dbd44,1761218691147708951,1.348495,0.127792,2.130508,-0.016602,-0.525879,0.886719,0.7203212025493257,-30.695446414641715,106.42606720111166,0.5788061618804932,-0.16335073113441467,-0.2083365023136139,0.771294891834259
dd8daf80-3f76-49d1-8067-96d495c7e668,c9bcc43a-9701-4fce-ad80-923ae62dbd44,1761218691157284951,1.348495,0.677109,1.886368,-0.003906,-0.498535,0.882812,0.7314485413398248,-30.676656114605386,106.4423749372859,0.5787417888641357,-0.1633015275001526,-0.20817673206329346,0.7713967561721802
dd8daf80-3f76-49d1-8067-96d495c7e668,c9bcc43a-9701-4fce-ad80-923ae62dbd44,1761218691167894951,0.371933,1.226425,1.581192,-0.004883,-0.533203,0.878906,0.7449717231311306,-30.674451779316396,106.45862757043047,0.5786598920822144,-0.16335196793079376,-0.20811672508716583,0.7714636921882629
dd8daf80-3f76-49d1-8067-96d495c7e668,c9bcc43a-9701-4fce-ad80-923ae62dbd44,1761218691178505951,0.066757,1.28746,1.459122,-0.00293,-0.506836,0.878418,0.7602509463211529,-30.66858472565865,106.47248299961569,0.5786021947860718,-0.16340018808841705,-0.20801971852779388,0.7715229392051697
dd8daf80-3f76-49d1-8067-96d495c7e668,c9bcc43a-9701-4fce-ad80-923ae62dbd44,1761218691189116951,0.068665,1.041412,1.459122,-0.016602,-0.521484,0.880371,0.775466721678052,-30.66627120451554,106.48607351593799,0.5785413980484009,-0.16346634924411774,-0.20794665813446045,0.7715741991996765
dd8daf80-3f76-49d1-8067-96d495c7e668,c9bcc43a-9701-4fce-ad80-923ae62dbd44,1761218691197129951,-0.602722,0.858307,1.031876,-0.020996,-0.537598,0.866699,0.7944557329513658,-30.679530234652724,106.5009640608131,0.5784578919410706,-0.1636337786912918,-0.2079615741968155,0.7715973258018494
dd8daf80-3f76-49d1-8067-96d495c7e668,c9bcc43a-9701-4fce-ad80-923ae62dbd44,1761218691205142951,-0.787735,0.677109,0.909805,-0.007812,-0.529785,0.876465,0.8014081205666287,-30.68394359220899,106.50648612651534,0.5784274339675903,-0.16369272768497467,-0.20796416699886322,0.771606981754303
dd8daf80-3f76-49d1-8067-96d495c7e668,c9bcc43a-9701-4fce-ad80-923ae62dbd44,1761218691213155951,-0.968933,0.370026,0.360489,-0.019043,-0.526855,0.881836,0.8035958920985036,-30.684524570534,106.5076081508887,0.5784230828285217,-0.16370835900306702,-0.2079586535692215,0.7716083526611328
dd8daf80-3f76-49d1-8067-96d495c7e668,c9bcc43a-9701-4fce-ad80-923ae62dbd44,1761218691221168951,-1.214981,-0.055313,0.238419,-0.020996,-0.519043,0.868164,0.8076496080991531,-30.68484534516082,106.5096721998807,0.578416109085083,-0.16373351216316223,-0.20794330537319183,0.7716124057769775
dd8daf80-3f76-49d1-8067-96d495c7e668,c9bcc43a-9701-4fce-ad80-923ae62dbd44,1761218691231834951,-1.396179,0.06485,0.360489,-0.022461,-0.525391,0.886719,0.8142777277257635,-30.699922131539136,106.45446323137833,0.5787796974182129,-0.16395404934883118,-0.20793269574642181,0.7712957262992859
dd8daf80-3f76-49d1-8067-96d495c7e668,c9bcc43a-9701-4fce-ad80-923ae62dbd44,1761218691242500951,-1.638412,-0.360489,0.299454,-0.018066,-0.535156,0.873047,0.8134202371357887,-30.71945326010403,106.36678541408786,0.5793420076370239,-0.16420556604862213,-0.20794329047203064,0.7708170413970947
dd8daf80-3f76-49d1-8067-96d495c7e668,c9bcc43a-9701-4fce-ad80-923ae62dbd44,1761218691253166951,-2.311707,-0.911713,0.177383,-0.029297,-0.533203,0.872559,0.8156823302852277,-30.743508022708856,106.22515626234362,0.5802661180496216,-0.16459882259368896,-0.2078908532857895,0.7700518369674683
dd8daf80-3f76-49d1-8067-96d495c7e668,c9bcc43a-9701-4fce-ad80-923ae62dbd44,1761218691263814951,-3.103256,-1.153946,0.665665,-0.029297,-0.537598,0.880371,0.8165680367504039,-30.77353830542686,106.1356115238915,0.5808289647102356,-0.16491860151290894,-0.20795994997024536,0.7695402503013611
dd8daf80-3f76-49d1-8067-96d495c7e668,c9bcc43a-9701-4fce-ad80-923ae62dbd44,1761218691274464951,-3.349304,-1.399994,0.97084,-0.027832,-0.528809,0.875,0.8175912752272477,-30.803426576863973,106.02394390581142,0.5815402269363403,-0.16527894139289856,-0.20799510180950165,0.7689160108566284
dd8daf80-3f76-49d1-8067-96d495c7e668,c9bcc43a-9701-4fce-ad80-923ae62dbd44,1761218691285114951,-3.103256,-1.825333,1.214981,-0.02832,-0.533203,0.879394,0.817136653587402,-30.83616536402704,105.87269707374656,0.5825095772743225,-0.16571582853794098,-0.20799918472766876,0.7680867314338684
dd8daf80-3f76-49d1-8067-96d495c7e668,c9bcc43a-9701-4fce-ad80-923ae62dbd44,1761218691295806951,-2.985001,-2.313614,1.214981,-0.033203,-0.552734,0.883789,0.8078546544549358,-30.904112169009263,105.8256559630118,0.5827160477638245,-0.16608278453350067,-0.20843495428562164,0.7677326202392578
dd8daf80-3f76-49d1-8067-96d495c7e668,c9bcc43a-9701-4fce-ad80-923ae62dbd44,1761218691306498951,-2.616882,-2.559662,1.764297,-0.027344,-0.534668,0.877441,0.8006848066684634,-30.93194490522048,105.74549994785148,0.5832021236419678,-0.16632147133350372,-0.208542138338089,0.7672826051712036
dd8daf80-3f76-49d1-8067-96d495c7e668,c9bcc43a-9701-4fce-ad80-923ae62dbd44,1761218691317190951,-2.372742,-2.742767,1.886368,-0.021973,-0.541016,0.883301,0.795672645894971,-30.955777402185106,105.64796895903193,0.5838134288787842,-0.16658617556095123,-0.2085859775543213,0.7667481899261475
dd8daf80-3f76-49d1-8067-96d495c7e668,c9bcc43a-9701-4fce-ad80-923ae62dbd44,1761218691325178951,-1.823425,-3.105164,2.130508,-0.029297,-0.549805,0.874023,0.7880402290458397,-30.98278982228866,105.51089247417686,0.5846794843673706,-0.1669216901063919,-0.20860660076141357,0.7660093307495117
dd8daf80-3f76-49d1-8067-96d495c7e668,c9bcc43a-9701-4fce-ad80-923ae62dbd44,1761218691333166951,-1.638412,-2.801895,2.252579,-0.017578,-0.538086,0.871582,0.7759629776516938,-31.002533958658812,105.44557772452923,0.5850670337677002,-0.16706018149852753,-0.20870539546012878,0.7656562328338623
dd8daf80-3f76-49d1-8067-96d495c7e668,c9bcc43a-9701-4fce-ad80-923ae62dbd44,1761218691341154951,-1.092911,-2.557755,2.130508,-0.005371,-0.549316,0.874512,0.7599553067935872,-31.023158755475013,105.35605725106122,0.5856075882911682,-0.16722115874290466,-0.2087947428226471,0.7651833891868591
dd8daf80-3f76-49d1-8067-96d495c7e668,c9bcc43a-9701-4fce-ad80-923ae62dbd44,1761218691357369951,-0.60463,-2.61879,1.825333,-0.008301,-0.562988,0.879883,0.736687400782188,-31.061238867229044,105.11200468984654,0.5871411561965942,-0.16770456731319427,-0.2088119238615036,0.7638965845108032
dd8daf80-3f76-49d1-8067-96d495c7e668,c9bcc43a-9701-4fce-ad80-923ae62dbd44,1761218691365596951,-0.480652,-2.559662,1.886368,-0.000488,-0.569824,0.877441,0.7188481357701982,-31.077371144752494,105.01885418697171,0.5877071619033813,-0.16783776879310608,-0.20887479186058044,0.763414740562439
dd8daf80-3f76-49d1-8067-96d495c7e668,c9bcc43a-9701-4fce-ad80-923ae62dbd44,1761218691373823951,-0.421524,-2.496719,1.581192,0.010742,-0.556152,0.883789,0.6973792881371149,-31.090443578199036,104.90439010570961,0.5884122252464294,-0.16797024011611938,-0.20890453457832336,0.7628341317176819
dd8daf80-3f76-49d1-8067-96d495c7e668,c9bcc43a-9701-4fce-ad80-923ae62dbd44,1761218691382050951,-0.299454,-2.191544,1.459122,-0.000488,-0.546875,0.875,0.6818784075510144,-31.09856665663776,104.77746320014397,0.5892173051834106,-0.16814002394676208,-0.20885223150253296,0.7621893286705017
dd8daf80-3f76-49d1-8067-96d495c7e668,c9bcc43a-9701-4fce-ad80-923ae62dbd44,1761218691392448951,0.007629,-1.888275,0.909805,-0.004883,-0.546875,0.885742,0.6638519848808699,-31.100099750354993,104.63344283961636,0.5901398062705994,-0.16829045116901398,-0.20874379575252533,0.7614718079566956
dd8daf80-3f76-49d1-8067-96d495c7e668,c9bcc43a-9701-4fce-ad80-923ae62dbd44,1761218691402846951,0.432968,-2.008438,0.7267,-0.003906,-0.536621,0.881836,0.6475061317038883,-31.098738949197752,104.51413863157883,0.5909044146537781,-0.16839216649532318,-0.20864370465278625,0.7608835697174072
dd8daf80-3f76-49d1-8067-96d495c7e668,c9bcc43a-9701-4fce-ad80-923ae62dbd44,1761218691413244951,0.495911,-1.399994,-0.005722,0.002441,-0.554688,0.878906,0.6354810694578935,-31.102495950876577,104.37954236644693,0.591770589351654,-0.1685766577720642,-0.20853285491466522,0.7601996660232544
dd8daf80-3f76-49d1-8067-96d495c7e668,c9bcc43a-9701-4fce-ad80-923ae62dbd44,1761218691423870951,1.106262,-0.789642,-0.432968,0.009766,-0.537598,0.880859,0.6315257797669332,-31.106688030778624,104.22872841726678,0.592757523059845,-0.16884636878967285,-0.20835912227630615,0.7594180703163147
dd8daf80-3f76-49d1-8067-96d495c7e668,c9bcc43a-9701-4fce-ad80-923ae62dbd44,1761218691434494951,1.289368,-0.663757,-0.799179,0.003906,-0.544922,0.873047,0.6242301663694829,-31.107506640639826,104.1120232099055,0.5935162305831909,-0.16901437938213348,-0.20823027193546295,0.7588232755661011
dd8daf80-3f76-49d1-8067-96d495c7e668,c9bcc43a-9701-4fce-ad80-923ae62dbd44,1761218691445118951,1.226425,-0.360489,-0.799179,-0.00293,-0.552734,0.885742,0.6104434333526205,-31.1020433399333,104.03958821089283,0.5939784049987793,-0.16902650892734528,-0.20815861225128174,0.7584785223007202
dd8daf80-3f76-49d1-8067-96d495c7e668,c9bcc43a-9701-4fce-ad80-923ae62dbd44,1761218691455803951,1.106262,-0.606537,-0.860214,-0.01123,-0.540039,0.876465,0.5953829015854298,-31.088717554471515,103.79552389707015,0.595583975315094,-0.16930095851421356,-0.2077881544828415,0.7572588324546814
dd8daf80-3f76-49d1-8067-96d495c7e668,c9bcc43a-9701-4fce-ad80-923ae62dbd44,1761218691466490951,1.106262,-0.301361,-1.04332,-0.023926,-0.549805,0.878418,0.5929673017980943,-31.083202079477356,103.66914072261667,0.5964221954345703,-0.16948546469211578,-0.20757737755775452,0.756615400314331
dd8daf80-3f76-49d1-8067-96d495c7e668,c9bcc43a-9701-4fce-ad80-923ae62dbd44,1761218691477177951,1.228333,-0.118256,-0.982285,-0.007812,-0.537109,0.886719,0.583719921629056,-31.07323173064584,103.50303150843847,0.5975157022476196,-0.1696733981370926,-0.20731379091739655,0.7557823061943054
dd8daf80-3f76-49d1-8067-96d495c7e668,c9bcc43a-9701-4fce-ad80-923ae62dbd44,1761218691485167951,1.472473,-0.545502,-0.371933,-0.022949,-0.539551,0.884277,0.5799576839688837,-31.06497324170966,103.34331110342463,0.5985734462738037,-0.16989442706108093,-0.20704221725463867,0.7549696564674377
dd8daf80-3f76-49d1-8067-96d495c7e668,c9bcc43a-9701-4fce-ad80-923ae62dbd44,1761218691493160951,1.592636,-0.665665,-0.677109,-0.012207,-0.541504,0.876465,0.5766485432374235,-31.056308492276663,103.1932422918896,0.5995679497718811,-0.1700984537601471,-0.20677970349788666,0.7542061805725098
dd8daf80-3f76-49d1-8067-96d495c7e668,c9bcc43a-9701-4fce-ad80-923ae62dbd44,1761218691501153951,1.960754,-0.789642,-0.432968,-0.018066,-0.517578,0.884766,0.5746178125550646,-31.040513866271485,103.08688188693506,0.6002864837646484,-0.17019450664520264,-0.20652826130390167,0.7536816596984863
dd8daf80-3f76-49d1-8067-96d495c7e668,c9bcc43a-9701-4fce-ad80-923ae62dbd44,1761218691509146951,1.716614,-0.606537,-0.188828,-0.007324,-0.525879,0.88623,0.5649571038037821,-31.022008351880864,103.04036531903921,0.6006012558937073,-0.17011816799640656,-0.20638784766197205,0.7534865140914917
dd8daf80-3f76-49d1-8067-96d495c7e668,c9bcc43a-9701-4fce-ad80-923ae62dbd44,1761218691519867951,1.714706,-0.482559,-0.127792,-0.014648,-0.522949,0.883301,0.5606758727888183,-31.004207680147,102.91772307669862,0.6014249324798584,-0.17021772265434265,-0.20611092448234558,0.7528825998306274
dd8daf80-3f76-49d1-8067-96d495c7e668,c9bcc43a-9701-4fce-ad80-923ae62dbd44,1761218691530588951,1.777649,0.007629,-0.188828,-0.020996,-0.537109,0.887695,0.563030028628767,-30.988098871903667,102.81236109537673,0.6021440625190735,-0.17033825814723969,-0.2058359682559967,0.7523555755615234
dd8daf80-3f76-49d1-8067-96d495c7e668,c9bcc43a-9701-4fce-ad80-923ae62dbd44,1761218691541309951,1.899719,-0.118256,-0.066757,-0.025879,-0.529785,0.877441,0.5641550470324932,-30.972950327298364,102.73603218019741,0.6026686429977417,-0.17040331661701202,-0.20561692118644714,0.7519806027412415
dd8daf80-3f76-49d1-8067-96d495c7e668,c9bcc43a-9701-4fce-ad80-923ae62dbd44,1761218691551964951,2.082825,-0.118256,0.055313,-0.006836,-0.531738,0.886719,0.5639608886945092,-30.936173888482763,102.47209029820047,0.6044511795043945,-0.17068184912204742,-0.20498347282409668,0.7506585717201233
dd8daf80-3f76-49d1-8067-96d495c7e668,c9bcc43a-9701-4fce-ad80-923ae62dbd44,1761218691562619951,2.325058,-0.665665,0.116348,-0.019043,-0.526367,0.883301,0.5669706057365832,-30.914337215136214,102.34091345308588,0.6053466200828552,-0.1708211451768875,-0.2046288251876831,0.7500017285346985
dd8daf80-3f76-49d1-8067-96d495c7e668,c9bcc43a-9701-4fce-ad80-923ae62dbd44,1761218691573274951,1.897812,-0.482559,0.238419,-0.010254,-0.533691,0.875488,0.5659007575342183,-30.89756975851287,102.20751267950153,0.6062413454055786,-0.1709638386964798,-0.2043256014585495,0.7493289113044739
dd8daf80-3f76-49d1-8067-96d495c7e668,c9bcc43a-9701-4fce-ad80-923ae62dbd44,1761218691583923951,1.714706,-0.7267,0.60463,-0.007812,-0.52832,0.883789,0.559735876750677,-30.879476436631172,102.07516925082551,0.6071212291717529,-0.1710638850927353,-0.2040422111749649,0.7486706376075745
dd8daf80-3f76-49d1-8067-96d495c7e668,c9bcc43a-9701-4fce-ad80-923ae62dbd44,1761218691594573951,1.472473,-0.911713,0.543594,-0.020996,-0.522949,0.881836,0.5602873420555015,-30.86461602444051,101.95074029355725,0.607956051826477,-0.1712103635072708,-0.2037561982870102,0.7480373382568359
dd8daf80-3f76-49d1-8067-96d495c7e668,c9bcc43a-9701-4fce-ad80-923ae62dbd44,1761218691605223951,0.923157,-0.606537,0.7267,-0.006348,-0.526855,0.869141,0.5574752721414001,-30.855022542217064,101.8723264834361,0.6084765195846558,-0.171280637383461,-0.20359119772911072,0.7476428747177124
dd8daf80-3f76-49d1-8067-96d495c7e668,c9bcc43a-9701-4fce-ad80-923ae62dbd44,1761218691613208951,0.740051,-0.911713,0.421524,-0.018066,-0.53125,0.875,0.567120255546704,-30.86072989294052,101.72920748496976,0.6094187498092651,-0.17162789404392242,-0.2033631056547165,0.7468574643135071
dd8daf80-3f76-49d1-8067-96d495c7e668,c9bcc43a-9701-4fce-ad80-923ae62dbd44,1761218691621194951,0.192642,-0.84877,0.7267,-0.005371,-0.524902,0.885254,0.5654132508994081,-30.860330849632,101.60679854866113,0.6102137565612793,-0.17183180153369904,-0.20318613946437836,0.7462093234062195
dd8daf80-3f76-49d1-8067-96d495c7e668,c9bcc43a-9701-4fce-ad80-923ae62dbd44,1761218691629180951,-0.175476,-0.240326,0.7267,-0.003906,-0.527832,0.888672,0.563569409113771,-30.858075520101284,101.51755899882924,0.6107946634292603,-0.17196600139141083,-0.20304737985134125,0.7457407712936401
dd8daf80-3f76-49d1-8067-96d495c7e668,c9bcc43a-9701-4fce-ad80-923ae62dbd44,1761218691637166951,0.007629,-0.05722,0.543594,-0.01416,-0.521484,0.893555,0.5628660545506986,-30.8539590910603,101.40744767330627,0.6115156412124634,-0.17213456332683563,-0.20285896956920624,0.7451620697975159
dd8daf80-3f76-49d1-8067-96d495c7e668,c9bcc43a-9701-4fce-ad80-923ae62dbd44,1761218691647830951,0.192642,-0.360489,0.177383,-0.012695,-0.527832,0.881836,0.5618178086545017,-30.85303458842626,101.26444984568225,0.6124445199966431,-0.17237582802772522,-0.20264358818531036,0.7444016933441162
dd8daf80-3f76-49d1-8067-96d495c7e668,c9bcc43a-9701-4fce-ad80-923ae62dbd44,1761218691658494951,0.1297,-0.05722,0.299454,-0.00293,-0.521484,0.890625,0.5594001669065776,-30.85171676306609,101.1303536657353,0.613312840461731,-0.17259013652801514,-0.2024461030960083,0.7436904907226562
dd8daf80-3f76-49d1-8067-96d495c7e668,c9bcc43a-9701-4fce-ad80-923ae62dbd44,1761218691669158951,0.312805,0.06485,-0.188828,-0.009766,-0.530273,0.885742,0.5595886359274247,-30.851297132307987,101.02923272239353,0.6139698028564453,-0.17276768386363983,-0.20228998363018036,0.7431495189666748
dd8daf80-3f76-49d1-8067-96d495c7e668,c9bcc43a-9701-4fce-ad80-923ae62dbd44,1761218691677193951,0.190735,0.553131,-0.371933,-0.022461,-0.518555,0.894531,0.5655422558441305,-30.846822965270714,100.97421275382105,0.614343523979187,-0.17287950217723846,-0.2021460235118866,0.7428537011146545
dd8daf80-3f76-49d1-8067-96d495c7e668,c9bcc43a-9701-4fce-ad80-923ae62dbd44,1761218691685227951,0.371933,0.249863,-0.310898,-0.018555,-0.529297,0.882324,0.5669242064351495,-30.847901821697427,100.84345714378293,0.615191638469696,-0.1731247752904892,-0.20194821059703827,0.7421481609344482
dd8daf80-3f76-49d1-8067-96d495c7e668,c9bcc43a-9701-4fce-ad80-923ae62dbd44,1761218691693261951,0.312805,0.370026,-0.555038,0.002441,-0.531738,0.876953,0.5659633800602667,-30.84974369305222,100.74102153274391,0.6158504486083984,-0.173308864235878,-0.20181047916412354,0.7415961027145386
dd8daf80-3f76-49d1-8067-96d495c7e668,c9bcc43a-9701-4fce-ad80-923ae62dbd44,1761218691701295951,-0.116348,0.188828,-0.249863,-0.018555,-0.519531,0.874023,0.5702078262745602,-30.848167224875045,100.69684852960114,0.6161460280418396,-0.17340564727783203,-0.20171061158180237,0.7413551211357117
dd8daf80-3f76-49d1-8067-96d495c7e668,c9bcc43a-9701-4fce-ad80-923ae62dbd44,1761218691711939951,-0.358582,0.614166,-0.005722,-0.019043,-0.527344,0.88916,0.57546769655873,-30.848727196324063,100.62739830696448,0.616603672504425,-0.17356489598751068,-0.20158080756664276,0.7409725189208984
dd8daf80-3f76-49d1-8067-96d495c7e668,c9bcc43a-9701-4fce-ad80-923ae62dbd44,1761218691722583951,-0.541687,0.553131,-0.066757,-0.007324,-0.533691,0.865234,0.5742275553144223,-30.852265452172553,100.51448180453468,0.6173262000083923,-0.17377443611621857,-0.2014392763376236,0.7403600215911865
dd8daf80-3f76-49d1-8067-96d495c7e668,c9bcc43a-9701-4fce-ad80-923ae62dbd44,1761218691733227951,-0.7267,0.127792,-0.066757,-0.023926,-0.527832,0.873535,0.5806283599171136,-30.85215114009119,100.40103880154611,0.6180702447891235,-0.17401447892189026,-0.20123188197612762,0.7397390007972717
dd8daf80-3f76-49d1-8067-96d495c7e668,c9bcc43a-9701-4fce-ad80-923ae62dbd44,1761218691743878951,-1.276016,0.249863,0.238419,-0.013672,-0.542969,0.866211,0.5805790009079547,-30.861018282746898,100.1901998441486,0.6194172501564026,-0.17443187534809113,-0.2009689211845398,0.7385846376419067
dd8daf80-3f76-49d1-8067-96d495c7e668,c9bcc43a-9701-4fce-ad80-923ae62dbd44,1761218691754530951,-0.846863,0.125885,0.482559,-0.013184,-0.543457,0.876465,0.5840022334477051,-30.868873700812205,100.06750576087805,0.6202022433280945,-0.17471137642860413,-0.20081421732902527,0.7379015684127808
dd8daf80-3f76-49d1-8067-96d495c7e668,c9bcc43a-9701-4fce-ad80-923ae62dbd44,1761218691765182951,-1.152039,0.247955,0.360489,0.005859,-0.54834,0.872559,0.579476777816498,-30.8739094324407,99.95729041541449,0.6208963990211487,-0.1749025285243988,-0.20070308446884155,0.7373024821281433
dd8daf80-3f76-49d1-8067-96d495c7e668,c9bcc43a-9701-4fce-ad80-923ae62dbd44,1761218691775857951,-1.029968,0.553131,0.238419,-0.016602,-0.546875,0.879883,0.5826493754838806,-30.88317649409386,99.88034976472302,0.6213833093643188,-0.17510773241519928,-0.2006281316280365,0.7368638515472412
dd8daf80-3f76-49d1-8067-96d495c7e668,c9bcc43a-9701-4fce-ad80-923ae62dbd44,1761218691786535951,-0.909805,1.16539,-0.188828,-0.008789,-0.545898,0.879394,0.5837049439055115,-30.894491803531547,99.78179932468743,0.6220020651817322,-0.1753481924533844,-0.20054461061954498,0.7363072037696838
dd8daf80-3f76-49d1-8067-96d495c7e668,c9bcc43a-9701-4fce-ad80-923ae62dbd44,1761218691797213951,-0.480652,1.346588,-0.310898,0.013184,-0.549805,0.884277,0.5852595970471939,-30.90981008294345,99.65102019878789,0.6228222250938416,-0.17566990852355957,-0.20043447613716125,0.7355668544769287
dd8daf80-3f76-49d1-8067-96d495c7e668,c9bcc43a-9701-4fce-ad80-923ae62dbd44,1761218691805211951,0.1297,1.224518,-0.860214,0.000488,-0.535645,0.882324,0.5916251514540398,-30.913908603744993,99.51447678642938,0.6237033605575562,-0.17597167193889618,-0.20021671056747437,0.734807014465332
dd8daf80-3f76-49d1-8067-96d495c7e668,c9bcc43a-9701-4fce-ad80-923ae62dbd44,1761218691813208951,0.432968,1.104355,-1.04332,-0.003418,-0.53418,0.883789,0.5958365317804017,-30.90919540993328,99.36914901637799,0.6246490478515625,-0.17622683942317963,-0.19994015991687775,0.7340173721313477
dd8daf80-3f76-49d1-8067-96d495c7e668,c9bcc43a-9701-4fce-ad80-923ae62dbd44,1761218691821205951,1.169205,0.982285,-1.653671,0.00293,-0.529785,0.88916,0.5935154446286004,-30.89646115061515,99.25510889735162,0.6253939270973206,-0.17634159326553345,-0.1996956467628479,0.7334219217300415
dd8daf80-3f76-49d1-8067-96d495c7e668,c9bcc43a-9701-4fce-ad80-923ae62dbd44,1761218691829202951,1.594543,0.919342,-1.714706,-0.009277,-0.516602,0.896484,0.5959735859456391,-30.876976702023203,99.13964204145489,0.6261656284332275,-0.17645233869552612,-0.19937951862812042,0.732822597026825
dd8daf80-3f76-49d1-8067-96d495c7e668,c9bcc43a-9701-4fce-ad80-923ae62dbd44,1761218691839867951,1.348495,0.616074,-1.897812,-0.009277,-0.531738,0.85791,0.5936983039690926,-30.866746785251372,99.00969799721786,0.6270073652267456,-0.17660799622535706,-0.1991262286901474,0.7321339249610901
dd8daf80-3f76-49d1-8067-96d495c7e668,c9bcc43a-9701-4fce-ad80-923ae62dbd44,1761218691850532951,1.409531,1.104355,-1.653671,0.0,-0.529785,0.87793,0.5955963176735303,-30.858961712614047,98.88000764704782,0.627850353717804,-0.1768028438091278,-0.19886600971221924,0.7314348816871643
dd8daf80-3f76-49d1-8067-96d495c7e668,c9bcc43a-9701-4fce-ad80-923ae62dbd44,1761218691861197951,0.680923,0.921249,-2.019882,-0.015625,-0.517578,0.868164,0.5976479971370523,-30.85536699292003,98.74878817108971,0.6286963820457458,-0.17702387273311615,-0.19862918555736542,0.730718731880188
dd8daf80-3f76-49d1-8067-96d495c7e668,c9bcc43a-9701-4fce-ad80-923ae62dbd44,1761218691871881951,-0.116348,0.738144,-1.958847,-0.016602,-0.519531,0.862305,0.597129155175824,-30.855876284763056,98.69509879915218,0.6290370225906372,-0.17711639404296875,-0.19855232536792755,0.7304239869117737
dd8daf80-3f76-49d1-8067-96d495c7e668,c9bcc43a-9701-4fce-ad80-923ae62dbd44,1761218691882565951,-0.846863,0.495911,-2.141953,-0.013672,-0.524414,0.868164,0.5949962439711705,-30.85942596822858,98.62387103835319,0.6294819712638855,-0.177245631814003,-0.19847658276557922,0.7300297617912292
dd8daf80-3f76-49d1-8067-96d495c7e668,c9bcc43a-9701-4fce-ad80-923ae62dbd44,1761218691893249951,-0.968933,0.370026,-1.897812,-0.02002,-0.521484,0.875488,0.5931602981293556,-30.868267823885972,98.51443291779282,0.6301625967025757,-0.17747187614440918,-0.1983737349510193,0.7294152975082397
dd8daf80-3f76-49d1-8067-96d495c7e668,c9bcc43a-9701-4fce-ad80-923ae62dbd44,1761218691903917951,-0.846863,0.125885,-1.592636,-0.026367,-0.524414,0.898926,0.5939049680549446,-30.876776874450826,98.40093738381115,0.6308733820915222,-0.17771969735622406,-0.1982480138540268,0.7287744283676147
dd8daf80-3f76-49d1-8067-96d495c7e668,c9bcc43a-9701-4fce-ad80-923ae62dbd44,1761218691914585951,-0.238419,-0.360489,-1.653671,-0.017578,-0.517578,0.89209,0.5931975526693402,-30.873499518863696,98.28313551458209,0.6316258907318115,-0.17790091037750244,-0.19804823398590088,0.728132426738739
dd8daf80-3f76-49d1-8067-96d495c7e668,c9bcc43a-9701-4fce-ad80-923ae62dbd44,1761218691925253951,-0.358582,-0.240326,-1.775742,-0.018555,-0.516602,0.885742,0.5894078690561066,-30.870907203647697,98.15483306492295,0.632438063621521,-0.17808422446250916,-0.19785334169864655,0.727435290813446
dd8daf80-3f76-49d1-8067-96d495c7e668,c9bcc43a-9701-4fce-ad80-923ae62dbd44,1761218691935889951,0.555038,-1.153946,-1.04332,-0.022461,-0.513672,0.875,0.5828177202143984,-30.865917766269718,98.03191565467908,0.6332140564918518,-0.17822706699371338,-0.19766689836978912,0.7267756462097168
dd8daf80-3f76-49d1-8067-96d495c7e668,c9bcc43a-9701-4fce-ad80-923ae62dbd44,1761218691946525951,0.249863,-1.214981,-0.616074,-0.021973,-0.520508,0.876953,0.5721314900852001,-30.860813459750073,97.93990355914431,0.6337866187095642,-0.17828986048698425,-0.19755040109157562,0.7262926697731018
dd8daf80-3f76-49d1-8067-96d495c7e668,c9bcc43a-9701-4fce-ad80-923ae62dbd44,1761218691957161951,-0.236511,-2.071381,-0.555038,-0.02002,-0.518555,0.872559,0.5616964589191561,-30.85772422617199,97.8414973279442,0.6343967318534851,-0.17837630212306976,-0.1974353790283203,0.7257698774337769
dd8daf80-3f76-49d1-8067-96d495c7e668,c9bcc43a-9701-4fce-ad80-923ae62dbd44,1761218691965171951,-0.787735,-2.130508,-0.616074,-0.008789,-0.518555,0.881836,0.5277818894583282,-30.861684916286773,97.71508996623926,0.6351326107978821,-0.17840126156806946,-0.19745159149169922,0.7251154780387878
dd8daf80-3f76-49d1-8067-96d495c7e668,c9bcc43a-9701-4fce-ad80-923ae62dbd44,1761218691973181951,-1.092911,-2.130508,-0.249863,-0.013184,-0.513672,0.859375,0.5093947541175465,-30.874937533127692,97.67014110654233,0.6353654265403748,-0.17843566834926605,-0.19756756722927094,0.7248713970184326
dd8daf80-3f76-49d1-8067-96d495c7e668,c9bcc43a-9701-4fce-ad80-923ae62dbd44,1761218691981191951,-1.457214,-2.071381,-0.371933,-0.010742,-0.514648,0.873047,0.4913471032023702,-30.88747148718484,97.5554836282441,0.636040449142456,-0.17858856916427612,-0.19756849110126495,0.7242412567138672
dd8daf80-3f76-49d1-8067-96d495c7e668,c9bcc43a-9701-4fce-ad80-923ae62dbd44,1761218691989201951,-2.557755,-2.191544,-0.310898,-0.022461,-0.516602,0.87793,0.4794023752842278,-30.905914742449234,97.46212776712376,0.6365818977355957,-0.17877623438835144,-0.19760601222515106,0.7237087488174438
dd8daf80-3f76-49d1-8067-96d495c7e668,c9bcc43a-9701-4fce-ad80-923ae62dbd44,1761218691999869951,-2.496719,-1.825333,0.055313,-0.021973,-0.522949,0.884277,0.46813146547845486,-30.92596643933919,97.39609618382254,0.6369491219520569,-0.17893008887767792,-0.19769243896007538,0.7233239412307739
dd8daf80-3f76-49d1-8067-96d495c7e668,c9bcc43a-9701-4fce-ad80-923ae62dbd44,1761218692010537951,-2.679825,-1.642227,0.177383,-0.006348,-0.529785,0.884766,0.45597978323806937,-30.947567152311375,97.3142242426755,0.6374121308326721,-0.17911449074745178,-0.1977686733007431,0.722849428653717
dd8daf80-3f76-49d1-8067-96d495c7e668,c9bcc43a-9701-4fce-ad80-923ae62dbd44,1761218692021205951,-2.679825,-1.825333,0.238419,0.005371,-0.516602,0.885254,0.44201254890007186,-30.965395628732377,97.22291971222882,0.6379367709159851,-0.17928297817707062,-0.19781625270843506,0.7223316431045532
dd8daf80-3f76-49d1-8067-96d495c7e668,c9bcc43a-9701-4fce-ad80-923ae62dbd44,1761218692031879951,-2.616882,-1.399994,0.299454,-0.012695,-0.522461,0.885254,0.4334691518292009,-30.984131181048685,97.12768940592792,0.6384936571121216,-0.17949765920639038,-0.19783303141593933,0.7217814326286316
dd8daf80-3f76-49d1-8067-96d495c7e668,c9bcc43a-9701-4fce-ad80-923ae62dbd44,1761218692042553951,-2.557755,-1.703262,0.60463,-0.019043,-0.514648,0.884277,0.4260946332358897,-30.99896499939562,97.06984896840119,0.638822615146637,-0.17963355779647827,-0.19787707924842834,0.7214444279670715
dd8daf80-3f76-49d1-8067-96d495c7e668,c9bcc43a-9701-4fce-ad80-923ae62dbd44,1761218692053227951,-2.74086,-1.520157,0.787735,-0.006836,-0.518066,0.876465,0.415245891642768,-31.01981882035305,97.00151422019722,0.6392022371292114,-0.17979931831359863,-0.19796189665794373,0.7210435271263123
dd8daf80-3f76-49d1-8067-96d495c7e668,c9bcc43a-9701-4fce-ad80-923ae62dbd44,1761218692061223951,-2.920151,-1.825333,1.153946,-0.001465,-0.513184,0.879394,0.39695681828505763,-31.060755715437516,96.8662904893304,0.6399585604667664,-0.1801459789276123,-0.1981094926595688,0.7202451229095459
dd8daf80-3f76-49d1-8067-96d495c7e668,c9bcc43a-9701-4fce-ad80-923ae62dbd44,1761218692069221951,-4.144669,-1.825333,0.909805,-0.003418,-0.503418,0.866699,0.38207580380064987,-31.090325152389326,96.87623109473085,0.6398251056671143,-0.1802000105381012,-0.19839438796043396,0.7202717661857605
dd8daf80-3f76-49d1-8067-96d495c7e668,c9bcc43a-9701-4fce-ad80-923ae62dbd44,1761218692077219951,-4.205704,-2.069473,0.84877,-0.000977,-0.51709,0.87207,0.36806203650229663,-31.12299258299012,96.77438959652143,0.6403906345367432,-0.18047045171260834,-0.19851797819137573,0.7196671366691589
dd8daf80-3f76-49d1-8067-96d495c7e668,c9bcc43a-9701-4fce-ad80-923ae62dbd44,1761218692085217951,-4.693985,-1.886368,1.214981,0.001953,-0.520996,0.875977,0.3518606892302756,-31.163546162713224,96.66186407789064,0.641006588935852,-0.18079005181789398,-0.1986861526966095,0.7189918756484985
dd8daf80-3f76-49d1-8067-96d495c7e668,c9bcc43a-9701-4fce-ad80-923ae62dbd44,1761218692095879951,-5.485535,-1.766205,0.787735,-0.004883,-0.520508,0.866211,0.339620435346519,-31.208849009021144,96.55599220943064,0.6415795087814331,-0.18115000426769257,-0.19887199997901917,0.7183385491371155
dd8daf80-3f76-49d1-8067-96d495c7e668,c9bcc43a-9701-4fce-ad80-923ae62dbd44,1761218692106541951,-5.485535,-1.399994,0.97084,0.008301,-0.523438,0.884766,0.3237789217772995,-31.25370476839863,96.46337352762464,0.6420630216598511,-0.1814623326063156,-0.19909566640853882,0.7177655696868896
dd8daf80-3f76-49d1-8067-96d495c7e668,c9bcc43a-9701-4fce-ad80-923ae62dbd44,1761218692117203951,-5.607605,-1.216888,0.909805,-0.000488,-0.530762,0.877441,0.3123786117361698,-31.300620489740858,96.37289146173875,0.642536997795105,-0.18181076645851135,-0.199310302734375,0.7171934247016907
dd8daf80-3f76-49d1-8067-96d495c7e668,c9bcc43a-9701-4fce-ad80-923ae62dbd44,1761218692127869951,-6.584167,-0.968933,-0.066757,0.010742,-0.525879,0.870117,0.2966959998970637,-31.352346929185256,96.27451570713554,0.6430447101593018,-0.18217353522777557,-0.1995660662651062,0.7165749669075012
dd8daf80-3f76-49d1-8067-96d495c7e668,c9bcc43a-9701-4fce-ad80-923ae62dbd44,1761218692138535951,-7.257462,-0.665665,-0.860214,0.023438,-0.529785,0.875,0.27725661608818264,-31.408304158653152,96.18340360212868,0.6434930562973022,-0.1825244426727295,-0.1998804211616516,0.7159953713417053
dd8daf80-3f76-49d1-8067-96d495c7e668,c9bcc43a-9701-4fce-ad80-923ae62dbd44,1761218692149201951,-7.865906,-0.789642,-1.04332,0.007813,-0.527344,0.872559,0.2607856414062122,-31.471267470469613,96.10528745533678,0.6438536643981934,-0.18291111290454865,-0.20024211704730988,0.7154712080955505
dd8daf80-3f76-49d1-8067-96d495c7e668,c9bcc43a-9701-4fce-ad80-923ae62dbd44,1761218692157190951,-8.478165,-0.7267,-1.714706,0.006348,-0.537598,0.864746,0.2168821090511594,-31.622067034415693,95.88600696745061,0.6449071168899536,-0.18386812508106232,-0.20107966661453247,0.7140408158302307
dd8daf80-3f76-49d1-8067-96d495c7e668,c9bcc43a-9701-4fce-ad80-923ae62dbd44,1761218692165181951,-8.966446,-0.360489,-2.141953,0.001465,-0.558594,0.862793,0.19592006195066644,-31.711590310139204,95.83654668169608,0.6450365781784058,-0.18432779610157013,-0.2016763836145401,0.7136368751525879
dd8daf80-3f76-49d1-8067-96d495c7e668,c9bcc43a-9701-4fce-ad80-923ae62dbd44,1761218692173172951,-9.943008,-0.543594,-2.569199,0.016602,-0.549805,0.869629,0.17065126740464062,-31.803321840843008,95.72597496744528,0.645534336566925,-0.18488138914108276,-0.20221199095249176,0.712891697883606
dd8daf80-3f76-49d1-8067-96d495c7e668,c9bcc43a-9701-4fce-ad80-923ae62dbd44,1761218692181163951,-10.734558,-0.118256,-2.996445,0.028809,-0.560059,0.858887,0.1388516616054633,-31.90731310472233,95.5916122501661,0.6461471915245056,-0.18550674617290497,-0.2028210610151291,0.7120004296302795
dd8daf80-3f76-49d1-8067-96d495c7e668,c9bcc43a-9701-4fce-ad80-923ae62dbd44,1761218692191832951,-11.224747,0.249863,-3.545761,0.006348,-0.563965,0.87793,0.11521592662630066,-32.01251200284295,95.44245183174014,0.646862268447876,-0.18621745705604553,-0.20336604118347168,0.7110094428062439
dd8daf80-3f76-49d1-8067-96d495c7e668,c9bcc43a-9701-4fce-ad80-923ae62dbd44,1761218692202501951,-11.102676,0.127792,-3.667831,0.01709,-0.567871,0.875,0.08723358465739592,-32.118189004454706,95.30195010537429,0.6475128531455994,-0.1868901550769806,-0.2039509117603302,0.7100726366043091
dd8daf80-3f76-49d1-8067-96d495c7e668,c9bcc43a-9701-4fce-ad80-923ae62dbd44,1761218692213170951,-10.673523,0.190735,-4.583359,0.009277,-0.568359,0.880859,0.05781361328843583,-32.216446304719945,95.17170042203776,0.6481072902679443,-0.1874953657388687,-0.20451314747333527,0.7092084884643555
dd8daf80-3f76-49d1-8067-96d495c7e668,c9bcc43a-9701-4fce-ad80-923ae62dbd44,1761218692221160951,-10.002136,0.190735,-4.705429,0.006836,-0.572754,0.886719,0.029069130086873868,-32.30408567145971,95.02559004755119,0.6488164067268372,-0.18807446956634521,-0.20497852563858032,0.7082718014717102
dd8daf80-3f76-49d1-8067-96d495c7e668,c9bcc43a-9701-4fce-ad80-923ae62dbd44,1761218692229150951,-8.842468,0.553131,-5.07164,0.006348,-0.557129,0.895019,0.0015460675268238215,-32.379035728013434,94.91006717575038,0.6493577361106873,-0.18853580951690674,-0.20540763437747955,0.7075283527374268
dd8daf80-3f76-49d1-8067-96d495c7e668,c9bcc43a-9701-4fce-ad80-923ae62dbd44,1761218692237140951,-7.43866,0.858307,-5.865097,0.003418,-0.571289,0.874512,-0.021677215918801767,-32.44812836027185,94.8431992901613,0.6496149301528931,-0.18890409171581268,-0.2058555781841278,0.7070636749267578
dd8daf80-3f76-49d1-8067-96d495c7e668,c9bcc43a-9701-4fce-ad80-923ae62dbd44,1761218692245130951,-7.072449,1.472473,-5.926132,-0.000488,-0.565918,0.875977,-0.04279419929052645,-32.516037630951324,94.70349202967539,0.650326132774353,-0.18941029906272888,-0.2061634361743927,0.7061842083930969
dd8daf80-3f76-49d1-8067-96d495c7e668,c9bcc43a-9701-4fce-ad80-923ae62dbd44,1761218692255804951,-6.767273,1.655579,-6.109238,-0.010254,-0.574707,0.851074,-0.05556490355841983,-32.58538736435558,94.58312770318867,0.65092933177948,-0.18994222581386566,-0.2064637541770935,0.705397367477417
dd8daf80-3f76-49d1-8067-96d495c7e668,c9bcc43a-9701-4fce-ad80-923ae62dbd44,1761218692266478951,-6.767273,1.895905,-6.048203,-0.007812,-0.566895,0.857422,-0.06655232821811276,-32.652089508446046,94.50189663473778,0.6512982249259949,-0.19040022790431976,-0.20680169761180878,0.7048341631889343
dd8daf80-3f76-49d1-8067-96d495c7e668,c9bcc43a-9701-4fce-ad80-923ae62dbd44,1761218692277152951,-6.341934,1.653671,-5.926132,-0.024902,-0.566406,0.84082,-0.07600885924364201,-32.71757937677113,94.4043659087771,0.6517713069915771,-0.19089072942733765,-0.2070956975221634,0.7041775584220886
dd8daf80-3f76-49d1-8067-96d495c7e668,c9bcc43a-9701-4fce-ad80-923ae62dbd44,1761218692287822951,-6.216049,1.28746,-5.315781,-0.024414,-0.579102,0.843262,-0.08208056153761284,-32.78471626682222,94.27939337431395,0.6524152755737305,-0.19146165251731873,-0.20733392238616943,0.703355610370636
dd8daf80-3f76-49d1-8067-96d495c7e668,c9bcc43a-9701-4fce-ad80-923ae62dbd44,1761218692298492951,-6.401062,1.167297,-4.766464,-0.028809,-0.56543,0.84668,-0.08502762138389505,-32.845259386495115,94.18062655830114,0.6529140472412109,-0.19196736812591553,-0.20755675435066223,0.7026888728141785
dd8daf80-3f76-49d1-8067-96d495c7e668,c9bcc43a-9701-4fce-ad80-923ae62dbd44,1761218692309162951,-6.464005,0.799179,-4.400253,-0.015137,-0.584473,0.840332,-0.08790004369223103,-32.91553566973666,94.0963450847194,0.6533069014549255,-0.19250327348709106,-0.20786231756210327,0.7020865082740784
dd8daf80-3f76-49d1-8067-96d495c7e668,c9bcc43a-9701-4fce-ad80-923ae62dbd44,1761218692317165951,-6.464005,0.188828,-3.362656,-0.026367,-0.571777,0.858887,-0.0866035473651763,-33.041948517197405,93.904835264563,0.6542673707008362,-0.19358055293560028,-0.20830576121807098,0.7007632255554199
dd8daf80-3f76-49d1-8067-96d495c7e668,c9bcc43a-9701-4fce-ad80-923ae62dbd44,1761218692325170951,-6.341934,-0.482559,-2.386093,-0.024414,-0.574219,0.84375,-0.0874494480836917,-33.104296484119025,93.83221612703726,0.6546037197113037,-0.1940637230873108,-0.20856873691082,0.7002370357513428
dd8daf80-3f76-49d1-8067-96d495c7e668,c9bcc43a-9701-4fce-ad80-923ae62dbd44,1761218692333175951,-6.645203,-0.789642,-1.531601,-0.03125,-0.570801,0.845703,-0.08862021477325781,-33.171286742424854,93.84878538936765,0.6543861627578735,-0.19440922141075134,-0.2090126872062683,0.7002120614051819
dd8daf80-3f76-49d1-8067-96d495c7e668,c9bcc43a-9701-4fce-ad80-923ae62dbd44,1761218692341180951,-6.706238,-1.888275,-0.738144,-0.035645,-0.567871,0.860352,-0.09815670208909193,-33.23451067605395,93.83117821721711,0.6543683409690857,-0.19474433362483978,-0.20942334830760956,0.7000128626823425
dd8daf80-3f76-49d1-8067-96d495c7e668,c9bcc43a-9701-4fce-ad80-923ae62dbd44,1761218692351852951,-6.64711,-2.496719,0.360489,-0.015625,-0.57666,0.849609,-0.10526338390155439,-33.298476056401746,93.76111018506265,0.65467369556427,-0.19519467651844025,-0.20973514020442963,0.6995083093643188
dd8daf80-3f76-49d1-8067-96d495c7e668,c9bcc43a-9701-4fce-ad80-923ae62dbd44,1761218692362524951,-6.401062,-3.170013,1.337051,-0.016602,-0.590332,0.874512,-0.1159541535555458,-33.35847551833852,93.70434624150612,0.6548975110054016,-0.1955764889717102,-0.21006539463996887,0.6990928649902344
dd8daf80-3f76-49d1-8067-96d495c7e668,c9bcc43a-9701-4fce-ad80-923ae62dbd44,1761218692373196951,-6.52504,-3.046036,1.947403,-0.008789,-0.587402,0.867676,-0.12553357956885078,-33.41944764024083,93.6654969311431,0.6550119519233704,-0.1959380954504013,-0.2104254513978958,0.6987759470939636
dd8daf80-3f76-49d1-8067-96d495c7e668,c9bcc43a-9701-4fce-ad80-923ae62dbd44,1761218692383845951,-5.607605,-2.864838,3.046036,-0.016113,-0.590332,0.862305,-0.12988933835255437,-33.47581112580353,93.64707531445973,0.6550190448760986,-0.19626781344413757,-0.21076226234436035,0.6985751986503601
dd8daf80-3f76-49d1-8067-96d495c7e668,c9bcc43a-9701-4fce-ad80-923ae62dbd44,1761218692394496951,-5.182266,-3.046036,3.168106,-0.004883,-0.59668,0.867187,-0.1364008307970082,-33.53156591477566,93.59606363317057,0.6552215814590454,-0.19664102792739868,-0.21105161309242249,0.6981927752494812
dd8daf80-3f76-49d1-8067-96d495c7e668,c9bcc43a-9701-4fce-ad80-923ae62dbd44,1761218692405147951,-4.63295,-2.801895,3.595352,0.009277,-0.602051,0.858398,-0.1447104193444005,-33.584235222787484,93.5540108753052,0.6553711891174316,-0.19696937501430511,-0.2113475203514099,0.697870135307312
dd8daf80-3f76-49d1-8067-96d495c7e668,c9bcc43a-9701-4fce-ad80-923ae62dbd44,1761218692415823951,-4.264832,-2.922058,3.351212,0.007813,-0.566895,0.870605,-0.16102987156218637,-33.66193675867516,93.51388489138765,0.6554504036903381,-0.1973889321088791,-0.2118445485830307,0.6975263357162476
dd8daf80-3f76-49d1-8067-96d495c7e668,c9bcc43a-9701-4fce-ad80-923ae62dbd44,1761218692426498951,-3.656387,-3.290176,3.412247,0.008301,-0.57666,0.862793,-0.17483698033483183,-33.69595360845052,93.48990046950836,0.6555116176605225,-0.19754405319690704,-0.21208906173706055,0.6973505020141602
dd8daf80-3f76-49d1-8067-96d495c7e668,c9bcc43a-9701-4fce-ad80-923ae62dbd44,1761218692437173951,-3.656387,-3.290176,3.168106,0.001953,-0.592773,0.859863,-0.1837010681045506,-33.733218196003925,93.53770660091209,0.6551392674446106,-0.1976148933172226,-0.21244879066944122,0.6975707411766052
dd8daf80-3f76-49d1-8067-96d495c7e668,c9bcc43a-9701-4fce-ad80-923ae62dbd44,1761218692445172951,-2.799988,-3.536224,2.435684,0.018555,-0.586914,0.870605,-0.2045818033822715,-33.76121371734357,93.5467478821532,0.6549966335296631,-0.19763125479221344,-0.2127540111541748,0.6976069211959839
dd8daf80-3f76-49d1-8067-96d495c7e668,c9bcc43a-9701-4fce-ad80-923ae62dbd44,1761218692453173951,-2.311707,-3.047943,2.313614,0.014648,-0.583008,0.861816,-0.22603082649900055,-33.78576582915593,93.49415509701163,0.6552339792251587,-0.19773893058300018,-0.2129351794719696,0.6972981691360474
dd8daf80-3f76-49d1-8067-96d495c7e668,c9bcc43a-9701-4fce-ad80-923ae62dbd44,1761218692461174951,-1.64032,-2.864838,1.947403,0.006836,-0.57959,0.865723,-0.2449608987935412,-33.80654940008092,93.44865850314851,0.6554391980171204,-0.19782736897468567,-0.21309120953083038,0.6970324516296387
dd8daf80-3f76-49d1-8067-96d495c7e668,c9bcc43a-9701-4fce-ad80-923ae62dbd44,1761218692469175951,-0.968933,-3.231049,1.520157,0.017578,-0.56543,0.869141,-0.26843728509781145,-33.8164801967293,93.4004016645593,0.6556715965270996,-0.19783124327659607,-0.21320252120494843,0.6967787146568298
dd8daf80-3f76-49d1-8067-96d495c7e668,c9bcc43a-9701-4fce-ad80-923ae62dbd44,1761218692479822951,-0.543594,-2.61879,1.031876,0.019043,-0.590332,0.86084,-0.2942957681264253,-33.82516929289593,93.34968986940132,0.6559165120124817,-0.19781823456287384,-0.2133157104253769,0.6965171694755554
dd8daf80-3f76-49d1-8067-96d495c7e668,c9bcc43a-9701-4fce-ad80-923ae62dbd44,1761218692490469951,-0.055313,-2.313614,0.7267,0.01123,-0.58252,0.868164,-0.31493930305023976,-33.82580847581325,93.29804451073363,0.656190812587738,-0.19779260456562042,-0.2133486270904541,0.6962559223175049
dd8daf80-3f76-49d1-8067-96d495c7e668,c9bcc43a-9701-4fce-ad80-923ae62dbd44,1761218692501116951,0.190735,-2.254486,0.421524,0.016113,-0.578613,0.870605,-0.34170522356254757,-33.82468159699279,93.24115673672279,0.6564885377883911,-0.1977294683456421,-0.21339692175388336,0.6959783434867859
dd8daf80-3f76-49d1-8067-96d495c7e668,c9bcc43a-9701-4fce-ad80-923ae62dbd44,1761218692511797951,0.371933,-1.947403,-0.005722,0.016602,-0.584473,0.864746,-0.38915715277760354,-33.8232308689155,93.28266138137774,0.6561505198478699,-0.19735552370548248,-0.21373145282268524,0.6963005065917969
dd8daf80-3f76-49d1-8067-96d495c7e668,c9bcc43a-9701-4fce-ad80-923ae62dbd44,1761218692522477951,0.371933,-1.031876,-0.371933,0.015625,-0.561035,0.863769,-0.39983245493556924,-33.81610434209392,93.21411559475567,0.6565595865249634,-0.19737757742404938,-0.21363133192062378,0.695939302444458
dd8daf80-3f76-49d1-8067-96d495c7e668,c9bcc43a-9701-4fce-ad80-923ae62dbd44,1761218692533157951,0.249863,-0.482559,-0.677109,0.007324,-0.580566,0.867187,-0.4026456483611355,-33.812614755060515,93.20581553197911,0.656610906124115,-0.19735591113567352,-0.21361200511455536,0.6959030032157898
dd8daf80-3f76-49d1-8067-96d495c7e668,c9bcc43a-9701-4fce-ad80-923ae62dbd44,1761218692541155951,0.555038,0.066757,-1.775742,0.010742,-0.567383,0.859863,-0.41205079973265274,-33.808080941045304,93.17285467453432,0.6568015217781067,-0.1973341852426529,-0.21358166635036469,0.6957386136054993
dd8daf80-3f76-49d1-8067-96d495c7e668,c9bcc43a-9701-4fce-ad80-923ae62dbd44,1761218692549154951,0.801086,-0.301361,-1.653671,0.004883,-0.562988,0.858887,-0.42156304321848675,-33.79967493001371,93.09972319171344,0.6572425365447998,-0.19736440479755402,-0.2134593427181244,0.6953510046005249
dd8daf80-3f76-49d1-8067-96d495c7e668,c9bcc43a-9701-4fce-ad80-923ae62dbd44,1761218692557153951,0.434875,-0.301361,-1.470566,0.006836,-0.571289,0.847168,-0.43409456822253595,-33.79197303922212,93.02427233649162,0.6576905250549316,-0.19738461077213287,-0.2133546620607376,0.6949536800384521
dd8daf80-3f76-49d1-8067-96d495c7e668,c9bcc43a-9701-4fce-ad80-923ae62dbd44,1761218692565152951,0.249863,-0.543594,-1.409531,0.000977,-0.573242,0.863769,-0.4425011545208428,-33.78629366131989,92.95047055294684,0.6581323742866516,-0.1974383145570755,-0.21324142813682556,0.6945548057556152
dd8daf80-3f76-49d1-8067-96d495c7e668,c9bcc43a-9701-4fce-ad80-923ae62dbd44,1761218692575828951,0.495911,-0.545502,-1.348495,-0.003418,-0.567383,0.853027,-0.45177040362548043,-33.781211930530226,92.89918241656878,0.6584349274635315,-0.19744829833507538,-0.21317557990550995,0.6942853927612305
dd8daf80-3f76-49d1-8067-96d495c7e668,c9bcc43a-9701-4fce-ad80-923ae62dbd44,1761218692586504951,0.984192,-0.789642,-1.470566,-0.000488,-0.567871,0.849121,-0.46163121130664914,-33.77664106566984,92.83819533804211,0.658794105052948,-0.19747567176818848,-0.21309953927993774,0.6939601302146912
dd8daf80-3f76-49d1-8067-96d495c7e668,c9bcc43a-9701-4fce-ad80-923ae62dbd44,1761218692597180951,1.045227,-1.094818,-0.921249,-0.003906,-0.572266,0.84375,-0.47100133600646565,-33.76735033547851,92.76212180923434,0.659253716468811,-0.19750678539276123,-0.2129662036895752,0.6935556530952454
dd8daf80-3f76-49d1-8067-96d495c7e668,c9bcc43a-9701-4fce-ad80-923ae62dbd44,1761218692607840951,0.921249,-1.153946,-0.677109,0.009766,-0.570801,0.859863,-0.4992157641795667,-33.749400312275256,92.7068015081739,0.6595678925514221,-0.19733527302742004,-0.21292489767074585,0.6933184266090393
dd8daf80-3f76-49d1-8067-96d495c7e668,c9bcc43a-9701-4fce-ad80-923ae62dbd44,1761218692618503951,0.860214,-0.84877,-0.494003,-0.003418,-0.573242,0.843262,-0.49595319505909347,-33.75241952865052,92.63772011332384,0.6599864363670349,-0.19750076532363892,-0.21280531585216522,0.6929095983505249
dd8daf80-3f76-49d1-8067-96d495c7e668,c9bcc43a-9701-4fce-ad80-923ae62dbd44,1761218692629166951,0.432968,-1.337051,-0.310898,0.000977,-0.570801,0.844727,-0.5043531375948686,-33.74990227240388,92.58422687303816,0.6602987051010132,-0.19753476977348328,-0.21274632215499878,0.6926204562187195
dd8daf80-3f76-49d1-8067-96d495c7e668,c9bcc43a-9701-4fce-ad80-923ae62dbd44,1761218692637172951,-0.238419,-1.459122,0.238419,0.004395,-0.57373,0.838379,-0.5162818739494467,-33.752521738532465,92.5612508531528,0.6604107618331909,-0.19752047955989838,-0.21279124915599823,0.6925038695335388
dd8daf80-3f76-49d1-8067-96d495c7e668,c9bcc43a-9701-4fce-ad80-923ae62dbd44,1761218692645180951,-0.299454,-1.520157,0.421524,-0.004395,-0.568848,0.835449,-0.51662338707603,-33.75551572076094,92.50771213306835,0.6607282757759094,-0.19763511419296265,-0.21271894872188568,0.6921904683113098
dd8daf80-3f76-49d1-8067-96d495c7e668,c9bcc43a-9701-4fce-ad80-923ae62dbd44,1761218692653188951,-0.7267,-1.642227,0.360489,-0.001465,-0.578613,0.848144,-0.5210769461309683,-33.764589251984546,92.44883154404855,0.6610594391822815,-0.19777001440525055,-0.21269769966602325,0.6918421387672424
dd8daf80-3f76-49d1-8067-96d495c7e668,c9bcc43a-9701-4fce-ad80-923ae62dbd44,1761218692661196951,-0.7267,-1.337051,0.665665,0.006836,-0.569824,0.852539,-0.5347914676823754,-33.7746329284175,92.37994801435924,0.6614318490028381,-0.19787321984767914,-0.21271838247776031,0.6914502382278442
dd8daf80-3f76-49d1-8067-96d495c7e668,c9bcc43a-9701-4fce-ad80-923ae62dbd44,1761218692671881951,-0.787735,-1.581192,0.60463,-0.001953,-0.569336,0.850098,-0.5397791888817246,-33.78264710122079,92.33761159856552,0.6616637110710144,-0.19796815514564514,-0.2127222716808319,0.6911998987197876
dd8daf80-3f76-49d1-8067-96d495c7e668,c9bcc43a-9701-4fce-ad80-923ae62dbd44,1761218692682566951,-0.358582,-1.457214,1.031876,0.009277,-0.585938,0.850586,-0.5520790996373843,-33.79224172860728,92.28223695701286,0.6619576811790466,-0.19805234670639038,-0.21275532245635986,0.6908841133117676
dd8daf80-3f76-49d1-8067-96d495c7e668,c9bcc43a-9701-4fce-ad80-923ae62dbd44,1761218692693251951,-0.358582,-1.522064,0.665665,0.008789,-0.586426,0.849609,-0.5614852326655408,-33.80150925051528,92.21273817096466,0.6623425483703613,-0.19817842543125153,-0.21274521946907043,0.6904820203781128
dd8daf80-3f76-49d1-8067-96d495c7e668,c9bcc43a-9701-4fce-ad80-923ae62dbd44,1761218692703891951,-0.236511,-1.399994,0.60463,0.0,-0.58252,0.856934,-0.568747997010522,-33.80682121388273,92.18196402867716,0.6625049710273743,-0.19822262227535248,-0.2127658873796463,0.690307080745697
dd8daf80-3f76-49d1-8067-96d495c7e668,c9bcc43a-9701-4fce-ad80-923ae62dbd44,1761218692714532951,-0.175476,-1.457214,0.543594,0.007813,-0.590332,0.851074,-0.5797243712181067,-33.81198845653375,92.128917029213,0.662794828414917,-0.19828496873378754,-0.21276861429214478,0.6900100708007812
dd8daf80-3f76-49d1-8067-96d495c7e668,c9bcc43a-9701-4fce-ad80-923ae62dbd44,1761218692725173951,0.371933,-1.398087,0.665665,-0.008789,-0.583008,0.851074,-0.5832454603846198,-33.811266094425164,92.0745616900382,0.6631168127059937,-0.19836048781871796,-0.2126905769109726,0.6897029876708984
dd8daf80-3f76-49d1-8067-96d495c7e668,c9bcc43a-9701-4fce-ad80-923ae62dbd44,1761218692733166951,0.249863,-1.642227,1.031876,0.01416,-0.569824,0.859375,-0.5931898455651008,-33.807023183093044,92.02142053789134,0.6634257435798645,-0.19837461411952972,-0.21263068914413452,0.6894202828407288
dd8daf80-3f76-49d1-8067-96d495c7e668,c9bcc43a-9701-4fce-ad80-923ae62dbd44,1761218692741161951,0.25177,-1.766205,0.909805,-0.000488,-0.567871,0.855957,-0.600178120105476,-33.80490131973723,91.9605992202893,0.6637824177742004,-0.19843310117721558,-0.21255312860012054,0.6890839338302612
dd8daf80-3f76-49d1-8067-96d495c7e668,c9bcc43a-9701-4fce-ad80-923ae62dbd44,1761218692749156951,0.249863,-1.153946,0.787735,0.004395,-0.574219,0.844238,-0.6055304804155083,-33.80218172640555,91.91782542946692,0.6640345454216003,-0.19846445322036743,-0.21249376237392426,0.6888502240180969
dd8daf80-3f76-49d1-8067-96d495c7e668,c9bcc43a-9701-4fce-ad80-923ae62dbd44,1761218692757151951,0.068665,-0.789642,1.092911,-0.007812,-0.580566,0.858887,-0.5999994093503851,-33.805232289201776,91.90031493533849,0.6641445755958557,-0.19854788482189178,-0.21244965493679047,0.6887337565422058
dd8daf80-3f76-49d1-8067-96d495c7e668,c9bcc43a-9701-4fce-ad80-923ae62dbd44,1761218692767819951,0.066757,-0.84877,0.665665,0.018555,-0.569336,0.858398,-0.6018129463241855,-33.806734006438155,91.88048270445542,0.6642577052116394,-0.1985824853181839,-0.2124347984790802,0.6886192560195923
dd8daf80-3f76-49d1-8067-96d495c7e668,c9bcc43a-9701-4fce-ad80-923ae62dbd44,1761218692778487951,0.495911,-0.789642,0.665665,0.008789,-0.572266,0.851074,-0.6000630405734854,-33.80801611868093,91.87167260988357,0.6643115878105164,-0.19861680269241333,-0.21241706609725952,0.68856281042099
dd8daf80-3f76-49d1-8067-96d495c7e668,c9bcc43a-9701-4fce-ad80-923ae62dbd44,1761218692789155951,0.249863,-1.153946,0.482559,-0.000488,-0.567383,0.865234,-0.5983061298287011,-33.81023738444849,91.80684737835186,0.6647002696990967,-0.19876042008399963,-0.21230778098106384,0.6881798505783081
dd8daf80-3f76-49d1-8067-96d495c7e668,c9bcc43a-9701-4fce-ad80-923ae62dbd44,1761218692797148951,0.312805,-1.216888,0.60463,0.002441,-0.567871,0.850098,-0.5939483736495459,-33.81124861567713,91.77347387592239,0.664906919002533,-0.19885428249835968,-0.2122306525707245,0.6879768967628479
dd8daf80-3f76-49d1-8067-96d495c7e668,c9bcc43a-9701-4fce-ad80-923ae62dbd44,1761218692805141951,0.680923,-1.642227,0.665665,-0.002441,-0.585449,0.851074,-0.5950685440012128,-33.813171659248205,91.80105268922448,0.6647357940673828,-0.19880768656730652,-0.2122965157032013,0.6881353259086609
dd8daf80-3f76-49d1-8067-96d495c7e668,c9bcc43a-9701-4fce-ad80-923ae62dbd44,1761218692813134951,0.802994,-1.825333,0.421524,0.007324,-0.584961,0.852051,-0.6063051610918488,-33.81076691488137,91.75305617268202,0.665007472038269,-0.19881512224674225,-0.2122640460729599,0.6878806948661804
dd8daf80-3f76-49d1-8067-96d495c7e668,c9bcc43a-9701-4fce-ad80-923ae62dbd44,1761218692821127951,1.169205,-2.130508,0.97084,-0.005859,-0.58252,0.855469,-0.6150648119525776,-33.804793314397074,91.69064637226987,0.6653765439987183,-0.1988433450460434,-0.21217086911201477,0.6875442862510681
dd8daf80-3f76-49d1-8067-96d495c7e668,c9bcc43a-9701-4fce-ad80-923ae62dbd44,1761218692831829951,1.106262,-2.193451,0.787735,0.00293,-0.572754,0.856934,-0.6260093527599389,-33.79382693113045,91.61811962418466,0.6658110618591309,-0.19884800910949707,-0.21204301714897156,0.6871616840362549
dd8daf80-3f76-49d1-8067-96d495c7e668,c9bcc43a-9701-4fce-ad80-923ae62dbd44,1761218692842531951,1.716614,-2.254486,0.909805,0.001465,-0.584961,0.850098,-0.636465092289364,-33.78590670536345,91.55218096174454,0.6662012934684753,-0.19886112213134766,-0.21194203197956085,0.6868107318878174
dd8daf80-3f76-49d1-8067-96d495c7e668,c9bcc43a-9701-4fce-ad80-923ae62dbd44,1761218692853233951,1.777649,-2.193451,1.031876,0.01416,-0.583496,0.856445,-0.6510326180756346,-33.77272265641937,91.49444667265479,0.6665440797805786,-0.19880364835262299,-0.21184782683849335,0.6865237951278687
dd8daf80-3f76-49d1-8067-96d495c7e668,c9bcc43a-9701-4fce-ad80-923ae62dbd44,1761218692863884951,1.714706,-2.130508,1.092911,0.013184,-0.575195,0.846191,-0.6807383758474295,-33.74856776348528,91.43011035213246,0.6669180989265442,-0.198603555560112,-0.21176491677761078,0.6862440705299377
dd8daf80-3f76-49d1-8067-96d495c7e668,c9bcc43a-9701-4fce-ad80-923ae62dbd44,1761218692874536951,1.531601,-1.642227,0.909805,0.025879,-0.586914,0.851074,-0.6917571570513372,-33.74070167661076,91.45845628798864,0.6667421460151672,-0.19843921065330505,-0.211831197142601,0.6864421367645264
dd8daf80-3f76-49d1-8067-96d495c7e668,c9bcc43a-9701-4fce-ad80-923ae62dbd44,1761218692885188951,1.472473,-1.583099,0.909805,0.014648,-0.581543,0.856934,-0.7006215703036578,-33.73240427435937,91.42047410433801,0.6669682264328003,-0.198407843708992,-0.21176749467849731,0.6862512230873108
dd8daf80-3f76-49d1-8067-96d495c7e668,c9bcc43a-9701-4fce-ad80-923ae62dbd44,1761218692893182951,1.714706,-1.337051,0.787735,0.015625,-0.571777,0.847656,-0.7113887394617527,-33.72100029422044,91.3864364795805,0.6671727299690247,-0.19833962619304657,-0.21170321106910706,0.686091959476471
dd8daf80-3f76-49d1-8067-96d495c7e668,c9bcc43a-9701-4fce-ad80-923ae62dbd44,1761218692901175951,1.289368,-1.64032,0.482559,0.009277,-0.575195,0.854004,-0.7205468624751072,-33.709221309029296,91.37629066896827,0.6672378182411194,-0.1982346773147583,-0.2116687148809433,0.686069667339325
dd8daf80-3f76-49d1-8067-96d495c7e668,c9bcc43a-9701-4fce-ad80-923ae62dbd44,1761218692909168951,1.594543,-1.399994,0.7267,0.006348,-0.568848,0.85791,-0.7336173805938583,-33.69891006904845,91.33589856317629,0.667474091053009,-0.1981707364320755,-0.2116134762763977,0.6858753561973572
dd8daf80-3f76-49d1-8067-96d495c7e668,c9bcc43a-9701-4fce-ad80-923ae62dbd44,1761218692917161951,1.777649,-1.522064,0.360489,0.02832,-0.579102,0.866211,-0.751859433968973,-33.68741405843437,91.2540295557754,0.6679510474205017,-0.19814546406269073,-0.21150967478752136,0.6854502558708191
dd8daf80-3f76-49d1-8067-96d495c7e668,c9bcc43a-9701-4fce-ad80-923ae62dbd44,1761218692927828951,1.531601,-1.214981,0.482559,0.023438,-0.587891,0.855469,-0.7640892693435266,-33.67427405913282,91.18896477591518,0.668341338634491,-0.19811545312404633,-0.21139021217823029,0.6851152777671814
dd8daf80-3f76-49d1-8067-96d495c7e668,c9bcc43a-9701-4fce-ad80-923ae62dbd44,1761218692938495951,1.655579,-1.277924,0.299454,0.0,-0.568359,0.862305,-0.7704312106407986,-33.659286307712804,91.14496827740577,0.6686197519302368,-0.19807088375091553,-0.21126191318035126,0.6848960518836975
dd8daf80-3f76-49d1-8067-96d495c7e668,c9bcc43a-9701-4fce-ad80-923ae62dbd44,1761218692949162951,1.897812,-1.153946,0.665665,0.018066,-0.57666,0.851562,-0.7832175343274866,-33.6436939676484,91.11791804780393,0.6687860488891602,-0.19795295596122742,-0.21119697391986847,0.6847878098487854
dd8daf80-3f76-49d1-8067-96d495c7e668,c9bcc43a-9701-4fce-ad80-923ae62dbd44,1761218692959822951,1.838684,-0.789642,0.543594,0.008789,-0.572266,0.848144,-0.7921586486162345,-33.61171732473585,91.06643324304075,0.6691350340843201,-0.19780687987804413,-0.2109699845314026,0.6845591068267822
dd8daf80-3f76-49d1-8067-96d495c7e668,c9bcc43a-9701-4fce-ad80-923ae62dbd44,1761218692970484951,1.777649,-0.728607,0.787735,0.015137,-0.566895,0.845703,-0.7981941572160964,-33.59561642159487,91.09844576722928,0.668961763381958,-0.19761747121810913,-0.2109646499156952,0.6847847700119019
dd8daf80-3f76-49d1-8067-96d495c7e668,c9bcc43a-9701-4fce-ad80-923ae62dbd44,1761218692981146951,1.655579,-0.606537,0.543594,0.018555,-0.570312,0.850098,-0.8003457869316062,-33.57932289064851,91.09098104930634,0.6690318584442139,-0.1975228190422058,-0.21086737513542175,0.6847735643386841
dd8daf80-3f76-49d1-8067-96d495c7e668,c9bcc43a-9701-4fce-ad80-923ae62dbd44,1761218692989150951,1.350403,-0.789642,0.787735,0.013184,-0.569824,0.847168,-0.7998013996375618,-33.568263467035884,91.02656070261185,0.6694377064704895,-0.19757966697216034,-0.21068733930587769,0.6844159364700317
dd8daf80-3f76-49d1-8067-96d495c7e668,c9bcc43a-9701-4fce-ad80-923ae62dbd44,1761218692997154951,1.106262,-0.545502,1.153946,0.01123,-0.571777,0.863281,-0.802816599813979,-33.55832931596008,90.96495460534298,0.6698179841041565,-0.1976165920495987,-0.21053965389728546,0.684078574180603
dd8daf80-3f76-49d1-8067-96d495c7e668,c9bcc43a-9701-4fce-ad80-923ae62dbd44,1761218693005158951,0.862122,-0.301361,0.84877,0.004883,-0.561035,0.836426,-0.7993386398231295,-33.556086963447804,90.90457455005742,0.6701887845993042,-0.19773507118225098,-0.21040183305740356,0.683723509311676
dd8daf80-3f76-49d1-8067-96d495c7e668,c9bcc43a-9701-4fce-ad80-923ae62dbd44,1761218693013162951,0.617981,0.007629,0.7267,0.016113,-0.572754,0.838867,-0.801961852637958,-33.55787598798021,90.8365641272067,0.6705864071846008,-0.19785480201244354,-0.2103104144334793,0.6833269596099854
dd8daf80-3f76-49d1-8067-96d495c7e668,c9bcc43a-9701-4fce-ad80-923ae62dbd44,1761218693023835951,0.192642,-0.055313,0.7267,0.020996,-0.571777,0.85791,-0.8045553229596045,-33.55979008996419,90.78827612312324,0.670866072177887,-0.1979392021894455,-0.21025356650352478,0.6830454468727112
dd8daf80-3f76-49d1-8067-96d495c7e668,c9bcc43a-9701-4fce-ad80-923ae62dbd44,1761218693034508951,-0.541687,0.06485,0.665665,0.016602,-0.558594,0.847656,-0.8073985798720856,-33.560042717200986,90.74491796116801,0.6711187958717346,-0.19800327718257904,-0.21019680798053741,0.682796061038971
dd8daf80-3f76-49d1-8067-96d495c7e668,c9bcc43a-9701-4fce-ad80-923ae62dbd44,1761218693045181951,-0.846863,0.125885,0.421524,0.021484,-0.563965,0.853027,-0.8087901250584377,-33.56013169311674,90.70592359873125,0.6713483929634094,-0.19806703925132751,-0.21013809740543365,0.6825698614120483
dd8daf80-3f76-49d1-8067-96d495c7e668,c9bcc43a-9701-4fce-ad80-923ae62dbd44,1761218693055850951,-1.152039,-0.118256,0.360489,0.015137,-0.54248,0.838379,-0.8206242544035596,-33.55542320400354,90.57012150864918,0.6721436977386475,-0.19821779429912567,-0.2099447399377823,0.6818024516105652
dd8daf80-3f76-49d1-8067-96d495c7e668,c9bcc43a-9701-4fce-ad80-923ae62dbd44,1761218693066518951,-1.51825,0.190735,0.116348,0.006348,-0.5625,0.861328,-0.8223101029353984,-33.56705375150577,90.57388804988676,0.6720970869064331,-0.19826936721801758,-0.21003004908561707,0.6818071603775024
dd8daf80-3f76-49d1-8067-96d495c7e668,c9bcc43a-9701-4fce-ad80-923ae62dbd44,1761218693077186951,-1.823425,-0.05722,-0.127792,0.021973,-0.566406,0.86084,-0.8241420088726864,-33.57906284901747,90.55038153915763,0.672211766242981,-0.19837231934070587,-0.21007125079631805,0.6816514134407043
dd8daf80-3f76-49d1-8067-96d495c7e668,c9bcc43a-9701-4fce-ad80-923ae62dbd44,1761218693087855951,-1.51825,1.041412,-0.371933,0.016113,-0.565918,0.866211,-0.8261755221465144,-33.59055476984243,90.47215825794855,0.6726523041725159,-0.1985713392496109,-0.21001574397087097,0.6811758279800415
dd8daf80-3f76-49d1-8067-96d495c7e668,c9bcc43a-9701-4fce-ad80-923ae62dbd44,1761218693098525951,-1.396179,0.553131,-0.555038,0.015137,-0.581055,0.857422,-0.8247870540658067,-33.60523812650467,90.40838273739112,0.6730071306228638,-0.19878306984901428,-0.20998390018939972,0.6807732582092285
dd8daf80-3f76-49d1-8067-96d495c7e668,c9bcc43a-9701-4fce-ad80-923ae62dbd44,1761218693109195951,-1.214981,0.127792,-0.371933,0.016113,-0.574219,0.864746,-0.8211566754969187,-33.61676447468445,90.35312206682181,0.673321008682251,-0.1989739090204239,-0.20993483066558838,0.6804221272468567
dd8daf80-3f76-49d1-8067-96d495c7e668,c9bcc43a-9701-4fce-ad80-923ae62dbd44,1761218693119844951,-1.092911,0.494003,-0.677109,0.001465,-0.574707,0.851074,-0.8196767695350344,-33.61292289652076,90.26280272169006,0.6738668084144592,-0.19912540912628174,-0.20974653959274292,0.6798953413963318
dd8daf80-3f76-49d1-8067-96d495c7e668,c9bcc43a-9701-4fce-ad80-923ae62dbd44,1761218693130494951,-0.787735,0.616074,-0.555038,0.013672,-0.573242,0.871582,-0.8188126780650445,-33.61230723752369,90.20149973160251,0.6742331385612488,-0.1992390751838684,-0.20963126420974731,0.6795343160629272
dd8daf80-3f76-49d1-8067-96d495c7e668,c9bcc43a-9701-4fce-ad80-923ae62dbd44,1761218693141144951,-0.60463,0.249863,-0.432968,0.01123,-0.580078,0.862305,-0.8170966452203929,-33.613904036329984,90.2077798539638,0.6741961240768433,-0.19924718141555786,-0.20964151620864868,0.6795655488967896
dd8daf80-3f76-49d1-8067-96d495c7e668,c9bcc43a-9701-4fce-ad80-923ae62dbd44,1761218693149151951,-0.421524,0.677109,-0.127792,0.016602,-0.570312,0.861328,-0.8175302105519091,-33.612366633879326,90.19994721671144,0.6742445826530457,-0.19924986362457275,-0.2096213698387146,0.6795228719711304
dd8daf80-3f76-49d1-8067-96d495c7e668,c9bcc43a-9701-4fce-ad80-923ae62dbd44,1761218693157159951,-0.541687,0.736237,-0.066757,-0.001953,-0.568848,0.867187,-0.814799333658924,-33.610269989521456,90.16306184252622,0.6744720935821533,-0.19932112097740173,-0.20952877402305603,0.6793047189712524
dd8daf80-3f76-49d1-8067-96d495c7e668,c9bcc43a-9701-4fce-ad80-923ae62dbd44,1761218693165167951,-0.421524,0.616074,-0.188828,-0.000977,-0.574219,0.850586,-0.8079820686892694,-33.61325733662014,90.18375034941288,0.6743564605712891,-0.19934137165546417,-0.20954227447509766,0.679409384727478
dd8daf80-3f76-49d1-8067-96d495c7e668,c9bcc43a-9701-4fce-ad80-923ae62dbd44,1761218693173175951,-0.358582,0.679016,0.299454,0.02002,-0.568359,0.85498,-0.8086717030228239,-33.61406115838656,90.17853522791677,0.6743846535682678,-0.19935156404972076,-0.20954200625419617,0.6793785095214844
dd8daf80-3f76-49d1-8067-96d495c7e668,c9bcc43a-9701-4fce-ad80-923ae62dbd44,1761218693183836951,-0.480652,0.431061,-0.005722,0.015137,-0.568848,0.851562,-0.8077368401896783,-33.615835048681426,90.13284660429927,0.674653947353363,-0.19945111870765686,-0.20946747064590454,0.6791048645973206
dd8daf80-3f76-49d1-8067-96d495c7e668,c9bcc43a-9701-4fce-ad80-923ae62dbd44,1761218693194497951,-0.541687,0.553131,0.360489,0.00293,-0.570801,0.863281,-0.8060250000556437,-33.61815364047626,90.08220030111396,0.6749529242515564,-0.1995675414800644,-0.20938289165496826,0.678799569606781
dd8daf80-3f76-49d1-8067-96d495c7e668,c9bcc43a-9701-4fce-ad80-923ae62dbd44,1761218693205158951,-0.541687,0.06485,0.421524,0.020508,-0.580078,0.853516,-0.8022290249764712,-33.62316497331274,90.02717562797994,0.6752765774726868,-0.19972020387649536,-0.20929421484470367,0.6784600019454956
dd8daf80-3f76-49d1-8067-96d495c7e668,c9bcc43a-9701-4fce-ad80-923ae62dbd44,1761218693213175951,-0.421524,0.127792,0.177383,0.006836,-0.578125,0.859863,-0.7935790336663167,-33.62475019760899,89.91551845861386,0.6759502291679382,-0.1999845951795578,-0.20905782282352448,0.6777838468551636
dd8daf80-3f76-49d1-8067-96d495c7e668,c9bcc43a-9701-4fce-ad80-923ae62dbd44,1761218693221190951,-0.358582,0.247955,0.421524,0.003418,-0.587891,0.85498,-0.7874275646271818,-33.63055486864888,89.87035575321418,0.6762179136276245,-0.20013773441314697,-0.2089768648147583,0.6774965524673462
dd8daf80-3f76-49d1-8067-96d495c7e668,c9bcc43a-9701-4fce-ad80-923ae62dbd44,1761218693229205951,-0.358582,-0.480652,0.84877,0.006348,-0.575684,0.850586,-0.7839870304853871,-33.63582075671906,89.89454736826696,0.6760715246200562,-0.2001451551914215,-0.20902982354164124,0.6776241064071655
dd8daf80-3f76-49d1-8067-96d495c7e668,c9bcc43a-9701-4fce-ad80-923ae62dbd44,1761218693245227951,-0.175476,-0.301361,0.60463,-0.001953,-0.568359,0.843262,-0.7811425732389794,-33.639777134008455,89.88838600371915,0.6761059165000916,-0.20019665360450745,-0.209025576710701,0.6775758862495422
dd8daf80-3f76-49d1-8067-96d495c7e668,c9bcc43a-9701-4fce-ad80-923ae62dbd44,1761218693253232951,-0.236511,-0.118256,0.7267,0.010254,-0.576172,0.837891,-0.7799897650647064,-33.64773886545796,89.82546754878709,0.6764653921127319,-0.20036540925502777,-0.20895567536354065,0.6771886348724365
dd8daf80-3f76-49d1-8067-96d495c7e668,c9bcc43a-9701-4fce-ad80-923ae62dbd44,1761218693261237951,-0.787735,-0.60463,0.909805,0.02002,-0.580566,0.852051,-0.7804477763493805,-33.649863881843736,89.77010937827757,0.6767877340316772,-0.20047621428966522,-0.20887406170368195,0.6768589019775391
dd8daf80-3f76-49d1-8067-96d495c7e668,c9bcc43a-9701-4fce-ad80-923ae62dbd44,1761218693269242951,-0.299454,-0.299454,0.7267,0.009766,-0.575195,0.838379,-0.7804853272258728,-33.65562712187583,89.73004970067413,0.6770136952400208,-0.20058321952819824,-0.2088380753993988,0.6766121983528137
dd8daf80-3f76-49d1-8067-96d495c7e668,c9bcc43a-9701-4fce-ad80-923ae62dbd44,1761218693279863951,-0.787735,-0.360489,0.84877,0.015625,-0.560547,0.843262,-0.7832493852608199,-33.657901222502176,89.66685605511816,0.6773775219917297,-0.20069552958011627,-0.20875713229179382,0.6762396693229675
dd8daf80-3f76-49d1-8067-96d495c7e668,c9bcc43a-9701-4fce-ad80-923ae62dbd44,1761218693290484951,-0.478745,0.005722,0.909805,0.01123,-0.576172,0.853027,-0.7833908223103955,-33.65991634901872,89.6008491501437,0.6777629852294922,-0.20082688331604004,-0.20865416526794434,0.6758460998535156
dd8daf80-3f76-49d1-8067-96d495c7e668,c9bcc43a-9701-4fce-ad80-923ae62dbd44,1761218693301105951,-0.543594,0.005722,0.7267,0.01123,-0.578125,0.863769,-0.7863042386061507,-33.663213257726554,89.53115203318617,0.6781625747680664,-0.20095618069171906,-0.20856857299804688,0.6754330992698669
dd8daf80-3f76-49d1-8067-96d495c7e668,c9bcc43a-9701-4fce-ad80-923ae62dbd44,1761218693309130951,-0.421524,0.188828,0.97084,0.010742,-0.583984,0.862305,-0.7805724466760496,-33.66640214524414,89.43289550622583,0.6787460446357727,-0.20118767023086548,-0.20838093757629395,0.674835741519928
dd8daf80-3f76-49d1-8067-96d495c7e668,c9bcc43a-9701-4fce-ad80-923ae62dbd44,1761218693317155951,-0.175476,0.431061,0.787735,0.009766,-0.58252,0.859375,-0.780454938557419,-33.66835817926767,89.38055977054762,0.6790508031845093,-0.20129512250423431,-0.20829980075359344,0.6745221614837646
dd8daf80-3f76-49d1-8067-96d495c7e668,c9bcc43a-9701-4fce-ad80-923ae62dbd44,1761218693325180951,-0.236511,0.247955,1.031876,0.009766,-0.570801,0.863281,-0.7763814797608086,-33.667267985455084,89.36839576207203,0.679131805896759,-0.20133474469184875,-0.20824790000915527,0.6744447350502014
dd8daf80-3f76-49d1-8067-96d495c7e668,c9bcc43a-9701-4fce-ad80-923ae62dbd44,1761218693341194951,0.1297,0.370026,0.84877,0.012695,-0.572266,0.854004,-0.7770488262799339,-33.668155084146164,89.40793858302358,0.6788961887359619,-0.20126421749591827,-0.208326518535614,0.6746786832809448
dd8daf80-3f76-49d1-8067-96d495c7e668,c9bcc43a-9701-4fce-ad80-923ae62dbd44,1761218693349183951,0.249863,0.249863,0.84877,0.00293,-0.572266,0.849609,-0.774996883385547,-33.6713896648197,89.36231126391219,0.6791625618934631,-0.2013784795999527,-0.2082531601190567,0.6743990778923035
dd8daf80-3f76-49d1-8067-96d495c7e668,c9bcc43a-9701-4fce-ad80-923ae62dbd44,1761218693357172951,0.007629,0.431061,0.7267,0.015137,-0.587891,0.861816,-0.7769732638162086,-33.6755179185286,89.29746942475246,0.6795328855514526,-0.2015092372894287,-0.20817507803440094,0.6740109920501709
dd8daf80-3f76-49d1-8067-96d495c7e668,c9bcc43a-9701-4fce-ad80-923ae62dbd44,1761218693365161951,0.066757,0.738144,0.60463,0.019043,-0.577637,0.847656,-0.779942971337419,-33.68346416090103,89.2238478818279,0.6799457669258118,-0.20167283713817596,-0.20810970664024353,0.673565685749054
dd8daf80-3f76-49d1-8067-96d495c7e668,c9bcc43a-9701-4fce-ad80-923ae62dbd44,1761218693375816951,-0.055313,0.799179,0.116348,0.008789,-0.575195,0.860352,-0.7769282224119209,-33.68412701681063,89.18560582274351,0.6801747679710388,-0.20176394283771515,-0.2080283761024475,0.6733322739601135
dd8daf80-3f76-49d1-8067-96d495c7e668,c9bcc43a-9701-4fce-ad80-923ae62dbd44,1761218693386471951,-0.238419,0.921249,0.116348,0.016113,-0.571289,0.847656,-0.7751327542685543,-33.68925495634564,89.15378313227598,0.6803555488586426,-0.20186282694339752,-0.20799167454242706,0.6731312870979309
dd8daf80-3f76-49d1-8067-96d495c7e668,c9bcc43a-9701-4fce-ad80-923ae62dbd44,1761218693397126951,-0.236511,1.346588,-0.127792,0.01416,-0.577637,0.847656,-0.7681719496144073,-33.695862102291755,89.12545767216422,0.6805223822593689,-0.20199450850486755,-0.20793907344341278,0.6729393601417542
dd8daf80-3f76-49d1-8067-96d495c7e668,c9bcc43a-9701-4fce-ad80-923ae62dbd44,1761218693407808951,-0.663757,1.712799,-0.249863,0.006836,-0.581055,0.861328,-0.7423784959246237,-33.71139960913124,89.11494310275337,0.6806023120880127,-0.2022576928138733,-0.20785820484161377,0.6728044152259827
dd8daf80-3f76-49d1-8067-96d495c7e668,c9bcc43a-9701-4fce-ad80-923ae62dbd44,1761218693418488951,-0.358582,2.017975,-0.616074,0.005371,-0.594727,0.858398,-0.7284212700323424,-33.719286765038646,89.0622817702522,0.6809222102165222,-0.2024821639060974,-0.20772840082645416,0.6724531650543213
dd8daf80-3f76-49d1-8067-96d495c7e668,c9bcc43a-9701-4fce-ad80-923ae62dbd44,1761218693429168951,-0.299454,2.325058,-0.982285,0.006348,-0.580566,0.855957,-0.7175756677743583,-33.723622997369546,89.02879629575345,0.6811303496360779,-0.202632337808609,-0.20763009786605835,0.6722275018692017
dd8daf80-3f76-49d1-8067-96d495c7e668,c9bcc43a-9701-4fce-ad80-923ae62dbd44,1761218693439822951,0.192642,1.653671,-1.531601,0.01123,-0.573242,0.844727,-0.7080094032714962,-33.72619724761976,89.03935540716165,0.6810809969902039,-0.202684685587883,-0.2076069563627243,0.6722688674926758
dd8daf80-3f76-49d1-8067-96d495c7e668,c9bcc43a-9701-4fce-ad80-923ae62dbd44,1761218693450478951,0.312805,1.529694,-1.897812,-0.004883,-0.584961,0.85498,-0.6977737392519199,-33.730284889801915,88.98907960713872,0.6813868880271912,-0.20286017656326294,-0.2074810266494751,0.6719447374343872
dd8daf80-3f76-49d1-8067-96d495c7e668,c9bcc43a-9701-4fce-ad80-923ae62dbd44,1761218693461134951,0.434875,1.224518,-1.653671,0.000488,-0.57959,0.859375,-0.6896733694300402,-33.7302918710213,88.93061376276222,0.6817442774772644,-0.20301352441310883,-0.20732934772968292,0.6715826392173767
dd8daf80-3f76-49d1-8067-96d495c7e668,c9bcc43a-9701-4fce-ad80-923ae62dbd44,1761218693471819951,0.921249,0.982285,-1.897812,-0.009277,-0.578125,0.848144,-0.6809774041169342,-33.723972554595996,88.81868597101038,0.6824272871017456,-0.20322908461093903,-0.20704230666160583,0.670911967754364
dd8daf80-3f76-49d1-8067-96d495c7e668,c9bcc43a-9701-4fce-ad80-923ae62dbd44,1761218693482506951,0.986099,0.799179,-1.775742,-0.004883,-0.576172,0.85791,-0.6767908999478949,-33.71805483973737,88.76976697266149,0.682732105255127,-0.20330657064914703,-0.2068960815668106,0.6706234216690063
dd8daf80-3f76-49d1-8067-96d495c7e668,c9bcc43a-9701-4fce-ad80-923ae62dbd44,1761218693493193951,1.472473,0.06485,-1.470566,-0.016113,-0.577148,0.847656,-0.6725641665708,-33.71319987880189,88.718567788038,0.6830482482910156,-0.20339466631412506,-0.2067517340183258,0.6703192591667175
dd8daf80-3f76-49d1-8067-96d495c7e668,c9bcc43a-9701-4fce-ad80-923ae62dbd44,1761218693501211951,1.409531,-0.055313,-1.04332,-0.008301,-0.562988,0.854004,-0.6684991469158174,-33.70189398309144,88.69009155853277,0.6832429766654968,-0.20340216159820557,-0.20661106705665588,0.6701619029045105
dd8daf80-3f76-49d1-8067-96d495c7e668,c9bcc43a-9701-4fce-ad80-923ae62dbd44,1761218693509228951,1.04332,0.066757,-0.677109,0.006836,-0.577637,0.858887,-0.6704802481572278,-33.69273061145161,88.68280849854766,0.6832988858222961,-0.20334887504577637,-0.2065565586090088,0.670137882232666
dd8daf80-3f76-49d1-8067-96d495c7e668,c9bcc43a-9701-4fce-ad80-923ae62dbd44,1761218693517245951,1.169205,-0.055313,-0.188828,-0.015625,-0.577148,0.855957,-0.6572924082295319,-33.69580958888272,88.65426122867177,0.683483898639679,-0.2034958451986313,-0.20644517242908478,0.6699389219284058
dd8daf80-3f76-49d1-8067-96d495c7e668,c9bcc43a-9701-4fce-ad80-923ae62dbd44,1761218693525262951,1.348495,-0.116348,0.177383,-0.008301,-0.580566,0.84375,-0.6505995717238087,-33.70126381808337,88.6327532495444,0.6836116313934326,-0.20360636711120605,-0.20639881491661072,0.6697892546653748
dd8daf80-3f76-49d1-8067-96d495c7e668,c9bcc43a-9701-4fce-ad80-923ae62dbd44,1761218693535880951,1.348495,-0.421524,0.543594,-0.009766,-0.574707,0.861816,-0.64004889272467,-33.70185969700094,88.64344369743324,0.6835670471191406,-0.20365235209465027,-0.20635834336280823,0.669833242893219
dd8daf80-3f76-49d1-8067-96d495c7e668,c9bcc43a-9701-4fce-ad80-923ae62dbd44,1761218693546498951,1.472473,-0.118256,1.031876,-0.000977,-0.583496,0.859863,-0.6340771119501413,-33.692195904624064,88.64837908515257,0.6835667490959167,-0.2036205381155014,-0.20627519488334656,0.6698688268661499
dd8daf80-3f76-49d1-8067-96d495c7e668,c9bcc43a-9701-4fce-ad80-923ae62dbd44,1761218693557116951,1.655579,-0.240326,1.398087,-0.009766,-0.572266,0.866699,-0.6177897702617624,-33.68188525866605,88.64608619387215,0.6836284399032593,-0.20365816354751587,-0.20611388981342316,0.6698440909385681
dd8daf80-3f76-49d1-8067-96d495c7e668,c9bcc43a-9701-4fce-ad80-923ae62dbd44,1761218693565132951,1.836777,-0.482559,1.520157,0.01709,-0.585449,0.86084,-0.6074911407116511,-33.65348583196372,88.60392627562624,0.6839455962181091,-0.20362411439418793,-0.20581208169460297,0.6696234941482544
dd8daf80-3f76-49d1-8067-96d495c7e668,c9bcc43a-9701-4fce-ad80-923ae62dbd44,1761218693573147951,1.899719,-0.728607,1.459122,0.005859,-0.587891,0.864258,-0.5990531928588884,-33.638629768585425,88.60352182329085,0.6839904189109802,-0.2035851776599884,-0.20567446947097778,0.6696318984031677
dd8daf80-3f76-49d1-8067-96d495c7e668,c9bcc43a-9701-4fce-ad80-923ae62dbd44,1761218693581162951,2.386093,-0.665665,1.459122,0.001465,-0.588379,0.87207,-0.5930897436067115,-33.6191031348702,88.56845329050343,0.6842418909072876,-0.20356599986553192,-0.20546284317970276,0.6694457530975342
dd8daf80-3f76-49d1-8067-96d495c7e668,c9bcc43a-9701-4fce-ad80-923ae62dbd44,1761218693589177951,2.449036,-0.480652,1.276016,0.023926,-0.58252,0.878418,-0.5925101452237604,-33.5965530625222,88.56139449451078,0.6843255758285522,-0.20344695448875427,-0.20531553030014038,0.6694416403770447
dd8daf80-3f76-49d1-8067-96d495c7e668,c9bcc43a-9701-4fce-ad80-923ae62dbd44,1761218693599829951,2.937317,-0.240326,1.092911,0.012207,-0.56543,0.850586,-0.5883550877026236,-33.569126397344604,88.60899995171164,0.6841051578521729,-0.2032216638326645,-0.2052154392004013,0.6697660684585571
dd8daf80-3f76-49d1-8067-96d495c7e668,c9bcc43a-9701-4fce-ad80-923ae62dbd44,1761218693610481951,3.362656,-0.238419,1.031876,0.023926,-0.57666,0.866211,-0.587533277049457,-33.54064518617373,88.62783618309004,0.6840487122535706,-0.20302221179008484,-0.20507796108722687,0.6699262857437134
dd8daf80-3f76-49d1-8067-96d495c7e668,c9bcc43a-9701-4fce-ad80-923ae62dbd44,1761218693621133951,3.303528,0.06485,0.543594,0.010254,-0.577637,0.862305,-0.5850779528146619,-33.51568341528405,88.6066741958035,0.6842225193977356,-0.2029249221086502,-0.20488035678863525,0.6698387861251831
dd8daf80-3f76-49d1-8067-96d495c7e668,c9bcc43a-9701-4fce-ad80-923ae62dbd44,1761218693631815951,3.667831,0.799179,-0.188828,0.024902,-0.571289,0.858887,-0.5844048941686003,-33.48636742861935,88.57444092171687,0.684465765953064,-0.2028108388185501,-0.2046484649181366,0.6696957349777222
dd8daf80-3f76-49d1-8067-96d495c7e668,c9bcc43a-9701-4fce-ad80-923ae62dbd44,1761218693642498951,3.730774,0.858307,-0.188828,0.026855,-0.575195,0.848144,-0.5837545332994436,-33.458781963137994,88.52597647776281,0.6848005652427673,-0.20273582637310028,-0.20439814031124115,0.6694526076316833
dd8daf80-3f76-49d1-8067-96d495c7e668,c9bcc43a-9701-4fce-ad80-923ae62dbd44,1761218693653181951,3.608704,1.529694,-0.494003,0.010254,-0.572754,0.853516,-0.5760757511477307,-33.42999193661565,88.46767143481017,0.6852074265480042,-0.20271196961402893,-0.2040814608335495,0.669140100479126
dd8daf80-3f76-49d1-8067-96d495c7e668,c9bcc43a-9701-4fce-ad80-923ae62dbd44,1761218693661231951,3.425598,1.472473,-0.677109,0.006836,-0.569336,0.849121,-0.5538162167745899,-33.37308126839434,88.36944580363,0.6859242916107178,-0.20267507433891296,-0.20344336330890656,0.6686109900474548
dd8daf80-3f76-49d1-8067-96d495c7e668,c9bcc43a-9701-4fce-ad80-923ae62dbd44,1761218693669281951,3.669739,1.834869,-0.677109,0.002441,-0.572266,0.84668,-0.5419274936564688,-33.3464539853825,88.33892659976308,0.6861720085144043,-0.20263871550559998,-0.20316332578659058,0.6684529781341553
dd8daf80-3f76-49d1-8067-96d495c7e668,c9bcc43a-9701-4fce-ad80-923ae62dbd44,1761218693677331951,3.305435,1.775742,-0.494003,0.016113,-0.570312,0.867676,-0.5320122364125357,-33.31967866908202,88.29993475352283,0.6864657998085022,-0.20260481536388397,-0.20287927985191345,0.6682478785514832
dd8daf80-3f76-49d1-8067-96d495c7e668,c9bcc43a-9701-4fce-ad80-923ae62dbd44,1761218693685381951,3.242493,1.407623,-0.738144,0.012695,-0.560059,0.854492,-0.5214622636414046,-33.29124553269634,88.2483694355092,0.6868368983268738,-0.20258671045303345,-0.20255959033966064,0.6679689884185791
dd8daf80-3f76-49d1-8067-96d495c7e668,c9bcc43a-9701-4fce-ad80-923ae62dbd44,1761218693695961951,2.937317,1.590729,-0.127792,-0.006836,-0.572754,0.838379,-0.5032932050308441,-33.270684015899086,88.28127295018517,0.6867145895957947,-0.20251092314720154,-0.20238931477069855,0.668169379234314
dd8daf80-3f76-49d1-8067-96d495c7e668,c9bcc43a-9701-4fce-ad80-923ae62dbd44,1761218693706541951,2.691269,1.714706,-0.432968,-0.009277,-0.559082,0.854004,-0.4858764665050554,-33.24844964795992,88.29479313129636,0.6867069005966187,-0.2024550437927246,-0.20217952132225037,0.6682577133178711
dd8daf80-3f76-49d1-8067-96d495c7e668,c9bcc43a-9701-4fce-ad80-923ae62dbd44,1761218693717121951,2.449036,1.712799,-0.616074,0.003418,-0.546875,0.84375,-0.47102760348773365,-33.22611457887633,88.2648781329113,0.6869480609893799,-0.2024601697921753,-0.20190776884555817,0.6680904626846313
dd8daf80-3f76-49d1-8067-96d495c7e668,c9bcc43a-9701-4fce-ad80-923ae62dbd44,1761218693727800951,1.836777,1.531601,-0.432968,-0.000488,-0.5625,0.854492,-0.45515112722952394,-33.203583932717734,88.21353159047632,0.6873161792755127,-0.20250767469406128,-0.20159083604812622,0.6677931547164917
dd8daf80-3f76-49d1-8067-96d495c7e668,c9bcc43a-9701-4fce-ad80-923ae62dbd44,1761218693738479951,1.777649,1.655579,-0.432968,-0.005859,-0.5625,0.850098,-0.4380074429979087,-33.18744004994357,88.17129892588376,0.6876216530799866,-0.20258474349975586,-0.20131950080394745,0.6675370931625366
dd8daf80-3f76-49d1-8067-96d495c7e668,c9bcc43a-9701-4fce-ad80-923ae62dbd44,1761218693749158951,1.289368,1.407623,-0.432968,-0.001465,-0.553711,0.849121,-0.42376447814095763,-33.17232868273471,88.14553121592495,0.6878241300582886,-0.20262205600738525,-0.2011006474494934,0.6673831343650818
dd8daf80-3f76-49d1-8067-96d495c7e668,c9bcc43a-9701-4fce-ad80-923ae62dbd44,1761218693759807951,1.472473,1.224518,-0.188828,-0.004395,-0.553711,0.862305,-0.396508165270129,-33.14184427669864,88.08684721410566,0.688268780708313,-0.2027001976966858,-0.20065610110759735,0.6670347452163696
dd8daf80-3f76-49d1-8067-96d495c7e668,c9bcc43a-9701-4fce-ad80-923ae62dbd44,1761218693770457951,1.289368,0.801086,-0.310898,0.000977,-0.562988,0.866211,-0.38771357720299504,-33.12901259571339,88.13504061432123,0.6880267858505249,-0.20258982479572296,-0.20061396062374115,0.6673305034637451
dd8daf80-3f76-49d1-8067-96d495c7e668,c9bcc43a-9701-4fce-ad80-923ae62dbd44,1761218693781107951,1.169205,0.982285,-0.188828,-0.010254,-0.543945,0.855469,-0.3732308493797501,-33.11697402489089,88.15601151786012,0.6879517436027527,-0.2025650590658188,-0.20049411058425903,0.6674513816833496
dd8daf80-3f76-49d1-8067-96d495c7e668,c9bcc43a-9701-4fce-ad80-923ae62dbd44,1761218693789127951,1.04332,0.677109,-0.066757,-0.009766,-0.557129,0.859375,-0.3608128363495914,-33.103021338818635,88.11773166641635,0.6882215738296509,-0.20262037217617035,-0.20027077198028564,0.6672234535217285
dd8daf80-3f76-49d1-8067-96d495c7e668,c9bcc43a-9701-4fce-ad80-923ae62dbd44,1761218693797148951,0.434875,1.167297,-0.249863,0.005371,-0.561035,0.848144,-0.35365573075329343,-33.099294305830014,88.1388858559395,0.6881176233291626,-0.20260263979434967,-0.2002435326576233,0.6673442721366882
dd8daf80-3f76-49d1-8067-96d495c7e668,c9bcc43a-9701-4fce-ad80-923ae62dbd44,1761218693805169951,0.556946,1.041412,0.055313,-0.006348,-0.560059,0.862793,-0.3443216438161328,-33.095805146296144,88.13485500286548,0.688163697719574,-0.20264305174350739,-0.20016007125377655,0.6673095226287842
dd8daf80-3f76-49d1-8067-96d495c7e668,c9bcc43a-9701-4fce-ad80-923ae62dbd44,1761218693813190951,0.007629,0.553131,0.360489,-0.00293,-0.562988,0.873535,-0.34112735274335754,-33.09524923437704,88.08378269494379,0.6884676218032837,-0.20274749398231506,-0.2000473141670227,0.666998028755188
dd8daf80-3f76-49d1-8067-96d495c7e668,c9bcc43a-9701-4fce-ad80-923ae62dbd44,1761218693823899951,-0.055313,0.005722,0.116348,-0.005371,-0.566406,0.86084,-0.3344494105976421,-33.09598223930832,88.04011286258088,0.6887320876121521,-0.20286700129508972,-0.19993415474891663,0.6667224764823914
dd8daf80-3f76-49d1-8067-96d495c7e668,c9bcc43a-9701-4fce-ad80-923ae62dbd44,1761218693834608951,-0.543594,-0.360489,0.299454,-0.014648,-0.573242,0.868652,-0.3233877574475061,-33.09834542094086,88.00924346738057,0.6889266967773438,-0.20299941301345825,-0.19982671737670898,0.6665133237838745
dd8daf80-3f76-49d1-8067-96d495c7e668,c9bcc43a-9701-4fce-ad80-923ae62dbd44,1761218693845317951,-0.421524,-0.665665,0.543594,-0.001953,-0.560059,0.852539,-0.3202700670145194,-33.100271837177715,88.00668034198218,0.6889435648918152,-0.20303362607955933,-0.19981461763381958,0.6664890646934509
dd8daf80-3f76-49d1-8067-96d495c7e668,c9bcc43a-9701-4fce-ad80-923ae62dbd44,1761218693855998951,-0.541687,-0.911713,0.665665,-0.006348,-0.5625,0.859863,-0.3052605783521233,-33.10613077935381,87.96271264520485,0.689214825630188,-0.2032328099012375,-0.19968043267726898,0.66618812084198
dd8daf80-3f76-49d1-8067-96d495c7e668,c9bcc43a-9701-4fce-ad80-923ae62dbd44,1761218693866681951,-0.478745,-1.337051,0.7267,-0.002441,-0.557617,0.859863,-0.3077959232928234,-33.113263179056304,87.97731075403776,0.689112663269043,-0.20323558151721954,-0.1997629702091217,0.6662682294845581
dd8daf80-3f76-49d1-8067-96d495c7e668,c9bcc43a-9701-4fce-ad80-923ae62dbd44,1761218693877364951,-0.541687,-0.968933,0.909805,0.011719,-0.575195,0.862793,-0.3126933186067049,-33.12290730409116,87.98332463752175,0.6890517473220825,-0.20325471460819244,-0.19985906779766083,0.6662965416908264
dd8daf80-3f76-49d1-8067-96d495c7e668,c9bcc43a-9701-4fce-ad80-923ae62dbd44,1761218693887969951,-0.663757,-0.728607,0.909805,-0.004883,-0.572754,0.860352,-0.31020538760404076,-33.131691640451095,87.97554034794113,0.6890854835510254,-0.2033356875181198,-0.19988128542900085,0.6662302017211914
dd8daf80-3f76-49d1-8067-96d495c7e668,c9bcc43a-9701-4fce-ad80-923ae62dbd44,1761218693898577951,-0.663757,-0.968933,1.276016,0.00293,-0.587402,0.851074,-0.30984551663014,-33.143644305957714,87.9594363355868,0.6891581416130066,-0.20343784987926483,-0.1999199092388153,0.6661123037338257
dd8daf80-3f76-49d1-8067-96d495c7e668,c9bcc43a-9701-4fce-ad80-923ae62dbd44,1761218693909185951,-0.60463,-0.84877,1.153946,0.001465,-0.567871,0.864746,-0.30744313720968086,-33.15435680591385,87.95030527638764,0.6891960501670837,-0.20353227853775024,-0.1999514102935791,0.6660347580909729
dd8daf80-3f76-49d1-8067-96d495c7e668,c9bcc43a-9701-4fce-ad80-923ae62dbd44,1761218693917353951,-0.421524,-0.97084,1.153946,0.010254,-0.563965,0.867187,-0.3109421609745557,-33.16582844982521,87.94045607710872,0.6892264485359192,-0.2035982310771942,-0.20002152025699615,0.6659621000289917
dd8daf80-3f76-49d1-8067-96d495c7e668,c9bcc43a-9701-4fce-ad80-923ae62dbd44,1761218693925522951,-0.236511,-0.911713,1.031876,0.010254,-0.589844,0.863769,-0.3135790635886555,-33.177193475557544,87.91740655905292,0.6893352270126343,-0.20369163155555725,-0.2000623494386673,0.6658086180686951
dd8daf80-3f76-49d1-8067-96d495c7e668,c9bcc43a-9701-4fce-ad80-923ae62dbd44,1761218693933691951,0.190735,-1.094818,0.84877,-0.008789,-0.571777,0.863769,-0.313943081018641,-33.17898477058893,87.91061481720509,0.6893708109855652,-0.20371216535568237,-0.2000628560781479,0.6657653450965881
dd8daf80-3f76-49d1-8067-96d495c7e668,c9bcc43a-9701-4fce-ad80-923ae62dbd44,1761218693941860951,0.192642,-1.031876,1.031876,-0.005371,-0.569824,0.864746,-0.31282219958214097,-33.17868267818285,87.89642566066804,0.6894557476043701,-0.20374161005020142,-0.2000291347503662,0.6656785607337952
dd8daf80-3f76-49d1-8067-96d495c7e668,c9bcc43a-9701-4fce-ad80-923ae62dbd44,1761218693952299951,0.860214,-0.909805,1.214981,-0.000977,-0.570801,0.866699,-0.3143155073814619,-33.1712139579115,87.86662585947002,0.6896397471427917,-0.2037399411201477,-0.19994182884693146,0.6655146479606628
dd8daf80-3f76-49d1-8067-96d495c7e668,c9bcc43a-9701-4fce-ad80-923ae62dbd44,1761218693962738951,0.984192,-1.033783,1.214981,-0.013672,-0.570312,0.867187,-0.31132778067861455,-33.16304908581617,87.8694307649306,0.6896434426307678,-0.20370319485664368,-0.19988149404525757,0.6655401587486267
dd8daf80-3f76-49d1-8067-96d495c7e668,c9bcc43a-9701-4fce-ad80-923ae62dbd44,1761218693973177951,1.289368,-1.033783,1.153946,-0.008789,-0.566895,0.854492,-0.3087828830262461,-33.155036987808586,87.91577303072934,0.689393162727356,-0.2035888284444809,-0.19990207254886627,0.665828287601471
dd8daf80-3f76-49d1-8067-96d495c7e668,c9bcc43a-9701-4fce-ad80-923ae62dbd44,1761218693983844951,1.04332,-1.520157,1.092911,-0.010742,-0.572754,0.856445,-0.3069096434934825,-33.14773265560824,87.8929397923503,0.689542293548584,-0.20359551906585693,-0.19980786740779877,0.6657000780105591
dd8daf80-3f76-49d1-8067-96d495c7e668,c9bcc43a-9701-4fce-ad80-923ae62dbd44,1761218693994511951,1.04332,-1.337051,1.276016,-0.000488,-0.568848,0.862305,-0.30985474505679544,-33.141146402755844,87.85947292738054,0.6897434592247009,-0.2035970687866211,-0.19972793757915497,0.665515124797821
dd8daf80-3f76-49d1-8067-96d495c7e668,c9bcc43a-9701-4fce-ad80-923ae62dbd44,1761218694005178951,0.923157,-1.766205,1.214981,-0.007324,-0.563965,0.867676,-0.30883645438734203,-33.130063207318926,87.83229310743181,0.689923107624054,-0.2035835087299347,-0.19960926473140717,0.6653686761856079
dd8daf80-3f76-49d1-8067-96d495c7e668,c9bcc43a-9701-4fce-ad80-923ae62dbd44,1761218694015825951,1.289368,-1.888275,1.031876,-0.006836,-0.560059,0.861816,-0.3206254522552337,-33.10776533471129,87.77613008301064,0.6902689337730408,-0.2034783661365509,-0.19945128262043,0.66508948802948
dd8daf80-3f76-49d1-8067-96d495c7e668,c9bcc43a-9701-4fce-ad80-923ae62dbd44,1761218694026473951,1.348495,-2.008438,1.214981,-0.005859,-0.578125,0.869141,-0.3220447202145821,-33.09714164121,87.75280403541299,0.6904210448265076,-0.20344661176204681,-0.19935686886310577,0.6649696230888367
dd8daf80-3f76-49d1-8067-96d495c7e668,c9bcc43a-9701-4fce-ad80-923ae62dbd44,1761218694037121951,1.226425,-2.130508,1.642227,0.007324,-0.573242,0.867676,-0.33283843165622423,-33.089454767819426,87.73393612865011,0.6905256509780884,-0.20337039232254028,-0.19934388995170593,0.6648882627487183
dd8daf80-3f76-49d1-8067-96d495c7e668,c9bcc43a-9701-4fce-ad80-923ae62dbd44,1761218694045135951,1.472473,-2.071381,1.825333,0.010254,-0.560059,0.858398,-0.344314574006759,-33.07479949640988,87.72390696923236,0.6905903816223145,-0.2032327950000763,-0.19931037724018097,0.6648731231689453
dd8daf80-3f76-49d1-8067-96d495c7e668,c9bcc43a-9701-4fce-ad80-923ae62dbd44,1761218694053148951,1.777649,-1.522064,1.764297,-0.000977,-0.569824,0.869141,-0.3451253276174909,-33.062920515517526,87.73437115345575,0.6905497312545776,-0.20313817262649536,-0.1992650181055069,0.6649578809738159
dd8daf80-3f76-49d1-8067-96d495c7e668,c9bcc43a-9701-4fce-ad80-923ae62dbd44,1761218694061161951,1.897812,-1.520157,1.764297,-0.020508,-0.565918,0.878906,-0.3409764409413611,-33.04638554153959,87.76864439446692,0.6903879046440125,-0.20300285518169403,-0.1992049664258957,0.6651852130889893
dd8daf80-3f76-49d1-8067-96d495c7e668,c9bcc43a-9701-4fce-ad80-923ae62dbd44,1761218694069174951,1.899719,-1.766205,1.703262,0.010254,-0.573242,0.863769,-0.34947809960023873,-33.032306989602326,87.8285554113666,0.6900506615638733,-0.2027643918991089,-0.19928064942359924,0.6655850410461426
dd8daf80-3f76-49d1-8067-96d495c7e668,c9bcc43a-9701-4fce-ad80-923ae62dbd44,1761218694079897951,1.960754,-1.64032,1.642227,0.000977,-0.567871,0.863769,-0.35464914054250696,-33.01678276711438,87.81762816456775,0.6901331543922424,-0.2026596963405609,-0.19920246303081512,0.6655548214912415
dd8daf80-3f76-49d1-8067-96d495c7e668,c9bcc43a-9701-4fce-ad80-923ae62dbd44,1761218694090620951,1.899719,-2.071381,1.703262,-0.000488,-0.558594,0.861328,-0.35968648545514087,-33.0028236578263,87.78395023116704,0.6903451681137085,-0.2026047259569168,-0.1990923434495926,0.6653846502304077
dd8daf80-3f76-49d1-8067-96d495c7e668,c9bcc43a-9701-4fce-ad80-923ae62dbd44,1761218694101343951,1.897812,-2.313614,1.703262,-0.007812,-0.549316,0.856445,-0.3625367096979485,-32.98595632501756,87.73487977714042,0.690655529499054,-0.2025715857744217,-0.19892503321170807,0.6651226282119751
dd8daf80-3f76-49d1-8067-96d495c7e668,c9bcc43a-9701-4fce-ad80-923ae62dbd44,1761218694111950951,1.657486,-2.496719,1.703262,0.008789,-0.550781,0.858398,-0.37800778408991936,-32.95545347183145,87.70111131845375,0.6908797025680542,-0.20235617458820343,-0.19878195226192474,0.6649981737136841
dd8daf80-3f76-49d1-8067-96d495c7e668,c9bcc43a-9701-4fce-ad80-923ae62dbd44,1761218694122559951,1.836777,-2.496719,1.581192,0.008301,-0.575684,0.85791,-0.39281047958753806,-32.94438476706217,87.67920497593319,0.6910011172294617,-0.20224139094352722,-0.19876843690872192,0.6649110317230225
dd8daf80-3f76-49d1-8067-96d495c7e668,c9bcc43a-9701-4fce-ad80-923ae62dbd44,1761218694133168951,1.409531,-2.61879,1.642227,0.001465,-0.567383,0.853516,-0.406587239733012,-32.93591077832032,87.69497717978093,0.690900981426239,-0.20208290219306946,-0.1988302618265152,0.6650447249412537
dd8daf80-3f76-49d1-8067-96d495c7e668,c9bcc43a-9701-4fce-ad80-923ae62dbd44,1761218694141167951,1.594543,-2.433777,1.581192,0.008301,-0.570312,0.86084,-0.42138456633000615,-32.92399379332856,87.764593568093,0.6904926300048828,-0.20180417597293854,-0.19897310435771942,0.6655105948448181
dd8daf80-3f76-49d1-8067-96d495c7e668,c9bcc43a-9701-4fce-ad80-923ae62dbd44,1761218694149167951,1.348495,-2.435684,1.337051,0.011719,-0.556641,0.871582,-0.43358136918798146,-32.90736995110277,87.73076110197364,0.6906979084014893,-0.20169168710708618,-0.19889073073863983,0.6653562784194946
dd8daf80-3f76-49d1-8067-96d495c7e668,c9bcc43a-9701-4fce-ad80-923ae62dbd44,1761218694157167951,1.594543,-2.254486,1.459122,0.003906,-0.578125,0.861328,-0.4450742605001498,-32.898050715325326,87.71160913976642,0.690805971622467,-0.20160189270973206,-0.19887232780456543,0.665276825428009
dd8daf80-3f76-49d1-8067-96d495c7e668,c9bcc43a-9701-4fce-ad80-923ae62dbd44,1761218694173162951,1.348495,-2.069473,1.398087,0.004883,-0.563477,0.855469,-0.4684043383939291,-32.871768379014625,87.73740627742777,0.6906630992889404,-0.20126284658908844,-0.1989060640335083,0.6655177474021912
dd8daf80-3f76-49d1-8067-96d495c7e668,c9bcc43a-9701-4fce-ad80-923ae62dbd44,1761218694181160951,1.409531,-2.130508,1.398087,0.012695,-0.555176,0.865234,-0.48063982549957546,-32.8582880090985,87.72154588187735,0.6907582879066467,-0.20113788545131683,-0.1988738775253296,0.66546630859375
dd8daf80-3f76-49d1-8067-96d495c7e668,c9bcc43a-9701-4fce-ad80-923ae62dbd44,1761218694189158951,1.289368,-1.70517,1.398087,0.012695,-0.555664,0.859863,-0.4925427538190656,-32.846771554233904,87.69064894800555,0.6909378170967102,-0.20105279982089996,-0.1988247185945511,0.6653202772140503
dd8daf80-3f76-49d1-8067-96d495c7e668,c9bcc43a-9701-4fce-ad80-923ae62dbd44,1761218694197156951,1.104355,-1.642227,1.642227,0.008789,-0.558594,0.851562,-0.5024183024668599,-32.84364996685447,87.68177936858432,0.6909778118133545,-0.20099195837974548,-0.1988506317138672,0.6652894616127014
dd8daf80-3f76-49d1-8067-96d495c7e668,c9bcc43a-9701-4fce-ad80-923ae62dbd44,1761218694205165951,1.169205,-1.337051,1.459122,0.005371,-0.564941,0.854004,-0.5062221224822081,-32.83992266104371,87.70829518853193,0.6908239722251892,-0.2009013295173645,-0.19889847934246063,0.6654622554779053
dd8daf80-3f76-49d1-8067-96d495c7e668,c9bcc43a-9701-4fce-ad80-923ae62dbd44,1761218694213174951,0.434875,-1.277924,1.581192,0.006348,-0.575684,0.861328,-0.5076973893318625,-32.842652023320184,87.69391870265899,0.6908999681472778,-0.20093421638011932,-0.19889797270298004,0.6653735637664795
dd8daf80-3f76-49d1-8067-96d495c7e668,c9bcc43a-9701-4fce-ad80-923ae62dbd44,1761218694221183951,0.801086,-1.583099,2.069473,0.019531,-0.570312,0.85498,-0.5130002692339231,-32.84130914633058,87.70113716811277,0.6908512711524963,-0.20088277757167816,-0.19893482327461243,0.665428638458252
dd8daf80-3f76-49d1-8067-96d495c7e668,c9bcc43a-9701-4fce-ad80-923ae62dbd44,1761218694229192951,0.617981,-0.728607,1.581192,0.010254,-0.564453,0.866699,-0.5117981535974001,-32.84098137868532,87.74721401357446,0.6905863285064697,-0.20080776512622833,-0.19900643825531006,0.6657048463821411
dd8daf80-3f76-49d1-8067-96d495c7e668,c9bcc43a-9701-4fce-ad80-923ae62dbd44,1761218694239855951,0.801086,-0.240326,1.764297,0.007324,-0.569336,0.863769,-0.5051072535505227,-32.8384315424826,87.76571227862796,0.6904950737953186,-0.2007991373538971,-0.19898375868797302,0.6658087968826294
dd8daf80-3f76-49d1-8067-96d495c7e668,c9bcc43a-9701-4fce-ad80-923ae62dbd44,1761218694250518951,0.921249,0.127792,1.398087,0.021973,-0.573242,0.865723,-0.49832000238664326,-32.835372099303875,87.73609477264623,0.69068443775177,-0.20087146759033203,-0.19887322187423706,0.665623664855957
dd8daf80-3f76-49d1-8067-96d495c7e668,c9bcc43a-9701-4fce-ad80-923ae62dbd44,1761218694261181951,0.984192,0.553131,1.092911,0.015625,-0.581055,0.868652,-0.4890356207390307,-32.8337629541471,87.71124812750317,0.6908477544784546,-0.20095880329608917,-0.198764368891716,0.6654602289199829
dd8daf80-3f76-49d1-8067-96d495c7e668,c9bcc43a-9701-4fce-ad80-923ae62dbd44,1761218694269573951,0.679016,0.679016,0.60463,0.023926,-0.565918,0.85791,-0.4881654388193132,-32.83229504530265,87.68560334736371,0.6910008192062378,-0.200999453663826,-0.19870564341545105,0.665306568145752
dd8daf80-3f76-49d1-8067-96d495c7e668,c9bcc43a-9701-4fce-ad80-923ae62dbd44,1761218694277965951,1.106262,1.529694,0.543594,0.001465,-0.555176,0.870605,-0.4721240830402414,-32.825627561209835,87.67570800237954,0.6910980939865112,-0.2010694295167923,-0.1985529363155365,0.6652299761772156
dd8daf80-3f76-49d1-8067-96d495c7e668,c9bcc43a-9701-4fce-ad80-923ae62dbd44,1761218694286357951,0.738144,0.921249,-0.005722,0.001465,-0.552734,0.871094,-0.47131846527358107,-32.82543184517262,87.64724655531955,0.6912650465965271,-0.2011222243309021,-0.1984969973564148,0.6650572419166565
dd8daf80-3f76-49d1-8067-96d495c7e668,c9bcc43a-9701-4fce-ad80-923ae62dbd44,1761218694294749951,1.167297,0.858307,-0.249863,0.002441,-0.560547,0.870117,-0.46465114308175304,-32.81575673725805,87.62182807379213,0.691441535949707,-0.2011464387178421,-0.19835615158081055,0.6649084091186523
dd8daf80-3f76-49d1-8067-96d495c7e668,c9bcc43a-9701-4fce-ad80-923ae62dbd44,1761218694304894951,0.801086,0.984192,-0.188828,0.002441,-0.557617,0.871094,-0.4607600138462615,-32.80815794853797,87.61011437406779,0.6915299296379089,-0.2011433094739914,-0.1982681304216385,0.664843738079071
dd8daf80-3f76-49d1-8067-96d495c7e668,c9bcc43a-9701-4fce-ad80-923ae62dbd44,1761218694315039951,1.106262,0.736237,-0.494003,-0.002441,-0.556641,0.866699,-0.4543793229568293,-32.79850557261203,87.58799273039887,0.6916866898536682,-0.20116020739078522,-0.19813492894172668,0.6647152304649353
dd8daf80-3f76-49d1-8067-96d495c7e668,c9bcc43a-9701-4fce-ad80-923ae62dbd44,1761218694325184951,1.289368,0.919342,-0.432968,-0.001465,-0.555176,0.875,-0.44657248984618614,-32.78265240651855,87.55624162780015,0.6919128894805908,-0.20116442441940308,-0.19794033467769623,0.6645365357398987
dd8daf80-3f76-49d1-8067-96d495c7e668,c9bcc43a-9701-4fce-ad80-923ae62dbd44,1761218694335848951,1.531601,0.494003,-0.616074,-0.001465,-0.567871,0.868652,-0.4331341973584223,-32.7718482768703,87.55233137899249,0.6919782161712646,-0.2011837363243103,-0.19778981804847717,0.6645074486732483
dd8daf80-3f76-49d1-8067-96d495c7e668,c9bcc43a-9701-4fce-ad80-923ae62dbd44,1761218694346512951,1.348495,0.249863,-0.005722,-0.00293,-0.547852,0.868164,-0.42736949387935436,-32.756621825513264,87.52619483132743,0.6921671032905579,-0.20117010176181793,-0.19762103259563446,0.6643650531768799
dd8daf80-3f76-49d1-8067-96d495c7e668,c9bcc43a-9701-4fce-ad80-923ae62dbd44,1761218694357176951,1.777649,-0.118256,0.116348,-0.008301,-0.557129,0.867187,-0.4187361363296466,-32.750223137126554,87.47656626578774,0.6924811601638794,-0.20126694440841675,-0.19744472205638885,0.6640608310699463
dd8daf80-3f76-49d1-8067-96d495c7e668,c9bcc43a-9701-4fce-ad80-923ae62dbd44,1761218694365173951,1.594543,-0.301361,0.665665,-0.005371,-0.565918,0.859863,-0.4092299706494186,-32.71817855034857,87.42992515050337,0.6928253769874573,-0.201208233833313,-0.19712010025978088,0.663815975189209
dd8daf80-3f76-49d1-8067-96d495c7e668,c9bcc43a-9701-4fce-ad80-923ae62dbd44,1761218694373170951,1.960754,-0.240326,1.337051,-0.003418,-0.559082,0.856934,-0.39594316736442403,-32.70252322907775,87.4280849038857,0.692887008190155,-0.20119351148605347,-0.19694603979587555,0.6638078093528748
dd8daf80-3f76-49d1-8067-96d495c7e668,c9bcc43a-9701-4fce-ad80-923ae62dbd44,1761218694381167951,1.409531,-0.543594,1.214981,-0.008301,-0.54834,0.850586,-0.3880378870800588,-32.690287567463876,87.41975431069869,0.6929708123207092,-0.20117948949337006,-0.19681288301944733,0.6637640595436096
dd8daf80-3f76-49d1-8067-96d495c7e668,c9bcc43a-9701-4fce-ad80-923ae62dbd44,1761218694389164951,1.167297,-0.301361,1.581192,-0.001953,-0.549805,0.843262,-0.37620768668194216,-32.68076229970776,87.4083163849676,0.6930744647979736,-0.2012099325656891,-0.1966661959886551,0.6636900901794434
dd8daf80-3f76-49d1-8067-96d495c7e668,c9bcc43a-9701-4fce-ad80-923ae62dbd44,1761218694399834951,1.045227,-0.606537,2.130508,0.006836,-0.551758,0.851562,-0.36884786038135275,-32.672381940947766,87.44026609637844,0.6929170489311218,-0.20114697515964508,-0.1966293305158615,0.6638844013214111
dd8daf80-3f76-49d1-8067-96d495c7e668,c9bcc43a-9701-4fce-ad80-923ae62dbd44,1761218694410504951,0.616074,-0.84877,2.679825,0.000488,-0.556152,0.848633,-0.3595308598445814,-32.67345149380659,87.45630504054076,0.692838191986084,-0.20117990672588348,-0.1966073364019394,0.663963258266449
dd8daf80-3f76-49d1-8067-96d495c7e668,c9bcc43a-9701-4fce-ad80-923ae62dbd44,1761218694421174951,0.066757,-1.214981,2.74086,-0.00293,-0.540039,0.855957,-0.35349250657948156,-32.671410108387,87.43591591060452,0.692970335483551,-0.2012374848127365,-0.19652321934700012,0.6638328433036804
dd8daf80-3f76-49d1-8067-96d495c7e668,c9bcc43a-9701-4fce-ad80-923ae62dbd44,1761218694431835951,-0.724792,-1.094818,2.801895,0.004883,-0.56543,0.864258,-0.3472145154774049,-32.67420762489639,87.51408139675934,0.6925231218338013,-0.20115673542022705,-0.19663868844509125,0.6642895936965942
dd8daf80-3f76-49d1-8067-96d495c7e668,c9bcc43a-9701-4fce-ad80-923ae62dbd44,1761218694442494951,-1.276016,-1.214981,2.86293,0.006348,-0.557129,0.853027,-0.34266903597301224,-32.686410628372556,87.56737513679948,0.6922000646591187,-0.20116545259952545,-0.1967754065990448,0.664583146572113
dd8daf80-3f76-49d1-8067-96d495c7e668,c9bcc43a-9701-4fce-ad80-923ae62dbd44,1761218694453153951,-1.88446,-0.301361,2.374649,0.015137,-0.558105,0.842773,-0.33986092527915085,-32.702354198120275,87.56997518195462,0.6921612620353699,-0.20127373933792114,-0.1968553066253662,0.6645671129226685
dd8daf80-3f76-49d1-8067-96d495c7e668,c9bcc43a-9701-4fce-ad80-923ae62dbd44,1761218694463848951,-1.88446,-0.301361,2.252579,0.016602,-0.552246,0.857422,-0.33533223361851866,-32.74492570766494,87.53039257560057,0.6923222541809082,-0.20162561535835266,-0.1970047503709793,0.6642484068870544
dd8daf80-3f76-49d1-8067-96d495c7e668,c9bcc43a-9701-4fce-ad80-923ae62dbd44,1761218694474542951,-2.069473,-0.543594,2.130508,0.018555,-0.570801,0.850098,-0.33569416328005897,-32.77036057669516,87.48955990087856,0.6925126314163208,-0.20184770226478577,-0.19708219170570374,0.6639593839645386
dd8daf80-3f76-49d1-8067-96d495c7e668,c9bcc43a-9701-4fce-ad80-923ae62dbd44,1761218694485236951,-2.252579,-0.177383,1.581192,0.013672,-0.5625,0.864258,-0.334005486585259,-32.790132442899846,87.45024424822076,0.6927077770233154,-0.2020447999238968,-0.19711703062057495,0.6636855006217957
dd8daf80-3f76-49d1-8067-96d495c7e668,c9bcc43a-9701-4fce-ad80-923ae62dbd44,1761218694493210951,-2.189636,-0.240326,1.214981,0.012695,-0.567871,0.858887,-0.3361965539401766,-32.81511952509212,87.41451672366733,0.6928659677505493,-0.20224490761756897,-0.19721168279647827,0.6634312272071838
dd8daf80-3f76-49d1-8067-96d495c7e668,c9bcc43a-9701-4fce-ad80-923ae62dbd44,1761218694501187951,-2.008438,0.127792,0.482559,0.006348,-0.562988,0.862793,-0.33447915880038825,-32.836385367274396,87.46693686695477,0.6925271153450012,-0.20229336619377136,-0.197416752576828,0.6637091636657715
dd8daf80-3f76-49d1-8067-96d495c7e668,c9bcc43a-9701-4fce-ad80-923ae62dbd44,1761218694509164951,-1.823425,0.553131,0.238419,0.012207,-0.566895,0.866699,-0.3343756689206973,-32.85520850854023,87.49093065796096,0.6923544406890869,-0.20236653089523315,-0.19756732881069183,0.6638222336769104
dd8daf80-3f76-49d1-8067-96d495c7e668,c9bcc43a-9701-4fce-ad80-923ae62dbd44,1761218694525152951,-1.51825,1.041412,0.238419,0.013184,-0.577637,0.867187,-0.325752922576643,-32.891470677512956,87.45180121639048,0.692530632019043,-0.20270341634750366,-0.19765570759773254,0.6635093092918396
dd8daf80-3f76-49d1-8067-96d495c7e668,c9bcc43a-9701-4fce-ad80-923ae62dbd44,1761218694533164951,-1.701355,1.224518,-0.188828,0.022461,-0.577148,0.863769,-0.3188046700586747,-32.91158906405767,87.45528893046085,0.6924861669540405,-0.20285943150520325,-0.19773617386817932,0.6634839773178101
dd8daf80-3f76-49d1-8067-96d495c7e668,c9bcc43a-9701-4fce-ad80-923ae62dbd44,1761218694541176951,-1.276016,1.16539,-0.555038,0.007812,-0.557617,0.86084,-0.31141795746048895,-32.92737998112959,87.41614319763576,0.6926970481872559,-0.20306532084941864,-0.1977134495973587,0.6632075905799866
dd8daf80-3f76-49d1-8067-96d495c7e668,c9bcc43a-9701-4fce-ad80-923ae62dbd44,1761218694549188951,-1.335144,1.590729,-0.494003,0.009277,-0.561035,0.858398,-0.3015789406197706,-32.93831243628439,87.36026588812469,0.6930176019668579,-0.2032848298549652,-0.1976180374622345,0.6628338098526001
dd8daf80-3f76-49d1-8067-96d495c7e668,c9bcc43a-9701-4fce-ad80-923ae62dbd44,1761218694557189951,-0.787735,1.897812,-1.04332,0.016113,-0.580566,0.86084,-0.29245147567198543,-32.95315895257088,87.28569915872188,0.6934376955032349,-0.2035561203956604,-0.19751615822315216,0.6623413562774658
dd8daf80-3f76-49d1-8067-96d495c7e668,c9bcc43a-9701-4fce-ad80-923ae62dbd44,1761218694565190951,-0.787735,2.141953,-1.470566,0.010254,-0.58252,0.85791,-0.28199473139763254,-32.96691323789747,87.23837003512328,0.69370436668396,-0.20378148555755615,-0.19744810461997986,0.6620129942893982
dd8daf80-3f76-49d1-8067-96d495c7e668,c9bcc43a-9701-4fce-ad80-923ae62dbd44,1761218694573191951,-0.907898,2.323151,-1.592636,-0.000977,-0.578613,0.85791,-0.27010915000726127,-32.97858730060711,87.19883215171613,0.6939321160316467,-0.20398901402950287,-0.19737312197685242,0.6617327332496643
dd8daf80-3f76-49d1-8067-96d495c7e668,c9bcc43a-9701-4fce-ad80-923ae62dbd44,1761218694581192951,-0.787735,2.202988,-1.531601,0.004883,-0.561035,0.869629,-0.2591178397956947,-32.98674191705619,87.17065211175758,0.6940990090370178,-0.2041504830121994,-0.1973033845424652,0.6615285873413086
dd8daf80-3f76-49d1-8067-96d495c7e668,c9bcc43a-9701-4fce-ad80-923ae62dbd44,1761218694591839951,-0.480652,2.14386,-1.958847,-0.012207,-0.579102,0.871094,-0.24537832839212428,-32.99384150488088,87.16585670825384,0.6941375136375427,-0.20428109169006348,-0.1972525417804718,0.6614630818367004
dd8daf80-3f76-49d1-8067-96d495c7e668,c9bcc43a-9701-4fce-ad80-923ae62dbd44,1761218694602486951,-0.055313,1.958847,-1.897812,-0.008789,-0.569336,0.860352,-0.2355726484869151,-32.9967389505456,87.19377848379729,0.6939879655838013,-0.2043071985244751,-0.19725963473320007,0.6616098284721375
dd8daf80-3f76-49d1-8067-96d495c7e668,c9bcc43a-9701-4fce-ad80-923ae62dbd44,1761218694613133951,-0.175476,1.895905,-1.836777,-0.001953,-0.575684,0.847656,-0.22561676193668997,-33.00330493653112,87.1737941567781,0.6941086053848267,-0.20443890988826752,-0.19720155000686646,0.6614598035812378
dd8daf80-3f76-49d1-8067-96d495c7e668,c9bcc43a-9701-4fce-ad80-923ae62dbd44,1761218694623820951,0.190735,1.346588,-1.897812,0.001465,-0.558105,0.861328,-0.2226707963469235,-33.00521151690696,87.13898207094526,0.6943111419677734,-0.2045273780822754,-0.19713257253170013,0.6612403988838196
dd8daf80-3f76-49d1-8067-96d495c7e668,c9bcc43a-9701-4fce-ad80-923ae62dbd44,1761218694634508951,0.312805,1.655579,-1.775742,0.002441,-0.574219,0.865234,-0.2202636525320457,-33.00939284606325,87.0952970367139,0.6945597529411316,-0.20464175939559937,-0.1970640867948532,0.66096431016922
dd8daf80-3f76-49d1-8067-96d495c7e668,c9bcc43a-9701-4fce-ad80-923ae62dbd44,1761218694645196951,0.434875,1.346588,-1.653671,-0.007324,-0.571777,0.861816,-0.21388636790453378,-33.01181100007842,87.03139040590422,0.6949348449707031,-0.20480306446552277,-0.19692517817020416,0.6605613827705383
dd8daf80-3f76-49d1-8067-96d495c7e668,c9bcc43a-9701-4fce-ad80-923ae62dbd44,1761218694655835951,0.066757,0.921249,-1.16539,-0.000977,-0.573242,0.859375,-0.20074923814661322,-33.015404749500846,86.95849362968941,0.6953709721565247,-0.2050257921218872,-0.19673581421375275,0.6600896120071411
dd8daf80-3f76-49d1-8067-96d495c7e668,c9bcc43a-9701-4fce-ad80-923ae62dbd44,1761218694666473951,0.249863,1.104355,-1.348495,-0.007324,-0.566406,0.858887,-0.1919185557668578,-33.0157513815055,86.9507200902825,0.6954302787780762,-0.20509211719036102,-0.1966703087091446,0.6600260138511658
dd8daf80-3f76-49d1-8067-96d495c7e668,c9bcc43a-9701-4fce-ad80-923ae62dbd44,1761218694677111951,0.1297,0.736237,-0.982285,-0.008789,-0.574707,0.863281,-0.18523698730983307,-33.017019813829535,86.96982041496918,0.6953294277191162,-0.20510554313659668,-0.1966712474822998,0.6601277589797974
dd8daf80-3f76-49d1-8067-96d495c7e668,c9bcc43a-9701-4fce-ad80-923ae62dbd44,1761218694687815951,0.1297,0.679016,-0.860214,-0.014648,-0.556641,0.862305,-0.17937306694936525,-33.01712684962601,86.96602911751108,0.6953611373901367,-0.20514647662639618,-0.19662949442863464,0.6600940823554993
dd8daf80-3f76-49d1-8067-96d495c7e668,c9bcc43a-9701-4fce-ad80-923ae62dbd44,1761218694698518951,0.192642,1.104355,-0.860214,-0.011719,-0.569336,0.873047,-0.17016446569542715,-33.01751822653147,86.97094613167789,0.6953479051589966,-0.20519345998764038,-0.19658467173576355,0.6601067781448364
dd8daf80-3f76-49d1-8067-96d495c7e668,c9bcc43a-9701-4fce-ad80-923ae62dbd44,1761218694709221951,0.066757,0.921249,-0.921249,0.000488,-0.563965,0.868164,-0.16145726995740103,-33.01529682582626,86.97879867454684,0.6953216195106506,-0.2052166610956192,-0.19653311371803284,0.6601426005363464
dd8daf80-3f76-49d1-8067-96d495c7e668,c9bcc43a-9701-4fce-ad80-923ae62dbd44,1761218694717218951,0.312805,0.679016,-0.860214,-0.011719,-0.566406,0.861328,-0.1498607345951481,-33.01926560819584,86.91890773161043,0.695679247379303,-0.20541022717952728,-0.19637826085090637,0.6597515940666199
dd8daf80-3f76-49d1-8067-96d495c7e668,c9bcc43a-9701-4fce-ad80-923ae62dbd44,1761218694725217951,-0.053406,0.679016,-0.677109,-0.001953,-0.558594,0.861328,-0.1465707797437635,-33.02470494816916,86.89920037190141,0.6957885026931763,-0.20549599826335907,-0.1963542401790619,0.6596167683601379
dd8daf80-3f76-49d1-8067-96d495c7e668,c9bcc43a-9701-4fce-ad80-923ae62dbd44,1761218694733216951,0.066757,0.249863,-0.799179,-0.015137,-0.569824,0.852539,-0.14127392768360236,-33.0264026949423,86.89244654913658,0.6958333849906921,-0.20554836094379425,-0.19631972908973694,0.659563422203064
dd8daf80-3f76-49d1-8067-96d495c7e668,c9bcc43a-9701-4fce-ad80-923ae62dbd44,1761218694741215951,-0.299454,-0.055313,-0.738144,-0.005859,-0.561035,0.85791,-0.1386726332190208,-33.030951357851514,86.90073916383407,0.6957818865776062,-0.20557676255702972,-0.19634497165679932,0.6596013903617859
dd8daf80-3f76-49d1-8067-96d495c7e668,c9bcc43a-9701-4fce-ad80-923ae62dbd44,1761218694751850951,-0.299454,-0.055313,-0.799179,-0.011719,-0.572754,0.862793,-0.13092129759820822,-33.0347172295536,86.87513332487042,0.6959357261657715,-0.20568813383579254,-0.19627360999584198,0.6594255566596985
dd8daf80-3f76-49d1-8067-96d495c7e668,c9bcc43a-9701-4fce-ad80-923ae62dbd44,1761218694762485951,-0.358582,-0.545502,-0.188828,-0.018555,-0.567383,0.861816,-0.12082780068353173,-33.0395538855532,86.88306037532405,0.6958986520767212,-0.20576202869415283,-0.19625435769557953,0.6594473719596863
dd8daf80-3f76-49d1-8067-96d495c7e668,c9bcc43a-9701-4fce-ad80-923ae62dbd44,1761218694773120951,-0.663757,-0.663757,0.60463,-0.010254,-0.577637,0.862305,-0.11220681405567023,-33.04736769909753,86.94312710713437,0.6955535411834717,-0.20575621724128723,-0.19635482132434845,0.6597833037376404
dd8daf80-3f76-49d1-8067-96d495c7e668,c9bcc43a-9701-4fce-ad80-923ae62dbd44,1761218694783820951,-0.724792,-0.606537,0.787735,-0.015625,-0.565918,0.863281,-0.10603277084662895,-33.048945721274855,86.93242906313603,0.6956228613853455,-0.20581966638565063,-0.1963072121143341,0.6597046256065369
dd8daf80-3f76-49d1-8067-96d495c7e668,c9bcc43a-9701-4fce-ad80-923ae62dbd44,1761218694794519951,-0.419617,-0.606537,1.337051,-0.009277,-0.572754,0.859375,-0.10205625542195,-33.05295183680764,86.95306014708054,0.6955036520957947,-0.20583155751228333,-0.19634318351745605,0.6598158478736877
dd8daf80-3f76-49d1-8067-96d495c7e668,c9bcc43a-9701-4fce-ad80-923ae62dbd44,1761218694805218951,-0.358582,-0.545502,1.703262,-0.000488,-0.566406,0.862793,-0.095390137465473,-33.05965376593055,87.03252952032786,0.6950452327728271,-0.2057744264602661,-0.1964840441942215,0.6602746248245239
dd8daf80-3f76-49d1-8067-96d495c7e668,c9bcc43a-9701-4fce-ad80-923ae62dbd44,1761218694813202951,-0.478745,-0.543594,2.191544,-0.002441,-0.547852,0.865723,-0.07541295930866612,-33.066921683836384,87.07346256652569,0.6948304772377014,-0.20586347579956055,-0.19647827744483948,0.6604745388031006
dd8daf80-3f76-49d1-8067-96d495c7e668,c9bcc43a-9701-4fce-ad80-923ae62dbd44,1761218694821188951,-0.299454,0.005722,1.825333,0.000488,-0.571289,0.862305,-0.06221596387718921,-33.07496282642182,87.0632673884937,0.6948973536491394,-0.2060057818889618,-0.19642625749111176,0.6603752970695496
dd8daf80-3f76-49d1-8067-96d495c7e668,c9bcc43a-9701-4fce-ad80-923ae62dbd44,1761218694829174951,-1.213074,-0.118256,1.764297,0.000488,-0.57959,0.861816,-0.051929520878668485,-33.084152700812226,87.04944412067302,0.6949780583381653,-0.2061445116996765,-0.19639195501804352,0.6602572202682495
dd8daf80-3f76-49d1-8067-96d495c7e668,c9bcc43a-9701-4fce-ad80-923ae62dbd44,1761218694837160951,-0.787735,0.432968,1.764297,0.003418,-0.569336,0.866699,-0.036391910689687786,-33.09358060985316,87.03070057137994,0.6950956583023071,-0.20632332563400269,-0.19631828367710114,0.6600995063781738
dd8daf80-3f76-49d1-8067-96d495c7e668,c9bcc43a-9701-4fce-ad80-923ae62dbd44,1761218694847829951,-0.7267,0.432968,1.703262,0.009277,-0.569824,0.858398,-0.022777004268917204,-33.103249598277245,87.02553312845576,0.6951313018798828,-0.20646926760673523,-0.19628207385540009,0.6600270867347717
dd8daf80-3f76-49d1-8067-96d495c7e668,c9bcc43a-9701-4fce-ad80-923ae62dbd44,1761218694858498951,-0.846863,0.495911,1.092911,0.009277,-0.557129,0.86084,-0.020368274064055183,-33.10892194571052,87.02515544186295,0.6951273679733276,-0.20651821792125702,-0.1962994486093521,0.6600106954574585
dd8daf80-3f76-49d1-8067-96d495c7e668,c9bcc43a-9701-4fce-ad80-923ae62dbd44,1761218694869167951,-0.480652,0.553131,0.909805,0.001465,-0.567383,0.858398,-0.021597249760388574,-33.112948411284044,87.04238248380443,0.6950187683105469,-0.20650604367256165,-0.19636113941669464,0.6601105332374573
dd8daf80-3f76-49d1-8067-96d495c7e668,c9bcc43a-9701-4fce-ad80-923ae62dbd44,1761218694879835951,-0.175476,0.858307,-0.127792,0.01709,-0.572266,0.865234,-0.026230093929178955,-33.11684209916667,87.05157993906624,0.6949508190155029,-0.20648719370365143,-0.19642823934555054,0.6601680517196655
dd8daf80-3f76-49d1-8067-96d495c7e668,c9bcc43a-9701-4fce-ad80-923ae62dbd44,1761218694890504951,-0.421524,0.677109,-0.738144,0.006348,-0.577148,0.876465,-0.02741575211605444,-33.11976212240834,87.05257807095221,0.6949377655982971,-0.20649637281894684,-0.19645404815673828,0.6601712107658386
dd8daf80-3f76-49d1-8067-96d495c7e668,c9bcc43a-9701-4fce-ad80-923ae62dbd44,1761218694901173951,-0.053406,1.041412,-0.738144,-0.003906,-0.577148,0.868164,-0.026899375316457638,-33.125337915660054,87.02522975711325,0.6950861215591431,-0.2065800428390503,-0.19643373787403107,0.659994900226593
dd8daf80-3f76-49d1-8067-96d495c7e668,c9bcc43a-9701-4fce-ad80-923ae62dbd44,1761218694911832951,0.312805,0.736237,-1.409531,-0.009766,-0.573242,0.862793,-0.022798256503905084,-33.1231978504519,86.97776702670072,0.6953703165054321,-0.20667201280593872,-0.19631095230579376,0.6597031950950623
dd8daf80-3f76-49d1-8067-96d495c7e668,c9bcc43a-9701-4fce-ad80-923ae62dbd44,1761218694922489951,0.679016,0.858307,-1.714706,-0.005859,-0.57959,0.856934,-0.024317010119281644,-33.12160379228532,86.93987378397497,0.6955887079238892,-0.20671850442886353,-0.19624264538288116,0.6594786643981934
dd8daf80-3f76-49d1-8067-96d495c7e668,c9bcc43a-9701-4fce-ad80-923ae62dbd44,1761218694933146951,0.923157,0.858307,-1.775742,-0.004395,-0.568359,0.865723,-0.026584167171678344,-33.112581375960794,86.90400594476375,0.6958075165748596,-0.20671206712722778,-0.19613979756832123,0.6592804789543152
dd8daf80-3f76-49d1-8067-96d495c7e668,c9bcc43a-9701-4fce-ad80-923ae62dbd44,1761218694941159951,1.228333,0.858307,-2.080917,-0.010742,-0.570312,0.858398,-0.026352898417829864,-33.10626838850591,86.87578116168051,0.6959816813468933,-0.2067233771085739,-0.19605116546154022,0.6591193675994873
dd8daf80-3f76-49d1-8067-96d495c7e668,c9bcc43a-9701-4fce-ad80-923ae62dbd44,1761218694949173951,1.04332,0.310898,-1.897812,0.000488,-0.55957,0.85791,-0.02982237294848493,-33.09539750223813,86.83917489980136,0.6962059140205383,-0.20669996738433838,-0.1959436982870102,0.6589218974113464
dd8daf80-3f76-49d1-8067-96d495c7e668,c9bcc43a-9701-4fce-ad80-923ae62dbd44,1761218694957187951,0.986099,0.310898,-2.019882,-0.008789,-0.552734,0.852051,-0.026353353999436845,-33.08335841509868,86.80130683969651,0.6964513063430786,-0.20671147108078003,-0.19578510522842407,0.6587060689926147
dd8daf80-3f76-49d1-8067-96d495c7e668,c9bcc43a-9701-4fce-ad80-923ae62dbd44,1761218694965201951,0.860214,0.494003,-1.28746,0.00293,-0.555664,0.847656,-0.0305049527818873,-33.071485497455804,86.82230991477975,0.6963449120521545,-0.2065795511007309,-0.1957799643278122,0.6588614583015442
dd8daf80-3f76-49d1-8067-96d495c7e668,c9bcc43a-9701-4fce-ad80-923ae62dbd44,1761218694975870951,0.921249,0.310898,-1.28746,-0.004395,-0.554688,0.866211,-0.02968186766664978,-33.06091139008302,86.8265276697828,0.6963411569595337,-0.20651282370090485,-0.19572177529335022,0.6589035987854004
dd8daf80-3f76-49d1-8067-96d495c7e668,c9bcc43a-9701-4fce-ad80-923ae62dbd44,1761218694986539951,1.04332,0.188828,-1.16539,-0.014648,-0.560547,0.861328,-0.03030478127375551,-33.048721212636224,86.7864185420993,0.6965926885604858,-0.20650361478328705,-0.19558320939540863,0.6586817502975464
dd8daf80-3f76-49d1-8067-96d495c7e668,c9bcc43a-9701-4fce-ad80-923ae62dbd44,1761218694997208951,1.04332,-0.055313,-0.677109,-0.014648,-0.560059,0.862793,-0.023723455745414266,-33.03990408549827,86.74154482067274,0.6968777179718018,-0.20656436681747437,-0.19541165232658386,0.6584120988845825
dd8daf80-3f76-49d1-8067-96d495c7e668,c9bcc43a-9701-4fce-ad80-923ae62dbd44,1761218695005202951,0.860214,0.005722,-0.738144,0.005371,-0.564941,0.861816,-0.021730753152972748,-33.04163712447311,86.69083088204096,0.697169303894043,-0.20667283236980438,-0.1953180432319641,0.6580970287322998
dd8daf80-3f76-49d1-8067-96d495c7e668,c9bcc43a-9701-4fce-ad80-923ae62dbd44,1761218695013198951,0.495911,0.190735,-0.738144,-0.00293,-0.567383,0.842773,-0.019799947228944702,-33.045652550601275,86.66860297179795,0.6972929835319519,-0.20674623548984528,-0.1952892541885376,0.6579514741897583
dd8daf80-3f76-49d1-8067-96d495c7e668,c9bcc43a-9701-4fce-ad80-923ae62dbd44,1761218695021194951,-0.116348,0.310898,-0.432968,-0.007812,-0.553711,0.855957,-0.014983952805718924,-33.04669489654094,86.63924229543865,0.6974678635597229,-0.2068302482366562,-0.1952129453420639,0.657762348651886
dd8daf80-3f76-49d1-8067-96d495c7e668,c9bcc43a-9701-4fce-ad80-923ae62dbd44,1761218695029190951,-0.116348,0.188828,-0.494003,-0.007812,-0.560059,0.863281,-0.012971410340690102,-33.04657417584985,86.6403448072469,0.697465181350708,-0.2068391889333725,-0.19520199298858643,0.6577656269073486
dd8daf80-3f76-49d1-8067-96d495c7e668,c9bcc43a-9701-4fce-ad80-923ae62dbd44,1761218695039855951,-0.238419,-0.360489,-0.310898,-0.004395,-0.557617,0.859863,-0.0069524513643097795,-33.04650599232905,86.65905625629392,0.6973681449890137,-0.20684143900871277,-0.19519874453544617,0.6578688025474548
dd8daf80-3f76-49d1-8067-96d495c7e668,c9bcc43a-9701-4fce-ad80-923ae62dbd44,1761218695050520951,-0.236511,-0.118256,-0.555038,0.016602,-0.558105,0.851074,-0.00792199838129018,-33.046324361409724,86.62935650215057,0.6975373029708862,-0.20688536763191223,-0.1951499879360199,0.6576900482177734
dd8daf80-3f76-49d1-8067-96d495c7e668,c9bcc43a-9701-4fce-ad80-923ae62dbd44,1761218695061185951,-0.60463,-0.543594,-0.432968,-0.01416,-0.551758,0.863769,-0.003816767769106397,-33.041435922874236,86.65260000085905,0.6974197030067444,-0.20683959126472473,-0.19513890147209167,0.6578324437141418
dd8daf80-3f76-49d1-8067-96d495c7e668,c9bcc43a-9701-4fce-ad80-923ae62dbd44,1761218695069171951,-0.299454,-0.421524,-0.188828,-0.000977,-0.560059,0.872559,-0.00278045169743411,-33.03759048259926,86.65730383807265,0.6974014043807983,-0.20681414008140564,-0.1951190084218979,0.6578657031059265
dd8daf80-3f76-49d1-8067-96d495c7e668,c9bcc43a-9701-4fce-ad80-923ae62dbd44,1761218695077158951,-0.541687,0.190735,-0.188828,0.004395,-0.561523,0.850586,-0.003768945255583492,-33.038263946235595,86.62747517004395,0.697569727897644,-0.20686334371566772,-0.19507504999637604,0.6576848030090332
dd8daf80-3f76-49d1-8067-96d495c7e668,c9bcc43a-9701-4fce-ad80-923ae62dbd44,1761218695085145951,-0.543594,0.005722,-0.494003,-0.001953,-0.564941,0.864258,-0.0028573728021183673,-33.04144067915314,86.59972036547255,0.6977248191833496,-0.20693513751029968,-0.1950376182794571,0.6575088500976562
dd8daf80-3f76-49d1-8067-96d495c7e668,c9bcc43a-9701-4fce-ad80-923ae62dbd44,1761218695093132951,-0.663757,0.06485,-0.432968,-0.01416,-0.554688,0.861328,0.002338041636847169,-33.04080124298657,86.57754645179496,0.6978620290756226,-0.206998810172081,-0.1949622631072998,0.6573654413223267
dd8daf80-3f76-49d1-8067-96d495c7e668,c9bcc43a-9701-4fce-ad80-923ae62dbd44,1761218695103825951,-0.724792,-0.301361,-0.310898,0.003418,-0.572266,0.864258,0.0023172844004441446,-33.045623922297565,86.5644566366076,0.6979283690452576,-0.20705032348632812,-0.1949664056301117,0.6572775840759277
dd8daf80-3f76-49d1-8067-96d495c7e668,c9bcc43a-9701-4fce-ad80-923ae62dbd44,1761218695114518951,-0.909805,-0.360489,-0.066757,-0.009277,-0.574707,0.858398,0.005957927940547001,-33.0493065671071,86.54826799431274,0.6980207562446594,-0.20712117850780487,-0.1949360966682434,0.6571661233901978
dd8daf80-3f76-49d1-8067-96d495c7e668,c9bcc43a-9701-4fce-ad80-923ae62dbd44,1761218695133204951,-0.907898,-0.789642,0.421524,-0.01123,-0.569824,0.85498,0.015229168625997816,-33.07314736832889,86.57458075846615,0.697842538356781,-0.20727477967739105,-0.19506394863128662,0.6572690010070801
dd8daf80-3f76-49d1-8067-96d495c7e668,c9bcc43a-9701-4fce-ad80-923ae62dbd44,1761218695141197951,-0.846863,-0.606537,0.60463,-0.006836,-0.571777,0.861816,0.016748194441655446,-33.08422725072424,86.60075949103549,0.6976749300956726,-0.207306370139122,-0.19516561925411224,0.6574068069458008
dd8daf80-3f76-49d1-8067-96d495c7e668,c9bcc43a-9701-4fce-ad80-923ae62dbd44,1761218695149190951,-1.214981,-0.543594,0.84877,0.005371,-0.564941,0.860352,0.016531907189464765,-33.09498913856123,86.58880407945342,0.6977236866950989,-0.20739103853702545,-0.19520704448223114,0.6573159694671631
dd8daf80-3f76-49d1-8067-96d495c7e668,c9bcc43a-9701-4fce-ad80-923ae62dbd44,1761218695157183951,-0.663757,-0.606537,1.398087,-0.000977,-0.58252,0.855469,0.018788465928399802,-33.10842377588229,86.58663130279548,0.697715699672699,-0.20748946070671082,-0.19526644051074982,0.6572757959365845
dd8daf80-3f76-49d1-8067-96d495c7e668,c9bcc43a-9701-4fce-ad80-923ae62dbd44,1761218695165187951,-0.541687,-0.789642,1.276016,0.006348,-0.568848,0.859863,0.016687577294700252,-33.11888418279627,86.59427322652571,0.697649359703064,-0.20752808451652527,-0.19535307586193085,0.6573082208633423
dd8daf80-3f76-49d1-8067-96d495c7e668,c9bcc43a-9701-4fce-ad80-923ae62dbd44,1761218695173191951,-0.60463,-0.421524,1.703262,-0.003418,-0.581543,0.87207,0.02372573961163244,-33.12728685628737,86.61058916368415,0.6975525617599487,-0.20759178698062897,-0.19538798928260803,0.6573804616928101
dd8daf80-3f76-49d1-8067-96d495c7e668,c9bcc43a-9701-4fce-ad80-923ae62dbd44,1761218695181195951,-0.299454,-0.665665,1.642227,-0.001465,-0.572754,0.858398,0.024933019303805933,-33.133535156254496,86.61936724629696,0.6974929571151733,-0.207621768116951,-0.1954323947429657,0.6574210524559021
dd8daf80-3f76-49d1-8067-96d495c7e668,c9bcc43a-9701-4fce-ad80-923ae62dbd44,1761218695189199951,-0.236511,-0.606537,1.153946,-0.007324,-0.556641,0.85791,0.0272142243899854,-33.135554813927044,86.61562665816862,0.6975146532058716,-0.20765352249145508,-0.19542331993579865,0.6573907136917114
dd8daf80-3f76-49d1-8067-96d495c7e668,c9bcc43a-9701-4fce-ad80-923ae62dbd44,1761218695199859951,0.371933,-0.543594,0.97084,-0.000977,-0.561035,0.854492,0.025367555369329515,-33.13696634811783,86.59316452697037,0.6976377964019775,-0.20768983662128448,-0.19540195167064667,0.6572548747062683
dd8daf80-3f76-49d1-8067-96d495c7e668,c9bcc43a-9701-4fce-ad80-923ae62dbd44,1761218695210519951,0.371933,-0.177383,0.7267,-0.000488,-0.576172,0.853516,0.022402884267038962,-33.1445677746104,86.56248580335217,0.6977949142456055,-0.207771435379982,-0.19540798664093018,0.657060444355011
dd8daf80-3f76-49d1-8067-96d495c7e668,c9bcc43a-9701-4fce-ad80-923ae62dbd44,1761218695221179951,-0.055313,-0.177383,0.787735,0.0,-0.574219,0.861816,0.020086852308168292,-33.14915057744673,86.52297182477977,0.698009192943573,-0.20785343647003174,-0.1953767091035843,0.6568161845207214
dd8daf80-3f76-49d1-8067-96d495c7e668,c9bcc43a-9701-4fce-ad80-923ae62dbd44,1761218695231852951,-0.053406,-0.240326,0.055313,0.005371,-0.562012,0.859863,0.015893100200604256,-33.150146277955976,86.51471232358173,0.6980475783348083,-0.20784954726696014,-0.19539298117160797,0.6567717790603638
dd8daf80-3f76-49d1-8067-96d495c7e668,c9bcc43a-9701-4fce-ad80-923ae62dbd44,1761218695242526951,0.127792,-0.177383,-0.432968,-0.005859,-0.574219,0.862793,0.016658874962086005,-33.15350401269393,86.55580262259615,0.697807252407074,-0.20780429244041443,-0.19548209011554718,0.6570149660110474
dd8daf80-3f76-49d1-8067-96d495c7e668,c9bcc43a-9701-4fce-ad80-923ae62dbd44,1761218695253200951,0.066757,-0.177383,-0.616074,-0.004883,-0.568848,0.86084,0.018044705121160135,-33.15264359249208,86.5280608208036,0.6979702115058899,-0.20785433053970337,-0.19541840255260468,0.6568449139595032
dd8daf80-3f76-49d1-8067-96d495c7e668,c9bcc43a-9701-4fce-ad80-923ae62dbd44,1761218695263888951,0.249863,-0.482559,-0.799179,-0.011719,-0.564941,0.861328,0.01817932150858593,-33.161066549349556,86.47361762778175,0.6982671618461609,-0.20799924433231354,-0.19536706805229187,0.6564986109733582
dd8daf80-3f76-49d1-8067-96d495c7e668,c9bcc43a-9701-4fce-ad80-923ae62dbd44,1761218695274577951,0.495911,-0.728607,-0.677109,-0.018555,-0.573242,0.853516,0.025617420966870173,-33.16522010540713,86.43548341361654,0.6984907388687134,-0.20813214778900146,-0.19527629017829895,0.6562456488609314
dd8daf80-3f76-49d1-8067-96d495c7e668,c9bcc43a-9701-4fce-ad80-923ae62dbd44,1761218695285266951,0.066757,-0.909805,-0.921249,-0.001953,-0.561523,0.865723,0.02982937514636337,-33.1686612808591,86.39778526537538,0.6987075209617615,-0.20824149250984192,-0.1952018290758133,0.6560022234916687
dd8daf80-3f76-49d1-8067-96d495c7e668,c9bcc43a-9701-4fce-ad80-923ae62dbd44,1761218695293252951,-0.175476,-0.968933,-0.494003,0.008789,-0.576172,0.861816,0.03097610898970369,-33.17126444362982,86.36493624995393,0.6988927721977234,-0.20831987261772156,-0.19515003263950348,0.6557953953742981
dd8daf80-3f76-49d1-8067-96d495c7e668,c9bcc43a-9701-4fce-ad80-923ae62dbd44,1761218695301236951,-0.175476,-0.606537,-0.249863,-0.006836,-0.567871,0.861816,0.03427188992223671,-33.170485261645226,86.34326940473078,0.6990237832069397,-0.2083708643913269,-0.19508607685565948,0.6556586027145386
dd8daf80-3f76-49d1-8067-96d495c7e668,c9bcc43a-9701-4fce-ad80-923ae62dbd44,1761218695309220951,0.066757,-0.543594,0.055313,-0.019043,-0.567871,0.859863,0.04259103797379693,-33.174010851987454,86.33826111525251,0.6990602016448975,-0.20844848453998566,-0.19504639506340027,0.6556069254875183
dd8daf80-3f76-49d1-8067-96d495c7e668,c9bcc43a-9701-4fce-ad80-923ae62dbd44,1761218695317204951,0.127792,-0.84877,0.177383,0.003906,-0.577148,0.859375,0.04074904333975028,-33.17873673423119,86.3155415987119,0.6991784572601318,-0.20850545167922974,-0.19504334032535553,0.6554635763168335
dd8daf80-3f76-49d1-8067-96d495c7e668,c9bcc43a-9701-4fce-ad80-923ae62dbd44,1761218695327872951,0.190735,0.06485,0.299454,-0.001465,-0.565918,0.865234,0.04169122539227304,-33.17602390545966,86.32345618297889,0.6991397142410278,-0.2084808051586151,-0.19503647089004517,0.6555148363113403
dd8daf80-3f76-49d1-8067-96d495c7e668,c9bcc43a-9701-4fce-ad80-923ae62dbd44,1761218695338540951,0.434875,-0.118256,0.360489,-0.010742,-0.568359,0.87793,0.04389523456487351,-33.175014667778285,86.37604819211495,0.6988443732261658,-0.2083977460861206,-0.1951129138469696,0.6558333039283752
dd8daf80-3f76-49d1-8067-96d495c7e668,c9bcc43a-9701-4fce-ad80-923ae62dbd44,1761218695349208951,0.680923,-0.055313,0.360489,-0.000488,-0.566406,0.863769,0.04241635765992302,-33.176571733304215,86.37090718056892,0.698868453502655,-0.20840752124786377,-0.19512149691581726,0.6558020114898682
dd8daf80-3f76-49d1-8067-96d495c7e668,c9bcc43a-9701-4fce-ad80-923ae62dbd44,1761218695359880951,0.434875,0.190735,0.055313,0.000977,-0.5625,0.865234,0.0451589817908746,-33.18003688073235,86.36171921484666,0.698919415473938,-0.2084599882364273,-0.19510789215564728,0.6557350754737854
dd8daf80-3f76-49d1-8067-96d495c7e668,c9bcc43a-9701-4fce-ad80-923ae62dbd44,1761218695370550951,0.923157,0.247955,0.177383,-0.000488,-0.567871,0.866699,0.042794087701914854,-33.17962959467051,86.3431127411693,0.6990225911140442,-0.20847566425800323,-0.19508613646030426,0.6556265354156494
dd8daf80-3f76-49d1-8067-96d495c7e668,c9bcc43a-9701-4fce-ad80-923ae62dbd44,1761218695381220951,0.679016,0.190735,-0.188828,0.00293,-0.566895,0.857422,0.0375439719967939,-33.179837637873526,86.30177478449546,0.6992497444152832,-0.20851726830005646,-0.19504414498806,0.6553835272789001
dd8daf80-3f76-49d1-8067-96d495c7e668,c9bcc43a-9701-4fce-ad80-923ae62dbd44,1761218695389202951,0.862122,-0.301361,-0.249863,0.013184,-0.558594,0.865234,0.03560074735252177,-33.1784791038165,86.25180104633363,0.6995346546173096,-0.20858290791511536,-0.19495728611946106,0.6550843715667725
dd8daf80-3f76-49d1-8067-96d495c7e668,c9bcc43a-9701-4fce-ad80-923ae62dbd44,1761218695397184951,1.04332,-0.238419,-0.494003,0.006836,-0.562988,0.866699,0.03594647323615924,-33.180792255970765,86.25106461744217,0.6995352506637573,-0.208600252866745,-0.19496706128120422,0.6550753116607666
dd8daf80-3f76-49d1-8067-96d495c7e668,c9bcc43a-9701-4fce-ad80-923ae62dbd44,1761218695405166951,0.984192,-0.423431,-0.555038,-0.004395,-0.557129,0.863281,0.03629996125353926,-33.180448999422715,86.32074939813438,0.6991379857063293,-0.2084815800189972,-0.19508975744247437,0.6555005311965942
dd8daf80-3f76-49d1-8067-96d495c7e668,c9bcc43a-9701-4fce-ad80-923ae62dbd44,1761218695413148951,0.860214,-0.360489,-0.738144,-0.001953,-0.568848,0.855957,0.03324811610960319,-33.18151571294839,86.30045324896155,0.6992469429969788,-0.20850518345832825,-0.1950775533914566,0.6553804278373718
dd8daf80-3f76-49d1-8067-96d495c7e668,c9bcc43a-9701-4fce-ad80-923ae62dbd44,1761218695423826951,1.167297,-0.240326,-0.555038,0.005859,-0.558105,0.859375,0.028278576086610403,-33.17763814478669,86.29342090450794,0.6992857456207275,-0.2084650695323944,-0.19507290422916412,0.6553531885147095
dd8daf80-3f76-49d1-8067-96d495c7e668,c9bcc43a-9701-4fce-ad80-923ae62dbd44,1761218695434504951,0.740051,-0.118256,-0.982285,0.006836,-0.561035,0.850098,0.027927230524506873,-33.17767570468865,86.33261955680261,0.69906085729599,-0.2083965688943863,-0.1951465606689453,0.6555928587913513
dd8daf80-3f76-49d1-8067-96d495c7e668,c9bcc43a-9701-4fce-ad80-923ae62dbd44,1761218695445182951,0.555038,0.005722,-0.555038,0.002441,-0.574219,0.851562,0.0220076866881398,-33.17896596013751,86.34597043319403,0.6989720463752747,-0.20834781229496002,-0.19521433115005493,0.6556829214096069
dd8daf80-3f76-49d1-8067-96d495c7e668,c9bcc43a-9701-4fce-ad80-923ae62dbd44,1761218695455853951,0.495911,-0.05722,-0.677109,-0.000488,-0.566406,0.865234,0.022292323888224354,-33.182008964540714,86.32319014843749,0.6990973353385925,-0.20840682089328766,-0.19518858194351196,0.6555382013320923
dd8daf80-3f76-49d1-8067-96d495c7e668,c9bcc43a-9701-4fce-ad80-923ae62dbd44,1761218695466526951,0.555038,0.066757,-0.432968,-0.001953,-0.563965,0.863769,0.02602664396997839,-33.178016448205184,86.31507745087654,0.6991573572158813,-0.2084176242351532,-0.1951282024383545,0.6554887890815735
dd8daf80-3f76-49d1-8067-96d495c7e668,c9bcc43a-9701-4fce-ad80-923ae62dbd44,1761218695477199951,0.679016,0.370026,-0.310898,-0.000977,-0.561523,0.858887,0.025951046571420402,-33.17787239710886,86.31025500976827,0.6991850733757019,-0.20842453837394714,-0.19511906802654266,0.6554597020149231
dd8daf80-3f76-49d1-8067-96d495c7e668,c9bcc43a-9701-4fce-ad80-923ae62dbd44,1761218695485276951,1.167297,0.190735,-0.127792,-0.001465,-0.561523,0.844238,0.026258134157784652,-33.18123158790129,86.29458580891263,0.6992691159248352,-0.20847345888614655,-0.19510790705680847,0.655357837677002
dd8daf80-3f76-49d1-8067-96d495c7e668,c9bcc43a-9701-4fce-ad80-923ae62dbd44,1761218695493354951,0.984192,0.190735,-0.066757,0.005859,-0.571289,0.864258,0.028567782481981014,-33.1821811781317,86.29253291610367,0.6992830634117126,-0.20849595963954926,-0.1950955092906952,0.6553394794464111
dd8daf80-3f76-49d1-8067-96d495c7e668,c9bcc43a-9701-4fce-ad80-923ae62dbd44,1761218695501432951,1.167297,0.247955,0.055313,0.004883,-0.575195,0.860352,0.025949886192368946,-33.187362681224485,86.30778245879164,0.6991819739341736,-0.2084866464138031,-0.1951688677072525,0.655428409576416
dd8daf80-3f76-49d1-8067-96d495c7e668,c9bcc43a-9701-4fce-ad80-923ae62dbd44,1761218695509510951,0.860214,0.371933,-0.066757,-0.009277,-0.546875,0.868164,0.028653160857121027,-33.18466125528969,86.31503083359075,0.699150025844574,-0.20847328007221222,-0.19515010714530945,0.6554723381996155
dd8daf80-3f76-49d1-8067-96d495c7e668,c9bcc43a-9701-4fce-ad80-923ae62dbd44,1761218695520103951,0.555038,0.310898,-0.127792,-0.001953,-0.554688,0.856934,0.02793216692640202,-33.18335379702053,86.30364357728948,0.6992163062095642,-0.208480566740036,-0.19512630999088287,0.6554064154624939
dd8daf80-3f76-49d1-8067-96d495c7e668,c9bcc43a-9701-4fce-ad80-923ae62dbd44,1761218695530696951,0.432968,0.127792,-0.310898,0.004883,-0.55127,0.854492,0.02934908273507429,-33.18137677119991,86.27606229312197,0.6993800401687622,-0.20852357149124146,-0.19505617022514343,0.6552388668060303
dd8daf80-3f76-49d1-8067-96d495c7e668,c9bcc43a-9701-4fce-ad80-923ae62dbd44,1761218695541289951,0.249863,0.127792,-0.188828,0.005371,-0.570312,0.859863,0.030254466179314946,-33.18466720352241,86.26405922173676,0.6994442343711853,-0.2085692435503006,-0.19504761695861816,0.6551584005355835
dd8daf80-3f76-49d1-8067-96d495c7e668,c9bcc43a-9701-4fce-ad80-923ae62dbd44,1761218695549257951,0.312805,0.06485,-0.066757,-0.010742,-0.556152,0.84668,0.0334358621298198,-33.18615891971793,86.27902201630835,0.6993613839149475,-0.20857109129428864,-0.19506396353244781,0.6552413105964661
dd8daf80-3f76-49d1-8067-96d495c7e668,c9bcc43a-9701-4fce-ad80-923ae62dbd44,1761218695557225951,-0.238419,-0.177383,-0.494003,0.004883,-0.556152,0.863769,0.03102951990186267,-33.18634420863363,86.28789954148844,0.6993061900138855,-0.2085433155298233,-0.19509586691856384,0.6552996635437012
dd8daf80-3f76-49d1-8067-96d495c7e668,c9bcc43a-9701-4fce-ad80-923ae62dbd44,1761218695565193951,-0.238419,0.127792,-0.066757,0.002441,-0.556641,0.856934,0.03242459100301026,-33.18610818041223,86.2992808454657,0.6992439031600952,-0.2085305005311966,-0.19510671496391296,0.6553668975830078
dd8daf80-3f76-49d1-8067-96d495c7e668,c9bcc43a-9701-4fce-ad80-923ae62dbd44,1761218695573161951,-0.60463,0.066757,-0.249863,-0.004395,-0.567383,0.859375,0.03495058633396254,-33.187331287616765,86.31257727553047,0.699169933795929,-0.2085297703742981,-0.19512249529361725,0.6554413437843323
dd8daf80-3f76-49d1-8067-96d495c7e668,c9bcc43a-9701-4fce-ad80-923ae62dbd44,1761218695583861951,-0.478745,0.127792,-0.494003,-0.004883,-0.5625,0.864746,0.036575301856869295,-33.188105371143074,86.30322754394253,0.6992247700691223,-0.20855970680713654,-0.19509999454021454,0.6553800106048584
dd8daf80-3f76-49d1-8067-96d495c7e668,c9bcc43a-9701-4fce-ad80-923ae62dbd44,1761218695594561951,-0.846863,0.06485,-0.249863,0.0,-0.553223,0.850586,0.03654667332219089,-33.19033819371924,86.2612210056354,0.6994608640670776,-0.20864467322826385,-0.19503647089004517,0.6551198959350586
dd8daf80-3f76-49d1-8067-96d495c7e668,c9bcc43a-9701-4fce-ad80-923ae62dbd44,1761218695605261951,-0.787735,0.188828,-0.432968,0.000977,-0.566895,0.85498,0.03336196128745591,-33.19147293545141,86.28616153714009,0.6993107795715332,-0.20859092473983765,-0.19510780274868011,0.6552760004997253
dd8daf80-3f76-49d1-8067-96d495c7e668,c9bcc43a-9701-4fce-ad80-923ae62dbd44,1761218695613247951,-0.724792,0.247955,-0.616074,0.007324,-0.57373,0.862793,0.0336063360395774,-33.196525875517914,86.24091315818788,0.6995607018470764,-0.20870019495487213,-0.19505281746387482,0.6549907326698303
dd8daf80-3f76-49d1-8067-96d495c7e668,c9bcc43a-9701-4fce-ad80-923ae62dbd44,1761218695621233951,-0.907898,0.370026,-0.616074,0.012695,-0.571289,0.865234,0.03244987731506966,-33.1970118554157,86.24199934615079,0.6995516419410706,-0.2086946964263916,-0.19506463408470154,0.6549986600875854
dd8daf80-3f76-49d1-8067-96d495c7e668,c9bcc43a-9701-4fce-ad80-923ae62dbd44,1761218695629219951,-0.480652,0.190735,-0.555038,0.001953,-0.58252,0.865723,0.03534680026523128,-33.19877710585496,86.2383064155874,0.6995744705200195,-0.20872832834720612,-0.19505031406879425,0.6549677848815918
dd8daf80-3f76-49d1-8067-96d495c7e668,c9bcc43a-9701-4fce-ad80-923ae62dbd44,1761218695637205951,-0.238419,0.127792,-0.799179,-0.003906,-0.565918,0.870605,0.036708867831704614,-33.19841883656169,86.2146299177202,0.6997127532958984,-0.20877420902252197,-0.19499681890010834,0.6548213958740234
dd8daf80-3f76-49d1-8067-96d495c7e668,c9bcc43a-9701-4fce-ad80-923ae62dbd44,1761218695647844951,-0.236511,0.370026,-0.738144,-0.007324,-0.569824,0.862305,0.039454859753783794,-33.19864727064202,86.19775622471273,0.6998134255409241,-0.20882000029087067,-0.19495061039924622,0.654712975025177
dd8daf80-3f76-49d1-8067-96d495c7e668,c9bcc43a-9701-4fce-ad80-923ae62dbd44,1761218695658483951,0.066757,0.127792,-1.04332,-0.006836,-0.581543,0.864258,0.04154713070935522,-33.203864805850316,86.19023955160306,0.6998504400253296,-0.2088766098022461,-0.19495394825935364,0.654654324054718
dd8daf80-3f76-49d1-8067-96d495c7e668,c9bcc43a-9701-4fce-ad80-923ae62dbd44,1761218695669122951,-0.114441,0.370026,-0.799179,-0.01123,-0.565918,0.869141,0.047412582794391187,-33.202796298625934,86.20794353894901,0.6997612118721008,-0.20887348055839539,-0.19494429230690002,0.654753565788269
dd8daf80-3f76-49d1-8067-96d495c7e668,c9bcc43a-9701-4fce-ad80-923ae62dbd44,1761218695679802951,0.371933,-0.482559,-0.738144,0.00293,-0.567871,0.869141,0.0433049208637893,-33.20216877183725,86.20489660769675,0.6997727751731873,-0.20885135233402252,-0.19496023654937744,0.6547435522079468
dd8daf80-3f76-49d1-8067-96d495c7e668,c9bcc43a-9701-4fce-ad80-923ae62dbd44,1761218695690483951,0.680923,-0.84877,-0.494003,-0.01416,-0.563477,0.855957,0.0504218970100471,-33.20404953164029,86.18846239551799,0.6998753547668457,-0.20893144607543945,-0.19489756226539612,0.6546270251274109
dd8daf80-3f76-49d1-8067-96d495c7e668,c9bcc43a-9701-4fce-ad80-923ae62dbd44,1761218695701164951,0.192642,-0.97084,-0.127792,-0.009766,-0.563477,0.865234,0.0568485959739529,-33.205365147809054,86.24396941013843,0.6995667219161987,-0.20888178050518036,-0.19496703147888184,0.6549519896507263
dd8daf80-3f76-49d1-8067-96d495c7e668,c9bcc43a-9701-4fce-ad80-923ae62dbd44,1761218695711823951,0.495911,-1.399994,-0.005722,-0.017578,-0.57373,0.858887,0.06325558662443846,-33.20493532231784,86.2878752047399,0.6993274092674255,-0.20884108543395996,-0.19500549137592316,0.6552090048789978
dd8daf80-3f76-49d1-8067-96d495c7e668,c9bcc43a-9701-4fce-ad80-923ae62dbd44,1761218695722484951,0.432968,-1.031876,0.299454,-0.012695,-0.563477,0.863769,0.07071506380094436,-33.2057078315547,86.27516069951493,0.6994113922119141,-0.20891007781028748,-0.1949412077665329,0.6551164984703064
dd8daf80-3f76-49d1-8067-96d495c7e668,c9bcc43a-9701-4fce-ad80-923ae62dbd44,1761218695733145951,0.555038,-1.214981,0.787735,-0.004395,-0.567383,0.861328,0.07266370897177865,-33.20342577100381,86.2465809573336,0.6995822191238403,-0.20895589888095856,-0.1948641538619995,0.6549423933029175
dd8daf80-3f76-49d1-8067-96d495c7e668,c9bcc43a-9701-4fce-ad80-923ae62dbd44,1761218695741163951,0.497818,-1.337051,1.520157,-0.020508,-0.580566,0.858398,0.07644402104040633,-33.20744300056345,86.22031181513941,0.6997314691543579,-0.20904669165611267,-0.19481612741947174,0.6547682285308838
dd8daf80-3f76-49d1-8067-96d495c7e668,c9bcc43a-9701-4fce-ad80-923ae62dbd44,1761218695749182951,0.617981,-1.399994,1.581192,0.000977,-0.582031,0.864258,0.07984432668011361,-33.20674020696456,86.19420266453628,0.6998876929283142,-0.2091062068939209,-0.19474370777606964,0.6546037793159485
dd8daf80-3f76-49d1-8067-96d495c7e668,c9bcc43a-9701-4fce-ad80-923ae62dbd44,1761218695757201951,0.616074,-1.337051,2.069473,-0.000977,-0.567383,0.858887,0.07831245012340339,-33.20651077160565,86.16071797614967,0.7000767588615417,-0.209152951836586,-0.19469064474105835,0.6544024348258972
dd8daf80-3f76-49d1-8067-96d495c7e668,c9bcc43a-9701-4fce-ad80-923ae62dbd44,1761218695765220951,0.25177,-1.766205,2.252579,-0.010254,-0.57373,0.864258,0.08043325506081955,-33.2069471193627,86.24672002111494,0.6995882391929626,-0.20902156829833984,-0.19483710825443268,0.6549230217933655
dd8daf80-3f76-49d1-8067-96d495c7e668,c9bcc43a-9701-4fce-ad80-923ae62dbd44,1761218695776211951,0.434875,-1.583099,2.008438,0.008301,-0.580078,0.863769,0.07510574637554027,-33.21077468732757,86.31579343286006,0.6991773247718811,-0.2088969647884369,-0.195017471909523,0.6553477644920349
dd8daf80-3f76-49d1-8067-96d495c7e668,c9bcc43a-9701-4fce-ad80-923ae62dbd44,1761218695787202951,0.497818,-1.642227,2.008438,-0.004395,-0.577637,0.859863,0.07051118775404085,-33.21055385698817,86.34019454610834,0.699030339717865,-0.20882779359817505,-0.1950887143611908,0.6555054187774658
dd8daf80-3f76-49d1-8067-96d495c7e668,c9bcc43a-9701-4fce-ad80-923ae62dbd44,1761218695798193951,0.555038,-1.520157,2.008438,0.002441,-0.563965,0.854004,0.0644950261884344,-33.20961882383975,86.37059083227172,0.6988478899002075,-0.2087358981370926,-0.195175439119339,0.6557034254074097
dd8daf80-3f76-49d1-8067-96d495c7e668,c9bcc43a-9701-4fce-ad80-923ae62dbd44,1761218695808504951,0.371933,-1.337051,1.703262,0.01123,-0.562988,0.861328,0.053687439019933135,-33.20651606086915,86.40435062981273,0.6986418962478638,-0.20859763026237488,-0.19528505206108093,0.65593421459198
dd8daf80-3f76-49d1-8067-96d495c7e668,c9bcc43a-9701-4fce-ad80-923ae62dbd44,1761218695818815951,0.434875,-1.399994,1.581192,0.020996,-0.577148,0.859375,0.04061932578206003,-33.207546844824,86.37858572867665,0.698765218257904,-0.20857302844524384,-0.19532373547554016,0.655799150466919
dd8daf80-3f76-49d1-8067-96d495c7e668,c9bcc43a-9701-4fce-ad80-923ae62dbd44,1761218695829126951,0.984192,-1.033783,0.97084,0.012207,-0.559082,0.855957,0.02717012347892091,-33.200291507331855,86.34393560961678,0.6989537477493286,-0.2085108906030655,-0.19530117511749268,0.6556246876716614
dd8daf80-3f76-49d1-8067-96d495c7e668,c9bcc43a-9701-4fce-ad80-923ae62dbd44,1761218695839812951,0.556946,-0.789642,0.421524,0.01123,-0.572266,0.861816,0.01958784994013738,-33.201390318591145,86.31590526368429,0.6990991830825806,-0.2085219770669937,-0.19530270993709564,0.6554656624794006
dd8daf80-3f76-49d1-8067-96d495c7e668,c9bcc43a-9701-4fce-ad80-923ae62dbd44,1761218695850499951,0.555038,-0.482559,-0.249863,-0.008301,-0.568359,0.858398,0.017934055968104864,-33.20254541300199,86.3096367719477,0.699130117893219,-0.2085302621126175,-0.19530799984931946,0.655428409576416
dd8daf80-3f76-49d1-8067-96d495c7e668,c9bcc43a-9701-4fce-ad80-923ae62dbd44,1761218695861186951,0.617981,0.06485,-0.494003,0.006348,-0.564453,0.838379,0.012997750616130392,-33.20702700459299,86.33360336459347,0.698976457118988,-0.20848850905895233,-0.19540736079216003,0.6555759310722351
dd8daf80-3f76-49d1-8067-96d495c7e668,c9bcc43a-9701-4fce-ad80-923ae62dbd44,1761218695869168951,0.432968,-0.055313,-0.738144,0.009277,-0.571777,0.864258,0.005994476293206806,-33.209855616070804,86.41845267942716,0.6984737515449524,-0.20832090079784393,-0.1956205666065216,0.6561012268066406
dd8daf80-3f76-49d1-8067-96d495c7e668,c9bcc43a-9701-4fce-ad80-923ae62dbd44,1761218695877150951,0.923157,0.247955,-0.921249,0.003906,-0.575684,0.863281,0.0039266734756859155,-33.21376689093963,86.40419458837023,0.6985447406768799,-0.20835725963115692,-0.19562964141368866,0.6560113430023193
dd8daf80-3f76-49d1-8067-96d495c7e668,c9bcc43a-9701-4fce-ad80-923ae62dbd44,1761218695885132951,0.923157,0.247955,-1.16539,0.008789,-0.561035,0.867676,-0.006930865232280908,-33.20768755887009,86.3689829310866,0.6987388134002686,-0.20831812918186188,-0.19559702277183533,0.6558268666267395
dd8daf80-3f76-49d1-8067-96d495c7e668,c9bcc43a-9701-4fce-ad80-923ae62dbd44,1761218695893114951,0.617981,0.247955,-1.04332,0.005859,-0.564941,0.858887,-0.010462781233546312,-33.205876973745525,86.34585095692547,0.698868453502655,-0.20832635462284088,-0.19556614756584167,0.6556953191757202
dd8daf80-3f76-49d1-8067-96d495c7e668,c9bcc43a-9701-4fce-ad80-923ae62dbd44,1761218695903840951,0.680923,-0.055313,-0.921249,0.001465,-0.553223,0.85791,-0.01404655990671178,-33.202843885974076,86.31758645196564,0.6990295648574829,-0.20833559334278107,-0.19551926851272583,0.655534565448761
dd8daf80-3f76-49d1-8067-96d495c7e668,c9bcc43a-9701-4fce-ad80-923ae62dbd44,1761218695914566951,0.617981,0.247955,-1.470566,-0.010254,-0.563965,0.861816,-0.01653126097516366,-33.20039445207134,86.30054620482568,0.6991272568702698,-0.2083355039358139,-0.19548943638801575,0.6554393172264099
dd8daf80-3f76-49d1-8067-96d495c7e668,c9bcc43a-9701-4fce-ad80-923ae62dbd44,1761218695925292951,0.801086,-0.175476,-0.799179,0.004883,-0.557129,0.859863,-0.01892592642521774,-33.19806786174006,86.30654291003559,0.6990931034088135,-0.20829738676548004,-0.1955016404390335,0.6554841995239258
dd8daf80-3f76-49d1-8067-96d495c7e668,c9bcc43a-9701-4fce-ad80-923ae62dbd44,1761218695935956951,0.192642,-0.482559,-0.371933,0.002441,-0.556152,0.856445,-0.017772379333779318,-33.19989333587545,86.31370412848902,0.699050784111023,-0.20830291509628296,-0.19551806151866913,0.6555226445198059
dd8daf80-3f76-49d1-8067-96d495c7e668,c9bcc43a-9701-4fce-ad80-923ae62dbd44,1761218695946618951,0.495911,-0.240326,-0.066757,0.006836,-0.570312,0.847168,-0.017012499483319222,-33.20513861768295,86.31861852955133,0.69901442527771,-0.20833085477352142,-0.19555236399173737,0.6555423736572266
dd8daf80-3f76-49d1-8067-96d495c7e668,c9bcc43a-9701-4fce-ad80-923ae62dbd44,1761218695957280951,0.371933,-0.238419,0.177383,-0.012207,-0.571777,0.856445,-0.014221862807798092,-33.20852048428105,86.28092139841863,0.6992286443710327,-0.20843178033828735,-0.1954861283302307,0.6553015112876892
dd8daf80-3f76-49d1-8067-96d495c7e668,c9bcc43a-9701-4fce-ad80-923ae62dbd44,1761218695965253951,0.068665,-0.301361,0.238419,0.003906,-0.571289,0.863769,-0.010231472723057375,-33.21488571950122,86.33598195462135,0.6989089250564575,-0.2083994746208191,-0.19559833407402039,0.6556193232536316
dd8daf80-3f76-49d1-8067-96d495c7e668,c9bcc43a-9701-4fce-ad80-923ae62dbd44,1761218695973226951,0.25177,0.06485,0.238419,-0.009766,-0.563477,0.861816,-0.006990733374626985,-33.21397033287154,86.34025021157261,0.6988916993141174,-0.20840516686439514,-0.1955810934305191,0.6556409597396851
dd8daf80-3f76-49d1-8067-96d495c7e668,c9bcc43a-9701-4fce-ad80-923ae62dbd44,1761218695981199951,0.312805,0.007629,0.482559,0.001953,-0.567871,0.877441,-0.010088792225651386,-33.21436343185643,86.33095040034802,0.6989389061927795,-0.20840568840503693,-0.19558532536029816,0.6555892825126648
dd8daf80-3f76-49d1-8067-96d495c7e668,c9bcc43a-9701-4fce-ad80-923ae62dbd44,1761218695989172951,0.495911,-0.423431,0.60463,0.004395,-0.569336,0.866699,-0.011148221114008308,-33.21474213208939,86.3184067063119,0.6990081667900085,-0.20842336118221283,-0.1955711394548416,0.6555140018463135
dd8daf80-3f76-49d1-8067-96d495c7e668,c9bcc43a-9701-4fce-ad80-923ae62dbd44,1761218695999851951,0.432968,-0.543594,0.543594,0.006836,-0.570312,0.862305,-0.01056308429081235,-33.21568189862834,86.31115498880787,0.6990489363670349,-0.20844481885433197,-0.19555975496768951,0.6554670929908752
dd8daf80-3f76-49d1-8067-96d495c7e668,c9bcc43a-9701-4fce-ad80-923ae62dbd44,1761218696010530951,0.801086,-0.606537,0.177383,0.005371,-0.569824,0.865234,-0.013132719216272733,-33.217081185765295,86.30867197563515,0.6990562081336975,-0.20844288170337677,-0.1955789178609848,0.6554542779922485
dd8daf80-3f76-49d1-8067-96d495c7e668,c9bcc43a-9701-4fce-ad80-923ae62dbd44,1761218696021209951,0.860214,-0.665665,0.421524,-0.009277,-0.566406,0.868652,-0.014144234865998513,-33.209403474522695,86.280413203245,0.6992300748825073,-0.20843848586082458,-0.1954897791147232,0.6552967429161072
dd8daf80-3f76-49d1-8067-96d495c7e668,c9bcc43a-9701-4fce-ad80-923ae62dbd44,1761218696031864951,1.289368,-1.399994,0.299454,-0.019043,-0.558105,0.867676,-0.01403539590663935,-33.20280619934575,86.27388431111076,0.6992796063423157,-0.20840996503829956,-0.19543951749801636,0.6552680134773254
dd8daf80-3f76-49d1-8067-96d495c7e668,c9bcc43a-9701-4fce-ad80-923ae62dbd44,1761218696042520951,1.228333,-1.277924,0.055313,-0.003906,-0.561523,0.870117,-0.027348048154650934,-33.18967068779666,86.30136748428077,0.6991236209869385,-0.20820678770542145,-0.1954955905675888,0.655482292175293
dd8daf80-3f76-49d1-8067-96d495c7e668,c9bcc43a-9701-4fce-ad80-923ae62dbd44,1761218696053176951,1.289368,-1.216888,0.360489,0.009277,-0.563477,0.873535,-0.040690757068594284,-33.178630142885744,86.26244535718651,0.6993435621261597,-0.20812949538230896,-0.19544316828250885,0.6552878022193909
dd8daf80-3f76-49d1-8067-96d495c7e668,c9bcc43a-9701-4fce-ad80-923ae62dbd44,1761218696061221951,1.169205,-1.459122,0.116348,0.000488,-0.567383,0.858398,-0.06307281870797862,-33.157637412438305,86.30679882331187,0.6990898847579956,-0.20779767632484436,-0.195540189743042,0.6556347608566284
dd8daf80-3f76-49d1-8067-96d495c7e668,c9bcc43a-9701-4fce-ad80-923ae62dbd44,1761218696069265951,1.167297,-1.277924,0.299454,-0.001953,-0.565918,0.863769,-0.06993969538274951,-33.147307323693695,86.33799150846522,0.6989184617996216,-0.2076421082019806,-0.19557952880859375,0.6558550596237183
dd8daf80-3f76-49d1-8067-96d495c7e668,c9bcc43a-9701-4fce-ad80-923ae62dbd44,1761218696077309951,0.801086,-1.216888,0.360489,-0.005859,-0.55957,0.863769,-0.07937531308493177,-33.13781292874693,86.33679993834403,0.6989264488220215,-0.20753219723701477,-0.1955806016921997,0.6558810472488403
dd8daf80-3f76-49d1-8067-96d495c7e668,c9bcc43a-9701-4fce-ad80-923ae62dbd44,1761218696085353951,0.860214,-0.97084,0.238419,0.003906,-0.572754,0.852051,-0.08078128408290189,-33.13993214457256,86.31838708591285,0.699025571346283,-0.20756852626800537,-0.19556795060634613,0.6557676196098328
dd8daf80-3f76-49d1-8067-96d495c7e668,c9bcc43a-9701-4fce-ad80-923ae62dbd44,1761218696096030951,0.740051,-0.789642,0.055313,0.012207,-0.561035,0.854004,-0.08520304964378068,-33.1418404439719,86.29132580582377,0.699169397354126,-0.20760104060173035,-0.19555681943893433,0.6556073427200317
dd8daf80-3f76-49d1-8067-96d495c7e668,c9bcc43a-9701-4fce-ad80-923ae62dbd44,1761218696106707951,0.860214,-0.543594,0.177383,0.007813,-0.564453,0.871582,-0.0866837105028816,-33.14138045045538,86.25805198729088,0.6993580460548401,-0.20764654874801636,-0.19550293684005737,0.655407726764679
dd8daf80-3f76-49d1-8067-96d495c7e668,c9bcc43a-9701-4fce-ad80-923ae62dbd44,1761218696117384951,1.04332,-0.360489,0.116348,-0.000977,-0.566895,0.862793,-0.08512599820078441,-33.141263759035255,86.22696251193452,0.6995387077331543,-0.20770776271820068,-0.19543641805648804,0.6552153825759888
dd8daf80-3f76-49d1-8067-96d495c7e668,c9bcc43a-9701-4fce-ad80-923ae62dbd44,1761218696127968951,0.921249,-0.482559,0.299454,0.005859,-0.558105,0.873047,-0.08710829286050822,-33.139218551687385,86.23500680287381,0.6994930505752563,-0.20767024159431458,-0.19545140862464905,0.6552714705467224
dd8daf80-3f76-49d1-8067-96d495c7e668,c9bcc43a-9701-4fce-ad80-923ae62dbd44,1761218696138552951,0.923157,-0.301361,0.421524,0.001953,-0.566406,0.86084,-0.0851706464209427,-33.13875992592409,86.30378462952322,0.6991037726402283,-0.2075611799955368,-0.19556157290935516,0.655688464641571
dd8daf80-3f76-49d1-8067-96d495c7e668,c9bcc43a-9701-4fce-ad80-923ae62dbd44,1761218696149136951,0.801086,-0.175476,0.177383,0.0,-0.572266,0.86084,-0.08577517465453798,-33.14195240925185,86.33283577507947,0.6989306807518005,-0.20752760767936707,-0.19563613831996918,0.6558613777160645
dd8daf80-3f76-49d1-8067-96d495c7e668,c9bcc43a-9701-4fce-ad80-923ae62dbd44,1761218696159836951,0.680923,0.005722,0.543594,-0.001465,-0.555176,0.875977,-0.08796166847498645,-33.13661892484893,86.31026854876376,0.6990658044815063,-0.20752106606960297,-0.19557809829711914,0.6557367444038391
dd8daf80-3f76-49d1-8067-96d495c7e668,c9bcc43a-9701-4fce-ad80-923ae62dbd44,1761218696170536951,0.555038,0.005722,0.665665,0.0,-0.569336,0.865234,-0.08878783885206433,-33.13630314685921,86.30709180722415,0.699083149433136,-0.20751981437206268,-0.19557558000087738,0.6557194590568542
dd8daf80-3f76-49d1-8067-96d495c7e668,c9bcc43a-9701-4fce-ad80-923ae62dbd44,1761218696181236951,0.495911,0.247955,0.421524,0.00293,-0.563477,0.868164,-0.08948959685435301,-33.1370985496679,86.2827833139101,0.6992195844650269,-0.2075621634721756,-0.1955403834581375,0.6555709838867188
dd8daf80-3f76-49d1-8067-96d495c7e668,c9bcc43a-9701-4fce-ad80-923ae62dbd44,1761218696191895951,0.371933,0.494003,0.360489,-0.004883,-0.557129,0.861816,-0.08967004658898564,-33.138138207666486,86.25302455080221,0.6993876099586487,-0.20761823654174805,-0.19549351930618286,0.6553879976272583
dd8daf80-3f76-49d1-8067-96d495c7e668,c9bcc43a-9701-4fce-ad80-923ae62dbd44,1761218696202554951,0.371933,0.249863,0.238419,0.008789,-0.554199,0.85791,-0.09175311647657221,-33.13784416040657,86.24191823433182,0.6994481086730957,-0.20762348175048828,-0.19548442959785461,0.6553244590759277
dd8daf80-3f76-49d1-8067-96d495c7e668,c9bcc43a-9701-4fce-ad80-923ae62dbd44,1761218696213213951,0.249863,0.799179,0.055313,0.01416,-0.566406,0.864746,-0.09571822703281581,-33.137781550877335,86.25883709018277,0.6993446946144104,-0.20757155120372772,-0.19553892314434052,0.6554350256919861
dd8daf80-3f76-49d1-8067-96d495c7e668,c9bcc43a-9701-4fce-ad80-923ae62dbd44,1761218696221215951,0.192642,0.677109,0.238419,0.000977,-0.575195,0.855469,-0.096997165910687,-33.14501259993258,86.22658406864215,0.6995137929916382,-0.2076634168624878,-0.19552962481975555,0.6552282571792603
dd8daf80-3f76-49d1-8067-96d495c7e668,c9bcc43a-9701-4fce-ad80-923ae62dbd44,1761218696229218951,0.009537,0.799179,-0.127792,0.010742,-0.561035,0.853027,-0.1002924786087598,-33.14746224079442,86.27166669416853,0.6992458701133728,-0.20758259296417236,-0.19564542174339294,0.6555051803588867
dd8daf80-3f76-49d1-8067-96d495c7e668,c9bcc43a-9701-4fce-ad80-923ae62dbd44,1761218696237221951,-0.238419,1.104355,-0.371933,-0.001953,-0.551758,0.863281,-0.10190015218686876,-33.14654804114881,86.29237780526704,0.6991263031959534,-0.20753245055675507,-0.19568751752376556,0.6556360125541687
dd8daf80-3f76-49d1-8067-96d495c7e668,c9bcc43a-9701-4fce-ad80-923ae62dbd44,1761218696245224951,-0.116348,1.226425,-0.371933,-0.004395,-0.564941,0.860352,-0.09786207094278586,-33.15066727944057,86.26034668667491,0.6993089318275452,-0.20763538777828217,-0.19562840461730957,0.6554262638092041
dd8daf80-3f76-49d1-8067-96d495c7e668,c9bcc43a-9701-4fce-ad80-923ae62dbd44,1761218696255898951,-0.358582,1.041412,-0.860214,0.005371,-0.555664,0.864746,-0.09614192522276585,-33.15065999557921,86.25281678261834,0.6993549466133118,-0.207658052444458,-0.19560422003269196,0.6553771495819092
dd8daf80-3f76-49d1-8067-96d495c7e668,c9bcc43a-9701-4fce-ad80-923ae62dbd44,1761218696266572951,-0.053406,1.041412,-1.104355,-0.004883,-0.564453,0.87793,-0.09158676390140445,-33.148752007883985,86.23758667211786,0.6994532942771912,-0.20769844949245453,-0.19553790986537933,0.6552791595458984
dd8daf80-3f76-49d1-8067-96d495c7e668,c9bcc43a-9701-4fce-ad80-923ae62dbd44,1761218696277246951,-0.175476,0.984192,-1.104355,0.003418,-0.575195,0.865234,-0.08938038066595352,-33.152254840460266,86.19818013472309,0.699675977230072,-0.20779967308044434,-0.19547301530838013,0.6550287008285522
dd8daf80-3f76-49d1-8067-96d495c7e668,c9bcc43a-9701-4fce-ad80-923ae62dbd44,1761218696285228951,-0.236511,0.736237,-1.16539,-0.003906,-0.56543,0.86084,-0.08389333023088773,-33.15391322067376,86.17388473046154,0.6998211741447449,-0.2078825980424881,-0.19540491700172424,0.6548675894737244
dd8daf80-3f76-49d1-8067-96d495c7e668,c9bcc43a-9701-4fce-ad80-923ae62dbd44,1761218696293211951,-0.116348,0.921249,-1.16539,-0.014648,-0.566406,0.85791,-0.0787939056479437,-33.157860235295786,86.14529380502923,0.6999860405921936,-0.20798461139202118,-0.19534443318843842,0.6546769738197327
dd8daf80-3f76-49d1-8067-96d495c7e668,c9bcc43a-9701-4fce-ad80-923ae62dbd44,1761218696301194951,0.192642,0.677109,-1.16539,-0.003906,-0.576172,0.867187,-0.07504190135436212,-33.15896983577865,86.17225335803955,0.6998363733291626,-0.2079668641090393,-0.19537678360939026,0.6548329591751099
dd8daf80-3f76-49d1-8067-96d495c7e668,c9bcc43a-9701-4fce-ad80-923ae62dbd44,1761218696309177951,0.007629,0.247955,-0.982285,0.015137,-0.569824,0.87207,-0.076235319512927,-33.15917438127399,86.19685153683373,0.6996933817863464,-0.20791935920715332,-0.19542987644672394,0.6549849510192871
dd8daf80-3f76-49d1-8067-96d495c7e668,c9bcc43a-9701-4fce-ad80-923ae62dbd44,1761218696319852951,0.371933,0.066757,-0.738144,-0.014648,-0.556152,0.862305,-0.07058210842391334,-33.155736879600155,86.19575501968816,0.6997155547142029,-0.2079325169324875,-0.19537372887134552,0.6549739241600037
dd8daf80-3f76-49d1-8067-96d495c7e668,c9bcc43a-9701-4fce-ad80-923ae62dbd44,1761218696330527951,0.495911,-0.05722,-0.249863,-0.021973,-0.560059,0.861816,-0.06370505804289693,-33.15438725976422,86.23812667887957,0.6994875073432922,-0.2078913450241089,-0.1954009085893631,0.6552224159240723
dd8daf80-3f76-49d1-8067-96d495c7e668,c9bcc43a-9701-4fce-ad80-923ae62dbd44,1761218696341202951,0.617981,-0.728607,-0.188828,-0.007812,-0.550781,0.862793,-0.05740480688574588,-33.1513147670636,86.25739986517651,0.699393630027771,-0.20787575840950012,-0.1953798532485962,0.6553338170051575
dd8daf80-3f76-49d1-8067-96d495c7e668,c9bcc43a-9701-4fce-ad80-923ae62dbd44,1761218696351874951,0.923157,-0.423431,0.177383,-0.008301,-0.562988,0.866211,-0.046698201936793735,-33.1468883576814,86.1996985000881,0.6997498273849487,-0.20800825953483582,-0.19518448412418365,0.6549696922302246
dd8daf80-3f76-49d1-8067-96d495c7e668,c9bcc43a-9701-4fce-ad80-923ae62dbd44,1761218696362546951,0.617981,0.007629,0.543594,0.0,-0.568359,0.853027,-0.045452355069895,-33.14947980732032,86.14350059654957,0.7000683546066284,-0.20812691748142242,-0.19508963823318481,0.6546197533607483
dd8daf80-3f76-49d1-8067-96d495c7e668,c9bcc43a-9701-4fce-ad80-923ae62dbd44,1761218696373218951,0.921249,0.310898,0.84877,-0.004395,-0.558105,0.856445,-0.045979790793828426,-33.150098104025155,86.13873245278548,0.7000935673713684,-0.20813581347465515,-0.195087730884552,0.6545904874801636
dd8daf80-3f76-49d1-8067-96d495c7e668,c9bcc43a-9701-4fce-ad80-923ae62dbd44,1761218696383906951,0.249863,0.310898,0.787735,-0.014648,-0.586426,0.866699,-0.03917904898405854,-33.15449189422974,86.13782493432461,0.7001023292541504,-0.2082030475139618,-0.19506962597370148,0.654565155506134
dd8daf80-3f76-49d1-8067-96d495c7e668,c9bcc43a-9701-4fce-ad80-923ae62dbd44,1761218696394594951,0.190735,0.370026,0.909805,-0.009766,-0.560547,0.854492,-0.03559235879686686,-33.156184237988434,86.12532026771129,0.7001767754554749,-0.20825517177581787,-0.19503465294837952,0.6544793248176575
dd8daf80-3f76-49d1-8067-96d495c7e668,c9bcc43a-9701-4fce-ad80-923ae62dbd44,1761218696405282951,-0.053406,0.247955,1.153946,-0.003906,-0.558105,0.861816,-0.03631925722629023,-33.15615935628148,86.14892427793573,0.7000407576560974,-0.20821067690849304,-0.19508184492588043,0.6546249389648438
dd8daf80-3f76-49d1-8067-96d495c7e668,c9bcc43a-9701-4fce-ad80-923ae62dbd44,1761218696415907951,0.371933,0.066757,1.031876,-0.01123,-0.565918,0.873047,-0.03435895948531135,-33.15854292563953,86.14409508197086,0.7000673413276672,-0.2082446664571762,-0.19507470726966858,0.6545878052711487
dd8daf80-3f76-49d1-8067-96d495c7e668,c9bcc43a-9701-4fce-ad80-923ae62dbd44,1761218696426532951,0.068665,-0.118256,1.214981,0.015137,-0.568848,0.867187,-0.036878189755504755,-33.159788656210296,86.14837304374662,0.700036346912384,-0.20823059976100922,-0.19510498642921448,0.6546164155006409
dd8daf80-3f76-49d1-8067-96d495c7e668,c9bcc43a-9701-4fce-ad80-923ae62dbd44,1761218696437157951,0.249863,0.432968,0.909805,0.00293,-0.578125,0.852051,-0.03672195348971433,-33.16439857874985,86.18695735218157,0.6998077630996704,-0.20819395780563354,-0.19520047307014465,0.6548439264297485
dd8daf80-3f76-49d1-8067-96d495c7e668,c9bcc43a-9701-4fce-ad80-923ae62dbd44,1761218696445212951,0.249863,0.005722,0.7267,0.012695,-0.571777,0.866699,-0.04035531961948618,-33.16800099839924,86.18360024943811,0.6998142004013062,-0.20820090174674988,-0.1952371448278427,0.6548239588737488
dd8daf80-3f76-49d1-8067-96d495c7e668,c9bcc43a-9701-4fce-ad80-923ae62dbd44,1761218696453266951,0.312805,-0.118256,0.665665,-0.002441,-0.56543,0.85498,-0.03701649108398277,-33.170812669028784,86.17416553726477,0.6998686790466309,-0.20825323462486267,-0.19521567225456238,0.6547554731369019
dd8daf80-3f76-49d1-8067-96d495c7e668,c9bcc43a-9701-4fce-ad80-923ae62dbd44,1761218696461320951,0.495911,0.06485,0.360489,-0.003418,-0.565918,0.848633,-0.03609818818132646,-33.1737242207808,86.15667290535048,0.6999648809432983,-0.20830607414245605,-0.19519490003585815,0.6546419858932495
dd8daf80-3f76-49d1-8067-96d495c7e668,c9bcc43a-9701-4fce-ad80-923ae62dbd44,1761218696469374951,0.556946,-0.118256,0.177383,0.003418,-0.578125,0.856445,-0.03758627695410924,-33.17963477809903,86.17475093271496,0.6998482942581177,-0.20830288529396057,-0.1952706128358841,0.6547450423240662
dd8daf80-3f76-49d1-8067-96d495c7e668,c9bcc43a-9701-4fce-ad80-923ae62dbd44,1761218696479970951,0.066757,0.188828,0.116348,0.003418,-0.580566,0.863281,-0.03830613023023603,-33.18390279014555,86.17833926297314,0.6998187899589539,-0.20831872522830963,-0.19530591368675232,0.654761016368866
dd8daf80-3f76-49d1-8067-96d495c7e668,c9bcc43a-9701-4fce-ad80-923ae62dbd44,1761218696490566951,0.249863,0.005722,-0.432968,-0.008789,-0.576172,0.863769,-0.038377105511250106,-33.187372938185945,86.15417608542973,0.6999503970146179,-0.20838068425655365,-0.1952822357416153,0.6546077132225037
dd8daf80-3f76-49d1-8067-96d495c7e668,c9bcc43a-9701-4fce-ad80-923ae62dbd44,1761218696501162951,0.1297,-0.118256,-0.127792,0.003418,-0.564941,0.863281,-0.03933907339690101,-33.18675693909506,86.14598824449153,0.6999966502189636,-0.2083853930234909,-0.19526970386505127,0.6545604467391968
dd8daf80-3f76-49d1-8067-96d495c7e668,c9bcc43a-9701-4fce-ad80-923ae62dbd44,1761218696511841951,0.617981,0.247955,-0.066757,-0.006348,-0.57959,0.871582,-0.03343485861310603,-33.1894719661058,86.14058040062035,0.700032651424408,-0.20844492316246033,-0.19523930549621582,0.6545120477676392
dd8daf80-3f76-49d1-8067-96d495c7e668,c9bcc43a-9701-4fce-ad80-923ae62dbd44,1761218696522521951,0.680923,0.127792,0.238419,-0.010742,-0.562012,0.86084,-0.03038939007217416,-33.19061876335933,86.11212890951627,0.700198233127594,-0.20851778984069824,-0.19517548382282257,0.6543307304382324
dd8daf80-3f76-49d1-8067-96d495c7e668,c9bcc43a-9701-4fce-ad80-923ae62dbd44,1761218696533201951,1.106262,-0.301361,-0.249863,-0.008301,-0.559082,0.858887,-0.0268651926399419,-33.187272088566715,86.08601981565934,0.7003594040870667,-0.20856189727783203,-0.19508732855319977,0.6541705131530762
dd8daf80-3f76-49d1-8067-96d495c7e668,c9bcc43a-9701-4fce-ad80-923ae62dbd44,1761218696543839951,1.716614,-0.118256,0.360489,0.022461,-0.556641,0.868164,-0.032426537579411586,-33.18136341680098,86.06238835371188,0.7004956007003784,-0.20853425562381744,-0.1950445920228958,0.6540462374687195
dd8daf80-3f76-49d1-8067-96d495c7e668,c9bcc43a-9701-4fce-ad80-923ae62dbd44,1761218696554476951,1.531601,0.127792,-0.005722,-0.001953,-0.552734,0.859375,-0.027594869558798436,-33.164278698863704,86.041389195856,0.7006548047065735,-0.20849309861660004,-0.19487935304641724,0.6539380550384521
dd8daf80-3f76-49d1-8067-96d495c7e668,c9bcc43a-9701-4fce-ad80-923ae62dbd44,1761218696565113951,1.836777,0.005722,0.238419,-0.009277,-0.563477,0.866699,-0.02355021417291866,-33.15916690804945,86.00805136008383,0.7008612155914307,-0.20854158699512482,-0.19476479291915894,0.6537355184555054
dd8daf80-3f76-49d1-8067-96d495c7e668,c9bcc43a-9701-4fce-ad80-923ae62dbd44,1761218696575835951,1.531601,-0.238419,0.60463,-0.011719,-0.554199,0.869629,-0.012553146813343654,-33.1274248639256,85.98673875602728,0.7010592818260193,-0.20844632387161255,-0.19447769224643707,0.653639018535614
dd8daf80-3f76-49d1-8067-96d495c7e668,c9bcc43a-9701-4fce-ad80-923ae62dbd44,1761218696586557951,1.472473,-0.05722,0.60463,-0.001953,-0.561523,0.858398,-0.008257743959664448,-33.11248895061023,85.98740004736305,0.7010899782180786,-0.20837831497192383,-0.1943674236536026,0.6536605954170227
dd8daf80-3f76-49d1-8067-96d495c7e668,c9bcc43a-9701-4fce-ad80-923ae62dbd44,1761218696597279951,1.716614,-0.423431,0.665665,-0.002441,-0.556152,0.852539,-0.002688578269738335,-33.09905168222116,86.00733923586374,0.7010101079940796,-0.208294078707695,-0.19429294764995575,0.6537951827049255
dd8daf80-3f76-49d1-8067-96d495c7e668,c9bcc43a-9701-4fce-ad80-923ae62dbd44,1761218696605236951,1.167297,0.06485,0.909805,-0.012695,-0.573242,0.847168,0.0012626703031382244,-33.09192154290456,86.04679860709857,0.700804591178894,-0.20820610225200653,-0.19429980218410492,0.6540414690971375
dd8daf80-3f76-49d1-8067-96d495c7e668,c9bcc43a-9701-4fce-ad80-923ae62dbd44,1761218696613195951,1.104355,0.127792,0.60463,-0.006348,-0.561523,0.859375,0.004977046281871445,-33.08371809202427,86.03197538066591,0.7009103894233704,-0.20820225775241852,-0.19420333206653595,0.6539579629898071
dd8daf80-3f76-49d1-8067-96d495c7e668,c9bcc43a-9701-4fce-ad80-923ae62dbd44,1761218696621154951,1.106262,0.495911,0.665665,-0.004395,-0.56543,0.857422,0.004816770066323743,-33.08563166346309,86.00208080137632,0.7010772228240967,-0.20826369524002075,-0.19416090846061707,0.6537721753120422
dd8daf80-3f76-49d1-8067-96d495c7e668,c9bcc43a-9701-4fce-ad80-923ae62dbd44,1761218696629113951,0.801086,0.431061,0.421524,0.008301,-0.566895,0.85791,0.00391074431584595,-33.08234501668584,85.97268266590497,0.701249361038208,-0.20828822255134583,-0.19409427046775818,0.6535995006561279
dd8daf80-3f76-49d1-8067-96d495c7e668,c9bcc43a-9701-4fce-ad80-923ae62dbd44,1761218696637446951,0.801086,0.431061,0.482559,-0.004395,-0.557617,0.863769,0.005394378919325241,-33.079795375612406,85.94996091338966,0.7013860940933228,-0.2083195447921753,-0.19402934610843658,0.6534621119499207
dd8daf80-3f76-49d1-8067-96d495c7e668,c9bcc43a-9701-4fce-ad80-923ae62dbd44,1761218696645779951,0.495911,0.007629,0.238419,0.00293,-0.580566,0.859863,0.007238803718212687,-33.083939237895265,85.93697831457985,0.7014557123184204,-0.2083774209022522,-0.19401808083057404,0.6533722281455994
dd8daf80-3f76-49d1-8067-96d495c7e668,c9bcc43a-9701-4fce-ad80-923ae62dbd44,1761218696654112951,-0.175476,0.370026,-0.127792,-0.019531,-0.562988,0.852539,0.011232156215217755,-33.086572185605014,85.92110932208719,0.701548159122467,-0.20844317972660065,-0.19397978484630585,0.6532633304595947
dd8daf80-3f76-49d1-8067-96d495c7e668,c9bcc43a-9701-4fce-ad80-923ae62dbd44,1761218696662445951,-0.360489,-0.177383,-0.127792,0.009277,-0.564453,0.860352,0.008114273064380173,-33.08969921598062,85.93437754498943,0.7014615535736084,-0.20842206478118896,-0.19404083490371704,0.653344988822937
dd8daf80-3f76-49d1-8067-96d495c7e668,c9bcc43a-9701-4fce-ad80-923ae62dbd44,1761218696671781951,-0.480652,-0.05722,-0.494003,-0.001465,-0.575684,0.854492,0.005282725025810904,-33.095612786063526,85.99587419744375,0.7010952830314636,-0.2083379328250885,-0.194203719496727,0.6537164449691772
dd8daf80-3f76-49d1-8067-96d495c7e668,c9bcc43a-9701-4fce-ad80-923ae62dbd44,1761218696681117951,-0.421524,-0.238419,-0.616074,0.002441,-0.55127,0.859375,0.003101158348134533,-33.09634824331336,85.9903314540714,0.7011218667030334,-0.2083393931388855,-0.1942111849784851,0.6536852121353149
dd8daf80-3f76-49d1-8067-96d495c7e668,c9bcc43a-9701-4fce-ad80-923ae62dbd44,1761218696690453951,-0.60463,-0.055313,-0.494003,-0.003418,-0.5625,0.864258,0.0055991770605176745,-33.09367894813386,86.00197519017469,0.7010645270347595,-0.2083175778388977,-0.19420184195041656,0.6537564396858215
dd8daf80-3f76-49d1-8067-96d495c7e668,c9bcc43a-9701-4fce-ad80-923ae62dbd44,1761218696699789951,-0.175476,-0.362396,-0.555038,0.006348,-0.570801,0.862305,0.004037597861883545,-33.09604812901713,86.04497240814177,0.7008122205734253,-0.2082502841949463,-0.19430306553840637,0.654018223285675
dd8daf80-3f76-49d1-8067-96d495c7e668,c9bcc43a-9701-4fce-ad80-923ae62dbd44,1761218696709125951,-0.175476,-0.362396,-1.16539,-0.000488,-0.567383,0.870605,-3.189828063218939e-05,-33.099816255777995,86.04928947256458,0.7007738351821899,-0.2082427591085434,-0.19435730576515198,0.6540457010269165
dd8daf80-3f76-49d1-8067-96d495c7e668,c9bcc43a-9701-4fce-ad80-923ae62dbd44,1761218696717130951,0.249863,-0.238419,-1.16539,-0.008301,-0.566895,0.861328,0.003249831805339454,-33.101651261904216,86.01072061022373,0.7009961605072021,-0.20833811163902283,-0.1942775994539261,0.6538007259368896
dd8daf80-3f76-49d1-8067-96d495c7e668,c9bcc43a-9701-4fce-ad80-923ae62dbd44,1761218696725135951,-0.116348,-0.116348,-1.04332,-0.005371,-0.564941,0.874023,0.0071327489444461805,-33.10237867281685,85.99067348783117,0.7011157870292664,-0.208398699760437,-0.19422154128551483,0.6536697745323181
dd8daf80-3f76-49d1-8067-96d495c7e668,c9bcc43a-9701-4fce-ad80-923ae62dbd44,1761218696733140951,0.068665,-0.301361,-1.104355,-0.01709,-0.568848,0.863769,0.011250391674539575,-33.103445413439566,85.98201677676175,0.7011702060699463,-0.20844337344169617,-0.19418668746948242,0.6536075472831726
dd8daf80-3f76-49d1-8067-96d495c7e668,c9bcc43a-9701-4fce-ad80-923ae62dbd44,1761218696741145951,0.371933,-0.543594,-1.104355,-0.009277,-0.567871,0.873047,0.013312384671643064,-33.10261458913008,85.98474317066069,0.701159656047821,-0.2084454596042633,-0.19417428970336914,0.6536217927932739
dd8daf80-3f76-49d1-8067-96d495c7e668,c9bcc43a-9701-4fce-ad80-923ae62dbd44,1761218696751874951,0.432968,-0.482559,-0.249863,-0.009766,-0.574707,0.869629,0.017373864160260898,-33.104531249239926,85.98402241385433,0.7011671662330627,-0.208481565117836,-0.19415906071662903,0.6536067724227905
dd8daf80-3f76-49d1-8067-96d495c7e668,c9bcc43a-9701-4fce-ad80-923ae62dbd44,1761218696762603951,0.556946,-0.606537,0.177383,-0.024414,-0.560059,0.862793,0.02532193683597264,-33.1041561044705,85.9865966291635,0.7011666297912598,-0.20852024853229523,-0.19411297142505646,0.6536086797714233
dd8daf80-3f76-49d1-8067-96d495c7e668,c9bcc43a-9701-4fce-ad80-923ae62dbd44,1761218696773332951,0.312805,-0.663757,0.177383,-0.004395,-0.560059,0.860352,0.028906758251415164,-33.10013578172511,85.98855514442948,0.7011688351631165,-0.2085127830505371,-0.1940716654062271,0.6536209583282471
dd8daf80-3f76-49d1-8067-96d495c7e668,c9bcc43a-9701-4fce-ad80-923ae62dbd44,1761218696783936951,0.371933,-0.909805,0.60463,-0.013672,-0.552734,0.852539,0.038025347383285495,-33.09971221645121,85.95873699867214,0.7013550996780396,-0.20861266553401947,-0.19395917654037476,0.6534226536750793
dd8daf80-3f76-49d1-8067-96d495c7e668,c9bcc43a-9701-4fce-ad80-923ae62dbd44,1761218696794541951,0.371933,-0.60463,1.092911,-0.008789,-0.571777,0.854004,0.040524668143495736,-33.09980252787124,85.95989939179739,0.7013525366783142,-0.20862551033496857,-0.19394651055335999,0.6534250378608704
dd8daf80-3f76-49d1-8067-96d495c7e668,c9bcc43a-9701-4fce-ad80-923ae62dbd44,1761218696805146951,0.555038,-1.214981,1.276016,-0.000977,-0.571289,0.878418,0.04112246745668233,-33.093869546204466,85.96962826591664,0.7013088464736938,-0.20857614278793335,-0.19392672181129456,0.6534935832023621
dd8daf80-3f76-49d1-8067-96d495c7e668,c9bcc43a-9701-4fce-ad80-923ae62dbd44,1761218696815821951,0.371933,-0.665665,1.459122,-0.020996,-0.567871,0.867676,0.04773337178083573,-33.092769805197015,85.9730268614968,0.7013026475906372,-0.20860137045383453,-0.1938861757516861,0.6535041928291321
dd8daf80-3f76-49d1-8067-96d495c7e668,c9bcc43a-9701-4fce-ad80-923ae62dbd44,1761218696826494951,0.312805,-0.728607,1.398087,0.007813,-0.558105,0.861816,0.04929502298634475,-33.09057610800753,85.99377295057197,0.7011909484863281,-0.2085617482662201,-0.19390186667442322,0.6536320447921753
dd8daf80-3f76-49d1-8067-96d495c7e668,c9bcc43a-9701-4fce-ad80-923ae62dbd44,1761218696837167951,0.066757,-0.482559,1.276016,0.008789,-0.565918,0.864746,0.047286230830028704,-33.090088416664614,86.01520098377225,0.7010661959648132,-0.20851103961467743,-0.1939503699541092,0.6537676453590393
dd8daf80-3f76-49d1-8067-96d495c7e668,c9bcc43a-9701-4fce-ad80-923ae62dbd44,1761218696847823951,-0.055313,-0.543594,1.031876,0.005371,-0.572754,0.865723,0.04908723295096111,-33.090379267260126,86.02925447045186,0.7009885311126709,-0.20849932730197906,-0.1939665824174881,0.6538497805595398
dd8daf80-3f76-49d1-8067-96d495c7e668,c9bcc43a-9701-4fce-ad80-923ae62dbd44,1761218696858480951,0.1297,-0.240326,0.787735,0.005371,-0.557617,0.859375,0.043541315273577054,-33.092578630228296,85.99955830960856,0.7011445760726929,-0.20853137969970703,-0.19395902752876282,0.6536745429039001
dd8daf80-3f76-49d1-8067-96d495c7e668,c9bcc43a-9701-4fce-ad80-923ae62dbd44,1761218696869137951,-0.116348,-0.360489,0.238419,0.009277,-0.563477,0.858887,0.041433735465243635,-33.095501891422245,85.99275657856302,0.7011744976043701,-0.20854876935482025,-0.19397622346878052,0.6536317467689514
dd8daf80-3f76-49d1-8067-96d495c7e668,c9bcc43a-9701-4fce-ad80-923ae62dbd44,1761218696877143951,-0.175476,-0.175476,-0.432968,0.004395,-0.5625,0.866211,0.037456788979079315,-33.09521062145008,85.98376919958034,0.7012195587158203,-0.20853950083255768,-0.1939825415611267,0.6535845398902893
dd8daf80-3f76-49d1-8067-96d495c7e668,c9bcc43a-9701-4fce-ad80-923ae62dbd44,1761218696885151951,-0.053406,-0.118256,-1.226425,0.010254,-0.559082,0.870117,0.032115671567704625,-33.09270724423112,85.96842266240992,0.7013025879859924,-0.20851971209049225,-0.19397301971912384,0.6535045504570007
dd8daf80-3f76-49d1-8067-96d495c7e668,c9bcc43a-9701-4fce-ad80-923ae62dbd44,1761218696893159951,-0.175476,0.007629,-1.348495,0.007813,-0.563965,0.862305,0.02833294400376944,-33.091137978867614,85.96246933524426,0.7013329863548279,-0.20849861204624176,-0.19397638738155365,0.653477668762207
dd8daf80-3f76-49d1-8067-96d495c7e668,c9bcc43a-9701-4fce-ad80-923ae62dbd44,1761218696901167951,-0.116348,-0.116348,-1.836777,0.00293,-0.558105,0.85791,0.018713286838464224,-33.09165633162362,85.94523217358517,0.7014140486717224,-0.20847612619400024,-0.19400686025619507,0.6533887386322021
dd8daf80-3f76-49d1-8067-96d495c7e668,c9bcc43a-9701-4fce-ad80-923ae62dbd44,1761218696911831951,0.066757,0.005722,-1.714706,0.012207,-0.570312,0.865723,0.001571828808983633,-33.09225345627668,85.91192159274304,0.7015738487243652,-0.208438441157341,-0.19405460357666016,0.6532150506973267
dd8daf80-3f76-49d1-8067-96d495c7e668,c9bcc43a-9701-4fce-ad80-923ae62dbd44,1761218696922495951,0.007629,-0.423431,-2.202988,0.003906,-0.568848,0.859863,-0.009974962766646661,-33.092787956828744,85.86871463834453,0.7017995715141296,-0.2084490805864334,-0.19404976069927216,0.652970552444458
dd8daf80-3f76-49d1-8067-96d495c7e668,c9bcc43a-9701-4fce-ad80-923ae62dbd44,1761218696933159951,0.371933,-0.360489,-2.080917,0.002441,-0.564941,0.864746,-0.025879414437382335,-33.09223712112918,85.80383288062215,0.7021432518959045,-0.20846496522426605,-0.19402602314949036,0.6526029706001282
dd8daf80-3f76-49d1-8067-96d495c7e668,c9bcc43a-9701-4fce-ad80-923ae62dbd44,1761218696943820951,-0.053406,-0.911713,-2.264023,-0.023438,-0.557617,0.864258,-0.04952189810988569,-33.09096389218854,85.75954589784637,0.7023577094078064,-0.2083975225687027,-0.194083109498024,0.6523767709732056
dd8daf80-3f76-49d1-8067-96d495c7e668,c9bcc43a-9701-4fce-ad80-923ae62dbd44,1761218696954479951,-0.053406,-0.968933,-1.775742,-0.00293,-0.562012,0.855957,-0.06220958993390011,-33.09246289986672,85.70109497904834,0.702666163444519,-0.20843350887298584,-0.19406311213970184,0.6520389318466187
dd8daf80-3f76-49d1-8067-96d495c7e668,c9bcc43a-9701-4fce-ad80-923ae62dbd44,1761218696965138951,-0.055313,-1.031876,-1.653671,0.000488,-0.57666,0.860352,-0.07539084596466486,-33.09566041209452,85.71909435471709,0.7025355696678162,-0.2083476036787033,-0.19419485330581665,0.6521679162979126
dd8daf80-3f76-49d1-8067-96d495c7e668,c9bcc43a-9701-4fce-ad80-923ae62dbd44,1761218696973169951,-0.173569,-1.337051,-0.555038,-0.009766,-0.55957,0.858887,-0.08460863288505878,-33.09452593987883,85.73015958582971,0.7024590373039246,-0.20826943218708038,-0.19426502287387848,0.6522544026374817
dd8daf80-3f76-49d1-8067-96d495c7e668,c9bcc43a-9701-4fce-ad80-923ae62dbd44,1761218696981203951,0.066757,-1.703262,-0.249863,-0.013184,-0.566895,0.876953,-0.08655421689355894,-33.093225532079664,85.71556637206146,0.702541172504425,-0.20827512443065643,-0.19424302875995636,0.6521706581115723
dd8daf80-3f76-49d1-8067-96d495c7e668,c9bcc43a-9701-4fce-ad80-923ae62dbd44,1761218696989237951,0.314713,-1.825333,0.543594,-0.009277,-0.562988,0.870117,-0.09686163821481228,-33.09386357810583,85.6916778260304,0.702658474445343,-0.2082608938217163,-0.1942664384841919,0.6520417928695679
dd8daf80-3f76-49d1-8067-96d495c7e668,c9bcc43a-9701-4fce-ad80-923ae62dbd44,1761218696997271951,-0.238419,-1.703262,0.97084,-0.003906,-0.562988,0.878418,-0.11079036895924495,-33.09089896412688,85.65451441678111,0.7028517127037048,-0.20822645723819733,-0.19426746666431427,0.6518442034721375
dd8daf80-3f76-49d1-8067-96d495c7e668,c9bcc43a-9701-4fce-ad80-923ae62dbd44,1761218697007886951,0.312805,-1.888275,1.581192,0.003906,-0.561523,0.868652,-0.11748576702780895,-33.09151108361246,85.63492664926765,0.702950656414032,-0.2082253396511078,-0.19427642226219177,0.6517351865768433
dd8daf80-3f76-49d1-8067-96d495c7e668,c9bcc43a-9701-4fce-ad80-923ae62dbd44,1761218697018501951,0.434875,-1.583099,1.764297,-0.005371,-0.563477,0.870117,-0.12209130229822962,-33.08790917882961,85.62584588404532,0.703001081943512,-0.20819242298603058,-0.19426770508289337,0.6516939401626587
dd8daf80-3f76-49d1-8067-96d495c7e668,c9bcc43a-9701-4fce-ad80-923ae62dbd44,1761218697029116951,0.555038,-1.337051,2.191544,0.000977,-0.555664,0.869141,-0.12294527726034704,-33.08138523001502,85.62055176665977,0.703041672706604,-0.2081564962863922,-0.1942262500524521,0.6516739726066589
dd8daf80-3f76-49d1-8067-96d495c7e668,c9bcc43a-9701-4fce-ad80-923ae62dbd44,1761218697039798951,0.679016,-0.789642,2.130508,0.012695,-0.546875,0.870605,-0.12175561894360769,-33.067457801339486,85.80508219539502,0.7020187973976135,-0.20776484906673431,-0.19447462260723114,0.6528266072273254
dd8daf80-3f76-49d1-8067-96d495c7e668,c9bcc43a-9701-4fce-ad80-923ae62dbd44,1761218697050482951,0.434875,-0.606537,1.947403,0.007324,-0.56543,0.85791,-0.12132479988168689,-33.06388536922381,85.81921230610253,0.7019455432891846,-0.20772142708301544,-0.19447726011276245,0.6529183983802795
dd8daf80-3f76-49d1-8067-96d495c7e668,c9bcc43a-9701-4fce-ad80-923ae62dbd44,1761218697061166951,0.192642,-0.543594,1.947403,0.004883,-0.576172,0.867187,-0.12044961366474842,-33.06410786315697,85.84481882852101,0.7018007040023804,-0.20768432319164276,-0.19451957941055298,0.653073251247406
dd8daf80-3f76-49d1-8067-96d495c7e668,c9bcc43a-9701-4fce-ad80-923ae62dbd44,1761218697069182951,0.249863,-0.84877,1.337051,0.01709,-0.553223,0.856934,-0.12699316730774324,-33.06432745038677,85.88500175896047,0.7015601396560669,-0.20758013427257538,-0.19463370740413666,0.6533308029174805
dd8daf80-3f76-49d1-8067-96d495c7e668,c9bcc43a-9701-4fce-ad80-923ae62dbd44,1761218697077196951,0.312805,-0.789642,0.909805,0.018555,-0.573242,0.866699,-0.1346275197392679,-33.063752510852524,85.87188101292173,0.7016230225563049,-0.2075553834438324,-0.19465340673923492,0.6532652378082275
dd8daf80-3f76-49d1-8067-96d495c7e668,c9bcc43a-9701-4fce-ad80-923ae62dbd44,1761218697085210951,0.127792,-0.665665,0.543594,0.012207,-0.569824,0.865723,-0.13963242758248393,-33.070035530102984,85.84149286888395,0.7017762660980225,-0.20761696994304657,-0.19466479122638702,0.6530776619911194
dd8daf80-3f76-49d1-8067-96d495c7e668,c9bcc43a-9701-4fce-ad80-923ae62dbd44,1761218697093224951,0.1297,-0.545502,0.360489,0.01709,-0.550293,0.857422,-0.14674498979140205,-33.06770575231068,85.81066465491298,0.70194411277771,-0.20761451125144958,-0.19463923573493958,0.6529057025909424
dd8daf80-3f76-49d1-8067-96d495c7e668,c9bcc43a-9701-4fce-ad80-923ae62dbd44,1761218697103881951,0.371933,0.005722,-0.127792,0.015137,-0.564941,0.858398,-0.1529212386614967,-33.069432668509,85.81021508770077,0.7019330263137817,-0.20759068429470062,-0.19468608498573303,0.6529111862182617
dd8daf80-3f76-49d1-8067-96d495c7e668,c9bcc43a-9701-4fce-ad80-923ae62dbd44,1761218697114538951,0.007629,0.06485,-0.005722,0.01416,-0.571289,0.867676,-0.15954936348711227,-33.071035018835445,85.80037000483364,0.7019749283790588,-0.20757947862148285,-0.19471797347068787,0.652860164642334
dd8daf80-3f76-49d1-8067-96d495c7e668,c9bcc43a-9701-4fce-ad80-923ae62dbd44,1761218697125195951,0.127792,0.127792,-0.494003,-0.00293,-0.571289,0.869141,-0.16032719751863073,-33.07444250817411,85.77519937536536,0.702110767364502,-0.2076386958360672,-0.19469653069972992,0.6527016758918762
dd8daf80-3f76-49d1-8067-96d495c7e668,c9bcc43a-9701-4fce-ad80-923ae62dbd44,1761218697133196951,-0.238419,0.188828,-0.860214,-0.008789,-0.572266,0.859863,-0.1583481539320439,-33.08242854302936,85.8216160669481,0.7018350958824158,-0.2076200395822525,-0.19481396675109863,0.6529690027236938
dd8daf80-3f76-49d1-8067-96d495c7e668,c9bcc43a-9701-4fce-ad80-923ae62dbd44,1761218697141198951,-0.541687,0.736237,-0.921249,0.001465,-0.558594,0.854004,-0.15800750419663956,-33.0821418283062,85.80120115836793,0.7019525170326233,-0.2076549232006073,-0.19477325677871704,0.6528438329696655
dd8daf80-3f76-49d1-8067-96d495c7e668,c9bcc43a-9701-4fce-ad80-923ae62dbd44,1761218697149200951,-0.421524,0.616074,-0.738144,0.003418,-0.565918,0.866699,-0.15753406059290337,-33.0834278992261,85.78777762378998,0.702027440071106,-0.2076883316040039,-0.19475334882736206,0.6527585387229919
dd8daf80-3f76-49d1-8067-96d495c7e668,c9bcc43a-9701-4fce-ad80-923ae62dbd44,1761218697157202951,-0.299454,0.494003,-0.921249,0.0,-0.565918,0.862305,-0.15705800778688653,-33.08400366502861,85.79594847391738,0.7019806504249573,-0.20768068730831146,-0.1947685182094574,0.6528067588806152
dd8daf80-3f76-49d1-8067-96d495c7e668,c9bcc43a-9701-4fce-ad80-923ae62dbd44,1761218697167848951,-0.116348,0.677109,-0.738144,-0.00293,-0.56543,0.871582,-0.1545712756620039,-33.08663345548589,85.78883610315144,0.7020205855369568,-0.20772306621074677,-0.19475536048412323,0.6527542471885681
dd8daf80-3f76-49d1-8067-96d495c7e668,c9bcc43a-9701-4fce-ad80-923ae62dbd44,1761218697178494951,-0.299454,0.799179,-0.555038,0.0,-0.567383,0.859375,-0.15475543030935388,-33.08728065132298,85.77413221906733,0.7021028399467468,-0.20775099098682404,-0.19473351538181305,0.6526633501052856
dd8daf80-3f76-49d1-8067-96d495c7e668,c9bcc43a-9701-4fce-ad80-923ae62dbd44,1761218697189140951,-0.358582,0.736237,-0.005722,-0.006836,-0.571777,0.857422,-0.15052028882679788,-33.08930441274694,85.7561485424096,0.7022087574005127,-0.20781804621219635,-0.19468647241592407,0.6525421738624573
dd8daf80-3f76-49d1-8067-96d495c7e668,c9bcc43a-9701-4fce-ad80-923ae62dbd44,1761218697197144951,-0.358582,0.614166,-0.310898,-0.003906,-0.56543,0.863281,-0.14543866926927973,-33.089718945256976,85.75295702504187,0.7022348046302795,-0.2078549563884735,-0.19465190172195435,0.6525126695632935
dd8daf80-3f76-49d1-8067-96d495c7e668,c9bcc43a-9701-4fce-ad80-923ae62dbd44,1761218697205148951,-0.116348,0.494003,0.116348,-0.004883,-0.571289,0.858887,-0.14253438637023455,-33.09114526963863,85.76932720663285,0.7021439075469971,-0.20785243809223175,-0.19467191398143768,0.6526052951812744
dd8daf80-3f76-49d1-8067-96d495c7e668,c9bcc43a-9701-4fce-ad80-923ae62dbd44,1761218697213152951,-0.116348,0.494003,0.360489,-0.009766,-0.556641,0.862793,-0.13498947142299925,-33.0903383342851,85.74023502685385,0.702323853969574,-0.20793986320495605,-0.19456830620765686,0.6524146795272827
dd8daf80-3f76-49d1-8067-96d495c7e668,c9bcc43a-9701-4fce-ad80-923ae62dbd44,1761218697221156951,0.1297,0.370026,0.360489,-0.00293,-0.574219,0.865234,-0.1336795504309807,-33.091974942739355,85.7315885009114,0.7023723125457764,-0.20797203481197357,-0.1945538967847824,0.6523565649986267
dd8daf80-3f76-49d1-8067-96d495c7e668,c9bcc43a-9701-4fce-ad80-923ae62dbd44,1761218697231823951,-0.175476,0.370026,0.7267,0.0,-0.565918,0.863281,-0.13112751524635252,-33.0938843306092,85.76663809312275,0.7021735906600952,-0.2079387605190277,-0.19461272656917572,0.6525635123252869
dd8daf80-3f76-49d1-8067-96d495c7e668,c9bcc43a-9701-4fce-ad80-923ae62dbd44,1761218697242490951,-0.175476,0.247955,0.909805,0.000488,-0.568359,0.873047,-0.13085436078632437,-33.09175028545234,85.73753941985336,0.7023436427116394,-0.20797662436962128,-0.19454610347747803,0.652388334274292
dd8daf80-3f76-49d1-8067-96d495c7e668,c9bcc43a-9701-4fce-ad80-923ae62dbd44,1761218697253157951,-0.238419,0.127792,1.276016,0.009766,-0.567871,0.87207,-0.13235520504133091,-33.094125288189915,85.70469535172657,0.7025237083435059,-0.20803841948509216,-0.19450919330120087,0.6521856784820557
dd8daf80-3f76-49d1-8067-96d495c7e668,c9bcc43a-9701-4fce-ad80-923ae62dbd44,1761218697263846951,0.007629,-0.240326,1.459122,0.00293,-0.558105,0.863769,-0.13409429858706085,-33.09328570948277,85.67930882595405,0.7026667594909668,-0.20806646347045898,-0.19446898996829987,0.65203458070755
dd8daf80-3f76-49d1-8067-96d495c7e668,c9bcc43a-9701-4fce-ad80-923ae62dbd44,1761218697274536951,0.371933,-0.238419,1.398087,0.007324,-0.56543,0.873535,-0.13410021455193902,-33.0939524879709,85.68237126114862,0.7026481032371521,-0.20806533098220825,-0.194478377699852,0.6520522236824036
dd8daf80-3f76-49d1-8067-96d495c7e668,c9bcc43a-9701-4fce-ad80-923ae62dbd44,1761218697285226951,0.371933,0.310898,1.214981,0.014648,-0.569824,0.861816,-0.1319272504514875,-33.09320914808738,85.7206996390047,0.7024350166320801,-0.2080080658197403,-0.1945304125547409,0.652284562587738
dd8daf80-3f76-49d1-8067-96d495c7e668,c9bcc43a-9701-4fce-ad80-923ae62dbd44,1761218697293216951,0.556946,0.370026,1.337051,0.000488,-0.57373,0.865234,-0.11692154018004253,-33.08749387085313,85.76396444044826,0.702224612236023,-0.20798499882221222,-0.19448445737361908,0.652532160282135
dd8daf80-3f76-49d1-8067-96d495c7e668,c9bcc43a-9701-4fce-ad80-923ae62dbd44,1761218697301207951,0.923157,0.370026,1.031876,0.000977,-0.566895,0.867676,-0.10746828746966444,-33.08108638919978,85.83387751355903,0.7018541097640991,-0.2078809291124344,-0.19451692700386047,0.6529540419578552
dd8daf80-3f76-49d1-8067-96d495c7e668,c9bcc43a-9701-4fce-ad80-923ae62dbd44,1761218697309198951,1.04332,0.432968,0.97084,-0.000977,-0.556152,0.870117,-0.09536005761239516,-33.07054719199105,85.83083657563253,0.701911211013794,-0.20789048075675964,-0.19437722861766815,0.652931272983551
dd8daf80-3f76-49d1-8067-96d495c7e668,c9bcc43a-9701-4fce-ad80-923ae62dbd44,1761218697317189951,1.106262,0.736237,0.7267,0.005371,-0.56543,0.862793,-0.09097336318212945,-33.06755852859003,85.83711547980847,0.7018883228302002,-0.20788651704788208,-0.19434472918510437,0.6529667973518372
dd8daf80-3f76-49d1-8067-96d495c7e668,c9bcc43a-9701-4fce-ad80-923ae62dbd44,1761218697327963951,1.04332,0.677109,0.360489,-0.002441,-0.553223,0.863769,-0.09026074531641068,-33.06430560932288,85.87506603202216,0.7016791701316833,-0.2078062891960144,-0.194390669465065,0.6532033681869507
dd8daf80-3f76-49d1-8067-96d495c7e668,c9bcc43a-9701-4fce-ad80-923ae62dbd44,1761218697338737951,0.921249,0.432968,0.055313,0.000977,-0.561523,0.863281,-0.09119664701063951,-33.06341899048228,85.89929626252308,0.7015410661697388,-0.20775438845157623,-0.19443528354167938,0.6533550024032593
dd8daf80-3f76-49d1-8067-96d495c7e668,c9bcc43a-9701-4fce-ad80-923ae62dbd44,1761218697349511951,0.984192,0.495911,-0.005722,0.003906,-0.551758,0.871094,-0.0932574559663665,-33.059309212607886,85.90272466299685,0.7015255093574524,-0.20771165192127228,-0.19443069398403168,0.653386652469635
dd8daf80-3f76-49d1-8067-96d495c7e668,c9bcc43a-9701-4fce-ad80-923ae62dbd44,1761218697360061951,0.679016,0.553131,-0.310898,-0.007812,-0.556641,0.854004,-0.08988521572453033,-33.06044994708696,85.88523568443127,0.7016288638114929,-0.2077675312757492,-0.1943848431110382,0.6532715559005737
dd8daf80-3f76-49d1-8067-96d495c7e668,c9bcc43a-9701-4fce-ad80-923ae62dbd44,1761218697370612951,0.679016,0.370026,-0.371933,-0.001465,-0.558105,0.858398,-0.0840334563801715,-33.06170103087659,85.87283767632431,0.7017071843147278,-0.2078295797109604,-0.19433365762233734,0.6531829237937927
dd8daf80-3f76-49d1-8067-96d495c7e668,c9bcc43a-9701-4fce-ad80-923ae62dbd44,1761218697381163951,0.432968,0.799179,-0.066757,-0.006836,-0.552734,0.863769,-0.08198759999177344,-33.0604501262912,85.86791680568933,0.7017409801483154,-0.2078419327735901,-0.19430507719516754,0.6531511545181274
dd8daf80-3f76-49d1-8067-96d495c7e668,c9bcc43a-9701-4fce-ad80-923ae62dbd44,1761218697391831951,0.555038,0.982285,0.116348,-0.005859,-0.565918,0.857422,-0.0791995610528075,-33.06392008465728,85.87660883434852,0.7016898393630981,-0.20786435902118683,-0.19432353973388672,0.6531934142112732
dd8daf80-3f76-49d1-8067-96d495c7e668,c9bcc43a-9701-4fce-ad80-923ae62dbd44,1761218697402499951,0.371933,0.921249,0.360489,-0.01123,-0.560547,0.854492,-0.07215408731312808,-33.06713219997797,85.92273791757746,0.7014329433441162,-0.20784594118595123,-0.19438238441944122,0.6534577012062073
dd8daf80-3f76-49d1-8067-96d495c7e668,c9bcc43a-9701-4fce-ad80-923ae62dbd44,1761218697413167951,0.312805,1.102448,0.482559,-0.000977,-0.565918,0.866699,-0.07045652685273157,-33.066967237983874,85.94802247094009,0.7012919187545776,-0.20781174302101135,-0.19441691040992737,0.653609573841095
dd8daf80-3f76-49d1-8067-96d495c7e668,c9bcc43a-9701-4fce-ad80-923ae62dbd44,1761218697421163951,0.312805,0.431061,1.031876,-0.028809,-0.558105,0.854492,-0.0598120613794527,-33.06809449972293,85.95093338203255,0.7012913227081299,-0.20787440240383148,-0.19436347484588623,0.6536062359809875
dd8daf80-3f76-49d1-8067-96d495c7e668,c9bcc43a-9701-4fce-ad80-923ae62dbd44,1761218697429159951,0.371933,0.310898,1.337051,-0.014648,-0.568359,0.874512,-0.05278569192882611,-33.070342873964115,85.95968295143585,0.7012492418289185,-0.20791339874267578,-0.19434916973114014,0.6536432504653931
dd8daf80-3f76-49d1-8067-96d495c7e668,c9bcc43a-9701-4fce-ad80-923ae62dbd44,1761218697437155951,0.432968,0.127792,1.581192,-0.021484,-0.55957,0.863281,-0.03525280474117581,-33.06690205805407,85.96698423019612,0.7012435793876648,-0.2079799771308899,-0.19423550367355347,0.6536619067192078
dd8daf80-3f76-49d1-8067-96d495c7e668,c9bcc43a-9701-4fce-ad80-923ae62dbd44,1761218697445151951,0.556946,-0.118256,1.642227,-0.006348,-0.564453,0.859863,-0.021055143180971535,-33.06435437857274,85.95056029627511,0.7013659477233887,-0.2080731838941574,-0.19410426914691925,0.6535399556159973
dd8daf80-3f76-49d1-8067-96d495c7e668,c9bcc43a-9701-4fce-ad80-923ae62dbd44,1761218697455837951,1.106262,0.06485,1.703262,-0.015137,-0.561035,0.868164,-0.006254745033642816,-33.05660676316506,85.92004491903022,0.7015790939331055,-0.2081618309020996,-0.19391407072544098,0.6533393263816833
dd8daf80-3f76-49d1-8067-96d495c7e668,c9bcc43a-9701-4fce-ad80-923ae62dbd44,1761218697466523951,0.679016,-0.240326,1.825333,-0.008789,-0.55957,0.871582,0.009945000322770976,-33.045355067389764,85.90032271548164,0.7017393708229065,-0.20821861922740936,-0.193714901804924,0.6532082557678223
dd8daf80-3f76-49d1-8067-96d495c7e668,c9bcc43a-9701-4fce-ad80-923ae62dbd44,1761218697477209951,0.860214,-0.482559,1.642227,-0.019043,-0.569824,0.863281,0.02821706438409007,-33.039562821844605,85.89861230319933,0.7017905116081238,-0.2082902044057846,-0.19356687366962433,0.6531743407249451
dd8daf80-3f76-49d1-8067-96d495c7e668,c9bcc43a-9701-4fce-ad80-923ae62dbd44,1761218697487869951,0.555038,-0.421524,1.764297,-0.006348,-0.562988,0.860352,0.04409706439989995,-33.0243005225791,85.87899696482557,0.7019568085670471,-0.20832034945487976,-0.19334694743156433,0.6530511975288391
dd8daf80-3f76-49d1-8067-96d495c7e668,c9bcc43a-9701-4fce-ad80-923ae62dbd44,1761218697498531951,0.986099,-0.360489,1.398087,0.009766,-0.541016,0.859375,0.04714752157004186,-33.012436873414494,85.93345390896998,0.7016730308532715,-0.2081732153892517,-0.1933595836162567,0.6533992290496826
dd8daf80-3f76-49d1-8067-96d495c7e668,c9bcc43a-9701-4fce-ad80-923ae62dbd44,1761218697509193951,0.738144,-0.177383,1.214981,-0.002441,-0.562012,0.87207,0.052216168310201,-33.00635561855619,85.9554275114371,0.7015672922134399,-0.20812782645225525,-0.19333377480506897,0.6535348296165466
dd8daf80-3f76-49d1-8067-96d495c7e668,c9bcc43a-9701-4fce-ad80-923ae62dbd44,1761218697517193951,0.249863,-0.055313,0.482559,-0.005859,-0.558594,0.864258,0.05558832564295439,-33.00490037219432,85.92093998252133,0.7017722725868225,-0.20819631218910217,-0.1932421773672104,0.6533200144767761
dd8daf80-3f76-49d1-8067-96d495c7e668,c9bcc43a-9701-4fce-ad80-923ae62dbd44,1761218697525193951,0.434875,-0.118256,0.360489,0.007324,-0.542969,0.868652,0.055399333866628576,-33.00016608688169,85.90665347650351,0.7018619775772095,-0.20819032192230225,-0.19319038093090057,0.6532409191131592
dd8daf80-3f76-49d1-8067-96d495c7e668,c9bcc43a-9701-4fce-ad80-923ae62dbd44,1761218697533193951,0.555038,0.188828,0.299454,0.009277,-0.558105,0.865234,0.054078515661818476,-33.00023627789831,85.89652638828385,0.7019173502922058,-0.20820030570030212,-0.19318047165870667,0.6531811356544495
dd8daf80-3f76-49d1-8067-96d495c7e668,c9bcc43a-9701-4fce-ad80-923ae62dbd44,1761218697541193951,0.312805,0.190735,-0.127792,-0.016113,-0.556152,0.868164,0.05606373462470642,-32.9991252950712,85.89072156341213,0.7019557952880859,-0.20821461081504822,-0.19315142929553986,0.6531438231468201
dd8daf80-3f76-49d1-8067-96d495c7e668,c9bcc43a-9701-4fce-ad80-923ae62dbd44,1761218697551963951,0.371933,0.066757,-0.188828,0.001465,-0.5625,0.870605,0.05512198916278318,-33.00050919498794,85.86555069382898,0.7020951509475708,-0.20826014876365662,-0.1931193470954895,0.6529889702796936
dd8daf80-3f76-49d1-8067-96d495c7e668,c9bcc43a-9701-4fce-ad80-923ae62dbd44,1761218697562733951,0.434875,0.370026,-0.371933,-0.006836,-0.549316,0.867187,0.060734782362279464,-33.000027534079535,85.81834817349704,0.7023743987083435,-0.2083686888217926,-0.19299639761447906,0.6526903510093689
dd8daf80-3f76-49d1-8067-96d495c7e668,c9bcc43a-9701-4fce-ad80-923ae62dbd44,1761218697573503951,0.371933,0.616074,-0.371933,0.003418,-0.554199,0.874023,0.05673357979888329,-32.99784025333141,85.82788524019742,0.7023172974586487,-0.20831644535064697,-0.19302579760551453,0.6527597308158875
dd8daf80-3f76-49d1-8067-96d495c7e668,c9bcc43a-9701-4fce-ad80-923ae62dbd44,1761218697581425951,0.555038,0.188828,-0.494003,-0.013672,-0.56543,0.869629,0.05945068370401763,-32.99949270260281,85.83779970800644,0.7022624015808105,-0.2083253413438797,-0.19303658604621887,0.6528127789497375
dd8daf80-3f76-49d1-8067-96d495c7e668,c9bcc43a-9701-4fce-ad80-923ae62dbd44,1761218697589347951,0.434875,0.553131,-1.16539,-0.001953,-0.548828,0.877441,0.05709783201029152,-32.99383645914428,85.82878568414775,0.7023200392723083,-0.20829245448112488,-0.193002387881279,0.6527714133262634
dd8daf80-3f76-49d1-8067-96d495c7e668,c9bcc43a-9701-4fce-ad80-923ae62dbd44,1761218697597269951,0.680923,0.921249,-0.982285,-0.000977,-0.55957,0.858398,0.05564805787898951,-32.99024534735211,85.85377071633248,0.7021817564964294,-0.20822012424468994,-0.19303621351718903,0.6529331803321838
dd8daf80-3f76-49d1-8067-96d495c7e668,c9bcc43a-9701-4fce-ad80-923ae62dbd44,1761218697605191951,0.434875,0.919342,-1.16539,0.008301,-0.556641,0.853516,0.0555967599571874,-32.98379773970044,85.84611890881985,0.7022369503974915,-0.20819319784641266,-0.1929858773946762,0.6528973579406738
dd8daf80-3f76-49d1-8067-96d495c7e668,c9bcc43a-9701-4fce-ad80-923ae62dbd44,1761218697615852951,0.25177,1.224518,-1.28746,0.002441,-0.564453,0.868164,0.052844141435926924,-32.980122576334345,85.79871839000178,0.7025089859962463,-0.20823480188846588,-0.19289568066596985,0.6526180505752563
dd8daf80-3f76-49d1-8067-96d495c7e668,c9bcc43a-9701-4fce-ad80-923ae62dbd44,1761218697626513951,0.066757,0.799179,-1.28746,0.0,-0.552734,0.862793,0.05484613761484275,-32.97414897131879,85.75725630662559,0.7027592658996582,-0.20827937126159668,-0.19277402758598328,0.6523702144622803
dd8daf80-3f76-49d1-8067-96d495c7e668,c9bcc43a-9701-4fce-ad80-923ae62dbd44,1761218697637174951,0.312805,1.041412,-1.409531,-0.004395,-0.549316,0.862793,0.05579163365651938,-32.973129635498005,85.72170223563845,0.7029650807380676,-0.20833829045295715,-0.19269779324531555,0.6521521806716919
dd8daf80-3f76-49d1-8067-96d495c7e668,c9bcc43a-9701-4fce-ad80-923ae62dbd44,1761218697647868951,0.127792,0.799179,-1.104355,-0.011719,-0.566406,0.863769,0.06403034258240528,-32.96599286364553,85.7105512911402,0.7030553221702576,-0.20836015045642853,-0.19258634746074677,0.6520808339118958
dd8daf80-3f76-49d1-8067-96d495c7e668,c9bcc43a-9701-4fce-ad80-923ae62dbd44,1761218697658561951,0.007629,0.858307,-1.226425,-0.012695,-0.561035,0.866211,0.07143523300294402,-32.96390461378508,85.69570998674506,0.7031559944152832,-0.20841442048549652,-0.19250203669071198,0.6519798040390015
dd8daf80-3f76-49d1-8067-96d495c7e668,c9bcc43a-9701-4fce-ad80-923ae62dbd44,1761218697669254951,0.009537,0.310898,-0.860214,-0.012695,-0.564453,0.866699,0.07667769177286844,-32.96508827944769,85.7528403386466,0.7028375267982483,-0.20835551619529724,-0.19258050620555878,0.6523187756538391
dd8daf80-3f76-49d1-8067-96d495c7e668,c9bcc43a-9701-4fce-ad80-923ae62dbd44,1761218697677249951,-0.114441,1.346588,-0.738144,-0.008789,-0.5625,0.855469,0.0830103216106741,-32.966136840274615,85.77305433293587,0.702731192111969,-0.20836402475833893,-0.19258439540863037,0.652429461479187
dd8daf80-3f76-49d1-8067-96d495c7e668,c9bcc43a-9701-4fce-ad80-923ae62dbd44,1761218697685244951,-0.421524,1.28746,-0.616074,-0.01416,-0.562012,0.86084,0.0925919983509524,-32.969047785945705,85.71801138399758,0.7030553221702576,-0.20852887630462646,-0.19244207441806793,0.6520695090293884
dd8daf80-3f76-49d1-8067-96d495c7e668,c9bcc43a-9701-4fce-ad80-923ae62dbd44,1761218697693239951,-0.541687,0.858307,-0.310898,-0.010254,-0.560547,0.866699,0.10053978603517473,-32.972347021356406,85.69619670132114,0.7031868100166321,-0.2086309790611267,-0.1923723816871643,0.6519155502319336
dd8daf80-3f76-49d1-8067-96d495c7e668,c9bcc43a-9701-4fce-ad80-923ae62dbd44,1761218697701234951,-0.541687,0.919342,-0.249863,-0.009766,-0.57373,0.864258,0.10165176042481044,-32.97535637651571,85.71805961808705,0.7030588388442993,-0.20861904323101044,-0.19242249429225922,0.6520426273345947
dd8daf80-3f76-49d1-8067-96d495c7e668,c9bcc43a-9701-4fce-ad80-923ae62dbd44,1761218697709222951,-0.421524,0.921249,0.055313,-0.006348,-0.578613,0.863769,0.1032556691776993,-32.98140369572863,85.7278377853605,0.7029949426651001,-0.20864883065223694,-0.1924648880958557,0.6520894765853882
dd8daf80-3f76-49d1-8067-96d495c7e668,c9bcc43a-9701-4fce-ad80-923ae62dbd44,1761218697717210951,-0.299454,0.982285,-0.066757,-0.01709,-0.57666,0.854492,0.10913427560326178,-32.98698155346308,85.72786117551145,0.7029945850372314,-0.20871643722057343,-0.19246062636375427,0.6520695090293884
dd8daf80-3f76-49d1-8067-96d495c7e668,c9bcc43a-9701-4fce-ad80-923ae62dbd44,1761218697725198951,-0.480652,0.553131,-0.005722,-0.007812,-0.581543,0.867676,0.11332305296926971,-32.99241293285522,85.7121684347484,0.7030810713768005,-0.20879995822906494,-0.19243726134300232,0.65195631980896
dd8daf80-3f76-49d1-8067-96d495c7e668,c9bcc43a-9701-4fce-ad80-923ae62dbd44,1761218697733186951,0.249863,0.432968,-0.127792,-0.015137,-0.560547,0.868652,0.11798257727574551,-32.99378950349429,85.72342482936567,0.7030223608016968,-0.20881599187850952,-0.19243702292442322,0.6520146131515503
dd8daf80-3f76-49d1-8067-96d495c7e668,c9bcc43a-9701-4fce-ad80-923ae62dbd44,1761218697743827951,0.555038,0.432968,-0.249863,0.007813,-0.564941,0.868164,0.11704825282475341,-32.994366768335446,85.72557361091138,0.7030075192451477,-0.20881061255931854,-0.19244995713233948,0.652028501033783
dd8daf80-3f76-49d1-8067-96d495c7e668,c9bcc43a-9701-4fce-ad80-923ae62dbd44,1761218697754468951,0.860214,0.249863,-0.371933,-0.008789,-0.573242,0.855957,0.119796787280093,-32.99830195332607,85.71615483261034,0.7030586004257202,-0.2088661938905716,-0.19243833422660828,0.6519590616226196
dd8daf80-3f76-49d1-8067-96d495c7e668,c9bcc43a-9701-4fce-ad80-923ae62dbd44,1761218697765109951,0.680923,0.616074,-0.310898,-0.004883,-0.563965,0.862305,0.12276860908600386,-33.00237755025816,85.73068402430036,0.7029735445976257,-0.20888368785381317,-0.1924697905778885,0.6520358920097351
dd8daf80-3f76-49d1-8067-96d495c7e668,c9bcc43a-9701-4fce-ad80-923ae62dbd44,1761218697773137951,1.167297,0.370026,-0.188828,-0.015625,-0.567871,0.853516,0.1273679771055116,-33.00546950849288,85.7809085082645,0.7026898264884949,-0.20884445309638977,-0.19255073368549347,0.6523302793502808
dd8daf80-3f76-49d1-8067-96d495c7e668,c9bcc43a-9701-4fce-ad80-923ae62dbd44,1761218697781165951,1.106262,0.06485,-0.371933,-0.006348,-0.556152,0.862793,0.12952590707143083,-33.00325902960394,85.76893977638808,0.7027655839920044,-0.2088632881641388,-0.19250309467315674,0.6522567272186279
dd8daf80-3f76-49d1-8067-96d495c7e668,c9bcc43a-9701-4fce-ad80-923ae62dbd44,1761218697789193951,1.409531,0.310898,-0.494003,0.002441,-0.568359,0.868164,0.12801004440507635,-33.00375248530141,85.76298411153473,0.7027960419654846,-0.20886769890785217,-0.19250434637069702,0.6522220969200134
dd8daf80-3f76-49d1-8067-96d495c7e668,c9bcc43a-9701-4fce-ad80-923ae62dbd44,1761218697797221951,0.860214,0.066757,-0.371933,-0.008789,-0.567383,0.862793,0.12999700386017768,-32.99955810061944,85.77905102889027,0.7027155160903931,-0.20882630348205566,-0.19249755144119263,0.6523241400718689
dd8daf80-3f76-49d1-8067-96d495c7e668,c9bcc43a-9701-4fce-ad80-923ae62dbd44,1761218697807871951,1.228333,-0.301361,-0.616074,-0.012207,-0.558594,0.869141,0.13829609173783702,-32.99942068447947,85.74809532453223,0.7029058933258057,-0.20892468094825745,-0.19238944351673126,0.6521193981170654
dd8daf80-3f76-49d1-8067-96d495c7e668,c9bcc43a-9701-4fce-ad80-923ae62dbd44,1761218697818521951,1.169205,0.432968,-0.432968,0.00293,-0.585938,0.847168,0.13542775377097577,-33.00346338731445,85.71338399176582,0.7030912637710571,-0.2089914232492447,-0.19236676394939423,0.651904821395874
dd8daf80-3f76-49d1-8067-96d495c7e668,c9bcc43a-9701-4fce-ad80-923ae62dbd44,1761218697829171951,1.411438,0.247955,-0.249863,-0.012695,-0.5625,0.863281,0.13966377555014522,-33.00096791667254,85.69938646250579,0.7031825184822083,-0.20902369916439056,-0.19230103492736816,0.6518154740333557
dd8daf80-3f76-49d1-8067-96d495c7e668,c9bcc43a-9701-4fce-ad80-923ae62dbd44,1761218697837161951,1.04332,0.310898,-0.310898,-0.010254,-0.560059,0.861816,0.1477066826491333,-32.99321482333244,85.7125654364227,0.703135073184967,-0.20899981260299683,-0.19223158061504364,0.651894748210907
dd8daf80-3f76-49d1-8067-96d495c7e668,c9bcc43a-9701-4fce-ad80-923ae62dbd44,1761218697845149951,1.04332,-0.055313,-0.432968,-0.003906,-0.566895,0.867187,0.15133711877316938,-32.99420509026573,85.69383148310224,0.7032459378242493,-0.20905794203281403,-0.19218076765537262,0.6517715454101562
dd8daf80-3f76-49d1-8067-96d495c7e668,c9bcc43a-9701-4fce-ad80-923ae62dbd44,1761218697853137951,1.411438,0.190735,-0.066757,-0.010742,-0.565918,0.854492,0.1554783543783889,-32.98559467070426,85.69854517649972,0.7032416462898254,-0.20902079343795776,-0.1921149343252182,0.6518074870109558
dd8daf80-3f76-49d1-8067-96d495c7e668,c9bcc43a-9701-4fce-ad80-923ae62dbd44,1761218697861125951,0.801086,0.06485,-0.066757,-0.01123,-0.563477,0.865723,0.1598232344181201,-32.98630703660271,85.74858715265178,0.7029629349708557,-0.2089659720659256,-0.19218359887599945,0.6521053910255432
dd8daf80-3f76-49d1-8067-96d495c7e668,c9bcc43a-9701-4fce-ad80-923ae62dbd44,1761218697871805951,1.045227,-0.118256,-0.005722,-0.018555,-0.563965,0.867187,0.16412485673848065,-32.985320400524905,85.74175704100038,0.7030107975006104,-0.20899586379528046,-0.192139133810997,0.6520572900772095
dd8daf80-3f76-49d1-8067-96d495c7e668,c9bcc43a-9701-4fce-ad80-923ae62dbd44,1761218697882485951,1.167297,-0.240326,-0.249863,-0.006348,-0.551758,0.855469,0.16523461843254175,-32.97827973316665,85.71529165170186,0.703175961971283,-0.20900337398052216,-0.1920439600944519,0.651904821395874
dd8daf80-3f76-49d1-8067-96d495c7e668,c9bcc43a-9701-4fce-ad80-923ae62dbd44,1761218697893165951,1.045227,-0.118256,0.055313,-0.010254,-0.563477,0.858887,0.16898830450435062,-32.97868461751915,85.67093421462641,0.7034338116645813,-0.20910152792930603,-0.19194230437278748,0.6516250371932983
dd8daf80-3f76-49d1-8067-96d495c7e668,c9bcc43a-9701-4fce-ad80-923ae62dbd44,1761218697903981951,0.740051,-0.423431,0.177383,-0.004883,-0.558105,0.866211,0.17282286344537032,-32.97830799548896,85.63909778274531,0.7036219239234924,-0.20917433500289917,-0.19185851514339447,0.6514232158660889
dd8daf80-3f76-49d1-8067-96d495c7e668,c9bcc43a-9701-4fce-ad80-923ae62dbd44,1761218697914795951,1.045227,-0.118256,0.238419,-0.007324,-0.566406,0.85791,0.17085516724899327,-32.97906015889591,85.62281230778608,0.7037098407745361,-0.20919503271579742,-0.1918451488018036,0.651325523853302
dd8daf80-3f76-49d1-8067-96d495c7e668,c9bcc43a-9701-4fce-ad80-923ae62dbd44,1761218697925609951,0.497818,-0.177383,0.299454,0.00293,-0.557617,0.86084,0.16826586615960357,-32.97807790104934,85.60520482459825,0.7038073539733887,-0.20920376479625702,-0.1918233186006546,0.6512237787246704
dd8daf80-3f76-49d1-8067-96d495c7e668,c9bcc43a-9701-4fce-ad80-923ae62dbd44,1761218697936134951,0.616074,0.310898,0.055313,0.0,-0.555664,0.863281,0.16668319304439402,-32.976718584399265,85.67383638338227,0.7034170031547546,-0.20907148718833923,-0.19195055961608887,0.6516504287719727
dd8daf80-3f76-49d1-8067-96d495c7e668,c9bcc43a-9701-4fce-ad80-923ae62dbd44,1761218697946659951,0.617981,0.06485,-0.249863,-0.005371,-0.558594,0.866699,0.1661434601684987,-32.97570571262707,85.69020202643414,0.7033248543739319,-0.20903480052947998,-0.19197796285152435,0.6517535448074341
dd8daf80-3f76-49d1-8067-96d495c7e668,c9bcc43a-9701-4fce-ad80-923ae62dbd44,1761218697957184951,0.434875,0.06485,-0.188828,0.005371,-0.567871,0.863769,0.16258887438012667,-32.97703618798971,85.7029518278119,0.7032439708709717,-0.20900139212608337,-0.19203060865402222,0.6518359780311584
dd8daf80-3f76-49d1-8067-96d495c7e668,c9bcc43a-9701-4fce-ad80-923ae62dbd44,1761218697967848951,0.555038,-0.482559,-0.432968,0.001953,-0.563965,0.865234,0.1615681148236936,-32.97857681017265,85.72170248839143,0.7031328082084656,-0.20897358655929565,-0.1920798420906067,0.6519503593444824
dd8daf80-3f76-49d1-8067-96d495c7e668,c9bcc43a-9701-4fce-ad80-923ae62dbd44,1761218697978515951,0.555038,-0.421524,-0.310898,-0.002441,-0.543457,0.855957,0.16371166557979389,-32.97623860595984,85.7183623244207,0.7031596302986145,-0.20897704362869263,-0.19204728305339813,0.6519299149513245
dd8daf80-3f76-49d1-8067-96d495c7e668,c9bcc43a-9701-4fce-ad80-923ae62dbd44,1761218697989182951,0.740051,-0.301361,-0.616074,-0.021973,-0.571289,0.869629,0.17238531163574172,-32.978137804449034,85.68428781820475,0.7033645510673523,-0.20909512042999268,-0.1919427067041397,0.6517017483711243
dd8daf80-3f76-49d1-8067-96d495c7e668,c9bcc43a-9701-4fce-ad80-923ae62dbd44,1761218697999827951,0.986099,-0.84877,-0.432968,-0.011719,-0.567383,0.864746,0.17286761838733236,-32.982332212859156,85.65884158838372,0.7035024762153625,-0.20916619896888733,-0.19191718101501465,0.6515375971794128
dd8daf80-3f76-49d1-8067-96d495c7e668,c9bcc43a-9701-4fce-ad80-923ae62dbd44,1761218698010474951,0.555038,-0.665665,-0.616074,-0.012695,-0.555176,0.861816,0.17933459827659587,-32.9810026515899,85.66205962490206,0.7034974098205566,-0.20918944478034973,-0.19187578558921814,0.6515477299690247
dd8daf80-3f76-49d1-8067-96d495c7e668,c9bcc43a-9701-4fce-ad80-923ae62dbd44,1761218698021121951,0.680923,-0.177383,-0.616074,0.001465,-0.553223,0.869629,0.18144495845656772,-32.97762968424784,85.66973920178268,0.7034633755683899,-0.20916788280010223,-0.19185765087604523,0.6515967845916748
dd8daf80-3f76-49d1-8067-96d495c7e668,c9bcc43a-9701-4fce-ad80-923ae62dbd44,1761218698029165951,0.921249,-0.177383,-0.555038,-0.012207,-0.541504,0.868164,0.18607405604890698,-32.973300347561405,85.67592616173171,0.7034437656402588,-0.2091573029756546,-0.19181588292121887,0.651633620262146
dd8daf80-3f76-49d1-8067-96d495c7e668,c9bcc43a-9701-4fce-ad80-923ae62dbd44,1761218698037212951,0.801086,0.06485,-0.188828,-0.004395,-0.544922,0.86084,0.1853783521459161,-32.971057762298685,85.67554312224418,0.7034488320350647,-0.20914022624492645,-0.19180668890476227,0.6516363620758057
dd8daf80-3f76-49d1-8067-96d495c7e668,c9bcc43a-9701-4fce-ad80-923ae62dbd44,1761218698045259951,0.860214,0.127792,-0.127792,-0.00293,-0.558105,0.870605,0.18531472653097772,-32.969276067273015,85.68582701260428,0.7033934593200684,-0.20911173522472382,-0.19181570410728455,0.6517025828361511
dd8daf80-3f76-49d1-8067-96d495c7e668,c9bcc43a-9701-4fce-ad80-923ae62dbd44,1761218698053306951,0.986099,0.127792,-0.066757,0.001953,-0.549805,0.869629,0.18436717870177025,-32.964827065955724,85.69060833995202,0.7033727169036865,-0.2090710550546646,-0.1918049156665802,0.6517412066459656
dd8daf80-3f76-49d1-8067-96d495c7e668,c9bcc43a-9701-4fce-ad80-923ae62dbd44,1761218698063916951,0.984192,0.007629,-0.005722,-0.003906,-0.556152,0.87793,0.18380664433553004,-32.96194773686824,85.69529847155029,0.703350305557251,-0.20904234051704407,-0.19180051982402802,0.6517759561538696
dd8daf80-3f76-49d1-8067-96d495c7e668,c9bcc43a-9701-4fce-ad80-923ae62dbd44,1761218698074526951,1.104355,0.127792,-0.127792,0.003418,-0.547852,0.853027,0.18552137774899152,-32.96068900581008,85.69133954192765,0.7033779621124268,-0.20905102789402008,-0.1917756050825119,0.6517505645751953
dd8daf80-3f76-49d1-8067-96d495c7e668,c9bcc43a-9701-4fce-ad80-923ae62dbd44,1761218698085136951,0.556946,-0.118256,-0.005722,-0.016113,-0.54834,0.875977,0.18974381542670962,-32.95705926597597,85.67437712316939,0.7034880518913269,-0.20908114314079285,-0.1916980743408203,0.6516449451446533
dd8daf80-3f76-49d1-8067-96d495c7e668,c9bcc43a-9701-4fce-ad80-923ae62dbd44,1761218698093145951,0.680923,-0.055313,-0.005722,0.001953,-0.558594,0.864746,0.18827776783347236,-32.95675746044347,85.64992101439661,0.7036252021789551,-0.20911186933517456,-0.19166073203086853,0.6514979600906372
dd8daf80-3f76-49d1-8067-96d495c7e668,c9bcc43a-9701-4fce-ad80-923ae62dbd44,1761218698101157951,0.434875,-0.240326,0.299454,-0.007812,-0.549805,0.862305,0.19261120255399694,-32.95251508155777,85.66551070919917,0.7035514712333679,-0.2090844064950943,-0.19163842499256134,0.6515929698944092
dd8daf80-3f76-49d1-8067-96d495c7e668,c9bcc43a-9701-4fce-ad80-923ae62dbd44,1761218698109169951,0.312805,0.007629,-0.188828,-0.004883,-0.5625,0.865234,0.19124145939806106,-32.95034109701788,85.65662565970085,0.7036036252975464,-0.20907814800739288,-0.19161824882030487,0.6515445709228516
dd8daf80-3f76-49d1-8067-96d495c7e668,c9bcc43a-9701-4fce-ad80-923ae62dbd44,1761218698117181951,-0.116348,0.127792,-0.249863,-0.002441,-0.558105,0.856934,0.18937681250395386,-32.94776140274814,85.61589012184507,0.7038367390632629,-0.20911981165409088,-0.1915406882762909,0.6513022184371948
dd8daf80-3f76-49d1-8067-96d495c7e668,c9bcc43a-9701-4fce-ad80-923ae62dbd44,1761218698127856951,-0.116348,0.005722,-0.066757,0.018555,-0.560547,0.875977,0.1863625745953112,-32.94442691579301,85.64594605956637,0.7036668658256531,-0.20903198421001434,-0.19159506261348724,0.6514979004859924
dd8daf80-3f76-49d1-8067-96d495c7e668,c9bcc43a-9701-4fce-ad80-923ae62dbd44,1761218698138531951,-0.116348,0.005722,-0.127792,-0.000977,-0.543457,0.871094,0.18365231017337316,-32.93769973787265,85.65694040265022,0.7036119699478149,-0.20895691215991974,-0.1915934681892395,0.6515817642211914
dd8daf80-3f76-49d1-8067-96d495c7e668,c9bcc43a-9701-4fce-ad80-923ae62dbd44,1761218698149206951,-0.255585,-0.156403,-0.127792,0.0,-0.553711,0.864746,0.1852380049994303,-32.9367464997507,85.62965446211479,0.7037714719772339,-0.2090056985616684,-0.1915285438299179,0.6514129042625427
dd8daf80-3f76-49d1-8067-96d495c7e668,c9bcc43a-9701-4fce-ad80-923ae62dbd44,1761218698159858951,-0.318527,-0.09346,0.299454,-0.004395,-0.557617,0.875488,0.18667328696273963,-32.933740275932834,85.62822128413194,0.7037874460220337,-0.20899780094623566,-0.1915000081062317,0.6514065861701965
dd8daf80-3f76-49d1-8067-96d495c7e668,c9bcc43a-9701-4fce-ad80-923ae62dbd44,1761218698170508951,-0.192642,-0.581741,-0.005722,-0.009766,-0.557617,0.866699,0.18912980192606174,-32.933308226935225,85.62461405939489,0.703812837600708,-0.2090151309967041,-0.19147588312625885,0.651380717754364
dd8daf80-3f76-49d1-8067-96d495c7e668,c9bcc43a-9701-4fce-ad80-923ae62dbd44,1761218698181158951,-0.135422,-0.398636,0.299454,-0.000488,-0.555664,0.876465,0.18964937250245378,-32.9278810447148,85.6110650703832,0.7039005160331726,-0.2090074121952057,-0.19141709804534912,0.6513057351112366
dd8daf80-3f76-49d1-8067-96d495c7e668,c9bcc43a-9701-4fce-ad80-923ae62dbd44,1761218698191833951,-0.072479,-0.522614,0.421524,-0.003418,-0.55127,0.863281,0.18571900634276248,-32.92146704492543,85.56617380587562,0.7041606307029724,-0.2090206742286682,-0.19132287800312042,0.651047945022583
dd8daf80-3f76-49d1-8067-96d495c7e668,c9bcc43a-9701-4fce-ad80-923ae62dbd44,1761218698202508951,-0.133514,-0.034332,0.60463,-0.000977,-0.549805,0.867676,0.1897967708391777,-32.91914603325776,85.57721479176865,0.7041088938713074,-0.20901118218898773,-0.1913047581911087,0.6511121988296509
dd8daf80-3f76-49d1-8067-96d495c7e668,c9bcc43a-9701-4fce-ad80-923ae62dbd44,1761218698213183951,-0.318527,0.211716,0.787735,-0.004883,-0.54834,0.86084,0.1905852412254083,-32.91446623856112,85.57790514133534,0.7041147351264954,-0.20898577570915222,-0.19127455353736877,0.6511229276657104
dd8daf80-3f76-49d1-8067-96d495c7e668,c9bcc43a-9701-4fce-ad80-923ae62dbd44,1761218698221171951,-0.745773,0.211716,0.787735,-0.010254,-0.552246,0.858887,0.19315547959959845,-32.91493023785736,85.56131878873364,0.7042124271392822,-0.2090308964252472,-0.1912311464548111,0.65101557970047
dd8daf80-3f76-49d1-8067-96d495c7e668,c9bcc43a-9701-4fce-ad80-923ae62dbd44,1761218698229160951,-1.111984,0.516891,0.543594,-0.005371,-0.54834,0.862305,0.1930460331647617,-32.91386299779771,85.60056303667383,0.703991174697876,-0.2089582234621048,-0.19129732251167297,0.6512587070465088
dd8daf80-3f76-49d1-8067-96d495c7e668,c9bcc43a-9701-4fce-ad80-923ae62dbd44,1761218698237149951,-1.29509,0.394821,0.665665,0.001465,-0.552734,0.864258,0.1940622127304139,-32.914069058123516,85.61544638158298,0.7039079070091248,-0.20894041657447815,-0.19131939113140106,0.6513479351997375
dd8daf80-3f76-49d1-8067-96d495c7e668,c9bcc43a-9701-4fce-ad80-923ae62dbd44,1761218698245138951,-0.928879,0.699997,0.482559,0.008301,-0.550293,0.854492,0.19442436861036477,-32.92025938944737,85.58538515426538,0.7040681838989258,-0.20903067290782928,-0.19129756093025208,0.6511520743370056
dd8daf80-3f76-49d1-8067-96d495c7e668,c9bcc43a-9701-4fce-ad80-923ae62dbd44,1761218698255827951,-1.171112,0.82016,0.360489,0.007813,-0.54541,0.863769,0.19433111437100323,-32.923643168036314,85.55157180073412,0.7042540311813354,-0.20910733938217163,-0.19125568866729736,0.6509388089179993
dd8daf80-3f76-49d1-8067-96d495c7e668,c9bcc43a-9701-4fce-ad80-923ae62dbd44,1761218698266516951,-1.537323,1.125336,0.116348,0.011719,-0.553711,0.86084,0.20044184423185837,-32.935406848232304,85.51768062089675,0.7044354677200317,-0.20927084982395172,-0.19122314453125,0.6506994366645813
dd8daf80-3f76-49d1-8067-96d495c7e668,c9bcc43a-9701-4fce-ad80-923ae62dbd44,1761218698277205951,-1.537323,0.637054,-0.371933,0.000977,-0.554199,0.855957,0.20876603143860864,-32.95021280838865,85.51192085128203,0.7044553160667419,-0.2094186544418335,-0.19124561548233032,0.6506237983703613
dd8daf80-3f76-49d1-8067-96d495c7e668,c9bcc43a-9701-4fce-ad80-923ae62dbd44,1761218698287861951,-1.35231,0.577927,-0.249863,-0.008789,-0.563965,0.862305,0.22195262496617169,-32.98177148193574,85.48839346392269,0.7045538425445557,-0.20972661674022675,-0.1913008838891983,0.6504015922546387
dd8daf80-3f76-49d1-8067-96d495c7e668,c9bcc43a-9701-4fce-ad80-923ae62dbd44,1761218698298515951,-1.600266,0.577927,-0.616074,-0.010742,-0.559082,0.861816,0.2263226572952286,-32.99558676064599,85.52114656864791,0.7043502330780029,-0.20978157222270966,-0.19141249358654022,0.6505715250968933
dd8daf80-3f76-49d1-8067-96d495c7e668,c9bcc43a-9701-4fce-ad80-923ae62dbd44,1761218698309169951,-1.537323,0.881195,-0.616074,0.001465,-0.566406,0.869629,0.22298364286377562,-33.012062911225556,85.5362369902395,0.7042291760444641,-0.20983855426311493,-0.19155430793762207,0.650642454624176
dd8daf80-3f76-49d1-8067-96d495c7e668,c9bcc43a-9701-4fce-ad80-923ae62dbd44,1761218698319820951,-1.598358,0.453949,-0.921249,-0.004395,-0.564453,0.868164,0.22432066720234323,-33.025154735101346,85.52586487254132,0.7042666077613831,-0.20994387567043304,-0.19160151481628418,0.6505540013313293
dd8daf80-3f76-49d1-8067-96d495c7e668,c9bcc43a-9701-4fce-ad80-923ae62dbd44,1761218698330471951,-1.600266,0.944138,-0.616074,-0.010254,-0.564941,0.863769,0.22750865263051231,-33.041203881548974,85.52988650358733,0.7042200565338135,-0.21005377173423767,-0.19168052077293396,0.6505456566810608
dd8daf80-3f76-49d1-8067-96d495c7e668,c9bcc43a-9701-4fce-ad80-923ae62dbd44,1761218698341122951,-1.600266,1.188278,-0.799179,-0.013672,-0.573242,0.867676,0.2365408465824185,-33.058923438062195,85.55356353940238,0.704068660736084,-0.21017418801784515,-0.19176916778087616,0.6506445407867432
dd8daf80-3f76-49d1-8067-96d495c7e668,c9bcc43a-9701-4fce-ad80-923ae62dbd44,1761218698349138951,-1.598358,1.125336,-0.677109,-0.018066,-0.574219,0.873535,0.2556096237677218,-33.09522705218504,85.48682407671217,0.7044135928153992,-0.21061696112155914,-0.19173577427864075,0.6501376032829285
dd8daf80-3f76-49d1-8067-96d495c7e668,c9bcc43a-9701-4fce-ad80-923ae62dbd44,1761218698357155951,-1.049042,0.69809,-0.799179,-0.003906,-0.566895,0.877441,0.26142015907795113,-33.10618700041973,85.43794601210163,0.7046806812286377,-0.21079899370670319,-0.1916724294424057,0.6498077511787415
dd8daf80-3f76-49d1-8067-96d495c7e668,c9bcc43a-9701-4fce-ad80-923ae62dbd44,1761218698365172951,-1.049042,0.514984,-0.555038,-0.016113,-0.574707,0.863281,0.26630826387071527,-33.10853056192455,85.46698379283129,0.7045199275016785,-0.21079251170158386,-0.19170910120010376,0.6499733924865723
dd8daf80-3f76-49d1-8067-96d495c7e668,c9bcc43a-9701-4fce-ad80-923ae62dbd44,1761218698373189951,-0.743866,0.331879,-0.494003,-0.012207,-0.57959,0.868652,0.27329935447868453,-33.11298079212712,85.49391245713157,0.7043707966804504,-0.2108144462108612,-0.191740944981575,0.6501184701919556
dd8daf80-3f76-49d1-8067-96d495c7e668,c9bcc43a-9701-4fce-ad80-923ae62dbd44,1761218698383854951,-0.497818,0.394821,-0.188828,-0.007324,-0.574219,0.861328,0.2774645411788027,-33.11448183549129,85.501742218669,0.7043306231498718,-0.21083419024944305,-0.1917382776737213,0.6501563787460327
dd8daf80-3f76-49d1-8067-96d495c7e668,c9bcc43a-9701-4fce-ad80-923ae62dbd44,1761218698394519951,-0.074387,0.089645,-0.310898,-0.016602,-0.560547,0.876953,0.2867529508445313,-33.11315244722599,85.53736188033787,0.7041464447975159,-0.21081915497779846,-0.19173917174339294,0.6503604054450989
dd8daf80-3f76-49d1-8067-96d495c7e668,c9bcc43a-9701-4fce-ad80-923ae62dbd44,1761218698405184951,0.169754,0.394821,-0.066757,-0.012695,-0.562012,0.860352,0.29210356083893835,-33.115912153528654,85.60763479295615,0.7037514448165894,-0.2107488363981247,-0.19185125827789307,0.6507775783538818
dd8daf80-3f76-49d1-8067-96d495c7e668,c9bcc43a-9701-4fce-ad80-923ae62dbd44,1761218698415849951,0.598907,-0.396729,0.116348,-0.024902,-0.569336,0.867187,0.29916432230544404,-33.11825309253397,85.59820146880371,0.7038125991821289,-0.2108190655708313,-0.19180385768413544,0.650702714920044
dd8daf80-3f76-49d1-8067-96d495c7e668,c9bcc43a-9701-4fce-ad80-923ae62dbd44,1761218698426512951,0.658035,-0.337601,-0.066757,-0.015137,-0.556152,0.86084,0.30504230947712446,-33.11786210649949,85.58520462148238,0.7038969397544861,-0.21087180078029633,-0.19174161553382874,0.6506127119064331
dd8daf80-3f76-49d1-8067-96d495c7e668,c9bcc43a-9701-4fce-ad80-923ae62dbd44,1761218698437175951,0.782013,-0.522614,0.177383,-0.001953,-0.571289,0.867187,0.30795632140749823,-33.11597949853444,85.58123548074869,0.703927755355835,-0.21088345348834991,-0.19170570373535156,0.6505861282348633
dd8daf80-3f76-49d1-8067-96d495c7e668,c9bcc43a-9701-4fce-ad80-923ae62dbd44,1761218698447847951,0.415802,-0.461578,0.360489,-0.020996,-0.556152,0.859375,0.3178100535711154,-33.113525675806976,85.58200238209348,0.7039443254470825,-0.21092304587364197,-0.19163262844085693,0.6505769491195679
dd8daf80-3f76-49d1-8067-96d495c7e668,c9bcc43a-9701-4fce-ad80-923ae62dbd44,1761218698458518951,0.478745,-0.703812,0.116348,-0.012207,-0.560059,0.86084,0.3229202163611788,-33.11307079857398,85.58310609222751,0.7039474248886108,-0.2109474390745163,-0.19160068035125732,0.6505750417709351
dd8daf80-3f76-49d1-8067-96d495c7e668,c9bcc43a-9701-4fce-ad80-923ae62dbd44,1761218698469189951,0.169754,-0.642776,0.238419,-0.016602,-0.543457,0.855957,0.3316520624710767,-33.11173433944009,85.60231174482948,0.7038553953170776,-0.21095670759677887,-0.1915747970342636,0.6506792306900024
dd8daf80-3f76-49d1-8067-96d495c7e668,c9bcc43a-9701-4fce-ad80-923ae62dbd44,1761218698477170951,-0.074387,-1.070023,0.299454,-0.00293,-0.560547,0.864746,0.3329973487049341,-33.11179680598338,85.64057533124185,0.7036402225494385,-0.21090075373649597,-0.191637322306633,0.6509116291999817
dd8daf80-3f76-49d1-8067-96d495c7e668,c9bcc43a-9701-4fce-ad80-923ae62dbd44,1761218698485149951,-0.072479,-1.190186,0.543594,-0.015137,-0.565918,0.864746,0.33581748836296726,-33.10921548341728,85.6114148146242,0.703815221786499,-0.21094968914985657,-0.19155164062976837,0.6507318019866943
dd8daf80-3f76-49d1-8067-96d495c7e668,c9bcc43a-9701-4fce-ad80-923ae62dbd44,1761218698493128951,0.478745,-0.886917,0.543594,-0.007812,-0.554688,0.866211,0.3369765369953166,-33.10566432733196,85.61549974895128,0.70380038022995,-0.21092766523361206,-0.19153183698654175,0.6507608294487
dd8daf80-3f76-49d1-8067-96d495c7e668,c9bcc43a-9701-4fce-ad80-923ae62dbd44,1761218698501107951,0.293732,-0.94986,0.482559,-0.026367,-0.570801,0.86084,0.34084811020310224,-33.10435523967138,85.68741587213262,0.7034006714820862,-0.21082140505313873,-0.1916329562664032,0.6511974930763245
dd8daf80-3f76-49d1-8067-96d495c7e668,c9bcc43a-9701-4fce-ad80-923ae62dbd44,1761218698511797951,0.535965,-0.764847,0.543594,-0.007812,-0.553711,0.865234,0.34223002355922894,-33.10288901161704,85.67161048844659,0.703495442867279,-0.2108466923236847,-0.19158704578876495,0.6511004567146301
dd8daf80-3f76-49d1-8067-96d495c7e668,c9bcc43a-9701-4fce-ad80-923ae62dbd44,1761218698522487951,0.598907,-1.010895,0.60463,0.000488,-0.559082,0.869629,0.3421936175246867,-33.10243328637412,85.65419263069371,0.7035951614379883,-0.2108728289604187,-0.19155262410640717,0.6509943008422852
dd8daf80-3f76-49d1-8067-96d495c7e668,c9bcc43a-9701-4fce-ad80-923ae62dbd44,1761218698533177951,0.967026,-1.375198,0.421524,-0.008789,-0.544922,0.869141,0.34397885749076834,-33.097081733434884,85.65804569777454,0.7035859227180481,-0.21084371209144592,-0.19151829183101654,0.6510238647460938
dd8daf80-3f76-49d1-8067-96d495c7e668,c9bcc43a-9701-4fce-ad80-923ae62dbd44,1761218698543837951,0.71907,-0.703812,1.214981,-0.009277,-0.562988,0.875977,0.3407710188911059,-33.07705186122954,85.69124176786798,0.7034280896186829,-0.21064722537994385,-0.19148500263690948,0.6512678265571594
dd8daf80-3f76-49d1-8067-96d495c7e668,c9bcc43a-9701-4fce-ad80-923ae62dbd44,1761218698554497951,0.841141,-0.764847,0.909805,-0.007324,-0.549316,0.883301,0.3396373374374959,-33.06117710186737,85.66945449498937,0.7035786509513855,-0.21057988703250885,-0.19136153161525726,0.6511632204055786
dd8daf80-3f76-49d1-8067-96d495c7e668,c9bcc43a-9701-4fce-ad80-923ae62dbd44,1761218698565157951,1.209259,-0.522614,0.7267,0.000977,-0.573242,0.87793,0.3348506070499782,-33.05001312858721,85.65615141552878,0.7036663889884949,-0.21050645411014557,-0.19130292534828186,0.6511093974113464
dd8daf80-3f76-49d1-8067-96d495c7e668,c9bcc43a-9701-4fce-ad80-923ae62dbd44,1761218698573161951,1.455307,0.272751,0.787735,-0.000488,-0.564941,0.865234,0.3327426664793167,-33.03532517230461,85.65996274145328,0.7036677002906799,-0.21039807796478271,-0.19123925268650055,0.6511616706848145
dd8daf80-3f76-49d1-8067-96d495c7e668,c9bcc43a-9701-4fce-ad80-923ae62dbd44,1761218698581165951,1.512527,0.272751,0.60463,-0.003418,-0.570801,0.872559,0.33604626669981086,-33.023335993505455,85.63172356785132,0.7038552761077881,-0.21039043366909027,-0.1910988688468933,0.6510026454925537
dd8daf80-3f76-49d1-8067-96d495c7e668,c9bcc43a-9701-4fce-ad80-923ae62dbd44,1761218698589169951,1.636505,0.453949,0.177383,0.001465,-0.561035,0.864258,0.3377012950805475,-33.006402776611104,85.62867313837957,0.7039058804512024,-0.21030108630657196,-0.1909867227077484,0.6510096788406372
dd8daf80-3f76-49d1-8067-96d495c7e668,c9bcc43a-9701-4fce-ad80-923ae62dbd44,1761218698597173951,1.329422,0.822067,-0.127792,-0.003418,-0.561035,0.86084,0.3431679423781667,-32.99092151230037,85.67688772013959,0.7036688923835754,-0.2101568579673767,-0.19095346331596375,0.6513221859931946
dd8daf80-3f76-49d1-8067-96d495c7e668,c9bcc43a-9701-4fce-ad80-923ae62dbd44,1761218698607839951,1.146317,0.883102,-0.249863,0.003418,-0.548828,0.868164,0.343322329383269,-32.975869809753206,85.69791830499547,0.7035766839981079,-0.2100304216146469,-0.1909053474664688,0.6514766812324524
dd8daf80-3f76-49d1-8067-96d495c7e668,c9bcc43a-9701-4fce-ad80-923ae62dbd44,1761218698618505951,1.085281,0.577927,-0.432968,0.0,-0.556152,0.85791,0.34840436528302954,-32.96021700125677,85.68604207797931,0.7036808133125305,-0.20998312532901764,-0.1907632201910019,0.6514211297035217
dd8daf80-3f76-49d1-8067-96d495c7e668,c9bcc43a-9701-4fce-ad80-923ae62dbd44,1761218698629171951,0.782013,0.514984,-0.371933,-0.015625,-0.553223,0.871094,0.34996790483385815,-32.95895834252548,85.66637658958392,0.703797459602356,-0.21001704037189484,-0.1907104104757309,0.6512995958328247
dd8daf80-3f76-49d1-8067-96d495c7e668,c9bcc43a-9701-4fce-ad80-923ae62dbd44,1761218698639861951,0.535965,0.577927,-0.494003,-0.012207,-0.545898,0.868652,0.35840505714261356,-32.94930117791777,85.65583405189446,0.7038887739181519,-0.21002331376075745,-0.19058427214622498,0.651235818862915
dd8daf80-3f76-49d1-8067-96d495c7e668,c9bcc43a-9701-4fce-ad80-923ae62dbd44,1761218698650549951,0.598907,-0.034332,-0.555038,-0.016602,-0.553711,0.866211,0.36328337444357045,-32.94564338225945,85.63203797521106,0.704038679599762,-0.21006816625595093,-0.19048985838890076,0.6510869264602661
dd8daf80-3f76-49d1-8067-96d495c7e668,c9bcc43a-9701-4fce-ad80-923ae62dbd44,1761218698661237951,0.782013,0.209808,-0.799179,-0.007324,-0.564941,0.868164,0.3669625294788974,-32.94525331124839,85.64115767631117,0.7039936780929565,-0.21007151901721954,-0.1904817521572113,0.6511368751525879
dd8daf80-3f76-49d1-8067-96d495c7e668,c9bcc43a-9701-4fce-ad80-923ae62dbd44,1761218698669224951,0.720978,-0.034332,-0.677109,-0.013184,-0.557129,0.859375,0.3703907622921032,-32.94436971453763,85.70279035724869,0.7036506533622742,-0.20998311042785645,-0.19056862592697144,0.6515106558799744
dd8daf80-3f76-49d1-8067-96d495c7e668,c9bcc43a-9701-4fce-ad80-923ae62dbd44,1761218698677213951,0.965118,0.514984,-0.555038,-0.023438,-0.562988,0.873047,0.37631823391625463,-32.94274956783778,85.73833630440046,0.7034612894058228,-0.20994777977466583,-0.19058813154697418,0.6517207622528076
dd8daf80-3f76-49d1-8067-96d495c7e668,c9bcc43a-9701-4fce-ad80-923ae62dbd44,1761218698685202951,0.720978,0.148773,-0.616074,-0.015137,-0.541504,0.858398,0.38069957627050294,-32.937441773144954,85.73082208286542,0.7035208344459534,-0.20995266735553741,-0.19051721692085266,0.6516756415367126
dd8daf80-3f76-49d1-8067-96d495c7e668,c9bcc43a-9701-4fce-ad80-923ae62dbd44,1761218698693191951,1.087189,0.453949,-0.555038,0.000488,-0.551758,0.87207,0.37959631783883385,-32.933284136356974,85.75049674773399,0.7034145593643188,-0.20988820493221283,-0.19053633511066437,0.6518055200576782
dd8daf80-3f76-49d1-8067-96d495c7e668,c9bcc43a-9701-4fce-ad80-923ae62dbd44,1761218698703852951,1.146317,0.211716,-0.616074,-0.019043,-0.55127,0.865723,0.3845668730247076,-32.93059606578405,85.75785824643279,0.7033857703208923,-0.2098877727985382,-0.19050398468971252,0.651846170425415
dd8daf80-3f76-49d1-8067-96d495c7e668,c9bcc43a-9701-4fce-ad80-923ae62dbd44,1761218698714513951,0.967026,-0.21553,-0.555038,-0.020996,-0.544434,0.871094,0.3915337256783202,-32.92810459298494,85.73829612810047,0.7035130858421326,-0.20994463562965393,-0.19041118025779724,0.6517176032066345
dd8daf80-3f76-49d1-8067-96d495c7e668,c9bcc43a-9701-4fce-ad80-923ae62dbd44,1761218698725174951,0.965118,0.331879,0.055313,-0.008789,-0.554688,0.875977,0.39398347219835034,-32.92365589678455,85.71375003611101,0.7036647200584412,-0.2099720686674118,-0.1903258115053177,0.6515700221061707
dd8daf80-3f76-49d1-8067-96d495c7e668,c9bcc43a-9701-4fce-ad80-923ae62dbd44,1761218698735847951,0.841141,-0.398636,-0.127792,-0.021484,-0.562012,0.868652,0.4062723010739097,-32.919065976514396,85.65589368994755,0.704022228717804,-0.21010982990264893,-0.19011813402175903,0.6511999368667603
dd8daf80-3f76-49d1-8067-96d495c7e668,c9bcc43a-9701-4fce-ad80-923ae62dbd44,1761218698746521951,0.782013,-0.278473,-0.249863,0.003906,-0.551758,0.861328,0.4049933133649481,-32.91553524611279,85.62838513926027,0.7041827440261841,-0.21012654900550842,-0.19005544483661652,0.6510392427444458
dd8daf80-3f76-49d1-8067-96d495c7e668,c9bcc43a-9701-4fce-ad80-923ae62dbd44,1761218698757195951,0.720978,-0.522614,-0.127792,-0.003418,-0.550781,0.862305,0.40396766660368566,-32.9129760313024,85.61275741138606,0.7042744159698486,-0.21013092994689941,-0.19001851975917816,0.6509494781494141
dd8daf80-3f76-49d1-8067-96d495c7e668,c9bcc43a-9701-4fce-ad80-923ae62dbd44,1761218698765207951,0.841141,-0.581741,-0.249863,-0.007812,-0.550781,0.859863,0.4061078199775955,-32.91167426418866,85.6733110303711,0.7039362192153931,-0.21003468334674835,-0.19010896980762482,0.6513198018074036
dd8daf80-3f76-49d1-8067-96d495c7e668,c9bcc43a-9701-4fce-ad80-923ae62dbd44,1761218698773220951,0.658035,-0.642776,-0.432968,-0.01709,-0.541504,0.866211,0.41189445841441513,-32.908331780218425,85.70759240294555,0.7037569284439087,-0.2099902182817459,-0.19011721014976501,0.6515254378318787
dd8daf80-3f76-49d1-8067-96d495c7e668,c9bcc43a-9701-4fce-ad80-923ae62dbd44,1761218698781233951,0.535965,-0.764847,-0.371933,-0.014648,-0.541016,0.856445,0.41000825124180607,-32.90008346823842,85.68603121846982,0.7038911581039429,-0.20996467769145966,-0.19004228711128235,0.6514105796813965
dd8daf80-3f76-49d1-8067-96d495c7e668,c9bcc43a-9701-4fce-ad80-923ae62dbd44,1761218698789246951,0.352859,-1.070023,-0.066757,-0.021973,-0.546875,0.861816,0.4181580169888761,-32.896264523243566,85.66356382510499,0.7040392160415649,-0.21002483367919922,-0.1899292916059494,0.6512641310691833
dd8daf80-3f76-49d1-8067-96d495c7e668,c9bcc43a-9701-4fce-ad80-923ae62dbd44,1761218698799876951,-0.074387,-0.886917,0.055313,-0.018555,-0.541016,0.849121,0.4216381970561593,-32.894792914719964,85.64100189467791,0.7041758298873901,-0.21007299423217773,-0.18985816836357117,0.6511215567588806
dd8daf80-3f76-49d1-8067-96d495c7e668,c9bcc43a-9701-4fce-ad80-923ae62dbd44,1761218698810506951,-0.19455,-1.190186,0.055313,-0.006348,-0.548828,0.863281,0.42604163741433243,-32.892673572827235,85.62285359673317,0.7042900323867798,-0.21011507511138916,-0.18978576362133026,0.6510055661201477
dd8daf80-3f76-49d1-8067-96d495c7e668,c9bcc43a-9701-4fce-ad80-923ae62dbd44,1761218698821136951,-0.988007,-1.499176,0.360489,-0.018555,-0.560547,0.85791,0.425826243845356,-32.8934335954871,85.60896358292224,0.7043672204017639,-0.21014150977134705,-0.18976594507694244,0.6509193181991577
dd8daf80-3f76-49d1-8067-96d495c7e668,c9bcc43a-9701-4fce-ad80-923ae62dbd44,1761218698831837951,-1.354218,-1.438141,0.177383,-0.009766,-0.550293,0.865723,0.4106785139936804,-32.91257117910593,85.64345318229759,0.7041118741035461,-0.2101156860589981,-0.1900312602519989,0.6511264443397522
dd8daf80-3f76-49d1-8067-96d495c7e668,c9bcc43a-9701-4fce-ad80-923ae62dbd44,1761218698842539951,-1.537323,-1.373291,0.238419,-0.015625,-0.546875,0.866699,0.4081803257079938,-32.92493263956982,85.68414224520312,0.7038543224334717,-0.21010978519916534,-0.1901916265487671,0.6513599157333374
dd8daf80-3f76-49d1-8067-96d495c7e668,c9bcc43a-9701-4fce-ad80-923ae62dbd44,1761218698853241951,-1.783371,-1.314163,0.299454,-0.00293,-0.562012,0.855957,0.39842414945765003,-32.94227365867222,85.70730789632442,0.7036753296852112,-0.21012213826179504,-0.19039282202720642,0.6514905691146851
dd8daf80-3f76-49d1-8067-96d495c7e668,c9bcc43a-9701-4fce-ad80-923ae62dbd44,1761218698863913951,-1.537323,-1.621246,0.7267,-0.019043,-0.549805,0.865723,0.394799364952827,-32.95107580044869,85.73273849511456,0.7035089135169983,-0.21011321246623993,-0.19051186740398407,0.6516383290290833
dd8daf80-3f76-49d1-8067-96d495c7e668,c9bcc43a-9701-4fce-ad80-923ae62dbd44,1761218698874586951,-1.842499,-1.499176,0.84877,-0.004883,-0.547363,0.866699,0.38449496910960235,-32.96222268392289,85.74687560601711,0.7033913731575012,-0.21009938418865204,-0.19066457450389862,0.6517250537872314
dd8daf80-3f76-49d1-8067-96d495c7e668,c9bcc43a-9701-4fce-ad80-923ae62dbd44,1761218698885259951,-1.905441,-1.741409,0.84877,-0.006348,-0.563965,0.873047,0.3763584552770665,-32.97781658725825,85.74955781143244,0.7033345699310303,-0.21014419198036194,-0.19080831110477448,0.6517298221588135
dd8daf80-3f76-49d1-8067-96d495c7e668,c9bcc43a-9701-4fce-ad80-923ae62dbd44,1761218698893242951,-2.147675,-1.804352,0.665665,0.0,-0.555664,0.85791,0.35579011434031577,-33.01561730662676,85.75775917654595,0.7031856775283813,-0.21024514734745026,-0.1911650151014328,0.651753306388855
dd8daf80-3f76-49d1-8067-96d495c7e668,c9bcc43a-9701-4fce-ad80-923ae62dbd44,1761218698901223951,-1.966476,-1.98555,0.787735,-0.004883,-0.570801,0.875977,0.34601165992766747,-33.03007374590575,85.78385763977438,0.7029948830604553,-0.21023450791835785,-0.19135528802871704,0.6519067287445068
dd8daf80-3f76-49d1-8067-96d495c7e668,c9bcc43a-9701-4fce-ad80-923ae62dbd44,1761218698909204951,-1.600266,-1.680374,0.909805,0.004395,-0.562012,0.875488,0.3329381079348596,-33.0418039729888,85.80800676824781,0.702814519405365,-0.21019160747528076,-0.19154664874076843,0.6520588397979736
dd8daf80-3f76-49d1-8067-96d495c7e668,c9bcc43a-9701-4fce-ad80-923ae62dbd44,1761218698917185951,-1.659393,-1.678467,0.909805,0.0,-0.568848,0.867187,0.320044107409516,-33.05532416517674,85.82999672023239,0.7026434540748596,-0.21016423404216766,-0.1917431354522705,0.6521942615509033
dd8daf80-3f76-49d1-8067-96d495c7e668,c9bcc43a-9701-4fce-ad80-923ae62dbd44,1761218698927860951,-1.171112,-1.499176,1.153946,0.008789,-0.561035,0.873535,0.3081222115620976,-33.06460151433851,85.8830226140667,0.7023048996925354,-0.2100643813610077,-0.19196635484695435,0.6525253057479858
dd8daf80-3f76-49d1-8067-96d495c7e668,c9bcc43a-9701-4fce-ad80-923ae62dbd44,1761218698938535951,-1.111984,-1.680374,0.787735,0.012695,-0.572754,0.870117,0.29706873496648456,-33.07125062498494,85.91211880114689,0.7021086812019348,-0.20999334752559662,-0.1921253502368927,0.6527125239372253
dd8daf80-3f76-49d1-8067-96d495c7e668,c9bcc43a-9701-4fce-ad80-923ae62dbd44,1761218698949210951,-0.621796,-1.499176,0.421524,0.007813,-0.56543,0.874023,0.27629647762478954,-33.07149602434594,85.89461247379641,0.702173113822937,-0.20990589261054993,-0.19222195446491241,0.6526429057121277
dd8daf80-3f76-49d1-8067-96d495c7e668,c9bcc43a-9701-4fce-ad80-923ae62dbd44,1761218698959856951,-0.192642,-1.070023,0.177383,0.000977,-0.562012,0.878906,0.26118923729636784,-33.0701612852347,85.90213812365586,0.702107310295105,-0.20979905128479004,-0.19232068955898285,0.6527189612388611
dd8daf80-3f76-49d1-8067-96d495c7e668,c9bcc43a-9701-4fce-ad80-923ae62dbd44,1761218698970501951,0.293732,-1.190186,0.055313,0.01123,-0.562988,0.879394,0.2524372368025626,-33.06541287519783,85.93695937765753,0.7019028067588806,-0.20966169238090515,-0.19241094589233398,0.6529563665390015
dd8daf80-3f76-49d1-8067-96d495c7e668,c9bcc43a-9701-4fce-ad80-923ae62dbd44,1761218698981146951,0.295639,-0.398636,0.116348,0.013184,-0.56543,0.874023,0.2423774693406962,-33.06113822594408,85.91812981914559,0.7020009160041809,-0.20960983633995056,-0.19241373240947723,0.6528667211532593
dd8daf80-3f76-49d1-8067-96d495c7e668,c9bcc43a-9701-4fce-ad80-923ae62dbd44,1761218698989159951,0.232697,0.026703,-0.616074,0.018555,-0.555664,0.864746,0.22137537854556918,-33.055204715725544,85.87672661111235,0.7022122144699097,-0.20952340960502625,-0.19243285059928894,0.6526615619659424
dd8daf80-3f76-49d1-8067-96d495c7e668,c9bcc43a-9701-4fce-ad80-923ae62dbd44,1761218698997172951,0.230789,0.394821,-0.738144,0.005859,-0.562012,0.872559,0.21146169494693193,-33.05338766668166,85.8871252987987,0.7021396160125732,-0.20943835377693176,-0.1925022453069687,0.6527464985847473
dd8daf80-3f76-49d1-8067-96d495c7e668,c9bcc43a-9701-4fce-ad80-923ae62dbd44,1761218699005185951,0.415802,0.514984,-0.616074,0.012207,-0.569336,0.867676,0.20299741414870412,-33.05079578235407,85.88633003271556,0.7021346092224121,-0.20937560498714447,-0.19253787398338318,0.6527615189552307
dd8daf80-3f76-49d1-8067-96d495c7e668,c9bcc43a-9701-4fce-ad80-923ae62dbd44,1761218699013198951,0.047684,0.272751,-1.104355,0.006836,-0.539551,0.867187,0.19908728129360345,-33.04348031910325,85.859483867178,0.7022941708564758,-0.20935364067554474,-0.19247107207775116,0.6526166200637817
dd8daf80-3f76-49d1-8067-96d495c7e668,c9bcc43a-9701-4fce-ad80-923ae62dbd44,1761218699023860951,-0.135422,0.516891,-1.16539,0.016113,-0.543457,0.865723,0.19248542059185889,-33.03916668106946,85.84622030636939,0.7023664116859436,-0.20931191742420197,-0.1924627125263214,0.6525546908378601
dd8daf80-3f76-49d1-8067-96d495c7e668,c9bcc43a-9701-4fce-ad80-923ae62dbd44,1761218699034522951,-0.192642,0.577927,-1.16539,0.01709,-0.546387,0.863769,0.18454342839723054,-33.036426344608145,85.83542136674482,0.7024195194244385,-0.20926804840564728,-0.1924760490655899,0.6525076627731323
dd8daf80-3f76-49d1-8067-96d495c7e668,c9bcc43a-9701-4fce-ad80-923ae62dbd44,1761218699045184951,-0.135422,0.699997,-1.531601,-0.007812,-0.550293,0.860352,0.18055796271150756,-33.03173131124667,85.82358331050317,0.7024887204170227,-0.20923647284507751,-0.1924521028995514,0.6524503827095032
dd8daf80-3f76-49d1-8067-96d495c7e668,c9bcc43a-9701-4fce-ad80-923ae62dbd44,1761218699053170951,-0.19455,1.003265,-1.409531,0.011719,-0.550293,0.865234,0.17525192446128304,-33.02852857771586,85.81363401157871,0.702542245388031,-0.20920336246490479,-0.1924482136964798,0.6524044871330261
dd8daf80-3f76-49d1-8067-96d495c7e668,c9bcc43a-9701-4fce-ad80-923ae62dbd44,1761218699061156951,-0.072479,1.434326,-1.470566,-0.01123,-0.547363,0.86084,0.17865417945306508,-33.025825163238245,85.82211237259928,0.702504575252533,-0.2091919332742691,-0.19242742657661438,0.6524548530578613
dd8daf80-3f76-49d1-8067-96d495c7e668,c9bcc43a-9701-4fce-ad80-923ae62dbd44,1761218699069142951,0.110626,1.308441,-1.836777,0.005371,-0.560547,0.856445,0.17739994421885555,-33.02146041861612,85.81278498690821,0.702563464641571,-0.20917372405529022,-0.1923932135105133,0.6524073481559753
dd8daf80-3f76-49d1-8067-96d495c7e668,c9bcc43a-9701-4fce-ad80-923ae62dbd44,1761218699077128951,0.169754,1.615524,-1.592636,0.005371,-0.552246,0.869141,0.17846108154533566,-33.01646442128334,85.787848607559,0.7027162313461304,-0.20919102430343628,-0.19231271743774414,0.652260959148407
dd8daf80-3f76-49d1-8067-96d495c7e668,c9bcc43a-9701-4fce-ad80-923ae62dbd44,1761218699087834951,0.171661,2.101898,-1.958847,-0.000488,-0.543945,0.85791,0.18601057255169556,-33.010012650950166,85.74558945535453,0.7029810547828674,-0.2092653214931488,-0.1921525001525879,0.6519989967346191
dd8daf80-3f76-49d1-8067-96d495c7e668,c9bcc43a-9701-4fce-ad80-923ae62dbd44,1761218699098540951,-0.072479,2.285004,-1.958847,-0.012207,-0.550781,0.855957,0.19961059963769404,-33.00470445218054,85.71508345816136,0.7031869888305664,-0.20936128497123718,-0.19198310375213623,0.6517959833145142
dd8daf80-3f76-49d1-8067-96d495c7e668,c9bcc43a-9701-4fce-ad80-923ae62dbd44,1761218699109246951,-0.19455,2.346039,-2.447128,-0.01709,-0.530762,0.847656,0.21597365441946695,-33.00149994486163,85.69762261748102,0.7033194899559021,-0.2094639390707016,-0.1918325275182724,0.6516643762588501
dd8daf80-3f76-49d1-8067-96d495c7e668,c9bcc43a-9701-4fce-ad80-923ae62dbd44,1761218699117227951,-1.171112,3.078461,-1.897812,-0.023926,-0.544922,0.857422,0.23797267121779633,-33.00130786220106,85.68242748423481,0.7034430503845215,-0.20961329340934753,-0.19166861474514008,0.6515311598777771
dd8daf80-3f76-49d1-8067-96d495c7e668,c9bcc43a-9701-4fce-ad80-923ae62dbd44,1761218699125210951,-1.29509,2.531052,-1.531601,-0.029785,-0.552246,0.859375,0.2651429466591761,-33.008770450708305,85.71165615085341,0.7033088207244873,-0.20976464450359344,-0.1915978193283081,0.651648223400116
dd8daf80-3f76-49d1-8067-96d495c7e668,c9bcc43a-9701-4fce-ad80-923ae62dbd44,1761218699133193951,-2.025604,2.468109,-1.409531,-0.020996,-0.544434,0.840332,0.2865016353886716,-33.02106288806569,85.79199383765429,0.7028653621673584,-0.20982712507247925,-0.19168388843536377,0.6520810723304749
dd8daf80-3f76-49d1-8067-96d495c7e668,c9bcc43a-9701-4fce-ad80-923ae62dbd44,1761218699141176951,-3.065109,2.653122,-0.982285,-0.010254,-0.541016,0.848633,0.30810983496949823,-33.04007040220417,85.79448252659193,0.7028530836105347,-0.21006232500076294,-0.19166424870491028,0.6520243883132935
dd8daf80-3f76-49d1-8067-96d495c7e668,c9bcc43a-9701-4fce-ad80-923ae62dbd44,1761218699151856951,-3.736496,1.676559,-0.677109,-0.040527,-0.548828,0.853027,0.3405584810864686,-33.06454157708619,85.78147361099168,0.7029372453689575,-0.21041856706142426,-0.19158081710338593,0.651843249797821
dd8daf80-3f76-49d1-8067-96d495c7e668,c9bcc43a-9701-4fce-ad80-923ae62dbd44,1761218699162536951,-4.529953,1.676559,0.421524,-0.049316,-0.563477,0.843262,0.37286273460610425,-33.101495559590326,85.75544316093705,0.7030726671218872,-0.2108721286058426,-0.19154536724090576,0.6515609622001648
dd8daf80-3f76-49d1-8067-96d495c7e668,c9bcc43a-9701-4fce-ad80-923ae62dbd44,1761218699173216951,-5.079269,0.761032,0.7267,-0.039062,-0.552246,0.857422,0.4034019666989646,-33.14328497015214,85.74043894907066,0.7031336426734924,-0.21132676303386688,-0.19156843423843384,0.6513410210609436
dd8daf80-3f76-49d1-8067-96d495c7e668,c9bcc43a-9701-4fce-ad80-923ae62dbd44,1761218699183884951,-5.443573,0.453949,2.008438,-0.036133,-0.552734,0.871582,0.45887757897099896,-33.23346731130845,85.78395948047802,0.7028163075447083,-0.21212138235569,-0.1918223649263382,0.6513504385948181
dd8daf80-3f76-49d1-8067-96d495c7e668,c9bcc43a-9701-4fce-ad80-923ae62dbd44,1761218699194554951,-5.382538,-0.339508,2.985001,-0.03418,-0.572754,0.878906,0.4881328318874926,-33.283072279135936,85.85945644549317,0.7023465037345886,-0.21246472001075745,-0.19206564128398895,0.651673436164856
dd8daf80-3f76-49d1-8067-96d495c7e668,c9bcc43a-9701-4fce-ad80-923ae62dbd44,1761218699205224951,-5.443573,-1.010895,3.473282,-0.033691,-0.581055,0.879394,0.5135749930639464,-33.32964429556633,85.96058379779743,0.7017297744750977,-0.2127244770526886,-0.19236308336257935,0.6521651148796082
dd8daf80-3f76-49d1-8067-96d495c7e668,c9bcc43a-9701-4fce-ad80-923ae62dbd44,1761218699213240951,-4.34494,-2.475739,4.816055,-0.024414,-0.574707,0.882324,0.5303510099705692,-33.36832057430351,86.02769253231627,0.7013061046600342,-0.212943434715271,-0.19260583817958832,0.6524776220321655
dd8daf80-3f76-49d1-8067-96d495c7e668,c9bcc43a-9701-4fce-ad80-923ae62dbd44,1761218699221256951,-4.1008,-2.109528,5.121231,-0.019043,-0.578125,0.880859,0.5446258048423274,-33.40339069333486,86.11464787614955,0.7007715106010437,-0.21309247612953186,-0.1928805112838745,0.6529220342636108
dd8daf80-3f76-49d1-8067-96d495c7e668,c9bcc43a-9701-4fce-ad80-923ae62dbd44,1761218699229272951,-3.305435,-2.717972,5.487442,-0.023926,-0.591309,0.880371,0.5636600630057444,-33.438287939733065,86.23450566044333,0.700057327747345,-0.2132118046283722,-0.1931866705417633,0.6535583734512329
dd8daf80-3f76-49d1-8067-96d495c7e668,c9bcc43a-9701-4fce-ad80-923ae62dbd44,1761218699245261951,-2.20871,-2.96402,5.975723,-0.025879,-0.58252,0.883301,0.5996308864711701,-33.48355224292191,86.367521466059,0.6992773413658142,-0.2134682685136795,-0.19347381591796875,0.6542242765426636
dd8daf80-3f76-49d1-8067-96d495c7e668,c9bcc43a-9701-4fce-ad80-923ae62dbd44,1761218699253234951,-1.659393,-3.147125,6.280899,-0.02002,-0.573242,0.876465,0.6165948529281289,-33.494862257550295,86.40837352086099,0.6990523338317871,-0.213564932346344,-0.1935112327337265,0.6544221639633179
dd8daf80-3f76-49d1-8067-96d495c7e668,c9bcc43a-9701-4fce-ad80-923ae62dbd44,1761218699261207951,-0.806808,-3.755569,6.280899,-0.008301,-0.576172,0.870605,0.6239168859040084,-33.50280381007437,86.45425989680085,0.6987882852554321,-0.21357756853103638,-0.19359761476516724,0.6546743512153625
dd8daf80-3f76-49d1-8067-96d495c7e668,c9bcc43a-9701-4fce-ad80-923ae62dbd44,1761218699269180951,-0.562668,-3.511429,6.76918,-0.004883,-0.575684,0.87793,0.6291978406858163,-33.50275565847431,86.51065857309273,0.6984750032424927,-0.2135121375322342,-0.19367024302482605,0.6550084948539734
dd8daf80-3f76-49d1-8067-96d495c7e668,c9bcc43a-9701-4fce-ad80-923ae62dbd44,1761218699279851951,0.110626,-3.326416,6.464005,-0.006836,-0.584473,0.868164,0.6383994557488184,-33.50084680573918,86.58617674389919,0.6980621814727783,-0.21342550218105316,-0.19374389946460724,0.6554548740386963
dd8daf80-3f76-49d1-8067-96d495c7e668,c9bcc43a-9701-4fce-ad80-923ae62dbd44,1761218699290522951,0.658035,-3.389359,7.013321,-0.01123,-0.574219,0.855957,0.646959783860597,-33.49596959949898,86.67810931271042,0.6975593566894531,-0.21328940987586975,-0.19383493065834045,0.6560073494911194
dd8daf80-3f76-49d1-8067-96d495c7e668,c9bcc43a-9701-4fce-ad80-923ae62dbd44,1761218699301193951,0.904083,-3.269196,6.64711,0.00293,-0.561523,0.868652,0.650251224435428,-33.48380600841663,86.77776310029078,0.6970160007476807,-0.21306587755680084,-0.19393037259578705,0.6566290259361267
dd8daf80-3f76-49d1-8067-96d495c7e668,c9bcc43a-9701-4fce-ad80-923ae62dbd44,1761218699311875951,1.329422,-2.901077,6.64711,0.008301,-0.565918,0.863281,0.6572362387598687,-33.46568984858049,86.85909793663623,0.6965940594673157,-0.21285845339298248,-0.193934828042984,0.6571425795555115
dd8daf80-3f76-49d1-8067-96d495c7e668,c9bcc43a-9701-4fce-ad80-923ae62dbd44,1761218699322558951,1.270294,-2.109528,6.52504,0.008789,-0.578613,0.85498,0.6611511404471296,-33.45188363801229,86.90835191779472,0.6963428854942322,-0.21271392703056335,-0.1939230114221573,0.6574589610099792
dd8daf80-3f76-49d1-8067-96d495c7e668,c9bcc43a-9701-4fce-ad80-923ae62dbd44,1761218699333241951,1.207352,-1.86348,5.975723,0.006836,-0.559082,0.858887,0.6709151382197986,-33.43744578718083,86.98399211967943,0.6959511041641235,-0.21255451440811157,-0.19392088055610657,0.6579259037971497
dd8daf80-3f76-49d1-8067-96d495c7e668,c9bcc43a-9701-4fce-ad80-923ae62dbd44,1761218699341237951,0.71907,-1.680374,5.853653,-0.007324,-0.555664,0.848633,0.6986373173273215,-33.4232654320048,87.08497648844822,0.6954432725906372,-0.2124570906162262,-0.1938580870628357,0.6585125923156738
dd8daf80-3f76-49d1-8067-96d495c7e668,c9bcc43a-9701-4fce-ad80-923ae62dbd44,1761218699349233951,0.110626,-1.499176,5.487442,0.010254,-0.569824,0.837402,0.7083672867942357,-33.42739098862561,87.10715764782256,0.6953248977661133,-0.2125004380941391,-0.19386397302150726,0.6586218476295471
dd8daf80-3f76-49d1-8067-96d495c7e668,c9bcc43a-9701-4fce-ad80-923ae62dbd44,1761218699357229951,-0.377655,-1.190186,4.816055,0.01709,-0.568848,0.848144,0.7155458177877153,-33.43149625888842,87.1328216555164,0.695182204246521,-0.21252308785915375,-0.193891704082489,0.6587570309638977
dd8daf80-3f76-49d1-8067-96d495c7e668,c9bcc43a-9701-4fce-ad80-923ae62dbd44,1761218699365225951,-0.43869,-0.644684,4.388809,0.01416,-0.552246,0.848633,0.7264069954188892,-33.43243638797927,87.17170896156834,0.6949753165245056,-0.21252542734146118,-0.1939033716917038,0.6589710712432861
dd8daf80-3f76-49d1-8067-96d495c7e668,c9bcc43a-9701-4fce-ad80-923ae62dbd44,1761218699375865951,-0.680923,-0.09346,3.778458,-0.000977,-0.553223,0.854004,0.7385259351579189,-33.43431455255859,87.19398032464528,0.6948643922805786,-0.21256878972053528,-0.1938820332288742,0.6590803265571594
dd8daf80-3f76-49d1-8067-96d495c7e668,c9bcc43a-9701-4fce-ad80-923ae62dbd44,1761218699386505951,-1.232147,0.148773,2.923965,0.002441,-0.556641,0.850098,0.7484374652352894,-33.44331717089444,87.18970401656098,0.6948897242546082,-0.2126874178647995,-0.19386598467826843,0.6590200662612915
dd8daf80-3f76-49d1-8067-96d495c7e668,c9bcc43a-9701-4fce-ad80-923ae62dbd44,1761218699397145951,-1.111984,0.272751,2.557755,0.003906,-0.553223,0.85791,0.7532827901722164,-33.452580576809005,87.22174402921016,0.6946971416473389,-0.21271702647209167,-0.19394958019256592,0.6591889262199402
dd8daf80-3f76-49d1-8067-96d495c7e668,c9bcc43a-9701-4fce-ad80-923ae62dbd44,1761218699407851951,-2.025604,0.82016,1.031876,-0.003418,-0.553223,0.852539,0.7581839287689328,-33.46273647768235,87.23616435000469,0.6946043968200684,-0.21278215944766998,-0.1940053105354309,0.6592491865158081
dd8daf80-3f76-49d1-8067-96d495c7e668,c9bcc43a-9701-4fce-ad80-923ae62dbd44,1761218699418557951,-2.088547,0.699997,0.299454,0.007813,-0.570312,0.860352,0.7575331515283266,-33.4773919726874,87.21617214569108,0.6946921944618225,-0.212900772690773,-0.19405677914619446,0.6591032147407532
dd8daf80-3f76-49d1-8067-96d495c7e668,c9bcc43a-9701-4fce-ad80-923ae62dbd44,1761218699429263951,-2.025604,0.82016,-0.371933,-0.006348,-0.561035,0.854492,0.7581653922645529,-33.49223578647393,87.20136358855277,0.6947519779205322,-0.21301914751529694,-0.1941111534833908,0.6589859127998352
dd8daf80-3f76-49d1-8067-96d495c7e668,c9bcc43a-9701-4fce-ad80-923ae62dbd44,1761218699439917951,-1.842499,1.369476,-0.799179,0.00293,-0.561523,0.87207,0.7530445505547257,-33.51776957427994,87.17828145217851,0.6948304772377014,-0.21318306028842926,-0.19424670934677124,0.6588101387023926
dd8daf80-3f76-49d1-8067-96d495c7e668,c9bcc43a-9701-4fce-ad80-923ae62dbd44,1761218699450569951,-2.145767,1.554489,-1.348495,-0.005371,-0.570312,0.850098,0.7538858825684678,-33.53647997401994,87.15143064693733,0.6949528455734253,-0.213346466422081,-0.1942996382713318,0.6586124897003174
dd8daf80-3f76-49d1-8067-96d495c7e668,c9bcc43a-9701-4fce-ad80-923ae62dbd44,1761218699461221951,-1.842499,1.613617,-1.775742,0.008789,-0.568359,0.864258,0.7493931104905691,-33.55474088785362,87.09553561899479,0.6952337622642517,-0.21352577209472656,-0.19432814419269562,0.6582494378089905
dd8daf80-3f76-49d1-8067-96d495c7e668,c9bcc43a-9701-4fce-ad80-923ae62dbd44,1761218699471883951,-1.659393,1.979828,-2.141953,-0.015625,-0.575684,0.85791,0.7506817419127234,-33.57150911736062,87.07760782825586,0.6953089237213135,-0.2136649787425995,-0.1943836212158203,0.6581083536148071
dd8daf80-3f76-49d1-8067-96d495c7e668,c9bcc43a-9701-4fce-ad80-923ae62dbd44,1761218699482547951,-1.478195,2.04277,-2.202988,-0.01416,-0.590332,0.862793,0.7544147659128354,-33.59003343947669,87.05153331143043,0.6954318284988403,-0.21384263038635254,-0.19441914558410645,0.6579102873802185
dd8daf80-3f76-49d1-8067-96d495c7e668,c9bcc43a-9701-4fce-ad80-923ae62dbd44,1761218699493211951,-1.783371,1.737595,-2.080917,-0.02832,-0.566406,0.871582,0.7640077442261894,-33.60072818468489,87.01146908331027,0.6956589221954346,-0.21403034031391144,-0.19434776902198792,0.6576301455497742
dd8daf80-3f76-49d1-8067-96d495c7e668,c9bcc43a-9701-4fce-ad80-923ae62dbd44,1761218699501210951,-1.169205,2.04277,-2.325058,-0.01123,-0.569336,0.859375,0.7817679490880309,-33.626556749845854,87.05212953004738,0.6954094171524048,-0.21421946585178375,-0.19446483254432678,0.6577978134155273
dd8daf80-3f76-49d1-8067-96d495c7e668,c9bcc43a-9701-4fce-ad80-923ae62dbd44,1761218699509211951,-0.680923,1.859665,-2.019882,-0.021973,-0.58252,0.864746,0.7906626409859593,-33.63698712734582,87.03123309330482,0.6955257654190063,-0.2143690437078476,-0.19443190097808838,0.6576357483863831
dd8daf80-3f76-49d1-8067-96d495c7e668,c9bcc43a-9701-4fce-ad80-923ae62dbd44,1761218699517212951,-0.377655,1.739502,-1.897812,-0.029785,-0.572266,0.866211,0.8028273352570178,-33.641900824331685,87.00985137774916,0.6956602931022644,-0.21450482308864594,-0.1943463683128357,0.6574744582176208
dd8daf80-3f76-49d1-8067-96d495c7e668,c9bcc43a-9701-4fce-ad80-923ae62dbd44,1761218699525213951,-0.072479,1.613617,-1.592636,-0.018555,-0.584961,0.869629,0.815988037973163,-33.642461645120456,86.98434922944821,0.6958279013633728,-0.2146269530057907,-0.19422194361686707,0.657293975353241
dd8daf80-3f76-49d1-8067-96d495c7e668,c9bcc43a-9701-4fce-ad80-923ae62dbd44,1761218699535931951,-0.318527,1.859665,-1.226425,-0.029297,-0.575195,0.868164,0.8302757454135754,-33.64352918151259,86.94247401041407,0.6960903406143188,-0.21478627622127533,-0.19406285881996155,0.6570110321044922
dd8daf80-3f76-49d1-8067-96d495c7e668,c9bcc43a-9701-4fce-ad80-923ae62dbd44,1761218699546649951,-0.011444,1.308441,-1.16539,-0.020996,-0.580078,0.867187,0.8420329365715168,-33.642232594864545,86.89931024251203,0.6963599920272827,-0.21491889655590057,-0.19390302896499634,0.6567290425300598
dd8daf80-3f76-49d1-8067-96d495c7e668,c9bcc43a-9701-4fce-ad80-923ae62dbd44,1761218699557367951,0.293732,1.125336,-0.799179,-0.036133,-0.577637,0.866699,0.857587330631789,-33.64159288855364,86.863771878836,0.6965910792350769,-0.21506427228450775,-0.19373813271522522,0.6564849615097046
dd8daf80-3f76-49d1-8067-96d495c7e668,c9bcc43a-9701-4fce-ad80-923ae62dbd44,1761218699565322951,0.232697,0.331879,-0.371933,-0.023438,-0.576172,0.867676,0.8644181044573161,-33.64075991986231,86.91367804850064,0.6963181495666504,-0.21501398086547852,-0.19378547370433807,0.6567769646644592
dd8daf80-3f76-49d1-8067-96d495c7e668,c9bcc43a-9701-4fce-ad80-923ae62dbd44,1761218699573277951,0.415802,0.762939,-0.188828,-0.024414,-0.566895,0.868164,0.8709478617221847,-33.637993321483265,86.94025913883281,0.6961817741394043,-0.21498973667621613,-0.19377973675727844,0.6569311022758484
dd8daf80-3f76-49d1-8067-96d495c7e668,c9bcc43a-9701-4fce-ad80-923ae62dbd44,1761218699581232951,0.169754,0.333786,0.177383,-0.020996,-0.577637,0.850098,0.8744469237934025,-33.64116677920204,86.9166031790998,0.6963176131248474,-0.215068981051445,-0.1937323659658432,0.656775176525116
dd8daf80-3f76-49d1-8067-96d495c7e668,c9bcc43a-9701-4fce-ad80-923ae62dbd44,1761218699589187951,0.110626,0.331879,0.238419,-0.032715,-0.55957,0.86084,0.8804293441290323,-33.63734606544894,86.92388630290458,0.6962928175926208,-0.21506783366203308,-0.19368767738342285,0.6568150520324707
dd8daf80-3f76-49d1-8067-96d495c7e668,c9bcc43a-9701-4fce-ad80-923ae62dbd44,1761218699599846951,0.476837,0.148773,0.360489,-0.015137,-0.564453,0.867187,0.8816375202851519,-33.63476075638336,86.9734965573574,0.6960150599479675,-0.2149752676486969,-0.1937585324048996,0.6571187376976013
dd8daf80-3f76-49d1-8067-96d495c7e668,c9bcc43a-9701-4fce-ad80-923ae62dbd44,1761218699610505951,0.169754,-0.09346,0.7267,-0.015625,-0.56543,0.873047,0.8835728696399656,-33.628825755451956,86.97451425749111,0.6960231065750122,-0.21494872868061066,-0.19371448457241058,0.6571319699287415
dd8daf80-3f76-49d1-8067-96d495c7e668,c9bcc43a-9701-4fce-ad80-923ae62dbd44,1761218699621164951,0.476837,-0.461578,0.299454,-0.016602,-0.550293,0.862793,0.8861910392247939,-33.623826889160874,86.95565908737251,0.6961445808410645,-0.21496538817882538,-0.19363440573215485,0.6570214033126831
dd8daf80-3f76-49d1-8067-96d495c7e668,c9bcc43a-9701-4fce-ad80-923ae62dbd44,1761218699629208951,0.720978,-0.461578,0.60463,-0.022461,-0.569824,0.872559,0.8898882396343537,-33.62138844153605,86.91760298561998,0.6963733434677124,-0.21503612399101257,-0.193526491522789,0.6567875742912292
dd8daf80-3f76-49d1-8067-96d495c7e668,c9bcc43a-9701-4fce-ad80-923ae62dbd44,1761218699637252951,1.024246,-0.398636,0.787735,-0.019531,-0.565918,0.873535,0.8957238740370719,-33.61666786285352,86.93234690820375,0.6963071227073669,-0.21501611173152924,-0.19349150359630585,0.6568746566772461
dd8daf80-3f76-49d1-8067-96d495c7e668,c9bcc43a-9701-4fce-ad80-923ae62dbd44,1761218699645296951,0.658035,-0.276566,0.7267,-0.022949,-0.547852,0.855957,0.9007712995845667,-33.61022584083325,86.94101868317449,0.6962774395942688,-0.21499143540859222,-0.19343999028205872,0.6569293737411499
dd8daf80-3f76-49d1-8067-96d495c7e668,c9bcc43a-9701-4fce-ad80-923ae62dbd44,1761218699653340951,0.598907,0.091553,0.787735,-0.01123,-0.566895,0.863281,0.9000096760120964,-33.60944109754195,86.92900872940177,0.6963464021682739,-0.21500259637832642,-0.19341756403446198,0.6568592190742493
dd8daf80-3f76-49d1-8067-96d495c7e668,c9bcc43a-9701-4fce-ad80-923ae62dbd44,1761218699663959951,0.230789,0.394821,0.60463,-0.01416,-0.556152,0.858398,0.9016334309756077,-33.6048085608407,86.95430217820697,0.6962124109268188,-0.21494118869304657,-0.19342845678329468,0.6570181250572205
dd8daf80-3f76-49d1-8067-96d495c7e668,c9bcc43a-9701-4fce-ad80-923ae62dbd44,1761218699674578951,0.110626,0.026703,0.7267,-0.012695,-0.569336,0.870117,0.899262111199072,-33.60030765050969,87.02991018024807,0.6957827806472778,-0.21477270126342773,-0.1935586780309677,0.6574898362159729
dd8daf80-3f76-49d1-8067-96d495c7e668,c9bcc43a-9701-4fce-ad80-923ae62dbd44,1761218699685197951,-0.135422,-0.154495,0.665665,-0.013672,-0.574219,0.855957,0.9013006440905129,-33.6019313846186,87.00991276161265,0.6958980560302734,-0.21482796967029572,-0.19351817667484283,0.6573617458343506
dd8daf80-3f76-49d1-8067-96d495c7e668,c9bcc43a-9701-4fce-ad80-923ae62dbd44,1761218699693199951,-0.257492,-0.398636,0.360489,-0.009766,-0.552734,0.852051,0.9045309781190429,-33.59648554222878,87.00558512345822,0.6959380507469177,-0.21482089161872864,-0.19345904886722565,0.6573390960693359
dd8daf80-3f76-49d1-8067-96d495c7e668,c9bcc43a-9701-4fce-ad80-923ae62dbd44,1761218699701201951,-0.377655,-0.278473,0.665665,-0.004395,-0.56543,0.849609,0.9032224432466273,-33.59610859790143,86.9928475853045,0.6960095763206482,-0.2148326188325882,-0.19344094395637512,0.6572648286819458
dd8daf80-3f76-49d1-8067-96d495c7e668,c9bcc43a-9701-4fce-ad80-923ae62dbd44,1761218699709203951,-0.745773,-0.398636,0.7267,-0.017578,-0.562012,0.85498,0.9056234899403661,-33.59435724000271,86.96659925173078,0.6961672902107239,-0.2148800790309906,-0.19336704909801483,0.6571040749549866
dd8daf80-3f76-49d1-8067-96d495c7e668,c9bcc43a-9701-4fce-ad80-923ae62dbd44,1761218699717205951,-0.743866,0.026703,0.543594,-0.007812,-0.555664,0.848144,0.9067465129448147,-33.59107084846866,86.92142790804526,0.6964340209960938,-0.21494285762310028,-0.19325657188892365,0.656833291053772
dd8daf80-3f76-49d1-8067-96d495c7e668,c9bcc43a-9701-4fce-ad80-923ae62dbd44,1761218699727893951,-0.806808,0.211716,0.360489,-0.006836,-0.568848,0.854492,0.9044001573133601,-33.59104040169971,86.8963076670977,0.6965740919113159,-0.21497157216072083,-0.19322353601455688,0.6566851139068604
dd8daf80-3f76-49d1-8067-96d495c7e668,c9bcc43a-9701-4fce-ad80-923ae62dbd44,1761218699738581951,-0.745773,0.394821,0.60463,-0.015625,-0.558594,0.859863,0.9029708918521717,-33.58973120313598,86.9040846133481,0.6965294480323792,-0.21494236588478088,-0.1932392716407776,0.6567373275756836
dd8daf80-3f76-49d1-8067-96d495c7e668,c9bcc43a-9701-4fce-ad80-923ae62dbd44,1761218699749269951,-0.806808,0.333786,0.84877,-0.015625,-0.573242,0.859375,0.9051438844624863,-33.58910072000136,86.89066096980739,0.6966111660003662,-0.21497362852096558,-0.19319725036621094,0.6566528081893921
dd8daf80-3f76-49d1-8067-96d495c7e668,c9bcc43a-9701-4fce-ad80-923ae62dbd44,1761218699759898951,-1.111984,0.211716,0.543594,-0.015625,-0.565918,0.862793,0.9115694270339727,-33.59449078471001,86.89152724929974,0.6966074109077454,-0.2150416225194931,-0.19319085776805878,0.6566363573074341
dd8daf80-3f76-49d1-8067-96d495c7e668,c9bcc43a-9701-4fce-ad80-923ae62dbd44,1761218699770527951,-0.743866,0.331879,0.238419,-0.009766,-0.562012,0.853027,0.9074451145605651,-33.593151461026615,86.9024326194309,0.696540355682373,-0.2149914801120758,-0.19322867691516876,0.6567128300666809
dd8daf80-3f76-49d1-8067-96d495c7e668,c9bcc43a-9701-4fce-ad80-923ae62dbd44,1761218699781156951,-0.743866,0.637054,0.055313,-0.013672,-0.569336,0.85791,0.9054320132079987,-33.59266376726638,86.88763844887625,0.6966226100921631,-0.2150019407272339,-0.19321034848690033,0.6566275358200073
dd8daf80-3f76-49d1-8067-96d495c7e668,c9bcc43a-9701-4fce-ad80-923ae62dbd44,1761218699791823951,-0.745773,0.699997,0.177383,-0.009766,-0.566895,0.859863,0.906765373077678,-33.58970788022402,86.84102027276754,0.6968972086906433,-0.21507026255130768,-0.19309774041175842,0.65634685754776
dd8daf80-3f76-49d1-8067-96d495c7e668,c9bcc43a-9701-4fce-ad80-923ae62dbd44,1761218699802489951,-0.682831,0.453949,-0.005722,-0.003906,-0.57666,0.86084,0.9054977742128513,-33.59056641312811,86.81945020479829,0.6970170736312866,-0.21510455012321472,-0.19306990504264832,0.6562165021896362
dd8daf80-3f76-49d1-8067-96d495c7e668,c9bcc43a-9701-4fce-ad80-923ae62dbd44,1761218699813155951,-0.257492,0.394821,-0.371933,-0.015137,-0.5625,0.874512,0.9076170345199409,-33.5862875731705,86.80786642246842,0.6970946192741394,-0.21511028707027435,-0.19301064312458038,0.656149685382843
dd8daf80-3f76-49d1-8067-96d495c7e668,c9bcc43a-9701-4fce-ad80-923ae62dbd44,1761218699821159951,-0.255585,0.453949,-0.005722,-0.019043,-0.575195,0.863769,0.9117748468719874,-33.58408725478214,86.80167686802427,0.6971409916877747,-0.21513119339942932,-0.19296106696128845,0.6561081409454346
dd8daf80-3f76-49d1-8067-96d495c7e668,c9bcc43a-9701-4fce-ad80-923ae62dbd44,1761218699829162951,-0.19455,0.331879,-0.310898,-0.015137,-0.585449,0.86084,0.9154657105390311,-33.58723494587001,86.81036871755272,0.697091817855835,-0.21515674889087677,-0.1929730474948883,0.6561484932899475
dd8daf80-3f76-49d1-8067-96d495c7e668,c9bcc43a-9701-4fce-ad80-923ae62dbd44,1761218699837165951,0.169754,0.150681,-0.310898,-0.02002,-0.56543,0.867187,0.9159832410877983,-33.5829706878385,86.83819353346823,0.6969409584999084,-0.21508702635765076,-0.19299758970737457,0.6563243865966797
dd8daf80-3f76-49d1-8067-96d495c7e668,c9bcc43a-9701-4fce-ad80-923ae62dbd44,1761218699845168951,0.110626,-0.034332,-0.310898,-0.022949,-0.571777,0.86084,0.9205291016632428,-33.582599949781205,86.81843458265075,0.6970624327659607,-0.2151440978050232,-0.19293071329593658,0.6561962962150574
dd8daf80-3f76-49d1-8067-96d495c7e668,c9bcc43a-9701-4fce-ad80-923ae62dbd44,1761218699855823951,-0.135422,0.02861,-0.494003,-0.030273,-0.575684,0.858398,0.9265415617108576,-33.58263604554463,86.8210652575044,0.6970574259757996,-0.21517431735992432,-0.19289928674697876,0.6562009453773499
dd8daf80-3f76-49d1-8067-96d495c7e668,c9bcc43a-9701-4fce-ad80-923ae62dbd44,1761218699866478951,-0.19455,-0.461578,-0.188828,-0.019531,-0.578125,0.868164,0.9306732554163301,-33.58432940042126,86.86272393870522,0.6968227624893188,-0.21513807773590088,-0.19296212494373322,0.6564435958862305
dd8daf80-3f76-49d1-8067-96d495c7e668,c9bcc43a-9701-4fce-ad80-923ae62dbd44,1761218699877133951,-0.135422,-0.398636,0.177383,-0.027832,-0.575195,0.868164,0.9328806681136168,-33.58446825822728,86.88612403772473,0.696692168712616,-0.21511216461658478,-0.1929934322834015,0.656581461429596
dd8daf80-3f76-49d1-8067-96d495c7e668,c9bcc43a-9701-4fce-ad80-923ae62dbd44,1761218699887822951,-0.072479,-0.339508,-0.066757,-0.011719,-0.572754,0.865723,0.942307885872581,-33.58519628360083,86.89075869890968,0.6966801881790161,-0.21516279876232147,-0.19294901192188263,0.6565905809402466
dd8daf80-3f76-49d1-8067-96d495c7e668,c9bcc43a-9701-4fce-ad80-923ae62dbd44,1761218699898509951,-0.19455,-0.213623,-0.249863,-0.023437,-0.563477,0.864746,0.9459975411820738,-33.58533347349261,86.88648449328828,0.6967106461524963,-0.21519196033477783,-0.19291934370994568,0.6565574407577515
dd8daf80-3f76-49d1-8067-96d495c7e668,c9bcc43a-9701-4fce-ad80-923ae62dbd44,1761218699909196951,-0.011444,0.026703,-0.005722,-0.015137,-0.575195,0.864746,0.9487388298623511,-33.585839858868376,86.86511732180244,0.6968367695808411,-0.21524669229984283,-0.19286546111106873,0.6564214825630188
dd8daf80-3f76-49d1-8067-96d495c7e668,c9bcc43a-9701-4fce-ad80-923ae62dbd44,1761218699919858951,0.476837,-0.522614,-0.005722,-0.016602,-0.574707,0.862793,0.9510886683082544,-33.586752258275915,86.83275252252666,0.6970244646072388,-0.2153201401233673,-0.19279561936855316,0.6562185883522034
dd8daf80-3f76-49d1-8067-96d495c7e668,c9bcc43a-9701-4fce-ad80-923ae62dbd44,1761218699930519951,0.415802,-0.213623,-0.188828,-0.02832,-0.573242,0.876465,0.9551401568143918,-33.585918701891174,86.82291922077233,0.6970890760421753,-0.2153548300266266,-0.19274769723415375,0.6561526656150818
dd8daf80-3f76-49d1-8067-96d495c7e668,c9bcc43a-9701-4fce-ad80-923ae62dbd44,1761218699941180951,0.293732,-0.522614,-0.249863,-0.015625,-0.5625,0.859863,0.9533669496363304,-33.58249490616268,86.84255396118371,0.6969797611236572,-0.21529090404510498,-0.1927756667137146,0.656281590461731
dd8daf80-3f76-49d1-8067-96d495c7e668,c9bcc43a-9701-4fce-ad80-923ae62dbd44,1761218699949188951,0.169754,-0.459671,-0.616074,0.000977,-0.571777,0.859375,0.9552605090552906,-33.57884626421038,86.8297265860251,0.6970629096031189,-0.2153012603521347,-0.19271904230117798,0.6562064290046692
dd8daf80-3f76-49d1-8067-96d495c7e668,c9bcc43a-9701-4fce-ad80-923ae62dbd44,1761218699957196951,0.352859,-0.459671,-0.249863,-0.01709,-0.558594,0.86084,0.9571766894588174,-33.57474225102881,86.83595948135303,0.6970377564430237,-0.21527689695358276,-0.1926954686641693,0.6562480926513672
dd8daf80-3f76-49d1-8067-96d495c7e668,c9bcc43a-9701-4fce-ad80-923ae62dbd44,1761218699965204951,0.415802,-0.766754,0.116348,-0.020996,-0.553711,0.875488,0.9563879292894962,-33.56951225166584,86.8348787564701,0.6970519423484802,-0.21524253487586975,-0.1926681250333786,0.6562523245811462
dd8daf80-3f76-49d1-8067-96d495c7e668,c9bcc43a-9701-4fce-ad80-923ae62dbd44,1761218699973212951,0.415802,-0.827789,-0.249863,-0.009277,-0.555176,0.85791,0.9570512144110751,-33.56747762019275,86.82178053487905,0.6971316933631897,-0.21525602042675018,-0.19262777268886566,0.6561750769615173
dd8daf80-3f76-49d1-8067-96d495c7e668,c9bcc43a-9701-4fce-ad80-923ae62dbd44,1761218699983984951,0.293732,-0.827789,-0.127792,-0.014648,-0.577148,0.862793,0.9596886072120969,-33.56915180544835,86.77986803304744,0.69737309217453,-0.21535170078277588,-0.19254261255264282,0.6559121012687683
dd8daf80-3f76-49d1-8067-96d495c7e668,c9bcc43a-9701-4fce-ad80-923ae62dbd44,1761218699994756951,0.352859,-0.642776,0.299454,-0.026367,-0.558594,0.860352,0.967177143694169,-33.56399081057603,86.7637305039285,0.6974872350692749,-0.2153904139995575,-0.19243700802326202,0.6558089852333069
dd8daf80-3f76-49d1-8067-96d495c7e668,c9bcc43a-9701-4fce-ad80-923ae62dbd44,1761218700005528951,0.354767,-0.522614,0.482559,-0.009277,-0.566895,0.864258,0.9702839455436996,-33.560988368568694,86.78353087800599,0.6973844766616821,-0.2153567522764206,-0.1924380362033844,0.6559290289878845
dd8daf80-3f76-49d1-8067-96d495c7e668,c9bcc43a-9701-4fce-ad80-923ae62dbd44,1761218700016071951,0.049591,-0.339508,0.482559,-0.009277,-0.555664,0.868164,0.9703832643711494,-33.55510393355311,86.7864749834045,0.6973782777786255,-0.21531672775745392,-0.19240909814834595,0.6559572815895081
dd8daf80-3f76-49d1-8067-96d495c7e668,c9bcc43a-9701-4fce-ad80-923ae62dbd44,1761218700026614951,0.293732,-0.213623,0.7267,-0.015625,-0.563965,0.87207,0.9733698157861874,-33.54842815217035,86.7671335681644,0.6975058913230896,-0.21532586216926575,-0.19231615960597992,0.6558458209037781
dd8daf80-3f76-49d1-8067-96d495c7e668,c9bcc43a-9701-4fce-ad80-923ae62dbd44,1761218700037157951,-0.011444,-0.339508,0.60463,-0.01416,-0.54248,0.85791,0.975034857387999,-33.54044945095445,86.81494840559574,0.697249174118042,-0.2152068018913269,-0.19234992563724518,0.6561479568481445
dd8daf80-3f76-49d1-8067-96d495c7e668,c9bcc43a-9701-4fce-ad80-923ae62dbd44,1761218700045157951,0.049591,-0.034332,0.665665,-0.016113,-0.566895,0.850586,0.9759240238162327,-33.53469105019226,86.82810520566916,0.6971855759620667,-0.21515494585037231,-0.1923360675573349,0.6562365889549255
dd8daf80-3f76-49d1-8067-96d495c7e668,c9bcc43a-9701-4fce-ad80-923ae62dbd44,1761218700053158951,-0.135422,-0.459671,0.787735,-0.015137,-0.553711,0.866211,0.9775327232676138,-33.52975391291895,86.81814123173284,0.6972541213035583,-0.21515098214149475,-0.1922791451215744,0.6561817526817322
dd8daf80-3f76-49d1-8067-96d495c7e668,c9bcc43a-9701-4fce-ad80-923ae62dbd44,1761218700061159951,-0.255585,-0.461578,0.421524,-0.026367,-0.557129,0.860352,0.980584590445463,-33.52475391193647,86.80414201395928,0.6973482966423035,-0.21516166627407074,-0.1922055035829544,0.6560997366905212
dd8daf80-3f76-49d1-8067-96d495c7e668,c9bcc43a-9701-4fce-ad80-923ae62dbd44,1761218700069160951,-0.377655,-0.278473,0.177383,-0.021973,-0.554688,0.861816,0.9800468605636463,-33.519353275481116,86.7804261013986,0.697492778301239,-0.2151656448841095,-0.19213315844535828,0.65596604347229
dd8daf80-3f76-49d1-8067-96d495c7e668,c9bcc43a-9701-4fce-ad80-923ae62dbd44,1761218700079839951,-0.192642,-0.398636,0.116348,-0.021973,-0.550781,0.864258,0.9795934182784907,-33.512384546172626,86.75904009253321,0.6976268291473389,-0.215156689286232,-0.19205565750598907,0.6558490991592407
dd8daf80-3f76-49d1-8067-96d495c7e668,c9bcc43a-9701-4fce-ad80-923ae62dbd44,1761218700090518951,-0.19455,-0.461578,0.055313,-0.017578,-0.561523,0.861816,0.9815883992198697,-33.51043422728874,86.7427022912535,0.6977271437644958,-0.21518366038799286,-0.192001610994339,0.6557493805885315
dd8daf80-3f76-49d1-8067-96d495c7e668,c9bcc43a-9701-4fce-ad80-923ae62dbd44,1761218700101197951,-0.255585,-0.339508,-0.127792,-0.015137,-0.550781,0.863769,0.9808924598182914,-33.50546736574917,86.78122029860356,0.6975143551826477,-0.21508502960205078,-0.19204957783222198,0.6559940576553345
dd8daf80-3f76-49d1-8067-96d495c7e668,c9bcc43a-9701-4fce-ad80-923ae62dbd44,1761218700111850951,-0.623703,-0.09346,-0.005722,-0.016113,-0.567871,0.859375,0.9838381119320568,-33.499473347760635,86.81305144233026,0.6973477005958557,-0.21501225233078003,-0.19205687940120697,0.6561928987503052
dd8daf80-3f76-49d1-8067-96d495c7e668,c9bcc43a-9701-4fce-ad80-923ae62dbd44,1761218700122503951,-0.682831,-0.461578,-0.127792,-0.014648,-0.560059,0.875977,0.9881129331498831,-33.49474147157511,86.8230363896833,0.6973060965538025,-0.21499133110046387,-0.19202235341072083,0.6562541127204895
dd8daf80-3f76-49d1-8067-96d495c7e668,c9bcc43a-9701-4fce-ad80-923ae62dbd44,1761218700133156951,-0.926971,-0.339508,-0.310898,-0.016602,-0.559082,0.862305,0.9878015351699698,-33.492962552656685,86.8560057081398,0.6971198916435242,-0.21492354571819305,-0.19207584857940674,0.6564583778381348
dd8daf80-3f76-49d1-8067-96d495c7e668,c9bcc43a-9701-4fce-ad80-923ae62dbd44,1761218700141194951,-1.110077,-0.034332,0.055313,-0.02002,-0.561523,0.848633,0.9906954347515875,-33.49076292034266,86.85710812767262,0.69712233543396,-0.21492494642734528,-0.19204764068126678,0.656463623046875
dd8daf80-3f76-49d1-8067-96d495c7e668,c9bcc43a-9701-4fce-ad80-923ae62dbd44,1761218700149231951,-1.169205,-0.09346,-0.188828,-0.018555,-0.558105,0.859375,0.9925460164729974,-33.49665868631083,86.83057609476101,0.6972669363021851,-0.215015709400177,-0.19202056527137756,0.656288206577301
dd8daf80-3f76-49d1-8067-96d495c7e668,c9bcc43a-9701-4fce-ad80-923ae62dbd44,1761218700157268951,-1.842499,0.026703,0.055313,-0.01123,-0.561523,0.85498,0.9950833235989864,-33.51166485760428,86.78671829124251,0.6974956393241882,-0.21519459784030914,-0.19200919568538666,0.6559898257255554
dd8daf80-3f76-49d1-8067-96d495c7e668,c9bcc43a-9701-4fce-ad80-923ae62dbd44,1761218700165305951,-1.842499,-0.034332,-0.188828,-0.020996,-0.567871,0.854492,1.0000283083544521,-33.52671250555101,86.78655194111725,0.6974781155586243,-0.2153143286705017,-0.19206540286540985,0.6559526920318604
dd8daf80-3f76-49d1-8067-96d495c7e668,c9bcc43a-9701-4fce-ad80-923ae62dbd44,1761218700175919951,-2.088547,0.02861,0.055313,-0.009277,-0.583984,0.863769,0.9985389210191346,-33.5453608469236,86.77788152518168,0.6974920630455017,-0.2154332995414734,-0.19216550886631012,0.6558694243431091
dd8daf80-3f76-49d1-8067-96d495c7e668,c9bcc43a-9701-4fce-ad80-923ae62dbd44,1761218700186533951,-2.145767,-0.21553,-0.005722,-0.019043,-0.558105,0.853516,0.9989246208183371,-33.56048003707564,86.75355336306187,0.6976050138473511,-0.21556788682937622,-0.19220441579818726,0.6556936502456665
dd8daf80-3f76-49d1-8067-96d495c7e668,c9bcc43a-9701-4fce-ad80-923ae62dbd44,1761218700197147951,-1.659393,-0.461578,0.360489,-0.009277,-0.571289,0.859863,0.9963746508988998,-33.57375855947203,86.7555566604425,0.6975656151771545,-0.21563038229942322,-0.19230011105537415,0.6556869149208069
dd8daf80-3f76-49d1-8067-96d495c7e668,c9bcc43a-9701-4fce-ad80-923ae62dbd44,1761218700205169951,-1.783371,-0.398636,0.299454,-0.027344,-0.564941,0.868652,0.9983473191993062,-33.584757221812744,86.75269881717736,0.6975656747817993,-0.21571309864521027,-0.1923460066318512,0.6556461453437805
dd8daf80-3f76-49d1-8067-96d495c7e668,c9bcc43a-9701-4fce-ad80-923ae62dbd44,1761218700213191951,-1.415253,-0.156403,-0.005722,-0.018555,-0.566895,0.858887,0.9991083811610809,-33.59458337412379,86.72058155075624,0.6977331638336182,-0.21583089232444763,-0.19233742356300354,0.6554316282272339
dd8daf80-3f76-49d1-8067-96d495c7e668,c9bcc43a-9701-4fce-ad80-923ae62dbd44,1761218700221213951,-1.478195,-0.032425,0.055313,-0.019531,-0.569824,0.868164,1.0013122536406367,-33.60529003416219,86.70370484807997,0.6978142857551575,-0.21593669056892395,-0.19235378503799438,0.6553056240081787
dd8daf80-3f76-49d1-8067-96d495c7e668,c9bcc43a-9701-4fce-ad80-923ae62dbd44,1761218700229235951,-1.41716,-0.09346,0.055313,-0.008301,-0.572754,0.860352,1.0004437855419506,-33.619517545521795,86.70952669206794,0.6977541446685791,-0.21600815653800964,-0.1924518644809723,0.6553173065185547
dd8daf80-3f76-49d1-8067-96d495c7e668,c9bcc43a-9701-4fce-ad80-923ae62dbd44,1761218700239914951,-1.478195,-0.276566,0.055313,-0.016602,-0.579102,0.863769,0.9985103675943524,-33.63243723512492,86.72245584699563,0.6976538896560669,-0.21605366468429565,-0.1925623118877411,0.6553765535354614
dd8daf80-3f76-49d1-8067-96d495c7e668,c9bcc43a-9701-4fce-ad80-923ae62dbd44,1761218700250593951,-1.600266,-0.886917,0.238419,-0.024414,-0.556152,0.845703,0.998649686754911,-33.642129625729325,86.72433711583433,0.6976260542869568,-0.21611003577709198,-0.19262075424194336,0.6553703546524048
dd8daf80-3f76-49d1-8067-96d495c7e668,c9bcc43a-9701-4fce-ad80-923ae62dbd44,1761218700261272951,-1.842499,-0.701904,0.116348,-0.023438,-0.566406,0.847656,0.9923023493537262,-33.66049493862063,86.70029519718757,0.6977200508117676,-0.21622541546821594,-0.19271965324878693,0.6552031636238098
dd8daf80-3f76-49d1-8067-96d495c7e668,c9bcc43a-9701-4fce-ad80-923ae62dbd44,1761218700269240951,-2.574921,-1.316071,0.421524,-0.011719,-0.560059,0.868652,0.983133366872438,-33.67336945407332,86.70407857018193,0.697659969329834,-0.216244637966156,-0.19285663962364197,0.6552204489707947
dd8daf80-3f76-49d1-8067-96d495c7e668,c9bcc43a-9701-4fce-ad80-923ae62dbd44,1761218700277211951,-2.696991,-1.190186,0.299454,-0.025391,-0.567383,0.865723,0.9768400093228218,-33.69346409032865,86.6975414726353,0.6976507902145386,-0.21634142100811005,-0.19299814105033875,0.6551565527915955
dd8daf80-3f76-49d1-8067-96d495c7e668,c9bcc43a-9701-4fce-ad80-923ae62dbd44,1761218700285182951,-2.759933,-1.070023,0.299454,-0.013184,-0.567871,0.853516,0.9683069939650522,-33.71523469958135,86.665515316054,0.6977804899215698,-0.21647852659225464,-0.1931147426366806,0.6549386978149414
dd8daf80-3f76-49d1-8067-96d495c7e668,c9bcc43a-9701-4fce-ad80-923ae62dbd44,1761218700293153951,-3.065109,-0.947952,0.238419,-0.006836,-0.571289,0.852051,0.9579745553556693,-33.740905064046245,86.66594701339523,0.6977145671844482,-0.2165743112564087,-0.1933259814977646,0.654914915561676
dd8daf80-3f76-49d1-8067-96d495c7e668,c9bcc43a-9701-4fce-ad80-923ae62dbd44,1761218700303867951,-3.368378,-0.522614,0.177383,-0.01123,-0.57666,0.85498,0.9505982744507688,-33.76889895864603,86.71700940188197,0.6973599791526794,-0.21661552786827087,-0.19362828135490417,0.655189573764801
dd8daf80-3f76-49d1-8067-96d495c7e668,c9bcc43a-9701-4fce-ad80-923ae62dbd44,1761218700314581951,-3.675461,-0.398636,0.116348,-0.014648,-0.570801,0.853027,0.9468999635738378,-33.799317758219004,86.71544982257183,0.6973080039024353,-0.21678128838539124,-0.1938226819038391,0.6551324725151062
dd8daf80-3f76-49d1-8067-96d495c7e668,c9bcc43a-9701-4fce-ad80-923ae62dbd44,1761218700325295951,-3.246307,-1.010895,0.238419,-0.004883,-0.580078,0.869141,0.9429544144037629,-33.82712780784587,86.71658738600796,0.6972448229789734,-0.216925248503685,-0.19400867819786072,0.6550969481468201
dd8daf80-3f76-49d1-8067-96d495c7e668,c9bcc43a-9701-4fce-ad80-923ae62dbd44,1761218700335937951,-3.185272,-0.94986,0.177383,-0.018066,-0.567871,0.84668,0.9329582802496549,-33.887313985581194,86.72930390036493,0.6970468163490295,-0.2172110378742218,-0.19443947076797485,0.6550850868225098
dd8daf80-3f76-49d1-8067-96d495c7e668,c9bcc43a-9701-4fce-ad80-923ae62dbd44,1761218700346578951,-3.246307,-0.827789,-0.127792,-0.021484,-0.580078,0.856934,0.9272957424929118,-33.916750624008074,86.71721017369983,0.6970532536506653,-0.2173774242401123,-0.19462013244628906,0.6549693942070007
dd8daf80-3f76-49d1-8067-96d495c7e668,c9bcc43a-9701-4fce-ad80-923ae62dbd44,1761218700357219951,-3.43132,-0.703812,-0.127792,-0.023437,-0.578125,0.866699,0.922945041173564,-33.94594170373098,86.7002081195666,0.6970903277397156,-0.21755823493003845,-0.19478203356266022,0.6548216342926025
dd8daf80-3f76-49d1-8067-96d495c7e668,c9bcc43a-9701-4fce-ad80-923ae62dbd44,1761218700367880951,-2.696991,-0.827789,-0.371933,-0.010742,-0.583496,0.859375,0.9115118852653413,-33.97344975247872,86.68728975830189,0.6970949769020081,-0.21768148243427277,-0.1949850469827652,0.6547151803970337
dd8daf80-3f76-49d1-8067-96d495c7e668,c9bcc43a-9701-4fce-ad80-923ae62dbd44,1761218700378541951,-2.634048,-0.886917,-0.555038,-0.005859,-0.577148,0.861816,0.8952127378305601,-33.99702421561458,86.67978554903358,0.6970674395561218,-0.2177439033985138,-0.19520531594753265,0.6546580791473389
dd8daf80-3f76-49d1-8067-96d495c7e668,c9bcc43a-9701-4fce-ad80-923ae62dbd44,1761218700389202951,-2.20871,-0.644684,-0.921249,-0.003418,-0.584473,0.868164,0.883702967412447,-34.01937656834955,86.66545420225954,0.6970891952514648,-0.21783795952796936,-0.1953764259815216,0.6545525193214417
dd8daf80-3f76-49d1-8067-96d495c7e668,c9bcc43a-9701-4fce-ad80-923ae62dbd44,1761218700397205951,-1.840591,-1.070023,-1.16539,-0.018066,-0.584961,0.873047,0.8551457379473285,-34.05230739893012,86.71552962245974,0.6966946125030518,-0.21778877079486847,-0.19583435356616974,0.6548519134521484
dd8daf80-3f76-49d1-8067-96d495c7e668,c9bcc43a-9701-4fce-ad80-923ae62dbd44,1761218700405207951,-1.537323,-0.827789,-1.28746,-0.016602,-0.588867,0.853027,0.8403406747192046,-34.0667397320497,86.70885083166777,0.6966812610626221,-0.21780294179916382,-0.1959945410490036,0.6548135280609131
dd8daf80-3f76-49d1-8067-96d495c7e668,c9bcc43a-9701-4fce-ad80-923ae62dbd44,1761218700413209951,-1.537323,-0.827789,-1.470566,-0.013672,-0.573242,0.848633,0.826814495289445,-34.081018911626806,86.68512100918603,0.6967677474021912,-0.21785274147987366,-0.19611364603042603,0.6546691656112671
dd8daf80-3f76-49d1-8067-96d495c7e668,c9bcc43a-9701-4fce-ad80-923ae62dbd44,1761218700421211951,-0.986099,-0.886917,-1.409531,-0.029297,-0.575195,0.864258,0.8147888983260866,-34.08640800227396,86.64845547381144,0.6969467997550964,-0.21787944436073303,-0.19614799320697784,0.6544593572616577
dd8daf80-3f76-49d1-8067-96d495c7e668,c9bcc43a-9701-4fce-ad80-923ae62dbd44,1761218700431869951,-1.232147,-0.522614,-1.470566,-0.01709,-0.584961,0.862305,0.8039137679969274,-34.09736558898498,86.61081436260628,0.6971231698989868,-0.21794816851615906,-0.19620542228221893,0.6542313694953918
dd8daf80-3f76-49d1-8067-96d495c7e668,c9bcc43a-9701-4fce-ad80-923ae62dbd44,1761218700442527951,-0.680923,-0.581741,-1.470566,-0.015625,-0.568359,0.861816,0.7919915108048717,-34.09759567261317,86.57268620953154,0.6973199844360352,-0.21794679760932922,-0.19620676338672638,0.6540216207504272
dd8daf80-3f76-49d1-8067-96d495c7e668,c9bcc43a-9701-4fce-ad80-923ae62dbd44,1761218700453185951,-0.497818,-0.886917,-1.104355,-0.020996,-0.568359,0.869141,0.7870447386865301,-34.095165770829176,86.57571702232327,0.6972986459732056,-0.2178986370563507,-0.19622869789600372,0.6540538668632507
dd8daf80-3f76-49d1-8067-96d495c7e668,c9bcc43a-9701-4fce-ad80-923ae62dbd44,1761218700463876951,0.415802,-0.701904,-0.738144,-0.026367,-0.580566,0.867676,0.7847416270575592,-34.09184203989362,86.60501999956585,0.697133481502533,-0.21781517565250397,-0.1962793618440628,0.6542424559593201
dd8daf80-3f76-49d1-8067-96d495c7e668,c9bcc43a-9701-4fce-ad80-923ae62dbd44,1761218700474570951,0.598907,-0.396729,-0.738144,-0.03125,-0.572754,0.859375,0.7910896610148581,-34.08936681932725,86.66989625659892,0.6967783570289612,-0.21772527694702148,-0.1963498443365097,0.6546294689178467
dd8daf80-3f76-49d1-8067-96d495c7e668,c9bcc43a-9701-4fce-ad80-923ae62dbd44,1761218700485264951,0.658035,-0.703812,-0.127792,-0.024414,-0.568359,0.86084,0.795737736781475,-34.086136931813655,86.66305423635562,0.6968312859535217,-0.21774399280548096,-0.1962900459766388,0.6545848250389099
dd8daf80-3f76-49d1-8067-96d495c7e668,c9bcc43a-9701-4fce-ad80-923ae62dbd44,1761218700495909951,0.478745,-0.886917,-0.066757,-0.018066,-0.571777,0.863281,0.8027634780412876,-34.07658087107734,86.73039430187472,0.6964759230613708,-0.2176108956336975,-0.19632039964199066,0.6549981236457825
dd8daf80-3f76-49d1-8067-96d495c7e668,c9bcc43a-9701-4fce-ad80-923ae62dbd44,1761218700506553951,0.232697,-0.827789,0.177383,-0.018066,-0.585449,0.862305,0.8041185772290047,-34.077520486261434,86.75397189102567,0.6963417530059814,-0.21758393943309784,-0.19636233150959015,0.6551371216773987
dd8daf80-3f76-49d1-8067-96d495c7e668,c9bcc43a-9701-4fce-ad80-923ae62dbd44,1761218700517197951,0.110626,-0.88501,0.543594,-0.022949,-0.574707,0.852051,0.8074298633833037,-34.076281555723625,86.73360860548404,0.6964660882949829,-0.21763025224208832,-0.19629642367362976,0.6550093293190002
dd8daf80-3f76-49d1-8067-96d495c7e668,c9bcc43a-9701-4fce-ad80-923ae62dbd44,1761218700525263951,0.476837,-1.316071,0.543594,-0.019043,-0.57373,0.863769,0.7973449286777757,-34.0705276363005,86.7136563797841,0.6965733170509338,-0.21757195889949799,-0.19628679752349854,0.6549175381660461
dd8daf80-3f76-49d1-8067-96d495c7e668,c9bcc43a-9701-4fce-ad80-923ae62dbd44,1761218700533330951,0.598907,-0.94986,0.421524,-0.015625,-0.583984,0.868164,0.7967392223125275,-34.06755141797335,86.6930512628043,0.6966954469680786,-0.2175857573747635,-0.19623427093029022,0.6547988057136536
dd8daf80-3f76-49d1-8067-96d495c7e668,c9bcc43a-9701-4fce-ad80-923ae62dbd44,1761218700541397951,0.598907,-0.701904,-0.005722,-0.009766,-0.570801,0.862305,0.7955447660127113,-34.0600814573107,86.67018098767714,0.6968376636505127,-0.21757285296916962,-0.19615523517131805,0.6546754240989685
dd8daf80-3f76-49d1-8067-96d495c7e668,c9bcc43a-9701-4fce-ad80-923ae62dbd44,1761218700549464951,0.535965,-0.703812,0.055313,-0.005371,-0.568848,0.858398,0.7876296301719516,-34.05345331091417,86.66090603889785,0.6968891620635986,-0.2175033539533615,-0.19614772498607635,0.6546459794044495
dd8daf80-3f76-49d1-8067-96d495c7e668,c9bcc43a-9701-4fce-ad80-923ae62dbd44,1761218700560056951,0.658035,-0.398636,-0.127792,-0.001465,-0.581543,0.856934,0.7839060350048613,-34.053169590094576,86.68833893844746,0.6967265605926514,-0.2174334079027176,-0.19622080028057098,0.6548203229904175
dd8daf80-3f76-49d1-8067-96d495c7e668,c9bcc43a-9701-4fce-ad80-923ae62dbd44,1761218700570648951,0.782013,-0.701904,-0.494003,-0.022461,-0.583496,0.853516,0.7877380288620922,-34.05223332460324,86.76608950161312,0.6962903738021851,-0.21731644868850708,-0.19633962213993073,0.6552873849868774
dd8daf80-3f76-49d1-8067-96d495c7e668,c9bcc43a-9701-4fce-ad80-923ae62dbd44,1761218700581240951,0.598907,-0.339508,-0.555038,-0.015137,-0.569824,0.864746,0.7875290957206218,-34.04796708313158,86.79339519147494,0.6961416006088257,-0.21724265813827515,-0.19636815786361694,0.655461311340332
dd8daf80-3f76-49d1-8067-96d495c7e668,c9bcc43a-9701-4fce-ad80-923ae62dbd44,1761218700589215951,0.658035,-0.825882,-0.555038,-0.011719,-0.577148,0.858398,0.7850733078555018,-34.04797379778639,86.74792369667162,0.6963974237442017,-0.21730655431747437,-0.19629690051078796,0.6551896929740906
dd8daf80-3f76-49d1-8067-96d495c7e668,c9bcc43a-9701-4fce-ad80-923ae62dbd44,1761218700597190951,0.720978,-0.827789,-0.860214,0.003418,-0.591797,0.864746,0.7800901547461091,-34.05117936075595,86.74853879756466,0.696379542350769,-0.21729640662670135,-0.19634675979614258,0.6551971435546875
dd8daf80-3f76-49d1-8067-96d495c7e668,c9bcc43a-9701-4fce-ad80-923ae62dbd44,1761218700605165951,0.71907,-0.703812,-0.555038,-0.000488,-0.568359,0.856934,0.7672716382804439,-34.04057883101871,86.73471457888088,0.6964558959007263,-0.21718262135982513,-0.19633758068084717,0.6551564931869507
dd8daf80-3f76-49d1-8067-96d495c7e668,c9bcc43a-9701-4fce-ad80-923ae62dbd44,1761218700613140951,0.965118,-0.644684,-0.799179,-0.006348,-0.583008,0.870117,0.762750378897692,-34.04147044756708,86.70407894043619,0.6966216564178467,-0.2172146737575531,-0.19631211459636688,0.6549772024154663
dd8daf80-3f76-49d1-8067-96d495c7e668,c9bcc43a-9701-4fce-ad80-923ae62dbd44,1761218700621164951,1.085281,-0.581741,-0.677109,-0.004883,-0.580078,0.864258,0.7570904590516501,-34.03713729153249,86.67120112020326,0.6968077421188354,-0.21721239387989044,-0.19625933468341827,0.6547958254814148
dd8daf80-3f76-49d1-8067-96d495c7e668,c9bcc43a-9701-4fce-ad80-923ae62dbd44,1761218700629188951,1.024246,-0.398636,-0.677109,-0.01123,-0.567871,0.864746,0.7519166706934759,-34.028362399482056,86.66608239748398,0.6968441009521484,-0.21713842451572418,-0.19623073935508728,0.6547902822494507
dd8daf80-3f76-49d1-8067-96d495c7e668,c9bcc43a-9701-4fce-ad80-923ae62dbd44,1761218700637212951,1.392365,-0.339508,-0.738144,-0.007324,-0.567871,0.857422,0.7482157161861553,-34.026049636835516,86.70177404205738,0.6966379880905151,-0.21704213321208954,-0.19630758464336395,0.6550184488296509
dd8daf80-3f76-49d1-8067-96d495c7e668,c9bcc43a-9701-4fce-ad80-923ae62dbd44,1761218700645236951,1.146317,-0.21553,-0.738144,-0.004883,-0.573242,0.859375,0.7439015036405681,-34.0195556229484,86.71247409600454,0.696581244468689,-0.21695980429649353,-0.19631679356098175,0.655103325843811
dd8daf80-3f76-49d1-8067-96d495c7e668,c9bcc43a-9701-4fce-ad80-923ae62dbd44,1761218700655878951,1.69754,-0.339508,-0.677109,-0.015625,-0.575195,0.868164,0.7366180309849255,-34.007523842390526,86.683902746296,0.696753978729248,-0.2168942093849182,-0.19623792171478271,0.6549650430679321
dd8daf80-3f76-49d1-8067-96d495c7e668,c9bcc43a-9701-4fce-ad80-923ae62dbd44,1761218700666520951,1.392365,-0.213623,-0.616074,-0.017578,-0.577148,0.863281,0.735773544237829,-33.98987846483604,86.7458693581458,0.6964303255081177,-0.21667638421058655,-0.19625897705554962,0.6553749442100525
dd8daf80-3f76-49d1-8067-96d495c7e668,c9bcc43a-9701-4fce-ad80-923ae62dbd44,1761218700677162951,1.758575,-0.278473,-0.677109,-0.011719,-0.574219,0.853516,0.7299750164514776,-33.97407089549757,86.77035947218413,0.6963090300559998,-0.21650555729866028,-0.19624970853328705,0.6555630564689636
dd8daf80-3f76-49d1-8067-96d495c7e668,c9bcc43a-9701-4fce-ad80-923ae62dbd44,1761218700687833951,1.207352,-0.276566,-0.616074,-0.014648,-0.56543,0.850586,0.7265495940955654,-33.94922526719932,86.72145195979103,0.6966280341148376,-0.21641919016838074,-0.1960354447364807,0.6553168296813965
dd8daf80-3f76-49d1-8067-96d495c7e668,c9bcc43a-9701-4fce-ad80-923ae62dbd44,1761218700698504951,0.476837,-0.339508,-0.494003,-0.015137,-0.569336,0.844727,0.7273597587737223,-33.94921100938245,86.71136930434872,0.6966871023178101,-0.21644099056720734,-0.19601139426231384,0.6552540063858032
dd8daf80-3f76-49d1-8067-96d495c7e668,c9bcc43a-9701-4fce-ad80-923ae62dbd44,1761218700709175951,0.110626,-0.278473,-0.738144,-0.001465,-0.572266,0.845703,0.7233046301412404,-33.94653989447274,86.69419032684058,0.6967832446098328,-0.21643099188804626,-0.195988267660141,0.6551620364189148
dd8daf80-3f76-49d1-8067-96d495c7e668,c9bcc43a-9701-4fce-ad80-923ae62dbd44,1761218700719926951,-1.354218,-0.339508,-0.127792,-0.012207,-0.5625,0.847168,0.7238833370874244,-33.94298581387005,86.67999967998736,0.696871817111969,-0.21643704175949097,-0.19593754410743713,0.6550809741020203
dd8daf80-3f76-49d1-8067-96d495c7e668,c9bcc43a-9701-4fce-ad80-923ae62dbd44,1761218700730678951,-1.966476,0.211716,-0.799179,-0.009766,-0.552246,0.853027,0.7221555964279204,-33.949496432039616,86.6647129195174,0.6969444155693054,-0.21649277210235596,-0.1959565430879593,0.6549795866012573
dd8daf80-3f76-49d1-8067-96d495c7e668,c9bcc43a-9701-4fce-ad80-923ae62dbd44,1761218700741430951,-1.781464,-0.034332,-0.616074,-0.005371,-0.563965,0.855957,0.7178229536284998,-33.964107108143196,86.67614300511407,0.6968451142311096,-0.2165369987487793,-0.19608834385871887,0.655031144618988
dd8daf80-3f76-49d1-8067-96d495c7e668,c9bcc43a-9701-4fce-ad80-923ae62dbd44,1761218700751994951,-2.025604,-0.278473,-0.677109,-0.013672,-0.561035,0.858398,0.7140301161402558,-33.98840717393586,86.63673510205025,0.697019636631012,-0.2167300581932068,-0.19617635011672974,0.6547551155090332
dd8daf80-3f76-49d1-8067-96d495c7e668,c9bcc43a-9701-4fce-ad80-923ae62dbd44,1761218700762557951,-1.966476,-0.154495,-0.616074,-0.018555,-0.562988,0.876465,0.7134013553647467,-33.99888092010899,86.65587655110838,0.696890115737915,-0.2167571783065796,-0.1962764710187912,0.6548539400100708
dd8daf80-3f76-49d1-8067-96d495c7e668,c9bcc43a-9701-4fce-ad80-923ae62dbd44,1761218700773120951,-2.271652,0.089645,-0.860214,-0.015137,-0.566406,0.868652,0.7079235844917615,-34.00965192215544,86.6671252954703,0.6967968344688416,-0.21677187085151672,-0.19639286398887634,0.6549134254455566
dd8daf80-3f76-49d1-8067-96d495c7e668,c9bcc43a-9701-4fce-ad80-923ae62dbd44,1761218700781141951,-1.659393,-0.156403,-0.799179,-0.014648,-0.566895,0.866211,0.6986383303479329,-34.016228508946625,86.66048151139134,0.6968069076538086,-0.21677005290985107,-0.19647449254989624,0.6548787951469421
dd8daf80-3f76-49d1-8067-96d495c7e668,c9bcc43a-9701-4fce-ad80-923ae62dbd44,1761218700789164951,-1.41716,0.02861,-1.04332,-0.005859,-0.559082,0.862793,0.694712197828617,-34.025898378905076,86.65068147860198,0.6968385577201843,-0.216823011636734,-0.19653530418872833,0.6548093557357788
dd8daf80-3f76-49d1-8067-96d495c7e668,c9bcc43a-9701-4fce-ad80-923ae62dbd44,1761218700797187951,-1.41716,-0.276566,-1.28746,-0.007812,-0.570312,0.86084,0.686547146976038,-34.035652528725194,86.6282071369843,0.6969351768493652,-0.21687403321266174,-0.1965983808040619,0.6546706557273865
dd8daf80-3f76-49d1-8067-96d495c7e668,c9bcc43a-9701-4fce-ad80-923ae62dbd44,1761218700805210951,-1.537323,-0.278473,-1.104355,-0.013672,-0.564453,0.855957,0.6798740508435719,-34.040984099417,86.59510563596893,0.6971030831336975,-0.2169250249862671,-0.19660688936710358,0.6544724106788635
dd8daf80-3f76-49d1-8067-96d495c7e668,c9bcc43a-9701-4fce-ad80-923ae62dbd44,1761218700815872951,-1.354218,-0.396729,-0.982285,-0.003906,-0.564453,0.858887,0.6711721090301354,-34.051803725844046,86.5713190159157,0.6972042322158813,-0.21698176860809326,-0.1966768205165863,0.6543247699737549
dd8daf80-3f76-49d1-8067-96d495c7e668,c9bcc43a-9701-4fce-ad80-923ae62dbd44,1761218700826534951,-1.478195,-0.276566,-1.28746,-0.006836,-0.571777,0.859863,0.6597384091645538,-34.058288869609356,86.56192312578744,0.6972264051437378,-0.21697193384170532,-0.19676576554775238,0.6542776823043823
dd8daf80-3f76-49d1-8067-96d495c7e668,c9bcc43a-9701-4fce-ad80-923ae62dbd44,1761218700837196951,-1.232147,-0.339508,-1.409531,-0.006836,-0.575195,0.859375,0.6472707165995507,-34.066377037107024,86.62057091839911,0.6968552470207214,-0.21684902906417847,-0.1969989836215973,0.6546434760093689
dd8daf80-3f76-49d1-8067-96d495c7e668,c9bcc43a-9701-4fce-ad80-923ae62dbd44,1761218700845189951,-0.865936,-0.94986,-1.28746,-0.02832,-0.580566,0.863769,0.6265877823393515,-34.07789873748179,86.66767356449407,0.6965294480323792,-0.2167196422815323,-0.1972799152135849,0.654948353767395
dd8daf80-3f76-49d1-8067-96d495c7e668,c9bcc43a-9701-4fce-ad80-923ae62dbd44,1761218700853182951,-0.926971,-1.132965,-1.04332,-0.010254,-0.567383,0.858887,0.612942977954502,-34.081277145981275,86.68312825805182,0.6964114308357239,-0.21663551032543182,-0.197411447763443,0.6550620198249817
dd8daf80-3f76-49d1-8067-96d495c7e668,c9bcc43a-9701-4fce-ad80-923ae62dbd44,1761218700861175951,-1.111984,-1.131058,-1.104355,-0.010742,-0.578613,0.863769,0.5966757907336206,-34.08766484372248,86.71284538008497,0.6962018013000488,-0.2165299952030182,-0.19760310649871826,0.6552618741989136
dd8daf80-3f76-49d1-8067-96d495c7e668,c9bcc43a-9701-4fce-ad80-923ae62dbd44,1761218700869168951,-0.865936,-0.583649,-0.982285,-0.01709,-0.571777,0.86084,0.5939987058160967,-34.087341180586606,86.68893646040954,0.6963344812393188,-0.2165539413690567,-0.19757233560085297,0.6551222801208496
dd8daf80-3f76-49d1-8067-96d495c7e668,c9bcc43a-9701-4fce-ad80-923ae62dbd44,1761218700879839951,-0.623703,-0.703812,-0.555038,-0.014648,-0.591797,0.85498,0.5966387697559615,-34.08875704756764,86.65842471097989,0.6965108513832092,-0.21663020551204681,-0.19750674068927765,0.6549293398857117
dd8daf80-3f76-49d1-8067-96d495c7e668,c9bcc43a-9701-4fce-ad80-923ae62dbd44,1761218700890510951,-0.806808,-0.947952,0.177383,-0.015625,-0.560547,0.85791,0.6003884088547895,-34.08334044108585,86.62295830475563,0.6967298984527588,-0.2166799157857895,-0.19738583266735077,0.6547163128852844
dd8daf80-3f76-49d1-8067-96d495c7e668,c9bcc43a-9701-4fce-ad80-923ae62dbd44,1761218700901181951,-0.56076,-1.255035,0.238419,-0.006348,-0.579102,0.861328,0.5919922022261391,-34.08590266503855,86.61837435626671,0.6967369318008423,-0.21665537357330322,-0.1974429041147232,0.6546997427940369
dd8daf80-3f76-49d1-8067-96d495c7e668,c9bcc43a-9701-4fce-ad80-923ae62dbd44,1761218700909173951,-0.680923,-1.253128,0.84877,-0.010742,-0.573242,0.860352,0.5852495608973329,-34.09143112412358,86.62423863189048,0.6966816782951355,-0.21664026379585266,-0.19752667844295502,0.6547382473945618
dd8daf80-3f76-49d1-8067-96d495c7e668,c9bcc43a-9701-4fce-ad80-923ae62dbd44,1761218700917165951,-0.56076,-1.255035,0.84877,-0.012207,-0.568359,0.856445,0.5840777151251895,-34.097253886160274,86.63773789849886,0.696591854095459,-0.21664559841156006,-0.19759270548820496,0.6548120975494385
dd8daf80-3f76-49d1-8067-96d495c7e668,c9bcc43a-9701-4fce-ad80-923ae62dbd44,1761218700925157951,-0.745773,-1.375198,1.276016,-0.005859,-0.572266,0.856934,0.5761068685832582,-34.099431207083995,86.67956091610924,0.6963350772857666,-0.2165410965681076,-0.19773268699645996,0.6550774574279785
dd8daf80-3f76-49d1-8067-96d495c7e668,c9bcc43a-9701-4fce-ad80-923ae62dbd44,1761218700933149951,-0.743866,-1.499176,1.031876,-0.001465,-0.581543,0.853027,0.5669440125633555,-34.10975537095053,86.76388122163107,0.6958181262016296,-0.21640563011169434,-0.19800686836242676,0.6555885076522827
dd8daf80-3f76-49d1-8067-96d495c7e668,c9bcc43a-9701-4fce-ad80-923ae62dbd44,1761218700941161951,-0.682831,-0.644684,1.398087,-0.00293,-0.580566,0.844727,0.5665754836577354,-34.11278320340609,86.77352003648001,0.6957567930221558,-0.2164052277803421,-0.19804468750953674,0.6556422114372253
dd8daf80-3f76-49d1-8067-96d495c7e668,c9bcc43a-9701-4fce-ad80-923ae62dbd44,1761218700949173951,-0.928879,-0.459671,1.153946,0.009766,-0.584961,0.854004,0.5630991822086672,-34.1195016309199,86.76591172096347,0.6957820057868958,-0.2164391577243805,-0.19808998703956604,0.6555905938148499
dd8daf80-3f76-49d1-8067-96d495c7e668,c9bcc43a-9701-4fce-ad80-923ae62dbd44,1761218700957185951,-0.926971,-0.339508,0.97084,-0.011719,-0.580566,0.863769,0.5672508953146448,-34.12314945100403,86.75459906640842,0.69584721326828,-0.2165045589208603,-0.19806434214115143,0.655507504940033
dd8daf80-3f76-49d1-8067-96d495c7e668,c9bcc43a-9701-4fce-ad80-923ae62dbd44,1761218700973214951,-0.680923,0.089645,0.482559,-0.014648,-0.57959,0.855957,0.5665367543576728,-34.12467250555151,86.74003635947695,0.6959264874458313,-0.21653485298156738,-0.1980499029159546,0.6554177403450012
dd8daf80-3f76-49d1-8067-96d495c7e668,c9bcc43a-9701-4fce-ad80-923ae62dbd44,1761218700981231951,-0.377655,-0.095367,0.543594,-0.005371,-0.588379,0.861816,0.5630041457916257,-34.126888472326925,86.7235948268676,0.6960103511810303,-0.21655648946762085,-0.1980530023574829,0.6553205847740173
dd8daf80-3f76-49d1-8067-96d495c7e668,c9bcc43a-9701-4fce-ad80-923ae62dbd44,1761218700989248951,-0.377655,-0.339508,0.299454,-0.004395,-0.566406,0.848633,0.5616879192121912,-34.12495531750961,86.70716033613766,0.6961055994033813,-0.21656565368175507,-0.1980188488960266,0.6552267074584961
dd8daf80-3f76-49d1-8067-96d495c7e668,c9bcc43a-9701-4fce-ad80-923ae62dbd44,1761218700997265951,-0.072479,-0.156403,-0.005722,-0.004395,-0.589844,0.857422,0.5590953972065751,-34.12665133448332,86.69271819760871,0.6961805820465088,-0.21658606827259064,-0.19801703095436096,0.6551408171653748
dd8daf80-3f76-49d1-8067-96d495c7e668,c9bcc43a-9701-4fce-ad80-923ae62dbd44,1761218701007889951,-0.19455,-0.278473,-0.249863,0.001953,-0.588379,0.862305,0.5551002243570928,-34.130070275995884,86.68144661157388,0.6962318420410156,-0.21660344302654266,-0.19803960621356964,0.6550737023353577
dd8daf80-3f76-49d1-8067-96d495c7e668,c9bcc43a-9701-4fce-ad80-923ae62dbd44,1761218701018513951,-0.135422,-0.21553,-0.188828,-0.014648,-0.571289,0.853516,0.5558022470331188,-34.131216158155134,86.67935174493664,0.6962429285049438,-0.21661801636219025,-0.19803795218467712,0.6550576090812683
dd8daf80-3f76-49d1-8067-96d495c7e668,c9bcc43a-9701-4fce-ad80-923ae62dbd44,1761218701029137951,-0.135422,-0.21553,-0.616074,-0.012695,-0.585449,0.852051,0.5570027162532202,-34.1333486141064,86.6870591377732,0.6961970329284668,-0.216624453663826,-0.19805745780467987,0.6550984382629395
dd8daf80-3f76-49d1-8067-96d495c7e668,c9bcc43a-9701-4fce-ad80-923ae62dbd44,1761218701039817951,-0.135422,0.089645,-0.371933,-0.002441,-0.571777,0.851562,0.5511868432914223,-34.13060916826214,86.65469893911958,0.6963769793510437,-0.21663054823875427,-0.19801591336727142,0.6549176573753357
dd8daf80-3f76-49d1-8067-96d495c7e668,c9bcc43a-9701-4fce-ad80-923ae62dbd44,1761218701050497951,-0.318527,0.089645,-0.127792,-0.001465,-0.574219,0.842285,0.5493637963130772,-34.133052066615505,86.61465329034493,0.6965981721878052,-0.2167041301727295,-0.19796527922153473,0.6546733379364014
dd8daf80-3f76-49d1-8067-96d495c7e668,c9bcc43a-9701-4fce-ad80-923ae62dbd44,1761218701061177951,-0.497818,0.394821,-0.310898,-0.014648,-0.566406,0.853516,0.5492026388764503,-34.129046105737245,86.60161917688244,0.6966797113418579,-0.2167014330625534,-0.19791865348815918,0.6546015739440918
dd8daf80-3f76-49d1-8067-96d495c7e668,c9bcc43a-9701-4fce-ad80-923ae62dbd44,1761218701071855951,-0.865936,0.637054,-0.616074,0.00293,-0.567871,0.847168,0.5476242744828349,-34.12994039384189,86.5964511134238,0.6967048645019531,-0.2167067676782608,-0.19792360067367554,0.654571533203125
dd8daf80-3f76-49d1-8067-96d495c7e668,c9bcc43a-9701-4fce-ad80-923ae62dbd44,1761218701082533951,-1.111984,0.944138,-0.432968,-0.004395,-0.578125,0.866211,0.5461367116333657,-34.13211587251323,86.59753466934868,0.6966921091079712,-0.21670959889888763,-0.197947159409523,0.6545770168304443
dd8daf80-3f76-49d1-8067-96d495c7e668,c9bcc43a-9701-4fce-ad80-923ae62dbd44,1761218701093211951,-0.928879,1.066208,-0.555038,-0.006348,-0.577148,0.849121,0.5470230873047924,-34.14282756164908,86.59152995825357,0.6967082619667053,-0.21678999066352844,-0.19799178838729858,0.6545196771621704
dd8daf80-3f76-49d1-8067-96d495c7e668,c9bcc43a-9701-4fce-ad80-923ae62dbd44,1761218701101368951,-0.745773,0.761032,-0.738144,-0.009277,-0.579102,0.86084,0.5535539105876528,-34.15122541352279,86.62922239991101,0.6964887976646423,-0.2168130725622177,-0.19807152450084686,0.6547214388847351
dd8daf80-3f76-49d1-8067-96d495c7e668,c9bcc43a-9701-4fce-ad80-923ae62dbd44,1761218701109523951,-0.986099,0.577927,-0.921249,-0.012207,-0.576172,0.861816,0.5524316962532694,-34.15495248350341,86.61907740038923,0.696537971496582,-0.2168467938899994,-0.19808050990104675,0.6546552181243896
dd8daf80-3f76-49d1-8067-96d495c7e668,c9bcc43a-9701-4fce-ad80-923ae62dbd44,1761218701117678951,-0.865936,0.69809,-0.738144,-0.01123,-0.575684,0.858887,0.5561514945202284,-34.152704562245596,86.64403253825115,0.6964059472084045,-0.21681128442287445,-0.1980922371149063,0.6548038721084595
dd8daf80-3f76-49d1-8067-96d495c7e668,c9bcc43a-9701-4fce-ad80-923ae62dbd44,1761218701125833951,-1.049042,0.453949,-0.738144,-0.009277,-0.57373,0.851074,0.5565380172594491,-34.15145971891354,86.70423895023185,0.6960647702217102,-0.21670185029506683,-0.1981966346502304,0.6551711559295654
dd8daf80-3f76-49d1-8067-96d495c7e668,c9bcc43a-9701-4fce-ad80-923ae62dbd44,1761218701136389951,-1.049042,-0.213623,-0.921249,-0.015137,-0.589355,0.857422,0.5514747103262201,-34.15935862467768,86.7238965833072,0.6959291100502014,-0.21668672561645508,-0.19830986857414246,0.6552860140800476
dd8daf80-3f76-49d1-8067-96d495c7e668,c9bcc43a-9701-4fce-ad80-923ae62dbd44,1761218701146945951,-0.928879,-0.398636,-0.555038,-0.01416,-0.567871,0.859375,0.5559313578521051,-34.155609788883105,86.70232690372899,0.6960670351982117,-0.21672682464122772,-0.19822050631046295,0.6551532745361328
dd8daf80-3f76-49d1-8067-96d495c7e668,c9bcc43a-9701-4fce-ad80-923ae62dbd44,1761218701157501951,-0.986099,-0.703812,-0.432968,-0.012695,-0.582031,0.866699,0.5597024993073412,-34.154741032096425,86.70537311139839,0.6960577368736267,-0.21673785150051117,-0.1981983780860901,0.6551662087440491
dd8daf80-3f76-49d1-8067-96d495c7e668,c9bcc43a-9701-4fce-ad80-923ae62dbd44,1761218701168082951,-0.680923,-1.375198,-0.127792,-0.013672,-0.570312,0.861328,0.5568932244266502,-34.1547250880703,86.70947002800445,0.6960294842720032,-0.21671459078788757,-0.19822309911251068,0.655196487903595
dd8daf80-3f76-49d1-8067-96d495c7e668,c9bcc43a-9701-4fce-ad80-923ae62dbd44,1761218701178661951,-0.56076,-1.132965,0.60463,-0.001465,-0.578613,0.842773,0.5519515608882306,-34.15951994691131,86.71354445392944,0.6959888339042664,-0.21670834720134735,-0.19828832149505615,0.6552219390869141
dd8daf80-3f76-49d1-8067-96d495c7e668,c9bcc43a-9701-4fce-ad80-923ae62dbd44,1761218701189240951,-0.499725,-1.132965,0.421524,-0.009277,-0.575684,0.87207,0.5516225423829064,-34.159592733378105,86.71724697084233,0.6959669589996338,-0.2167005091905594,-0.19829773902893066,0.6552448868751526
dd8daf80-3f76-49d1-8067-96d495c7e668,c9bcc43a-9701-4fce-ad80-923ae62dbd44,1761218701199899951,0.049591,-1.316071,0.97084,-0.027832,-0.564941,0.85791,0.5535168151228684,-34.155506206585486,86.78297894460802,0.695601761341095,-0.2165728211402893,-0.1983870565891266,0.6556477546691895
dd8daf80-3f76-49d1-8067-96d495c7e668,c9bcc43a-9701-4fce-ad80-923ae62dbd44,1761218701210561951,0.110626,-1.255035,1.092911,-0.008301,-0.573242,0.858398,0.5518051253325497,-34.152926651508835,86.80439177188934,0.69548100233078,-0.2165103256702423,-0.1984231024980545,0.6557856202125549
dd8daf80-3f76-49d1-8067-96d495c7e668,c9bcc43a-9701-4fce-ad80-923ae62dbd44,1761218701221223951,0.232697,-1.316071,1.214981,-0.01416,-0.564453,0.854492,0.552495702782736,-34.149092372004915,86.77657979225809,0.6956483721733093,-0.21653923392295837,-0.19834434986114502,0.6556223034858704
dd8daf80-3f76-49d1-8067-96d495c7e668,c9bcc43a-9701-4fce-ad80-923ae62dbd44,1761218701229324951,0.476837,-1.438141,2.008438,-0.016113,-0.574219,0.857422,0.5511575621433988,-34.14351425401042,86.8043481140886,0.6954973936080933,-0.21644972264766693,-0.19837291538715363,0.6558034420013428
dd8daf80-3f76-49d1-8067-96d495c7e668,c9bcc43a-9701-4fce-ad80-923ae62dbd44,1761218701237428951,0.415802,-1.316071,1.886368,-0.006348,-0.564453,0.87207,0.5506878148588189,-34.134656218240174,86.82808942067211,0.6953769326210022,-0.21635232865810394,-0.19836974143981934,0.6559642553329468
dd8daf80-3f76-49d1-8067-96d495c7e668,c9bcc43a-9701-4fce-ad80-923ae62dbd44,1761218701245532951,0.597,-1.070023,2.130508,0.000488,-0.583008,0.856934,0.5482451298699749,-34.128961440137495,86.82990325656442,0.6953727602958679,-0.21630072593688965,-0.1983552873134613,0.6559901237487793
dd8daf80-3f76-49d1-8067-96d495c7e668,c9bcc43a-9701-4fce-ad80-923ae62dbd44,1761218701253636951,0.967026,-1.253128,2.069473,0.001465,-0.577637,0.850586,0.5501693350348247,-34.12138366409969,86.79175645357964,0.6956083178520203,-0.2163318693637848,-0.19822809100151062,0.6557685732841492
dd8daf80-3f76-49d1-8067-96d495c7e668,c9bcc43a-9701-4fce-ad80-923ae62dbd44,1761218701264180951,0.904083,-1.316071,2.069473,0.003906,-0.583984,0.861816,0.5504116362446128,-34.11445572587193,86.7680799750362,0.6957569122314453,-0.21633227169513702,-0.1981421560049057,0.655636727809906
dd8daf80-3f76-49d1-8067-96d495c7e668,c9bcc43a-9701-4fce-ad80-923ae62dbd44,1761218701274724951,0.841141,-1.314163,1.764297,-0.003418,-0.577148,0.857422,0.5479805210269928,-34.106322198855416,86.77100274442782,0.695750892162323,-0.2162640541791916,-0.1981157511472702,0.655673623085022
dd8daf80-3f76-49d1-8067-96d495c7e668,c9bcc43a-9701-4fce-ad80-923ae62dbd44,1761218701285268951,0.71907,-0.581741,1.886368,0.004883,-0.575684,0.86084,0.5449200652390764,-34.099707796722264,86.77969634889625,0.6957079768180847,-0.21619144082069397,-0.19811277091503143,0.6557440757751465
dd8daf80-3f76-49d1-8067-96d495c7e668,c9bcc43a-9701-4fce-ad80-923ae62dbd44,1761218701295897951,0.904083,-0.827789,1.459122,0.005371,-0.571289,0.871094,0.539560432775999,-34.07696529747948,86.88218982422451,0.695153534412384,-0.21584585309028625,-0.19820789992809296,0.6564168930053711
dd8daf80-3f76-49d1-8067-96d495c7e668,c9bcc43a-9701-4fce-ad80-923ae62dbd44,1761218701306527951,0.967026,-0.398636,1.459122,0.0,-0.577637,0.852051,0.5381908917161637,-34.06872192052572,86.94399106629227,0.6948121190071106,-0.21568122506141663,-0.19828519225120544,0.6568090319633484
dd8daf80-3f76-49d1-8067-96d495c7e668,c9bcc43a-9701-4fce-ad80-923ae62dbd44,1761218701317157951,0.841141,-0.154495,1.031876,0.009766,-0.57959,0.847168,0.5304512042277264,-34.070638992031284,86.9409907226348,0.6948124170303345,-0.21565364301204681,-0.19833749532699585,0.6568019986152649
dd8daf80-3f76-49d1-8067-96d495c7e668,c9bcc43a-9701-4fce-ad80-923ae62dbd44,1761218701327814951,0.720978,0.453949,0.97084,0.006348,-0.577148,0.863769,0.5241141195026016,-34.067156032661224,86.90714582371528,0.6950017809867859,-0.21565483510494232,-0.19829221069812775,0.6566148996353149
dd8daf80-3f76-49d1-8067-96d495c7e668,c9bcc43a-9701-4fce-ad80-923ae62dbd44,1761218701338472951,0.841141,0.944138,0.543594,0.006836,-0.583984,0.874023,0.5146186774595484,-34.06421985245414,86.8657329516939,0.6952279806137085,-0.21565432846546173,-0.1982550024986267,0.6563867926597595
dd8daf80-3f76-49d1-8067-96d495c7e668,c9bcc43a-9701-4fce-ad80-923ae62dbd44,1761218701349130951,0.782013,0.946045,0.360489,0.015137,-0.572266,0.853516,0.5093037047023345,-34.06088103230649,86.82384560608679,0.6954647898674011,-0.21567612886428833,-0.19818924367427826,0.6561486124992371
dd8daf80-3f76-49d1-8067-96d495c7e668,c9bcc43a-9701-4fce-ad80-923ae62dbd44,1761218701357134951,0.658035,1.066208,0.177383,0.006348,-0.58252,0.857422,0.504846766584456,-34.05286237657652,86.78299277115332,0.6957056522369385,-0.21567268669605255,-0.19809336960315704,0.6559233665466309
dd8daf80-3f76-49d1-8067-96d495c7e668,c9bcc43a-9701-4fce-ad80-923ae62dbd44,1761218701365139951,0.841141,1.371384,-0.371933,0.010254,-0.575195,0.862793,0.5072144256121615,-34.042982744604,86.80507823466162,0.6956014037132263,-0.21558824181556702,-0.19806383550167084,0.6560705900192261
dd8daf80-3f76-49d1-8067-96d495c7e668,c9bcc43a-9701-4fce-ad80-923ae62dbd44,1761218701373144951,0.658035,1.493454,-0.677109,-0.012207,-0.572754,0.856934,0.5160106405320014,-34.03488655093626,86.81297570111697,0.6955862045288086,-0.2155759334564209,-0.19797880947589874,0.6561164259910583
dd8daf80-3f76-49d1-8067-96d495c7e668,c9bcc43a-9701-4fce-ad80-923ae62dbd44,1761218701381149951,0.478745,1.859665,-0.799179,0.00293,-0.563965,0.855469,0.5173932430116951,-34.026163112935045,86.7846241592693,0.6957668662071228,-0.21557998657226562,-0.1978669911623001,0.6559572815895081
dd8daf80-3f76-49d1-8067-96d495c7e668,c9bcc43a-9701-4fce-ad80-923ae62dbd44,1761218701391812951,0.415802,1.979828,-0.921249,-0.005859,-0.577148,0.856934,0.5328177072786937,-34.02099271537662,86.80294263609642,0.695698082447052,-0.21560534834861755,-0.19777812063694,0.6560487151145935
dd8daf80-3f76-49d1-8067-96d495c7e668,c9bcc43a-9701-4fce-ad80-923ae62dbd44,1761218701402475951,0.658035,1.737595,-1.104355,-0.001953,-0.566406,0.848633,0.5375212717199008,-34.01379536603307,86.80066166812233,0.6957324147224426,-0.215592622756958,-0.19770394265651703,0.6560388803482056
dd8daf80-3f76-49d1-8067-96d495c7e668,c9bcc43a-9701-4fce-ad80-923ae62dbd44,1761218701413138951,0.352859,2.164841,-1.28746,-0.011719,-0.573242,0.839355,0.5520758194079917,-34.01242744305328,86.77488060956277,0.6959075927734375,-0.21571211516857147,-0.19755919277668,0.6558573842048645
dd8daf80-3f76-49d1-8067-96d495c7e668,c9bcc43a-9701-4fce-ad80-923ae62dbd44,1761218701421161951,-0.009537,1.371384,-1.28746,-0.011719,-0.57666,0.848633,0.559189862286369,-34.01103537355326,86.74444998659072,0.6960965394973755,-0.2157968431711197,-0.1974506974220276,0.6556616425514221
dd8daf80-3f76-49d1-8067-96d495c7e668,c9bcc43a-9701-4fce-ad80-923ae62dbd44,1761218701429184951,0.108719,1.554489,-1.592636,-0.01709,-0.566406,0.853516,0.5690789609505682,-34.00630826768049,86.71587866853703,0.6962856650352478,-0.21587398648262024,-0.197309672832489,0.6554778814315796
dd8daf80-3f76-49d1-8067-96d495c7e668,c9bcc43a-9701-4fce-ad80-923ae62dbd44,1761218701437207951,-0.377655,1.979828,-1.348495,-0.007812,-0.568848,0.860352,0.5748807927604489,-34.00434541040221,86.67254998362029,0.6965470314025879,-0.21596986055374146,-0.19718150794506073,0.655207097530365
dd8daf80-3f76-49d1-8067-96d495c7e668,c9bcc43a-9701-4fce-ad80-923ae62dbd44,1761218701445230951,-0.497818,1.249313,-1.16539,-0.02002,-0.570312,0.854004,0.5865136985461734,-34.00436962421672,86.65295003902462,0.6966790556907654,-0.21607021987438202,-0.19707398116588593,0.6550660133361816
dd8daf80-3f76-49d1-8067-96d495c7e668,c9bcc43a-9701-4fce-ad80-923ae62dbd44,1761218701455887951,-0.623703,0.944138,-0.921249,-0.020508,-0.570801,0.855957,0.5957507578568345,-34.00762659316198,86.6648015201182,0.6966212391853333,-0.21612238883972168,-0.19705885648727417,0.6551148295402527
dd8daf80-3f76-49d1-8067-96d495c7e668,c9bcc43a-9701-4fce-ad80-923ae62dbd44,1761218701466544951,-0.682831,0.82016,-0.860214,-0.015625,-0.568359,0.85498,0.6030558658393032,-34.009350352107376,86.6563552447859,0.6966789364814758,-0.21618911623954773,-0.1970084011554718,0.6550466418266296
dd8daf80-3f76-49d1-8067-96d495c7e668,c9bcc43a-9701-4fce-ad80-923ae62dbd44,1761218701477201951,-0.497818,0.761032,-0.555038,-0.016602,-0.570312,0.847168,0.6095860827944969,-34.0076537904261,86.65342855851232,0.6967099905014038,-0.2162211835384369,-0.1969534456729889,0.6550195813179016
dd8daf80-3f76-49d1-8067-96d495c7e668,c9bcc43a-9701-4fce-ad80-923ae62dbd44,1761218701485187951,-0.499725,0.514984,-0.127792,-0.026367,-0.566895,0.858398,0.6160835777599485,-34.00439497959845,86.63269814266671,0.6968455910682678,-0.2162741869688034,-0.19685612618923187,0.6548870801925659
dd8daf80-3f76-49d1-8067-96d495c7e668,c9bcc43a-9701-4fce-ad80-923ae62dbd44,1761218701493173951,-0.926971,0.453949,-0.249863,-0.021484,-0.573242,0.858887,0.6238787045661279,-34.00258874446918,86.63972698505636,0.6968221068382263,-0.21629571914672852,-0.19681163132190704,0.6549183130264282
dd8daf80-3f76-49d1-8067-96d495c7e668,c9bcc43a-9701-4fce-ad80-923ae62dbd44,1761218701501159951,-0.865936,0.209808,-0.127792,-0.012207,-0.5625,0.854492,0.6250335824709363,-34.0021872806423,86.68380744331476,0.6965728402137756,-0.21622417867183685,-0.19688549637794495,0.655184805393219
dd8daf80-3f76-49d1-8067-96d495c7e668,c9bcc43a-9701-4fce-ad80-923ae62dbd44,1761218701509145951,-1.354218,0.091553,0.665665,-0.025879,-0.577637,0.841309,0.6326925296664317,-34.00250583378086,86.67456006264635,0.696638286113739,-0.21628578007221222,-0.19682331383228302,0.6551135778427124
dd8daf80-3f76-49d1-8067-96d495c7e668,c9bcc43a-9701-4fce-ad80-923ae62dbd44,1761218701519822951,-1.478195,-0.398636,0.543594,-0.017578,-0.567871,0.855957,0.6415278708175071,-34.00787034016405,86.66805803419493,0.6966808438301086,-0.21637997031211853,-0.19678810238838196,0.6550477743148804
dd8daf80-3f76-49d1-8067-96d495c7e668,c9bcc43a-9701-4fce-ad80-923ae62dbd44,1761218701530499951,-1.049042,-0.461578,0.909805,-0.026855,-0.568359,0.858398,0.6487484284282727,-34.017779918120084,86.67508342454568,0.6966350078582764,-0.21646922826766968,-0.19681432843208313,0.6550591588020325
dd8daf80-3f76-49d1-8067-96d495c7e668,c9bcc43a-9701-4fce-ad80-923ae62dbd44,1761218701541176951,-1.29509,-0.947952,0.909805,-0.031738,-0.563965,0.856934,0.6615219735907659,-34.02463493391619,86.69146616776703,0.6965507864952087,-0.216555655002594,-0.19680696725845337,0.6551223397254944
dd8daf80-3f76-49d1-8067-96d495c7e668,c9bcc43a-9701-4fce-ad80-923ae62dbd44,1761218701551848951,-0.865936,-0.88501,1.214981,-0.022949,-0.569824,0.870605,0.6691186180779214,-34.02972593000394,86.71717537989855,0.6964075565338135,-0.21658577024936676,-0.1968386024236679,0.655255138874054
dd8daf80-3f76-49d1-8067-96d495c7e668,c9bcc43a-9701-4fce-ad80-923ae62dbd44,1761218701562523951,-0.928879,-1.192093,1.398087,-0.006836,-0.583008,0.864746,0.667697840906314,-34.033502080393745,86.74902055343145,0.6962161064147949,-0.21654582023620605,-0.19692909717559814,0.6554445028305054
dd8daf80-3f76-49d1-8067-96d495c7e668,c9bcc43a-9701-4fce-ad80-923ae62dbd44,1761218701573198951,-0.562668,-0.886917,1.398087,-0.010254,-0.567383,0.853516,0.6663247424890248,-34.03440190812628,86.80667216508508,0.695882260799408,-0.21644429862499237,-0.1970515251159668,0.655795693397522
dd8daf80-3f76-49d1-8067-96d495c7e668,c9bcc43a-9701-4fce-ad80-923ae62dbd44,1761218701581219951,-0.257492,-0.21553,1.214981,-0.005371,-0.577637,0.868652,0.6669849187451197,-34.03314055142634,86.82036311508881,0.6958073377609253,-0.21641689538955688,-0.19706612825393677,0.6558798551559448
dd8daf80-3f76-49d1-8067-96d495c7e668,c9bcc43a-9701-4fce-ad80-923ae62dbd44,1761218701589238951,-0.499725,0.331879,0.909805,-0.018066,-0.578613,0.855957,0.6699828170183049,-34.03436693027757,86.82338295289011,0.6957929730415344,-0.21643629670143127,-0.19706067442893982,0.6558902859687805
dd8daf80-3f76-49d1-8067-96d495c7e668,c9bcc43a-9701-4fce-ad80-923ae62dbd44,1761218701597257951,-0.562668,0.089645,0.7267,-0.015137,-0.588379,0.848144,0.6724410357246228,-34.03839288671513,86.8357943817622,0.6957188248634338,-0.21645337343215942,-0.19709232449531555,0.6559538245201111
dd8daf80-3f76-49d1-8067-96d495c7e668,c9bcc43a-9701-4fce-ad80-923ae62dbd44,1761218701605276951,-0.440598,0.211716,0.60463,-0.014648,-0.589355,0.856934,0.6707610670738141,-34.04037095722584,86.83497212704233,0.6957170367240906,-0.21645715832710266,-0.1971123367547989,0.6559484004974365
dd8daf80-3f76-49d1-8067-96d495c7e668,c9bcc43a-9701-4fce-ad80-923ae62dbd44,1761218701615930951,-0.497818,0.272751,0.360489,-0.016602,-0.566895,0.846191,0.6737101392078026,-34.03771720244555,86.82643589422497,0.6957758069038391,-0.21647264063358307,-0.19706305861473083,0.6558958292007446
dd8daf80-3f76-49d1-8067-96d495c7e668,c9bcc43a-9701-4fce-ad80-923ae62dbd44,1761218701626584951,-1.171112,0.209808,0.116348,-0.012207,-0.588867,0.840332,0.6765548620076663,-34.04289862437956,86.8052178640335,0.6958926916122437,-0.21655677258968353,-0.19703546166419983,0.6557523012161255
dd8daf80-3f76-49d1-8067-96d495c7e668,c9bcc43a-9701-4fce-ad80-923ae62dbd44,1761218701637238951,-1.169205,-0.09346,0.055313,-0.015137,-0.580078,0.847656,0.6831690497825867,-34.04438516876522,86.79145034109189,0.6959801316261292,-0.216627299785614,-0.19697780907154083,0.6556534767150879
dd8daf80-3f76-49d1-8067-96d495c7e668,c9bcc43a-9701-4fce-ad80-923ae62dbd44,1761218701647868951,-1.354218,-0.339508,0.055313,-0.018066,-0.589844,0.85791,0.6900012517456425,-34.067371044752846,86.77765808846077,0.6960288882255554,-0.21682924032211304,-0.19704224169254303,0.6555155515670776
dd8daf80-3f76-49d1-8067-96d495c7e668,c9bcc43a-9701-4fce-ad80-923ae62dbd44,1761218701658498951,-1.354218,-0.396729,0.238419,-0.023438,-0.581055,0.852539,0.6946189227607381,-34.08272421752345,86.79261542731356,0.6959232687950134,-0.21692286431789398,-0.19713068008422852,0.6555700898170471
dd8daf80-3f76-49d1-8067-96d495c7e668,c9bcc43a-9701-4fce-ad80-923ae62dbd44,1761218701669128951,-1.169205,-0.398636,0.360489,-0.013184,-0.596191,0.856445,0.6915033507999759,-34.093468607852856,86.83190084386413,0.6956735253334045,-0.2169024497270584,-0.19728568196296692,0.6557952165603638
dd8daf80-3f76-49d1-8067-96d495c7e668,c9bcc43a-9701-4fce-ad80-923ae62dbd44,1761218701677140951,-1.111984,-1.192093,0.787735,-0.010742,-0.587891,0.857422,0.6887914386254187,-34.107197705536386,86.83307231547818,0.6956371068954468,-0.21696798503398895,-0.19738323986530304,0.6557827591896057
dd8daf80-3f76-49d1-8067-96d495c7e668,c9bcc43a-9701-4fce-ad80-923ae62dbd44,1761218701685150951,-1.049042,-1.255035,1.031876,-0.020996,-0.585938,0.855469,0.693409920067517,-34.12028984521477,86.83420406639146,0.6956146955490112,-0.21707168221473694,-0.19743256270885468,0.6557573080062866
dd8daf80-3f76-49d1-8067-96d495c7e668,c9bcc43a-9701-4fce-ad80-923ae62dbd44,1761218701693160951,-1.232147,-1.438141,1.153946,-0.020508,-0.585938,0.869629,0.692716938128843,-34.12992648757862,86.83669219376232,0.6955816745758057,-0.21712172031402588,-0.19749684631824493,0.655756413936615
dd8daf80-3f76-49d1-8067-96d495c7e668,c9bcc43a-9701-4fce-ad80-923ae62dbd44,1761218701701170951,-0.806808,-1.680374,1.276016,-0.011719,-0.589844,0.866211,0.695335225884046,-34.13947778935175,86.83839154557872,0.695559024810791,-0.21719156205654144,-0.1975390464067459,0.6557445526123047
dd8daf80-3f76-49d1-8067-96d495c7e668,c9bcc43a-9701-4fce-ad80-923ae62dbd44,1761218701711950951,-0.806808,-1.375198,1.520157,-0.01709,-0.585938,0.864258,0.6914913027426384,-34.14706208854295,86.82954189013017,0.6955891847610474,-0.21723072230815887,-0.19758917391300201,0.6556844115257263
dd8daf80-3f76-49d1-8067-96d495c7e668,c9bcc43a-9701-4fce-ad80-923ae62dbd44,1761218701722730951,-0.19455,-1.499176,1.581192,-0.008789,-0.586426,0.863281,0.6844054340679538,-34.1487425049729,86.81455642861742,0.6956596374511719,-0.21722617745399475,-0.1976134330034256,0.6556038856506348
dd8daf80-3f76-49d1-8067-96d495c7e668,c9bcc43a-9701-4fce-ad80-923ae62dbd44,1761218701733510951,0.352859,-1.680374,1.642227,-0.008301,-0.583008,0.866699,0.6823268416034656,-34.14817565344313,86.81325669170253,0.6956645250320435,-0.21721309423446655,-0.19762033224105835,0.6556009650230408
dd8daf80-3f76-49d1-8067-96d495c7e668,c9bcc43a-9701-4fce-ad80-923ae62dbd44,1761218701744080951,0.658035,-1.192093,1.337051,0.004395,-0.577637,0.860352,0.6720261112366134,-34.138430252852004,86.82105644369959,0.6956199407577515,-0.21708174049854279,-0.19764167070388794,0.6556853652000427
dd8daf80-3f76-49d1-8067-96d495c7e668,c9bcc43a-9701-4fce-ad80-923ae62dbd44,1761218701754648951,0.598907,-1.132965,1.337051,-0.009277,-0.58252,0.874023,0.6645879661812624,-34.12829783806138,86.83445513043819,0.695548951625824,-0.21695475280284882,-0.19765399396419525,0.6557990312576294
dd8daf80-3f76-49d1-8067-96d495c7e668,c9bcc43a-9701-4fce-ad80-923ae62dbd44,1761218701765216951,0.904083,-1.132965,1.031876,0.012207,-0.576172,0.855469,0.6541623352480169,-34.11974689049533,86.87290242229142,0.6953265070915222,-0.2167770266532898,-0.19774089753627777,0.656067430973053
dd8daf80-3f76-49d1-8067-96d495c7e668,c9bcc43a-9701-4fce-ad80-923ae62dbd44,1761218701775909951,1.087189,-1.132965,0.238419,-0.003906,-0.566406,0.841309,0.6422716660177377,-34.11025281203727,86.88977273632955,0.6952267289161682,-0.21662238240242004,-0.19779038429260254,0.656209409236908
dd8daf80-3f76-49d1-8067-96d495c7e668,c9bcc43a-9701-4fce-ad80-923ae62dbd44,1761218701786604951,0.782013,-0.522614,-0.188828,0.000488,-0.571289,0.866211,0.6294417470380852,-34.10317797294506,86.86527149787526,0.6953577995300293,-0.21654842793941498,-0.1977812647819519,0.6560976505279541
dd8daf80-3f76-49d1-8067-96d495c7e668,c9bcc43a-9701-4fce-ad80-923ae62dbd44,1761218701797299951,0.841141,-0.642776,-0.555038,0.000488,-0.572266,0.859375,0.6233598162396777,-34.09848729442348,86.8181837293283,0.6956254243850708,-0.21656647324562073,-0.19770224392414093,0.6558318138122559
dd8daf80-3f76-49d1-8067-96d495c7e668,c9bcc43a-9701-4fce-ad80-923ae62dbd44,1761218701805253951,0.967026,-0.21553,-0.860214,0.002441,-0.570312,0.848144,0.6105367871245537,-34.09438351501154,86.76458623428745,0.6959174871444702,-0.2165607213973999,-0.19765524566173553,0.6555379629135132
dd8daf80-3f76-49d1-8067-96d495c7e668,c9bcc43a-9701-4fce-ad80-923ae62dbd44,1761218701813206951,0.535965,0.211716,-1.28746,-0.003418,-0.562988,0.853516,0.6034622293643204,-34.08758827480987,86.73019626935026,0.6961144208908081,-0.2165384143590927,-0.19759422540664673,0.6553546190261841
dd8daf80-3f76-49d1-8067-96d495c7e668,c9bcc43a-9701-4fce-ad80-923ae62dbd44,1761218701821159951,-0.192642,0.577927,-1.226425,-0.005859,-0.566406,0.856934,0.6005797577302955,-34.08519415605324,86.73995190326288,0.6960580348968506,-0.21649059653282166,-0.19761642813682556,0.655423641204834
dd8daf80-3f76-49d1-8067-96d495c7e668,c9bcc43a-9701-4fce-ad80-923ae62dbd44,1761218701829112951,-0.497818,1.188278,-1.714706,-0.009277,-0.555664,0.851562,0.6001643707481544,-34.08493965493665,86.79780215262873,0.6957268118858337,-0.21638688445091248,-0.1977267563343048,0.6557762026786804
dd8daf80-3f76-49d1-8067-96d495c7e668,c9bcc43a-9701-4fce-ad80-923ae62dbd44,1761218701839816951,-0.743866,1.308441,-2.019882,-0.020996,-0.561035,0.842773,0.6070984847239357,-34.08608984151584,86.82406134554233,0.6955863833427429,-0.21638822555541992,-0.1977408528327942,0.6559204459190369
dd8daf80-3f76-49d1-8067-96d495c7e668,c9bcc43a-9701-4fce-ad80-923ae62dbd44,1761218701850520951,-1.29509,1.737595,-2.264023,-0.021973,-0.55957,0.848144,0.6143965861557584,-34.09621487971541,86.79860531698631,0.6957261562347412,-0.21653521060943604,-0.19770660996437073,0.6557339429855347
dd8daf80-3f76-49d1-8067-96d495c7e668,c9bcc43a-9701-4fce-ad80-923ae62dbd44,1761218701861224951,-1.659393,1.674652,-2.141953,-0.012695,-0.563965,0.839355,0.6198781484306581,-34.11070123071228,86.7751995747779,0.6958430409431458,-0.2166946530342102,-0.1977122575044632,0.6555554866790771
dd8daf80-3f76-49d1-8067-96d495c7e668,c9bcc43a-9701-4fce-ad80-923ae62dbd44,1761218701871889951,-3.673553,0.82016,-1.836777,-0.02832,-0.554199,0.838867,0.6295752045214331,-34.132156411658855,86.74933643591672,0.6959684491157532,-0.21692466735839844,-0.19772759079933167,0.6553415060043335
dd8daf80-3f76-49d1-8067-96d495c7e668,c9bcc43a-9701-4fce-ad80-923ae62dbd44,1761218701882555951,-4.1008,0.453949,-1.653671,-0.015625,-0.565918,0.831543,0.6315320596170015,-34.1655095244544,86.71221359819951,0.6961230039596558,-0.21720190346240997,-0.197836771607399,0.6550524234771729
dd8daf80-3f76-49d1-8067-96d495c7e668,c9bcc43a-9701-4fce-ad80-923ae62dbd44,1761218701893221951,-4.650116,0.148773,-1.348495,-0.041504,-0.564453,0.844238,0.6411961415681731,-34.201760617935136,86.6676351949855,0.6963279843330383,-0.21755369007587433,-0.1979014128446579,0.6546980738639832
dd8daf80-3f76-49d1-8067-96d495c7e668,c9bcc43a-9701-4fce-ad80-923ae62dbd44,1761218701901246951,-4.772186,-0.522614,-0.921249,-0.020996,-0.570801,0.864746,0.6416605004485573,-34.276600469232,86.63167531201238,0.6963967680931091,-0.21807140111923218,-0.19825927913188934,0.6543456315994263
dd8daf80-3f76-49d1-8067-96d495c7e668,c9bcc43a-9701-4fce-ad80-923ae62dbd44,1761218701909272951,-4.713058,-0.276566,-0.616074,-0.010742,-0.584473,0.862793,0.6390674410651412,-34.31062050672888,86.62327742110791,0.6963776350021362,-0.2182771861553192,-0.19845400750637054,0.6542384028434753
dd8daf80-3f76-49d1-8067-96d495c7e668,c9bcc43a-9701-4fce-ad80-923ae62dbd44,1761218701917298951,-4.34494,-0.94986,-0.371933,-0.007812,-0.587402,0.865723,0.6271865979197777,-34.34526148653155,86.60765638518698,0.6963824033737183,-0.2184462547302246,-0.19869491457939148,0.6541038155555725
dd8daf80-3f76-49d1-8067-96d495c7e668,c9bcc43a-9701-4fce-ad80-923ae62dbd44,1761218701925324951,-3.978729,-1.316071,-0.005722,-0.026367,-0.588379,0.852051,0.6239945488176489,-34.38076485131082,86.63585191029044,0.6961504220962524,-0.21859413385391235,-0.1989714801311493,0.6542173027992249
dd8daf80-3f76-49d1-8067-96d495c7e668,c9bcc43a-9701-4fce-ad80-923ae62dbd44,1761218701935944951,-3.858566,-1.253128,-0.005722,-0.012695,-0.587402,0.861816,0.616069752632497,-34.4087433205057,86.65051405131744,0.6960012912750244,-0.2186928242444992,-0.19920790195465088,0.6542710661888123
dd8daf80-3f76-49d1-8067-96d495c7e668,c9bcc43a-9701-4fce-ad80-923ae62dbd44,1761218701946564951,-3.675461,-1.558304,0.116348,-0.01709,-0.571777,0.872559,0.6091881700122477,-34.43432251807442,86.64416880428895,0.6959782838821411,-0.21881943941116333,-0.19938413798809052,0.6541995406150818
dd8daf80-3f76-49d1-8067-96d495c7e668,c9bcc43a-9701-4fce-ad80-923ae62dbd44,1761218701957184951,-3.490448,-1.678467,0.360489,-0.030273,-0.576172,0.857422,0.6053828191743724,-34.457418514102585,86.65571834882114,0.6958630084991455,-0.21891744434833527,-0.19956162571907043,0.6542352437973022
dd8daf80-3f76-49d1-8067-96d495c7e668,c9bcc43a-9701-4fce-ad80-923ae62dbd44,1761218701967842951,-2.819061,-1.861572,0.482559,-0.001953,-0.58252,0.85498,0.5929679812534043,-34.48268760854829,86.66935643151382,0.6957167387008667,-0.2189757525920868,-0.19980783760547638,0.6542961597442627
dd8daf80-3f76-49d1-8067-96d495c7e668,c9bcc43a-9701-4fce-ad80-923ae62dbd44,1761218701978503951,-2.088547,-1.375198,0.60463,-0.012207,-0.581543,0.859375,0.5858573130923936,-34.50413801165752,86.6969051335746,0.695507287979126,-0.219016894698143,-0.20002655684947968,0.6544382572174072
dd8daf80-3f76-49d1-8067-96d495c7e668,c9bcc43a-9701-4fce-ad80-923ae62dbd44,1761218701989164951,-2.147675,-1.132965,0.543594,-0.012207,-0.588867,0.867187,0.5796408919359983,-34.51906912078665,86.70659696126785,0.6954134106636047,-0.21905480325222015,-0.20016837120056152,0.6544820070266724
dd8daf80-3f76-49d1-8067-96d495c7e668,c9bcc43a-9701-4fce-ad80-923ae62dbd44,1761218701999831951,-1.415253,-0.827789,0.665665,0.00293,-0.590332,0.868652,0.5662849837803516,-34.547846447408794,86.69006290441578,0.695431113243103,-0.21918153762817383,-0.20038269460201263,0.6543552279472351
dd8daf80-3f76-49d1-8067-96d495c7e668,c9bcc43a-9701-4fce-ad80-923ae62dbd44,1761218702010498951,-1.049042,-0.461578,0.238419,0.009277,-0.594727,0.860352,0.5621669467775415,-34.54877671288739,86.66994928904327,0.6955370306968689,-0.2191988229751587,-0.2003745436668396,0.6542393565177917
dd8daf80-3f76-49d1-8067-96d495c7e668,c9bcc43a-9701-4fce-ad80-923ae62dbd44,1761218702021165951,-0.377655,-0.461578,0.482559,-0.003906,-0.606934,0.867187,0.5597472643993961,-34.54741934072082,86.63206992806593,0.6957515478134155,-0.21924303472042084,-0.20030899345874786,0.6540164351463318
dd8daf80-3f76-49d1-8067-96d495c7e668,c9bcc43a-9701-4fce-ad80-923ae62dbd44,1761218702029164951,0.230789,0.211716,-0.066757,0.007813,-0.57959,0.85791,0.5502071606138724,-34.54693581785493,86.67307496248546,0.6955016851425171,-0.21911394596099854,-0.20044256746768951,0.6542844772338867
dd8daf80-3f76-49d1-8067-96d495c7e668,c9bcc43a-9701-4fce-ad80-923ae62dbd44,1761218702037164951,0.841141,0.394821,-0.371933,0.020996,-0.589844,0.853027,0.542643928764211,-34.545837517586605,86.69587366659485,0.6953603029251099,-0.21902422606945038,-0.20052576065063477,0.6544392704963684
dd8daf80-3f76-49d1-8067-96d495c7e668,c9bcc43a-9701-4fce-ad80-923ae62dbd44,1761218702045164951,1.270294,0.637054,-0.432968,0.01123,-0.601562,0.861816,0.5351488218008688,-34.54524550501993,86.67593172270391,0.695462167263031,-0.21901273727416992,-0.20052973926067352,0.6543336510658264
dd8daf80-3f76-49d1-8067-96d495c7e668,c9bcc43a-9701-4fce-ad80-923ae62dbd44,1761218702053164951,1.270294,1.186371,-0.799179,0.005859,-0.596191,0.85498,0.5330235318916117,-34.53757505486623,86.65432974153676,0.6955960392951965,-0.2189919650554657,-0.20045742392539978,0.654220461845398
dd8daf80-3f76-49d1-8067-96d495c7e668,c9bcc43a-9701-4fce-ad80-923ae62dbd44,1761218702063819951,1.695633,1.371384,-0.799179,-0.012207,-0.578613,0.849121,0.5373939647081722,-34.52348328986051,86.63897497264493,0.6957175135612488,-0.21895846724510193,-0.20032085478305817,0.654144287109375
dd8daf80-3f76-49d1-8067-96d495c7e668,c9bcc43a-9701-4fce-ad80-923ae62dbd44,1761218702074474951,1.817703,1.9207,-1.470566,0.008789,-0.581543,0.858887,0.5362989929865764,-34.50758564784676,86.61512658197925,0.6958812475204468,-0.21889762580394745,-0.20019091665744781,0.6540302634239197
dd8daf80-3f76-49d1-8067-96d495c7e668,c9bcc43a-9701-4fce-ad80-923ae62dbd44,1761218702085129951,2.183914,1.9207,-1.409531,-0.009766,-0.587891,0.85791,0.5442134578899099,-34.49209874920487,86.57628343370976,0.6961454749107361,-0.21891681849956512,-0.1999799907207489,0.6538071036338806
dd8daf80-3f76-49d1-8067-96d495c7e668,c9bcc43a-9701-4fce-ad80-923ae62dbd44,1761218702095847951,1.880646,1.922607,-1.897812,-0.011719,-0.588867,0.850098,0.5556361188218488,-34.45912175155496,86.53126683861628,0.6964833736419678,-0.21886064112186432,-0.19963587820529938,0.6535711884498596
dd8daf80-3f76-49d1-8067-96d495c7e668,c9bcc43a-9701-4fce-ad80-923ae62dbd44,1761218702106565951,1.514435,2.285004,-1.958847,-0.009277,-0.583496,0.853027,0.5589227927051588,-34.445832285767054,86.53509582271175,0.6964918971061707,-0.21879218518733978,-0.1995471715927124,0.6536120772361755
dd8daf80-3f76-49d1-8067-96d495c7e668,c9bcc43a-9701-4fce-ad80-923ae62dbd44,1761218702117283951,1.514435,2.101898,-2.141953,0.005371,-0.578613,0.845703,0.5578924116209222,-34.43172451732956,86.50713459945774,0.696675717830658,-0.2187494933605194,-0.19941933453083038,0.6534693837165833
dd8daf80-3f76-49d1-8067-96d495c7e668,c9bcc43a-9701-4fce-ad80-923ae62dbd44,1761218702125256951,0.965118,1.796722,-2.264023,-0.017578,-0.580566,0.840332,0.5614974594659541,-34.42332346871799,86.50086786948626,0.696733295917511,-0.21873000264167786,-0.19933739304542542,0.6534395813941956
dd8daf80-3f76-49d1-8067-96d495c7e668,c9bcc43a-9701-4fce-ad80-923ae62dbd44,1761218702133231951,0.841141,1.371384,-2.264023,-0.015625,-0.588867,0.847168,0.5689794629037827,-34.41655930942372,86.52541320022382,0.6966188549995422,-0.2186889946460724,-0.19930005073547363,0.6535866260528564
dd8daf80-3f76-49d1-8067-96d495c7e668,c9bcc43a-9701-4fce-ad80-923ae62dbd44,1761218702141206951,0.352859,1.676559,-2.141953,-0.017578,-0.575684,0.834961,0.5744131099413434,-34.40959227002,86.52329131952222,0.6966533064842224,-0.2186814248561859,-0.1992231011390686,0.6535759568214417
dd8daf80-3f76-49d1-8067-96d495c7e668,c9bcc43a-9701-4fce-ad80-923ae62dbd44,1761218702149181951,0.293732,1.434326,-1.897812,-0.025391,-0.568848,0.835449,0.5828122877705907,-34.40718777073166,86.50991975459651,0.6967486143112183,-0.21873800456523895,-0.1991327553987503,0.6534829139709473
dd8daf80-3f76-49d1-8067-96d495c7e668,c9bcc43a-9701-4fce-ad80-923ae62dbd44,1761218702159844951,0.169754,1.066208,-1.592636,-0.012695,-0.570801,0.833496,0.5879801031576818,-34.40502192235862,86.48177805104413,0.6969220638275146,-0.21880322694778442,-0.19903521239757538,0.6533058285713196
dd8daf80-3f76-49d1-8067-96d495c7e668,c9bcc43a-9701-4fce-ad80-923ae62dbd44,1761218702170507951,0.110626,1.186371,-1.409531,-0.03125,-0.568848,0.847168,0.5988724553271025,-34.40043148144723,86.46607188762744,0.697039008140564,-0.21886475384235382,-0.19891270995140076,0.6531977653503418
dd8daf80-3f76-49d1-8067-96d495c7e668,c9bcc43a-9701-4fce-ad80-923ae62dbd44,1761218702181170951,-0.135422,1.188278,-0.982285,-0.024414,-0.567871,0.846191,0.6056887751387998,-34.396335878345255,86.45612298386237,0.6971151232719421,-0.2188960313796997,-0.1988288164138794,0.6531316041946411
dd8daf80-3f76-49d1-8067-96d495c7e668,c9bcc43a-9701-4fce-ad80-923ae62dbd44,1761218702189172951,-0.377655,0.579834,-0.616074,-0.03418,-0.58252,0.846191,0.6153053086365239,-34.3946052786492,86.46344916591038,0.6970932483673096,-0.21892765164375305,-0.19877441227436066,0.6531608700752258
dd8daf80-3f76-49d1-8067-96d495c7e668,c9bcc43a-9701-4fce-ad80-923ae62dbd44,1761218702197174951,-0.377655,0.392914,-0.005722,-0.018555,-0.564453,0.863769,0.6206938920253239,-34.38593878933001,86.50064485080036,0.696906566619873,-0.2188412994146347,-0.19876310229301453,0.6533924341201782
dd8daf80-3f76-49d1-8067-96d495c7e668,c9bcc43a-9701-4fce-ad80-923ae62dbd44,1761218702205176951,-0.43869,0.82016,0.299454,-0.023926,-0.571777,0.839844,0.6242239266266991,-34.383185800357765,86.57337719735652,0.6965029239654541,-0.2187185436487198,-0.19886474311351776,0.6538329124450684
dd8daf80-3f76-49d1-8067-96d495c7e668,c9bcc43a-9701-4fce-ad80-923ae62dbd44,1761218702213178951,-0.926971,0.637054,0.116348,-0.013184,-0.568359,0.84668,0.629357802454712,-34.38030040059235,86.58503258781589,0.6964506506919861,-0.21871015429496765,-0.19883926212787628,0.653899073600769
dd8daf80-3f76-49d1-8067-96d495c7e668,c9bcc43a-9701-4fce-ad80-923ae62dbd44,1761218702223830951,-1.049042,0.762939,0.360489,-0.025391,-0.574219,0.857422,0.6385627177101115,-34.37667152969411,86.57529968420158,0.6965288519859314,-0.21875758469104767,-0.19874395430088043,0.6538288593292236
dd8daf80-3f76-49d1-8067-96d495c7e668,c9bcc43a-9701-4fce-ad80-923ae62dbd44,1761218702234482951,-1.478195,0.516891,0.360489,-0.029785,-0.584961,0.845703,0.6460438757250487,-34.37878578405481,86.54226426655723,0.696726381778717,-0.2188703566789627,-0.19864749908447266,0.6536099314689636
dd8daf80-3f76-49d1-8067-96d495c7e668,c9bcc43a-9701-4fce-ad80-923ae62dbd44,1761218702245134951,-1.659393,0.148773,0.7267,-0.015137,-0.583008,0.855957,0.6550834176117041,-34.391978325181405,86.52812780619836,0.6967983245849609,-0.2190263718366623,-0.19864104688167572,0.6534829139709473
dd8daf80-3f76-49d1-8067-96d495c7e668,c9bcc43a-9701-4fce-ad80-923ae62dbd44,1761218702253137951,-1.537323,-0.034332,0.543594,-0.01709,-0.601562,0.84668,0.6745474567252201,-34.41983326228809,86.54455238970651,0.6966869831085205,-0.21927766501903534,-0.19871357083320618,0.6534953713417053
dd8daf80-3f76-49d1-8067-96d495c7e668,c9bcc43a-9701-4fce-ad80-923ae62dbd44,1761218702261141951,-1.478195,-0.032425,0.543594,-0.019531,-0.585938,0.852051,0.6809470032950121,-34.43144391893857,86.56415450630622,0.6965648531913757,-0.21935048699378967,-0.1987786591053009,0.6535813808441162
dd8daf80-3f76-49d1-8067-96d495c7e668,c9bcc43a-9701-4fce-ad80-923ae62dbd44,1761218702269145951,-1.600266,-0.21553,0.482559,-0.009277,-0.571777,0.855957,0.686462099655414,-34.44204787183832,86.59192948348384,0.6963964104652405,-0.21939799189567566,-0.19885903596878052,0.6537204384803772
dd8daf80-3f76-49d1-8067-96d495c7e668,c9bcc43a-9701-4fce-ad80-923ae62dbd44,1761218702277149951,-1.41716,0.02861,0.665665,-0.006348,-0.584961,0.854004,0.6906993615824053,-34.45415990192354,86.599349829852,0.6963390707969666,-0.2194826304912567,-0.19891686737537384,0.6537355184555054
dd8daf80-3f76-49d1-8067-96d495c7e668,c9bcc43a-9701-4fce-ad80-923ae62dbd44,1761218702287826951,-1.050949,-0.09346,0.543594,-0.008301,-0.587402,0.849121,0.6914706125105684,-34.455131072362384,86.60921635064874,0.6962823271751404,-0.21947577595710754,-0.19893664121627808,0.6537922620773315
dd8daf80-3f76-49d1-8067-96d495c7e668,c9bcc43a-9701-4fce-ad80-923ae62dbd44,1761218702298503951,-0.497818,-0.276566,0.665665,-0.01123,-0.564453,0.851562,0.6929983168272821,-34.45414646695494,86.63677187468099,0.696129560470581,-0.21943069994449615,-0.19897449016571045,0.6539584994316101
dd8daf80-3f76-49d1-8067-96d495c7e668,c9bcc43a-9701-4fce-ad80-923ae62dbd44,1761218702309180951,-0.56076,0.026703,0.421524,-0.006836,-0.583496,0.850586,0.6919633846752915,-34.453068604903464,86.63702499590823,0.6961283087730408,-0.21941782534122467,-0.1989750862121582,0.6539639830589294
dd8daf80-3f76-49d1-8067-96d495c7e668,c9bcc43a-9701-4fce-ad80-923ae62dbd44,1761218702319844951,-0.011444,-0.034332,0.299454,0.005859,-0.600586,0.84375,0.685694687781367,-34.46029468570743,86.62525932360032,0.696171224117279,-0.21944622695446014,-0.1990320384502411,0.6538914442062378
dd8daf80-3f76-49d1-8067-96d495c7e668,c9bcc43a-9701-4fce-ad80-923ae62dbd44,1761218702330510951,0.352859,0.211716,0.360489,-0.007324,-0.592773,0.868164,0.6826075536315441,-34.46064618450044,86.60708441233143,0.6962689161300659,-0.2194623053073883,-0.19901800155639648,0.653786301612854
dd8daf80-3f76-49d1-8067-96d495c7e668,c9bcc43a-9701-4fce-ad80-923ae62dbd44,1761218702341176951,0.478745,0.089645,0.482559,0.002441,-0.598633,0.850098,0.6807319923853803,-34.46409535297793,86.59313079012998,0.6963388919830322,-0.2194967269897461,-0.19902242720127106,0.6536988615989685
dd8daf80-3f76-49d1-8067-96d495c7e668,c9bcc43a-9701-4fce-ad80-923ae62dbd44,1761218702351837951,0.782013,0.274658,0.116348,-0.017578,-0.584961,0.867187,0.6867920982047254,-34.46342823846892,86.59040626839285,0.6963661909103394,-0.21953198313713074,-0.1989765614271164,0.65367192029953
dd8daf80-3f76-49d1-8067-96d495c7e668,c9bcc43a-9701-4fce-ad80-923ae62dbd44,1761218702362498951,1.026154,0.331879,0.177383,-0.006348,-0.57373,0.858887,0.6860858891036037,-34.458725909778465,86.59117052222668,0.6963692903518677,-0.2194981575012207,-0.19895538687705994,0.6536864042282104
dd8daf80-3f76-49d1-8067-96d495c7e668,c9bcc43a-9701-4fce-ad80-923ae62dbd44,1761218702373159951,1.087189,0.091553,0.116348,-0.014648,-0.585938,0.853027,0.6880880704253975,-34.45099278582205,86.59131586250702,0.6963862180709839,-0.21946249902248383,-0.19889920949935913,0.6536974310874939
dd8daf80-3f76-49d1-8067-96d495c7e668,c9bcc43a-9701-4fce-ad80-923ae62dbd44,1761218702381158951,1.270294,0.148773,-0.066757,-0.016113,-0.587402,0.857422,0.6940520434308496,-34.435709771860104,86.57261124117697,0.6965314745903015,-0.2194364070892334,-0.19873961806297302,0.6535999774932861
dd8daf80-3f76-49d1-8067-96d495c7e668,c9bcc43a-9701-4fce-ad80-923ae62dbd44,1761218702389160951,1.69754,0.637054,-0.188828,-0.00293,-0.595215,0.859375,0.6953214823839642,-34.427032255416556,86.576243302913,0.696528971195221,-0.2193848043680191,-0.19868916273117065,0.6536352634429932
dd8daf80-3f76-49d1-8067-96d495c7e668,c9bcc43a-9701-4fce-ad80-923ae62dbd44,1761218702397162951,1.634598,0.394821,-0.249863,-0.02002,-0.578125,0.851074,0.7052441803585859,-34.41236621732112,86.62916082740342,0.6962713003158569,-0.21926085650920868,-0.19864612817764282,0.6539644002914429
dd8daf80-3f76-49d1-8067-96d495c7e668,c9bcc43a-9701-4fce-ad80-923ae62dbd44,1761218702405164951,1.392365,0.331879,-0.371933,-0.013184,-0.57959,0.848144,0.7100959740385734,-34.39857861151062,86.6500498396504,0.6961858868598938,-0.21916887164115906,-0.19857759773731232,0.6541069746017456
dd8daf80-3f76-49d1-8067-96d495c7e668,c9bcc43a-9701-4fce-ad80-923ae62dbd44,1761218702415835951,1.390457,0.089645,-0.127792,-0.004883,-0.572754,0.849609,0.7101102387734474,-34.38240110881567,86.62483182437629,0.6963596343994141,-0.21911472082138062,-0.19843657314777374,0.6539828777313232
dd8daf80-3f76-49d1-8067-96d495c7e668,c9bcc43a-9701-4fce-ad80-923ae62dbd44,1761218702426506951,1.026154,-0.156403,-0.432968,-0.023926,-0.57373,0.856445,0.7161804631865561,-34.37370881378222,86.61351840213783,0.6964507102966309,-0.21911630034446716,-0.19832824170589447,0.6539182662963867
dd8daf80-3f76-49d1-8067-96d495c7e668,c9bcc43a-9701-4fce-ad80-923ae62dbd44,1761218702437177951,1.087189,-0.278473,-0.188828,-0.02002,-0.570312,0.839844,0.7182927626382345,-34.36898012507355,86.61577774977185,0.6964501738548279,-0.21909582614898682,-0.19829262793064117,0.6539364457130432
dd8daf80-3f76-49d1-8067-96d495c7e668,c9bcc43a-9701-4fce-ad80-923ae62dbd44,1761218702447819951,1.4534,-0.461578,0.177383,-0.019043,-0.561523,0.848633,0.726429019454302,-34.35142864517091,86.63390583290096,0.6963930726051331,-0.21900463104248047,-0.1981772482395172,0.6540627479553223
dd8daf80-3f76-49d1-8067-96d495c7e668,c9bcc43a-9701-4fce-ad80-923ae62dbd44,1761218702458463951,1.024246,-0.581741,-0.005722,-0.018555,-0.571777,0.85791,0.7290490108160506,-34.34467281428471,86.64110429967246,0.696368932723999,-0.21896624565124512,-0.1981363594532013,0.6541136503219604
dd8daf80-3f76-49d1-8067-96d495c7e668,c9bcc43a-9701-4fce-ad80-923ae62dbd44,1761218702469107951,0.841141,-0.21553,0.543594,-0.017578,-0.565918,0.834961,0.7332725075975784,-34.339414389375776,86.68087691048768,0.6961588263511658,-0.2188897430896759,-0.19815653562545776,0.6543567776679993
dd8daf80-3f76-49d1-8067-96d495c7e668,c9bcc43a-9701-4fce-ad80-923ae62dbd44,1761218702479806951,0.965118,-0.034332,1.031876,-0.018066,-0.579102,0.864746,0.7334927434777969,-34.334961578570166,86.69162327070636,0.6961060166358948,-0.21884547173976898,-0.19815018773078918,0.6544296741485596
dd8daf80-3f76-49d1-8067-96d495c7e668,c9bcc43a-9701-4fce-ad80-923ae62dbd44,1761218702490507951,0.71907,-0.21553,1.031876,-0.013184,-0.578613,0.852051,0.7386049005763076,-34.32275895575387,86.67435071503358,0.6962358951568604,-0.2188306748867035,-0.19801616668701172,0.6543369889259338
dd8daf80-3f76-49d1-8067-96d495c7e668,c9bcc43a-9701-4fce-ad80-923ae62dbd44,1761218702501208951,0.841141,-0.154495,1.214981,-0.016602,-0.571777,0.855957,0.7462962722803764,-34.31370240210515,86.71286967711055,0.6960458159446716,-0.21875323355197906,-0.1979910433292389,0.6545726656913757
dd8daf80-3f76-49d1-8067-96d495c7e668,c9bcc43a-9701-4fce-ad80-923ae62dbd44,1761218702509195951,0.598907,-0.213623,1.703262,-0.003418,-0.577148,0.859375,0.7587987582667705,-34.28949323569994,86.7510828108729,0.6958934664726257,-0.2186121791601181,-0.1978491246700287,0.6548246741294861
dd8daf80-3f76-49d1-8067-96d495c7e668,c9bcc43a-9701-4fce-ad80-923ae62dbd44,1761218702517183951,0.230789,-0.09346,1.703262,-0.013184,-0.560059,0.860352,0.770641144190422,-34.2812224893118,86.75362843801021,0.6959145069122314,-0.21862542629241943,-0.19773459434509277,0.6548324823379517
dd8daf80-3f76-49d1-8067-96d495c7e668,c9bcc43a-9701-4fce-ad80-923ae62dbd44,1761218702525171951,0.110626,0.148773,1.276016,-0.023438,-0.566406,0.857422,0.7792470943064036,-34.2751149241968,86.75606518773053,0.6959266066551208,-0.2186334729194641,-0.1976519227027893,0.6548418402671814
dd8daf80-3f76-49d1-8067-96d495c7e668,c9bcc43a-9701-4fce-ad80-923ae62dbd44,1761218702533159951,-0.318527,0.089645,1.214981,-0.013184,-0.564453,0.855469,0.778047637315513,-34.2694834364339,86.76285815226372,0.6958959698677063,-0.21858133375644684,-0.1976398378610611,0.6548938751220703
dd8daf80-3f76-49d1-8067-96d495c7e668,c9bcc43a-9701-4fce-ad80-923ae62dbd44,1761218702543813951,-0.680923,0.394821,1.214981,-0.003418,-0.561035,0.854004,0.7802945975541633,-34.26761408620877,86.77127863467688,0.6958551406860352,-0.2185683399438858,-0.19763152301311493,0.654944121837616
dd8daf80-3f76-49d1-8067-96d495c7e668,c9bcc43a-9701-4fce-ad80-923ae62dbd44,1761218702554467951,-1.111984,0.394821,0.84877,-0.002441,-0.554199,0.845215,0.7813740238356226,-34.2664307893775,86.77172218160526,0.6958566308021545,-0.21856659650802612,-0.1976190209388733,0.6549468636512756
dd8daf80-3f76-49d1-8067-96d495c7e668,c9bcc43a-9701-4fce-ad80-923ae62dbd44,1761218702565121951,-1.415253,0.82016,0.360489,-0.015137,-0.575684,0.833984,0.7888531667965542,-34.27954031303616,86.83413260112228,0.6954888105392456,-0.2185804545879364,-0.1977679431438446,0.6552894711494446
dd8daf80-3f76-49d1-8067-96d495c7e668,c9bcc43a-9701-4fce-ad80-923ae62dbd44,1761218702575805951,-1.903534,1.308441,-0.616074,-0.002441,-0.569336,0.853516,0.7921780132290545,-34.29060886833511,86.8669691017061,0.6952865123748779,-0.21860967576503754,-0.19787399470806122,0.655462384223938
dd8daf80-3f76-49d1-8067-96d495c7e668,c9bcc43a-9701-4fce-ad80-923ae62dbd44,1761218702586490951,-1.659393,1.125336,-0.860214,-0.010254,-0.560059,0.85791,0.7973442425329473,-34.303357865546964,86.85359358184698,0.6953486204147339,-0.2187393605709076,-0.19789037108421326,0.6553483009338379
dd8daf80-3f76-49d1-8067-96d495c7e668,c9bcc43a-9701-4fce-ad80-923ae62dbd44,1761218702597175951,-1.720428,1.186371,-1.226425,0.006836,-0.569824,0.856445,0.8010920322502504,-34.317193944566284,86.81511595669055,0.6955497860908508,-0.21891085803508759,-0.19787362217903137,0.6550825834274292
dd8daf80-3f76-49d1-8067-96d495c7e668,c9bcc43a-9701-4fce-ad80-923ae62dbd44,1761218702607837951,-1.842499,1.251221,-1.28746,-0.016113,-0.571777,0.854004,0.8022817442724343,-34.344955577638686,86.78024872346741,0.6957002878189087,-0.21914571523666382,-0.19795915484428406,0.6548183560371399
dd8daf80-3f76-49d1-8067-96d495c7e668,c9bcc43a-9701-4fce-ad80-923ae62dbd44,1761218702618501951,-1.783371,1.493454,-1.958847,-0.013672,-0.590332,0.849609,0.8071169199184045,-34.35712755517402,86.76758417878955,0.6957587003707886,-0.2192688137292862,-0.19797544181346893,0.6547101736068726
dd8daf80-3f76-49d1-8067-96d495c7e668,c9bcc43a-9701-4fce-ad80-923ae62dbd44,1761218702629165951,-1.049042,1.186371,-2.202988,-0.017578,-0.596191,0.870605,0.807694094217688,-34.366502543581184,86.74050215683545,0.6958972215652466,-0.2193755805492401,-0.19797390699386597,0.6545276641845703
dd8daf80-3f76-49d1-8067-96d495c7e668,c9bcc43a-9701-4fce-ad80-923ae62dbd44,1761218702637168951,-0.499725,1.308441,-1.958847,-0.026367,-0.583008,0.859375,0.8128025957596352,-34.371561988219455,86.72215919196093,0.6960015296936035,-0.21946704387664795,-0.1979367882013321,0.6543973088264465
dd8daf80-3f76-49d1-8067-96d495c7e668,c9bcc43a-9701-4fce-ad80-923ae62dbd44,1761218702645169951,-0.743866,1.003265,-1.958847,-0.02832,-0.587402,0.860352,0.8190452835138028,-34.3757782832357,86.70623161015885,0.6960955262184143,-0.21955572068691254,-0.19789254665374756,0.6542809009552002
dd8daf80-3f76-49d1-8067-96d495c7e668,c9bcc43a-9701-4fce-ad80-923ae62dbd44,1761218702653170951,-0.56076,1.003265,-1.409531,-0.022461,-0.569824,0.859375,0.8264361738970308,-34.37810315623885,86.68818612459279,0.6962070465087891,-0.21964314579963684,-0.19782640039920807,0.6541528701782227
dd8daf80-3f76-49d1-8067-96d495c7e668,c9bcc43a-9701-4fce-ad80-923ae62dbd44,1761218702661171951,-0.499725,0.331879,-1.470566,-0.038086,-0.584961,0.855469,0.8338114285189495,-34.38309222962732,86.73744999417322,0.6959293484687805,-0.21963036060333252,-0.19790464639663696,0.6544289588928223
dd8daf80-3f76-49d1-8067-96d495c7e668,c9bcc43a-9701-4fce-ad80-923ae62dbd44,1761218702671832951,-0.377655,-0.034332,-1.04332,-0.040039,-0.589355,0.864746,0.8366389130992156,-34.3818982666694,86.7682101730589,0.6957607269287109,-0.21958614885807037,-0.19793957471847534,0.6546125411987305
dd8daf80-3f76-49d1-8067-96d495c7e668,c9bcc43a-9701-4fce-ad80-923ae62dbd44,1761218702682493951,-0.318527,0.150681,-0.738144,-0.02832,-0.57666,0.846191,0.8441665816890808,-34.37856645129286,86.75982637555721,0.6958277225494385,-0.21962349116802216,-0.19785867631435394,0.654553234577179
dd8daf80-3f76-49d1-8067-96d495c7e668,c9bcc43a-9701-4fce-ad80-923ae62dbd44,1761218702693154951,-0.009537,-0.276566,-0.066757,-0.04248,-0.594727,0.859375,0.8590453686829722,-34.37709158639593,86.75727203700697,0.6958706974983215,-0.21970397233963013,-0.19775496423244476,0.6545118689537048
dd8daf80-3f76-49d1-8067-96d495c7e668,c9bcc43a-9701-4fce-ad80-923ae62dbd44,1761218702703826951,-0.19455,-0.644684,-0.310898,-0.022461,-0.580566,0.859863,0.8749760491309808,-34.373851232554244,86.77750164887723,0.695788562297821,-0.21974048018455505,-0.19767841696739197,0.6546100378036499
dd8daf80-3f76-49d1-8067-96d495c7e668,c9bcc43a-9701-4fce-ad80-923ae62dbd44,1761218702714499951,-0.19455,-0.701904,0.177383,-0.035645,-0.563477,0.862305,0.8866744608998205,-34.368874732297954,86.79065094947002,0.6957427263259888,-0.21975453197956085,-0.19760403037071228,0.6546765565872192
dd8daf80-3f76-49d1-8067-96d495c7e668,c9bcc43a-9701-4fce-ad80-923ae62dbd44,1761218702725172951,-0.009537,-0.886917,0.543594,-0.024414,-0.579102,0.851074,0.8910298503572287,-34.36995507367864,86.78047616376095,0.6958063840866089,-0.21980351209640503,-0.1975642740726471,0.6546043753623962
dd8daf80-3f76-49d1-8067-96d495c7e668,c9bcc43a-9701-4fce-ad80-923ae62dbd44,1761218702733182951,-0.19455,-1.255035,0.60463,-0.029297,-0.585449,0.853027,0.8958321406464075,-34.37033848207561,86.8197557073393,0.695589542388916,-0.21976551413536072,-0.19761265814304352,0.6548330187797546
dd8daf80-3f76-49d1-8067-96d495c7e668,c9bcc43a-9701-4fce-ad80-923ae62dbd44,1761218702741194951,-0.257492,-1.375198,0.238419,-0.007324,-0.571289,0.862305,0.8851242470387702,-34.36592066346499,86.8430295296984,0.6954461336135864,-0.21963748335838318,-0.19769689440727234,0.6550028324127197
dd8daf80-3f76-49d1-8067-96d495c7e668,c9bcc43a-9701-4fce-ad80-923ae62dbd44,1761218702749206951,-0.31662,-1.499176,0.665665,-0.011719,-0.570801,0.842773,0.880103286729891,-34.36519244278336,86.84369698995864,0.6954349875450134,-0.21960322558879852,-0.19772446155548096,0.6550178527832031
dd8daf80-3f76-49d1-8067-96d495c7e668,c9bcc43a-9701-4fce-ad80-923ae62dbd44,1761218702757218951,-0.680923,-1.375198,0.482559,-0.003906,-0.558594,0.855957,0.8681708240179399,-34.36183576186959,86.86398089974155,0.6953045725822449,-0.2194797247648239,-0.19781644642353058,0.6551699042320251
dd8daf80-3f76-49d1-8067-96d495c7e668,c9bcc43a-9701-4fce-ad80-923ae62dbd44,1761218702767867951,-0.865936,-1.316071,0.116348,-0.01416,-0.578125,0.849121,0.8606825054636333,-34.3660582453816,86.91541092940217,0.694989800453186,-0.21937358379364014,-0.19798462092876434,0.6554885506629944
dd8daf80-3f76-49d1-8067-96d495c7e668,c9bcc43a-9701-4fce-ad80-923ae62dbd44,1761218702778516951,-1.232147,-1.010895,-0.005722,-0.012695,-0.566895,0.838379,0.852569174568576,-34.371701034801866,86.93165059050094,0.6948725581169128,-0.21933318674564362,-0.1980973482131958,0.6555922627449036
dd8daf80-3f76-49d1-8067-96d495c7e668,c9bcc43a-9701-4fce-ad80-923ae62dbd44,1761218702789165951,-1.234055,-1.070023,-0.188828,-0.010254,-0.581543,0.84668,0.8426072218538039,-34.38516073872117,86.94136969501841,0.6947751045227051,-0.21934062242507935,-0.19825373589992523,0.6556458473205566
dd8daf80-3f76-49d1-8067-96d495c7e668,c9bcc43a-9701-4fce-ad80-923ae62dbd44,1761218702799836951,-1.29509,-1.192093,-0.127792,-0.010742,-0.580566,0.844238,0.8196362807535575,-34.40501700881418,86.9294085001463,0.694767415523529,-0.21934980154037476,-0.19848425686359406,0.6555811166763306
dd8daf80-3f76-49d1-8067-96d495c7e668,c9bcc43a-9701-4fce-ad80-923ae62dbd44,1761218702810508951,-1.110077,-1.316071,-0.310898,-0.007324,-0.577148,0.847656,0.8051114222027785,-34.41490783643169,86.9007088404544,0.6948882937431335,-0.21937614679336548,-0.1985742300748825,0.6554169654846191
dd8daf80-3f76-49d1-8067-96d495c7e668,c9bcc43a-9701-4fce-ad80-923ae62dbd44,1761218702821180951,-1.171112,-1.132965,-0.555038,0.004395,-0.571289,0.853516,0.7867038771454663,-34.41899748365294,86.8638942966866,0.6950594186782837,-0.2193593978881836,-0.1986388862133026,0.6552214622497559
dd8daf80-3f76-49d1-8067-96d495c7e668,c9bcc43a-9701-4fce-ad80-923ae62dbd44,1761218702831864951,-0.928879,-0.886917,-0.677109,0.006836,-0.570801,0.850098,0.7714060779516775,-34.42403852045541,86.86369316047073,0.6950247883796692,-0.2193027138710022,-0.1987602412700653,0.6552404165267944
dd8daf80-3f76-49d1-8067-96d495c7e668,c9bcc43a-9701-4fce-ad80-923ae62dbd44,1761218702842547951,-0.682831,-0.156403,-0.860214,0.003906,-0.591797,0.853516,0.7622514599113608,-34.43157546695149,86.92194956591895,0.6946618556976318,-0.21919476985931396,-0.1989705115556717,0.6555975079536438
dd8daf80-3f76-49d1-8067-96d495c7e668,c9bcc43a-9701-4fce-ad80-923ae62dbd44,1761218702853230951,-0.928879,0.394821,-0.738144,-0.011719,-0.578125,0.839355,0.7641901280385434,-34.43198019654038,86.89895375320455,0.6947960257530212,-0.2192482352256775,-0.19891709089279175,0.655453622341156
dd8daf80-3f76-49d1-8067-96d495c7e668,c9bcc43a-9701-4fce-ad80-923ae62dbd44,1761218702861207951,-1.29509,0.333786,-1.16539,-0.02002,-0.570312,0.853027,0.7628968772413856,-34.444514299234115,86.88044470303072,0.6948766112327576,-0.21934866905212402,-0.1989615112543106,0.6553211212158203
dd8daf80-3f76-49d1-8067-96d495c7e668,c9bcc43a-9701-4fce-ad80-923ae62dbd44,1761218702869186951,-1.720428,0.453949,-1.28746,-0.014648,-0.585938,0.853027,0.761219683020279,-34.46359978799681,86.86815991858319,0.694908857345581,-0.21947570145130157,-0.19905777275562286,0.6552151441574097
dd8daf80-3f76-49d1-8067-96d495c7e668,c9bcc43a-9701-4fce-ad80-923ae62dbd44,1761218702877165951,-1.966476,-0.276566,-1.226425,-0.020508,-0.572266,0.851074,0.7564544320601935,-34.478276290220805,86.85436820884674,0.6949524283409119,-0.21956108510494232,-0.19914452731609344,0.655113935470581
dd8daf80-3f76-49d1-8067-96d495c7e668,c9bcc43a-9701-4fce-ad80-923ae62dbd44,1761218702885144951,-2.088547,-0.398636,-1.226425,-0.029785,-0.579102,0.854004,0.7526393386200855,-34.494402632119474,86.84168609728935,0.6949886083602905,-0.2196587175130844,-0.1992359459400177,0.6550151109695435
dd8daf80-3f76-49d1-8067-96d495c7e668,c9bcc43a-9701-4fce-ad80-923ae62dbd44,1761218702895916951,-2.271652,-0.642776,-1.592636,-0.020996,-0.591309,0.849609,0.7401960028821888,-34.5156721968245,86.81971607029345,0.6950533390045166,-0.21975433826446533,-0.19939137995243073,0.6548669934272766
dd8daf80-3f76-49d1-8067-96d495c7e668,c9bcc43a-9701-4fce-ad80-923ae62dbd44,1761218702906688951,-1.966476,-0.825882,-1.226425,-0.02002,-0.587402,0.848144,0.7312158344439437,-34.53440197260477,86.79812556814896,0.6951265335083008,-0.21985375881195068,-0.19951191544532776,0.6547192931175232
dd8daf80-3f76-49d1-8067-96d495c7e668,c9bcc43a-9701-4fce-ad80-923ae62dbd44,1761218702917460951,-2.269745,-1.010895,-1.226425,-0.027344,-0.585938,0.852539,0.7206072441347697,-34.552698260820414,86.75298805024643,0.6953321099281311,-0.2199823558330536,-0.19959460198879242,0.6544325351715088
dd8daf80-3f76-49d1-8067-96d495c7e668,c9bcc43a-9701-4fce-ad80-923ae62dbd44,1761218702928044951,-1.600266,-1.375198,-0.921249,-0.027832,-0.588379,0.870117,0.7127504816098218,-34.56750752309306,86.7423221107726,0.6953519582748413,-0.22004559636116028,-0.19970671832561493,0.6543560028076172
dd8daf80-3f76-49d1-8067-96d495c7e668,c9bcc43a-9701-4fce-ad80-923ae62dbd44,1761218702938630951,-1.293182,-1.499176,-0.799179,-0.019043,-0.583008,0.844238,0.7046959603075605,-34.58392592690674,86.78339808852364,0.6950729489326477,-0.22002722322940826,-0.19992861151695251,0.6545907855033875
dd8daf80-3f76-49d1-8067-96d495c7e668,c9bcc43a-9701-4fce-ad80-923ae62dbd44,1761218702949216951,-1.41716,-1.741409,-0.188828,-0.01123,-0.595215,0.845703,0.6900058181172967,-34.59879618756867,86.78230411523388,0.6950260400772095,-0.22003509104251862,-0.20010089874267578,0.6545853018760681
dd8daf80-3f76-49d1-8067-96d495c7e668,c9bcc43a-9701-4fce-ad80-923ae62dbd44,1761218702957230951,-0.928879,-2.168655,-0.005722,-0.017578,-0.607422,0.854004,0.6683468974826496,-34.625042764592465,86.78903730931394,0.6949011087417603,-0.22005821764469147,-0.20039570331573486,0.6546199917793274
dd8daf80-3f76-49d1-8067-96d495c7e668,c9bcc43a-9701-4fce-ad80-923ae62dbd44,1761218702965244951,-0.865936,-2.532959,0.482559,-0.02832,-0.59375,0.849121,0.6557928900337985,-34.63555808123415,86.78649627119258,0.6948741674423218,-0.2200544774532318,-0.20052725076675415,0.6546096205711365
dd8daf80-3f76-49d1-8067-96d495c7e668,c9bcc43a-9701-4fce-ad80-923ae62dbd44,1761218702973258951,-0.192642,-2.534866,0.482559,-0.021973,-0.588379,0.861816,0.6449162532748953,-34.63809671063386,86.77085071168582,0.6949397921562195,-0.22003507614135742,-0.2005777209997177,0.6545310020446777
dd8daf80-3f76-49d1-8067-96d495c7e668,c9bcc43a-9701-4fce-ad80-923ae62dbd44,1761218702981272951,-0.257492,-2.840042,0.909805,-0.016602,-0.583496,0.860352,0.6293792227197691,-34.632667782719224,86.75198031125845,0.6950304508209229,-0.21994654834270477,-0.2006046026945114,0.6544562578201294
dd8daf80-3f76-49d1-8067-96d495c7e668,c9bcc43a-9701-4fce-ad80-923ae62dbd44,1761218702991906951,0.049591,-2.780914,1.031876,0.007324,-0.59082,0.862305,0.6062097718629684,-34.62822904809894,86.74466079207774,0.6950399279594421,-0.2198001891374588,-0.2007056474685669,0.6544644236564636
dd8daf80-3f76-49d1-8067-96d495c7e668,c9bcc43a-9701-4fce-ad80-923ae62dbd44,1761218703002540951,0.413895,-3.206253,0.97084,-0.009277,-0.601562,0.856934,0.5863836878298946,-34.62426116692599,86.79303881397348,0.6947361826896667,-0.21957819163799286,-0.20089587569236755,0.6548029184341431
dd8daf80-3f76-49d1-8067-96d495c7e668,c9bcc43a-9701-4fce-ad80-923ae62dbd44,1761218703013174951,0.841141,-3.267288,1.031876,0.003906,-0.587891,0.869629,0.5621126611810059,-34.616407253980306,86.77226853917854,0.6948269009590149,-0.2194284349679947,-0.2009582221508026,0.6547377705574036
dd8daf80-3f76-49d1-8067-96d495c7e668,c9bcc43a-9701-4fce-ad80-923ae62dbd44,1761218703023823951,0.965118,-3.08609,0.60463,-0.01123,-0.580078,0.849121,0.5429801286104196,-34.60205864863492,86.78490497454389,0.694747805595398,-0.2192101925611496,-0.2010161578655243,0.6548770070075989
dd8daf80-3f76-49d1-8067-96d495c7e668,c9bcc43a-9701-4fce-ad80-923ae62dbd44,1761218703034474951,1.392365,-3.08609,0.84877,-0.005371,-0.589355,0.861816,0.5173952521719839,-34.58849054239545,86.85497324226344,0.6943275332450867,-0.21885892748832703,-0.2012273520231247,0.6553751826286316
dd8daf80-3f76-49d1-8067-96d495c7e668,c9bcc43a-9701-4fce-ad80-923ae62dbd44,1761218703045125951,1.270294,-2.96402,0.84877,-0.011719,-0.577637,0.854004,0.49494893272463486,-34.57284121960438,86.89035063064274,0.6941148042678833,-0.21857385337352753,-0.20134107768535614,0.6556605696678162
dd8daf80-3f76-49d1-8067-96d495c7e668,c9bcc43a-9701-4fce-ad80-923ae62dbd44,1761218703055816951,1.392365,-2.597809,0.482559,-0.003906,-0.585449,0.851562,0.45181574358946663,-34.54581929079526,86.82362743734045,0.6944709420204163,-0.21828101575374603,-0.20132023096084595,0.6553873419761658
dd8daf80-3f76-49d1-8067-96d495c7e668,c9bcc43a-9701-4fce-ad80-923ae62dbd44,1761218703066506951,1.026154,-2.475739,0.482559,0.004395,-0.577637,0.855957,0.4289088438896882,-34.532936865009596,86.79465128716825,0.6946203708648682,-0.21812301874160767,-0.2013300359249115,0.6552785634994507
dd8daf80-3f76-49d1-8067-96d495c7e668,c9bcc43a-9701-4fce-ad80-923ae62dbd44,1761218703077196951,1.390457,-2.351761,0.360489,0.002441,-0.577637,0.850586,0.40893253170727867,-34.51761696260758,86.79209145749383,0.6946284174919128,-0.21792060136795044,-0.20135843753814697,0.6553286910057068
dd8daf80-3f76-49d1-8067-96d495c7e668,c9bcc43a-9701-4fce-ad80-923ae62dbd44,1761218703085197951,1.024246,-1.131058,0.177383,0.002441,-0.571777,0.856934,0.3942247484266861,-34.5048405437775,86.78245326707207,0.6946814656257629,-0.21777616441249847,-0.20135603845119476,0.6553211212158203
dd8daf80-3f76-49d1-8067-96d495c7e668,c9bcc43a-9701-4fce-ad80-923ae62dbd44,1761218703093201951,1.024246,-0.09346,-0.005722,0.0,-0.581055,0.858887,0.38505909819464207,-34.49782549540851,86.80563868391876,0.6945458054542542,-0.21764053404331207,-0.20141543447971344,0.6554917693138123
dd8daf80-3f76-49d1-8067-96d495c7e668,c9bcc43a-9701-4fce-ad80-923ae62dbd44,1761218703101205951,0.843048,0.637054,-0.188828,0.015625,-0.588379,0.859863,0.3736869335946519,-34.494854066638595,86.87693028211466,0.694123387336731,-0.21743212640285492,-0.20160263776779175,0.655950665473938
dd8daf80-3f76-49d1-8067-96d495c7e668,c9bcc43a-9701-4fce-ad80-923ae62dbd44,1761218703109209951,0.658035,1.188278,-0.738144,0.022461,-0.571289,0.849121,0.3571780796443257,-34.493886167921765,86.89557483907927,0.6939893960952759,-0.2172989547252655,-0.20173244178295135,0.6560966372489929
dd8daf80-3f76-49d1-8067-96d495c7e668,c9bcc43a-9701-4fce-ad80-923ae62dbd44,1761218703119884951,0.967026,2.04277,-1.226425,0.013672,-0.598145,0.84375,0.3533045322068244,-34.489566589736306,86.83346518445884,0.6943461298942566,-0.2173599749803543,-0.20161333680152893,0.6557354927062988
dd8daf80-3f76-49d1-8067-96d495c7e668,c9bcc43a-9701-4fce-ad80-923ae62dbd44,1761218703130559951,1.390457,2.347946,-1.775742,0.012695,-0.59082,0.869141,0.3557997785911157,-34.47942920847746,86.81963365903675,0.6944485306739807,-0.21733728051185608,-0.2015138566493988,0.6556650996208191
dd8daf80-3f76-49d1-8067-96d495c7e668,c9bcc43a-9701-4fce-ad80-923ae62dbd44,1761218703141234951,1.512527,2.653122,-2.019882,0.004883,-0.583984,0.85791,0.35766475066973025,-34.46316298422497,86.7841773595003,0.6946849226951599,-0.21731184422969818,-0.20134206116199493,0.655475914478302
dd8daf80-3f76-49d1-8067-96d495c7e668,c9bcc43a-9701-4fce-ad80-923ae62dbd44,1761218703149297951,1.817703,2.714157,-2.386093,0.001465,-0.580078,0.856445,0.3645322829861072,-34.41996775105591,86.64235970935084,0.6955880522727966,-0.2173384130001068,-0.20078399777412415,0.6546799540519714
dd8daf80-3f76-49d1-8067-96d495c7e668,c9bcc43a-9701-4fce-ad80-923ae62dbd44,1761218703157362951,2.36702,2.897263,-3.118515,0.0,-0.584961,0.868164,0.3651995623092792,-34.39486566304002,86.59318924527227,0.6959167718887329,-0.2172762155532837,-0.20054301619529724,0.6544250249862671
dd8daf80-3f76-49d1-8067-96d495c7e668,c9bcc43a-9701-4fce-ad80-923ae62dbd44,1761218703165427951,2.672195,3.019333,-3.606796,0.016113,-0.567383,0.858887,0.35933477420471455,-34.36178966466356,86.5827048098541,0.6960278749465942,-0.21706056594848633,-0.2003694772720337,0.6544315218925476
dd8daf80-3f76-49d1-8067-96d495c7e668,c9bcc43a-9701-4fce-ad80-923ae62dbd44,1761218703173492951,3.284454,3.078461,-4.034042,0.003906,-0.581055,0.848144,0.35595250109188714,-34.33331144370789,86.5601856265266,0.6962034702301025,-0.21690793335437775,-0.2001844197511673,0.6543519496917725
dd8daf80-3f76-49d1-8067-96d495c7e668,c9bcc43a-9701-4fce-ad80-923ae62dbd44,1761218703184079951,3.101349,2.651215,-4.766464,0.004883,-0.564453,0.851074,0.34814953960605616,-34.30238642794018,86.51584785235762,0.6965004205703735,-0.21675319969654083,-0.1999710202217102,0.6541524529457092
dd8daf80-3f76-49d1-8067-96d495c7e668,c9bcc43a-9701-4fce-ad80-923ae62dbd44,1761218703194666951,2.918243,2.83432,-4.827499,-0.01123,-0.577148,0.848144,0.3455602381990768,-34.27791646129483,86.51761482678104,0.6965312361717224,-0.2165868729352951,-0.19985012710094452,0.6542116403579712
dd8daf80-3f76-49d1-8067-96d495c7e668,c9bcc43a-9701-4fce-ad80-923ae62dbd44,1761218703205253951,2.613068,2.162933,-5.19371,-0.020508,-0.565918,0.844238,0.33913405605838354,-34.252418675875006,86.49032984827176,0.6967230439186096,-0.2164435237646103,-0.1996917873620987,0.6541016101837158
dd8daf80-3f76-49d1-8067-96d495c7e668,c9bcc43a-9701-4fce-ad80-923ae62dbd44,1761218703215920951,2.000809,1.371384,-5.010605,-0.01123,-0.566895,0.838379,0.33050351506784575,-34.23005719290733,86.41441177918828,0.6971827149391174,-0.2163906991481781,-0.1994730532169342,0.6536960005760193
dd8daf80-3f76-49d1-8067-96d495c7e668,c9bcc43a-9701-4fce-ad80-923ae62dbd44,1761218703226586951,1.514435,1.613617,-5.254745,-0.019531,-0.567871,0.847168,0.321661302711389,-34.211367785086594,86.36421424284012,0.6974883079528809,-0.21631406247615814,-0.199325293302536,0.6534404158592224
dd8daf80-3f76-49d1-8067-96d495c7e668,c9bcc43a-9701-4fce-ad80-923ae62dbd44,1761218703237252951,1.329422,0.883102,-4.644394,-0.018066,-0.566406,0.852051,0.3113236096447067,-34.196620816328256,86.32094998153285,0.6977443695068359,-0.21624068915843964,-0.19922234117984772,0.6532227993011475
dd8daf80-3f76-49d1-8067-96d495c7e668,c9bcc43a-9701-4fce-ad80-923ae62dbd44,1761218703247896951,1.087189,0.69809,-4.461288,-0.020508,-0.575684,0.852051,0.29134314556008495,-34.16875364967479,86.2525436632826,0.6981512308120728,-0.21607618033885956,-0.19905591011047363,0.6528933048248291
dd8daf80-3f76-49d1-8067-96d495c7e668,c9bcc43a-9701-4fce-ad80-923ae62dbd44,1761218703258543951,0.415802,0.209808,-3.667831,-0.026855,-0.562988,0.839355,0.2833738911962199,-34.15969474714353,86.19954540439556,0.6984561085700989,-0.21606768667697906,-0.19895285367965698,0.652601420879364
dd8daf80-3f76-49d1-8067-96d495c7e668,c9bcc43a-9701-4fce-ad80-923ae62dbd44,1761218703269190951,0.537872,0.148773,-3.30162,-0.025391,-0.567871,0.841797,0.2754706953847158,-34.154526231064466,86.16416364834595,0.6986534595489502,-0.21605265140533447,-0.1989048421382904,0.6524097323417664
dd8daf80-3f76-49d1-8067-96d495c7e668,c9bcc43a-9701-4fce-ad80-923ae62dbd44,1761218703277178951,0.230789,-0.09346,-1.28746,-0.041504,-0.548828,0.854492,0.2788283763662648,-34.1420607936446,86.13738404331187,0.6988348960876465,-0.21604229509830475,-0.19876280426979065,0.6522622108459473
dd8daf80-3f76-49d1-8067-96d495c7e668,c9bcc43a-9701-4fce-ad80-923ae62dbd44,1761218703285168951,-0.135422,-0.398636,-0.677109,-0.026367,-0.567871,0.853027,0.2899383559441961,-34.13937123515002,86.11926628807704,0.6989622712135315,-0.21612058579921722,-0.19864554703235626,0.65213543176651
dd8daf80-3f76-49d1-8067-96d495c7e668,c9bcc43a-9701-4fce-ad80-923ae62dbd44,1761218703293158951,-0.31662,-0.522614,-0.066757,-0.033203,-0.560547,0.851074,0.3041514500246773,-34.13360822250059,86.16866808498106,0.698716402053833,-0.21608075499534607,-0.19861917197704315,0.6524201035499573
dd8daf80-3f76-49d1-8067-96d495c7e668,c9bcc43a-9701-4fce-ad80-923ae62dbd44,1761218703301148951,-0.680923,-1.070023,0.7267,-0.014648,-0.57373,0.859863,0.3107081424058487,-34.12958574043074,86.20556399721882,0.6985251307487488,-0.21602962911128998,-0.1986258178949356,0.6526398658752441
dd8daf80-3f76-49d1-8067-96d495c7e668,c9bcc43a-9701-4fce-ad80-923ae62dbd44,1761218703311834951,-0.804901,-1.010895,1.153946,-0.019043,-0.568359,0.848144,0.31988408599641865,-34.13078120627461,86.23224423887741,0.6983868479728699,-0.21604293584823608,-0.19862700998783112,0.6527830362319946
dd8daf80-3f76-49d1-8067-96d495c7e668,c9bcc43a-9701-4fce-ad80-923ae62dbd44,1761218703322520951,-0.986099,-1.375198,2.069473,-0.013672,-0.560059,0.855957,0.3246031935657938,-34.13114363722125,86.24546858319425,0.6983190178871155,-0.21604910492897034,-0.19862525165081024,0.6528540849685669
dd8daf80-3f76-49d1-8067-96d495c7e668,c9bcc43a-9701-4fce-ad80-923ae62dbd44,1761218703333206951,-1.415253,-1.132965,2.74086,-0.01709,-0.556152,0.839355,0.3306738078818313,-34.13864155004918,86.24347447321448,0.6983270049095154,-0.2161327749490738,-0.1986272931098938,0.6528171896934509
dd8daf80-3f76-49d1-8067-96d495c7e668,c9bcc43a-9701-4fce-ad80-923ae62dbd44,1761218703343875951,-1.905441,-1.253128,2.86293,-0.005371,-0.56543,0.843262,0.3485371841597625,-34.162391863764434,86.30217080677879,0.6979795098304749,-0.21627725660800934,-0.19876480102539062,0.653099000453949
dd8daf80-3f76-49d1-8067-96d495c7e668,c9bcc43a-9701-4fce-ad80-923ae62dbd44,1761218703354544951,-2.088547,-1.680374,3.107071,0.004883,-0.577148,0.839355,0.3525508567676045,-34.181861873449485,86.32588300168614,0.6978152394294739,-0.216377392411232,-0.19889631867408752,0.6532012224197388
dd8daf80-3f76-49d1-8067-96d495c7e668,c9bcc43a-9701-4fce-ad80-923ae62dbd44,1761218703365213951,-2.145767,-1.375198,2.923965,0.001953,-0.5625,0.861816,0.3584492076418303,-34.19419595971435,86.35664572569287,0.6976272463798523,-0.216432586312294,-0.19898895919322968,0.6533554792404175
dd8daf80-3f76-49d1-8067-96d495c7e668,c9bcc43a-9701-4fce-ad80-923ae62dbd44,1761218703375879951,-2.515793,-1.558304,2.069473,-0.010254,-0.577637,0.85498,0.36290935107771294,-34.21469153228999,86.38910902699355,0.6974118947982788,-0.21652618050575256,-0.1991402506828308,0.653508186340332
dd8daf80-3f76-49d1-8067-96d495c7e668,c9bcc43a-9701-4fce-ad80-923ae62dbd44,1761218703386544951,-2.634048,-1.253128,1.825333,-0.001953,-0.569336,0.856445,0.3586118935261108,-34.232652916708496,86.40764848708399,0.6972653865814209,-0.21657857298851013,-0.19930408895015717,0.6535971164703369
dd8daf80-3f76-49d1-8067-96d495c7e668,c9bcc43a-9701-4fce-ad80-923ae62dbd44,1761218703397209951,-2.20871,-1.438141,1.398087,0.010742,-0.57373,0.855957,0.35031694009708414,-34.25301746346005,86.45315087073338,0.6969535946846008,-0.2165757566690445,-0.19955696165561676,0.6538532972335815
dd8daf80-3f76-49d1-8067-96d495c7e668,c9bcc43a-9701-4fce-ad80-923ae62dbd44,1761218703405223951,-2.391815,-1.499176,0.665665,0.01416,-0.587402,0.869629,0.32644543363420847,-34.28842252737763,86.55028997164858,0.6962918043136597,-0.2164844423532486,-0.20008814334869385,0.6544276475906372
dd8daf80-3f76-49d1-8067-96d495c7e668,c9bcc43a-9701-4fce-ad80-923ae62dbd44,1761218703413237951,-2.33078,-1.499176,0.60463,-0.003418,-0.597656,0.858398,0.31450425078433125,-34.306844849279344,86.5471792265732,0.6962544918060303,-0.21653343737125397,-0.2002602219581604,0.654398500919342
dd8daf80-3f76-49d1-8067-96d495c7e668,c9bcc43a-9701-4fce-ad80-923ae62dbd44,1761218703421251951,-1.905441,-1.558304,0.055313,-0.011719,-0.582031,0.848633,0.30218303546993336,-34.3206740886073,86.53897821087844,0.6962540745735168,-0.21656131744384766,-0.20039869844913483,0.65434730052948
dd8daf80-3f76-49d1-8067-96d495c7e668,c9bcc43a-9701-4fce-ad80-923ae62dbd44,1761218703429265951,-1.657486,-1.558304,0.055313,0.000977,-0.580566,0.855957,0.28677407493521934,-34.33099036286486,86.56190561552395,0.6960769891738892,-0.21649576723575592,-0.20059464871883392,0.6544973850250244
dd8daf80-3f76-49d1-8067-96d495c7e668,c9bcc43a-9701-4fce-ad80-923ae62dbd44,1761218703440059951,-1.415253,-1.621246,-0.127792,-0.01709,-0.589844,0.866699,0.272336561569367,-34.34308238998651,86.57998115951452,0.6959259510040283,-0.21645496785640717,-0.20078566670417786,0.6546129584312439
dd8daf80-3f76-49d1-8067-96d495c7e668,c9bcc43a-9701-4fce-ad80-923ae62dbd44,1761218703450853951,-1.354218,-1.678467,-0.494003,-0.01416,-0.577148,0.857422,0.2584222201498101,-34.35111224207002,86.5828389896274,0.6958702802658081,-0.21641919016838074,-0.20092150568962097,0.6546422243118286
dd8daf80-3f76-49d1-8067-96d495c7e668,c9bcc43a-9701-4fce-ad80-923ae62dbd44,1761218703461647951,-0.986099,-2.046585,0.116348,-0.007324,-0.576172,0.848144,0.24398998327986052,-34.358036365230944,86.61342373956992,0.6956573128700256,-0.216325044631958,-0.2011065036058426,0.6548429131507874
dd8daf80-3f76-49d1-8067-96d495c7e668,c9bcc43a-9701-4fce-ad80-923ae62dbd44,1761218703472264951,-0.135422,-1.680374,0.360489,0.000488,-0.583496,0.865234,0.23092366734336897,-34.361758091031525,86.68100772595334,0.6952410936355591,-0.21615423262119293,-0.2013346403837204,0.6552711129188538
dd8daf80-3f76-49d1-8067-96d495c7e668,c9bcc43a-9701-4fce-ad80-923ae62dbd44,1761218703482879951,-0.745773,-1.375198,0.60463,0.004883,-0.575195,0.854004,0.21852182109185603,-34.36386720796565,86.69835469524241,0.6951161623001099,-0.21606560051441193,-0.20145466923713684,0.6553959846496582
dd8daf80-3f76-49d1-8067-96d495c7e668,c9bcc43a-9701-4fce-ad80-923ae62dbd44,1761218703493494951,-0.680923,-1.070023,0.84877,-0.016113,-0.57959,0.858887,0.21642862090190518,-34.37040556947031,86.6987277494343,0.6950981616973877,-0.21609258651733398,-0.20150551199913025,0.6553905606269836
dd8daf80-3f76-49d1-8067-96d495c7e668,c9bcc43a-9701-4fce-ad80-923ae62dbd44,1761218703501414951,-0.865936,-0.461578,1.092911,0.008301,-0.580566,0.856445,0.21432659625033204,-34.38213729786338,86.65448866929236,0.6953255534172058,-0.21622943878173828,-0.2015019804239273,0.6551052927970886
dd8daf80-3f76-49d1-8067-96d495c7e668,c9bcc43a-9701-4fce-ad80-923ae62dbd44,1761218703509337951,-0.986099,-0.09346,1.031876,-0.00293,-0.587891,0.856934,0.2204856481230844,-34.39290306495703,86.64938690509372,0.6953454613685608,-0.2163388878107071,-0.20151659846305847,0.6550434827804565
dd8daf80-3f76-49d1-8067-96d495c7e668,c9bcc43a-9701-4fce-ad80-923ae62dbd44,1761218703517260951,-1.050949,-0.09346,1.031876,-0.006348,-0.583984,0.848633,0.2214658090799754,-34.39723706079877,86.639660312982,0.6953946948051453,-0.21638786792755127,-0.20151709020137787,0.6549748778343201
dd8daf80-3f76-49d1-8067-96d495c7e668,c9bcc43a-9701-4fce-ad80-923ae62dbd44,1761218703525183951,-1.111984,-0.276566,1.031876,-0.003418,-0.583984,0.845703,0.22428537238597568,-34.405359646815036,86.65008701223815,0.6953248977661133,-0.21643486618995667,-0.2015661597251892,0.6550183892250061
dd8daf80-3f76-49d1-8067-96d495c7e668,c9bcc43a-9701-4fce-ad80-923ae62dbd44,1761218703535851951,-0.682831,-0.522614,1.153946,0.013184,-0.579102,0.855957,0.2197792311878793,-34.411998544181465,86.67700829152854,0.6951506733894348,-0.21640197932720184,-0.20168234407901764,0.6551783680915833
dd8daf80-3f76-49d1-8067-96d495c7e668,c9bcc43a-9701-4fce-ad80-923ae62dbd44,1761218703546519951,-0.804901,-0.522614,1.031876,-0.015625,-0.577148,0.851562,0.222411865000052,-34.41726077972661,86.6736405519873,0.6951647400856018,-0.21645483374595642,-0.20169013738632202,0.6551436185836792
dd8daf80-3f76-49d1-8067-96d495c7e668,c9bcc43a-9701-4fce-ad80-923ae62dbd44,1761218703557187951,-0.623703,-0.398636,1.214981,-0.000488,-0.57959,0.858398,0.22162443229138645,-34.42122831636542,86.6802134275499,0.6951183676719666,-0.21646280586719513,-0.20173004269599915,0.655177891254425
dd8daf80-3f76-49d1-8067-96d495c7e668,c9bcc43a-9701-4fce-ad80-923ae62dbd44,1761218703567867951,-0.56076,-0.644684,1.031876,-0.004883,-0.591797,0.846191,0.21955764019317187,-34.426184104287536,86.70934432782121,0.6949388980865479,-0.2164297252893448,-0.20182597637176514,0.655349612236023
dd8daf80-3f76-49d1-8067-96d495c7e668,c9bcc43a-9701-4fce-ad80-923ae62dbd44,1761218703578548951,-0.623703,-0.642776,1.092911,0.002441,-0.589355,0.851074,0.2153898535917661,-34.42889008047476,86.71671340537459,0.6948843598365784,-0.21640929579734802,-0.20188066363334656,0.655397355556488
dd8daf80-3f76-49d1-8067-96d495c7e668,c9bcc43a-9701-4fce-ad80-923ae62dbd44,1761218703589229951,-0.31662,-0.522614,1.214981,-0.005371,-0.561035,0.851562,0.21764080977342257,-34.425607595452455,86.7235428064528,0.6948553919792175,-0.21639025211334229,-0.20186111330986023,0.6554403901100159
dd8daf80-3f76-49d1-8067-96d495c7e668,c9bcc43a-9701-4fce-ad80-923ae62dbd44,1761218703599989951,-0.56076,-0.701904,1.581192,0.006348,-0.575684,0.850098,0.22551554783748182,-34.42947853077701,86.73602135209609,0.6947906613349915,-0.21643675863742828,-0.20185910165309906,0.6554942727088928
dd8daf80-3f76-49d1-8067-96d495c7e668,c9bcc43a-9701-4fce-ad80-923ae62dbd44,1761218703610747951,-0.745773,-0.276566,1.276016,-0.009766,-0.572266,0.854004,0.23276761178715002,-34.430474284979404,86.73442864283109,0.694810688495636,-0.2164870649576187,-0.2018178254365921,0.6554691791534424
dd8daf80-3f76-49d1-8067-96d495c7e668,c9bcc43a-9701-4fce-ad80-923ae62dbd44,1761218703621505951,-1.049042,-0.278473,1.642227,-0.001465,-0.583008,0.849609,0.2359569611925883,-34.43820807945772,86.7341691250908,0.6948033571243286,-0.21655261516571045,-0.2018422931432724,0.6554477214813232
dd8daf80-3f76-49d1-8067-96d495c7e668,c9bcc43a-9701-4fce-ad80-923ae62dbd44,1761218703629439951,-0.988007,0.148773,1.703262,0.005859,-0.582031,0.859863,0.2413151401357234,-34.44451639271636,86.7501835340988,0.6947094202041626,-0.21659323573112488,-0.2018762081861496,0.6555234789848328
dd8daf80-3f76-49d1-8067-96d495c7e668,c9bcc43a-9701-4fce-ad80-923ae62dbd44,1761218703637373951,-1.111984,0.272751,1.459122,-0.000977,-0.57373,0.852539,0.25417063227919295,-34.45071267504632,86.78954235068535,0.6944953203201294,-0.21663497388362885,-0.2019081860780716,0.6557266116142273
dd8daf80-3f76-49d1-8067-96d495c7e668,c9bcc43a-9701-4fce-ad80-923ae62dbd44,1761218703645307951,-1.169205,0.394821,1.703262,0.000977,-0.584473,0.845703,0.26296483365637563,-34.45865061720606,86.76939061055167,0.6946113109588623,-0.21676881611347198,-0.20186226069927216,0.6555737257003784
dd8daf80-3f76-49d1-8067-96d495c7e668,c9bcc43a-9701-4fce-ad80-923ae62dbd44,1761218703653241951,-1.293182,0.637054,1.459122,0.015625,-0.570801,0.85498,0.2684706554259032,-34.46818902295626,86.75447136268029,0.6946885585784912,-0.21688434481620789,-0.20185530185699463,0.6554557681083679
dd8daf80-3f76-49d1-8067-96d495c7e668,c9bcc43a-9701-4fce-ad80-923ae62dbd44,1761218703661221951,-1.600266,0.699997,1.153946,-0.009277,-0.576172,0.843262,0.2862013577821722,-34.47792778808508,86.76449764349475,0.6946442723274231,-0.21702703833580017,-0.20182259380817413,0.6554656028747559
dd8daf80-3f76-49d1-8067-96d495c7e668,c9bcc43a-9701-4fce-ad80-923ae62dbd44,1761218703669201951,-1.966476,0.944138,0.909805,-0.007324,-0.57373,0.849609,0.3011925983932026,-34.489922225789776,86.77017247792777,0.6946158409118652,-0.2171754091978073,-0.20181119441986084,0.6554500460624695
dd8daf80-3f76-49d1-8067-96d495c7e668,c9bcc43a-9701-4fce-ad80-923ae62dbd44,1761218703677181951,-2.088547,1.005173,0.360489,0.002441,-0.57666,0.845703,0.31258784941448137,-34.50467012473064,86.77165453248557,0.6945999264717102,-0.21732722222805023,-0.2018294334411621,0.6554110050201416
dd8daf80-3f76-49d1-8067-96d495c7e668,c9bcc43a-9701-4fce-ad80-923ae62dbd44,1761218703685161951,-2.696991,0.946045,0.055313,-0.009277,-0.567383,0.836426,0.320467455858684,-34.52104847273536,86.78880000823918,0.6944851875305176,-0.21744118630886078,-0.20190805196762085,0.655470609664917
dd8daf80-3f76-49d1-8067-96d495c7e668,c9bcc43a-9701-4fce-ad80-923ae62dbd44,1761218703695892951,-2.454758,1.188278,-0.249863,0.002441,-0.579102,0.842285,0.32513654395428965,-34.54573586113915,86.79429340018879,0.6944159269332886,-0.21760758757591248,-0.20203165709972382,0.6554506421089172
dd8daf80-3f76-49d1-8067-96d495c7e668,c9bcc43a-9701-4fce-ad80-923ae62dbd44,1761218703706623951,-2.943039,0.822067,-0.677109,0.001465,-0.581055,0.84082,0.328511888536092,-34.571667017018044,86.77957346227946,0.6944576501846313,-0.21780970692634583,-0.20213182270526886,0.6553084850311279
dd8daf80-3f76-49d1-8067-96d495c7e668,c9bcc43a-9701-4fce-ad80-923ae62dbd44,1761218703717354951,-3.065109,0.944138,-0.982285,-0.007812,-0.585938,0.851074,0.33227504274373415,-34.59844289750489,86.73756805001481,0.6946544051170349,-0.21806734800338745,-0.20218250155448914,0.6549985408782959
dd8daf80-3f76-49d1-8067-96d495c7e668,c9bcc43a-9701-4fce-ad80-923ae62dbd44,1761218703727958951,-3.307343,1.434326,-1.28746,0.003906,-0.583984,0.848144,0.3315408615966569,-34.62396017316622,86.70516704598157,0.6947905421257019,-0.21827475726604462,-0.20227137207984924,0.6547576189041138
dd8daf80-3f76-49d1-8067-96d495c7e668,c9bcc43a-9701-4fce-ad80-923ae62dbd44,1761218703738562951,-3.185272,1.613617,-1.836777,0.000488,-0.577148,0.844238,0.3332382482936253,-34.6506182783489,86.690194014454,0.6948291659355164,-0.21847225725650787,-0.20238514244556427,0.654615581035614
dd8daf80-3f76-49d1-8067-96d495c7e668,c9bcc43a-9701-4fce-ad80-923ae62dbd44,1761218703749166951,-3.185272,1.979828,-1.958847,-0.004883,-0.584473,0.853516,0.3355756164929575,-34.67428838327551,86.66866713644437,0.6949118971824646,-0.2186668962240219,-0.20246537029743195,0.6544380187988281
dd8daf80-3f76-49d1-8067-96d495c7e668,c9bcc43a-9701-4fce-ad80-923ae62dbd44,1761218703759827951,-2.943039,1.676559,-1.470566,-0.020996,-0.604492,0.844238,0.35574524284725756,-34.73011763861041,86.6427366172316,0.694990873336792,-0.2191658616065979,-0.20261292159557343,0.6541415452957153
dd8daf80-3f76-49d1-8067-96d495c7e668,c9bcc43a-9701-4fce-ad80-923ae62dbd44,1761218703770488951,-2.759933,1.676559,-1.897812,-0.020508,-0.591309,0.851562,0.3656505670183345,-34.75440209403637,86.6403032027783,0.6949766874313354,-0.2193737030029297,-0.2026870995759964,0.6540639996528625
dd8daf80-3f76-49d1-8067-96d495c7e668,c9bcc43a-9701-4fce-ad80-923ae62dbd44,1761218703781149951,-2.576828,1.371384,-2.019882,-0.012695,-0.583496,0.835938,0.3700332941095286,-34.77725905484708,86.61285158371915,0.6950981616973877,-0.21958565711975098,-0.2027386575937271,0.6538477540016174
dd8daf80-3f76-49d1-8067-96d495c7e668,c9bcc43a-9701-4fce-ad80-923ae62dbd44,1761218703789161951,-2.696991,0.209808,-1.226425,-0.024414,-0.585938,0.842773,0.3834281010318899,-34.79940385747826,86.58625304668399,0.6952319741249084,-0.21984320878982544,-0.20273301005363464,0.6536206603050232
dd8daf80-3f76-49d1-8067-96d495c7e668,c9bcc43a-9701-4fce-ad80-923ae62dbd44,1761218703797172951,-2.819061,-0.156403,-0.799179,-0.027344,-0.5625,0.84375,0.3870685336719493,-34.81935324693705,86.56895247816749,0.6952995657920837,-0.22001536190509796,-0.2027917504310608,0.6534726619720459
dd8daf80-3f76-49d1-8067-96d495c7e668,c9bcc43a-9701-4fce-ad80-923ae62dbd44,1761218703805183951,-3.12233,-0.703812,-0.371933,-0.029785,-0.59375,0.852051,0.3921516268569957,-34.83912788391814,86.56920977113964,0.6952698826789856,-0.22016364336013794,-0.20287442207336426,0.6534286141395569
dd8daf80-3f76-49d1-8067-96d495c7e668,c9bcc43a-9701-4fce-ad80-923ae62dbd44,1761218703813194951,-2.882004,-1.436234,0.055313,-0.035645,-0.59082,0.839355,0.39471731468687316,-34.86765649282067,86.55603716071279,0.6952958106994629,-0.22037436068058014,-0.20299656689167023,0.6532920002937317
dd8daf80-3f76-49d1-8067-96d495c7e668,c9bcc43a-9701-4fce-ad80-923ae62dbd44,1761218703823871951,-2.634048,-1.558304,0.543594,-0.022949,-0.592285,0.850098,0.3932533094567621,-34.89265191555916,86.52198011359206,0.6954402327537537,-0.22057770192623138,-0.20308272540569305,0.6530429124832153
dd8daf80-3f76-49d1-8067-96d495c7e668,c9bcc43a-9701-4fce-ad80-923ae62dbd44,1761218703834548951,-2.271652,-1.558304,1.031876,-0.014648,-0.589844,0.864746,0.39688468306971963,-34.91206226407943,86.60006227545917,0.6949649453163147,-0.22057746350765228,-0.2033219039440155,0.6534743905067444
dd8daf80-3f76-49d1-8067-96d495c7e668,c9bcc43a-9701-4fce-ad80-923ae62dbd44,1761218703845225951,-1.966476,-1.680374,1.214981,-0.006348,-0.589355,0.857422,0.39515868377085356,-34.929375975852345,86.65854740264793,0.6945956349372864,-0.22056855261325836,-0.20354393124580383,0.6538008451461792
dd8daf80-3f76-49d1-8067-96d495c7e668,c9bcc43a-9701-4fce-ad80-923ae62dbd44,1761218703853227951,-1.659393,-1.438141,1.825333,-0.027832,-0.571777,0.852051,0.4052795175929389,-34.9524028639892,86.6733211696591,0.6944859027862549,-0.22073931992053986,-0.20364272594451904,0.653829038143158
dd8daf80-3f76-49d1-8067-96d495c7e668,c9bcc43a-9701-4fce-ad80-923ae62dbd44,1761218703861229951,-1.657486,-1.558304,1.764297,-0.003418,-0.590332,0.86084,0.40336415189004937,-34.96276607853913,86.6620269894331,0.6945273876190186,-0.2208111435174942,-0.20369184017181396,0.6537454128265381
dd8daf80-3f76-49d1-8067-96d495c7e668,c9bcc43a-9701-4fce-ad80-923ae62dbd44,1761218703869231951,-1.598358,-1.316071,2.191544,-0.01416,-0.578613,0.849609,0.40798970378710014,-34.97185173961623,86.65267916560433,0.6945717930793762,-0.22090908885002136,-0.20369774103164673,0.6536633372306824
dd8daf80-3f76-49d1-8067-96d495c7e668,c9bcc43a-9701-4fce-ad80-923ae62dbd44,1761218703877233951,-1.354218,-1.316071,1.764297,-0.008789,-0.578613,0.860352,0.41037315497873855,-34.978368183434796,86.65752484579276,0.6945360898971558,-0.22095349431037903,-0.20372989773750305,0.6536762118339539
dd8daf80-3f76-49d1-8067-96d495c7e668,c9bcc43a-9701-4fce-ad80-923ae62dbd44,1761218703887889951,-1.41716,-1.86348,1.764297,-0.006836,-0.589355,0.858398,0.407846425287792,-34.98250766676412,86.6869927157765,0.6943556666374207,-0.22091169655323029,-0.2038256973028183,0.6538521647453308
dd8daf80-3f76-49d1-8067-96d495c7e668,c9bcc43a-9701-4fce-ad80-923ae62dbd44,1761218703898545951,-0.865936,-1.499176,1.520157,-0.016602,-0.579102,0.858887,0.40608273337336886,-34.98455538087344,86.69556376810078,0.6942997574806213,-0.22089876234531403,-0.20386461913585663,0.6539037823677063
dd8daf80-3f76-49d1-8067-96d495c7e668,c9bcc43a-9701-4fce-ad80-923ae62dbd44,1761218703909201951,-0.864029,-1.558304,1.459122,-0.01123,-0.603516,0.856445,0.4030849730840221,-34.98999716967625,86.69886637023328,0.6942653059959412,-0.22090868651866913,-0.20392027497291565,0.6539196372032166
dd8daf80-3f76-49d1-8067-96d495c7e668,c9bcc43a-9701-4fce-ad80-923ae62dbd44,1761218703919848951,-0.743866,-1.190186,0.84877,0.005859,-0.585938,0.852051,0.393837609326486,-34.99272862604071,86.69569469832493,0.6942617893218994,-0.22087807953357697,-0.2039858102798462,0.6539132595062256
dd8daf80-3f76-49d1-8067-96d495c7e668,c9bcc43a-9701-4fce-ad80-923ae62dbd44,1761218703930495951,-0.31662,-1.499176,0.665665,-0.009277,-0.581055,0.858398,0.38640011948632536,-34.99304768157302,86.74013623438073,0.6939942836761475,-0.22075842320919037,-0.20411832630634308,0.6541962027549744
dd8daf80-3f76-49d1-8067-96d495c7e668,c9bcc43a-9701-4fce-ad80-923ae62dbd44,1761218703941142951,-0.440598,-1.436234,0.543594,0.003906,-0.601074,0.853027,0.37521115705280134,-34.99653553302567,86.7599611370481,0.693854570388794,-0.22068029642105103,-0.2042442262172699,0.6543314456939697
dd8daf80-3f76-49d1-8067-96d495c7e668,c9bcc43a-9701-4fce-ad80-923ae62dbd44,1761218703951829951,-0.135422,-1.192093,0.238419,0.00293,-0.594727,0.845215,0.3610842102124881,-34.996893289762674,86.71482962499125,0.6940863728523254,-0.22068224847316742,-0.20424491167068481,0.6540846824645996
dd8daf80-3f76-49d1-8067-96d495c7e668,c9bcc43a-9701-4fce-ad80-923ae62dbd44,1761218703962517951,-0.135422,-1.192093,-0.005722,-0.010742,-0.58252,0.839844,0.3603477464703667,-34.99453099478775,86.69498608859456,0.6942027807235718,-0.22069913148880005,-0.20419764518737793,0.6539701819419861
dd8daf80-3f76-49d1-8067-96d495c7e668,c9bcc43a-9701-4fce-ad80-923ae62dbd44,1761218703973205951,-0.318527,-0.764847,-0.432968,-0.010254,-0.583008,0.848633,0.35921733875816025,-34.992973438324654,86.70184340466206,0.6941645741462708,-0.22067104279994965,-0.20420879125595093,0.6540167331695557
dd8daf80-3f76-49d1-8067-96d495c7e668,c9bcc43a-9701-4fce-ad80-923ae62dbd44,1761218703983908951,-0.865936,-0.461578,-0.371933,0.005371,-0.576172,0.850586,0.3552518763640063,-34.989262024221865,86.71426141861103,0.694093644618988,-0.220603808760643,-0.2042354941368103,0.6541064381599426
dd8daf80-3f76-49d1-8067-96d495c7e668,c9bcc43a-9701-4fce-ad80-923ae62dbd44,1761218703994610951,-0.682831,-0.156403,-0.738144,-0.011719,-0.589844,0.837891,0.3576686590946572,-34.988858249789956,86.73579119686418,0.6939758062362671,-0.22057680785655975,-0.204259991645813,0.6542328596115112
dd8daf80-3f76-49d1-8067-96d495c7e668,c9bcc43a-9701-4fce-ad80-923ae62dbd44,1761218704005312951,-0.986099,-0.398636,-0.799179,-0.010742,-0.602539,0.852051,0.35739783385591717,-34.99492294578093,86.75926491820053,0.6938298344612122,-0.22057007253170013,-0.20434151589870453,0.6543644666671753
dd8daf80-3f76-49d1-8067-96d495c7e668,c9bcc43a-9701-4fce-ad80-923ae62dbd44,1761218704013286951,-0.806808,-0.21553,-0.555038,-0.001953,-0.597656,0.858398,0.3517395252454927,-34.99171119468856,86.76924820527114,0.6937687993049622,-0.22050054371356964,-0.20437660813331604,0.6544416546821594
dd8daf80-3f76-49d1-8067-96d495c7e668,c9bcc43a-9701-4fce-ad80-923ae62dbd44,1761218704021259951,-0.986099,-0.09346,-0.921249,-0.008301,-0.57959,0.855469,0.35400094139872057,-34.98639950137493,86.7942409707056,0.6936401128768921,-0.22043678164482117,-0.204380601644516,0.6545982956886292
dd8daf80-3f76-49d1-8067-96d495c7e668,c9bcc43a-9701-4fce-ad80-923ae62dbd44,1761218704029232951,-0.743866,-0.339508,-0.799179,-0.012695,-0.585938,0.84668,0.3562790222434551,-34.984880828849704,86.87206540060515,0.6932023167610168,-0.2203017771244049,-0.20450778305530548,0.6550676226615906
dd8daf80-3f76-49d1-8067-96d495c7e668,c9bcc43a-9701-4fce-ad80-923ae62dbd44,1761218704037205951,-0.743866,-0.034332,-0.616074,-0.010254,-0.581055,0.853516,0.35955604907129024,-34.98248179804917,86.86990769728182,0.6932250261306763,-0.22030986845493317,-0.20447006821632385,0.655052661895752
dd8daf80-3f76-49d1-8067-96d495c7e668,c9bcc43a-9701-4fce-ad80-923ae62dbd44,1761218704046825951,-0.682831,0.274658,-0.738144,-0.000977,-0.59082,0.834473,0.35960024556301395,-34.98161015790511,86.84923831101861,0.6933448910713196,-0.220341756939888,-0.20442506670951843,0.6549290418624878
dd8daf80-3f76-49d1-8067-96d495c7e668,c9bcc43a-9701-4fce-ad80-923ae62dbd44,1761218704056448951,-0.56076,-0.156403,-0.860214,-0.018555,-0.588867,0.850586,0.3606714506048404,-34.98135967704003,86.82031502458528,0.6935125589370728,-0.22039794921875,-0.20436152815818787,0.6547524333000183
dd8daf80-3f76-49d1-8067-96d495c7e668,c9bcc43a-9701-4fce-ad80-923ae62dbd44,1761218704066071951,-0.56076,-0.213623,-0.921249,-0.013184,-0.57959,0.869141,0.3641349497991776,-34.974692293830905,86.81877846075282,0.693540096282959,-0.22038020193576813,-0.2042994350194931,0.6547486186027527
dd8daf80-3f76-49d1-8067-96d495c7e668,c9bcc43a-9701-4fce-ad80-923ae62dbd44,1761218704075694951,-0.806808,-0.337601,-0.799179,-0.022949,-0.581055,0.848144,0.36993043135865894,-34.97047447483816,86.80766602618478,0.6936218738555908,-0.2204076498746872,-0.20421883463859558,0.6546778678894043
dd8daf80-3f76-49d1-8067-96d495c7e668,c9bcc43a-9701-4fce-ad80-923ae62dbd44,1761218704085317951,-0.865936,-0.339508,-0.249863,0.000488,-0.572754,0.84668,0.36857642944786106,-34.963797123649265,86.77206211967967,0.693835437297821,-0.22042301297187805,-0.20412032306194305,0.654477059841156
dd8daf80-3f76-49d1-8067-96d495c7e668,c9bcc43a-9701-4fce-ad80-923ae62dbd44,1761218704095957951,-0.806808,-0.886917,-0.371933,-0.000977,-0.584473,0.85498,0.36329159103958364,-34.962222313574486,86.77614149769157,0.6938056945800781,-0.22037604451179504,-0.20415115356445312,0.6545147895812988
dd8daf80-3f76-49d1-8067-96d495c7e668,c9bcc43a-9701-4fce-ad80-923ae62dbd44,1761218704106597951,-0.745773,-0.276566,-0.310898,0.00293,-0.600098,0.849121,0.36081317926433276,-34.96004377443243,86.83980886773567,0.69344162940979,-0.22023524343967438,-0.20427608489990234,0.6549089550971985
dd8daf80-3f76-49d1-8067-96d495c7e668,c9bcc43a-9701-4fce-ad80-923ae62dbd44,1761218704117237951,-1.169205,-0.398636,-0.188828,-0.006836,-0.580078,0.842285,0.3595511375324302,-34.95952342841193,86.81678631886457,0.693571925163269,-0.2202659249305725,-0.2042364925146103,0.6547729969024658
dd8daf80-3f76-49d1-8067-96d495c7e668,c9bcc43a-9701-4fce-ad80-923ae62dbd44,1761218704127885951,-0.926971,-0.156403,-0.066757,-0.001465,-0.586426,0.848633,0.3644616862687773,-34.95944670365931,86.80990389835104,0.6936201453208923,-0.22030578553676605,-0.2041931003332138,0.6547220349311829
dd8daf80-3f76-49d1-8067-96d495c7e668,c9bcc43a-9701-4fce-ad80-923ae62dbd44,1761218704138531951,-1.171112,0.026703,0.299454,-0.008789,-0.588867,0.853516,0.36249796139047735,-34.955788815316154,86.81795730857344,0.6935775279998779,-0.22025813162326813,-0.20419952273368835,0.6547811627388
dd8daf80-3f76-49d1-8067-96d495c7e668,c9bcc43a-9701-4fce-ad80-923ae62dbd44,1761218704149177951,-1.232147,-0.034332,-0.005722,-0.010254,-0.583984,0.839844,0.3645880234213635,-34.956097874682776,86.81534636497236,0.6935955882072449,-0.2202765941619873,-0.20418362319469452,0.6547607779502869
dd8daf80-3f76-49d1-8067-96d495c7e668,c9bcc43a-9701-4fce-ad80-923ae62dbd44,1761218704159845951,-1.232147,-0.034332,-0.494003,-0.012695,-0.594727,0.84668,0.364211937412598,-34.95633227605667,86.792512777493,0.6937249302864075,-0.220316544175148,-0.20414334535598755,0.6546228528022766
dd8daf80-3f76-49d1-8067-96d495c7e668,c9bcc43a-9701-4fce-ad80-923ae62dbd44,1761218704170513951,-0.928879,0.02861,0.299454,-0.016602,-0.59375,0.84375,0.3658940842626795,-34.95791692487475,86.78120331860664,0.693789541721344,-0.22035586833953857,-0.2041204869747162,0.6545482873916626
dd8daf80-3f76-49d1-8067-96d495c7e668,c9bcc43a-9701-4fce-ad80-923ae62dbd44,1761218704181181951,-0.865936,-0.034332,-0.310898,-0.003418,-0.590332,0.852051,0.3674029032720176,-34.95690895869392,86.78557562557114,0.6937691569328308,-0.22035059332847595,-0.20411399006843567,0.6545737385749817
dd8daf80-3f76-49d1-8067-96d495c7e668,c9bcc43a-9701-4fce-ad80-923ae62dbd44,1761218704189196951,-0.133514,0.148773,-0.005722,-0.018066,-0.595703,0.842285,0.3689802374594312,-34.95553410925268,86.78886927500147,0.6937557458877563,-0.2203454226255417,-0.20410290360450745,0.6545931696891785
dd8daf80-3f76-49d1-8067-96d495c7e668,c9bcc43a-9701-4fce-ad80-923ae62dbd44,1761218704197211951,-0.011444,-0.522614,-0.249863,0.005859,-0.600098,0.840332,0.3681442479987939,-34.95672169728239,86.84801955369156,0.693414032459259,-0.2202424556016922,-0.204228475689888,0.6549505591392517
dd8daf80-3f76-49d1-8067-96d495c7e668,c9bcc43a-9701-4fce-ad80-923ae62dbd44,1761218704205226951,-0.257492,-0.276566,-0.249863,0.001953,-0.587402,0.852539,0.3687202363557825,-34.955523796217214,86.87158651565849,0.6932826042175293,-0.22019651532173157,-0.20426341891288757,0.6550942063331604
dd8daf80-3f76-49d1-8067-96d495c7e668,c9bcc43a-9701-4fce-ad80-923ae62dbd44,1761218704213241951,-0.011444,-0.522614,-0.005722,-0.006348,-0.598633,0.838867,0.36933596742397495,-34.95775404933867,86.88150060736395,0.6932228207588196,-0.22019581496715546,-0.20429152250289917,0.655148983001709
dd8daf80-3f76-49d1-8067-96d495c7e668,c9bcc43a-9701-4fce-ad80-923ae62dbd44,1761218704223899951,0.535965,-0.459671,-0.310898,-0.005859,-0.591797,0.84668,0.3671098588021451,-34.958862134302656,86.87713622058112,0.6932417154312134,-0.22019755840301514,-0.20430295169353485,0.655124843120575
dd8daf80-3f76-49d1-8067-96d495c7e668,c9bcc43a-9701-4fce-ad80-923ae62dbd44,1761218704234557951,0.415802,-0.827789,-0.494003,-0.01123,-0.595703,0.849121,0.36862471878416503,-34.96111005337446,86.87258256936843,0.6932662129402161,-0.2202278971672058,-0.20429791510105133,0.65509033203125
dd8daf80-3f76-49d1-8067-96d495c7e668,c9bcc43a-9701-4fce-ad80-923ae62dbd44,1761218704245215951,-0.011444,-0.461578,-0.494003,0.007324,-0.589355,0.847168,0.3662672497326291,-34.96125200771643,86.86315647935673,0.6933156251907349,-0.22023209929466248,-0.20429487526416779,0.655037522315979
dd8daf80-3f76-49d1-8067-96d495c7e668,c9bcc43a-9701-4fce-ad80-923ae62dbd44,1761218704255856951,0.232697,-0.522614,-0.432968,-0.020996,-0.603027,0.845703,0.37270088412092794,-34.966016112912,86.8449564559288,0.6934221386909485,-0.22033007442951202,-0.20424824953079224,0.6549063920974731
dd8daf80-3f76-49d1-8067-96d495c7e668,c9bcc43a-9701-4fce-ad80-923ae62dbd44,1761218704266499951,0.293732,-0.827789,-0.494003,-0.003906,-0.592285,0.84375,0.37405545963992537,-34.96522439445574,86.8391007792471,0.6934595108032227,-0.2203434705734253,-0.20422425866127014,0.654869794845581
dd8daf80-3f76-49d1-8067-96d495c7e668,c9bcc43a-9701-4fce-ad80-923ae62dbd44,1761218704277142951,0.352859,-0.459671,-0.310898,-0.01123,-0.580566,0.840332,0.37592463725290726,-34.96373898018037,86.85784041446567,0.6933585405349731,-0.22031177580356598,-0.20424047112464905,0.654982328414917
dd8daf80-3f76-49d1-8067-96d495c7e668,c9bcc43a-9701-4fce-ad80-923ae62dbd44,1761218704287829951,0.110626,-0.827789,-0.188828,-0.020996,-0.60498,0.850586,0.381140159967833,-34.96337480696758,86.87381976420241,0.6932771801948547,-0.22031092643737793,-0.20423755049705505,0.6550695896148682
dd8daf80-3f76-49d1-8067-96d495c7e668,c9bcc43a-9701-4fce-ad80-923ae62dbd44,1761218704298515951,0.230789,-0.703812,-0.127792,-0.001953,-0.573242,0.836426,0.38333669295258377,-34.96060289090518,86.93879277120824,0.6929147839546204,-0.22019092738628387,-0.20433326065540314,0.6554633975028992
dd8daf80-3f76-49d1-8067-96d495c7e668,c9bcc43a-9701-4fce-ad80-923ae62dbd44,1761218704309201951,0.295639,-1.070023,0.177383,0.005859,-0.583984,0.845215,0.37865989002681666,-34.9584990563823,86.96918986903167,0.6927365064620972,-0.22009727358818054,-0.20440787076950073,0.6556599736213684
dd8daf80-3f76-49d1-8067-96d495c7e668,c9bcc43a-9701-4fce-ad80-923ae62dbd44,1761218704317191951,0.230789,-1.253128,0.238419,0.000488,-0.588867,0.848144,0.3725144382448557,-34.95668064089915,86.95778824181441,0.6927942037582397,-0.2200714647769928,-0.20441269874572754,0.655606210231781
dd8daf80-3f76-49d1-8067-96d495c7e668,c9bcc43a-9701-4fce-ad80-923ae62dbd44,1761218704325180951,0.169754,-1.253128,0.482559,-0.005859,-0.598633,0.845703,0.37039111754735315,-34.95882758189088,86.92498301795536,0.6929740309715271,-0.2201307862997055,-0.20437483489513397,0.6554080247879028
dd8daf80-3f76-49d1-8067-96d495c7e668,c9bcc43a-9701-4fce-ad80-923ae62dbd44,1761218704333169951,0.169754,-1.375198,0.665665,0.0,-0.602051,0.834961,0.37113379152741294,-34.96472566058799,86.89275268846461,0.6931485533714294,-0.22022812068462372,-0.20434221625328064,0.6552008986473083
dd8daf80-3f76-49d1-8067-96d495c7e668,c9bcc43a-9701-4fce-ad80-923ae62dbd44,1761218704341158951,0.049591,-0.827789,0.482559,-0.001953,-0.596191,0.842773,0.36025712985219754,-34.966089007613576,86.866818400458,0.6932748556137085,-0.2202204167842865,-0.20436598360538483,0.6550624370574951
dd8daf80-3f76-49d1-8067-96d495c7e668,c9bcc43a-9701-4fce-ad80-923ae62dbd44,1761218704351827951,0.047684,-0.947952,0.97084,-0.005371,-0.578125,0.845215,0.35810121932230654,-34.962677815961165,86.8483245342212,0.6933831572532654,-0.22022046148777008,-0.20432394742965698,0.6549609303474426
dd8daf80-3f76-49d1-8067-96d495c7e668,c9bcc43a-9701-4fce-ad80-923ae62dbd44,1761218704362496951,-0.135422,-0.764847,0.055313,0.002441,-0.591309,0.863281,0.3588799456108446,-34.95940068645096,86.85921094910435,0.6933284997940063,-0.22018571197986603,-0.20432138442993164,0.6550312638282776
dd8daf80-3f76-49d1-8067-96d495c7e668,c9bcc43a-9701-4fce-ad80-923ae62dbd44,1761218704373165951,0.478745,-0.398636,0.238419,0.003418,-0.58252,0.859375,0.3570764513457334,-34.95588119557608,86.90576174479786,0.6930657625198364,-0.22007115185260773,-0.20440155267715454,0.6553226709365845
dd8daf80-3f76-49d1-8067-96d495c7e668,c9bcc43a-9701-4fce-ad80-923ae62dbd44,1761218704383844951,0.658035,-0.581741,0.238419,0.0,-0.589355,0.852051,0.3552061061029895,-34.95129023405638,86.89947918993819,0.693107008934021,-0.22004392743110657,-0.2043744921684265,0.6552966833114624
dd8daf80-3f76-49d1-8067-96d495c7e668,c9bcc43a-9701-4fce-ad80-923ae62dbd44,1761218704394523951,0.902176,-0.398636,-0.310898,-0.000488,-0.586426,0.850098,0.3557632445404326,-34.94721256993173,86.9017472756897,0.6931027173995972,-0.2200184464454651,-0.20435211062431335,0.6553167700767517
dd8daf80-3f76-49d1-8067-96d495c7e668,c9bcc43a-9701-4fce-ad80-923ae62dbd44,1761218704405202951,0.902176,-0.398636,-0.188828,-0.005371,-0.588867,0.855957,0.35449954924425553,-34.94495492223809,86.90015840654839,0.6931138038635254,-0.22000043094158173,-0.2043437659740448,0.6553136706352234
dd8daf80-3f76-49d1-8067-96d495c7e668,c9bcc43a-9701-4fce-ad80-923ae62dbd44,1761218704413199951,0.902176,-0.764847,-0.555038,0.001465,-0.587402,0.856934,0.34306553519951277,-34.93806645278154,86.88545861944269,0.6931904554367065,-0.21991968154907227,-0.204345241189003,0.6552591919898987
dd8daf80-3f76-49d1-8067-96d495c7e668,c9bcc43a-9701-4fce-ad80-923ae62dbd44,1761218704421197951,0.782013,-1.132965,-0.066757,-0.013184,-0.583496,0.833984,0.3435102828434745,-34.9392757664219,86.8818526828107,0.6932095885276794,-0.21993595361709595,-0.2043425589799881,0.6552343368530273
dd8daf80-3f76-49d1-8067-96d495c7e668,c9bcc43a-9701-4fce-ad80-923ae62dbd44,1761218704429195951,0.597,-1.070023,-0.127792,-0.004395,-0.58252,0.845703,0.3380164256279958,-34.93315427275505,86.8823447626873,0.6932085156440735,-0.21986670792102814,-0.20434166491031647,0.6552589535713196
dd8daf80-3f76-49d1-8067-96d495c7e668,c9bcc43a-9701-4fce-ad80-923ae62dbd44,1761218704437193951,0.352859,-1.131058,-0.494003,0.003418,-0.581543,0.856445,0.3292765080406661,-34.925264199062866,86.8899016763099,0.693164587020874,-0.2197556048631668,-0.20436382293701172,0.6553357839584351
dd8daf80-3f76-49d1-8067-96d495c7e668,c9bcc43a-9701-4fce-ad80-923ae62dbd44,1761218704447863951,0.598907,-1.132965,-0.005722,-0.000488,-0.575684,0.845215,0.3300706671681949,-34.921544296303615,86.89645085092717,0.6931355595588684,-0.21972599625587463,-0.20435026288032532,0.6553806662559509
dd8daf80-3f76-49d1-8067-96d495c7e668,c9bcc43a-9701-4fce-ad80-923ae62dbd44,1761218704458533951,0.169754,-0.703812,0.177383,0.005371,-0.577637,0.86084,0.3246198365194921,-34.91490650231607,86.89440588325625,0.6931500434875488,-0.21965838968753815,-0.20434127748012543,0.6553907990455627
dd8daf80-3f76-49d1-8067-96d495c7e668,c9bcc43a-9701-4fce-ad80-923ae62dbd44,1761218704469203951,0.293732,-0.94986,0.055313,-0.019043,-0.575195,0.854004,0.32866421671521123,-34.911117932534104,86.94063388846291,0.6928999423980713,-0.21957620978355408,-0.2043837010860443,0.6556695103645325
dd8daf80-3f76-49d1-8067-96d495c7e668,c9bcc43a-9701-4fce-ad80-923ae62dbd44,1761218704477251951,0.293732,-0.644684,0.238419,-0.005371,-0.588867,0.847168,0.325862054080879,-34.909446541588935,86.92225645567888,0.693003237247467,-0.21958285570144653,-0.204355850815773,0.6555668115615845
dd8daf80-3f76-49d1-8067-96d495c7e668,c9bcc43a-9701-4fce-ad80-923ae62dbd44,1761218704485300951,0.415802,-0.461578,0.238419,0.004883,-0.585938,0.852051,0.32049208109957517,-34.90605938395306,86.89119827850709,0.6931777000427246,-0.2195870727300644,-0.2043094038963318,0.6553953886032104
dd8daf80-3f76-49d1-8067-96d495c7e668,c9bcc43a-9701-4fce-ad80-923ae62dbd44,1761218704493349951,0.415802,-0.522614,0.238419,0.0,-0.584473,0.862305,0.3173247051999356,-34.90103734121466,86.87867149418226,0.6932531595230103,-0.21956095099449158,-0.20427578687667847,0.6553348302841187
dd8daf80-3f76-49d1-8067-96d495c7e668,c9bcc43a-9701-4fce-ad80-923ae62dbd44,1761218704501398951,0.293732,-0.522614,0.238419,0.003418,-0.590332,0.845703,0.3140628526429697,-34.89954731618865,86.88971387686811,0.6931869983673096,-0.21951361000537872,-0.2043081372976303,0.6554105877876282
dd8daf80-3f76-49d1-8067-96d495c7e668,c9bcc43a-9701-4fce-ad80-923ae62dbd44,1761218704512016951,0.293732,-0.339508,0.299454,0.004883,-0.571777,0.848144,0.31185300020233186,-34.894036819280686,86.89452905968169,0.6931658983230591,-0.21945911645889282,-0.20429915189743042,0.6554539203643799
dd8daf80-3f76-49d1-8067-96d495c7e668,c9bcc43a-9701-4fce-ad80-923ae62dbd44,1761218704522634951,0.478745,-0.21553,0.482559,-0.005371,-0.588867,0.847168,0.31044883091194436,-34.89262018613307,86.88875359962192,0.693199098110199,-0.21945282816886902,-0.20428846776485443,0.6554242372512817
dd8daf80-3f76-49d1-8067-96d495c7e668,c9bcc43a-9701-4fce-ad80-923ae62dbd44,1761218704533252951,0.295639,-0.09346,0.238419,0.004883,-0.58252,0.840332,0.30636883314109986,-34.89161940310933,86.887644790758,0.6932000517845154,-0.21942542493343353,-0.20430529117584229,0.6554271578788757
dd8daf80-3f76-49d1-8067-96d495c7e668,c9bcc43a-9701-4fce-ad80-923ae62dbd44,1761218704543911951,-0.19455,-0.213623,0.238419,-0.005859,-0.571777,0.851562,0.30589750134980276,-34.88428213894164,86.8662575884629,0.6933353543281555,-0.2194165289402008,-0.20422515273094177,0.6553120017051697
dd8daf80-3f76-49d1-8067-96d495c7e668,c9bcc43a-9701-4fce-ad80-923ae62dbd44,1761218704554571951,-0.072479,-0.339508,-0.188828,0.00293,-0.584961,0.848633,0.30272458054584483,-34.88175091586731,86.81021265052993,0.6936548948287964,-0.21948294341564178,-0.20412252843379974,0.6549835205078125
dd8daf80-3f76-49d1-8067-96d495c7e668,c9bcc43a-9701-4fce-ad80-923ae62dbd44,1761218704565231951,-0.440598,0.02861,-0.188828,0.001953,-0.57666,0.84668,0.29945635374845364,-34.875457674337774,86.84128639286702,0.693483293056488,-0.21937088668346405,-0.2041657716035843,0.6551892161369324
dd8daf80-3f76-49d1-8067-96d495c7e668,c9bcc43a-9701-4fce-ad80-923ae62dbd44,1761218704573227951,-0.56076,-0.278473,-0.371933,-0.005859,-0.575684,0.84668,0.2896606547105837,-34.866905631496984,86.86751658579145,0.6933319568634033,-0.219216451048851,-0.20422625541687012,0.6553822159767151
dd8daf80-3f76-49d1-8067-96d495c7e668,c9bcc43a-9701-4fce-ad80-923ae62dbd44,1761218704581226951,-0.255585,-0.522614,-0.494003,0.00293,-0.571289,0.853516,0.2907331230536306,-34.861069632173326,86.87506710173119,0.6933016777038574,-0.219173863530159,-0.20420077443122864,0.6554364562034607
dd8daf80-3f76-49d1-8067-96d495c7e668,c9bcc43a-9701-4fce-ad80-923ae62dbd44,1761218704589225951,-0.623703,-0.154495,-0.494003,-0.008789,-0.592285,0.856934,0.29128696071609983,-34.85965560764021,86.88770919349645,0.6932330131530762,-0.2191459685564041,-0.20421350002288818,0.6555144190788269
dd8daf80-3f76-49d1-8067-96d495c7e668,c9bcc43a-9701-4fce-ad80-923ae62dbd44,1761218704597224951,-0.743866,0.026703,-0.677109,0.000488,-0.566895,0.845703,0.290941454311775,-34.85572677490733,86.88093399604165,0.6932785511016846,-0.21913234889507294,-0.20418012142181396,0.6554811596870422
dd8daf80-3f76-49d1-8067-96d495c7e668,c9bcc43a-9701-4fce-ad80-923ae62dbd44,1761218704607872951,-0.440598,0.02861,-0.555038,-0.001465,-0.592285,0.852051,0.29239992368286893,-34.853172101001135,86.86225251982411,0.693392813205719,-0.21915853023529053,-0.204120934009552,0.6553699970245361
dd8daf80-3f76-49d1-8067-96d495c7e668,c9bcc43a-9701-4fce-ad80-923ae62dbd44,1761218704618520951,-0.497818,-0.21553,-0.371933,-0.01709,-0.568848,0.833984,0.29581222575741467,-34.85052758500208,86.82971573715132,0.6935899257659912,-0.21922001242637634,-0.20402289927005768,0.6551713347434998
dd8daf80-3f76-49d1-8067-96d495c7e668,c9bcc43a-9701-4fce-ad80-923ae62dbd44,1761218704629168951,-0.011444,-0.339508,-0.310898,-0.009766,-0.580566,0.845703,0.29982034175643274,-34.84872565667021,86.8588776055297,0.6934337019920349,-0.2191801220178604,-0.20404410362243652,0.6553434133529663
dd8daf80-3f76-49d1-8067-96d495c7e668,c9bcc43a-9701-4fce-ad80-923ae62dbd44,1761218704639828951,-0.318527,-0.276566,-0.127792,0.005859,-0.584961,0.848633,0.29669521685945177,-34.843337588284044,86.8681616304237,0.6933851838111877,-0.21911315619945526,-0.20404990017414093,0.6554153561592102
dd8daf80-3f76-49d1-8067-96d495c7e668,c9bcc43a-9701-4fce-ad80-923ae62dbd44,1761218704650489951,-0.318527,-0.21553,-0.249863,0.007324,-0.582031,0.839844,0.29606196340756996,-34.842130788077064,86.84507862555228,0.693518340587616,-0.2191433310508728,-0.20400267839431763,0.6552790999412537
dd8daf80-3f76-49d1-8067-96d495c7e668,c9bcc43a-9701-4fce-ad80-923ae62dbd44,1761218704661150951,-0.743866,-0.156403,-0.310898,-0.004395,-0.580566,0.840332,0.29504447239616455,-34.8409881294906,86.85376771322643,0.6934689879417419,-0.21911516785621643,-0.20401890575885773,0.6553356051445007
dd8daf80-3f76-49d1-8067-96d495c7e668,c9bcc43a-9701-4fce-ad80-923ae62dbd44,1761218704671853951,-0.864029,-1.070023,0.116348,-0.002441,-0.574707,0.837402,0.2901439898695817,-34.833026491664015,86.9196163200702,0.6930985450744629,-0.2189217507839203,-0.20412878692150116,0.6557578444480896
dd8daf80-3f76-49d1-8067-96d495c7e668,c9bcc43a-9701-4fce-ad80-923ae62dbd44,1761218704682558951,-0.623703,-0.947952,0.299454,-0.007324,-0.583984,0.855957,0.29171582346208713,-34.82856647548411,86.9182490504762,0.6931175589561462,-0.2189062535762787,-0.20409110188484192,0.6557546257972717
dd8daf80-3f76-49d1-8067-96d495c7e668,c9bcc43a-9701-4fce-ad80-923ae62dbd44,1761218704693263951,-0.56076,-0.644684,0.421524,-0.000977,-0.583496,0.851562,0.28901932759082705,-34.83134042983085,86.91419590971586,0.6931307315826416,-0.21891479194164276,-0.20411556959152222,0.6557302474975586
dd8daf80-3f76-49d1-8067-96d495c7e668,c9bcc43a-9701-4fce-ad80-923ae62dbd44,1761218704703912951,-0.806808,-1.070023,0.60463,-0.004883,-0.580566,0.864258,0.28257983455740926,-34.83307979995123,86.9230662011972,0.6930652260780334,-0.21887263655662537,-0.20418143272399902,0.6557930707931519
dd8daf80-3f76-49d1-8067-96d495c7e668,c9bcc43a-9701-4fce-ad80-923ae62dbd44,1761218704714562951,-0.806808,-0.642776,0.787735,0.01416,-0.580566,0.856445,0.2717170351441442,-34.83829105956646,86.9330808797286,0.6929787397384644,-0.218824103474617,-0.20429612696170807,0.6558648943901062
dd8daf80-3f76-49d1-8067-96d495c7e668,c9bcc43a-9701-4fce-ad80-923ae62dbd44,1761218704725212951,-0.988007,0.026703,0.360489,0.008789,-0.584961,0.848633,0.2712387957972016,-34.84160927206205,86.94645069054691,0.6928951144218445,-0.2188175618648529,-0.20434357225894928,0.6559406518936157
dd8daf80-3f76-49d1-8067-96d495c7e668,c9bcc43a-9701-4fce-ad80-923ae62dbd44,1761218704733203951,-1.415253,0.148773,0.055313,-0.00293,-0.589355,0.839844,0.26609911029933087,-34.8579472910751,87.06964173989444,0.6921496391296387,-0.21866683661937714,-0.20470350980758667,0.6566653847694397
dd8daf80-3f76-49d1-8067-96d495c7e668,c9bcc43a-9701-4fce-ad80-923ae62dbd44,1761218704741195951,-1.232147,0.514984,-0.066757,0.01123,-0.585938,0.845703,0.2623367159071936,-34.864966182786404,87.05095520583093,0.6922367811203003,-0.21872100234031677,-0.20473085343837738,0.656546950340271
dd8daf80-3f76-49d1-8067-96d495c7e668,c9bcc43a-9701-4fce-ad80-923ae62dbd44,1761218704749187951,-1.781464,0.637054,-0.310898,0.000977,-0.595703,0.84668,0.2594958989463921,-34.882411879712905,87.03528292158221,0.6922886371612549,-0.21883799135684967,-0.20481818914413452,0.6564260125160217
dd8daf80-3f76-49d1-8067-96d495c7e668,c9bcc43a-9701-4fce-ad80-923ae62dbd44,1761218704757179951,-1.598358,0.453949,-0.616074,-0.008789,-0.599609,0.853027,0.2620430651247298,-34.89780045281595,87.05223215779334,0.6921671032905579,-0.21891510486602783,-0.20492346584796906,0.6564956307411194
dd8daf80-3f76-49d1-8067-96d495c7e668,c9bcc43a-9701-4fce-ad80-923ae62dbd44,1761218704767857951,-1.600266,0.516891,-0.982285,-0.000488,-0.603516,0.842773,0.26130421957071,-34.916289964349644,87.0233996593992,0.6922960877418518,-0.21907396614551544,-0.20497889816761017,0.6562893390655518
dd8daf80-3f76-49d1-8067-96d495c7e668,c9bcc43a-9701-4fce-ad80-923ae62dbd44,1761218704778535951,-1.966476,0.761032,-1.04332,-0.004883,-0.597168,0.847168,0.2605656477118271,-34.93661943255009,86.98228570757257,0.6924918293952942,-0.21926598250865936,-0.20502130687236786,0.656005322933197
dd8daf80-3f76-49d1-8067-96d495c7e668,c9bcc43a-9701-4fce-ad80-923ae62dbd44,1761218704789213951,-1.783371,0.577927,-1.531601,-0.003906,-0.59668,0.845215,0.2564681146671361,-34.95547874302954,86.92884367091473,0.6927547454833984,-0.21945196390151978,-0.20505186915397644,0.6556559801101685
dd8daf80-3f76-49d1-8067-96d495c7e668,c9bcc43a-9701-4fce-ad80-923ae62dbd44,1761218704799873951,-1.354218,0.209808,-1.531601,-0.015137,-0.605957,0.85498,0.2548931072456032,-34.97065441440962,86.8980186439084,0.6928995847702026,-0.21958975493907928,-0.2050892859697342,0.6554450392723083
dd8daf80-3f76-49d1-8067-96d495c7e668,c9bcc43a-9701-4fce-ad80-923ae62dbd44,1761218704810534951,-1.049042,0.274658,-1.16539,-0.005371,-0.588867,0.841797,0.24951443551941785,-34.97991153774701,86.89046060837052,0.692915678024292,-0.21962842345237732,-0.20516034960746765,0.6553928256034851
dd8daf80-3f76-49d1-8067-96d495c7e668,c9bcc43a-9701-4fce-ad80-923ae62dbd44,1761218704821195951,-0.682831,0.148773,-0.799179,-0.006836,-0.602539,0.845215,0.24476039808292574,-34.990270498918605,86.87975052906828,0.6929488182067871,-0.2196829468011856,-0.20522789657115936,0.6553184390068054
dd8daf80-3f76-49d1-8067-96d495c7e668,c9bcc43a-9701-4fce-ad80-923ae62dbd44,1761218704829199951,-0.497818,-0.09346,-0.677109,-0.01416,-0.583496,0.852051,0.25559120130424495,-34.987446086604066,86.96463299797588,0.6924879550933838,-0.21957583725452423,-0.2053089290857315,0.655815839767456
dd8daf80-3f76-49d1-8067-96d495c7e668,c9bcc43a-9701-4fce-ad80-923ae62dbd44,1761218704837205951,-0.377655,-0.396729,-0.432968,-0.007324,-0.595215,0.855957,0.2574505259885923,-34.98581420892458,86.93981843845943,0.6926363706588745,-0.21962107717990875,-0.20524078607559204,0.6556652784347534
dd8daf80-3f76-49d1-8067-96d495c7e668,c9bcc43a-9701-4fce-ad80-923ae62dbd44,1761218704845211951,-0.192642,0.089645,-0.188828,-0.021973,-0.591797,0.851074,0.2631735277420968,-34.983968872821116,86.89950100862904,0.6928807497024536,-0.21971486508846283,-0.205118328332901,0.6554139256477356
dd8daf80-3f76-49d1-8067-96d495c7e668,c9bcc43a-9701-4fce-ad80-923ae62dbd44,1761218704861213951,0.047684,-0.459671,0.177383,-0.003418,-0.600098,0.833008,0.2648744826876725,-34.9875800019399,86.84659497451507,0.6931794881820679,-0.21984106302261353,-0.2050272524356842,0.6550841927528381
dd8daf80-3f76-49d1-8067-96d495c7e668,c9bcc43a-9701-4fce-ad80-923ae62dbd44,1761218704869207951,0.110626,-0.461578,0.360489,-0.006348,-0.600098,0.832031,0.266173423893847,-34.988896820860504,86.8090441441231,0.6933939456939697,-0.21992364525794983,-0.20495487749576569,0.654852032661438
dd8daf80-3f76-49d1-8067-96d495c7e668,c9bcc43a-9701-4fce-ad80-923ae62dbd44,1761218704877201951,-0.074387,-0.581741,0.482559,-0.012695,-0.581055,0.846191,0.2690121472969393,-34.986779777927566,86.7950919310651,0.6934827566146851,-0.21995201706886292,-0.20489880442619324,0.6547660231590271
dd8daf80-3f76-49d1-8067-96d495c7e668,c9bcc43a-9701-4fce-ad80-923ae62dbd44,1761218704885195951,-0.072479,-0.522614,0.97084,-0.014648,-0.592285,0.837402,0.2749383921253813,-34.98976332482909,86.81417063703984,0.6933786869049072,-0.21996977925300598,-0.20491664111614227,0.6548647284507751
dd8daf80-3f76-49d1-8067-96d495c7e668,c9bcc43a-9701-4fce-ad80-923ae62dbd44,1761218704895848951,-0.192642,-0.581741,0.84877,0.004883,-0.592285,0.84668,0.27484256338623214,-34.99001149033712,86.82387249471995,0.6933225989341736,-0.21995338797569275,-0.20493726432323456,0.654923141002655
dd8daf80-3f76-49d1-8067-96d495c7e668,c9bcc43a-9701-4fce-ad80-923ae62dbd44,1761218704906501951,-0.440598,-0.21553,0.7267,0.004883,-0.592773,0.84082,0.2694984147172676,-34.989691189769374,86.8208146547157,0.6933311223983765,-0.2199263870716095,-0.204961895942688,0.654915452003479
dd8daf80-3f76-49d1-8067-96d495c7e668,c9bcc43a-9701-4fce-ad80-923ae62dbd44,1761218704917154951,-0.133514,-0.339508,0.7267,0.002441,-0.592773,0.839355,0.2683037533513095,-34.990603341835076,86.79380208278604,0.6934816241264343,-0.2199733704328537,-0.20492249727249146,0.6547526717185974
dd8daf80-3f76-49d1-8067-96d495c7e668,c9bcc43a-9701-4fce-ad80-923ae62dbd44,1761218704927828951,-0.623703,-0.276566,0.360489,0.007813,-0.600586,0.857422,0.2655478346016889,-34.98748039128525,86.80147384691605,0.6934387683868408,-0.21992504596710205,-0.20493602752685547,0.6548100113868713
dd8daf80-3f76-49d1-8067-96d495c7e668,c9bcc43a-9701-4fce-ad80-923ae62dbd44,1761218704938505951,-0.623703,-0.581741,0.177383,0.00293,-0.589355,0.844238,0.2620548822656409,-34.98622445465676,86.81183198518495,0.6933757066726685,-0.21987895667552948,-0.2049698531627655,0.6548817157745361
dd8daf80-3f76-49d1-8067-96d495c7e668,c9bcc43a-9701-4fce-ad80-923ae62dbd44,1761218704949182951,-0.440598,-0.764847,-0.005722,0.000977,-0.588867,0.848144,0.25988942440307744,-34.986438505738796,86.80916412756736,0.6933866739273071,-0.21987265348434448,-0.2049790620803833,0.6548693180084229
dd8daf80-3f76-49d1-8067-96d495c7e668,c9bcc43a-9701-4fce-ad80-923ae62dbd44,1761218704957371951,-0.56076,0.209808,-0.432968,0.005371,-0.594727,0.847656,0.25565146714158415,-34.98201251586699,86.78625170710156,0.6935184001922607,-0.2198626697063446,-0.20493541657924652,0.6547468304634094
dd8daf80-3f76-49d1-8067-96d495c7e668,c9bcc43a-9701-4fce-ad80-923ae62dbd44,1761218704965560951,-0.135422,0.394821,-1.04332,-0.01123,-0.582031,0.850098,0.2579045738677793,-34.97815773587048,86.76381087268817,0.6936579346656799,-0.21989236772060394,-0.20485666394233704,0.6546136736869812
dd8daf80-3f76-49d1-8067-96d495c7e668,c9bcc43a-9701-4fce-ad80-923ae62dbd44,1761218704973749951,-0.377655,0.637054,-1.04332,0.0,-0.591309,0.852539,0.25472056577204016,-34.975820730481054,86.73694815641002,0.6938101053237915,-0.21990807354450226,-0.20481102168560028,0.6544613838195801
dd8daf80-3f76-49d1-8067-96d495c7e668,c9bcc43a-9701-4fce-ad80-923ae62dbd44,1761218704981938951,0.110626,0.148773,-1.28746,-0.005859,-0.588379,0.852539,0.2532364827795709,-34.974741800305154,86.71491288297548,0.6939353346824646,-0.2199324369430542,-0.20477154850959778,0.6543328166007996
dd8daf80-3f76-49d1-8067-96d495c7e668,c9bcc43a-9701-4fce-ad80-923ae62dbd44,1761218704992345951,0.110626,0.209808,-1.775742,-0.003906,-0.586426,0.844727,0.2522890664152245,-34.97459566689721,86.72967405035226,0.6938496232032776,-0.21989977359771729,-0.20480477809906006,0.654424250125885
dd8daf80-3f76-49d1-8067-96d495c7e668,c9bcc43a-9701-4fce-ad80-923ae62dbd44,1761218705002752951,0.169754,-0.09346,-1.714706,-0.004883,-0.589844,0.842285,0.2435498611169235,-34.975050542368315,86.77910649770568,0.6935507655143738,-0.21976420283317566,-0.2049551159143448,0.654739499092102
dd8daf80-3f76-49d1-8067-96d495c7e668,c9bcc43a-9701-4fce-ad80-923ae62dbd44,1761218705013159951,0.110626,-0.339508,-1.04332,0.001465,-0.581055,0.853027,0.2297304101273549,-34.96997334863431,86.79095116739553,0.6934679746627808,-0.21963337063789368,-0.20503240823745728,0.6548468470573425
dd8daf80-3f76-49d1-8067-96d495c7e668,c9bcc43a-9701-4fce-ad80-923ae62dbd44,1761218705023825951,0.110626,-0.94986,-1.28746,-0.013672,-0.587891,0.84082,0.22447654692574728,-34.96474457194609,86.77325444631592,0.6935696005821228,-0.21960340440273285,-0.2050003707408905,0.6547592878341675
dd8daf80-3f76-49d1-8067-96d495c7e668,c9bcc43a-9701-4fce-ad80-923ae62dbd44,1761218705034492951,-0.009537,-1.375198,-0.677109,-0.018555,-0.583008,0.847656,0.21397688987958272,-34.96056877336991,86.77402139240964,0.6935543417930603,-0.2195167988538742,-0.20504149794578552,0.6547915935516357
dd8daf80-3f76-49d1-8067-96d495c7e668,c9bcc43a-9701-4fce-ad80-923ae62dbd44,1761218705045159951,-0.072479,-1.678467,-0.249863,-0.013184,-0.589844,0.831543,0.2008022144939258,-34.96228367242228,86.75301090373797,0.693647563457489,-0.21948948502540588,-0.20509080588817596,0.6546865701675415
dd8daf80-3f76-49d1-8067-96d495c7e668,c9bcc43a-9701-4fce-ad80-923ae62dbd44,1761218705053172951,-0.011444,-2.166748,1.031876,-0.005859,-0.592773,0.850098,0.18947454399181782,-34.96326983442218,86.75076184727456,0.693638265132904,-0.21943476796150208,-0.2051607072353363,0.6546928286552429
dd8daf80-3f76-49d1-8067-96d495c7e668,c9bcc43a-9701-4fce-ad80-923ae62dbd44,1761218705061185951,-0.318527,-2.046585,1.642227,-0.003418,-0.58252,0.844727,0.17791774865919427,-34.961844487709676,86.76421013090095,0.6935434341430664,-0.21933601796627045,-0.20524825155735016,0.6547989845275879
dd8daf80-3f76-49d1-8067-96d495c7e668,c9bcc43a-9701-4fce-ad80-923ae62dbd44,1761218705069198951,-0.135422,-2.290726,1.947403,0.005859,-0.584961,0.834473,0.16667534444832155,-34.9619611606651,86.79483409404848,0.6933480501174927,-0.21921761333942413,-0.2053755521774292,0.6550055742263794
dd8daf80-3f76-49d1-8067-96d495c7e668,c9bcc43a-9701-4fce-ad80-923ae62dbd44,1761218705077211951,-0.440598,-1.924515,2.374649,-0.003906,-0.584961,0.848144,0.1595498374558795,-34.961789403768094,86.818743663132,0.6931989192962646,-0.21913297474384308,-0.20546340942382812,0.6551641821861267
dd8daf80-3f76-49d1-8067-96d495c7e668,c9bcc43a-9701-4fce-ad80-923ae62dbd44,1761218705087861951,-0.257492,-1.741409,2.557755,-0.002441,-0.581543,0.842773,0.15581412590610744,-34.96256079052869,86.82621891565331,0.6931480169296265,-0.2191028743982315,-0.20550471544265747,0.6552151441574097
dd8daf80-3f76-49d1-8067-96d495c7e668,c9bcc43a-9701-4fce-ad80-923ae62dbd44,1761218705098511951,-0.499725,-1.621246,2.801895,0.010254,-0.585938,0.844727,0.15684109484574701,-34.96224515914849,86.85573615456704,0.6929816603660583,-0.21905389428138733,-0.20555312931537628,0.6553922891616821
dd8daf80-3f76-49d1-8067-96d495c7e668,c9bcc43a-9701-4fce-ad80-923ae62dbd44,1761218705109161951,-0.745773,-1.070023,2.496719,0.00293,-0.588379,0.854492,0.15985230319013413,-34.96435124032608,86.91976502371695,0.6926167607307434,-0.2189689576625824,-0.2056693583726883,0.6557698249816895
dd8daf80-3f76-49d1-8067-96d495c7e668,c9bcc43a-9701-4fce-ad80-923ae62dbd44,1761218705119836951,-0.743866,-0.827789,2.61879,0.01709,-0.585938,0.846191,0.15398331036775903,-34.973513754516595,86.94002025809758,0.6924729347229004,-0.21895433962345123,-0.205796018242836,0.6558868288993835
dd8daf80-3f76-49d1-8067-96d495c7e668,c9bcc43a-9701-4fce-ad80-923ae62dbd44,1761218705130509951,-0.743866,-0.94986,2.191544,0.024902,-0.594727,0.840332,0.14660535838777008,-34.981684617599996,86.94741153372173,0.6924018859863281,-0.2189481556415558,-0.20590153336524963,0.6559308171272278
dd8daf80-3f76-49d1-8067-96d495c7e668,c9bcc43a-9701-4fce-ad80-923ae62dbd44,1761218705141182951,-0.865936,-0.339508,2.191544,0.01709,-0.584473,0.86084,0.14727229429400673,-34.98645631132096,86.96519877493245,0.6922922134399414,-0.2189488261938095,-0.20595882833003998,0.6560283303260803
dd8daf80-3f76-49d1-8067-96d495c7e668,c9bcc43a-9701-4fce-ad80-923ae62dbd44,1761218705151850951,-1.232147,-0.034332,2.374649,0.002441,-0.584473,0.836426,0.15434840295329416,-34.99241049772726,86.98095059152854,0.6922034621238708,-0.21899695694446564,-0.2059803009033203,0.6560992002487183
dd8daf80-3f76-49d1-8067-96d495c7e668,c9bcc43a-9701-4fce-ad80-923ae62dbd44,1761218705162519951,-1.111984,0.02861,2.130508,0.013672,-0.583984,0.838379,0.1633871382816702,-35.00008184425565,86.98840040395876,0.6921625137329102,-0.21908161044120789,-0.20598390698432922,0.6561130285263062
dd8daf80-3f76-49d1-8067-96d495c7e668,c9bcc43a-9701-4fce-ad80-923ae62dbd44,1761218705173188951,-1.41716,0.699997,2.191544,-0.003418,-0.578613,0.854492,0.17106467525462696,-35.00512398922068,87.02134632684466,0.6919780969619751,-0.21909677982330322,-0.20602943003177643,0.6562881469726562
dd8daf80-3f76-49d1-8067-96d495c7e668,c9bcc43a-9701-4fce-ad80-923ae62dbd44,1761218705183898951,-1.29509,0.822067,1.764297,0.006348,-0.577148,0.841309,0.1995986956779894,-35.02117595493983,87.09577729793232,0.6915726065635681,-0.21922320127487183,-0.20609158277511597,0.6566537618637085
dd8daf80-3f76-49d1-8067-96d495c7e668,c9bcc43a-9701-4fce-ad80-923ae62dbd44,1761218705194610951,-1.354218,1.796722,2.069473,0.000977,-0.597168,0.841797,0.22393380087295284,-35.031883026646845,87.17341617101894,0.6911510825157166,-0.21928757429122925,-0.20615476369857788,0.6570560932159424
dd8daf80-3f76-49d1-8067-96d495c7e668,c9bcc43a-9701-4fce-ad80-923ae62dbd44,1761218705205322951,-1.293182,1.613617,2.069473,0.008301,-0.594727,0.824707,0.2482869376469981,-35.04792060450442,87.21897538694597,0.6909033060073853,-0.21944184601306915,-0.20618721842765808,0.6572549939155579
dd8daf80-3f76-49d1-8067-96d495c7e668,c9bcc43a-9701-4fce-ad80-923ae62dbd44,1761218705213285951,-2.025604,1.857758,1.947403,0.0,-0.57959,0.846191,0.27455754171454605,-35.060215669718154,87.21309338798343,0.6909610629081726,-0.2196771204471588,-0.20608817040920258,0.6571467518806458
dd8daf80-3f76-49d1-8067-96d495c7e668,c9bcc43a-9701-4fce-ad80-923ae62dbd44,1761218705221246951,-2.025604,1.922607,1.947403,-0.006348,-0.577148,0.841797,0.3019461570803394,-35.07407739041945,87.21109608807636,0.6909955739974976,-0.21992123126983643,-0.20599880814552307,0.6570568084716797
dd8daf80-3f76-49d1-8067-96d495c7e668,c9bcc43a-9701-4fce-ad80-923ae62dbd44,1761218705229207951,-1.537323,1.308441,2.252579,-0.001465,-0.587402,0.84375,0.32796684590944297,-35.08715848997647,87.21706492265801,0.6909834146499634,-0.22013844549655914,-0.2059285044670105,0.6570188999176025
dd8daf80-3f76-49d1-8067-96d495c7e668,c9bcc43a-9701-4fce-ad80-923ae62dbd44,1761218705237168951,-1.600266,1.066208,1.825333,-0.006836,-0.591797,0.852051,0.35838751977109945,-35.09960325328108,87.23882132865494,0.690889835357666,-0.22034868597984314,-0.20585839450359344,0.6570687890052795
dd8daf80-3f76-49d1-8067-96d495c7e668,c9bcc43a-9701-4fce-ad80-923ae62dbd44,1761218705247877951,-1.35231,1.066208,1.764297,-0.005371,-0.588379,0.852051,0.38159942747195846,-35.109024288033844,87.25244180176203,0.6908356547355652,-0.22051399946212769,-0.20579878985881805,0.6570889949798584
dd8daf80-3f76-49d1-8067-96d495c7e668,c9bcc43a-9701-4fce-ad80-923ae62dbd44,1761218705258586951,-1.478195,1.127243,1.886368,-0.004395,-0.581055,0.848633,0.39918423025364463,-35.11681085007175,87.25510720688602,0.6908372640609741,-0.2206568866968155,-0.20574265718460083,0.6570569276809692
dd8daf80-3f76-49d1-8067-96d495c7e668,c9bcc43a-9701-4fce-ad80-923ae62dbd44,1761218705269295951,-1.049042,0.881195,2.008438,-0.000488,-0.597168,0.84668,0.4192074343101049,-35.12791185753885,87.32763627710602,0.6904363036155701,-0.22070825099945068,-0.20582547783851624,0.6574350595474243
dd8daf80-3f76-49d1-8067-96d495c7e668,c9bcc43a-9701-4fce-ad80-923ae62dbd44,1761218705279963951,-1.171112,0.514984,1.642227,-0.011719,-0.591309,0.849121,0.46647467981310214,-35.14605498645625,87.36436798901963,0.6902762651443481,-0.22102253139019012,-0.20571587979793549,0.6575318574905396
dd8daf80-3f76-49d1-8067-96d495c7e668,c9bcc43a-9701-4fce-ad80-923ae62dbd44,1761218705290632951,-1.171112,-0.156403,1.947403,-0.005371,-0.580566,0.846191,0.47665007013892663,-35.15247160121321,87.3723442374765,0.6902366876602173,-0.22110515832901,-0.2057068943977356,0.6575484275817871
dd8daf80-3f76-49d1-8067-96d495c7e668,c9bcc43a-9701-4fce-ad80-923ae62dbd44,1761218705301301951,-1.232147,0.331879,2.008438,-0.008301,-0.589355,0.846191,0.4945553464858815,-35.16057295437239,87.4156278039913,0.6900051832199097,-0.22117887437343597,-0.20572921633720398,0.6577596068382263
dd8daf80-3f76-49d1-8067-96d495c7e668,c9bcc43a-9701-4fce-ad80-923ae62dbd44,1761218705309255951,-0.865936,-0.461578,1.886368,-0.008789,-0.581543,0.849609,0.5045550948461531,-35.16672970686615,87.4293754262981,0.689932644367218,-0.2212485671043396,-0.20573098957538605,0.65781170129776
dd8daf80-3f76-49d1-8067-96d495c7e668,c9bcc43a-9701-4fce-ad80-923ae62dbd44,1761218705317211951,-1.171112,-0.461578,2.008438,-0.008789,-0.582031,0.848144,0.5137457949307044,-35.171224868351764,87.4470265029703,0.6898393630981445,-0.22129662334918976,-0.20573562383651733,0.6578919291496277
dd8daf80-3f76-49d1-8067-96d495c7e668,c9bcc43a-9701-4fce-ad80-923ae62dbd44,1761218705325167951,-1.169205,-0.581741,2.130508,-0.01416,-0.583496,0.84082,0.5230353059521489,-35.17931495344922,87.47328775521315,0.6896900534629822,-0.22135137021541595,-0.20577701926231384,0.658017098903656
dd8daf80-3f76-49d1-8067-96d495c7e668,c9bcc43a-9701-4fce-ad80-923ae62dbd44,1761218705341145951,-1.232147,0.148773,1.947403,-0.004395,-0.598633,0.845703,0.5436697789955955,-35.20232443356865,87.50669174538028,0.6894920468330383,-0.2215479612350464,-0.20584994554519653,0.6581355929374695
dd8daf80-3f76-49d1-8067-96d495c7e668,c9bcc43a-9701-4fce-ad80-923ae62dbd44,1761218705349165951,-1.537323,0.209808,1.703262,-0.013672,-0.606445,0.862305,0.5604565632465509,-35.21521283830113,87.49423280148913,0.6895695328712463,-0.22174406051635742,-0.20579908788204193,0.6580042839050293
dd8daf80-3f76-49d1-8067-96d495c7e668,c9bcc43a-9701-4fce-ad80-923ae62dbd44,1761218705357185951,-1.41716,0.272751,2.008438,-0.001953,-0.593262,0.854004,0.5727959933104434,-35.22526881398519,87.49713755601535,0.6895561218261719,-0.22187002003192902,-0.20578838884830475,0.6579792499542236
dd8daf80-3f76-49d1-8067-96d495c7e668,c9bcc43a-9701-4fce-ad80-923ae62dbd44,1761218705365205951,-1.478195,0.394821,2.252579,-0.011719,-0.602539,0.837402,0.590491740863842,-35.24286258105351,87.52106030505021,0.6894174814224243,-0.22203421592712402,-0.20582962036132812,0.6580561995506287
dd8daf80-3f76-49d1-8067-96d495c7e668,c9bcc43a-9701-4fce-ad80-923ae62dbd44,1761218705373548951,-0.926971,0.453949,2.130508,-0.002441,-0.605957,0.845215,0.6030170551816021,-35.25507895471417,87.50932491360238,0.6894844174385071,-0.22220046818256378,-0.20580190420150757,0.6579386591911316
dd8daf80-3f76-49d1-8067-96d495c7e668,c9bcc43a-9701-4fce-ad80-923ae62dbd44,1761218705381891951,-1.234055,0.577927,1.703262,-0.005371,-0.59082,0.842285,0.6156419723299489,-35.26167033397601,87.50721387780227,0.6895068287849426,-0.22231626510620117,-0.20575982332229614,0.6578892469406128
dd8daf80-3f76-49d1-8067-96d495c7e668,c9bcc43a-9701-4fce-ad80-923ae62dbd44,1761218705390234951,-0.56076,0.762939,1.459122,0.007813,-0.592285,0.849609,0.6271927676171878,-35.26708737542434,87.53122826845652,0.6893795132637024,-0.22237196564674377,-0.2057681381702423,0.658001184463501
dd8daf80-3f76-49d1-8067-96d495c7e668,c9bcc43a-9701-4fce-ad80-923ae62dbd44,1761218705406225951,-0.623703,1.249313,1.214981,0.003418,-0.614746,0.844727,0.6423138363261085,-35.27764157665196,87.54670611445444,0.6892979741096497,-0.22249425947666168,-0.20576804876327515,0.6580453515052795
dd8daf80-3f76-49d1-8067-96d495c7e668,c9bcc43a-9701-4fce-ad80-923ae62dbd44,1761218705413871951,-0.31662,1.613617,1.031876,-0.015625,-0.585449,0.829102,0.659182021927326,-35.28355960215408,87.56059113276464,0.6892374157905579,-0.22260168194770813,-0.20572766661643982,0.6580850481987
dd8daf80-3f76-49d1-8067-96d495c7e668,c9bcc43a-9701-4fce-ad80-923ae62dbd44,1761218705421517951,-0.986099,1.676559,0.482559,-0.010742,-0.601074,0.84668,0.6756049363684451,-35.28794233837462,87.571121698675,0.6891981959342957,-0.22270338237285614,-0.20567461848258972,0.6581082344055176
dd8daf80-3f76-49d1-8067-96d495c7e668,c9bcc43a-9701-4fce-ad80-923ae62dbd44,1761218705429163951,-0.928879,1.737595,0.482559,0.00293,-0.603027,0.842285,0.6906568382112557,-35.296443935725286,87.57053765682149,0.6892126202583313,-0.2228417992591858,-0.20563197135925293,0.6580596566200256
dd8daf80-3f76-49d1-8067-96d495c7e668,c9bcc43a-9701-4fce-ad80-923ae62dbd44,1761218705439829951,-0.623703,1.554489,0.116348,-0.005859,-0.595703,0.833496,0.706523287616923,-35.30501632553386,87.55890040157966,0.6892918348312378,-0.22300516068935394,-0.20556332170963287,0.6579427719116211
dd8daf80-3f76-49d1-8067-96d495c7e668,c9bcc43a-9701-4fce-ad80-923ae62dbd44,1761218705450495951,-1.478195,1.676559,-0.127792,-0.008789,-0.593262,0.838379,0.719092433347054,-35.31483105264403,87.52412124805983,0.6894956231117249,-0.22319850325584412,-0.2054765671491623,0.6576907634735107
dd8daf80-3f76-49d1-8067-96d495c7e668,c9bcc43a-9701-4fce-ad80-923ae62dbd44,1761218705461161951,-1.169205,1.859665,-0.677109,-0.010254,-0.60791,0.836914,0.7305945408531442,-35.32791697029531,87.51021599861615,0.6895714998245239,-0.22336789965629578,-0.20545567572116852,0.6575601696968079
dd8daf80-3f76-49d1-8067-96d495c7e668,c9bcc43a-9701-4fce-ad80-923ae62dbd44,1761218705469147951,-0.864029,2.04277,-0.616074,-0.009277,-0.59375,0.841797,0.742653630783129,-35.33919190000038,87.52742660314014,0.6894732117652893,-0.22347378730773926,-0.2054816484451294,0.6576192378997803
dd8daf80-3f76-49d1-8067-96d495c7e668,c9bcc43a-9701-4fce-ad80-923ae62dbd44,1761218705477133951,-0.928879,1.737595,-1.04332,-0.012207,-0.592773,0.851074,0.75406808734682,-35.34715074537801,87.50890453097443,0.6895850300788879,-0.22362020611763,-0.20542269945144653,0.6574705839157104
dd8daf80-3f76-49d1-8067-96d495c7e668,c9bcc43a-9701-4fce-ad80-923ae62dbd44,1761218705485119951,-0.986099,1.859665,-0.860214,-0.007324,-0.601562,0.84375,0.7658977055331843,-35.35495011942866,87.48157039873321,0.6897484064102173,-0.22378382086753845,-0.2053430825471878,0.6572683453559875
dd8daf80-3f76-49d1-8067-96d495c7e668,c9bcc43a-9701-4fce-ad80-923ae62dbd44,1761218705493105951,-0.865936,1.434326,-1.348495,-0.002441,-0.602539,0.834473,0.7756203188351285,-35.36426223545629,87.4458066256064,0.6899534463882446,-0.22395947575569153,-0.20526832342147827,0.6570166349411011
dd8daf80-3f76-49d1-8067-96d495c7e668,c9bcc43a-9701-4fce-ad80-923ae62dbd44,1761218705503812951,-0.986099,1.676559,-1.226425,-0.015625,-0.605957,0.843262,0.7822377737439404,-35.37365070404458,87.40886545805806,0.6901594400405884,-0.2241198718547821,-0.20521031320095062,0.6567636728286743
dd8daf80-3f76-49d1-8067-96d495c7e668,c9bcc43a-9701-4fce-ad80-923ae62dbd44,1761218705514519951,-1.354218,1.613617,-1.226425,-0.007812,-0.593262,0.837891,0.7870863989853847,-35.38255742181858,87.37331341522419,0.690355122089386,-0.2242647260427475,-0.20516282320022583,0.6565234065055847
dd8daf80-3f76-49d1-8067-96d495c7e668,c9bcc43a-9701-4fce-ad80-923ae62dbd44,1761218705525226951,-0.928879,1.554489,-1.409531,-0.015625,-0.597656,0.834473,0.7954312551000554,-35.39168678166014,87.32854550723827,0.690609335899353,-0.22444744408130646,-0.2050774246454239,0.6562201976776123
dd8daf80-3f76-49d1-8067-96d495c7e668,c9bcc43a-9701-4fce-ad80-923ae62dbd44,1761218705533254951,-0.986099,1.432419,-0.982285,-0.032715,-0.599609,0.847656,0.8136893829056595,-35.40383240411604,87.28811111108804,0.6908506751060486,-0.22469723224639893,-0.2049579918384552,0.6559178829193115
dd8daf80-3f76-49d1-8067-96d495c7e668,c9bcc43a-9701-4fce-ad80-923ae62dbd44,1761218705541283951,-0.865936,1.003265,-1.04332,-0.023926,-0.594727,0.836426,0.8260693656364371,-35.41074586350999,87.2754004276961,0.69093257188797,-0.22483231127262115,-0.2048981785774231,0.6558040380477905
dd8daf80-3f76-49d1-8067-96d495c7e668,c9bcc43a-9701-4fce-ad80-923ae62dbd44,1761218705549312951,-1.29509,0.394821,-0.555038,-0.03125,-0.595703,0.849121,0.8352337933571019,-35.41475469723213,87.30325284145367,0.6907820105552673,-0.22485902905464172,-0.20492063462734222,0.6559464335441589
dd8daf80-3f76-49d1-8067-96d495c7e668,c9bcc43a-9701-4fce-ad80-923ae62dbd44,1761218705557341951,-0.988007,0.514984,-0.555038,-0.015625,-0.582031,0.838379,0.8397755897543431,-35.41467109534844,87.37606531755266,0.6903733611106873,-0.22475428879261017,-0.20503562688827515,0.6563764810562134
dd8daf80-3f76-49d1-8067-96d495c7e668,c9bcc43a-9701-4fce-ad80-923ae62dbd44,1761218705567955951,-1.049042,-0.034332,-0.127792,-0.013672,-0.597656,0.837891,0.8453275191631517,-35.413746610519105,87.41242611914976,0.6901767253875732,-0.2247154712677002,-0.2050681710243225,0.6565864086151123
dd8daf80-3f76-49d1-8067-96d495c7e668,c9bcc43a-9701-4fce-ad80-923ae62dbd44,1761218705578569951,-0.680923,0.089645,-0.066757,-0.01709,-0.603027,0.844727,0.8479912668497427,-35.411759476633705,87.38589116104245,0.6903372406959534,-0.2247662991285324,-0.20498864352703094,0.6564250588417053
dd8daf80-3f76-49d1-8067-96d495c7e668,c9bcc43a-9701-4fce-ad80-923ae62dbd44,1761218705589183951,-0.865936,0.331879,0.177383,-0.024414,-0.594727,0.852051,0.8564869249987835,-35.407595820895374,87.38314371773127,0.6903759837150574,-0.2247949242591858,-0.2049081027507782,0.6563996076583862
dd8daf80-3f76-49d1-8067-96d495c7e668,c9bcc43a-9701-4fce-ad80-923ae62dbd44,1761218705599841951,-0.806808,0.516891,0.055313,-0.023438,-0.596191,0.855469,0.8660853926449689,-35.404562999807844,87.39090972956326,0.6903543472290039,-0.22481782734394073,-0.204848051071167,0.6564332842826843
dd8daf80-3f76-49d1-8067-96d495c7e668,c9bcc43a-9701-4fce-ad80-923ae62dbd44,1761218705610500951,-0.986099,0.089645,-0.127792,-0.022949,-0.595703,0.841797,0.869809124453526,-35.402764177353546,87.40540562752881,0.690281331539154,-0.22480246424674988,-0.2048436999320984,0.6565166711807251
dd8daf80-3f76-49d1-8067-96d495c7e668,c9bcc43a-9701-4fce-ad80-923ae62dbd44,1761218705621159951,-1.169205,0.089645,0.238419,-0.021973,-0.588867,0.839355,0.8736352765790215,-35.40221493087342,87.379539202252,0.690437376499176,-0.2248672991991043,-0.20476673543453217,0.6563544273376465
dd8daf80-3f76-49d1-8067-96d495c7e668,c9bcc43a-9701-4fce-ad80-923ae62dbd44,1761218705629156951,-0.926971,-0.339508,0.238419,-0.031738,-0.59082,0.854004,0.8847571291240899,-35.40274671640051,87.41009539054994,0.6902812123298645,-0.22487960755825043,-0.2047627568244934,0.6565156579017639
dd8daf80-3f76-49d1-8067-96d495c7e668,c9bcc43a-9701-4fce-ad80-923ae62dbd44,1761218705637153951,-1.111984,-0.703812,0.360489,-0.035156,-0.606934,0.852539,0.8927264828714475,-35.40212463943877,87.46048495912913,0.6900078654289246,-0.2248314917087555,-0.20481005311012268,0.6568046808242798
dd8daf80-3f76-49d1-8067-96d495c7e668,c9bcc43a-9701-4fce-ad80-923ae62dbd44,1761218705645150951,-0.806808,-0.886917,0.543594,-0.020508,-0.608887,0.84082,0.8925510504386608,-35.410763159112015,87.4583668104732,0.690003514289856,-0.22488604485988617,-0.2048567235469818,0.6567760109901428
dd8daf80-3f76-49d1-8067-96d495c7e668,c9bcc43a-9701-4fce-ad80-923ae62dbd44,1761218705653147951,-0.377655,-1.190186,0.482559,-0.017578,-0.591309,0.854492,0.8946867396412661,-35.40517995996702,87.48780868583466,0.6898490190505981,-0.22481219470500946,-0.20486946403980255,0.656959593296051
dd8daf80-3f76-49d1-8067-96d495c7e668,c9bcc43a-9701-4fce-ad80-923ae62dbd44,1761218705663835951,-0.257492,-0.703812,0.60463,-0.012695,-0.586914,0.853516,0.8966900880808785,-35.40027586168608,87.50840346044798,0.68974369764328,-0.22475747764110565,-0.20486953854560852,0.6570888757705688
dd8daf80-3f76-49d1-8067-96d495c7e668,c9bcc43a-9701-4fce-ad80-923ae62dbd44,1761218705674523951,0.293732,-0.94986,0.665665,-0.015137,-0.617188,0.847656,0.8994773141019106,-35.40306413673471,87.51044141852327,0.689731776714325,-0.22478652000427246,-0.20487283170223236,0.657090425491333
dd8daf80-3f76-49d1-8067-96d495c7e668,c9bcc43a-9701-4fce-ad80-923ae62dbd44,1761218705685211951,0.232697,-0.644684,0.60463,-0.006836,-0.60498,0.854492,0.8987388281784903,-35.403658554849635,87.5094140760261,0.6897352337837219,-0.22478769719600677,-0.20487868785858154,0.6570845246315002
dd8daf80-3f76-49d1-8067-96d495c7e668,c9bcc43a-9701-4fce-ad80-923ae62dbd44,1761218705695845951,0.598907,-0.522614,-0.188828,-0.02002,-0.60498,0.852051,0.8994362107586757,-35.401711212466495,87.50977865727027,0.6897380352020264,-0.22477936744689941,-0.20486398041248322,0.6570890545845032
dd8daf80-3f76-49d1-8067-96d495c7e668,c9bcc43a-9701-4fce-ad80-923ae62dbd44,1761218705706479951,1.209259,-0.156403,-0.066757,-0.010742,-0.601074,0.84375,0.8971755084485795,-35.400543870368686,87.50937133470894,0.6897385120391846,-0.22476015985012054,-0.2048700600862503,0.6570931673049927
dd8daf80-3f76-49d1-8067-96d495c7e668,c9bcc43a-9701-4fce-ad80-923ae62dbd44,1761218705717113951,1.329422,-0.154495,-0.738144,-0.013672,-0.598633,0.859863,0.8962657274148805,-35.39741877570503,87.51495142585715,0.6897107362747192,-0.22472622990608215,-0.20486846566200256,0.657134473323822
dd8daf80-3f76-49d1-8067-96d495c7e668,c9bcc43a-9701-4fce-ad80-923ae62dbd44,1761218705727805951,1.146317,0.02861,-0.371933,-0.008301,-0.583008,0.839844,0.8877673366637765,-35.3828760944339,87.55622107239223,0.689486026763916,-0.2245166152715683,-0.20491665601730347,0.6574267745018005
dd8daf80-3f76-49d1-8067-96d495c7e668,c9bcc43a-9701-4fce-ad80-923ae62dbd44,1761218705738499951,0.904083,-0.339508,-0.860214,-0.027344,-0.59082,0.838867,0.8896738144076891,-35.37312406425741,87.5788994084974,0.6893775463104248,-0.22442859411239624,-0.20489336550235748,0.6575778722763062
dd8daf80-3f76-49d1-8067-96d495c7e668,c9bcc43a-9701-4fce-ad80-923ae62dbd44,1761218705749193951,1.392365,0.026703,-1.16539,-0.01123,-0.594727,0.842773,0.8800049292829819,-35.36169896198187,87.5655859977778,0.6894580125808716,-0.22432848811149597,-0.20485956966876984,0.6575382351875305
dd8daf80-3f76-49d1-8067-96d495c7e668,c9bcc43a-9701-4fce-ad80-923ae62dbd44,1761218705759852951,1.209259,0.148773,-1.897812,-0.019531,-0.587891,0.850586,0.8728448197453796,-35.34731782092984,87.53300986765106,0.6896589994430542,-0.22425952553749084,-0.204755961894989,0.657383143901825
dd8daf80-3f76-49d1-8067-96d495c7e668,c9bcc43a-9701-4fce-ad80-923ae62dbd44,1761218705770511951,0.965118,-0.034332,-1.958847,-0.020996,-0.586914,0.846191,0.862845818864773,-35.33302109357532,87.5112179141676,0.6897928714752197,-0.22415542602539062,-0.204691082239151,0.6572984457015991
dd8daf80-3f76-49d1-8067-96d495c7e668,c9bcc43a-9701-4fce-ad80-923ae62dbd44,1761218705781170951,1.026154,-0.156403,-2.264023,-0.004395,-0.570312,0.848633,0.8486400257363018,-35.313015947034636,87.51669044244832,0.6897734999656677,-0.223944291472435,-0.2046719640493393,0.657396674156189
dd8daf80-3f76-49d1-8067-96d495c7e668,c9bcc43a-9701-4fce-ad80-923ae62dbd44,1761218705789162951,0.71907,-0.09346,-2.264023,-0.023437,-0.574707,0.842773,0.8278184304655049,-35.28899149467813,87.47707643953056,0.6900084614753723,-0.22375160455703735,-0.20458145439624786,0.6572438478469849
dd8daf80-3f76-49d1-8067-96d495c7e668,c9bcc43a-9701-4fce-ad80-923ae62dbd44,1761218705797155951,0.476837,-0.034332,-2.080917,-0.039551,-0.578125,0.836914,0.8222802528476262,-35.27977439943814,87.47194512260681,0.6900452375411987,-0.2236737310886383,-0.20455166697502136,0.6572410464286804
dd8daf80-3f76-49d1-8067-96d495c7e668,c9bcc43a-9701-4fce-ad80-923ae62dbd44,1761218705805148951,0.413895,-0.581741,-2.080917,-0.037598,-0.584961,0.833984,0.8116433375284209,-35.27440916528018,87.45365097226943,0.6901412010192871,-0.2236132174730301,-0.20454910397529602,0.6571616530418396
dd8daf80-3f76-49d1-8067-96d495c7e668,c9bcc43a-9701-4fce-ad80-923ae62dbd44,1761218705813141951,-0.011444,-1.499176,-1.897812,-0.026367,-0.588379,0.836914,0.7933525313034162,-35.27143594584446,87.41416552635896,0.690340518951416,-0.22356100380420685,-0.2045651078224182,0.6569650173187256
dd8daf80-3f76-49d1-8067-96d495c7e668,c9bcc43a-9701-4fce-ad80-923ae62dbd44,1761218705823819951,-0.135422,-1.619339,-1.653671,-0.021484,-0.574707,0.834473,0.7723092982672647,-35.27132816109374,87.44172116491482,0.6901451349258423,-0.22339047491550446,-0.20474497973918915,0.6571722626686096
dd8daf80-3f76-49d1-8067-96d495c7e668,c9bcc43a-9701-4fce-ad80-923ae62dbd44,1761218705834497951,-0.743866,-2.109528,-1.104355,-0.029785,-0.595215,0.826172,0.75522269306517,-35.279140311968696,87.45998208660315,0.6899952292442322,-0.22330668568611145,-0.2049284726381302,0.6573009490966797
dd8daf80-3f76-49d1-8067-96d495c7e668,c9bcc43a-9701-4fce-ad80-923ae62dbd44,1761218705845175951,-0.928879,-2.840042,-0.432968,-0.025391,-0.579102,0.836426,0.7364474362780965,-35.28443442354218,87.44524778204995,0.6900362372398376,-0.22325709462165833,-0.20504331588745117,0.6572389602661133
dd8daf80-3f76-49d1-8067-96d495c7e668,c9bcc43a-9701-4fce-ad80-923ae62dbd44,1761218705855835951,-1.600266,-3.572464,0.84877,-0.022461,-0.582031,0.833496,0.7174125332585837,-35.29329724896182,87.44480634168178,0.6899880766868591,-0.22320187091827393,-0.20520812273025513,0.6572568416595459
dd8daf80-3f76-49d1-8067-96d495c7e668,c9bcc43a-9701-4fce-ad80-923ae62dbd44,1761218705866496951,-1.842499,-3.814697,1.886368,-0.014648,-0.583984,0.82959,0.697677113300651,-35.307683887226574,87.45959076336648,0.6898409128189087,-0.22314846515655518,-0.20543859899044037,0.6573574542999268
dd8daf80-3f76-49d1-8067-96d495c7e668,c9bcc43a-9701-4fce-ad80-923ae62dbd44,1761218705877157951,-2.145767,-4.182816,2.557755,-0.019531,-0.588379,0.835449,0.6821032084683162,-35.32366232229254,87.48761908430319,0.689622163772583,-0.22310465574264526,-0.20567895472049713,0.6575266718864441
dd8daf80-3f76-49d1-8067-96d495c7e668,c9bcc43a-9701-4fce-ad80-923ae62dbd44,1761218705885157951,-2.025604,-3.940582,3.290176,-0.003906,-0.583496,0.835938,0.6527733569638402,-35.35569143091208,87.55761749789156,0.6891074776649475,-0.22300252318382263,-0.20617620646953583,0.6579450368881226
dd8daf80-3f76-49d1-8067-96d495c7e668,c9bcc43a-9701-4fce-ad80-923ae62dbd44,1761218705893155951,-2.025604,-3.757477,3.778458,-0.006348,-0.587402,0.829102,0.6446958657071215,-35.372414839092265,87.62099046776338,0.6886975169181824,-0.22294223308563232,-0.20644448697566986,0.6583104729652405
dd8daf80-3f76-49d1-8067-96d495c7e668,c9bcc43a-9701-4fce-ad80-923ae62dbd44,1761218705901153951,-2.33078,-3.269196,4.205704,-0.009766,-0.594727,0.833008,0.6455110629279011,-35.39358119534479,87.6803829445453,0.6883178949356079,-0.22296658158302307,-0.20667722821235657,0.6586261987686157
dd8daf80-3f76-49d1-8067-96d495c7e668,c9bcc43a-9701-4fce-ad80-923ae62dbd44,1761218705909151951,-2.696991,-2.902985,3.900528,-0.007812,-0.597656,0.829102,0.6421326803629419,-35.41895692405465,87.71806124937427,0.688047468662262,-0.22303102910518646,-0.20691725611686707,0.6588115692138672
dd8daf80-3f76-49d1-8067-96d495c7e668,c9bcc43a-9701-4fce-ad80-923ae62dbd44,1761218705919826951,-2.513885,-2.655029,4.022598,0.003906,-0.606445,0.839355,0.6371864226459706,-35.44037938315206,87.78958225424238,0.6875869035720825,-0.22300148010253906,-0.20720979571342468,0.6592103838920593
dd8daf80-3f76-49d1-8067-96d495c7e668,c9bcc43a-9701-4fce-ad80-923ae62dbd44,1761218705930501951,-2.393723,-2.351761,3.595352,0.010742,-0.593262,0.851074,0.6291986036258245,-35.45596270194796,87.90915391457429,0.686854898929596,-0.22283223271369934,-0.2075803279876709,0.6599137783050537
dd8daf80-3f76-49d1-8067-96d495c7e668,c9bcc43a-9701-4fce-ad80-923ae62dbd44,1761218705941176951,-2.145767,-2.046585,3.168106,0.013184,-0.59082,0.84082,0.6172906937322566,-35.47084250600239,87.94269542281636,0.6866121292114258,-0.22279173135757446,-0.2078029215335846,0.6601099967956543
dd8daf80-3f76-49d1-8067-96d495c7e668,c9bcc43a-9701-4fce-ad80-923ae62dbd44,1761218705951826951,-2.454758,-1.741409,1.886368,0.011719,-0.587402,0.851562,0.6028871875395083,-35.48463769015736,87.94404928291377,0.6865522265434265,-0.22278869152069092,-0.20797160267829895,0.6601201891899109
dd8daf80-3f76-49d1-8067-96d495c7e668,c9bcc43a-9701-4fce-ad80-923ae62dbd44,1761218705962475951,-2.025604,-1.132965,1.092911,0.004883,-0.583984,0.851562,0.59520720387652,-35.49768804185834,87.9211963168718,0.6866453289985657,-0.22286388278007507,-0.20804861187934875,0.659973680973053
dd8daf80-3f76-49d1-8067-96d495c7e668,c9bcc43a-9701-4fce-ad80-923ae62dbd44,1761218705973124951,-1.903534,-0.644684,0.482559,0.014648,-0.604004,0.85498,0.5853726779361365,-35.51326100274282,87.90166223193505,0.6867105960845947,-0.2229357361793518,-0.20815953612327576,0.6598465442657471
dd8daf80-3f76-49d1-8067-96d495c7e668,c9bcc43a-9701-4fce-ad80-923ae62dbd44,1761218705983814951,-1.720428,-0.213623,-0.005722,-0.001465,-0.595215,0.848633,0.5659138173579142,-35.54597633250171,87.86706517610679,0.6868126392364502,-0.2230820506811142,-0.20839780569076538,0.6596156358718872
dd8daf80-3f76-49d1-8067-96d495c7e668,c9bcc43a-9701-4fce-ad80-923ae62dbd44,1761218705994504951,-1.783371,0.272751,-0.494003,-0.003906,-0.603027,0.84668,0.5587129408011724,-35.56023388825833,87.8758981000642,0.6867217421531677,-0.22310972213745117,-0.20854049921035767,0.6596558094024658
dd8daf80-3f76-49d1-8067-96d495c7e668,c9bcc43a-9701-4fce-ad80-923ae62dbd44,1761218706005194951,-1.415253,-0.034332,-0.738144,-0.003906,-0.61084,0.856445,0.5540117414655333,-35.57415234919444,87.92733510385709,0.6863906979560852,-0.2230721414089203,-0.2087492048740387,0.6599469780921936
dd8daf80-3f76-49d1-8067-96d495c7e668,c9bcc43a-9701-4fce-ad80-923ae62dbd44,1761218706013188951,-1.415253,-0.034332,-1.28746,-0.005859,-0.606445,0.839844,0.5497667350898731,-35.591517956691895,87.91954288893363,0.686394989490509,-0.2231656014919281,-0.20885978639125824,0.6598759293556213
dd8daf80-3f76-49d1-8067-96d495c7e668,c9bcc43a-9701-4fce-ad80-923ae62dbd44,1761218706021184951,-1.293182,-0.034332,-1.28746,0.004395,-0.604004,0.836426,0.5384778382269491,-35.608528722725865,87.9070948505531,0.6864138841629028,-0.22322487831115723,-0.20900142192840576,0.6597914099693298
dd8daf80-3f76-49d1-8067-96d495c7e668,c9bcc43a-9701-4fce-ad80-923ae62dbd44,1761218706029180951,-1.111984,-0.276566,-1.04332,-0.006836,-0.60498,0.841797,0.5281444681723673,-35.621011772810036,87.90498261902998,0.6863835453987122,-0.22324378788471222,-0.20913130044937134,0.65977543592453
dd8daf80-3f76-49d1-8067-96d495c7e668,c9bcc43a-9701-4fce-ad80-923ae62dbd44,1761218706037176951,-1.049042,-0.278473,-1.16539,-0.015137,-0.608398,0.830078,0.5207429550959983,-35.631957041277325,87.87364400946917,0.6865296959877014,-0.2233237624168396,-0.20917777717113495,0.6595815420150757
dd8daf80-3f76-49d1-8067-96d495c7e668,c9bcc43a-9701-4fce-ad80-923ae62dbd44,1761218706047841951,-1.169205,-0.09346,-0.982285,0.001953,-0.619141,0.844238,0.5152414374824338,-35.640338988675246,87.83914215516353,0.686702311038971,-0.2234051525592804,-0.20919187366962433,0.6593698263168335
dd8daf80-3f76-49d1-8067-96d495c7e668,c9bcc43a-9701-4fce-ad80-923ae62dbd44,1761218706058506951,-1.049042,-0.156403,-0.799179,-0.003906,-0.601562,0.832031,0.5133556239194331,-35.64576840624862,87.80066626955562,0.6869099140167236,-0.22349701821804047,-0.2091594785451889,0.6591325998306274
dd8daf80-3f76-49d1-8067-96d495c7e668,c9bcc43a-9701-4fce-ad80-923ae62dbd44,1761218706069171951,-0.623703,-0.21553,-0.677109,-0.012207,-0.602539,0.848633,0.5144114146159371,-35.64528780663631,87.78410224328184,0.6870080232620239,-0.22353044152259827,-0.2091180682182312,0.6590321660041809
dd8daf80-3f76-49d1-8067-96d495c7e668,c9bcc43a-9701-4fce-ad80-923ae62dbd44,1761218706079840951,-0.56076,-0.522614,-0.494003,-0.010254,-0.599121,0.836426,0.5176214042461343,-35.65080302813574,87.78732122219847,0.6869848966598511,-0.22357597947120667,-0.20913691818714142,0.6590349078178406
dd8daf80-3f76-49d1-8067-96d495c7e668,c9bcc43a-9701-4fce-ad80-923ae62dbd44,1761218706090510951,-0.745773,-0.21553,-0.494003,0.006836,-0.605957,0.84668,0.5138185159492763,-35.65161380673111,87.80235498144619,0.6868899464607239,-0.22353152930736542,-0.20919372141361237,0.659130871295929
dd8daf80-3f76-49d1-8067-96d495c7e668,c9bcc43a-9701-4fce-ad80-923ae62dbd44,1761218706101180951,-0.562668,-0.398636,-0.371933,-0.011719,-0.612793,0.837891,0.5139867248059388,-35.65447550480442,87.85565701569679,0.6865781545639038,-0.22345225512981415,-0.20931318402290344,0.6594446301460266
dd8daf80-3f76-49d1-8067-96d495c7e668,c9bcc43a-9701-4fce-ad80-923ae62dbd44,1761218706111836951,-0.19455,-0.827789,-0.555038,0.012207,-0.607422,0.848633,0.5102084748161301,-35.65845513394972,87.8322097893052,0.6866986155509949,-0.22349712252616882,-0.2093130648136139,0.6593040227890015
dd8daf80-3f76-49d1-8067-96d495c7e668,c9bcc43a-9701-4fce-ad80-923ae62dbd44,1761218706122493951,-0.135422,-0.764847,-0.799179,-0.008301,-0.605957,0.845215,0.5084109344683649,-35.65645265344862,87.79808725887446,0.6868954300880432,-0.2235371470451355,-0.2092457264661789,0.6591067314147949
dd8daf80-3f76-49d1-8067-96d495c7e668,c9bcc43a-9701-4fce-ad80-923ae62dbd44,1761218706133150951,0.047684,-0.947952,-0.677109,-0.004883,-0.587891,0.839844,0.5094986304534015,-35.651364687610126,87.76241810725762,0.6871122121810913,-0.223578080534935,-0.20914027094841003,0.6589003801345825
dd8daf80-3f76-49d1-8067-96d495c7e668,c9bcc43a-9701-4fce-ad80-923ae62dbd44,1761218706141193951,0.169754,-1.253128,-0.799179,-0.006836,-0.594727,0.836914,0.5069142998978529,-35.64323128929867,87.7197351705831,0.6873683333396912,-0.22359246015548706,-0.20902559161186218,0.6586647033691406
dd8daf80-3f76-49d1-8067-96d495c7e668,c9bcc43a-9701-4fce-ad80-923ae62dbd44,1761218706149234951,-0.072479,-1.438141,-0.982285,-0.012207,-0.596191,0.835938,0.498979808861948,-35.643184042081856,87.71523096309053,0.6873798370361328,-0.2235548049211502,-0.20906412601470947,0.658653199672699
dd8daf80-3f76-49d1-8067-96d495c7e668,c9bcc43a-9701-4fce-ad80-923ae62dbd44,1761218706157275951,-0.257492,-1.375198,-0.616074,-0.015137,-0.59375,0.837891,0.4859266113947338,-35.64147402943655,87.71656800627754,0.6873515844345093,-0.22346709668636322,-0.20913517475128174,0.6586899161338806
dd8daf80-3f76-49d1-8067-96d495c7e668,c9bcc43a-9701-4fce-ad80-923ae62dbd44,1761218706165316951,-0.19455,-1.255035,-0.371933,-0.011719,-0.587402,0.82666,0.4850455076940426,-35.64044568344958,87.72761923439091,0.6872884035110474,-0.22343571484088898,-0.2091560810804367,0.6587598323822021
dd8daf80-3f76-49d1-8067-96d495c7e668,c9bcc43a-9701-4fce-ad80-923ae62dbd44,1761218706176004951,-0.499725,-1.499176,-0.310898,-0.016113,-0.596191,0.829102,0.47635869495492544,-35.64496558108336,87.71004127072614,0.6873649954795837,-0.22344490885734558,-0.2091999650001526,0.6586628556251526
dd8daf80-3f76-49d1-8067-96d495c7e668,c9bcc43a-9701-4fce-ad80-923ae62dbd44,1761218706186692951,-0.440598,-1.924515,0.177383,-0.008789,-0.601074,0.833984,0.46247768189510957,-35.64738821181496,87.70515140409852,0.6873631477355957,-0.22338852286338806,-0.20928765833377838,0.658656120300293
dd8daf80-3f76-49d1-8067-96d495c7e668,c9bcc43a-9701-4fce-ad80-923ae62dbd44,1761218706197380951,-0.988007,-1.621246,0.177383,0.003418,-0.584961,0.834961,0.4497925495767104,-35.65087521342093,87.72493328112799,0.6872196197509766,-0.22330033779144287,-0.20942239463329315,0.6587929129600525
dd8daf80-3f76-49d1-8067-96d495c7e668,c9bcc43a-9701-4fce-ad80-923ae62dbd44,1761218706208020951,-1.232147,-1.438141,0.7267,-0.008301,-0.592773,0.852051,0.44064596861760436,-35.65529316847011,87.73778204221416,0.6871206164360046,-0.22325068712234497,-0.20952774584293365,0.6588795185089111
dd8daf80-3f76-49d1-8067-96d495c7e668,c9bcc43a-9701-4fce-ad80-923ae62dbd44,1761218706218662951,-0.926971,-1.499176,0.60463,-0.011719,-0.588867,0.847656,0.43258719999729234,-35.66369975165453,87.74122494559202,0.6870700716972351,-0.22324834764003754,-0.20963123440742493,0.6589000821113586
dd8daf80-3f76-49d1-8067-96d495c7e668,c9bcc43a-9701-4fce-ad80-923ae62dbd44,1761218706229304951,-1.354218,-0.88501,0.421524,-0.008301,-0.588867,0.831543,0.4229100435437377,-35.67042858147613,87.73639279834481,0.6870673298835754,-0.22324179112911224,-0.20971862971782684,0.6588773727416992
dd8daf80-3f76-49d1-8067-96d495c7e668,c9bcc43a-9701-4fce-ad80-923ae62dbd44,1761218706237271951,-1.354218,-0.88501,0.482559,0.008301,-0.586426,0.84668,0.41069930208423183,-35.690441306447134,87.72194874657731,0.6870898604393005,-0.22331777215003967,-0.2098790407180786,0.6587769985198975
dd8daf80-3f76-49d1-8067-96d495c7e668,c9bcc43a-9701-4fce-ad80-923ae62dbd44,1761218706245238951,-1.234055,-0.764847,0.238419,0.003418,-0.597168,0.836914,0.400623850105729,-35.70070838669205,87.70735638685329,0.6871356964111328,-0.223348006606102,-0.20997017621994019,0.6586899161338806
dd8daf80-3f76-49d1-8067-96d495c7e668,c9bcc43a-9701-4fce-ad80-923ae62dbd44,1761218706253205951,-1.415253,-0.522614,0.299454,-0.004395,-0.605957,0.839844,0.3999317211468739,-35.71481842735937,87.7043363956081,0.6871248483657837,-0.2234339714050293,-0.21004973351955414,0.6586467623710632
dd8daf80-3f76-49d1-8067-96d495c7e668,c9bcc43a-9701-4fce-ad80-923ae62dbd44,1761218706261172951,-1.598358,-0.827789,-0.005722,-0.010742,-0.604004,0.821777,0.3993097697542934,-35.73467035854647,87.70975653687461,0.6870546340942383,-0.22353923320770264,-0.210178405046463,0.6586432456970215
dd8daf80-3f76-49d1-8067-96d495c7e668,c9bcc43a-9701-4fce-ad80-923ae62dbd44,1761218706271824951,-2.271652,-0.825882,0.055313,0.001953,-0.593262,0.833496,0.39128852405450165,-35.75576843864992,87.70180709431635,0.6870452761650085,-0.22363395988941193,-0.21033252775669098,0.6585716009140015
dd8daf80-3f76-49d1-8067-96d495c7e668,c9bcc43a-9701-4fce-ad80-923ae62dbd44,1761218706282476951,-2.513885,-1.190186,-0.127792,-0.012207,-0.597656,0.839355,0.3815246035507553,-35.776697548689995,87.66703090237387,0.687187135219574,-0.22376690804958344,-0.21044372022151947,0.6583429574966431
dd8daf80-3f76-49d1-8067-96d495c7e668,c9bcc43a-9701-4fce-ad80-923ae62dbd44,1761218706293128951,-2.147675,-1.316071,0.238419,0.00293,-0.603027,0.834961,0.36909343582604126,-35.79863902509476,87.7077634954661,0.6868882179260254,-0.22375191748142242,-0.2107241451740265,0.6585702300071716
dd8daf80-3f76-49d1-8067-96d495c7e668,c9bcc43a-9701-4fce-ad80-923ae62dbd44,1761218706303814951,-2.271652,-1.131058,0.299454,-0.003906,-0.610352,0.841309,0.36144587432537995,-35.82136270671458,87.74759766938041,0.6866016387939453,-0.22377058863639832,-0.2109786570072174,0.6587811708450317
dd8daf80-3f76-49d1-8067-96d495c7e668,c9bcc43a-9701-4fce-ad80-923ae62dbd44,1761218706314500951,-2.271652,-1.192093,0.299454,-0.018066,-0.604492,0.837891,0.35689335477863154,-35.84195554938367,87.77072702648613,0.6864207983016968,-0.22382493317127228,-0.2111697494983673,0.6588899493217468
dd8daf80-3f76-49d1-8067-96d495c7e668,c9bcc43a-9701-4fce-ad80-923ae62dbd44,1761218706325186951,-1.966476,-1.314163,0.360489,-0.01416,-0.602051,0.848633,0.35382995287139973,-35.85995805280272,87.76212226928409,0.6864300966262817,-0.22393080592155457,-0.21127501130104065,0.658810555934906
dd8daf80-3f76-49d1-8067-96d495c7e668,c9bcc43a-9701-4fce-ad80-923ae62dbd44,1761218706335847951,-1.903534,-1.010895,0.543594,-0.025391,-0.608398,0.836914,0.35129147308584874,-35.89478653901017,87.73843579688756,0.6864947080612183,-0.22416815161705017,-0.21144452691078186,0.658608078956604
dd8daf80-3f76-49d1-8067-96d495c7e668,c9bcc43a-9701-4fce-ad80-923ae62dbd44,1761218706346506951,-1.966476,-0.947952,0.7267,-0.01416,-0.606934,0.833984,0.35340332378702033,-35.91599571224521,87.72951297102234,0.6865091323852539,-0.2243235558271408,-0.21153655648231506,0.6585106253623962
dd8daf80-3f76-49d1-8067-96d495c7e668,c9bcc43a-9701-4fce-ad80-923ae62dbd44,1761218706357165951,-2.088547,-1.192093,0.665665,-0.009277,-0.602539,0.840332,0.34839210677438653,-35.932753997894864,87.7184362310246,0.6865313053131104,-0.22441543638706207,-0.21164138615131378,0.6584224700927734
dd8daf80-3f76-49d1-8067-96d495c7e668,c9bcc43a-9701-4fce-ad80-923ae62dbd44,1761218706365166951,-2.088547,-1.619339,0.909805,-0.009277,-0.601562,0.842773,0.3438456981468812,-35.94692403811266,87.78957489508448,0.6860867738723755,-0.22434253990650177,-0.21188952028751373,0.6588307619094849
dd8daf80-3f76-49d1-8067-96d495c7e668,c9bcc43a-9701-4fce-ad80-923ae62dbd44,1761218706373170951,-2.271652,-1.802444,0.665665,-0.010742,-0.592773,0.835449,0.34013341494952076,-35.96026720371114,87.84218904601643,0.6857516765594482,-0.22430358827114105,-0.2120916247367859,0.6591277718544006
dd8daf80-3f76-49d1-8067-96d495c7e668,c9bcc43a-9701-4fce-ad80-923ae62dbd44,1761218706381174951,-2.33078,-1.987457,0.7267,-0.01123,-0.605957,0.834473,0.33167507419855513,-35.97926420824968,87.84587894820358,0.685678243637085,-0.22436155378818512,-0.2122589498758316,0.6591306328773499
dd8daf80-3f76-49d1-8067-96d495c7e668,c9bcc43a-9701-4fce-ad80-923ae62dbd44,1761218706389178951,-2.576828,-2.351761,0.7267,-0.022461,-0.605469,0.824219,0.3244505038195478,-36.00233777068249,87.87346204410709,0.6854617595672607,-0.2244066745042801,-0.21248917281627655,0.6592662334442139
dd8daf80-3f76-49d1-8067-96d495c7e668,c9bcc43a-9701-4fce-ad80-923ae62dbd44,1761218706399838951,-3.065109,-2.717972,0.482559,-0.012207,-0.595703,0.830566,0.31294781937980076,-36.02438665707163,87.8826133165403,0.6853452920913696,-0.22445516288280487,-0.21270298957824707,0.6593018770217896
dd8daf80-3f76-49d1-8067-96d495c7e668,c9bcc43a-9701-4fce-ad80-923ae62dbd44,1761218706410498951,-3.675461,-2.717972,0.421524,-0.014648,-0.607422,0.831543,0.2954890906968743,-36.050399720675365,87.8577401983442,0.6854057908058167,-0.22455623745918274,-0.21290859580039978,0.6591382026672363
dd8daf80-3f76-49d1-8067-96d495c7e668,c9bcc43a-9701-4fce-ad80-923ae62dbd44,1761218706421158951,-3.734589,-3.452301,-0.494003,-0.005371,-0.595703,0.834473,0.2775636374942435,-36.07873766657512,87.83684465007161,0.6854379177093506,-0.2246612310409546,-0.21313811838626862,0.6589947938919067
dd8daf80-3f76-49d1-8067-96d495c7e668,c9bcc43a-9701-4fce-ad80-923ae62dbd44,1761218706431819951,-3.736496,-3.694534,-0.371933,-0.005859,-0.604492,0.847656,0.21365668880566946,-36.13437093755373,87.78146229375878,0.6855295896530151,-0.22472929954528809,-0.21373213827610016,0.6586837768554688
dd8daf80-3f76-49d1-8067-96d495c7e668,c9bcc43a-9701-4fce-ad80-923ae62dbd44,1761218706442481951,-3.490448,-3.452301,-0.494003,-0.006348,-0.603516,0.836914,0.1805165525204557,-36.16149471382793,87.77495788575789,0.6854524612426758,-0.2247130274772644,-0.21407371759414673,0.6586586833000183
dd8daf80-3f76-49d1-8067-96d495c7e668,c9bcc43a-9701-4fce-ad80-923ae62dbd44,1761218706453143951,-3.305435,-3.694534,-0.738144,0.000977,-0.599121,0.841309,0.14320941342403945,-36.18806083713337,87.80905803377856,0.685135006904602,-0.22459350526332855,-0.2145165503025055,0.658885657787323
dd8daf80-3f76-49d1-8067-96d495c7e668,c9bcc43a-9701-4fce-ad80-923ae62dbd44,1761218706461179951,-3.610611,-4.304886,-0.310898,-0.003906,-0.598145,0.821289,0.10782287854114109,-36.218455962888754,87.86048868936483,0.6847137212753296,-0.2244751751422882,-0.21500377357006073,0.6592049598693848
dd8daf80-3f76-49d1-8067-96d495c7e668,c9bcc43a-9701-4fce-ad80-923ae62dbd44,1761218706469216951,-4.098892,-4.304886,-0.127792,-0.001953,-0.615234,0.824219,0.06820722176310919,-36.25240697064867,87.88174761697861,0.6844508051872253,-0.2244100421667099,-0.21547751128673553,0.6593455076217651
dd8daf80-3f76-49d1-8067-96d495c7e668,c9bcc43a-9701-4fce-ad80-923ae62dbd44,1761218706477253951,-4.163742,-4.182816,-0.249863,-0.005859,-0.608887,0.826172,0.034405548892731425,-36.288178620846374,87.86118681660885,0.6844356060028076,-0.22446785867214203,-0.2158450037240982,0.6592214107513428
dd8daf80-3f76-49d1-8067-96d495c7e668,c9bcc43a-9701-4fce-ad80-923ae62dbd44,1761218706485290951,-4.46701,-4.428864,-0.188828,0.019531,-0.605957,0.82666,-0.012190150668634572,-36.325377947721975,87.83109668516082,0.6844480037689209,-0.22447873651981354,-0.21627835929393768,0.6590628027915955
dd8daf80-3f76-49d1-8067-96d495c7e668,c9bcc43a-9701-4fce-ad80-923ae62dbd44,1761218706495922951,-4.713058,-4.060745,-0.005722,0.003418,-0.594727,0.820801,-0.050226673739272636,-36.36516742144144,87.80404910372039,0.6844536066055298,-0.2245488166809082,-0.2166813313961029,0.6589006781578064
dd8daf80-3f76-49d1-8067-96d495c7e668,c9bcc43a-9701-4fce-ad80-923ae62dbd44,1761218706506554951,-5.079269,-4.365921,0.360489,-0.005859,-0.609375,0.824219,-0.08302420887670145,-36.40498180279613,87.7830035517359,0.6844342350959778,-0.2246379554271698,-0.21706479787826538,0.6587642431259155
dd8daf80-3f76-49d1-8067-96d495c7e668,c9bcc43a-9701-4fce-ad80-923ae62dbd44,1761218706517186951,-5.016327,-4.123688,0.482559,0.006348,-0.607422,0.822754,-0.11554877332065353,-36.4487916582666,87.77837780267929,0.6843128204345703,-0.22472155094146729,-0.2175016701221466,0.6587177515029907
dd8daf80-3f76-49d1-8067-96d495c7e668,c9bcc43a-9701-4fce-ad80-923ae62dbd44,1761218706527829951,-4.650116,-3.879547,0.97084,-0.008301,-0.612793,0.832031,-0.17330587433187725,-36.53530773224821,87.86300912676477,0.6835453510284424,-0.22474519908428192,-0.21850943565368652,0.6591728329658508
dd8daf80-3f76-49d1-8067-96d495c7e668,c9bcc43a-9701-4fce-ad80-923ae62dbd44,1761218706538471951,-4.713058,-3.694534,1.092911,0.007812,-0.621094,0.832031,-0.19978185434395554,-36.57653428749544,87.91632458060009,0.6831064224243164,-0.22473718225955963,-0.21900881826877594,0.6594647765159607
dd8daf80-3f76-49d1-8067-96d495c7e668,c9bcc43a-9701-4fce-ad80-923ae62dbd44,1761218706549113951,-4.22287,-3.147125,0.84877,0.021484,-0.614746,0.846191,-0.2276922367658495,-36.60679869153153,87.93145167174326,0.6829059720039368,-0.22472819685935974,-0.21937879920005798,0.6595525145530701
dd8daf80-3f76-49d1-8067-96d495c7e668,c9bcc43a-9701-4fce-ad80-923ae62dbd44,1761218706559806951,-3.856659,-2.597809,0.7267,0.027344,-0.616699,0.832519,-0.2547777901778501,-36.64304780868148,87.95297713950787,0.6826581954956055,-0.22474731504917145,-0.2197907567024231,0.6596653461456299
dd8daf80-3f76-49d1-8067-96d495c7e668,c9bcc43a-9701-4fce-ad80-923ae62dbd44,1761218706570498951,-3.002167,-2.414703,0.7267,0.010254,-0.611328,0.836426,-0.2761177306856993,-36.6733261249295,87.98847466759489,0.6823526620864868,-0.22473691403865814,-0.2201615273952484,0.6598613262176514
dd8daf80-3f76-49d1-8067-96d495c7e668,c9bcc43a-9701-4fce-ad80-923ae62dbd44,1761218706581190951,-3.18718,-1.741409,0.60463,0.009277,-0.630371,0.824219,-0.2960334606544689,-36.7016081298584,87.99362227647052,0.6822284460067749,-0.22478100657463074,-0.22045278549194336,0.6598774790763855
dd8daf80-3f76-49d1-8067-96d495c7e668,c9bcc43a-9701-4fce-ad80-923ae62dbd44,1761218706589171951,-2.696991,-1.499176,0.421524,0.019043,-0.619629,0.831543,-0.33464025540938414,-36.75490830878493,87.96754080455653,0.6821979880332947,-0.22492682933807373,-0.22093775868415833,0.6596970558166504
dd8daf80-3f76-49d1-8067-96d495c7e668,c9bcc43a-9701-4fce-ad80-923ae62dbd44,1761218706597153951,-2.880096,-1.499176,0.238419,0.019043,-0.621094,0.833496,-0.355274664271494,-36.77830329583611,87.97709774578607,0.6820564270019531,-0.22492912411689758,-0.22121375799179077,0.6597501635551453
dd8daf80-3f76-49d1-8067-96d495c7e668,c9bcc43a-9701-4fce-ad80-923ae62dbd44,1761218706605135951,-2.635956,-1.804352,-0.310898,0.019531,-0.609863,0.835938,-0.37967354497550077,-36.79981190607171,87.97818168447253,0.6819600462913513,-0.2249148190021515,-0.22148466110229492,0.6597638130187988
dd8daf80-3f76-49d1-8067-96d495c7e668,c9bcc43a-9701-4fce-ad80-923ae62dbd44,1761218706613117951,-2.635956,-1.678467,-0.371933,0.010742,-0.624512,0.840332,-0.3990358972674767,-36.818651174135596,87.96771579108673,0.6819451451301575,-0.22493594884872437,-0.22168755531311035,0.6597038507461548
dd8daf80-3f76-49d1-8067-96d495c7e668,c9bcc43a-9701-4fce-ad80-923ae62dbd44,1761218706623802951,-2.515793,-1.558304,-0.616074,0.005371,-0.620117,0.845215,-0.4191072400027681,-36.84025187308567,87.96958893545356,0.6818522214889526,-0.22494560480117798,-0.2219347208738327,0.6597135066986084
dd8daf80-3f76-49d1-8067-96d495c7e668,c9bcc43a-9701-4fce-ad80-923ae62dbd44,1761218706634487951,-2.20871,-1.926422,-0.494003,0.017578,-0.632812,0.837402,-0.44228231642685467,-36.86097866586576,87.99243514064172,0.6816341876983643,-0.22489148378372192,-0.22223646938800812,0.6598557233810425
dd8daf80-3f76-49d1-8067-96d495c7e668,c9bcc43a-9701-4fce-ad80-923ae62dbd44,1761218706645172951,-1.720428,-1.678467,-0.921249,0.010254,-0.625977,0.82373,-0.46503673469840034,-36.87255474803451,87.9372557496956,0.6818844676017761,-0.2249365895986557,-0.2223300039768219,0.659550130367279
dd8daf80-3f76-49d1-8067-96d495c7e668,c9bcc43a-9701-4fce-ad80-923ae62dbd44,1761218706655849951,-1.049042,-0.88501,-1.04332,0.007813,-0.621582,0.836914,-0.4814190009531722,-36.88902877124784,87.90056787904824,0.6820306777954102,-0.22501181066036224,-0.22245000302791595,0.659332811832428
dd8daf80-3f76-49d1-8067-96d495c7e668,c9bcc43a-9701-4fce-ad80-923ae62dbd44,1761218706666528951,-1.600266,-0.459671,-1.04332,-0.002441,-0.637695,0.830566,-0.49398495293842853,-36.90271931477773,87.90595815974298,0.6819477081298828,-0.2250107377767563,-0.22261391580104828,0.6593636870384216
dd8daf80-3f76-49d1-8067-96d495c7e668,c9bcc43a-9701-4fce-ad80-923ae62dbd44,1761218706677207951,-0.986099,-0.886917,-0.677109,-0.007324,-0.629883,0.832031,-0.49921511184601336,-36.9132024683953,87.90031612855765,0.6819489002227783,-0.22505417466163635,-0.22269409894943237,0.6593205332756042
dd8daf80-3f76-49d1-8067-96d495c7e668,c9bcc43a-9701-4fce-ad80-923ae62dbd44,1761218706685183951,-0.928879,-0.886917,-0.371933,0.011719,-0.633301,0.814941,-0.5136439065824713,-36.92522181231983,87.85426055917563,0.6821615695953369,-0.22513243556022644,-0.2227584421634674,0.6590520143508911
dd8daf80-3f76-49d1-8067-96d495c7e668,c9bcc43a-9701-4fce-ad80-923ae62dbd44,1761218706693158951,-0.43869,-1.132965,-0.005722,0.002441,-0.629395,0.827637,-0.50962012713497,-36.927206810069855,87.83486909546342,0.6822769045829773,-0.22520510852336884,-0.22270776331424713,0.65892493724823
dd8daf80-3f76-49d1-8067-96d495c7e668,c9bcc43a-9701-4fce-ad80-923ae62dbd44,1761218706701133951,-0.318527,-1.314163,-0.066757,0.008789,-0.628418,0.819824,-0.5137833951547598,-36.92949893651485,87.8228722432764,0.6823331713676453,-0.22521817684173584,-0.2227221131324768,0.6588573455810547
dd8daf80-3f76-49d1-8067-96d495c7e668,c9bcc43a-9701-4fce-ad80-923ae62dbd44,1761218706709108951,-0.255585,-1.499176,0.116348,-0.000488,-0.625977,0.824707,-0.5155383610319195,-36.930066055283035,87.81085225496601,0.682397723197937,-0.22523483633995056,-0.2227121889591217,0.6587881445884705
dd8daf80-3f76-49d1-8067-96d495c7e668,c9bcc43a-9701-4fce-ad80-923ae62dbd44,1761218706719803951,0.293732,-1.373291,0.665665,0.008789,-0.625,0.824219,-0.5211783259900016,-36.927421340865244,87.83315699475256,0.6822638511657715,-0.22514323890209198,-0.2227744460105896,0.6589370965957642
dd8daf80-3f76-49d1-8067-96d495c7e668,c9bcc43a-9701-4fce-ad80-923ae62dbd44,1761218706730498951,-0.011444,-1.499176,1.031876,0.0,-0.623535,0.833984,-0.5223349748389673,-36.92537936637579,87.9117436927515,0.681813657283783,-0.22497159242630005,-0.22292396426200867,0.6594108939170837
dd8daf80-3f76-49d1-8067-96d495c7e668,c9bcc43a-9701-4fce-ad80-923ae62dbd44,1761218706741193951,0.110626,-1.621246,1.092911,-0.00293,-0.623535,0.827148,-0.5225911639701363,-36.92403324313524,87.93558681906211,0.6816786527633667,-0.22491569817066193,-0.2229645699262619,0.6595557928085327
dd8daf80-3f76-49d1-8067-96d495c7e668,c9bcc43a-9701-4fce-ad80-923ae62dbd44,1761218706751835951,0.476837,-1.678467,1.337051,0.007324,-0.615234,0.831055,-0.5227664649465297,-36.92063724246273,87.97334835545837,0.6814677715301514,-0.22482094168663025,-0.22302022576332092,0.6597871780395508
dd8daf80-3f76-49d1-8067-96d495c7e668,c9bcc43a-9701-4fce-ad80-923ae62dbd44,1761218706762479951,0.841141,-1.375198,1.459122,0.015137,-0.608398,0.818359,-0.5298253710263009,-36.91449347687922,88.03337341906139,0.6811206936836243,-0.2246268093585968,-0.22314463555812836,0.6601694822311401
dd8daf80-3f76-49d1-8067-96d495c7e668,c9bcc43a-9701-4fce-ad80-923ae62dbd44,1761218706773123951,0.78392,-1.070023,1.520157,0.007324,-0.616699,0.827148,-0.5307727051385681,-36.90533380484231,88.07791814694852,0.680880606174469,-0.22447998821735382,-0.22318494319915771,0.6604534387588501
dd8daf80-3f76-49d1-8067-96d495c7e668,c9bcc43a-9701-4fce-ad80-923ae62dbd44,1761218706783836951,1.024246,-1.375198,1.214981,0.016602,-0.618164,0.832031,-0.5387771069152291,-36.88256358638823,88.07957346267561,0.680901288986206,-0.22429491579532623,-0.22310492396354675,0.6605220437049866
dd8daf80-3f76-49d1-8067-96d495c7e668,c9bcc43a-9701-4fce-ad80-923ae62dbd44,1761218706794551951,0.352859,-1.253128,1.276016,0.018066,-0.600098,0.830078,-0.5465271998112433,-36.87140048526836,88.07038645963938,0.6809616088867188,-0.22420160472393036,-0.22306886315345764,0.6605036854743958
dd8daf80-3f76-49d1-8067-96d495c7e668,c9bcc43a-9701-4fce-ad80-923ae62dbd44,1761218706805266951,0.782013,-1.438141,1.153946,0.020996,-0.612793,0.822266,-0.552226065044915,-36.86314749342179,88.07678059592318,0.6809302568435669,-0.22410711646080017,-0.22306782007217407,0.6605684161186218
dd8daf80-3f76-49d1-8067-96d495c7e668,c9bcc43a-9701-4fce-ad80-923ae62dbd44,1761218706815909951,0.841141,-1.741409,1.092911,0.008789,-0.604492,0.818359,-0.5591617540763594,-36.855389426396066,88.07638009576587,0.6809346675872803,-0.22402165830135345,-0.22306367754936218,0.6605942845344543
dd8daf80-3f76-49d1-8067-96d495c7e668,c9bcc43a-9701-4fce-ad80-923ae62dbd44,1761218706826551951,0.658035,-1.802444,0.97084,0.009766,-0.61084,0.81543,-0.5680310282154717,-36.848914111099596,88.10321507261598,0.6807757019996643,-0.22387968003749847,-0.22313161194324493,0.6607832908630371
dd8daf80-3f76-49d1-8067-96d495c7e668,c9bcc43a-9701-4fce-ad80-923ae62dbd44,1761218706837193951,0.720978,-1.804352,1.031876,0.013672,-0.601562,0.830078,-0.5800175336504437,-36.840227443809376,88.16763493045714,0.6803982257843018,-0.2236333191394806,-0.22327865660190582,0.6612056493759155
dd8daf80-3f76-49d1-8067-96d495c7e668,c9bcc43a-9701-4fce-ad80-923ae62dbd44,1761218706845177951,0.293732,-1.499176,1.031876,0.01416,-0.620117,0.81543,-0.5948316629024398,-36.830721543433384,88.17764601977856,0.6803306937217712,-0.22347170114517212,-0.223331481218338,0.66131192445755
dd8daf80-3f76-49d1-8067-96d495c7e668,c9bcc43a-9701-4fce-ad80-923ae62dbd44,1761218706853160951,0.232697,-1.621246,0.84877,0.008789,-0.614746,0.822266,-0.6022003506647767,-36.83084187364438,88.16274167580076,0.6804021000862122,-0.2234589159488678,-0.22334685921669006,0.6612376570701599
dd8daf80-3f76-49d1-8067-96d495c7e668,c9bcc43a-9701-4fce-ad80-923ae62dbd44,1761218706861143951,0.169754,-1.98555,1.398087,0.003906,-0.612305,0.833008,-0.6078161901653637,-36.82789399645925,88.15745078885365,0.680427610874176,-0.22341927886009216,-0.22335293889045715,0.6612226963043213
dd8daf80-3f76-49d1-8067-96d495c7e668,c9bcc43a-9701-4fce-ad80-923ae62dbd44,1761218706869126951,0.169754,-2.10762,1.276016,0.019531,-0.619141,0.829102,-0.621520146039355,-36.826361259700796,88.15683640707881,0.6804075241088867,-0.2233322560787201,-0.2234243005514145,0.6612486839294434
dd8daf80-3f76-49d1-8067-96d495c7e668,c9bcc43a-9701-4fce-ad80-923ae62dbd44,1761218706879816951,0.047684,-2.351761,1.520157,0.005371,-0.616699,0.837402,-0.6298607973335986,-36.825822700059184,88.15003266901999,0.680431604385376,-0.2232941836118698,-0.223457470536232,0.6612255573272705
dd8daf80-3f76-49d1-8067-96d495c7e668,c9bcc43a-9701-4fce-ad80-923ae62dbd44,1761218706890506951,0.110626,-2.475739,2.008438,0.015625,-0.616699,0.829102,-0.6389611558803336,-36.824450526464595,88.1843367526039,0.6802186369895935,-0.2231665700674057,-0.22357043623924255,0.6614495515823364
dd8daf80-3f76-49d1-8067-96d495c7e668,c9bcc43a-9701-4fce-ad80-923ae62dbd44,1761218706901196951,-0.19455,-2.349854,1.947403,0.01416,-0.598633,0.827148,-0.6468966123224861,-36.81961592871855,88.27575825344908,0.6796849370002747,-0.22291353344917297,-0.22376765310764313,0.6620165109634399
dd8daf80-3f76-49d1-8067-96d495c7e668,c9bcc43a-9701-4fce-ad80-923ae62dbd44,1761218706911845951,0.169754,-1.802444,2.374649,-0.001465,-0.606445,0.827148,-0.6523614093937963,-36.81380540492155,88.34364290354306,0.6792936325073242,-0.22271478176116943,-0.22389860451221466,0.6624405980110168
dd8daf80-3f76-49d1-8067-96d495c7e668,c9bcc43a-9701-4fce-ad80-923ae62dbd44,1761218706922497951,0.110626,-2.166748,2.801895,0.008789,-0.614258,0.821777,-0.656542902645264,-36.813799037974995,88.37609724373199,0.6790978312492371,-0.22262711822986603,-0.22398641705513,0.662641167640686
dd8daf80-3f76-49d1-8067-96d495c7e668,c9bcc43a-9701-4fce-ad80-923ae62dbd44,1761218706933149951,-0.56076,-2.292633,2.679825,0.015625,-0.618164,0.826172,-0.6589766390241232,-36.81297472810152,88.45080088618276,0.6786625981330872,-0.22246205806732178,-0.2241411656141281,0.6630900502204895
dd8daf80-3f76-49d1-8067-96d495c7e668,c9bcc43a-9701-4fce-ad80-923ae62dbd44,1761218706941153951,-0.562668,-2.046585,2.435684,0.002441,-0.60791,0.827148,-0.6556824316129509,-36.82001611031242,88.5394859378166,0.6781415343284607,-0.22234944999217987,-0.22433438897132874,0.6635953187942505
dd8daf80-3f76-49d1-8067-96d495c7e668,c9bcc43a-9701-4fce-ad80-923ae62dbd44,1761218706949158951,-0.806808,-1.802444,2.61879,0.010254,-0.60791,0.833984,-0.653563234254716,-36.822264653045266,88.5593999037667,0.6780258417129517,-0.222336083650589,-0.224373459815979,0.6637048125267029
dd8daf80-3f76-49d1-8067-96d495c7e668,c9bcc43a-9701-4fce-ad80-923ae62dbd44,1761218706957163951,-0.928879,-1.741409,2.61879,0.013184,-0.61377,0.82373,-0.6527065194568924,-36.83113536482045,88.57180579060959,0.6779378652572632,-0.22236943244934082,-0.22444364428520203,0.6637597680091858
dd8daf80-3f76-49d1-8067-96d495c7e668,c9bcc43a-9701-4fce-ad80-923ae62dbd44,1761218706965168951,-1.29509,-1.741409,2.557755,0.033203,-0.611816,0.827148,-0.6619911975432383,-36.838889008573084,88.570620151677,0.6779109835624695,-0.22236400842666626,-0.22454100847244263,0.6637561321258545
dd8daf80-3f76-49d1-8067-96d495c7e668,c9bcc43a-9701-4fce-ad80-923ae62dbd44,1761218706975853951,-1.29509,-1.253128,2.313614,0.013184,-0.622559,0.821777,-0.6622230544182787,-36.85116029848606,88.56873748452202,0.6778967976570129,-0.2224392294883728,-0.22460952401161194,0.6637222170829773
dd8daf80-3f76-49d1-8067-96d495c7e668,c9bcc43a-9701-4fce-ad80-923ae62dbd44,1761218706986538951,-1.478195,-1.131058,2.130508,0.029785,-0.61377,0.832519,-0.6675106637497791,-36.8596934754757,88.5577626039479,0.677932858467102,-0.22248077392578125,-0.2246687263250351,0.6636514663696289
dd8daf80-3f76-49d1-8067-96d495c7e668,c9bcc43a-9701-4fce-ad80-923ae62dbd44,1761218706997223951,-1.478195,-1.497269,1.703262,0.03418,-0.610352,0.816895,-0.6768106358729316,-36.86946770849788,88.61956368820658,0.6775369644165039,-0.2223636955022812,-0.22490008175373077,0.6640165448188782
dd8daf80-3f76-49d1-8067-96d495c7e668,c9bcc43a-9701-4fce-ad80-923ae62dbd44,1761218707007862951,-1.537323,-0.396729,1.031876,0.015625,-0.614746,0.830078,-0.6829969719413802,-36.88272898042386,88.64486734187093,0.6773515343666077,-0.2223568856716156,-0.225062295794487,0.664152979850769
dd8daf80-3f76-49d1-8067-96d495c7e668,c9bcc43a-9701-4fce-ad80-923ae62dbd44,1761218707018503951,-2.145767,-0.398636,0.482559,0.021973,-0.613281,0.825684,-0.6880601584371219,-36.89648712515704,88.6090126936738,0.6775217056274414,-0.22247959673404694,-0.225102037191391,0.6639248728752136
dd8daf80-3f76-49d1-8067-96d495c7e668,c9bcc43a-9701-4fce-ad80-923ae62dbd44,1761218707029144951,-2.025604,0.091553,0.60463,0.03418,-0.604004,0.819824,-0.6936750906709137,-36.91005950792357,88.57501530382623,0.6776803135871887,-0.2225944548845291,-0.22514751553535461,0.6637089848518372
dd8daf80-3f76-49d1-8067-96d495c7e668,c9bcc43a-9701-4fce-ad80-923ae62dbd44,1761218707037151951,-2.147675,-0.339508,0.238419,0.022949,-0.607422,0.817871,-0.7086564898027982,-36.945231258015646,88.51088651011872,0.6779513359069824,-0.22284261882305145,-0.22531428933143616,0.6632922291755676
dd8daf80-3f76-49d1-8067-96d495c7e668,c9bcc43a-9701-4fce-ad80-923ae62dbd44,1761218707045159951,-2.145767,-0.21553,-0.005722,0.022461,-0.622559,0.814453,-0.7119410676452187,-36.96587690288467,88.48327504409427,0.6780630350112915,-0.22300057113170624,-0.225398987531662,0.6630961298942566
dd8daf80-3f76-49d1-8067-96d495c7e668,c9bcc43a-9701-4fce-ad80-923ae62dbd44,1761218707053167951,-2.576828,0.211716,0.116348,0.008301,-0.606445,0.815918,-0.7126537929546346,-36.98518803381181,88.45972011196046,0.6781589388847351,-0.22315751016139984,-0.22546860575675964,0.6629216074943542
dd8daf80-3f76-49d1-8067-96d495c7e668,c9bcc43a-9701-4fce-ad80-923ae62dbd44,1761218707061175951,-3.002167,0.148773,-0.005722,0.028809,-0.60791,0.822754,-0.7200761084011071,-37.007917377077085,88.45976735488992,0.6780981421470642,-0.22324955463409424,-0.22564354538917542,0.6628932356834412
dd8daf80-3f76-49d1-8067-96d495c7e668,c9bcc43a-9701-4fce-ad80-923ae62dbd44,1761218707071833951,-2.635956,0.331879,0.177383,0.011719,-0.606445,0.824707,-0.7177403493137314,-37.02871724822843,88.44449385462471,0.6781490445137024,-0.22341671586036682,-0.22571974992752075,0.6627589464187622
dd8daf80-3f76-49d1-8067-96d495c7e668,c9bcc43a-9701-4fce-ad80-923ae62dbd44,1761218707082491951,-2.513885,0.026703,0.177383,0.018555,-0.620605,0.819824,-0.7159794112229154,-37.05413859682947,88.39471858702774,0.6783888936042786,-0.22367605566978455,-0.22575858235359192,0.6624126434326172
dd8daf80-3f76-49d1-8067-96d495c7e668,c9bcc43a-9701-4fce-ad80-923ae62dbd44,1761218707093149951,-2.819061,0.148773,0.482559,-0.004395,-0.618164,0.828613,-0.7085949084312099,-37.07347849718457,88.42295190223795,0.6782010793685913,-0.22377803921699524,-0.22588132321834564,0.6625286936759949
dd8daf80-3f76-49d1-8067-96d495c7e668,c9bcc43a-9701-4fce-ad80-923ae62dbd44,1761218707103828951,-3.065109,0.516891,0.60463,0.01709,-0.613281,0.82959,-0.7028136680170181,-37.0953544261743,88.4414791828692,0.6780610680580139,-0.22390493750572205,-0.22600924968719482,0.662585437297821
dd8daf80-3f76-49d1-8067-96d495c7e668,c9bcc43a-9701-4fce-ad80-923ae62dbd44,1761218707114508951,-3.307343,0.69809,0.665665,0.006836,-0.617676,0.816895,-0.6983715819736676,-37.12242391866314,88.42689306700012,0.6780993342399597,-0.22412019968032837,-0.2261102944612503,0.6624390482902527
dd8daf80-3f76-49d1-8067-96d495c7e668,c9bcc43a-9701-4fce-ad80-923ae62dbd44,1761218707125188951,-3.736496,0.577927,0.84877,0.011719,-0.611328,0.821289,-0.6861848341229687,-37.14529891854838,88.42072440831936,0.6781126856803894,-0.22433871030807495,-0.2261577844619751,0.662335216999054
dd8daf80-3f76-49d1-8067-96d495c7e668,c9bcc43a-9701-4fce-ad80-923ae62dbd44,1761218707135908951,-3.734589,1.125336,0.665665,0.017578,-0.624023,0.819824,-0.6658802800514966,-37.21198842447604,88.4052677584261,0.6781068444252014,-0.22488275170326233,-0.22639115154743195,0.6620768904685974
dd8daf80-3f76-49d1-8067-96d495c7e668,c9bcc43a-9701-4fce-ad80-923ae62dbd44,1761218707146627951,-3.856659,0.82016,0.84877,0.008789,-0.629395,0.821777,-0.6547464858186269,-37.2444884029277,88.39512747933472,0.6781214475631714,-0.2251601666212082,-0.22649236023426056,0.6619330048561096
dd8daf80-3f76-49d1-8067-96d495c7e668,c9bcc43a-9701-4fce-ad80-923ae62dbd44,1761218707157346951,-3.858566,1.066208,0.482559,0.019043,-0.619629,0.821777,-0.6452247005404841,-37.27293583344745,88.38715381408495,0.6781285405158997,-0.2253998965024948,-0.22658400237560272,0.6618127822875977
dd8daf80-3f76-49d1-8067-96d495c7e668,c9bcc43a-9701-4fce-ad80-923ae62dbd44,1761218707165290951,-3.065109,1.554489,0.238419,0.013184,-0.63623,0.834961,-0.633359264175353,-37.30261330873035,88.40982612079877,0.6779607534408569,-0.22559981048107147,-0.226729154586792,0.6618669033050537
dd8daf80-3f76-49d1-8067-96d495c7e668,c9bcc43a-9701-4fce-ad80-923ae62dbd44,1761218707173236951,-2.576828,1.676559,-0.066757,0.024414,-0.623535,0.831055,-0.6265316424174874,-37.328933721618,88.41950616414772,0.6778648495674133,-0.22577635943889618,-0.22685927152633667,0.6618603467941284
dd8daf80-3f76-49d1-8067-96d495c7e668,c9bcc43a-9701-4fce-ad80-923ae62dbd44,1761218707181182951,-2.271652,1.79863,-0.494003,0.01709,-0.628906,0.836426,-0.619059047274973,-37.348853394119516,88.41513637358943,0.6778643727302551,-0.22594642639160156,-0.22692106664180756,0.6617816090583801
dd8daf80-3f76-49d1-8067-96d495c7e668,c9bcc43a-9701-4fce-ad80-923ae62dbd44,1761218707189128951,-1.842499,1.922607,-0.494003,0.021484,-0.636719,0.841309,-0.6115275549369437,-37.367755454396594,88.41869849360096,0.6778202652931213,-0.2260950803756714,-0.22699229419231415,0.6617515683174133
dd8daf80-3f76-49d1-8067-96d495c7e668,c9bcc43a-9701-4fce-ad80-923ae62dbd44,1761218707199813951,-1.41716,2.164841,-0.677109,0.013184,-0.633301,0.830566,-0.5982321236481802,-37.3846392281073,88.43990384665294,0.677689790725708,-0.22623006999492645,-0.22705265879631042,0.6618183255195618
dd8daf80-3f76-49d1-8067-96d495c7e668,c9bcc43a-9701-4fce-ad80-923ae62dbd44,1761218707210498951,-1.111984,2.04277,-0.616074,0.012207,-0.626953,0.828125,-0.583682845115211,-37.394096481364585,88.40485681373909,0.6779017448425293,-0.22643962502479553,-0.22695179283618927,0.6615641713142395
dd8daf80-3f76-49d1-8067-96d495c7e668,c9bcc43a-9701-4fce-ad80-923ae62dbd44,1761218707221183951,-0.865936,2.468109,-0.677109,0.004395,-0.636719,0.831055,-0.5679237011118002,-37.40148518027761,88.36078482048835,0.6781722903251648,-0.22666171193122864,-0.2268139123916626,0.6612580418586731
dd8daf80-3f76-49d1-8067-96d495c7e668,c9bcc43a-9701-4fce-ad80-923ae62dbd44,1761218707231842951,-0.806808,2.531052,-0.310898,0.008789,-0.622559,0.823242,-0.5331256071006731,-37.4107932674126,88.27178853983797,0.6787354946136475,-0.22709371149539948,-0.22648519277572632,0.6606444120407104
dd8daf80-3f76-49d1-8067-96d495c7e668,c9bcc43a-9701-4fce-ad80-923ae62dbd44,1761218707242502951,-0.621796,3.261566,-0.555038,0.002441,-0.630371,0.827637,-0.5050678457745367,-37.41527552150174,88.24162441096684,0.6789556741714478,-0.2273416668176651,-0.226284921169281,0.660401463508606
dd8daf80-3f76-49d1-8067-96d495c7e668,c9bcc43a-9701-4fce-ad80-923ae62dbd44,1761218707253162951,-0.377655,3.387451,-0.738144,-0.005859,-0.621094,0.821777,-0.474414471470763,-37.415926358431896,88.21517241398124,0.6791672706604004,-0.22757437825202942,-0.22605450451374054,0.6601825952529907
dd8daf80-3f76-49d1-8067-96d495c7e668,c9bcc43a-9701-4fce-ad80-923ae62dbd44,1761218707263839951,-0.072479,3.566742,-0.432968,0.000977,-0.640625,0.819336,-0.44405317188467447,-37.419586527214356,88.22681882425954,0.6791526079177856,-0.2277480959892273,-0.2259187251329422,0.6601842045783997
dd8daf80-3f76-49d1-8067-96d495c7e668,c9bcc43a-9701-4fce-ad80-923ae62dbd44,1761218707274515951,-0.43869,3.444672,-0.310898,-0.002441,-0.626953,0.819824,-0.4122435558091353,-37.42282535603729,88.29092440564764,0.6788393259048462,-0.22782427072525024,-0.22587628662586212,0.6604945659637451
dd8daf80-3f76-49d1-8067-96d495c7e668,c9bcc43a-9701-4fce-ad80-923ae62dbd44,1761218707285191951,-0.19455,3.627777,-0.310898,-0.009277,-0.610352,0.834473,-0.37808901117964006,-37.4204392570892,88.27693273994676,0.6789920926094055,-0.22803448140621185,-0.22563238441944122,0.6603484153747559
dd8daf80-3f76-49d1-8067-96d495c7e668,c9bcc43a-9701-4fce-ad80-923ae62dbd44,1761218707293182951,-0.135422,3.446579,-0.616074,-0.004883,-0.618164,0.82373,-0.32205513333242447,-37.414224184721284,88.30221102314992,0.6789692640304565,-0.2282707691192627,-0.22531495988368988,0.6603986024856567
dd8daf80-3f76-49d1-8067-96d495c7e668,c9bcc43a-9701-4fce-ad80-923ae62dbd44,1761218707301174951,-0.377655,2.95639,-0.616074,0.003418,-0.624512,0.832031,-0.298706109991271,-37.415599137224376,88.27657053797297,0.6791601181030273,-0.22846385836601257,-0.22513340413570404,0.6601974964141846
dd8daf80-3f76-49d1-8067-96d495c7e668,c9bcc43a-9701-4fce-ad80-923ae62dbd44,1761218707309166951,0.110626,3.078461,-0.921249,-0.005371,-0.619141,0.810547,-0.2735619739555532,-37.415371223449725,88.24184477949117,0.6794099807739258,-0.22867555916309357,-0.22491377592086792,0.6599418520927429
dd8daf80-3f76-49d1-8067-96d495c7e668,c9bcc43a-9701-4fce-ad80-923ae62dbd44,1761218707317158951,-0.255585,2.773285,-1.28746,-0.007324,-0.625977,0.820801,-0.2532343980411477,-37.419070057365836,88.20220305660168,0.6796706318855286,-0.22889232635498047,-0.2247353494167328,0.6596590876579285
dd8daf80-3f76-49d1-8067-96d495c7e668,c9bcc43a-9701-4fce-ad80-923ae62dbd44,1761218707327814951,-0.318527,3.202438,-1.470566,-0.005371,-0.626465,0.825195,-0.23423139664494058,-37.421147046281625,88.17362695958651,0.6798681616783142,-0.2290700525045395,-0.22457745671272278,0.6594476103782654
dd8daf80-3f76-49d1-8067-96d495c7e668,c9bcc43a-9701-4fce-ad80-923ae62dbd44,1761218707338470951,-0.19455,3.139496,-1.470566,-0.00293,-0.629395,0.82373,-0.21582343736103574,-37.42290876964513,88.16687692206243,0.6799395084381104,-0.22919967770576477,-0.22446486353874207,0.6593673229217529
dd8daf80-3f76-49d1-8067-96d495c7e668,c9bcc43a-9701-4fce-ad80-923ae62dbd44,1761218707349126951,-0.135422,2.714157,-1.653671,-0.015137,-0.601562,0.821777,-0.19513596988018525,-37.42115003632388,88.13422269762813,0.6801714301109314,-0.22937218844890594,-0.2242666482925415,0.6591355204582214
dd8daf80-3f76-49d1-8067-96d495c7e668,c9bcc43a-9701-4fce-ad80-923ae62dbd44,1761218707359809951,0.110626,2.773285,-1.653671,-0.008301,-0.62793,0.825195,-0.17575795214200418,-37.42192890395312,88.12554557940186,0.6802576780319214,-0.2295052409172058,-0.22413872182369232,0.6590437293052673
dd8daf80-3f76-49d1-8067-96d495c7e668,c9bcc43a-9701-4fce-ad80-923ae62dbd44,1761218707370495951,0.169754,2.04277,-1.958847,-0.015137,-0.618652,0.833008,-0.1593555903052944,-37.41656071468753,88.15727621893696,0.6801180839538574,-0.22950564324855804,-0.22407406568527222,0.6592096090316772
dd8daf80-3f76-49d1-8067-96d495c7e668,c9bcc43a-9701-4fce-ad80-923ae62dbd44,1761218707381181951,0.782013,2.590179,-1.714706,-0.009766,-0.631348,0.820801,-0.1457710676368707,-37.41346717001268,88.11287147433157,0.6804062724113464,-0.22965219616889954,-0.22388668358325958,0.6589247584342957
dd8daf80-3f76-49d1-8067-96d495c7e668,c9bcc43a-9701-4fce-ad80-923ae62dbd44,1761218707389185951,0.720978,2.590179,-1.531601,-0.005371,-0.631836,0.830566,-0.11951271370751045,-37.399808046787165,88.07153067572453,0.6807227730751038,-0.2298026829957962,-0.22356939315795898,0.6586530804634094
dd8daf80-3f76-49d1-8067-96d495c7e668,c9bcc43a-9701-4fce-ad80-923ae62dbd44,1761218707397192951,1.085281,2.531052,-1.409531,-0.01123,-0.625,0.825684,-0.10029067119803704,-37.38806505917091,88.06410789403294,0.6808266043663025,-0.22985781729221344,-0.22337286174297333,0.6585932374000549
dd8daf80-3f76-49d1-8067-96d495c7e668,c9bcc43a-9701-4fce-ad80-923ae62dbd44,1761218707405199951,1.512527,2.958298,-1.348495,-0.004883,-0.638672,0.828125,-0.07507969314540462,-37.372613135132674,88.05107470699735,0.6809817552566528,-0.22993622720241547,-0.22310815751552582,0.6584951877593994
dd8daf80-3f76-49d1-8067-96d495c7e668,c9bcc43a-9701-4fce-ad80-923ae62dbd44,1761218707413206951,1.57547,2.651215,-0.982285,-0.01123,-0.634277,0.822754,-0.053958736434972954,-37.358603268853635,88.05299152817415,0.6810400485992432,-0.22997057437896729,-0.22290600836277008,0.6584913730621338
dd8daf80-3f76-49d1-8067-96d495c7e668,c9bcc43a-9701-4fce-ad80-923ae62dbd44,1761218707424194951,1.57547,2.716064,-1.348495,-0.004395,-0.61377,0.821289,-0.03283271747491474,-37.342571867626454,88.05975511785425,0.6810745000839233,-0.22998353838920593,-0.22270192205905914,0.6585202217102051
dd8daf80-3f76-49d1-8067-96d495c7e668,c9bcc43a-9701-4fce-ad80-923ae62dbd44,1761218707435182951,1.817703,2.775192,-1.28746,-0.01123,-0.627441,0.815918,-0.012456565528492341,-37.32616670231048,88.07029372038912,0.6810864806175232,-0.2299826443195343,-0.22250770032405853,0.6585738062858582
dd8daf80-3f76-49d1-8067-96d495c7e668,c9bcc43a-9701-4fce-ad80-923ae62dbd44,1761218707446170951,1.817703,2.408981,-1.16539,-0.014648,-0.620605,0.810547,0.00835470833742798,-37.310657797598914,88.01681583527889,0.6814652681350708,-0.23011377453804016,-0.22218750417232513,0.6582441926002502
dd8daf80-3f76-49d1-8067-96d495c7e668,c9bcc43a-9701-4fce-ad80-923ae62dbd44,1761218707456508951,1.512527,2.408981,-0.799179,-0.015137,-0.628418,0.823242,0.02849150931732434,-37.293508625385336,87.98697923511607,0.6817100644111633,-0.23018525540828705,-0.221909299492836,0.6580595374107361
dd8daf80-3f76-49d1-8067-96d495c7e668,c9bcc43a-9701-4fce-ad80-923ae62dbd44,1761218707466847951,1.57547,2.162933,-0.860214,0.008789,-0.611816,0.811523,0.04340687439488179,-37.2766311536037,87.9975565945489,0.6817120313644409,-0.23015005886554718,-0.2217448651790619,0.6581252217292786
dd8daf80-3f76-49d1-8067-96d495c7e668,c9bcc43a-9701-4fce-ad80-923ae62dbd44,1761218707477186951,1.270294,2.410889,-0.677109,-0.018066,-0.614746,0.819336,0.06206002557239886,-37.263306303784994,87.99587710107467,0.681784451007843,-0.23018117249011993,-0.2215539664030075,0.6581036448478699
dd8daf80-3f76-49d1-8067-96d495c7e668,c9bcc43a-9701-4fce-ad80-923ae62dbd44,1761218707487854951,1.087189,2.101898,-0.677109,-0.016602,-0.626465,0.812988,0.1057855638501193,-37.24304079556859,87.95266393168957,0.682157576084137,-0.2303951382637024,-0.22109048068523407,0.6577979326248169
dd8daf80-3f76-49d1-8067-96d495c7e668,c9bcc43a-9701-4fce-ad80-923ae62dbd44,1761218707498522951,0.841141,1.9207,-0.616074,-0.006836,-0.628418,0.820801,0.12681420654700218,-37.23765354853364,87.9284473800529,0.6823478937149048,-0.2305305004119873,-0.22088563442230225,0.6576218605041504
dd8daf80-3f76-49d1-8067-96d495c7e668,c9bcc43a-9701-4fce-ad80-923ae62dbd44,1761218707509190951,0.841141,1.859665,-0.555038,-0.01123,-0.62207,0.830078,0.14367318068973856,-37.22743186617847,87.89728069495904,0.6825796365737915,-0.23062646389007568,-0.22066381573677063,0.6574221253395081
dd8daf80-3f76-49d1-8067-96d495c7e668,c9bcc43a-9701-4fce-ad80-923ae62dbd44,1761218707517196951,1.085281,1.554489,-0.921249,-0.009766,-0.619141,0.817383,0.15830547150950175,-37.21930522127371,87.87887882019658,0.6827296018600464,-0.23069743812084198,-0.22049294412136078,0.6572988629341125
dd8daf80-3f76-49d1-8067-96d495c7e668,c9bcc43a-9701-4fce-ad80-923ae62dbd44,1761218707525202951,1.024246,1.188278,-0.799179,-0.010742,-0.627441,0.827637,0.17119337297315185,-37.21123739413453,87.87920322366271,0.6827686429023743,-0.23072271049022675,-0.22037048637866974,0.657290518283844
dd8daf80-3f76-49d1-8067-96d495c7e668,c9bcc43a-9701-4fce-ad80-923ae62dbd44,1761218707533208951,0.78392,0.577927,-0.677109,-0.01123,-0.618652,0.825684,0.18033404623751284,-37.20081151484815,87.9047000605226,0.6826607584953308,-0.23066407442092896,-0.22030748426914215,0.6574442386627197
dd8daf80-3f76-49d1-8067-96d495c7e668,c9bcc43a-9701-4fce-ad80-923ae62dbd44,1761218707541214951,0.71907,0.699997,-0.616074,-0.005371,-0.632324,0.815918,0.17960273226847465,-37.20444849256328,87.92293867574352,0.6825474500656128,-0.23064643144607544,-0.22036944329738617,0.6575473546981812
dd8daf80-3f76-49d1-8067-96d495c7e668,c9bcc43a-9701-4fce-ad80-923ae62dbd44,1761218707551870951,1.087189,0.514984,-0.371933,-0.003418,-0.62207,0.827637,0.1860123306895349,-37.20203720937055,87.92701522474444,0.6825411915779114,-0.2306610345840454,-0.22032561898231506,0.6575633883476257
dd8daf80-3f76-49d1-8067-96d495c7e668,c9bcc43a-9701-4fce-ad80-923ae62dbd44,1761218707562526951,1.024246,0.577927,-0.616074,-0.001953,-0.618652,0.820801,0.1901244275479188,-37.19584422727434,87.9678165070573,0.6823272705078125,-0.23056933283805847,-0.22034765779972076,0.6578101515769958
dd8daf80-3f76-49d1-8067-96d495c7e668,c9bcc43a-9701-4fce-ad80-923ae62dbd44,1761218707573182951,0.535965,0.761032,-0.494003,-0.019531,-0.632812,0.830566,0.19500456938974695,-37.192738974175064,87.99240361635862,0.6822016835212708,-0.23053163290023804,-0.2203502207994461,0.6579526662826538
dd8daf80-3f76-49d1-8067-96d495c7e668,c9bcc43a-9701-4fce-ad80-923ae62dbd44,1761218707583845951,0.71907,0.699997,-0.738144,-0.002441,-0.620117,0.825195,0.1987563202158182,-37.18710527194722,87.96175805041493,0.6823960542678833,-0.23057857155799866,-0.22023384273052216,0.6577736139297485
dd8daf80-3f76-49d1-8067-96d495c7e668,c9bcc43a-9701-4fce-ad80-923ae62dbd44,1761218707594508951,0.78392,0.577927,-0.555038,-0.01123,-0.617188,0.825684,0.2072323918135357,-37.179152867108286,87.95015863073783,0.6824947595596313,-0.2306022047996521,-0.2201143205165863,0.6577029228210449
dd8daf80-3f76-49d1-8067-96d495c7e668,c9bcc43a-9701-4fce-ad80-923ae62dbd44,1761218707605171951,0.659943,0.453949,-0.555038,-0.016602,-0.625488,0.832519,0.21462431020959066,-37.17615271259324,87.94108612842356,0.6825670003890991,-0.23064419627189636,-0.22003479301929474,0.6576398611068726
dd8daf80-3f76-49d1-8067-96d495c7e668,c9bcc43a-9701-4fce-ad80-923ae62dbd44,1761218707615853951,0.965118,0.514984,-0.066757,-0.004883,-0.617188,0.828613,0.21785047133233945,-37.17306674068333,87.9263373024097,0.6826639771461487,-0.2306726574897766,-0.21996815502643585,0.6575515270233154
dd8daf80-3f76-49d1-8067-96d495c7e668,c9bcc43a-9701-4fce-ad80-923ae62dbd44,1761218707626536951,1.331329,0.453949,-0.005722,0.000977,-0.629395,0.832031,0.21745520006720798,-37.16970127160693,87.90498622145417,0.6827924251556396,-0.2306913584470749,-0.2199081927537918,0.6574316024780273
dd8daf80-3f76-49d1-8067-96d495c7e668,c9bcc43a-9701-4fce-ad80-923ae62dbd44,1761218707637219951,1.209259,0.026703,-0.066757,-0.01709,-0.621094,0.833008,0.22567487904511188,-37.16116507987073,87.96927376745403,0.6824562549591064,-0.23056435585021973,-0.21993955969810486,0.657814621925354
dd8daf80-3f76-49d1-8067-96d495c7e668,c9bcc43a-9701-4fce-ad80-923ae62dbd44,1761218707645214951,1.207352,0.394821,0.055313,-0.008301,-0.61084,0.834961,0.23570318472924626,-37.14593571298911,88.036773433412,0.6821181774139404,-0.23040182888507843,-0.21992804110050201,0.658225953578949
dd8daf80-3f76-49d1-8067-96d495c7e668,c9bcc43a-9701-4fce-ad80-923ae62dbd44,1761218707653209951,1.270294,0.331879,-0.005722,-0.008789,-0.625488,0.835938,0.2379571986685709,-37.14544283753847,88.04335212731685,0.6820856928825378,-0.2303992211818695,-0.21992501616477966,0.6582615375518799
dd8daf80-3f76-49d1-8067-96d495c7e668,c9bcc43a-9701-4fce-ad80-923ae62dbd44,1761218707661204951,1.209259,0.331879,-0.249863,-0.01416,-0.618164,0.837402,0.24367416390131075,-37.134172280093416,88.03308589119405,0.6821780204772949,-0.23038476705551147,-0.219805508852005,0.658210813999176
dd8daf80-3f76-49d1-8067-96d495c7e668,c9bcc43a-9701-4fce-ad80-923ae62dbd44,1761218707669199951,1.329422,0.394821,-0.249863,-0.009277,-0.618164,0.819336,0.24787184045176505,-37.119258696297585,87.99535911420064,0.6824323534965515,-0.23039253056049347,-0.21961888670921326,0.6580067276954651
dd8daf80-3f76-49d1-8067-96d495c7e668,c9bcc43a-9701-4fce-ad80-923ae62dbd44,1761218707679865951,1.207352,0.699997,-0.188828,0.005371,-0.621094,0.830566,0.24889833825667454,-37.10405402885025,87.95502061280507,0.6826961040496826,-0.23038527369499207,-0.21944424510002136,0.6577938795089722
dd8daf80-3f76-49d1-8067-96d495c7e668,c9bcc43a-9701-4fce-ad80-923ae62dbd44,1761218707690531951,1.329422,0.577927,-0.188828,-0.003418,-0.603027,0.822266,0.2560327616659794,-37.089192067076326,87.9216551852951,0.6829307675361633,-0.2304016500711441,-0.21924921870231628,0.6576095819473267
dd8daf80-3f76-49d1-8067-96d495c7e668,c9bcc43a-9701-4fce-ad80-923ae62dbd44,1761218707701197951,1.329422,0.089645,-0.188828,0.000977,-0.611328,0.829102,0.2573128139047637,-37.07868867847636,87.91822586074889,0.6829737424850464,-0.23035304248332977,-0.219174325466156,0.6576069593429565
dd8daf80-3f76-49d1-8067-96d495c7e668,c9bcc43a-9701-4fce-ad80-923ae62dbd44,1761218707711874951,1.512527,0.211716,-0.249863,0.000488,-0.612793,0.82666,0.25421172425487765,-37.063615487940744,87.91432324137958,0.6830201148986816,-0.23025301098823547,-0.21909832954406738,0.6576191186904907
dd8daf80-3f76-49d1-8067-96d495c7e668,c9bcc43a-9701-4fce-ad80-923ae62dbd44,1761218707722553951,1.392365,-0.213623,-0.310898,-0.01416,-0.61377,0.822754,0.25559722996353873,-37.051302373215485,87.91703607730727,0.6830316185951233,-0.2301824688911438,-0.21902474761009216,0.6576564311981201
dd8daf80-3f76-49d1-8067-96d495c7e668,c9bcc43a-9701-4fce-ad80-923ae62dbd44,1761218707733232951,1.207352,-0.21553,-0.555038,-0.01416,-0.603027,0.824707,0.2550758510854863,-37.0399814742883,87.96720525256477,0.6827650666236877,-0.23001620173454285,-0.21906350553035736,0.6579784154891968
dd8daf80-3f76-49d1-8067-96d495c7e668,c9bcc43a-9701-4fce-ad80-923ae62dbd44,1761218707741211951,1.390457,-0.581741,-0.188828,-0.015137,-0.609375,0.82373,0.2440316883559864,-37.01325032168145,87.98948114160946,0.6826689839363098,-0.22975118458271027,-0.21902024745941162,0.6581850051879883
dd8daf80-3f76-49d1-8067-96d495c7e668,c9bcc43a-9701-4fce-ad80-923ae62dbd44,1761218707749193951,1.331329,-0.522614,-0.432968,0.003418,-0.604004,0.828613,0.2418498347683615,-37.00114489759047,87.96839578990766,0.6828098893165588,-0.22970689833164215,-0.21892134845256805,0.6580872535705566
dd8daf80-3f76-49d1-8067-96d495c7e668,c9bcc43a-9701-4fce-ad80-923ae62dbd44,1761218707757175951,0.904083,-0.461578,-0.127792,0.0,-0.602051,0.825684,0.24114990808883532,-36.99526361660667,87.92692465432141,0.6830583214759827,-0.22974710166454315,-0.21880856156349182,0.657852828502655
dd8daf80-3f76-49d1-8067-96d495c7e668,c9bcc43a-9701-4fce-ad80-923ae62dbd44,1761218707765157951,1.146317,-0.21553,-0.127792,-0.006348,-0.599121,0.826172,0.24072414858362673,-36.98984853677568,87.92395848638645,0.6830852627754211,-0.22971807420253754,-0.21877402067184448,0.6578465104103088
dd8daf80-3f76-49d1-8067-96d495c7e668,c9bcc43a-9701-4fce-ad80-923ae62dbd44,1761218707775859951,1.087189,-0.213623,0.055313,-0.010742,-0.597168,0.812012,0.24217264913332592,-36.98576911117837,87.91973182028948,0.6831203699111938,-0.229710191488266,-0.21873345971107483,0.6578262448310852
dd8daf80-3f76-49d1-8067-96d495c7e668,c9bcc43a-9701-4fce-ad80-923ae62dbd44,1761218707786561951,0.598907,-0.034332,-0.005722,-0.014648,-0.621094,0.82666,0.24756658702617182,-36.98424547443426,87.90739963234343,0.6832044720649719,-0.22975561022758484,-0.21866782009601593,0.6577448844909668
dd8daf80-3f76-49d1-8067-96d495c7e668,c9bcc43a-9701-4fce-ad80-923ae62dbd44,1761218707797263951,1.087189,0.026703,0.177383,-0.01123,-0.596191,0.822266,0.24631705352585198,-36.97837284943865,87.93256857355475,0.6830692291259766,-0.22966544330120087,-0.21869195997714996,0.6579087972640991
dd8daf80-3f76-49d1-8067-96d495c7e668,c9bcc43a-9701-4fce-ad80-923ae62dbd44,1761218707807886951,0.415802,-0.213623,0.238419,-0.016113,-0.602539,0.818359,0.25049281505066673,-36.97542860340063,87.94653588008636,0.6830028295516968,-0.229645237326622,-0.21867813169956207,0.6579893827438354
dd8daf80-3f76-49d1-8067-96d495c7e668,c9bcc43a-9701-4fce-ad80-923ae62dbd44,1761218707818508951,0.230789,-0.276566,0.116348,-0.010254,-0.599609,0.818359,0.2541032261974893,-36.97203973537773,87.93188886759707,0.6831005215644836,-0.22967375814914703,-0.21860776841640472,0.6579013466835022
dd8daf80-3f76-49d1-8067-96d495c7e668,c9bcc43a-9701-4fce-ad80-923ae62dbd44,1761218707829130951,-0.133514,-0.339508,0.299454,0.0,-0.616699,0.830566,0.2509268941502506,-36.96858882118652,87.93652857498193,0.6830746531486511,-0.2296261042356491,-0.21861615777015686,0.6579421162605286
dd8daf80-3f76-49d1-8067-96d495c7e668,c9bcc43a-9701-4fce-ad80-923ae62dbd44,1761218707837171951,-0.135422,-0.154495,0.116348,0.000488,-0.608887,0.824707,0.25237591729697556,-36.96161501002119,87.96080549073716,0.682951807975769,-0.22954660654067993,-0.2186160534620285,0.6580973863601685
dd8daf80-3f76-49d1-8067-96d495c7e668,c9bcc43a-9701-4fce-ad80-923ae62dbd44,1761218707845215951,-0.318527,-0.398636,0.177383,0.003906,-0.619629,0.82666,0.24947534656225348,-36.95831146710936,87.94100963138793,0.6830664873123169,-0.22954805195331573,-0.21857468783855438,0.6579915881156921
dd8daf80-3f76-49d1-8067-96d495c7e668,c9bcc43a-9701-4fce-ad80-923ae62dbd44,1761218707853259951,-0.440598,-0.21553,-0.127792,-0.003906,-0.61377,0.839355,0.25068004940740035,-36.95165752799448,87.93487844204844,0.683117151260376,-0.2295270562171936,-0.21851696074008942,0.6579654812812805
dd8daf80-3f76-49d1-8067-96d495c7e668,c9bcc43a-9701-4fce-ad80-923ae62dbd44,1761218707869274951,-0.623703,-0.398636,-0.188828,-0.010254,-0.618164,0.842285,0.25068872636102696,-36.946932699764325,87.95539953687417,0.6830086708068848,-0.22945985198020935,-0.2185308337211609,0.6580969095230103
dd8daf80-3f76-49d1-8067-96d495c7e668,c9bcc43a-9701-4fce-ad80-923ae62dbd44,1761218707877246951,-0.133514,-0.339508,-0.555038,-0.006348,-0.614258,0.825195,0.2526811155692167,-36.942668692831084,87.96699358433452,0.6829543113708496,-0.22942382097244263,-0.21851764619350433,0.658170223236084
dd8daf80-3f76-49d1-8067-96d495c7e668,c9bcc43a-9701-4fce-ad80-923ae62dbd44,1761218707885218951,-0.43869,-0.522614,-0.310898,0.010742,-0.610352,0.824219,0.24647749932119417,-36.93795878598894,87.95427822458639,0.6830248236656189,-0.2293843775987625,-0.21850207448005676,0.6581160426139832
dd8daf80-3f76-49d1-8067-96d495c7e668,c9bcc43a-9701-4fce-ad80-923ae62dbd44,1761218707893190951,-0.072479,-0.339508,-0.310898,0.00293,-0.62207,0.825684,0.2444203918265218,-36.93553398122139,87.94818187406317,0.6830607056617737,-0.22936977446079254,-0.2184881865978241,0.6580884456634521
dd8daf80-3f76-49d1-8067-96d495c7e668,c9bcc43a-9701-4fce-ad80-923ae62dbd44,1761218707903867951,-0.377655,-0.339508,-0.371933,0.000488,-0.609375,0.826172,0.24448308204181757,-36.932038780434254,87.948212505517,0.6830675601959229,-0.2293492555618286,-0.21846777200698853,0.6580953001976013
dd8daf80-3f76-49d1-8067-96d495c7e668,c9bcc43a-9701-4fce-ad80-923ae62dbd44,1761218707914544951,-0.072479,-0.156403,-0.494003,0.010254,-0.616211,0.838867,0.2405586349762736,-36.92707400415505,87.93983802619049,0.6831179857254028,-0.22931315004825592,-0.21844585239887238,0.658062756061554
dd8daf80-3f76-49d1-8067-96d495c7e668,c9bcc43a-9701-4fce-ad80-923ae62dbd44,1761218707925221951,0.110626,-0.339508,-0.677109,-0.022461,-0.614258,0.837402,0.24646999428683034,-36.922028102007246,87.94650541746962,0.6831009387969971,-0.22930432856082916,-0.218394935131073,0.6581004858016968
dd8daf80-3f76-49d1-8067-96d495c7e668,c9bcc43a-9701-4fce-ad80-923ae62dbd44,1761218707935876951,-0.011444,-0.156403,-0.432968,0.012695,-0.615234,0.825684,0.24090447936254833,-36.91812746566976,87.93344227287436,0.6831730604171753,-0.22927403450012207,-0.21837954223155975,0.6580412983894348
dd8daf80-3f76-49d1-8067-96d495c7e668,c9bcc43a-9701-4fce-ad80-923ae62dbd44,1761218707946533951,0.110626,-0.396729,-0.432968,-0.019043,-0.603516,0.831055,0.24101914001936786,-36.91362161999116,87.90225855154772,0.6833612322807312,-0.22930730879306793,-0.2182905524969101,0.6578637361526489
dd8daf80-3f76-49d1-8067-96d495c7e668,c9bcc43a-9701-4fce-ad80-923ae62dbd44,1761218707957190951,-0.072479,-0.213623,-0.249863,-0.000488,-0.615723,0.814453,0.24324180172115503,-36.913786540955826,87.88616019277366,0.6834575533866882,-0.2293516993522644,-0.21824602782726288,0.6577630043029785
dd8daf80-3f76-49d1-8067-96d495c7e668,c9bcc43a-9701-4fce-ad80-923ae62dbd44,1761218707965180951,-0.680923,0.089645,-0.066757,-0.009766,-0.618652,0.825195,0.24663364279896943,-36.910903922073295,87.87324141448593,0.683543860912323,-0.2293786108493805,-0.21818336844444275,0.6576846837997437
dd8daf80-3f76-49d1-8067-96d495c7e668,c9bcc43a-9701-4fce-ad80-923ae62dbd44,1761218707973171951,-0.745773,0.089645,-0.310898,-0.010742,-0.62207,0.827148,0.24829978011650963,-36.90978414208293,87.86200797838859,0.6836137175559998,-0.22940286993980408,-0.2181445062160492,0.6576165556907654
dd8daf80-3f76-49d1-8067-96d495c7e668,c9bcc43a-9701-4fce-ad80-923ae62dbd44,1761218707981162951,-0.865936,-0.034332,-0.066757,0.002441,-0.609375,0.828613,0.24820138076594628,-36.90585488076523,87.83532448730796,0.6837744116783142,-0.229429692029953,-0.21806909143924713,0.6574651002883911
dd8daf80-3f76-49d1-8067-96d495c7e668,c9bcc43a-9701-4fce-ad80-923ae62dbd44,1761218707989153951,-1.050949,0.089645,-0.066757,-0.001465,-0.61377,0.820312,0.24602970136531813,-36.908152524017886,87.83739633677379,0.6837538480758667,-0.22942698001861572,-0.21809940040111542,0.6574773788452148
dd8daf80-3f76-49d1-8067-96d495c7e668,c9bcc43a-9701-4fce-ad80-923ae62dbd44,1761218708000011951,-1.111984,0.211716,-0.127792,0.000488,-0.620605,0.833008,0.24765983430521665,-36.90856112287211,87.88728629494611,0.683469831943512,-0.22934380173683167,-0.21819189190864563,0.6577709317207336
dd8daf80-3f76-49d1-8067-96d495c7e668,c9bcc43a-9701-4fce-ad80-923ae62dbd44,1761218708010869951,-1.171112,0.026703,0.299454,-0.016113,-0.608887,0.824707,0.2520812850971058,-36.90497368374217,87.8917220878716,0.6834598779678345,-0.2293393611907959,-0.21815377473831177,0.6577954888343811
dd8daf80-3f76-49d1-8067-96d495c7e668,c9bcc43a-9701-4fce-ad80-923ae62dbd44,1761218708021727951,-1.478195,0.150681,0.360489,0.003906,-0.604492,0.824219,0.2481253570647216,-36.90191342024832,87.88359273263094,0.6835050582885742,-0.2293139100074768,-0.2181435078382492,0.6577607989311218
dd8daf80-3f76-49d1-8067-96d495c7e668,c9bcc43a-9701-4fce-ad80-923ae62dbd44,1761218708032215951,-1.234055,0.089645,0.299454,-0.006836,-0.608887,0.8125,0.25034029405512465,-36.90299466139101,87.86956188723076,0.6835876703262329,-0.22935976088047028,-0.2181084305047989,0.6576706171035767
dd8daf80-3f76-49d1-8067-96d495c7e668,c9bcc43a-9701-4fce-ad80-923ae62dbd44,1761218708042704951,-1.354218,-0.034332,0.055313,-0.01123,-0.620605,0.82959,0.25340364180495245,-36.90327437216624,87.86151844627085,0.6836391091346741,-0.2293943166732788,-0.21807566285133362,0.6576159596443176
dd8daf80-3f76-49d1-8067-96d495c7e668,c9bcc43a-9701-4fce-ad80-923ae62dbd44,1761218708053193951,-1.29509,0.150681,0.177383,-0.00293,-0.62793,0.833008,0.25338223031589535,-36.90167994466329,87.84560736572789,0.6837335228919983,-0.22941498458385468,-0.2180347740650177,0.6575241088867188
dd8daf80-3f76-49d1-8067-96d495c7e668,c9bcc43a-9701-4fce-ad80-923ae62dbd44,1761218708063851951,-0.806808,0.272751,0.116348,0.004395,-0.60498,0.830566,0.24822050551600686,-36.89695680893482,87.84502420568894,0.6837363839149475,-0.22935833036899567,-0.21803726255893707,0.6575400829315186
dd8daf80-3f76-49d1-8067-96d495c7e668,c9bcc43a-9701-4fce-ad80-923ae62dbd44,1761218708074511951,-0.865936,0.331879,-0.188828,0.010742,-0.614746,0.825195,0.24270945012820616,-36.89276542583091,87.87165441770685,0.6835813522338867,-0.22925105690956116,-0.21809934079647064,0.6577180624008179
dd8daf80-3f76-49d1-8067-96d495c7e668,c9bcc43a-9701-4fce-ad80-923ae62dbd44,1761218708085171951,-0.865936,0.82016,-0.249863,0.000977,-0.602051,0.807617,0.24440196922702118,-36.890684209326146,87.8403927319749,0.683768093585968,-0.2293078452348709,-0.21801473200321198,0.6575322151184082
dd8daf80-3f76-49d1-8067-96d495c7e668,c9bcc43a-9701-4fce-ad80-923ae62dbd44,1761218708093178951,-1.110077,0.637054,-0.555038,-0.004395,-0.62207,0.82666,0.24961486773343333,-36.90282421817554,87.89350254277953,0.6834492087364197,-0.22930902242660522,-0.21815969049930573,0.657815158367157
dd8daf80-3f76-49d1-8067-96d495c7e668,c9bcc43a-9701-4fce-ad80-923ae62dbd44,1761218708101187951,-0.806808,0.394821,-0.005722,-0.002441,-0.619629,0.827637,0.2505415055096635,-36.906782517679794,87.91544422577724,0.6833171844482422,-0.22929611802101135,-0.21822082996368408,0.6579365730285645
dd8daf80-3f76-49d1-8067-96d495c7e668,c9bcc43a-9701-4fce-ad80-923ae62dbd44,1761218708109196951,-1.29509,0.822067,-0.432968,0.001953,-0.617188,0.830566,0.24879209078678405,-36.91059226748205,87.88191577957367,0.6834987998008728,-0.22937262058258057,-0.21818606555461884,0.6577327251434326
dd8daf80-3f76-49d1-8067-96d495c7e668,c9bcc43a-9701-4fce-ad80-923ae62dbd44,1761218708117205951,-0.623703,0.394821,-0.005722,-0.002441,-0.605957,0.824707,0.2492370622889258,-36.90716534300933,87.87763591961483,0.6835309863090515,-0.22936290502548218,-0.2181551456451416,0.6577129364013672
dd8daf80-3f76-49d1-8067-96d495c7e668,c9bcc43a-9701-4fce-ad80-923ae62dbd44,1761218708127860951,-1.111984,0.577927,0.177383,-0.008789,-0.616211,0.836426,0.2500473953391492,-36.90177772330265,87.88271936939718,0.6835139989852905,-0.2293257862329483,-0.21812951564788818,0.6577520370483398
dd8daf80-3f76-49d1-8067-96d495c7e668,c9bcc43a-9701-4fce-ad80-923ae62dbd44,1761218708138515951,-0.926971,0.453949,-0.249863,-0.019531,-0.620605,0.82666,0.2516749414150793,-36.90025964723485,87.8967195793454,0.6834397315979004,-0.2292994260787964,-0.21813909709453583,0.6578352451324463
dd8daf80-3f76-49d1-8067-96d495c7e668,c9bcc43a-9701-4fce-ad80-923ae62dbd44,1761218708149170951,-0.988007,0.453949,-0.127792,-0.004395,-0.633301,0.821289,0.24919109420070223,-36.901724257090365,87.89847533616033,0.6834220290184021,-0.22929055988788605,-0.21816584467887878,0.6578478217124939
dd8daf80-3f76-49d1-8067-96d495c7e668,c9bcc43a-9701-4fce-ad80-923ae62dbd44,1761218708157179951,-0.623703,1.066208,-0.249863,-0.000977,-0.611816,0.825195,0.2479069064124281,-36.900014803478335,87.93991086805984,0.6831850409507751,-0.22919411957263947,-0.21824656426906586,0.6581007242202759
dd8daf80-3f76-49d1-8067-96d495c7e668,c9bcc43a-9701-4fce-ad80-923ae62dbd44,1761218708165191951,-0.986099,1.188278,-0.371933,-0.008301,-0.618652,0.828613,0.24836619349708305,-36.900959046866916,88.04004474811978,0.6826087236404419,-0.22901155054569244,-0.2184494584798813,0.6586948037147522
dd8daf80-3f76-49d1-8067-96d495c7e668,c9bcc43a-9701-4fce-ad80-923ae62dbd44,1761218708173203951,-0.806808,0.822067,-0.127792,-0.001953,-0.616211,0.827148,0.2505458951524175,-36.90527280747897,88.09034475999199,0.6823151707649231,-0.22895382344722748,-0.2185618281364441,0.6589816808700562
dd8daf80-3f76-49d1-8067-96d495c7e668,c9bcc43a-9701-4fce-ad80-923ae62dbd44,1761218708189209951,-0.865936,0.637054,-0.188828,-0.008789,-0.625,0.81543,0.2647524659871413,-36.910784638382395,88.10147798771973,0.6822673678398132,-0.22904706001281738,-0.21853123605251312,0.6590089201927185
dd8daf80-3f76-49d1-8067-96d495c7e668,c9bcc43a-9701-4fce-ad80-923ae62dbd44,1761218708197204951,-1.232147,0.82016,-0.188828,0.001953,-0.623535,0.822754,0.2705603154775722,-36.91612205760255,88.1051700209689,0.6822466850280762,-0.229105144739151,-0.21853478252887726,0.6590089797973633
dd8daf80-3f76-49d1-8067-96d495c7e668,c9bcc43a-9701-4fce-ad80-923ae62dbd44,1761218708205199951,-0.986099,0.394821,-0.310898,0.000488,-0.617188,0.82666,0.27121684567780846,-36.915142470184435,88.07390057653768,0.6824296712875366,-0.22916273772716522,-0.21846270561218262,0.6588233113288879
dd8daf80-3f76-49d1-8067-96d495c7e668,c9bcc43a-9701-4fce-ad80-923ae62dbd44,1761218708213194951,-1.049042,0.274658,0.116348,-0.008789,-0.623535,0.833984,0.27212531084742875,-36.91303067994089,88.03790941064804,0.6826424598693848,-0.22922401130199432,-0.2183731496334076,0.6586111783981323
dd8daf80-3f76-49d1-8067-96d495c7e668,c9bcc43a-9701-4fce-ad80-923ae62dbd44,1761218708223900951,-0.986099,0.272751,-0.066757,-0.004883,-0.624512,0.834473,0.2707953940522714,-36.9121885102808,88.02321721053146,0.6827260255813599,-0.2292393445968628,-0.21834683418273926,0.6585279703140259
dd8daf80-3f76-49d1-8067-96d495c7e668,c9bcc43a-9701-4fce-ad80-923ae62dbd44,1761218708234606951,-0.623703,0.394821,-0.005722,-0.008301,-0.630371,0.820801,0.2739700512858539,-36.91350231326388,88.04433252103088,0.6826081275939941,-0.22922517359256744,-0.2183777242898941,0.6586448550224304
dd8daf80-3f76-49d1-8067-96d495c7e668,c9bcc43a-9701-4fce-ad80-923ae62dbd44,1761218708245312951,-0.499725,0.148773,-0.249863,-0.000977,-0.616211,0.808105,0.27251509504863625,-36.914881718973014,88.05635928951584,0.6825335025787354,-0.22920209169387817,-0.21841838955879211,0.6587167382240295
dd8daf80-3f76-49d1-8067-96d495c7e668,c9bcc43a-9701-4fce-ad80-923ae62dbd44,1761218708255932951,-0.499725,0.331879,-0.249863,-0.014648,-0.617676,0.825684,0.27436818060254803,-36.914142588350565,88.05949805026542,0.6825204491615295,-0.22920237481594086,-0.21840937435626984,0.6587331295013428
dd8daf80-3f76-49d1-8067-96d495c7e668,c9bcc43a-9701-4fce-ad80-923ae62dbd44,1761218708266553951,-0.743866,0.148773,-0.188828,-0.01416,-0.615234,0.820312,0.27872318630894394,-36.915391184260926,88.08502258624229,0.6823795437812805,-0.22918617725372314,-0.2184416800737381,0.6588740348815918
dd8daf80-3f76-49d1-8067-96d495c7e668,c9bcc43a-9701-4fce-ad80-923ae62dbd44,1761218708277174951,-0.56076,0.209808,0.177383,-0.003418,-0.621582,0.825684,0.27906693482789646,-36.91628015748077,88.10185218200446,0.6822816729545593,-0.2291613519191742,-0.21847841143608093,0.6589718461036682
dd8daf80-3f76-49d1-8067-96d495c7e668,c9bcc43a-9701-4fce-ad80-923ae62dbd44,1761218708287863951,-0.865936,0.274658,-0.066757,-0.016602,-0.625488,0.814941,0.2821763352398919,-36.92394197443557,88.0703060959552,0.6824538707733154,-0.22928492724895477,-0.2184409201145172,0.6587629318237305
dd8daf80-3f76-49d1-8067-96d495c7e668,c9bcc43a-9701-4fce-ad80-923ae62dbd44,1761218708298554951,-0.623703,0.394821,0.177383,-0.005371,-0.617188,0.833008,0.28327652656704955,-36.92180252681356,88.06294447728533,0.6825025081634521,-0.22929254174232483,-0.21840731799602509,0.6587210893630981
dd8daf80-3f76-49d1-8067-96d495c7e668,c9bcc43a-9701-4fce-ad80-923ae62dbd44,1761218708309245951,-0.621796,0.148773,-0.371933,-0.00293,-0.632324,0.830566,0.2834560143551964,-36.92464903503999,88.04821465764248,0.682581901550293,-0.22933858633041382,-0.21839316189289093,0.658627450466156
dd8daf80-3f76-49d1-8067-96d495c7e668,c9bcc43a-9701-4fce-ad80-923ae62dbd44,1761218708319894951,-0.928879,0.272751,-0.188828,0.003418,-0.609863,0.819336,0.28547148437227887,-36.92345385475396,88.03775040085154,0.682648241519928,-0.22936300933361053,-0.21835333108901978,0.6585633754730225
dd8daf80-3f76-49d1-8067-96d495c7e668,c9bcc43a-9701-4fce-ad80-923ae62dbd44,1761218708330542951,-0.743866,0.453949,-0.066757,-0.005371,-0.618164,0.828613,0.28746918099997254,-36.921677179648704,88.03211526452024,0.6826879382133484,-0.22937464714050293,-0.21831992268562317,0.6585292816162109
dd8daf80-3f76-49d1-8067-96d495c7e668,c9bcc43a-9701-4fce-ad80-923ae62dbd44,1761218708341190951,-0.682831,0.331879,0.055313,-0.004883,-0.615234,0.818848,0.28985672825142983,-36.922067447138645,88.04486569760614,0.6826184391975403,-0.22936640679836273,-0.21833346784114838,0.6585996747016907
dd8daf80-3f76-49d1-8067-96d495c7e668,c9bcc43a-9701-4fce-ad80-923ae62dbd44,1761218708349189951,-0.440598,0.272751,-0.005722,-0.008301,-0.603516,0.821777,0.2923757506133993,-36.92141661387322,88.002399806494,0.6828685402870178,-0.22945791482925415,-0.21822969615459442,0.6583428382873535
dd8daf80-3f76-49d1-8067-96d495c7e668,c9bcc43a-9701-4fce-ad80-923ae62dbd44,1761218708357189951,-0.745773,0.211716,-0.249863,-0.020996,-0.619629,0.82666,0.2975066151501333,-36.92051346679181,88.03676473090243,0.6826826333999634,-0.22941657900810242,-0.21826273202896118,0.6585390567779541
dd8daf80-3f76-49d1-8067-96d495c7e668,c9bcc43a-9701-4fce-ad80-923ae62dbd44,1761218708365189951,-0.806808,0.211716,0.116348,-0.00293,-0.617676,0.832031,0.2991132808318096,-36.91774361706121,88.0564796786241,0.6825778484344482,-0.22937175631523132,-0.21827667951583862,0.6586587429046631
dd8daf80-3f76-49d1-8067-96d495c7e668,c9bcc43a-9701-4fce-ad80-923ae62dbd44,1761218708373189951,-0.682831,0.331879,-0.127792,-0.019531,-0.619141,0.824707,0.30471396869803324,-36.91975583335334,88.04819784954209,0.6826321482658386,-0.22943170368671417,-0.21823832392692566,0.6585942506790161
dd8daf80-3f76-49d1-8067-96d495c7e668,c9bcc43a-9701-4fce-ad80-923ae62dbd44,1761218708383868951,-0.745773,0.089645,0.360489,-0.008789,-0.618164,0.831055,0.30736086480308805,-36.91768824277829,88.03486997296544,0.6827178597450256,-0.2294600009918213,-0.2181839644908905,0.6585135459899902
dd8daf80-3f76-49d1-8067-96d495c7e668,c9bcc43a-9701-4fce-ad80-923ae62dbd44,1761218708394547951,-0.497818,-0.09346,0.177383,-0.010742,-0.61084,0.833496,0.3130204764904054,-36.915853242784685,88.02035262475366,0.682815670967102,-0.22950924932956696,-0.2181106060743332,0.6584192514419556
dd8daf80-3f76-49d1-8067-96d495c7e668,c9bcc43a-9701-4fce-ad80-923ae62dbd44,1761218708405226951,-0.497818,0.272751,0.299454,-0.016602,-0.623047,0.818359,0.31707491696495554,-36.91755718538741,88.00292462073944,0.6829201579093933,-0.22957582771778107,-0.21806134283542633,0.6583040356636047
dd8daf80-3f76-49d1-8067-96d495c7e668,c9bcc43a-9701-4fce-ad80-923ae62dbd44,1761218708413223951,-0.318527,0.211716,0.543594,-0.008789,-0.626953,0.825684,0.32093273877051276,-36.92071651617035,87.98549895303636,0.6830213665962219,-0.22964994609355927,-0.21802161633968353,0.6581863164901733
dd8daf80-3f76-49d1-8067-96d495c7e668,c9bcc43a-9701-4fce-ad80-923ae62dbd44,1761218708421220951,-0.192642,0.089645,0.543594,-0.007324,-0.617188,0.822266,0.32056938127044154,-36.92500062061932,87.96601523751995,0.6831241250038147,-0.2297104299068451,-0.21800938248634338,0.6580625772476196
dd8daf80-3f76-49d1-8067-96d495c7e668,c9bcc43a-9701-4fce-ad80-923ae62dbd44,1761218708429217951,-0.440598,-0.09346,0.60463,-0.010254,-0.631348,0.836426,0.32282659108121553,-36.92918185615075,87.99456223672908,0.6829562187194824,-0.2296939343214035,-0.21807721257209778,0.6582201719284058
dd8daf80-3f76-49d1-8067-96d495c7e668,c9bcc43a-9701-4fce-ad80-923ae62dbd44,1761218708437214951,-0.255585,0.026703,0.421524,-0.001465,-0.626953,0.824219,0.32187770097189045,-36.92910184796689,88.00864624395454,0.6828736662864685,-0.22966119647026062,-0.21811063587665558,0.6583061814308167
dd8daf80-3f76-49d1-8067-96d495c7e668,c9bcc43a-9701-4fce-ad80-923ae62dbd44,1761218708447909951,-0.257492,-0.276566,0.055313,-0.00293,-0.621582,0.824707,0.31881909105674605,-36.92762835116957,87.99505425240287,0.6829488277435303,-0.229660764336586,-0.218093141913414,0.6582340598106384
dd8daf80-3f76-49d1-8067-96d495c7e668,c9bcc43a-9701-4fce-ad80-923ae62dbd44,1761218708458604951,0.110626,-0.461578,0.116348,-0.01709,-0.624512,0.841309,0.32173605019329926,-36.924965832701126,88.01249825987495,0.6828594207763672,-0.22962847352027893,-0.21809539198875427,0.6583373546600342
dd8daf80-3f76-49d1-8067-96d495c7e668,c9bcc43a-9701-4fce-ad80-923ae62dbd44,1761218708469299951,0.110626,-0.583649,-0.005722,-0.013672,-0.633789,0.829102,0.325428714006961,-36.926554201502235,88.07119911744937,0.6825259923934937,-0.229547381401062,-0.21820014715194702,0.6586766242980957
dd8daf80-3f76-49d1-8067-96d495c7e668,c9bcc43a-9701-4fce-ad80-923ae62dbd44,1761218708479915951,0.295639,-0.398636,-0.188828,-0.01416,-0.623047,0.826172,0.3311735378534481,-36.926189999923665,88.04171983249498,0.6827070713043213,-0.2296343445777893,-0.2181047648191452,0.6584902405738831
dd8daf80-3f76-49d1-8067-96d495c7e668,c9bcc43a-9701-4fce-ad80-923ae62dbd44,1761218708490532951,0.537872,-0.644684,0.299454,-0.005859,-0.621094,0.821777,0.3329431745771586,-36.9271984916406,88.01633685597821,0.6828542947769165,-0.22969882190227509,-0.21804915368556976,0.6583334803581238
dd8daf80-3f76-49d1-8067-96d495c7e668,c9bcc43a-9701-4fce-ad80-923ae62dbd44,1761218708501149951,0.782013,-1.132965,-0.310898,0.000977,-0.616211,0.828613,0.3254360453880699,-36.920780873853104,88.00204564884176,0.6829347610473633,-0.22964471578598022,-0.21802830696105957,0.6582757830619812
dd8daf80-3f76-49d1-8067-96d495c7e668,c9bcc43a-9701-4fce-ad80-923ae62dbd44,1761218708511952951,0.658035,-0.581741,-0.371933,-0.015137,-0.615723,0.836914,0.33067959160643945,-36.91848139820457,87.9776119635697,0.6830896139144897,-0.22970761358737946,-0.21793484687805176,0.6581241488456726
dd8daf80-3f76-49d1-8067-96d495c7e668,c9bcc43a-9701-4fce-ad80-923ae62dbd44,1761218708522753951,0.354767,-0.522614,-0.310898,0.002441,-0.619141,0.82373,0.3283702995920969,-36.919286005282416,87.92318226147495,0.6833961606025696,-0.22980265319347382,-0.21784411370754242,0.6578026413917542
dd8daf80-3f76-49d1-8067-96d495c7e668,c9bcc43a-9701-4fce-ad80-923ae62dbd44,1761218708533554951,0.782013,-0.701904,-0.249863,-0.007324,-0.60791,0.820801,0.32965756219782144,-36.91819562969345,87.91006875165374,0.6834760308265686,-0.22982847690582275,-0.21780386567115784,0.6577239632606506
dd8daf80-3f76-49d1-8067-96d495c7e668,c9bcc43a-9701-4fce-ad80-923ae62dbd44,1761218708544102951,0.598907,-0.644684,-0.310898,-0.006836,-0.603516,0.830078,0.3282942691429078,-36.909097830431975,87.96522203764926,0.683174729347229,-0.22966167330741882,-0.21787023544311523,0.6580731272697449
dd8daf80-3f76-49d1-8067-96d495c7e668,c9bcc43a-9701-4fce-ad80-923ae62dbd44,1761218708554651951,0.415802,-0.766754,0.055313,-0.004395,-0.616211,0.827637,0.32718812097054306,-36.90670060315308,87.97828836090369,0.6831023097038269,-0.2296162098646164,-0.2178892195224762,0.6581578850746155
dd8daf80-3f76-49d1-8067-96d495c7e668,c9bcc43a-9701-4fce-ad80-923ae62dbd44,1761218708565200951,0.658035,-0.276566,0.299454,-0.005859,-0.612305,0.824707,0.32661410722873707,-36.903833709008325,87.99937882796267,0.6829857230186462,-0.22955574095249176,-0.21791839599609375,0.6582903265953064
dd8daf80-3f76-49d1-8067-96d495c7e668,c9bcc43a-9701-4fce-ad80-923ae62dbd44,1761218708573222951,0.293732,-0.213623,0.543594,-0.025391,-0.612305,0.831055,0.3335922640952538,-36.9034349978043,87.96281657763785,0.6832097768783569,-0.2296629548072815,-0.21780124306678772,0.6580591797828674
dd8daf80-3f76-49d1-8067-96d495c7e668,c9bcc43a-9701-4fce-ad80-923ae62dbd44,1761218708581242951,-0.072479,-0.156403,0.482559,-0.007324,-0.618164,0.816895,0.3351115991356008,-36.903551505652786,87.92494203174029,0.6834298968315125,-0.2297443449497223,-0.21771693229675293,0.6578300595283508
dd8daf80-3f76-49d1-8067-96d495c7e668,c9bcc43a-9701-4fce-ad80-923ae62dbd44,1761218708589262951,-0.011444,0.026703,0.482559,0.001465,-0.617188,0.822266,0.3321226259730531,-36.90382217969888,87.8985225699388,0.6835753321647644,-0.22977899014949799,-0.217683345079422,0.657677948474884
dd8daf80-3f76-49d1-8067-96d495c7e668,c9bcc43a-9701-4fce-ad80-923ae62dbd44,1761218708597282951,-0.255585,-0.034332,0.360489,-0.012207,-0.617676,0.818359,0.3345690046349012,-36.90148574184759,87.89556544772687,0.6836015582084656,-0.22978472709655762,-0.21764938533306122,0.6576599478721619
dd8daf80-3f76-49d1-8067-96d495c7e668,c9bcc43a-9701-4fce-ad80-923ae62dbd44,1761218708607921951,-0.43869,0.453949,0.543594,-0.006348,-0.604492,0.818359,0.3307833040304001,-36.89742143434473,87.91696544322154,0.6834795475006104,-0.22969816625118256,-0.21769149601459503,0.6578029990196228
dd8daf80-3f76-49d1-8067-96d495c7e668,c9bcc43a-9701-4fce-ad80-923ae62dbd44,1761218708618560951,-0.623703,0.699997,0.177383,-0.004395,-0.606445,0.821777,0.3305941365292342,-36.897304313821984,87.9222695952458,0.6834489703178406,-0.22968630492687225,-0.21770258247852325,0.6578352451324463
dd8daf80-3f76-49d1-8067-96d495c7e668,c9bcc43a-9701-4fce-ad80-923ae62dbd44,1761218708629199951,-1.111984,0.699997,-0.188828,-0.006836,-0.607422,0.818359,0.33174438074968887,-36.89670209540827,87.95473790637149,0.6832659244537354,-0.22962763905525208,-0.21775732934474945,0.658027708530426
dd8daf80-3f76-49d1-8067-96d495c7e668,c9bcc43a-9701-4fce-ad80-923ae62dbd44,1761218708639850951,-1.478195,0.394821,-0.921249,-0.006348,-0.618652,0.824219,0.32551815412344093,-36.90996144143641,87.97518444775788,0.6831105351448059,-0.22963190078735352,-0.2179117202758789,0.6581364870071411
dd8daf80-3f76-49d1-8067-96d495c7e668,c9bcc43a-9701-4fce-ad80-923ae62dbd44,1761218708650500951,-1.234055,0.883102,-0.799179,-0.02002,-0.602539,0.828125,0.3291600396108571,-36.91854934184981,87.92843148471441,0.683368980884552,-0.22979283332824707,-0.21784569323062897,0.6578337550163269
dd8daf80-3f76-49d1-8067-96d495c7e668,c9bcc43a-9701-4fce-ad80-923ae62dbd44,1761218708661150951,-1.111984,0.577927,-1.226425,-0.001953,-0.628906,0.826172,0.3256311823413859,-36.93464976430277,87.88917084330978,0.6835558414459229,-0.22994308173656464,-0.21788057684898376,0.6575754880905151
dd8daf80-3f76-49d1-8067-96d495c7e668,c9bcc43a-9701-4fce-ad80-923ae62dbd44,1761218708669161951,-1.722336,0.272751,-1.348495,-0.003906,-0.611816,0.845215,0.3219426420469538,-36.943186128464276,87.85870743398831,0.6837067604064941,-0.23003065586090088,-0.21789051592350006,0.6573846936225891
dd8daf80-3f76-49d1-8067-96d495c7e668,c9bcc43a-9701-4fce-ad80-923ae62dbd44,1761218708677171951,-1.234055,0.089645,-1.409531,-0.011719,-0.623047,0.825684,0.31737519077748605,-36.95410680349131,87.83742934772977,0.6837985515594482,-0.23010998964309692,-0.21793781220912933,0.6572456955909729
dd8daf80-3f76-49d1-8067-96d495c7e668,c9bcc43a-9701-4fce-ad80-923ae62dbd44,1761218708685181951,-1.537323,0.026703,-1.28746,-0.026367,-0.615234,0.838867,0.31527139292921885,-36.96247132219832,87.81170034511601,0.6839255690574646,-0.23019665479660034,-0.21794675290584564,0.6570802927017212
dd8daf80-3f76-49d1-8067-96d495c7e668,c9bcc43a-9701-4fce-ad80-923ae62dbd44,1761218708693191951,-1.29509,0.089645,-0.677109,-0.007812,-0.625,0.822266,0.31115078912423333,-36.97337354239165,87.80056429265751,0.6839600205421448,-0.23025916516780853,-0.21801160275936127,0.6570010185241699
dd8daf80-3f76-49d1-8067-96d495c7e668,c9bcc43a-9701-4fce-ad80-923ae62dbd44,1761218708703844951,-1.354218,-0.095367,-0.616074,-0.024902,-0.627441,0.82373,0.3152308999393717,-36.9883996203462,87.82008177358847,0.6838261485099792,-0.23033495247364044,-0.2181127965450287,0.6570801734924316
dd8daf80-3f76-49d1-8067-96d495c7e668,c9bcc43a-9701-4fce-ad80-923ae62dbd44,1761218708714497951,-1.478195,-0.21553,-0.494003,-0.010742,-0.617676,0.830566,0.3164630762894047,-36.9917279013777,87.80232462587428,0.6839237213134766,-0.2303956300020218,-0.21808886528015137,0.6569653153419495
dd8daf80-3f76-49d1-8067-96d495c7e668,c9bcc43a-9701-4fce-ad80-923ae62dbd44,1761218708725150951,-1.478195,-0.398636,0.238419,-0.013184,-0.621582,0.817871,0.3204828132768419,-37.00076771225694,87.80521690945429,0.6838968992233276,-0.2304670512676239,-0.21812261641025543,0.6569569110870361
dd8daf80-3f76-49d1-8067-96d495c7e668,c9bcc43a-9701-4fce-ad80-923ae62dbd44,1761218708735824951,-1.478195,-0.154495,0.482559,-0.009766,-0.628906,0.817871,0.3282021968442196,-37.03115911040923,87.87615118806805,0.6834446787834167,-0.23055718839168549,-0.21839387714862823,0.6573057174682617
dd8daf80-3f76-49d1-8067-96d495c7e668,c9bcc43a-9701-4fce-ad80-923ae62dbd44,1761218708746498951,-1.41716,-0.459671,0.665665,-0.008789,-0.60791,0.827637,0.33516319748026757,-37.039507887822246,87.89123220879613,0.683354914188385,-0.23061807453632355,-0.21843069791793823,0.6573654413223267
dd8daf80-3f76-49d1-8067-96d495c7e668,c9bcc43a-9701-4fce-ad80-923ae62dbd44,1761218708757172951,-1.354218,-0.522614,0.909805,-0.016602,-0.625977,0.831543,0.33870546982076377,-37.05197530318708,87.87842302768448,0.6834104657173157,-0.23073701560497284,-0.2184554487466812,0.6572577357292175
dd8daf80-3f76-49d1-8067-96d495c7e668,c9bcc43a-9701-4fce-ad80-923ae62dbd44,1761218708767870951,-1.478195,-0.520706,1.153946,-0.015625,-0.625,0.823242,0.34305408080733685,-37.064481512790856,87.88058132933381,0.6833816170692444,-0.2308322936296463,-0.21850574016571045,0.6572375297546387
dd8daf80-3f76-49d1-8067-96d495c7e668,c9bcc43a-9701-4fce-ad80-923ae62dbd44,1761218708778570951,-1.29509,-0.825882,1.153946,-0.001465,-0.637695,0.822266,0.3464199492592488,-37.07868007764671,87.90403506897391,0.6832253932952881,-0.2308913618326187,-0.21861453354358673,0.6573430299758911
dd8daf80-3f76-49d1-8067-96d495c7e668,c9bcc43a-9701-4fce-ad80-923ae62dbd44,1761218708789270951,-1.478195,-0.947952,0.84877,-0.004883,-0.621094,0.832519,0.34479749273833316,-37.086849775942504,87.91320582048805,0.683153510093689,-0.2309131622314453,-0.21868965029716492,0.6573851108551025
dd8daf80-3f76-49d1-8067-96d495c7e668,c9bcc43a-9701-4fce-ad80-923ae62dbd44,1761218708797260951,-1.537323,-0.701904,0.421524,-0.000488,-0.624512,0.831055,0.33578638865396787,-37.10994064511738,87.9242581581218,0.6830271482467651,-0.23097775876522064,-0.21889838576316833,0.6574242115020752
dd8daf80-3f76-49d1-8067-96d495c7e668,c9bcc43a-9701-4fce-ad80-923ae62dbd44,1761218708805248951,-1.171112,-0.827789,0.421524,0.008789,-0.611816,0.822266,0.3249960210203293,-37.11857762176301,87.92177332316804,0.6830036640167236,-0.23097197711467743,-0.21900734305381775,0.6574143767356873
dd8daf80-3f76-49d1-8067-96d495c7e668,c9bcc43a-9701-4fce-ad80-923ae62dbd44,1761218708813236951,-1.111984,-0.947952,-0.066757,-0.004395,-0.617676,0.822754,0.31640645380800303,-37.122965082501814,87.8982550637363,0.6831134557723999,-0.23099374771118164,-0.21903635561466217,0.6572830080986023
dd8daf80-3f76-49d1-8067-96d495c7e668,c9bcc43a-9701-4fce-ad80-923ae62dbd44,1761218708821224951,-1.111984,-1.192093,0.116348,0.006348,-0.631348,0.817871,0.30426383486112085,-37.127921015280194,87.9364416934755,0.682861328125,-0.23088055849075317,-0.21921417117118835,0.6575254201889038
dd8daf80-3f76-49d1-8067-96d495c7e668,c9bcc43a-9701-4fce-ad80-923ae62dbd44,1761218708829227951,-1.111984,-0.764847,-0.005722,-0.006348,-0.606934,0.816406,0.29943446968485643,-37.13312531273182,87.96620585037901,0.6826709508895874,-0.23082683980464935,-0.21933282911777496,0.6577023863792419
dd8daf80-3f76-49d1-8067-96d495c7e668,c9bcc43a-9701-4fce-ad80-923ae62dbd44,1761218708837230951,-1.598358,-0.827789,-0.494003,0.00293,-0.610352,0.828613,0.28729214775622264,-37.14416056990661,87.963998641264,0.6826384663581848,-0.23082701861858368,-0.21946416795253754,0.6576921939849854
dd8daf80-3f76-49d1-8067-96d495c7e668,c9bcc43a-9701-4fce-ad80-923ae62dbd44,1761218708845233951,-1.41716,-0.703812,-0.738144,-0.01123,-0.618652,0.824219,0.2770862512287751,-37.15547497760306,87.94697592107543,0.682694137096405,-0.23086833953857422,-0.21955572068691254,0.6575893759727478
dd8daf80-3f76-49d1-8067-96d495c7e668,c9bcc43a-9701-4fce-ad80-923ae62dbd44,1761218708853236951,-1.41716,-0.703812,-0.616074,-0.009277,-0.618652,0.822754,0.2648124021116307,-37.16494782024014,87.92395129270727,0.6827839016914368,-0.2308983951807022,-0.21963690221309662,0.657458484172821
dd8daf80-3f76-49d1-8067-96d495c7e668,c9bcc43a-9701-4fce-ad80-923ae62dbd44,1761218708863876951,-1.598358,-1.010895,-0.494003,-0.006836,-0.616699,0.822754,0.2515192269059279,-37.17437021129817,87.89786213049987,0.6828893423080444,-0.2309282124042511,-0.21971768140792847,0.6573114991188049
dd8daf80-3f76-49d1-8067-96d495c7e668,c9bcc43a-9701-4fce-ad80-923ae62dbd44,1761218708874516951,-1.354218,-0.88501,-0.188828,0.002441,-0.61377,0.817383,0.2426872537980586,-37.18753840468605,87.88306422254757,0.6829310655593872,-0.23098431527614594,-0.21981613337993622,0.6572154760360718
dd8daf80-3f76-49d1-8067-96d495c7e668,c9bcc43a-9701-4fce-ad80-923ae62dbd44,1761218708885156951,-1.722336,-0.581741,-0.188828,0.000488,-0.60791,0.823242,0.23519438270555204,-37.197313284341774,87.87649737057839,0.6829348802566528,-0.23101212084293365,-0.21990369260311127,0.657172441482544
dd8daf80-3f76-49d1-8067-96d495c7e668,c9bcc43a-9701-4fce-ad80-923ae62dbd44,1761218708893202951,-1.478195,-0.398636,-0.310898,-0.007324,-0.614746,0.820312,0.23228753388290363,-37.207942719308676,87.93421867338884,0.6825770139694214,-0.23094786703586578,-0.22009842097759247,0.6575015783309937
dd8daf80-3f76-49d1-8067-96d495c7e668,c9bcc43a-9701-4fce-ad80-923ae62dbd44,1761218708901248951,-1.415253,-0.034332,-0.005722,0.0,-0.62793,0.808594,0.23077175663172633,-37.22415443821772,87.96995134325014,0.6823367476463318,-0.2309669405221939,-0.22027263045310974,0.6576858758926392
dd8daf80-3f76-49d1-8067-96d495c7e668,c9bcc43a-9701-4fce-ad80-923ae62dbd44,1761218708909294951,-1.657486,0.394821,-0.249863,-0.019043,-0.633301,0.823242,0.23868935968497842,-37.23989741413438,87.9628788728423,0.6823611855506897,-0.23111960291862488,-0.22030170261859894,0.6575971245765686
dd8daf80-3f76-49d1-8067-96d495c7e668,c9bcc43a-9701-4fce-ad80-923ae62dbd44,1761218708917340951,-1.903534,0.453949,-0.188828,-0.001953,-0.623535,0.809082,0.23963212551467677,-37.26097869629271,87.99007325330452,0.6821649074554443,-0.2311980277299881,-0.22047211229801178,0.6577161550521851
dd8daf80-3f76-49d1-8067-96d495c7e668,c9bcc43a-9701-4fce-ad80-923ae62dbd44,1761218708928010951,-1.720428,0.69809,-0.249863,-0.007812,-0.628906,0.832031,0.24711725158368064,-37.27626815776939,88.00698154022899,0.6820517778396606,-0.23129934072494507,-0.2205495685338974,0.65777188539505
dd8daf80-3f76-49d1-8067-96d495c7e668,c9bcc43a-9701-4fce-ad80-923ae62dbd44,1761218708938680951,-1.537323,0.392914,-0.188828,-0.010742,-0.626465,0.828125,0.247758640449902,-37.289939226252876,87.9921866072771,0.6821106672286987,-0.23141276836395264,-0.22059446573257446,0.6576558351516724
dd8daf80-3f76-49d1-8067-96d495c7e668,c9bcc43a-9701-4fce-ad80-923ae62dbd44,1761218708949350951,-2.025604,0.453949,-0.249863,0.001953,-0.632812,0.817383,0.24415488638475086,-37.306819712763996,87.97190630529842,0.6821864247322083,-0.23153148591518402,-0.22067196667194366,0.657509446144104
dd8daf80-3f76-49d1-8067-96d495c7e668,c9bcc43a-9701-4fce-ad80-923ae62dbd44,1761218708959954951,-1.232147,0.026703,-0.616074,-0.01416,-0.630371,0.82373,0.24808164198632301,-37.32061720419865,87.95643443411527,0.682255208492279,-0.23166583478450775,-0.2206965982913971,0.6573824882507324
dd8daf80-3f76-49d1-8067-96d495c7e668,c9bcc43a-9701-4fce-ad80-923ae62dbd44,1761218708970561951,-1.111984,0.089645,-0.249863,0.001465,-0.62793,0.816895,0.24676050568937344,-37.322779613019094,87.93201372648913,0.682388424873352,-0.23171815276145935,-0.2206675112247467,0.6572355031967163
dd8daf80-3f76-49d1-8067-96d495c7e668,c9bcc43a-9701-4fce-ad80-923ae62dbd44,1761218708981168951,-0.440598,0.272751,-0.371933,-0.009766,-0.627441,0.830566,0.24881300810872692,-37.323981497840286,87.91138330167169,0.6825082898139954,-0.23177678883075714,-0.22062046825885773,0.6571061611175537
dd8daf80-3f76-49d1-8067-96d495c7e668,c9bcc43a-9701-4fce-ad80-923ae62dbd44,1761218708991844951,-0.562668,0.089645,-0.371933,-0.007324,-0.640625,0.817871,0.25463379419611976,-37.332902936620535,87.9441533662099,0.6823137402534485,-0.2318001091480255,-0.2207033336162567,0.6572721600532532
dd8daf80-3f76-49d1-8067-96d495c7e668,c9bcc43a-9701-4fce-ad80-923ae62dbd44,1761218709002518951,-0.19455,-0.034332,-0.616074,-0.014648,-0.625,0.821777,0.2573114883158601,-37.33416672652118,87.96651606849719,0.682188093662262,-0.23177991807460785,-0.22073988616466522,0.6573973894119263
dd8daf80-3f76-49d1-8067-96d495c7e668,c9bcc43a-9701-4fce-ad80-923ae62dbd44,1761218709013192951,0.047684,-0.459671,-0.127792,-0.011719,-0.633789,0.809082,0.26328215074108047,-37.33514909178447,87.93512387113931,0.6823776960372925,-0.23188047111034393,-0.220646470785141,0.6571964621543884
dd8daf80-3f76-49d1-8067-96d495c7e668,c9bcc43a-9701-4fce-ad80-923ae62dbd44,1761218709021190951,-0.072479,-0.461578,0.238419,-0.029785,-0.633301,0.816895,0.27281318889694867,-37.33859765447331,87.9059495014538,0.6825564503669739,-0.23201178014278412,-0.22055046260356903,0.6569967269897461
dd8daf80-3f76-49d1-8067-96d495c7e668,c9bcc43a-9701-4fce-ad80-923ae62dbd44,1761218709029188951,0.230789,-0.581741,0.543594,-0.000977,-0.619629,0.823242,0.2758564553583887,-37.33796231273291,87.8759372957344,0.6827356219291687,-0.23208321630954742,-0.22046791017055511,0.6568129658699036
dd8daf80-3f76-49d1-8067-96d495c7e668,c9bcc43a-9701-4fce-ad80-923ae62dbd44,1761218709037186951,0.169754,-0.337601,0.97084,-0.009277,-0.636719,0.829102,0.28137453830101994,-37.33647650820786,87.87118367357569,0.6827764511108398,-0.23211514949798584,-0.2204168736934662,0.6567763686180115
dd8daf80-3f76-49d1-8067-96d495c7e668,c9bcc43a-9701-4fce-ad80-923ae62dbd44,1761218709045184951,1.146317,-0.520706,1.276016,-0.009277,-0.631348,0.822266,0.28582284321573626,-37.33939639887856,87.85797215485086,0.6828548908233643,-0.23218341171741486,-0.22038036584854126,0.6566829681396484
dd8daf80-3f76-49d1-8067-96d495c7e668,c9bcc43a-9701-4fce-ad80-923ae62dbd44,1761218709055854951,1.270294,-0.88501,1.581192,-0.006348,-0.632812,0.829102,0.28896674509828524,-37.3300176825877,87.83953702274265,0.6829853057861328,-0.23218107223510742,-0.22027043998241425,0.6565850377082825
dd8daf80-3f76-49d1-8067-96d495c7e668,c9bcc43a-9701-4fce-ad80-923ae62dbd44,1761218709066524951,1.087189,-0.827789,1.642227,0.000977,-0.625488,0.835449,0.29250203926917756,-37.31848215861315,87.87209621341553,0.6828285455703735,-0.23207011818885803,-0.22024910151958466,0.6567944288253784
dd8daf80-3f76-49d1-8067-96d495c7e668,c9bcc43a-9701-4fce-ad80-923ae62dbd44,1761218709077194951,1.514435,-0.827789,1.398087,-0.000977,-0.632812,0.828125,0.29961563425684967,-37.30705163116482,87.90530621491223,0.6826746463775635,-0.23197907209396362,-0.2202083170413971,0.6570002436637878
dd8daf80-3f76-49d1-8067-96d495c7e668,c9bcc43a-9701-4fce-ad80-923ae62dbd44,1761218709087858951,1.69754,-0.827789,1.886368,-0.007812,-0.624512,0.824707,0.30894621282756873,-37.27803408313777,87.96035806933821,0.6824346780776978,-0.23175430297851562,-0.2200974076986313,0.6573658585548401
dd8daf80-3f76-49d1-8067-96d495c7e668,c9bcc43a-9701-4fce-ad80-923ae62dbd44,1761218709098524951,1.758575,-0.644684,1.947403,-0.002441,-0.627441,0.821289,0.31106772742371885,-37.262161368852986,88.025385188573,0.6820971965789795,-0.23154720664024353,-0.2201249748468399,0.6577798128128052
dd8daf80-3f76-49d1-8067-96d495c7e668,c9bcc43a-9701-4fce-ad80-923ae62dbd44,1761218709109190951,2.061844,-0.581741,1.947403,-0.009766,-0.609863,0.824707,0.322210867987682,-37.24145996047909,88.03093629003025,0.6821278929710388,-0.2314775288105011,-0.21995079517364502,0.6578307151794434
dd8daf80-3f76-49d1-8067-96d495c7e668,c9bcc43a-9701-4fce-ad80-923ae62dbd44,1761218709119838951,2.063751,-0.213623,1.764297,-0.00293,-0.616699,0.825684,0.3282816768873262,-37.218009824099866,88.0320176167268,0.6821799278259277,-0.2313709557056427,-0.21978195011615753,0.6578707098960876
dd8daf80-3f76-49d1-8067-96d495c7e668,c9bcc43a-9701-4fce-ad80-923ae62dbd44,1761218709130486951,1.817703,-0.09346,1.825333,-0.004883,-0.606445,0.820312,0.3377574758447063,-37.19663650736748,88.04217790978477,0.6821821928024292,-0.2312788963317871,-0.21962308883666992,0.6579537391662598
dd8daf80-3f76-49d1-8067-96d495c7e668,c9bcc43a-9701-4fce-ad80-923ae62dbd44,1761218709141134951,2.246857,-0.461578,1.153946,-0.001953,-0.625488,0.820801,0.3432818144910681,-37.18029613197415,88.05136920532492,0.682172417640686,-0.23119589686393738,-0.21951472759246826,0.6580292582511902
dd8daf80-3f76-49d1-8067-96d495c7e668,c9bcc43a-9701-4fce-ad80-923ae62dbd44,1761218709149150951,2.246857,0.091553,0.909805,-0.001953,-0.618164,0.822266,0.3452235437303612,-37.14060042576806,88.0785409905152,0.6820987462997437,-0.23091918230056763,-0.21932949125766754,0.6582645177841187
dd8daf80-3f76-49d1-8067-96d495c7e668,c9bcc43a-9701-4fce-ad80-923ae62dbd44,1761218709157166951,2.183914,0.516891,0.7267,0.005371,-0.618164,0.82959,0.35009265169354953,-37.115995969384315,88.08748952040264,0.6821053624153137,-0.2307838797569275,-0.21917688846588135,0.6583558917045593
dd8daf80-3f76-49d1-8067-96d495c7e668,c9bcc43a-9701-4fce-ad80-923ae62dbd44,1761218709165182951,2.305984,0.699997,0.238419,-0.005859,-0.631348,0.828125,0.35359139296036285,-37.096661366511945,88.08486427385267,0.6821653842926025,-0.23069413006305695,-0.2190394550561905,0.6583709120750427
dd8daf80-3f76-49d1-8067-96d495c7e668,c9bcc43a-9701-4fce-ad80-923ae62dbd44,1761218709173198951,2.552032,1.125336,-0.432968,0.007324,-0.615234,0.822754,0.35191427426321475,-37.075510907998364,88.07447805316701,0.6822636723518372,-0.23057866096496582,-0.21890676021575928,0.6583536863327026
dd8daf80-3f76-49d1-8067-96d495c7e668,c9bcc43a-9701-4fce-ad80-923ae62dbd44,1761218709183865951,2.307892,1.125336,-1.04332,0.00293,-0.619629,0.827148,0.3562116343568468,-37.05229812237573,88.06183408827224,0.6823903918266296,-0.2304895669221878,-0.21872209012508392,0.6583148837089539
dd8daf80-3f76-49d1-8067-96d495c7e668,c9bcc43a-9701-4fce-ad80-923ae62dbd44,1761218709194532951,2.185822,1.308441,-1.653671,0.0,-0.616211,0.827637,0.3529649262775342,-37.03329360180786,88.04469233336215,0.6825202107429504,-0.23039066791534424,-0.21859754621982574,0.6582562923431396
dd8daf80-3f76-49d1-8067-96d495c7e668,c9bcc43a-9701-4fce-ad80-923ae62dbd44,1761218709205199951,2.126694,1.249313,-2.019882,-0.000977,-0.630371,0.816406,0.3512676911744361,-37.0188671843222,88.02257606593949,0.6826725006103516,-0.23033732175827026,-0.2184801548719406,0.6581560373306274
dd8daf80-3f76-49d1-8067-96d495c7e668,c9bcc43a-9701-4fce-ad80-923ae62dbd44,1761218709213329951,1.634598,1.005173,-2.93541,-0.003418,-0.625977,0.822266,0.3410113035369772,-37.00324282407993,87.99702034551026,0.6828305721282959,-0.23023425042629242,-0.2183999866247177,0.6580546498298645
dd8daf80-3f76-49d1-8067-96d495c7e668,c9bcc43a-9701-4fce-ad80-923ae62dbd44,1761218709221460951,1.512527,0.394821,-3.17955,-0.01123,-0.619629,0.825195,0.3332384711939043,-36.99156621220008,87.97375234799911,0.6829724311828613,-0.23016449809074402,-0.21833238005638123,0.6579542756080627
dd8daf80-3f76-49d1-8067-96d495c7e668,c9bcc43a-9701-4fce-ad80-923ae62dbd44,1761218709229591951,1.329422,-0.09346,-3.17955,-0.036621,-0.625977,0.819824,0.3279685227732754,-36.980542544648486,87.95968419493987,0.6830649375915527,-0.23009544610977173,-0.2182721197605133,0.6579024195671082
dd8daf80-3f76-49d1-8067-96d495c7e668,c9bcc43a-9701-4fce-ad80-923ae62dbd44,1761218709237722951,1.024246,-0.21553,-3.05748,-0.040039,-0.617676,0.804687,0.32386017729782446,-36.97149487261125,87.95429092176964,0.6831059455871582,-0.23002830147743225,-0.21823373436927795,0.6578960418701172
dd8daf80-3f76-49d1-8067-96d495c7e668,c9bcc43a-9701-4fce-ad80-923ae62dbd44,1761218709248224951,1.026154,-0.522614,-2.752304,-0.036621,-0.633789,0.834473,0.3164676702561299,-36.961328556695356,87.90172439865826,0.6834136843681335,-0.23002544045448303,-0.21811382472515106,0.6576171517372131
dd8daf80-3f76-49d1-8067-96d495c7e668,c9bcc43a-9701-4fce-ad80-923ae62dbd44,1761218709258726951,1.146317,-1.680374,-2.447128,-0.03125,-0.615234,0.828613,0.30890783368432184,-36.95140110335706,87.87992896089548,0.6835439801216125,-0.2299644500017166,-0.21805809438228607,0.6575214862823486
dd8daf80-3f76-49d1-8067-96d495c7e668,c9bcc43a-9701-4fce-ad80-923ae62dbd44,1761218709269228951,0.841141,-1.802444,-1.714706,-0.034668,-0.60498,0.821289,0.2980782381232231,-36.93836940830388,87.9088661746686,0.683383047580719,-0.22976961731910706,-0.21810580790042877,0.6577410697937012
dd8daf80-3f76-49d1-8067-96d495c7e668,c9bcc43a-9701-4fce-ad80-923ae62dbd44,1761218709279945951,1.087189,-2.597809,-0.921249,-0.045898,-0.609375,0.848144,0.2825277494603457,-36.90924219797745,87.9015416773434,0.6834530234336853,-0.22952085733413696,-0.2180163860321045,0.6577848792076111
dd8daf80-3f76-49d1-8067-96d495c7e668,c9bcc43a-9701-4fce-ad80-923ae62dbd44,1761218709290663951,1.270294,-3.269196,-0.066757,-0.040039,-0.624512,0.834961,0.27630494784556436,-36.89426698748404,87.9422503434174,0.6832370162010193,-0.2293185144662857,-0.21804887056350708,0.6580690145492554
dd8daf80-3f76-49d1-8067-96d495c7e668,c9bcc43a-9701-4fce-ad80-923ae62dbd44,1761218709301381951,1.817703,-3.755569,1.031876,-0.031738,-0.62793,0.84375,0.26345382529092326,-36.87637933965356,87.97502975089982,0.683059573173523,-0.2290758490562439,-0.21808813512325287,0.658324658870697
dd8daf80-3f76-49d1-8067-96d495c7e668,c9bcc43a-9701-4fce-ad80-923ae62dbd44,1761218709311988951,2.614975,-4.671097,2.252579,-0.025391,-0.620117,0.851074,0.24642576595313734,-36.84870964390942,87.99211360980584,0.6829835772514343,-0.2287808060646057,-0.21806453168392181,0.6585139036178589
dd8daf80-3f76-49d1-8067-96d495c7e668,c9bcc43a-9701-4fce-ad80-923ae62dbd44,1761218709322596951,3.040314,-5.222321,2.923965,-0.02002,-0.618652,0.839355,0.23067646533161112,-36.819534788120805,88.00062976385877,0.68296217918396,-0.22850044071674347,-0.21800747513771057,0.6586523056030273
dd8daf80-3f76-49d1-8067-96d495c7e668,c9bcc43a-9701-4fce-ad80-923ae62dbd44,1761218709333204951,3.46756,-5.588531,3.290176,-0.035645,-0.625,0.834473,0.22085804285820596,-36.7924856438874,88.02979219454842,0.6828291416168213,-0.22822752594947815,-0.2179683893918991,0.6588977575302124
dd8daf80-3f76-49d1-8067-96d495c7e668,c9bcc43a-9701-4fce-ad80-923ae62dbd44,1761218709341195951,4.137039,-5.76973,3.412247,-0.010254,-0.615234,0.840332,0.1803557707233184,-36.72044041121802,88.0946276928488,0.6825209259986877,-0.22744250297546387,-0.21792364120483398,0.6595030426979065
dd8daf80-3f76-49d1-8067-96d495c7e668,c9bcc43a-9701-4fce-ad80-923ae62dbd44,1761218709349185951,3.648758,-5.220413,3.717422,0.005371,-0.614258,0.824219,0.1560999558963566,-36.685339000868396,88.13864960992856,0.6822903752326965,-0.22701029479503632,-0.21795310080051422,0.6598806977272034
dd8daf80-3f76-49d1-8067-96d495c7e668,c9bcc43a-9701-4fce-ad80-923ae62dbd44,1761218709357175951,4.014969,-5.159378,3.534317,-0.000488,-0.627441,0.841797,0.1337142323363092,-36.64903186498939,88.22392977530754,0.6818277835845947,-0.2265031635761261,-0.21804574131965637,0.6605021953582764
dd8daf80-3f76-49d1-8067-96d495c7e668,c9bcc43a-9701-4fce-ad80-923ae62dbd44,1761218709365165951,4.137039,-5.159378,3.229141,0.003418,-0.61084,0.820312,0.1070754617200843,-36.61098568232742,88.27149522106566,0.6815775036811829,-0.22603288292884827,-0.21807861328125,0.6609106063842773
dd8daf80-3f76-49d1-8067-96d495c7e668,c9bcc43a-9701-4fce-ad80-923ae62dbd44,1761218709375832951,4.014969,-4.976273,2.985001,0.01709,-0.617676,0.824219,0.07612650902184218,-36.58030606038137,88.26497073563118,0.6816164255142212,-0.22568437457084656,-0.2180727869272232,0.6609915494918823
dd8daf80-3f76-49d1-8067-96d495c7e668,c9bcc43a-9701-4fce-ad80-923ae62dbd44,1761218709386499951,3.831863,-4.671097,2.86293,0.004395,-0.611816,0.818359,0.0454257491187508,-36.54764046834089,88.28211827900076,0.6815231442451477,-0.22528041899204254,-0.21810060739517212,0.6612162590026855
dd8daf80-3f76-49d1-8067-96d495c7e668,c9bcc43a-9701-4fce-ad80-923ae62dbd44,1761218709397166951,3.7117,-4.550934,2.679825,0.009766,-0.615723,0.836914,0.013915161528645258,-36.513578287619815,88.3030366129751,0.6814092397689819,-0.2248562127351761,-0.21813246607780457,0.6614674925804138
dd8daf80-3f76-49d1-8067-96d495c7e668,c9bcc43a-9701-4fce-ad80-923ae62dbd44,1761218709407885951,4.016876,-4.611969,2.130508,0.01416,-0.606445,0.831055,-0.015743544920344073,-36.481166067214296,88.32328071592153,0.6812994480133057,-0.22445370256900787,-0.21816137433052063,0.6617077589035034
dd8daf80-3f76-49d1-8067-96d495c7e668,c9bcc43a-9701-4fce-ad80-923ae62dbd44,1761218709418606951,4.016876,-4.245758,1.703262,0.01416,-0.599609,0.82666,-0.04116176590672977,-36.44579876817979,88.33625473993153,0.6812454462051392,-0.2240719348192215,-0.21813365817070007,0.6619017720222473
dd8daf80-3f76-49d1-8067-96d495c7e668,c9bcc43a-9701-4fce-ad80-923ae62dbd44,1761218709429327951,3.770828,-3.694534,1.825333,0.003418,-0.60791,0.836426,-0.06844648343308309,-36.411967400773214,88.36795316986674,0.6810766458511353,-0.22365276515483856,-0.21816237270832062,0.6622077822685242
dd8daf80-3f76-49d1-8067-96d495c7e668,c9bcc43a-9701-4fce-ad80-923ae62dbd44,1761218709437308951,4.079819,-3.389359,1.825333,0.008789,-0.606934,0.846191,-0.11025785178263314,-36.33816902112293,88.4915118757339,0.6804268956184387,-0.22273707389831543,-0.21822486817836761,0.6631630659103394
dd8daf80-3f76-49d1-8067-96d495c7e668,c9bcc43a-9701-4fce-ad80-923ae62dbd44,1761218709445290951,3.894806,-2.902985,1.214981,0.018066,-0.603516,0.822754,-0.13690693283941058,-36.30195469001854,88.51042931211585,0.6803374290466309,-0.22233162820339203,-0.218210369348526,0.6633956432342529
dd8daf80-3f76-49d1-8067-96d495c7e668,c9bcc43a-9701-4fce-ad80-923ae62dbd44,1761218709453272951,3.896713,-2.534866,1.337051,0.006836,-0.612793,0.835938,-0.1562147875910221,-36.26449645266712,88.55099099503661,0.6801389455795288,-0.22192005813121796,-0.2181868851184845,0.6637445688247681
dd8daf80-3f76-49d1-8067-96d495c7e668,c9bcc43a-9701-4fce-ad80-923ae62dbd44,1761218709461254951,3.953934,-2.412796,1.214981,-0.000977,-0.603027,0.843262,-0.1718239164669013,-36.22867127783594,88.57414541664372,0.6800450086593628,-0.22157274186611176,-0.21811698377132416,0.6639797687530518
dd8daf80-3f76-49d1-8067-96d495c7e668,c9bcc43a-9701-4fce-ad80-923ae62dbd44,1761218709471911951,3.648758,-2.10762,1.031876,-0.006836,-0.610352,0.838867,-0.18291969600364386,-36.195436040486975,88.56915979496821,0.6801176071166992,-0.2213204950094223,-0.21798081696033478,0.6640342473983765
dd8daf80-3f76-49d1-8067-96d495c7e668,c9bcc43a-9701-4fce-ad80-923ae62dbd44,1761218709482568951,3.223419,-2.166748,0.7267,0.012695,-0.594727,0.832031,-0.20008192842092157,-36.16379847245584,88.54646121608981,0.6802781820297241,-0.22107622027397156,-0.21785575151443481,0.663992166519165
dd8daf80-3f76-49d1-8067-96d495c7e668,c9bcc43a-9701-4fce-ad80-923ae62dbd44,1761218709493225951,3.34549,-1.804352,0.787735,-0.00293,-0.59375,0.839844,-0.21109009031367393,-36.13096642654046,88.52946350574378,0.6804197430610657,-0.22084958851337433,-0.21769832074642181,0.6639741659164429
dd8daf80-3f76-49d1-8067-96d495c7e668,c9bcc43a-9701-4fce-ad80-923ae62dbd44,1761218709503871951,2.918243,-1.438141,0.665665,0.007324,-0.607422,0.839844,-0.22211522160595992,-36.09964485672815,88.51685665968367,0.6805328726768494,-0.2206234186887741,-0.21755824983119965,0.6639793515205383
dd8daf80-3f76-49d1-8067-96d495c7e668,c9bcc43a-9701-4fce-ad80-923ae62dbd44,1761218709514519951,3.040314,-1.316071,0.665665,0.010254,-0.598145,0.834473,-0.23378168340895894,-36.07010830283919,88.51671709530602,0.680569052696228,-0.22038045525550842,-0.21745634078979492,0.6640563011169434
dd8daf80-3f76-49d1-8067-96d495c7e668,c9bcc43a-9701-4fce-ad80-923ae62dbd44,1761218709525167951,2.674103,-1.132965,0.543594,0.008789,-0.590332,0.830566,-0.2468742877389834,-36.041396736568615,88.53410484079554,0.6804993152618408,-0.22010083496570587,-0.21740134060382843,0.6642385125160217
dd8daf80-3f76-49d1-8067-96d495c7e668,c9bcc43a-9701-4fce-ad80-923ae62dbd44,1761218709535836951,2.183914,-1.070023,0.360489,0.009766,-0.600586,0.831055,-0.27325611498924285,-35.99095440152611,88.51880232735124,0.6806361079216003,-0.2196769267320633,-0.2172366976737976,0.6642925143241882
dd8daf80-3f76-49d1-8067-96d495c7e668,c9bcc43a-9701-4fce-ad80-923ae62dbd44,1761218709546507951,2.305984,-1.192093,-0.066757,0.013672,-0.605469,0.838867,-0.29219195269786613,-35.968461268846944,88.46703312320147,0.68094402551651,-0.21953144669532776,-0.21711982786655426,0.6640632152557373
dd8daf80-3f76-49d1-8067-96d495c7e668,c9bcc43a-9701-4fce-ad80-923ae62dbd44,1761218709557178951,2.246857,-1.373291,-0.555038,0.003906,-0.597168,0.839844,-0.310491427432883,-35.946610792888364,88.43747638882017,0.6811231374740601,-0.21935132145881653,-0.2170455902814865,0.6639633178710938
dd8daf80-3f76-49d1-8067-96d495c7e668,c9bcc43a-9701-4fce-ad80-923ae62dbd44,1761218709567841951,2.183914,-0.947952,-0.799179,0.01709,-0.606445,0.837891,-0.32907866531467,-35.92532978866054,88.39165354264101,0.6813948154449463,-0.21920368075370789,-0.2169453501701355,0.6637660264968872
dd8daf80-3f76-49d1-8067-96d495c7e668,c9bcc43a-9701-4fce-ad80-923ae62dbd44,1761218709578507951,1.878738,-0.764847,-1.348495,0.016602,-0.585938,0.831543,-0.34777046349287616,-35.90370680965118,88.32302918811895,0.6817989349365234,-0.21909646689891815,-0.21680031716823578,0.6634337306022644
dd8daf80-3f76-49d1-8067-96d495c7e668,c9bcc43a-9701-4fce-ad80-923ae62dbd44,1761218709589173951,1.941681,-0.827789,-1.470566,0.014648,-0.604492,0.819336,-0.3669653771633278,-35.890030018355844,88.26149880294118,0.6821454167366028,-0.21902018785476685,-0.216717928647995,0.6631296277046204
dd8daf80-3f76-49d1-8067-96d495c7e668,c9bcc43a-9701-4fce-ad80-923ae62dbd44,1761218709597158951,1.270294,-0.644684,-1.653671,0.006836,-0.587402,0.837891,-0.40392642908036275,-35.84825519685524,88.21624917484318,0.6824187636375427,-0.21864262223243713,-0.2166104018688202,0.6630080938339233
dd8daf80-3f76-49d1-8067-96d495c7e668,c9bcc43a-9701-4fce-ad80-923ae62dbd44,1761218709605146951,1.57547,-1.190186,-1.714706,0.005371,-0.59668,0.834961,-0.4265959728360934,-35.831646230714554,88.19915979854191,0.6825071573257446,-0.2184446156024933,-0.21661695837974548,0.6629802584648132
dd8daf80-3f76-49d1-8067-96d495c7e668,c9bcc43a-9701-4fce-ad80-923ae62dbd44,1761218709613134951,1.57547,-1.132965,-1.592636,-0.012695,-0.586914,0.832519,-0.4405689070822052,-35.81242986974375,88.15417811913258,0.6827784180641174,-0.21833406388759613,-0.2165035903453827,0.6627743244171143
dd8daf80-3f76-49d1-8067-96d495c7e668,c9bcc43a-9701-4fce-ad80-923ae62dbd44,1761218709621122951,1.390457,-0.886917,-1.531601,0.01123,-0.588867,0.836914,-0.4607195777427407,-35.79759241163893,88.15024778498477,0.6827920079231262,-0.21813632547855377,-0.21653057634830475,0.66281658411026
dd8daf80-3f76-49d1-8067-96d495c7e668,c9bcc43a-9701-4fce-ad80-923ae62dbd44,1761218709629182951,1.209259,-1.010895,-0.982285,0.008789,-0.589844,0.831055,-0.47755652558790035,-35.7847178683965,88.13917507567211,0.6828493475914001,-0.2179829329252243,-0.2165355682373047,0.6628063917160034
dd8daf80-3f76-49d1-8067-96d495c7e668,c9bcc43a-9701-4fce-ad80-923ae62dbd44,1761218709637242951,1.329422,-0.825882,-1.16539,0.026855,-0.597168,0.833008,-0.49756779780889404,-35.77179664225554,88.10127430590391,0.6830559372901917,-0.217861607670784,-0.21650823950767517,0.6626423001289368
dd8daf80-3f76-49d1-8067-96d495c7e668,c9bcc43a-9701-4fce-ad80-923ae62dbd44,1761218709645302951,1.329422,-0.703812,-0.799179,-0.004883,-0.584961,0.833008,-0.5025449467636325,-35.75875840641013,88.08640082590148,0.6831579804420471,-0.21778298914432526,-0.21643446385860443,0.66258704662323
dd8daf80-3f76-49d1-8067-96d495c7e668,c9bcc43a-9701-4fce-ad80-923ae62dbd44,1761218709653362951,0.782013,-0.278473,-0.860214,0.003906,-0.597656,0.847656,-0.5043338716372133,-35.75326888705861,88.09768773795462,0.6831000447273254,-0.21771851181983948,-0.21643492579460144,0.6626678109169006
dd8daf80-3f76-49d1-8067-96d495c7e668,c9bcc43a-9701-4fce-ad80-923ae62dbd44,1761218709663975951,0.598907,-0.213623,-0.921249,0.0,-0.602539,0.84668,-0.501009691326163,-35.75100476952169,88.09081710063784,0.6831504702568054,-0.21773716807365417,-0.216389000415802,0.662624716758728
dd8daf80-3f76-49d1-8067-96d495c7e668,c9bcc43a-9701-4fce-ad80-923ae62dbd44,1761218709674588951,0.293732,-0.156403,-0.860214,0.005371,-0.609863,0.825684,-0.49923886292597636,-35.75495447050645,88.07534202450583,0.6832355856895447,-0.21780025959014893,-0.2163718044757843,0.6625217795372009
dd8daf80-3f76-49d1-8067-96d495c7e668,c9bcc43a-9701-4fce-ad80-923ae62dbd44,1761218709685201951,0.476837,-0.156403,-0.249863,-0.00293,-0.587402,0.832031,-0.4953568308228342,-35.75332659582968,88.0539816104054,0.6833695769309998,-0.21785326302051544,-0.2162986695766449,0.6623901128768921
dd8daf80-3f76-49d1-8067-96d495c7e668,c9bcc43a-9701-4fce-ad80-923ae62dbd44,1761218709693201951,0.415802,-0.461578,0.055313,0.003906,-0.597656,0.818848,-0.4930854148180799,-35.753075638970046,88.05747843937728,0.6833541393280029,-0.21785831451416016,-0.21629032492637634,0.6624070405960083
dd8daf80-3f76-49d1-8067-96d495c7e668,c9bcc43a-9701-4fce-ad80-923ae62dbd44,1761218709701201951,-0.072479,-0.644684,0.299454,0.008789,-0.586914,0.84082,-0.4896340486629679,-35.74543826361871,88.04729282038072,0.6834344267845154,-0.21785181760787964,-0.216206356883049,0.6623537540435791
dd8daf80-3f76-49d1-8067-96d495c7e668,c9bcc43a-9701-4fce-ad80-923ae62dbd44,1761218709709201951,-0.133514,-0.522614,0.482559,0.01123,-0.594727,0.834473,-0.4891080853281447,-35.745197831511106,88.01015835300537,0.6836504936218262,-0.21792347729206085,-0.21613122522830963,0.662131667137146
dd8daf80-3f76-49d1-8067-96d495c7e668,c9bcc43a-9701-4fce-ad80-923ae62dbd44,1761218709717201951,-0.377655,-0.766754,0.482559,0.01709,-0.602539,0.839355,-0.49519547851802914,-35.744950338234595,87.99988863331525,0.683698832988739,-0.217906191945076,-0.2161465883255005,0.6620824337005615
dd8daf80-3f76-49d1-8067-96d495c7e668,c9bcc43a-9701-4fce-ad80-923ae62dbd44,1761218709727851951,-0.745773,-0.581741,0.238419,-0.006348,-0.605469,0.828613,-0.4904401122024621,-35.747784692839154,88.04131892809987,0.6834628582000732,-0.21787245571613312,-0.21621333062648773,0.6623153686523438
dd8daf80-3f76-49d1-8067-96d495c7e668,c9bcc43a-9701-4fce-ad80-923ae62dbd44,1761218709738501951,-0.865936,-0.396729,0.665665,0.005859,-0.595215,0.829102,-0.49092064199348723,-35.74637937133232,88.03059109356319,0.6835266947746277,-0.21788151562213898,-0.21618770062923431,0.6622548699378967
dd8daf80-3f76-49d1-8067-96d495c7e668,c9bcc43a-9701-4fce-ad80-923ae62dbd44,1761218709749151951,-0.440598,-0.398636,0.7267,0.002441,-0.603027,0.834961,-0.4875089232541992,-35.74826002431515,88.01627908805136,0.6836121678352356,-0.21793949604034424,-0.21615096926689148,0.6621595025062561
dd8daf80-3f76-49d1-8067-96d495c7e668,c9bcc43a-9701-4fce-ad80-923ae62dbd44,1761218709759808951,-0.56076,-0.278473,0.7267,0.008789,-0.60498,0.828125,-0.4897234397545045,-35.74721662258639,87.9993932300502,0.683707594871521,-0.21795228123664856,-0.21612605452537537,0.6620649695396423
dd8daf80-3f76-49d1-8067-96d495c7e668,c9bcc43a-9701-4fce-ad80-923ae62dbd44,1761218709770464951,-0.745773,-0.21553,0.543594,-0.000488,-0.609375,0.831543,-0.4887811876215362,-35.7495987686878,87.9546186121181,0.6839633584022522,-0.21805642545223236,-0.2160489708185196,0.6617915630340576
dd8daf80-3f76-49d1-8067-96d495c7e668,c9bcc43a-9701-4fce-ad80-923ae62dbd44,1761218709781120951,-0.682831,-0.034332,0.299454,0.009766,-0.605469,0.838867,-0.490172080325774,-35.74979568598946,87.91708136236926,0.6841771006584167,-0.21812035143375397,-0.215986967086792,0.6615697145462036
dd8daf80-3f76-49d1-8067-96d495c7e668,c9bcc43a-9701-4fce-ad80-923ae62dbd44,1761218709791799951,-0.497818,-0.398636,0.238419,0.00293,-0.597656,0.842773,-0.4931784444044528,-35.74770693216635,87.8870692365992,0.6843487620353699,-0.21814702451229095,-0.21593576669692993,0.6614001393318176
dd8daf80-3f76-49d1-8067-96d495c7e668,c9bcc43a-9701-4fce-ad80-923ae62dbd44,1761218709802479951,-0.135422,-0.276566,0.177383,0.005371,-0.598633,0.840332,-0.49439260415984776,-35.74919676927001,87.88636474926234,0.6843476295471191,-0.2181502729654312,-0.21595025062561035,0.6613954901695251
dd8daf80-3f76-49d1-8067-96d495c7e668,c9bcc43a-9701-4fce-ad80-923ae62dbd44,1761218709813159951,-0.072479,-0.213623,0.177383,0.00293,-0.60791,0.837891,-0.4941522871267125,-35.74872644152166,87.88985540683835,0.6843288540840149,-0.21814225614070892,-0.21595275402069092,0.66141676902771
dd8daf80-3f76-49d1-8067-96d495c7e668,c9bcc43a-9701-4fce-ad80-923ae62dbd44,1761218709821156951,0.110626,0.026703,-0.494003,0.004883,-0.593262,0.84082,-0.49130690447129305,-35.74509764072876,87.91926016622348,0.6841715574264526,-0.2180815488100052,-0.21597084403038025,0.6615935564041138
dd8daf80-3f76-49d1-8067-96d495c7e668,c9bcc43a-9701-4fce-ad80-923ae62dbd44,1761218709829156951,-0.135422,-0.398636,-0.432968,-0.000977,-0.604004,0.839355,-0.4894016859803461,-35.74273131735632,87.99610228317886,0.6837359666824341,-0.2179335206747055,-0.2160920351743698,0.6620529294013977
dd8daf80-3f76-49d1-8067-96d495c7e668,c9bcc43a-9701-4fce-ad80-923ae62dbd44,1761218709837156951,0.598907,0.091553,-0.494003,0.001465,-0.605957,0.845215,-0.4870053429208622,-35.74454716310653,87.98663493865274,0.6837916374206543,-0.21797607839107513,-0.21607019007205963,0.6619885563850403
dd8daf80-3f76-49d1-8067-96d495c7e668,c9bcc43a-9701-4fce-ad80-923ae62dbd44,1761218709845156951,0.598907,0.026703,-0.371933,0.001465,-0.609375,0.839844,-0.4848990088169672,-35.74427742423904,87.95762238612973,0.6839637160301208,-0.218041330575943,-0.21600086987018585,0.661811888217926
dd8daf80-3f76-49d1-8067-96d495c7e668,c9bcc43a-9701-4fce-ad80-923ae62dbd44,1761218709855816951,0.658035,-0.154495,-0.555038,0.008301,-0.598145,0.839355,-0.4829714555977841,-35.742608408842635,87.91681407498785,0.6842062473297119,-0.21811936795711517,-0.21590209007263184,0.6615676879882812
dd8daf80-3f76-49d1-8067-96d495c7e668,c9bcc43a-9701-4fce-ad80-923ae62dbd44,1761218709866476951,0.354767,-0.339508,-0.677109,0.004883,-0.600098,0.84082,-0.48178429115132837,-35.739274384987894,87.8904087317889,0.6843674182891846,-0.21815602481365204,-0.21582554280757904,0.6614137887954712
dd8daf80-3f76-49d1-8067-96d495c7e668,c9bcc43a-9701-4fce-ad80-923ae62dbd44,1761218709877136951,0.413895,-0.09346,-0.310898,0.000977,-0.610352,0.837891,-0.47763063858663424,-35.73971481058385,87.88755680810387,0.6843908429145813,-0.21818798780441284,-0.21579784154891968,0.661388099193573
dd8daf80-3f76-49d1-8067-96d495c7e668,c9bcc43a-9701-4fce-ad80-923ae62dbd44,1761218709887891951,0.537872,-0.034332,-0.188828,-0.002441,-0.593262,0.833984,-0.4692651636118376,-35.7322598800543,87.87122176525499,0.6845154166221619,-0.21822237968444824,-0.21567386388778687,0.6612882614135742
dd8daf80-3f76-49d1-8067-96d495c7e668,c9bcc43a-9701-4fce-ad80-923ae62dbd44,1761218709898647951,0.658035,-0.459671,-0.249863,0.009277,-0.601562,0.840332,-0.47054150430221275,-35.73233305081722,87.87047101543384,0.6845172047615051,-0.21821685135364532,-0.21568048000335693,0.6612861156463623
dd8daf80-3f76-49d1-8067-96d495c7e668,c9bcc43a-9701-4fce-ad80-923ae62dbd44,1761218709909403951,0.720978,-0.156403,-0.005722,-0.007324,-0.595215,0.839844,-0.46583052496596056,-35.731608480724965,87.8428427279203,0.6846868991851807,-0.21829171478748322,-0.215595543384552,0.6611133217811584
dd8daf80-3f76-49d1-8067-96d495c7e668,c9bcc43a-9701-4fce-ad80-923ae62dbd44,1761218709917461951,0.782013,0.026703,0.543594,-0.002441,-0.583984,0.837891,-0.4645344133814553,-35.725980834159614,87.82131232059359,0.684824526309967,-0.21830596029758453,-0.2155144065618515,0.6609925627708435
dd8daf80-3f76-49d1-8067-96d495c7e668,c9bcc43a-9701-4fce-ad80-923ae62dbd44,1761218709925518951,0.904083,-0.213623,0.60463,-0.000488,-0.599121,0.835449,-0.4613295830212766,-35.72636717777161,87.82677299074493,0.6847983002662659,-0.21831649541854858,-0.2155078798532486,0.6610183715820312
dd8daf80-3f76-49d1-8067-96d495c7e668,c9bcc43a-9701-4fce-ad80-923ae62dbd44,1761218709933575951,1.087189,-0.156403,0.665665,-0.008301,-0.587402,0.847656,-0.45885350135239006,-35.72197366770434,87.81465161439128,0.6848814487457275,-0.21832723915576935,-0.21544471383094788,0.6609492897987366
dd8daf80-3f76-49d1-8067-96d495c7e668,c9bcc43a-9701-4fce-ad80-923ae62dbd44,1761218709941632951,0.904083,-0.339508,0.482559,0.001953,-0.604004,0.850098,-0.4581098338493776,-35.71879839525725,87.77550415923409,0.6851148009300232,-0.21838609874248505,-0.21534740924835205,0.660719633102417
dd8daf80-3f76-49d1-8067-96d495c7e668,c9bcc43a-9701-4fce-ad80-923ae62dbd44,1761218709952157951,0.71907,-0.581741,0.60463,0.004883,-0.598145,0.84082,-0.4572717361309784,-35.71691888521706,87.77372584619286,0.6851302981376648,-0.21838299930095673,-0.21532820165157318,0.660710871219635
dd8daf80-3f76-49d1-8067-96d495c7e668,c9bcc43a-9701-4fce-ad80-923ae62dbd44,1761218709962682951,0.535965,-0.581741,0.482559,0.007813,-0.600098,0.839844,-0.45903375359501486,-35.71487312862586,87.77382340899985,0.6851304173469543,-0.21836039423942566,-0.2153271585702896,0.660718560218811
dd8daf80-3f76-49d1-8067-96d495c7e668,c9bcc43a-9701-4fce-ad80-923ae62dbd44,1761218709973207951,0.537872,-1.010895,0.482559,0.02002,-0.603516,0.831055,-0.46379916938027776,-35.71422676108943,87.77011147382831,0.6851441264152527,-0.21833601593971252,-0.2153448611497879,0.660706639289856
dd8daf80-3f76-49d1-8067-96d495c7e668,c9bcc43a-9701-4fce-ad80-923ae62dbd44,1761218709983892951,0.476837,-0.644684,0.482559,0.006348,-0.598145,0.829102,-0.46407472058515936,-35.713893173214004,87.71108028541227,0.6854845285415649,-0.21844333410263062,-0.21523208916187286,0.660354733467102
dd8daf80-3f76-49d1-8067-96d495c7e668,c9bcc43a-9701-4fce-ad80-923ae62dbd44,1761218709994577951,0.293732,-0.644684,0.238419,0.020996,-0.588867,0.843262,-0.46825837948575205,-35.709254034959706,87.73209679109003,0.6853646039962769,-0.21835193037986755,-0.2152705043554306,0.6604968905448914
dd8daf80-3f76-49d1-8067-96d495c7e668,c9bcc43a-9701-4fce-ad80-923ae62dbd44,1761218710005262951,-0.192642,-0.886917,0.177383,0.001465,-0.572266,0.843262,-0.4677286674765738,-35.7045525389814,87.72897051378499,0.6853927969932556,-0.2183326780796051,-0.21523435413837433,0.6604857444763184
dd8daf80-3f76-49d1-8067-96d495c7e668,c9bcc43a-9701-4fce-ad80-923ae62dbd44,1761218710015881951,0.049591,-0.339508,-0.127792,-0.001465,-0.601562,0.833984,-0.4648548315348151,-35.70223329689521,87.68643454040219,0.6856478452682495,-0.21841518580913544,-0.2151227742433548,0.6602301001548767
dd8daf80-3f76-49d1-8067-96d495c7e668,c9bcc43a-9701-4fce-ad80-923ae62dbd44,1761218710026499951,0.049591,-0.034332,-0.249863,0.001465,-0.605957,0.838867,-0.4605764076886671,-35.7009655846068,87.68389240639398,0.6856729984283447,-0.21843700110912323,-0.21508504450321198,0.660209059715271
dd8daf80-3f76-49d1-8067-96d495c7e668,c9bcc43a-9701-4fce-ad80-923ae62dbd44,1761218710037117951,-0.072479,-0.156403,0.238419,0.012207,-0.597656,0.838867,-0.46126053697329117,-35.69651790994881,87.69020437222224,0.6856440305709839,-0.21839453279972076,-0.21507561206817627,0.6602562665939331
dd8daf80-3f76-49d1-8067-96d495c7e668,c9bcc43a-9701-4fce-ad80-923ae62dbd44,1761218710047799951,0.110626,0.026703,-0.310898,0.000977,-0.586426,0.841309,-0.46106418060476045,-35.69038462956756,87.71049902714792,0.6855394244194031,-0.2183207869529724,-0.21507786214351654,0.6603885293006897
dd8daf80-3f76-49d1-8067-96d495c7e668,c9bcc43a-9701-4fce-ad80-923ae62dbd44,1761218710058480951,0.110626,-0.095367,-0.005722,0.009277,-0.601074,0.82959,-0.4591566518850003,-35.68891715051147,87.72442049272533,0.6854656338691711,-0.2182968556880951,-0.21508453786373138,0.6604708433151245
dd8daf80-3f76-49d1-8067-96d495c7e668,c9bcc43a-9701-4fce-ad80-923ae62dbd44,1761218710069161951,0.169754,0.089645,-0.188828,0.014648,-0.586914,0.838379,-0.46065241713154464,-35.68508249910181,87.75134999808286,0.6853150725364685,-0.2182147055864334,-0.21512272953987122,0.6606417298316956
dd8daf80-3f76-49d1-8067-96d495c7e668,c9bcc43a-9701-4fce-ad80-923ae62dbd44,1761218710077162951,0.047684,0.089645,-0.310898,0.003418,-0.598145,0.845703,-0.45755271895761995,-35.68280104282409,87.75698721200693,0.6852928400039673,-0.21820832788944244,-0.21510180830955505,0.6606736779212952
dd8daf80-3f76-49d1-8067-96d495c7e668,c9bcc43a-9701-4fce-ad80-923ae62dbd44,1761218710085163951,0.230789,0.394821,-0.188828,0.004883,-0.604492,0.848144,-0.453429430757498,-35.67826470176594,87.72807023992097,0.6854761242866516,-0.21825914084911346,-0.21499599516391754,0.66050124168396
dd8daf80-3f76-49d1-8067-96d495c7e668,c9bcc43a-9701-4fce-ad80-923ae62dbd44,1761218710093164951,0.169754,0.211716,-0.249863,-0.009277,-0.598145,0.850098,-0.44594047014011656,-35.673326985364326,87.74980728625506,0.6853744983673096,-0.2182319164276123,-0.21496421098709106,0.6606260538101196
dd8daf80-3f76-49d1-8067-96d495c7e668,c9bcc43a-9701-4fce-ad80-923ae62dbd44,1761218710101165951,0.047684,0.272751,-0.005722,-0.001465,-0.589355,0.841797,-0.44388269094820915,-35.66830477305745,87.75882206365912,0.685336172580719,-0.2181967794895172,-0.21494019031524658,0.6606851816177368
dd8daf80-3f76-49d1-8067-96d495c7e668,c9bcc43a-9701-4fce-ad80-923ae62dbd44,1761218710111851951,-0.19455,0.209808,-0.188828,-0.001953,-0.594727,0.845703,-0.43987022132604947,-35.66251879333787,87.74623373312502,0.6854275465011597,-0.21820883452892303,-0.21485894918441772,0.6606128215789795
dd8daf80-3f76-49d1-8067-96d495c7e668,c9bcc43a-9701-4fce-ad80-923ae62dbd44,1761218710122537951,-0.135422,0.02861,-0.249863,-0.010254,-0.585449,0.832031,-0.4335983916344071,-35.66207931890665,87.69058003580551,0.6857609152793884,-0.21834665536880493,-0.21471288800239563,0.6602687239646912
dd8daf80-3f76-49d1-8067-96d495c7e668,c9bcc43a-9701-4fce-ad80-923ae62dbd44,1761218710133223951,-0.072479,-0.034332,-0.005722,0.013672,-0.589355,0.84082,-0.4357980248244836,-35.65588009299691,87.64752433270422,0.6860169172286987,-0.21837744116783142,-0.21460838615894318,0.6600265502929688
dd8daf80-3f76-49d1-8067-96d495c7e668,c9bcc43a-9701-4fce-ad80-923ae62dbd44,1761218710143870951,-0.255585,-0.156403,-0.188828,-0.005371,-0.58252,0.835938,-0.4259242402800323,-35.65123185573422,87.62231421426395,0.6861896514892578,-0.21845361590385437,-0.21447451412677765,0.6598652601242065
dd8daf80-3f76-49d1-8067-96d495c7e668,c9bcc43a-9701-4fce-ad80-923ae62dbd44,1761218710154519951,-0.623703,-0.21553,-0.249863,-0.013184,-0.599609,0.836914,-0.4188484809036389,-35.65027433475643,87.58293651833503,0.6864314675331116,-0.2185622900724411,-0.21435154974460602,0.6596176624298096
dd8daf80-3f76-49d1-8067-96d495c7e668,c9bcc43a-9701-4fce-ad80-923ae62dbd44,1761218710165168951,-0.865936,-0.701904,-0.005722,0.001953,-0.595703,0.840332,-0.4177948814622813,-35.649049319250736,87.64037096954615,0.6861051321029663,-0.2184535562992096,-0.2144477218389511,0.6599618196487427
dd8daf80-3f76-49d1-8067-96d495c7e668,c9bcc43a-9701-4fce-ad80-923ae62dbd44,1761218710173157951,-1.29509,-0.764847,0.421524,-0.00293,-0.598633,0.847168,-0.4097351050131827,-35.6482866472102,87.69707159770381,0.6857950687408447,-0.21838928759098053,-0.21450316905975342,0.6602872610092163
dd8daf80-3f76-49d1-8067-96d495c7e668,c9bcc43a-9701-4fce-ad80-923ae62dbd44,1761218710181147951,-1.232147,-0.94986,0.7267,-0.013672,-0.584961,0.831055,-0.4080256344108851,-35.65546281930112,87.73111321668074,0.6855881214141846,-0.21837840974330902,-0.21459907293319702,0.6604746580123901
dd8daf80-3f76-49d1-8067-96d495c7e668,c9bcc43a-9701-4fce-ad80-923ae62dbd44,1761218710189137951,-1.232147,-0.94986,0.360489,0.000977,-0.585938,0.837402,-0.4086478351492429,-35.66129121885562,87.75205339595102,0.6854549050331116,-0.21837055683135986,-0.21467621624469757,0.660590410232544
dd8daf80-3f76-49d1-8067-96d495c7e668,c9bcc43a-9701-4fce-ad80-923ae62dbd44,1761218710197127951,-1.354218,-0.766754,0.665665,0.001465,-0.597656,0.843262,-0.409655347553329,-35.67062521636455,87.75275075899755,0.6854308247566223,-0.2184193879365921,-0.21473725140094757,0.6605794429779053
dd8daf80-3f76-49d1-8067-96d495c7e668,c9bcc43a-9701-4fce-ad80-923ae62dbd44,1761218710207804951,-1.354218,-1.010895,0.482559,0.009277,-0.592285,0.839355,-0.41572714235822034,-35.67982067995793,87.72606662588657,0.6855553388595581,-0.21848954260349274,-0.21477557718753815,0.6604145169258118
dd8daf80-3f76-49d1-8067-96d495c7e668,c9bcc43a-9701-4fce-ad80-923ae62dbd44,1761218710218481951,-1.354218,-0.644684,0.360489,0.011719,-0.59668,0.833008,-0.41942716276855446,-35.693891652034274,87.70229217230042,0.6856579780578613,-0.2185971587896347,-0.21483325958251953,0.6602535843849182
dd8daf80-3f76-49d1-8067-96d495c7e668,c9bcc43a-9701-4fce-ad80-923ae62dbd44,1761218710229158951,-1.232147,-1.316071,0.665665,0.016113,-0.602539,0.837891,-0.4257864858484934,-35.70521132341526,87.68142004517665,0.6857442259788513,-0.21866753697395325,-0.2148965448141098,0.6601201295852661
dd8daf80-3f76-49d1-8067-96d495c7e668,c9bcc43a-9701-4fce-ad80-923ae62dbd44,1761218710239857951,-1.354218,-1.255035,0.84877,0.012207,-0.592773,0.851562,-0.4381388786575917,-35.72207968876327,87.70546221739092,0.6855496168136597,-0.21865244209766388,-0.21511326730251312,0.6602566242218018
dd8daf80-3f76-49d1-8067-96d495c7e668,c9bcc43a-9701-4fce-ad80-923ae62dbd44,1761218710250558951,-1.232147,-1.316071,1.031876,0.010254,-0.601562,0.840332,-0.4475394414622158,-35.73172562456636,87.69424677722115,0.6855777502059937,-0.21867716312408447,-0.21520353853702545,0.6601898670196533
dd8daf80-3f76-49d1-8067-96d495c7e668,c9bcc43a-9701-4fce-ad80-923ae62dbd44,1761218710261259951,-1.234055,-1.558304,1.092911,0.01709,-0.588867,0.833984,-0.45557286411189823,-35.739246568996585,87.74684571424805,0.6852448582649231,-0.21857714653015137,-0.21539516746997833,0.660506010055542
dd8daf80-3f76-49d1-8067-96d495c7e668,c9bcc43a-9701-4fce-ad80-923ae62dbd44,1761218710269241951,-0.865936,-1.861572,1.398087,0.015137,-0.60498,0.842773,-0.4637463652182637,-35.74948004042418,87.7772618613656,0.6850341558456421,-0.2185341715812683,-0.2155608832836151,0.6606847047805786
dd8daf80-3f76-49d1-8067-96d495c7e668,c9bcc43a-9701-4fce-ad80-923ae62dbd44,1761218710277224951,-0.745773,-1.741409,2.252579,0.008301,-0.599121,0.839844,-0.47117124254367876,-35.75564039112791,87.76183297340616,0.6850970983505249,-0.21855732798576355,-0.2156112641096115,0.6605952978134155
dd8daf80-3f76-49d1-8067-96d495c7e668,c9bcc43a-9701-4fce-ad80-923ae62dbd44,1761218710285207951,-0.926971,-1.316071,2.191544,0.018555,-0.592773,0.837891,-0.4746585785071923,-35.75963942479466,87.75020829862764,0.6851497292518616,-0.21858306229114532,-0.21563293039798737,0.6605251431465149
dd8daf80-3f76-49d1-8067-96d495c7e668,c9bcc43a-9701-4fce-ad80-923ae62dbd44,1761218710293190951,-0.806808,-0.764847,1.947403,0.011719,-0.603516,0.844727,-0.478966135699187,-35.76319031522582,87.73588072985976,0.6852172613143921,-0.21860647201538086,-0.2156517654657364,0.6604412198066711
dd8daf80-3f76-49d1-8067-96d495c7e668,c9bcc43a-9701-4fce-ad80-923ae62dbd44,1761218710302792951,-0.56076,-0.339508,2.191544,0.017578,-0.60498,0.851562,-0.4770644011871074,-35.767024787646804,87.74488000833784,0.6851614713668823,-0.21862350404262543,-0.2156796008348465,0.6604843139648438
dd8daf80-3f76-49d1-8067-96d495c7e668,c9bcc43a-9701-4fce-ad80-923ae62dbd44,1761218710312394951,-0.377655,0.274658,2.313614,0.02002,-0.598633,0.848144,-0.4722286971626602,-35.76661730400662,87.75411517998204,0.6851181387901306,-0.2186315357685089,-0.21566596627235413,0.6605311036109924
dd8daf80-3f76-49d1-8067-96d495c7e668,c9bcc43a-9701-4fce-ad80-923ae62dbd44,1761218710321996951,-0.074387,0.577927,1.764297,0.018555,-0.603516,0.851562,-0.46214979831838937,-35.76583487678477,87.75867397853006,0.6851123571395874,-0.21867635846138,-0.21560990810394287,0.6605405807495117
dd8daf80-3f76-49d1-8067-96d495c7e668,c9bcc43a-9701-4fce-ad80-923ae62dbd44,1761218710331598951,-0.072479,1.613617,1.398087,0.01709,-0.600098,0.837891,-0.4521230789128295,-35.76554288796565,87.8189228215162,0.6847844123840332,-0.21861906349658966,-0.21566325426101685,0.6608820557594299
dd8daf80-3f76-49d1-8067-96d495c7e668,c9bcc43a-9701-4fce-ad80-923ae62dbd44,1761218710341200951,-0.135422,2.164841,0.665665,0.026855,-0.597656,0.84668,-0.4390180391327877,-35.76367564047659,87.84380630009899,0.6846691966056824,-0.2186366319656372,-0.215621680021286,0.6610091924667358
dd8daf80-3f76-49d1-8067-96d495c7e668,c9bcc43a-9701-4fce-ad80-923ae62dbd44,1761218710350792951,0.047684,2.225876,0.116348,0.012695,-0.598145,0.841309,-0.41031276281284856,-35.76100065336293,87.79629564497144,0.6850023865699768,-0.21887549757957458,-0.21534404158592224,0.6606753468513489
dd8daf80-3f76-49d1-8067-96d495c7e668,c9bcc43a-9701-4fce-ad80-923ae62dbd44,1761218710360387951,0.354767,2.101898,-0.371933,0.006836,-0.599121,0.841309,-0.3957748466071731,-35.755398213747846,87.82058421126543,0.6849005818367004,-0.21888011693954468,-0.21527130901813507,0.6608030796051025
dd8daf80-3f76-49d1-8067-96d495c7e668,c9bcc43a-9701-4fce-ad80-923ae62dbd44,1761218710369982951,-0.074387,1.737595,-0.799179,0.000977,-0.605957,0.834961,-0.3863803577121079,-35.755906140136645,87.7767223307935,0.6851701140403748,-0.21901969611644745,-0.21513426303863525,0.6605219841003418
dd8daf80-3f76-49d1-8067-96d495c7e668,c9bcc43a-9701-4fce-ad80-923ae62dbd44,1761218710379577951,0.047684,1.371384,-1.04332,-0.000488,-0.610352,0.835449,-0.38106800277961367,-35.755278870961114,87.72871874327835,0.6854579448699951,-0.21913665533065796,-0.21500711143016815,0.6602258682250977
dd8daf80-3f76-49d1-8067-96d495c7e668,c9bcc43a-9701-4fce-ad80-923ae62dbd44,1761218710389172951,0.478745,1.066208,-1.04332,0.0,-0.586914,0.836426,-0.37644114471591217,-35.747581493014074,87.69081266503373,0.685699999332428,-0.21918825805187225,-0.21486268937587738,0.6600043773651123
dd8daf80-3f76-49d1-8067-96d495c7e668,c9bcc43a-9701-4fce-ad80-923ae62dbd44,1761218710398761951,0.720978,0.453949,-0.982285,0.0,-0.608398,0.828125,-0.3789853439108157,-35.74409832097261,87.66361290270518,0.6858586668968201,-0.21920371055603027,-0.21480587124824524,0.6598528623580933
dd8daf80-3f76-49d1-8067-96d495c7e668,c9bcc43a-9701-4fce-ad80-923ae62dbd44,1761218710408352951,0.598907,0.392914,-1.04332,0.007813,-0.603516,0.834961,-0.37566894777893894,-35.744996658560936,87.65272194079049,0.6859258413314819,-0.21924859285354614,-0.2147703468799591,0.6597797274589539
dd8daf80-3f76-49d1-8067-96d495c7e668,c9bcc43a-9701-4fce-ad80-923ae62dbd44,1761218710417943951,0.598907,0.579834,-0.249863,0.009766,-0.595215,0.831543,-0.37626713202822115,-35.744460472508095,87.63847357449548,0.6860077977180481,-0.21926864981651306,-0.21474358439445496,0.6596965193748474
dd8daf80-3f76-49d1-8067-96d495c7e668,c9bcc43a-9701-4fce-ad80-923ae62dbd44,1761218710427534951,0.352859,0.272751,-0.249863,-0.008301,-0.598633,0.834961,-0.3686665908671396,-35.74510654568003,87.6548600673422,0.6859264373779297,-0.21928559243679047,-0.21473315358161926,0.6597788333892822
dd8daf80-3f76-49d1-8067-96d495c7e668,c9bcc43a-9701-4fce-ad80-923ae62dbd44,1761218710437125951,0.352859,0.394821,0.787735,-0.002441,-0.597168,0.834961,-0.36553390759645416,-35.74307358608277,87.70568855672987,0.6856435537338257,-0.2191961705684662,-0.21479997038841248,0.6600807905197144
