timestamp [ns],gaze x [px],gaze y [px],fixation id,blink id,azimuth [deg],elevation [deg]
0,718.831,385.68,,,-6.28160356185485,14.602504576959882
5001000,719.693,386.22,,,-6.224161437122723,14.568377200745484
10001000,719.347,387.402,,,-6.245577161928308,14.492174422997245
15001000,719.632,385.1,,,-6.22948410365302,14.640270946049784
20001000,718.529,383.233,,,-6.304403787103045,14.759470304707357
25015000,719.96,381.07,,,-6.212607036509153,14.899432155682309
30001000,718.177,379.088,,,-6.3326925108657015,15.025500650506814
35001000,721.183,379.146,,,-6.134145413220047,15.02384470811334
40009000,722.034,379.681,,,-6.077345784796335,14.990026355101447
45001000,719.841,389.778,,,-6.210280316748498,14.339859610118058
50001000,718.767,391.025,,,-6.2796022257533615,14.259005860711545
55001000,715.547,385.441,,,-6.498473842815397,14.615625445603762
60001000,715.11,385.723,,,-6.526955926976615,14.597190139804452
65001000,715.118,385.154,,,-6.527105092270325,14.633785751099486
70001000,717.062,385.547,,,-6.398449681548769,14.609844190160658
75001000,717.961,387.162,,,-6.337226937408581,14.506715657856123
80001000,720.072,387.105,,,-6.198153196579292,14.511740789565472
85001000,721.245,386.405,,,-6.12161261404472,14.557458558256336
90137000,720.337,385.898,,,-6.182056815422426,14.589483024265457
95126000,718.269,389.399,,,-6.3143026618460025,14.363181161641023
100127000,714.714,387.02,,,-6.551458714973071,14.513596763729073
105126000,714.501,387.63,,,-6.564794707269879,14.474276986812663
110127000,715.49,388.04,,,-6.499067199841989,14.44861654007872
115131000,714.826,386.47,,,-6.54477380839103,14.549012074910978
120136000,715.774,385.315,,,-6.48362681919074,14.623907517786678
125127000,716.563,386.154,1.0,,-6.430635678606021,14.570489545862516
130127000,715.422,386.043,1.0,,-6.505968243756872,14.576875549159553
135127000,717.412,385.717,1.0,,-6.375150980487014,14.59914097384216
140127000,716.971,386.03,1.0,,-6.40385645418924,14.578771135714788
145127000,716.311,384.0,1.0,,-6.4498294095182125,14.708752954737951
150127000,714.483,383.067,1.0,,-6.571580609067697,14.76740903150354
155127000,714.623,383.729,1.0,,-6.561505119283875,14.724973281940278
160127000,713.331,383.855,1.0,,-6.646583895516868,14.715947098708124
165127000,713.273,384.445,1.0,,-6.649681986947483,14.678052317142813
170127000,718.301,381.77,1.0,,-6.321226841496758,14.853311257140536
175127000,716.228,383.403,1.0,,-6.456040558112688,14.746998329146976
180127000,714.49,384.405,1.0,,-6.569440417891144,14.68145223717743
185127000,715.988,384.288,1.0,,-6.470807862196228,14.690007812850968
190127000,716.184,387.811,1.0,,-6.45358283966128,14.463818599535816
195127000,716.648,387.73,1.0,,-6.423129770308921,14.469317530029462
200128000,717.69,390.553,1.0,,-6.351117312903976,14.288644246707316
205139000,717.194,388.64,1.0,,-6.386037912675955,14.411219584086393
210128000,711.516,380.421,1.0,,-6.77075516514849,14.935183598135165
215128000,713.862,381.089,1.0,,-6.615014075443838,14.893978137557191
220128000,717.053,384.2,1.0,,-6.400613669087058,14.69639102808513
225128000,717.954,385.535,1.0,,-6.339642763665005,14.611231901147324
230253000,718.211,382.589,1.0,,-6.326160823150854,14.800647055832382
235253000,717.558,381.436,1.0,,-6.370660228679451,14.874248568264951
240253000,717.127,384.712,1.0,,-6.39515370739002,14.663553368488373
245253000,714.662,383.196,1.0,,-6.559629849310191,14.759222180171554
250253000,714.583,383.47,1.0,,-6.564470721858019,14.741536388951715
255253000,719.142,382.493,1.0,,-6.264899420606754,14.80746303409346
260253000,718.036,382.996,1.0,,-6.337249708437221,14.774382332371816
265253000,715.147,388.914,1.0,,-6.520628539945444,14.392248930305708
270253000,714.817,390.413,1.0,,-6.540602497789238,14.295727968714925
275257000,714.084,388.621,1.0,,-6.591029383333409,14.410315555497723
280253000,715.996,385.791,1.0,,-6.468434159596145,14.593451588923632
285253000,716.461,386.661,1.0,,-6.436703979783162,14.537872154446251
290264000,716.999,382.559,1.0,,-6.406198721080052,14.80174725565737
295254000,716.841,382.683,1.0,,-6.416478134805774,14.79369769078061
300261000,714.95,385.898,1.0,,-6.537246859605068,14.585862334125968
305254000,714.709,386.876,1.0,,-6.551989168502888,14.522880639981508
310253000,716.249,383.509,1.0,,-6.454546372666996,14.740207049943605
315254000,715.274,383.515,1.0,,-6.518849038901344,14.739144352368436
320254000,715.973,386.509,1.0,,-6.469087857263995,14.54729620611547
325254000,720.618,389.609,1.0,,-6.159249752128353,14.351193551257422
330254000,721.529,387.99,1.0,,-6.101087973316652,14.455819887568818
335254000,715.291,389.347,1.0,,-6.510596506228131,14.36451024421639
340254000,715.481,389.397,1.0,,-6.498076865954932,14.361452413423816
345254000,718.705,386.506,1.0,,-6.288968514852054,14.5493623198545
350254000,718.818,386.399,1.0,,-6.281607779617535,14.556271394785878
355254000,719.211,387.917,1.0,,-6.253916696928161,14.45900151808789
360265000,718.507,387.534,1.0,,-6.300777647642008,14.483142173448366
365379000,720.563,380.634,1.0,,-6.173316681707755,14.927820287574413
370388000,719.567,381.653,1.0,,-6.237822885497969,14.861708300598156
375379000,719.59,384.641,1.0,,-6.232775437793823,14.669736405912047
380387000,719.037,386.696,1.0,,-6.266849410008651,14.53734604725256
385383000,717.552,384.286,1.0,,-6.367637538687295,14.69116907308951
390379000,716.905,381.845,1.0,,-6.4132439413862175,14.847532980517062
395379000,721.936,399.187,1.0,,-6.061968592089502,13.73641021782969
400391000,720.208,396.144,1.0,,-6.178967801433188,13.930988646455956
405379000,720.529,394.177,1.0,,-6.160044325458229,14.057588717337374
410383000,719.83,393.802,1.0,,-6.206503519518516,14.081238100869571
415379000,719.405,394.784,1.0,,-6.233353800499249,14.01784556724532
420379000,717.225,397.248,1.0,,-6.374108724939294,13.85811748314389
425392000,717.527,393.831,,,-6.358106282244385,14.077874844517565
430380000,716.956,392.326,,,-6.3974092072174304,14.174217004196873
435380000,713.654,420.211,,,-6.583884244338785,12.379728848711334
440380000,702.221,435.365,,,-7.316734687881743,11.39837543333068
445391000,687.696,493.27,,,-8.209960474816006,7.665519681471585
450390000,684.581,563.114,,,-8.373285620130698,3.16726157252884
455380000,669.962,622.456,,,-9.30942292972379,-0.65550985828123
460380000,706.377,680.315,,,-6.97008594921038,-4.389009983189266
465380000,715.317,730.41,,,-6.414908257725486,-7.620813696610855
470380000,724.942,768.439,,,-5.813748431002963,-10.074293277452558
475380000,737.253,802.599,,,-5.034529135964374,-12.278665214896137
1015888000,649.023,836.003,,1.0,-10.87474458739096,-14.353120486125908
1020889000,686.5,680.674,,1.0,-8.256292935487874,-4.407053695071277
1025885000,625.668,753.072,,1.0,-12.261063101417246,-9.023847346419254
1030885000,787.536,611.397,,1.0,-1.7115355974161517,0.0564458317068666
1035899000,795.486,663.782,,1.0,-1.19880999176626,-3.3320303170733974
1040885000,893.568,607.891,,1.0,5.142437428851354,0.2828209069937923
1046011000,866.639,631.698,,1.0,3.4030122151176747,-1.2559278161554446
1051019000,908.667,509.788,,1.0,6.141896403786916,6.611802148773712
1056010000,858.933,583.697,,1.0,2.905430430289373,1.8474084985885144
1061023000,664.994,607.682,,1.0,-9.62976160326215,0.2953786747144485
1066011000,733.699,614.209,,1.0,-5.192131327995845,-0.1252191996390339
1071011000,673.453,613.999,,1.0,-9.083718460554918,-0.111220581455911
1076011000,621.288,667.12,,1.0,-12.463078549421631,-3.515905650524308
1081014000,610.007,662.784,,1.0,-13.188665099713234,-3.234456278078861
1086023000,567.536,711.715,,1.0,-15.972124729766287,-6.336779669080374
1091011000,593.92,798.029,,1.0,-14.407117462755586,-11.862300911037549
1096011000,635.567,792.707,,1.0,-11.676994748859432,-11.569102128052927
1101011000,675.999,726.253,,1.0,-8.964603404306612,-7.336177741645913
1106011000,565.244,725.925,,1.0,-16.139407177920823,-7.239626363760845
1111011000,572.312,705.216,,1.0,-15.655834426237794,-5.926225756551618
1116011000,612.986,752.512,,1.0,-13.084022712620808,-8.977305708630846
1121011000,606.271,702.225,,1.0,-13.458584509998904,-5.756782863857362
1126011000,594.687,643.927,,1.0,-14.168080001745745,-2.0237991662027963
1131011000,602.281,609.841,,1.0,-13.673564352658516,0.1558134125479528
1136011000,646.633,623.249,,1.0,-10.814828860910374,-0.7052842096240465
1141011000,673.819,602.882,,1.0,-9.060401310940636,0.6046408605817655
1146015000,688.102,576.857,,1.0,-8.141995187740335,2.2823814603105324
1151012000,720.505,606.267,,1.0,-6.04488418659498,0.3875822071736552
1156012000,709.555,615.093,4.0,1.0,-6.752277980049716,-0.1821196379829051
1161012000,726.476,606.19,4.0,1.0,-5.659023625206337,0.3926880834012238
1166012000,721.284,627.225,4.0,1.0,-5.994961714819825,-0.965519174567868
1171012000,719.566,612.135,4.0,1.0,-6.105481208570276,0.0087571029951088
1176012000,712.676,614.755,4.0,1.0,-6.550661979235732,-0.1603006527421515
1181137000,713.823,617.98,4.0,1.0,-6.476570488763131,-0.3684579824339993
1186137000,716.614,629.143,4.0,1.0,-6.296884067202637,-1.089111552488777
1191143000,715.381,630.979,4.0,1.0,-6.376721523421361,-1.207528817142661
1196137000,713.677,638.002,4.0,1.0,-6.487605637661176,-1.6606382894279592
1201137000,714.595,636.887,4.0,1.0,-6.428102259093145,-1.5887762375207553
1206137000,710.909,639.015,4.0,1.0,-6.666613823274121,-1.7257635913385188
1211137000,712.094,638.052,4.0,1.0,-6.589885652557483,-1.6637228315316286
1216137000,708.447,638.491,4.0,1.0,-6.825607114604002,-1.6917435460150387
1221137000,707.608,635.286,4.0,1.0,-6.879419838477059,-1.4849136418356637
1226137000,701.699,635.295,4.0,,-7.261242281120457,-1.4850370698477318
1231137000,694.144,633.55,4.0,,-7.749059018730994,-1.3718313041289816
1236137000,702.433,645.475,4.0,,-7.215388125336491,-2.1416064661924827
1241137000,702.197,644.478,4.0,,-7.230466057829576,-2.0772794253738733
1246138000,702.559,640.094,4.0,,-7.206318530419125,-1.7946025266242285
1251137000,701.637,633.634,4.0,,-7.265007731594669,-1.377901203312491
1256144000,702.73,626.185,4.0,,-7.193654271183182,-0.8975001904515713
1261138000,699.006,624.536,4.0,,-7.434145461873598,-0.7909461981781505
1266141000,702.692,624.773,4.0,,-7.196059442361366,-0.80641867853994
1271138000,697.291,625.226,4.0,,-7.544977487176718,-0.8353976647547612
1276141000,694.247,626.893,4.0,,-7.741673891651103,-0.9426683339324868
1281146000,698.042,629.415,4.0,,-7.496809605144478,-1.1055307148377091
1286138000,698.551,630.282,4.0,,-7.463983613219777,-1.1615085461215562
1291138000,697.873,628.505,4.0,,-7.507632176738224,-1.0468613337035717
1296138000,699.389,631.081,,,-7.409928466884631,-1.2130724828299155
1301138000,690.182,636.106,,,-8.005340025038784,-1.536278178158881
1306138000,691.66,644.248,,,-7.91120704529272,-2.061228020925398
1311138000,678.222,672.206,,,-8.7879838106953,-3.859624400453428
1316263000,681.977,674.429,,,-8.546131581066485,-4.003717559730153
1321263000,678.43,697.046,,,-8.78687312520858,-5.458470864185125
1326263000,682.846,706.537,,,-8.50659656835047,-6.07092477955789
1331263000,686.659,703.119,5.0,,-8.257537985253885,-5.852371755254315
1336263000,682.695,704.861,5.0,,-8.515343121890394,-5.962990296354011
1341263000,683.442,704.893,5.0,,-8.466994925054944,-5.965331659628666
1346263000,687.548,707.529,5.0,,-8.202579430776252,-6.1365997387676
1351263000,687.467,710.294,5.0,,-8.209532256299877,-6.314552432811432
1356263000,700.635,697.457,5.0,,-7.349152640082794,-5.49238828567123
1361263000,700.909,703.309,5.0,,-7.334414433084783,-5.869543779129683
1366264000,700.993,703.625,5.0,,-7.329118215742012,-5.889957174869998
1371268000,701.455,703.655,5.0,,-7.299174500525857,-5.892047160630548
1376264000,696.133,713.387,5.0,,-7.649688593732572,-6.517045321212915
1381264000,694.546,710.676,5.0,,-7.750938370682156,-6.341863160741684
1386264000,696.37,712.147,5.0,,-7.633546584990972,-6.437287954257933
1391264000,693.374,716.333,5.0,,-7.830421553367554,-6.705685741057055
1396264000,693.865,716.823,5.0,,-7.798862031467558,-6.737396689926961
1401264000,692.437,707.235,5.0,,-7.8855673694985695,-6.119513097709957
1406264000,694.964,706.973,5.0,,-7.721646405232599,-6.103556641785915
1411264000,693.365,706.796,5.0,,-7.825145065944448,-6.091540161902533
1416265000,691.334,708.253,5.0,,-7.957647533876749,-6.184627533153084
1421264000,694.975,716.033,5.0,,-7.726376383193977,-6.6869819848369385
1426272000,697.101,714.794,5.0,,-7.587762476662559,-6.6080268985833
1431264000,695.198,713.756,5.0,,-7.710497591004765,-6.540466048716516
1436270000,701.345,711.506,5.0,,-7.310627501004894,-6.397756971803704
1441264000,702.221,712.491,5.0,,-7.2543429922867135,-6.461575455050774
1446264000,698.759,712.103,5.0,,-7.478594815175114,-6.435329951473884
1451389000,696.94,714.187,5.0,,-7.597844828137966,-6.568844793194087
1456398000,694.5,702.634,5.0,,-7.749261037296869,-5.8238950182959
1461389000,694.643,704.959,5.0,,-7.741335225812742,-5.973747384573937
1466389000,695.695,708.256,5.0,,-7.67501751862688,-6.186429764832792
1471389000,696.221,711.223,5.0,,-7.64265056965629,-6.377714183246122
1476389000,694.897,706.844,5.0,,-7.725919486364619,-6.095215132309497
1481393000,693.076,706.868,5.0,,-7.843936024687109,-6.096069532997995
1486390000,695.836,705.098,5.0,,-7.664111120785613,-5.98310745272124
1491390000,693.66,706.549,5.0,,-7.805906584564901,-6.075779066205223
1496390000,692.916,707.417,5.0,,-7.854659667770999,-6.131408023674021
1501390000,690.781,706.003,5.0,,-7.992135882182278,-6.0395430178284775
1506390000,689.933,704.601,5.0,,-8.046294961942603,-5.948983556960083
1511390000,690.761,703.388,5.0,,-7.991916517570727,-5.8711679966649
1516390000,690.999,708.067,5.0,,-7.979259952552129,-6.172528303525111
1521390000,692.015,702.687,5.0,,-7.910317512700629,-5.826485952033894
1526390000,693.225,701.961,5.0,,-7.831521747423295,-5.78011869916526
1531393000,698.698,690.071,5.0,,-7.471097967130656,-5.015914598243819
1536390000,694.886,693.057,5.0,,-7.7193182648178595,-5.207123341633561
1541390000,695.031,695.772,5.0,,-7.711296589346644,-5.382069331830918
1546390000,695.201,697.301,5.0,,-7.7010175347503536,-5.480621504676387
1551390000,696.268,698.305,5.0,,-7.632448713003855,-5.545665045159724
1556394000,695.431,697.923,5.0,,-7.686442389117006,-5.520759622835122
1561390000,690.932,691.074,5.0,,-7.974352350261989,-5.078204169096034
1566390000,691.921,691.759,5.0,,-7.910672656116678,-5.122629640072788
1571390000,699.594,689.526,5.0,,-7.412861916009416,-4.981048914076319
1576390000,700.02,693.058,5.0,,-7.3868960928178495,-5.208749110504311
1581391000,696.632,692.781,5.0,,-7.606134164710612,-5.18992588674412
1586516000,696.728,691.169,5.0,,-7.599170203994999,-5.086055427246748
1591519000,695.953,692.355,5.0,,-7.649869740953976,-5.162235506613385
1596516000,697.255,694.396,5.0,,-7.566604696109881,-5.2941411654189965
1601516000,697.773,695.236,5.0,,-7.533465362046408,-5.3484135442487135
1606519000,698.895,694.572,5.0,,-7.4604641215471075,-5.30597147071961
1611519000,701.614,698.939,5.0,,-7.286460857189449,-5.588169456611634
1616516000,701.086,698.905,5.0,,-7.320684825772269,-5.585842837107277
1621516000,699.36,698.103,5.0,,-7.432095440379879,-5.5336529799041525
1626516000,699.339,695.16,5.0,,-7.432011491507866,-5.3440248879462064
1631516000,696.706,700.299,5.0,,-7.60514100465433,-5.6742874398997785
1636516000,698.184,699.356,5.0,,-7.508871669212666,-5.614016917412751
1641516000,696.741,702.557,5.0,,-7.604049697636022,-5.819713077647458
1646516000,699.393,696.008,5.0,,-7.428891928674666,-5.398635871651688
1651516000,696.337,700.198,5.0,,-7.628968866068436,-5.667623913157216
1656516000,697.914,704.183,5.0,,-7.528934182857441,-5.924883441849688
1661516000,697.91,703.45,5.0,,-7.528774750753179,-5.877622367336372
1666518000,697.153,702.683,5.0,,-7.5774372025196355,-5.828009232506266
1671516000,697.466,703.242,5.0,,-7.557414424731467,-5.864105693776875
1676516000,688.892,699.552,5.0,,-8.11084601720725,-5.623543632247856
1681523000,690.484,701.594,5.0,,-8.008868854995285,-5.755561374816553
1686517000,695.207,703.0,5.0,,-7.703666157798777,-5.847712034056926
1691517000,691.521,694.743,5.0,,-7.938071296968577,-5.314708579301322
1696517000,692.545,695.827,5.0,,-7.872267561218556,-5.384839220602289
1701517000,694.7,698.943,5.0,,-7.734316169990618,-5.586226110978048
1706517000,690.339,701.258,5.0,,-8.0180426894386,-5.733847391775861
1711517000,687.928,708.814,5.0,,-8.17875749018104,-6.219463593799212
1716517000,692.258,702.165,5.0,,-7.894249984078033,-5.792925414843116
1721642000,691.627,705.609,5.0,,-7.93710315604357,-6.014525478414633
1726523000,691.152,705.064,5.0,,-7.9675907022406225,-5.979241711250126
1731642000,689.182,709.368,5.0,,-8.097787665990792,-6.255634667808363
1736642000,692.426,709.475,5.0,,-7.887602141316805,-6.263705561737557
1741642000,692.534,709.393,5.0,,-7.880571245433099,-6.258479698377325
1746643000,692.49,709.482,5.0,,-7.883489016647301,-6.264216918841608
1751647000,694.158,706.865,5.0,,-7.77381616402193,-6.09628714059646
1756642000,693.198,709.69,5.0,,-7.837713896479703,-6.277870879774646
1761642000,690.308,711.131,5.0,,-8.025906005545556,-6.369523903855164
1766642000,694.107,710.778,5.0,,-7.779451828991545,-6.3482709743862
1771642000,692.921,712.231,5.0,,-7.857213353182931,-6.441370242044922
1776642000,691.951,713.388,5.0,,-7.920804874495624,-6.515514543267019
1781642000,693.016,710.449,5.0,,-7.849980343168192,-6.3266781791884
1786643000,701.739,704.234,5.0,,-7.2810929377804765,-5.929389273016029
1791642000,695.925,707.612,5.0,,-7.659737000119179,-6.145044578278741
1796643000,695.075,712.695,5.0,,-7.717854465886775,-6.472047075876872
1801643000,694.125,707.423,5.0,,-7.776255175029779,-6.132193488698685
1806643000,694.889,707.308,5.0,,-7.726703336281516,-6.125063030092648
1811643000,695.049,708.811,5.0,,-7.717227359921267,-6.221930778704444
1816646000,694.614,709.931,5.0,,-7.746047997048927,-6.293921380362788
1821643000,695.994,719.649,5.0,,-7.662614235693312,-6.920195852645832
1826643000,697.069,718.054,5.0,,-7.591826008937847,-6.817904960797011
1831643000,696.127,722.804,5.0,,-7.656041234218364,-7.123394947578331
1836660000,696.138,725.61,5.0,,-7.657226200859272,-7.3040259692158385
1841643000,698.025,721.883,5.0,,-7.532304046632991,-7.064853590952018
1846643000,695.867,717.641,5.0,,-7.669566066732422,-6.790841174088477
1851643000,697.545,719.717,5.0,,-7.561999541491741,-6.925207744261569
1856643000,698.477,717.91,5.0,,-7.500436770774131,-6.809191933115258
1861768000,697.35,715.984,5.0,,-7.572335622933373,-6.68473289651277
1866769000,693.912,717.171,5.0,,-7.796072973185881,-6.759822387555405
1871768000,693.095,717.284,5.0,,-7.8491240614391105,-6.766788848424406
1876779000,696.759,724.87,5.0,,-7.616390118685448,-7.256638405941224
1881772000,696.02,739.922,5.0,,-7.675319394666158,-8.22518878089849
1886768000,694.534,735.551,5.0,,-7.76850304501127,-7.943183180892717
1891781000,694.286,734.725,5.0,,-7.784021266499169,-7.889918994180479
1896769000,697.238,731.268,5.0,,-7.58978418584627,-7.668777625574743
1901768000,697.702,727.469,5.0,,-7.556991565509096,-7.424381664369698
1906769000,699.805,733.718,5.0,,-7.424790089470128,-7.82758407087315
1911769000,702.44,732.228,5.0,,-7.252530759686717,-7.732782631573848
1916769000,701.368,733.249,5.0,,-7.322903020519125,-7.798115919212058
1921769000,700.895,732.556,5.0,,-7.353124876934496,-7.75324786064235
1926769000,699.436,737.859,5.0,,-7.45173355690369,-8.094038026539712
1931769000,698.05,739.204,5.0,,-7.542810200205504,-8.179955518266805
1936769000,700.396,742.654,5.0,,-7.392975993178649,-8.403085755076896
1941769000,707.791,737.279,5.0,,-6.908346733824041,-8.060300661790835
1946769000,706.135,740.564,5.0,,-7.018285156377908,-8.271149707717164
1951769000,706.797,738.154,5.0,,-6.973540735814534,-8.11623528967169
1956769000,700.954,745.01,5.0,,-7.358502819653959,-8.554968483629944
1961769000,699.929,744.055,5.0,,-7.424419022876548,-8.493076592878719
1966769000,704.232,740.4,5.0,,-7.141863809322928,-8.25973756889392
1971769000,703.303,744.463,5.0,,-7.205289953409631,-8.520884384845667
1976769000,700.255,739.905,5.0,,-7.400050667156564,-8.226075895974873
1981769000,701.205,750.117,5.0,,-7.3462049088891,-8.8838207152641
1986778000,703.538,750.6,5.0,,-7.194755173802908,-8.916035313310857
1991770000,701.286,741.685,5.0,,-7.334377479261354,-8.341150278941791
1996894000,699.993,741.392,5.0,,-7.418162846579441,-8.321660470951402
2001895000,701.121,741.896,5.0,,-7.345254236243956,-8.354637135980116
2006894000,702.714,741.422,5.0,,-7.241299969403466,-8.324885034336232
2011895000,703.793,751.41,5.0,,-7.178792403940755,-8.968254050601256
2016895000,700.111,750.736,5.0,,-7.417874044021268,-8.923107675982967
2021895000,700.386,746.677,5.0,,-7.396719905988305,-8.662003130659643
2026895000,699.976,748.104,5.0,,-7.424553345697679,-8.753658518556351
2031895000,699.655,746.108,5.0,,-7.44382278226692,-8.625034926857888
2036895000,697.931,747.913,5.0,,-7.557419458764834,-8.740335673641818
2041895000,697.718,748.951,5.0,,-7.5721292417398995,-8.807047932114145
2046895000,701.001,746.218,5.0,,-7.356361399615055,-8.632742402271035
2051895000,700.869,747.047,5.0,,-7.365598750046774,-8.686024074380118
2056909000,700.937,745.065,5.0,,-7.359617189669477,-8.558507690135826
2061895000,699.568,745.167,5.0,,-7.448750261385096,-8.564411685733429
2066895000,703.385,749.009,5.0,,-7.203442032495213,-8.813520254650957
2071897000,700.457,750.442,5.0,,-7.3951388893297,-8.90434062290225
2076895000,699.606,750.373,5.0,,-7.450411476817376,-8.89946912172117
2081895000,700.623,742.567,5.0,,-7.37812398214425,-8.397624954318442
2086895000,699.292,741.97,5.0,,-7.464214438860456,-8.358523799768541
2091897000,701.373,742.031,5.0,,-7.328943520730942,-8.36347508576596
2096895000,700.941,742.563,5.0,,-7.35744974744123,-8.397509008078083
2101897000,704.035,754.749,5.0,,-7.165725697453382,-9.18324261343728
2106895000,702.425,751.15,5.0,,-7.267619650251625,-8.950872402309166
2111895000,704.132,747.931,5.0,,-7.153983764767273,-8.744519097587226
2116896000,702.597,747.762,5.0,,-7.2537742031901615,-8.732880587140743
2121896000,703.515,746.623,5.0,,-7.193153400742991,-8.659995456670492
2126896000,701.766,743.346,5.0,,-7.304391631322777,-8.448288550777795
2132021000,703.194,744.155,5.0,,-7.212138642081349,-8.500977816592187
2137024000,700.044,745.511,5.0,,-7.418067138796925,-8.586821251715115
2142021000,699.522,747.258,5.0,,-7.453401464967587,-8.698978912362705
2147025000,699.01,747.064,5.0,,-7.48653706367239,-8.686247030181596
2152021000,697.622,741.833,5.0,,-7.572665329064058,-8.34894380041064
2157021000,698.762,743.447,5.0,,-7.499829170196152,-8.453334543946616
2162021000,700.242,745.759,5.0,,-7.405387168799748,-8.602883761166007
2167021000,700.869,746.221,5.0,,-7.3649269557192785,-8.632900157967047
2172021000,699.117,743.207,5.0,,-7.476545209874723,-8.4380700886516
2177021000,702.06,745.233,5.0,,-7.286719589337033,-8.569898958506492
2182021000,702.598,739.551,5.0,,-7.247482980671938,-8.204344293855213
2187021000,702.455,732.66,5.0,,-7.251893072144482,-7.760637258570483
2192021000,703.344,732.574,5.0,,-7.194079505957824,-7.755459562522045
2197021000,701.752,735.5,5.0,,-7.299576856435943,-7.943186462326833
2202029000,701.835,735.768,5.0,,-7.294369693445106,-7.960469817330441
2207021000,700.688,729.645,5.0,,-7.364570064154578,-7.5657316945987185
2212021000,698.791,730.074,5.0,,-7.488033494254471,-7.592556428173348
2217035000,698.035,736.853,5.0,,-7.542070985088246,-8.028635774946416
2222023000,703.105,736.572,5.0,,-7.212376451721665,-8.01280018011438
2227022000,704.266,734.624,5.0,,-7.135605629428809,-7.887843662886793
2232022000,699.752,733.773,5.0,,-7.428250549125193,-7.831109368733986
2237022000,704.303,728.689,5.0,,-7.129204372468038,-7.505666536339459
2242022000,705.153,734.77,5.0,,-7.078088786319274,-7.897619383193869
2247022000,702.264,736.063,5.0,,-7.266656041467412,-7.9796646248178495
2252028000,701.717,733.655,5.0,,-7.300539483713168,-7.824374706861093
2257022000,701.883,736.285,5.0,,-7.291601842536008,-7.993793086763519
2262025000,701.176,734.249,5.0,,-7.336092466146819,-7.862396194802667
2267147000,698.915,734.306,5.0,,-7.482992756659879,-7.86505017672186
2272147000,700.243,735.791,5.0,,-7.39780973456213,-7.961261816858411
2277147000,701.421,737.036,5.0,,-7.322152985915935,-8.041932985648122
2282147000,700.452,733.886,5.0,,-7.382861485732493,-7.838707974992522
2287147000,699.957,735.514,5.0,,-7.416189075027811,-7.94330493506608
2292147000,698.159,740.434,5.0,,-7.536673211792565,-8.259184897739217
2297147000,701.608,737.464,5.0,,-7.310301600489129,-8.069591935385107
2302147000,699.772,742.967,5.0,,-7.4337903612409075,-8.422965360917695
2307147000,705.915,738.314,,,-7.031025109205836,-8.126147277907528
2312147000,705.668,735.317,,,-7.044988761489188,-7.933102747468788
2317147000,709.716,735.185,,,-6.781856287715084,-7.926255335901271
2322148000,710.91,740.193,,,-6.707614051832528,-8.249275868190953
2327156000,740.446,753.564,,,-4.793683221432382,-9.121862822104724
2332148000,770.213,786.772,,,-2.8666551720643745,-11.270643271923758
2337148000,790.772,755.211,,,-1.5150750352900977,-9.238691669172203
2342148000,797.377,750.358,,,-1.0840170675264986,-8.926008817288164
2347148000,795.691,754.742,6.0,,-1.1944779134942678,-9.208866723823414
2352148000,799.633,753.559,6.0,,-0.937410185643321,-9.132755502555318
2357148000,799.705,753.317,6.0,,-0.9326691628134206,-9.11712993061034
2362150000,799.25,753.785,6.0,,-0.9623856966511224,-9.147277557895066
2367154000,799.232,753.688,6.0,,-0.9635752008728722,-9.141041205968826
2372148000,798.739,755.76,6.0,,-0.9959165055966308,-9.27475229861763
2377148000,794.345,752.956,6.0,,-1.2818887766129128,-9.093460966482873
2382154000,792.776,754.178,6.0,,-1.384356850004461,-9.172223286706014
2387148000,793.69,753.989,6.0,,-1.3247649714850869,-9.160120650687768
2392148000,794.013,757.592,6.0,,-1.3042321747471155,-9.39261970497268
2397148000,791.284,753.856,6.0,,-1.4815036116071656,-9.151282501371186
2402273000,792.809,752.519,6.0,,-1.381926826048024,-9.065153618940078
2407278000,796.021,752.319,6.0,,-1.1725735612823565,-9.052473569807406
2412273000,792.606,749.597,6.0,,-1.3946266139073051,-8.876573154133528
2417276000,791.734,751.949,6.0,,-1.4518624139784353,-9.028290603218917
2422274000,792.277,750.142,6.0,,-1.4161914817046022,-8.91167475693855
2427277000,794.272,752.021,6.0,,-1.2865052653826896,-9.033145695306828
2432274000,793.136,751.75,6.0,,-1.360463728240553,-9.01556571358578
2437273000,790.762,750.132,6.0,,-1.514845637354475,-8.91089865483254
2442274000,801.048,745.713,6.0,,-0.8443896217981472,-8.62641072513872
2447274000,796.866,746.658,6.0,,-1.1167686536230326,-8.687194575722183
2452278000,794.063,748.736,6.0,,-1.2996304704758626,-8.82107809187873
2457274000,791.023,746.774,6.0,,-1.4972537323151065,-8.694216000813825
2462274000,796.028,741.34,6.0,,-1.1706546538386935,-8.343833771698039
2467278000,791.87,741.866,6.0,,-1.4413594787167392,-8.377447227270359
2472275000,790.947,742.399,6.0,,-1.5014711527315825,-8.411778137953753
2477274000,791.211,742.201,6.0,,-1.4842583871996726,-8.399074587038859
2482274000,789.997,742.392,6.0,,-1.5633288821095603,-8.4112488575934
2487274000,789.029,746.436,6.0,,-1.627041947740455,-8.672233021432469
2492274000,789.953,748.004,6.0,,-1.5671919913301846,-8.77350128436332
2497274000,789.895,748.129,6.0,,-1.570986409179171,-8.781587170557502
2502274000,792.953,745.646,6.0,,-1.3713970204239252,-8.621542919394916
2507274000,793.282,745.202,6.0,,-1.3499188017589938,-8.592957916000334
2512274000,792.753,749.563,6.0,,-1.3850761608854814,-8.87439131930183
2517283000,793.635,748.718,6.0,,-1.327488970628062,-8.819921945167716
2522274000,794.793,748.387,6.0,,-1.252013948277016,-8.798602973788487
2527274000,795.266,748.799,6.0,,-1.2212989210361496,-8.825287543654502
2532275000,795.206,747.387,6.0,,-1.2250173311008477,-8.734111289833452
2537400000,793.644,743.096,6.0,,-1.3260349203005437,-8.45703091373721
2542399000,792.972,744.147,6.0,,-1.3699784339190608,-8.524817239311059
2547400000,796.083,746.049,6.0,,-1.1677074808386947,-8.647793304320139
2552405000,797.663,738.463,6.0,,-1.0639416592802804,-8.158187940380946
2557404000,797.975,738.307,6.0,,-1.04356908180439,-8.148140288244461
2562400000,797.216,736.635,6.0,,-1.092796988098631,-8.04013884295913
2567411000,794.49,738.001,6.0,,-1.2702545197333683,-8.12812309971456
2572400000,792.785,736.229,6.0,,-1.3809663556544522,-8.013589026203983
2577400000,788.097,734.815,6.0,,-1.685639936971885,-7.921942464979026
2582408000,788.943,735.498,6.0,,-1.6307568076663663,-7.966108481776637
2587410000,788.891,738.16,6.0,,-1.6345707176773725,-8.137992199458425
2592400000,789.536,728.699,6.0,,-1.5910502793670935,-7.527146843466145
2597405000,789.715,729.288,6.0,,-1.5795127882494566,-7.565176924135184
2602407000,794.826,731.645,6.0,,-1.247616652404879,-7.717770166105297
2607409000,796.086,730.534,6.0,,-1.165558996680252,-7.646073619072057
2612400000,796.989,730.109,6.0,,-1.1067663002210353,-7.618738677588506
2617401000,798.171,732.961,6.0,,-1.0302893547361665,-7.802963409637476
2622400000,798.293,733.162,6.0,,-1.0223334569660425,-7.81590934638209
2627400000,797.36,732.839,6.0,,-1.0829972795215874,-7.795041827697024
2632400000,799.401,729.615,6.0,,-0.9499240725601408,-7.586956603327112
2637400000,800.695,731.425,6.0,,-0.8660026746477224,-7.703897521139298
2642400000,798.865,730.704,6.0,,-0.9849327887372576,-7.657234363348715
2647401000,798.281,731.6,6.0,,-1.022949045060439,-7.715032326158239
2652401000,796.794,730.438,6.0,,-1.1195322266336565,-7.639972920598791
2657401000,797.061,733.116,6.0,,-1.1024600795240724,-7.812890677505614
2662401000,799.537,733.276,6.0,,-0.9414669742439616,-7.823347720973542
2667401000,797.325,728.984,6.0,,-1.0848283953942333,-7.546100370732234
2672401000,799.576,732.136,6.0,,-0.9388101057888816,-7.749708566286303
2677407000,800.195,734.198,6.0,,-0.8987347809974934,-7.8829150009245295
2682413000,803.359,734.503,6.0,,-0.6930475306805182,-7.902732442059652
2687526000,802.593,732.453,6.0,,-0.7426927540771248,-7.770301438022207
2692526000,801.882,732.784,6.0,,-0.7889075330506524,-7.791709511863955
2697526000,805.047,725.395,6.0,,-0.582639341679895,-7.31459084262426
2702526000,790.818,730.553,6.0,,-1.5080205200051469,-7.646936349174935
2707530000,796.0,737.916,6.0,,-1.1720717525182571,-8.122776078425316
2712531000,800.041,734.387,6.0,,-0.9087915461766662,-7.895125528056429
2717526000,800.281,733.81,6.0,,-0.8931247790171839,-7.857840583251724
2722526000,798.772,731.362,6.0,,-0.9910115568591008,-7.699708424852293
2727526000,801.534,731.871,6.0,,-0.8115175047267581,-7.732676347771898
2732526000,798.931,732.057,6.0,,-0.9807453009276564,-7.744637004956428
2737527000,803.966,746.345,6.0,,-0.6544617658386663,-8.667319460308962
2742527000,806.523,742.29,,,-0.4877441394565782,-8.405588789562861
2747527000,806.4,734.422,,,-0.495261863572308,-7.897563946582524
2752527000,792.381,738.328,,,-1.4075154747961265,-8.149109629312605
2757527000,792.488,697.557,,,-1.3954975867998538,-5.515430926933614
2762527000,779.337,678.381,,,-2.2456286284001803,-4.275196427097796
2767529000,768.131,628.482,,,-2.9665394678035244,-1.0483787806555536
2772527000,770.639,586.673,,,-2.804871043317961,1.6552466144702052
2777527000,767.443,557.855,,,-3.0143564696051723,3.51834196374681
2782538000,765.213,533.143,,,-3.1628554469711845,5.115303052930424
2787527000,760.775,480.615,,,-3.465955571430411,8.506641530175012
2792527000,759.16,468.612,,,-3.57581581185934,9.28074985254606
2797527000,746.937,450.827,,,-4.382059433283104,10.423983458301135
2802527000,748.752,451.891,7.0,,-4.262891815079752,10.355970090450787
2807527000,747.898,453.615,7.0,,-4.317733096775326,10.244596157189976
2812652000,748.648,455.199,7.0,,-4.267853243097934,10.142718409517892
2817656000,751.2,454.378,7.0,,-4.101710549270222,10.196444152808413
2822652000,752.958,451.983,7.0,,-3.988231829624556,10.351403516288888
2827661000,750.422,445.338,7.0,,-4.1575121585028585,10.778886893390473
2832655000,752.024,445.144,7.0,,-4.052909227764359,10.79191052532233
2837652000,751.136,445.852,7.0,,-4.110511143868571,10.746003783313624
2842652000,751.612,445.662,7.0,,-4.079540448597939,10.758408246377911
2847652000,747.801,443.592,7.0,,-4.329829793057044,10.890525791243228
2852653000,744.032,443.194,7.0,,-4.5764407316367866,10.91484103968358
2857653000,743.192,450.373,7.0,,-4.6268623935568245,10.4519720351772
2862653000,742.569,445.644,7.0,,-4.670483554383776,10.75644087912296
2867656000,742.623,444.557,7.0,,-4.667654237700497,10.826481272391996
2872653000,741.56,443.827,7.0,,-4.737617969446606,10.87316112029044
2877653000,745.514,443.837,7.0,,-4.479121499063964,10.873963104178085
2882653000,745.115,442.918,7.0,,-4.505816425457998,10.93299278500572
2887653000,744.151,441.742,7.0,,-4.569536888219988,11.008457236917096
2892653000,746.822,438.305,7.0,,-4.39705341985956,11.230810737612142
2897653000,745.592,438.541,7.0,,-4.4773776907124585,11.215210197487236
2902653000,746.984,432.846,7.0,,-4.389880944934161,11.5825545600467
2907656000,745.988,437.982,7.0,,-4.451803427509724,11.251331011896935
2912653000,743.856,438.059,7.0,,-4.591185395101452,11.245615763285532
2917653000,747.622,440.96,7.0,,-4.34305680910485,11.06004372317337
2922662000,748.466,435.03,7.0,,-4.291537477651424,11.44240899839874
2927655000,747.755,436.037,7.0,,-4.337442716161818,11.377254877906203
2932653000,741.097,433.95,7.0,,-4.774483149569807,11.509186153928194
2937653000,743.159,436.758,7.0,,-4.637638416315693,11.329118867155264
2942653000,746.844,434.141,7.0,,-4.3982476165293,11.499054622841545
2947658000,748.751,436.982,7.0,,-4.271683691666616,11.316749711119424
2952778000,747.131,433.21,7.0,,-4.380018513809426,11.55917445899672
2957778000,730.98,436.358,7.0,,-5.434744863289572,11.349783214421205
2962782000,732.728,434.461,7.0,,-5.321822486702462,11.47273977972606
2967779000,731.774,433.327,7.0,,-5.385120796788475,11.545298507332074
2972779000,731.223,432.051,7.0,,-5.422185716873814,11.627189443982044
2977779000,731.196,431.606,7.0,,-5.424361584357076,11.655839732828586
2982779000,730.411,429.773,7.0,,-5.477197797279261,11.77344742192677
2987779000,732.259,430.349,7.0,,-5.355718827774952,11.737236509429668
2992779000,731.184,433.252,7.0,,-5.423831897664858,11.549867360041464
2997779000,734.637,430.246,7.0,,-5.20010240646334,11.74495280023067
3002779000,731.438,431.154,7.0,,-5.408831055592333,11.685073692563842
3007779000,732.026,431.552,7.0,,-5.370060491425168,11.65969789656307
3012786000,734.924,431.449,7.0,,-5.180426894597377,11.667652581095192
3017779000,733.658,430.088,7.0,,-5.2643496835296215,11.754683965082794
3022779000,733.927,429.591,7.0,,-5.2471279472199255,11.786812738362494
3027779000,733.284,428.813,7.0,,-5.289863901467916,11.836594134017972
3032781000,731.323,435.26,7.0,,-5.413116119393888,11.420618298312572
3037781000,731.681,433.749,7.0,,-5.390926042363162,11.518065541625718
3042779000,732.329,433.985,7.0,,-5.348298914864187,11.503176717953885
3047779000,734.274,432.763,7.0,,-5.221948485092296,11.582722145658035
3052780000,733.408,432.458,7.0,,-5.278848829855266,11.601955586451869
3057779000,730.313,431.658,7.0,,-5.482102837364166,11.65206220677193
3062779000,731.901,430.591,7.0,,-5.3790048590876935,11.721478449298653
3067780000,731.412,428.636,7.0,,-5.412578374296298,11.847136913796067
3072786000,731.498,427.056,7.0,,-5.40819683729972,11.948855521856592
3077780000,727.529,422.435,7.0,,-5.6721869005340295,12.244334209598238
3082905000,727.915,424.246,7.0,,-5.645340183919761,12.127978958135945
3087905000,729.329,425.398,7.0,,-5.551685962707613,12.054558735758448
3092908000,727.47,427.301,7.0,,-5.6718466133930105,11.931143886736113
3097905000,727.751,426.731,7.0,,-5.65397780470137,11.967948913271542
3102905000,730.101,428.628,7.0,,-5.498466205409653,11.847046908621472
3107905000,729.753,428.346,7.0,,-5.521494198805091,11.864979395989712
3112905000,728.796,428.193,7.0,,-5.584268789830899,11.874378559615792
3117905000,729.708,425.227,7.0,,-5.5270426265281625,12.065698986144008
3122912000,729.756,424.963,7.0,,-5.524113844450414,12.082721251169886
3127912000,726.956,432.716,7.0,,-5.700938232004704,11.58234784685819
3132905000,728.163,428.035,7.0,,-5.625855130696373,11.884266152362128
3137905000,729.873,429.41,7.0,,-5.512713099567407,11.796600172675832
3142905000,727.481,428.268,7.0,,-5.670343849851626,11.86889231075978
3147906000,724.221,433.061,7.0,,-5.87963271550875,11.558827557848884
3152905000,727.733,432.538,7.0,,-5.650260598638547,11.594198002451648
3157909000,727.168,432.678,7.0,,-5.687143919947214,11.584887399654178
3162905000,725.45,430.814,7.0,,-5.801162520925047,11.704072903309518
3167905000,729.203,444.462,7.0,,-5.544712400285852,10.82716964829352
3172906000,725.842,442.502,7.0,,-5.765890421440218,10.951892097772191
3177906000,729.874,435.65,7.0,,-5.507664759200782,11.3949046447563
3182911000,730.725,435.053,7.0,,-5.452430684838505,11.433712756144864
3187906000,727.237,433.672,7.0,,-5.681769306048315,11.520972421489304
3192906000,725.118,432.124,7.0,,-5.821775520733888,11.619585783104192
3197906000,728.339,428.68,7.0,,-5.613804682394977,11.84284754683451
3202906000,730.107,433.326,7.0,,-5.494248767123231,11.544596389701494
3207906000,731.151,431.721,7.0,,-5.4271826157048615,11.648406837502776
3212906000,730.694,431.152,7.0,,-5.457564987622509,11.68480399470356
3218044000,731.958,429.708,7.0,,-5.375963769711535,11.778375248847595
3223031000,731.915,428.772,7.0,,-5.379491041283593,11.838588756345471
3228031000,725.607,435.199,7.0,,-5.787185029490024,11.421892907755218
3233031000,725.873,438.802,7.0,,-5.766810372793836,11.190072248553754
3238031000,726.429,439.911,7.0,,-5.729600466218512,11.118919791545594
3243031000,725.873,438.613,7.0,,-5.766987855026789,11.20224849724386
3248033000,727.898,440.887,7.0,,-5.632780255450072,11.056766574501363
3253031000,729.931,433.488,7.0,,-5.505655719187224,11.534107298717926
3258031000,724.409,432.011,7.0,,-5.868232979373952,11.626523692446847
3263031000,724.39,431.517,7.0,,-5.869940413886734,11.658306726547304
3268031000,725.444,431.14,7.0,,-5.80123984309063,11.683067592833156
3273031000,724.003,431.423,7.0,,-5.895355111068628,11.66414943465531
3278032000,723.717,432.716,7.0,,-5.912934568083197,11.580802478807389
3283042000,723.123,432.529,7.0,,-5.95197106129876,11.592533303460176
3288041000,721.255,432.477,7.0,,-6.074259357286834,11.594868941621092
3293039000,719.287,432.999,7.0,,-6.20261612944903,11.560311986648736
3298032000,721.477,431.371,7.0,,-6.060740202368445,11.666179918822111
3303032000,723.042,429.126,7.0,,-5.960270332536785,11.811485770574112
3308032000,721.6,423.798,7.0,,-6.059559929863116,12.15348960073364
3313035000,720.797,427.577,7.0,,-6.1086635051757385,11.909935801731548
3318032000,722.423,430.415,7.0,,-5.999660253946542,11.728203848691274
3323032000,719.607,431.601,7.0,,-6.182947943473465,11.6504139322845
3328032000,719.647,433.013,7.0,,-6.179038687556711,11.559600181911064
3333044000,717.62,432.395,7.0,,-6.312229462576793,11.598230163208168
3338032000,718.435,432.915,7.0,,-6.258403990671921,11.56523791539631
3343032000,719.068,431.791,7.0,,-6.218021484768854,11.63790684340947
3348032000,720.741,430.845,7.0,,-6.109361157453048,11.69963548480899
3353038000,720.904,430.624,7.0,,-6.098920240347692,11.713957948923088
3358157000,716.599,424.562,7.0,,-6.386486500682264,12.101631446677365
3363157000,718.315,423.384,7.0,,-6.2752177907923885,12.178317810179518
3368163000,716.029,428.838,7.0,,-6.419748962014261,11.826229685911402
3373158000,715.729,428.228,7.0,,-6.439956421620255,11.865328820190651
3378158000,720.189,428.331,7.0,,-6.147818688782369,11.86112825114854
3383158000,719.366,428.99,7.0,,-6.201077864843,11.81830126897749
3388168000,717.461,428.674,7.0,,-6.32608786838164,11.83759443213262
3393158000,717.304,428.463,7.0,,-6.336621395983737,11.851050741973504
3398166000,721.104,428.354,7.0,,-6.087885043061032,11.860116202571524
3403158000,720.218,429.717,7.0,,-6.144661334775817,11.771980772205875
3408168000,719.854,429.773,7.0,,-6.16842581092593,11.76815699252091
3413158000,719.726,429.739,7.0,,-6.176820533609514,11.770291762529729
3418158000,710.842,423.338,7.0,,-6.764968251989114,12.176968106706989
3423158000,713.68,420.286,7.0,,-6.5820630666994,12.374937214076494
3428158000,714.809,422.71,7.0,,-6.505635753985913,12.219682207813172
3433163000,713.56,423.694,7.0,,-6.586462853990995,12.155668701162824
3438158000,712.486,422.731,7.0,,-6.657819555428948,12.216985143005465
3443158000,709.514,423.427,7.0,,-6.851882727501814,12.170428862019625
3448169000,708.387,424.121,7.0,,-6.9249398257974,12.125123425944768
3453158000,704.941,419.132,7.0,,-7.156213685809609,12.44361633950775
3458158000,704.48,417.966,7.0,,-7.187755527204509,12.518288496319638
3463158000,706.282,421.068,7.0,,-7.066163687068828,12.320095227059548
3468158000,708.719,422.957,7.0,,-6.904443346969205,12.200141840758004
3473158000,703.97,420.574,7.0,,-7.21827371474216,12.350315538207962
3478158000,704.483,420.022,7.0,,-7.185277151824019,12.386126178604956
3483169000,700.6,416.107,7.0,,-7.444365901665856,12.63516139131264
3488159000,697.691,424.151,7.0,,-7.62557199774914,12.116234177780353
3493166000,697.808,424.178,7.0,,-7.617898231809327,12.114631222389855
3498284000,698.279,420.27,7.0,,-7.591562603104379,12.366066690667154
3503284000,699.001,419.827,7.0,,-7.544783665648794,12.395025198345628
3508285000,696.445,423.728,7.0,,-7.707653702543295,12.142602576294706
3513284000,693.488,416.266,7.0,,-7.910528588578252,12.619889898197403
3518284000,695.382,417.214,7.0,,-7.785216411085065,12.560348752460012
3523295000,700.775,424.52,7.0,,-7.423138754368819,12.0945796205732
3528284000,695.218,425.24,7.0,,-7.786228004296288,12.04458541039481
3533284000,692.021,428.26,,2.0,-7.991959218334212,11.848356412041891
3538284000,691.94,428.414,,2.0,-7.99708826855685,11.83838646307668
3543284000,695.381,428.346,,2.0,-7.771931987655828,11.845089603422055
3548288000,690.235,440.539,,2.0,-8.094554118322408,11.058097919851315
3553284000,705.441,444.626,,2.0,-7.096990686757031,10.80465315643037
3558284000,716.056,470.332,,2.0,-6.3831410439435485,9.15524948986684
3563284000,726.065,453.763,,2.0,-5.742744867995493,10.226773968834054
3568284000,582.173,543.069,,2.0,-14.996894948307215,4.418951129371076
3573284000,565.912,573.97,,2.0,-16.02464787126424,2.441670167325548
3578284000,525.987,542.375,,2.0,-18.61950046193964,4.43279206722161
3583284000,568.182,614.453,,2.0,-15.869158654936712,-0.1386725119147107
3588284000,597.333,594.84,,2.0,-13.993974488399957,1.115260622598685
3593285000,709.568,590.286,,2.0,-6.7527296969643125,1.41860622103393
3598285000,808.181,684.21,,2.0,-0.377547649228444,-4.653162887628323
3603293000,784.667,753.057,,2.0,-1.9124734307570013,-9.099060457645043
3608285000,625.507,812.741,,2.0,-12.372011853017035,-12.83909772789534
3613287000,541.691,737.012,,2.0,-17.680988907610953,-7.922081634589016
3618285000,641.911,811.444,,2.0,-11.294909539298242,-12.774339790448396
3623285000,566.677,776.177,,2.0,-16.13587776078748,-10.437744525177536
3638410000,647.891,805.211,,2.0,-10.892326932485435,-12.381585328621195
3643410000,638.124,793.075,,2.0,-11.510542976710726,-11.595192795857768
3648411000,639.706,737.461,,2.0,-11.33019765565356,-8.034474067378667
3653410000,695.016,666.115,,2.0,-7.699991278741885,-3.471143308030121
3658410000,646.62,698.926,,2.0,-10.84673040780844,-5.566264396767144
3663410000,694.578,672.357,,2.0,-7.730479188581182,-3.873325185280204
3668410000,721.091,681.789,,2.0,-6.018175796205153,-4.487319447010089
3673421000,714.339,681.971,,2.0,-6.455323603093748,-4.497633333871989
3678410000,761.679,677.869,,2.0,-3.389148793774017,-4.240527553550404
3683410000,736.172,718.974,,2.0,-5.054776128321752,-6.890009404912742
3688410000,751.204,719.343,,2.0,-4.078971314932905,-6.917402133263113
3693411000,749.641,716.382,,2.0,-4.179441390154556,-6.725947567221514
3698411000,750.566,713.005,8.0,2.0,-4.118299945470682,-6.508129562084387
3703414000,747.463,723.341,8.0,2.0,-4.323432374368531,-7.174541412038432
3708411000,747.624,711.767,8.0,2.0,-4.308763151022106,-6.427650393011615
3713411000,750.666,713.582,8.0,2.0,-4.11194278289349,-6.545385680774278
3718411000,749.59,715.211,8.0,2.0,-4.182386539212744,-6.650348861755867
3723412000,745.535,689.189,8.0,2.0,-4.437303030520044,-4.969564149527891
3728411000,747.494,697.766,8.0,2.0,-4.312762553911541,-5.523735777448957
3733416000,746.875,699.178,8.0,2.0,-4.353336150721595,-5.614793856171902
3738414000,749.134,702.733,8.0,2.0,-4.2079395318950095,-5.844707382235631
3743411000,747.764,707.083,8.0,2.0,-4.298107351344167,-6.125322178640333
3748419000,745.114,707.722,8.0,2.0,-4.470244961348275,-6.166041698878183
3753411000,740.716,707.911,8.0,2.0,-4.755604630996878,-6.177281723443239
3758411000,740.563,708.751,8.0,2.0,-4.765802237636975,-6.231461528208985
3763536000,740.289,707.405,8.0,2.0,-4.7830951669702095,-6.144492961674919
3768536000,739.985,707.375,8.0,,-4.802783929738402,-6.142542698882262
3773536000,742.797,707.488,8.0,,-4.6204799189156205,-6.150426753866665
3778536000,746.026,707.901,8.0,,-4.411145884588085,-6.177725466453327
3783536000,746.419,713.864,8.0,,-4.387724210221843,-6.562701653415156
3788536000,744.462,713.559,8.0,,-4.514597067067245,-6.542601290519503
3793536000,743.742,717.058,8.0,,-4.562619337892902,-6.76823165436278
3798536000,743.542,717.725,8.0,,-4.575829927559198,-6.811254193853503
3803537000,746.828,719.772,8.0,,-4.363315574062017,-6.944078580743363
3808538000,745.961,721.971,8.0,,-4.4204167950937565,-7.08580396847376
3813537000,748.941,719.202,8.0,,-4.225889017777439,-6.907781903275908
3818537000,744.976,722.767,8.0,,-4.484726662226037,-7.1369232554839295
3823537000,746.395,722.25,8.0,,-4.39235765206507,-7.103904302459372
3828537000,748.364,722.322,8.0,,-4.264482094099931,-7.109035905159417
3833537000,743.837,719.224,8.0,,-4.557291528588504,-6.908033791816898
3838537000,742.929,719.592,8.0,,-4.616385048590478,-6.931602051767039
3843537000,734.537,719.09,8.0,,-5.160965261325806,-6.897084954390493
3848537000,733.061,719.956,8.0,,-5.257198909585326,-6.9525076991703845
3853537000,735.848,724.12,8.0,,-5.078123893632597,-7.221847805183355
3858537000,733.79,719.539,8.0,,-5.209675732162511,-6.925825399005808
3863537000,729.075,718.057,8.0,,-5.515054525877896,-6.828897787340456
3868540000,730.551,720.24,8.0,,-5.4202598727970015,-6.970131108655427
3873537000,733.141,721.488,8.0,,-5.252655566285949,-7.051390951629881
3878550000,732.383,721.839,8.0,,-5.302082705743293,-7.073806085604773
3883537000,726.874,719.048,8.0,,-5.65839036603631,-6.892213731374415
3888537000,726.267,718.518,8.0,,-5.697519620666037,-6.857843774888271
3893537000,716.667,716.305,8.0,,-6.319432029603236,-6.712212821210576
3898665000,714.36,714.966,8.0,,-6.468388640933464,-6.625135377455387
3903662000,712.844,714.748,8.0,,-6.566626965336745,-6.610644113621179
3908662000,718.819,709.981,8.0,,-6.176691418502491,-6.305143355400684
3913662000,719.302,709.559,8.0,,-6.145190517010575,-6.2781180561028265
3918664000,720.002,711.392,8.0,,-6.100602176428107,-6.396480152613646
3923666000,716.393,708.795,8.0,,-6.333461678014512,-6.227961633185193
3928663000,722.575,702.109,8.0,,-5.929612499761364,-5.7985158547313125
3933663000,720.446,704.359,8.0,,-6.068633880689338,-5.943099157317996
3938663000,721.951,704.43,8.0,,-5.971064963807346,-5.948049458261068
3943673000,721.406,723.671,8.0,,-6.015673860822605,-7.188598863364941
3948663000,719.295,717.874,8.0,,-6.149718062652377,-6.814168774999184
3953663000,718.818,713.709,8.0,,-6.178520965253205,-6.545548250376398
3958663000,720.8,718.151,8.0,,-6.052179310519623,-6.832533614167855
3963666000,719.993,713.107,8.0,,-6.10202411114502,-6.507086609306564
3968663000,718.006,715.49,8.0,,-6.232095406490061,-6.660074735685903
3973663000,722.761,709.824,8.0,,-5.920944020316003,-6.29618744936682
3978663000,721.755,710.841,8.0,,-5.986689674208061,-6.361470856204478
3983663000,720.654,708.521,8.0,,-6.057031782295739,-6.211525207384997
3988663000,717.782,707.265,8.0,,-6.242657629132218,-6.129720260374608
3993663000,716.969,708.98,8.0,,-6.296184380558307,-6.240096423284849
3998663000,712.914,718.794,8.0,,-6.56425122044861,-6.8714083952794125
4003663000,713.8,718.035,8.0,,-6.5063403452220445,-6.822777332371345
4008676000,719.542,700.742,8.0,,-6.125650166597061,-5.709599022723059
4013664000,716.564,706.41,8.0,,-6.321209973021901,-6.074239843766359
4018671000,716.727,708.573,8.0,,-6.311674469882902,-6.2137412868962265
4023664000,720.841,712.419,8.0,,-6.046706614040974,-6.462943065646624
4028667000,724.795,709.093,8.0,,-5.788719291567421,-6.249582620784575
4033789000,724.378,708.654,8.0,,-5.81553351603509,-6.2211373240342365
4038789000,724.713,712.407,8.0,,-5.795493861146705,-6.4632985946547015
4043789000,720.621,712.16,8.0,,-6.060812386249,-6.446226993471286
4048789000,719.739,710.726,8.0,,-6.1173952119217,-6.35348184143051
4053794000,719.359,711.274,8.0,,-6.142279157698533,-6.388702139736632
4058789000,718.526,709.341,8.0,,-6.195379963440069,-6.263837562325463
4063789000,723.158,713.103,8.0,,-5.896708423799294,-6.507771976842862
4068789000,724.029,719.836,8.0,,-5.843458373961467,-6.94217856656036
4073795000,722.679,716.027,8.0,,-5.92921635302062,-6.696152252413289
4078789000,718.109,714.284,8.0,,-6.224816176908626,-6.582350733757173
4083789000,717.889,714.947,8.0,,-6.239416196698122,-6.62508561560711
4088789000,722.182,707.46,8.0,,-5.957410188673798,-6.143576698691624
4093802000,720.745,711.002,8.0,,-6.05223925459137,-6.371561355329165
4098789000,723.906,710.988,8.0,,-5.847183196161344,-6.371537595901353
4103793000,720.614,710.151,8.0,,-6.060351000059864,-6.316631814370085
4108792000,724.728,713.307,8.0,,-5.794969073377458,-6.521349879311623
4113790000,723.324,713.453,8.0,,-5.886082798428006,-6.53038477165505
4118789000,719.148,720.392,8.0,,-6.160547314886922,-6.976449465117412
4123790000,716.477,715.826,8.0,,-6.331500381594863,-6.681298055889976
4128790000,723.794,710.918,8.0,,-5.854464136109646,-6.367046218363345
4133790000,723.5,707.994,8.0,,-5.8722159913188925,-6.178363286180979
4138790000,723.74,713.962,8.0,,-5.859351363278524,-6.563295432595143
4143790000,722.523,705.53,8.0,,-5.9344806659592,-6.019189896990127
4148790000,720.665,706.41,8.0,,-6.055354217311468,-6.0754533195316025
4153790000,717.343,708.425,8.0,,-6.271646499049498,-6.20437654974166
4158790000,718.405,708.646,8.0,,-6.202908508404204,-6.218949502181149
4163790000,726.459,710.526,8.0,,-5.681436216174866,-6.342472272532358
4168919000,725.296,711.005,8.0,,-5.7570761475028425,-6.3730198596105
4173917000,727.47,705.398,8.0,,-5.613664734957415,-6.0119695878154165
4178915000,721.727,715.189,8.0,,-5.990538393570881,-6.64182073322569
4183915000,720.775,713.004,8.0,,-6.051230757135275,-6.50063806655936
4188915000,719.625,712.301,8.0,,-6.125488108592696,-6.454978610411082
4193915000,720.455,712.994,8.0,,-6.071996855124869,-6.499936603901565
4198915000,721.55,713.594,8.0,,-6.001240630423393,-6.53895208019138
4203918000,721.736,713.768,8.0,,-5.989254789411609,-6.550212079286748
4208915000,723.585,712.562,8.0,,-5.868755517964301,-6.473002712577976
4213927000,722.482,707.404,8.0,,-5.9379643906524455,-6.140010447308136
4218918000,720.325,713.077,8.0,,-6.080490004206978,-6.505222530004302
4223915000,717.963,705.977,8.0,,-6.230336260262423,-6.046708520760886
4228917000,719.713,710.738,8.0,,-6.119091381149805,-6.354249208045267
4233916000,719.295,713.243,8.0,,-6.147349434583473,-6.515660081802801
4238916000,718.304,717.706,8.0,,-6.2139030716697246,-6.803030000748887
4243916000,721.407,711.135,8.0,,-6.009352634986664,-6.38034151931636
4248916000,718.948,712.189,8.0,,-6.169343568125481,-6.447554548062041
4253919000,720.422,710.747,8.0,,-6.073052551130025,-6.355027809297257
4258916000,717.728,713.205,8.0,,-6.249016777772112,-6.512722643620877
4263916000,721.616,714.06,,,-5.997203326663683,-6.569008162496123
4268916000,725.688,713.146,,,-5.73259268603251,-6.511226562939124
4273916000,728.776,721.761,,,-5.536206038058616,-7.067688951507688
4278916000,743.478,716.813,,,-4.579673734188594,-6.752364583022704
4283916000,742.433,719.522,9.0,,-4.648570172844532,-6.92694578011898
4288916000,741.936,719.238,9.0,,-4.680729882882741,-6.908481346165174
4293916000,742.1,719.322,9.0,,-4.670123530191842,-6.9139399193468805
4298916000,742.411,717.631,9.0,,-4.649232165760136,-6.804950181337585
4303916000,744.892,722.679,9.0,,-4.490103057642695,-7.131267362598334
4308922000,744.741,720.285,9.0,,-4.498971476103467,-6.976752869302659
4314041000,745.188,722.515,9.0,,-4.470841517589939,-7.120744341131861
4319051000,743.493,719.405,9.0,,-4.57969960827116,-6.919653446509259
4324041000,737.492,719.301,9.0,,-4.969229857916638,-6.911425855476046
4329041000,738.311,714.032,9.0,,-4.913921783521957,-6.571698866368497
4334041000,741.897,710.017,9.0,,-4.679770269675525,-6.313470283998898
4339042000,751.46,720.906,9.0,,-4.062906547984933,-7.018298965602645
4344042000,749.599,720.741,9.0,,-4.183727899504284,-7.007242086234908
4349042000,748.461,720.16,9.0,,-4.2574094199453,-6.969495934451698
4354042000,750.012,718.609,9.0,,-4.156130367482381,-6.869751107302081
4359042000,747.224,715.87,9.0,,-4.336149429878643,-6.692344465609017
4364052000,745.507,713.952,9.0,,-4.446942444416282,-6.568215272485513
4369042000,744.619,718.471,9.0,,-4.506214373800964,-6.859642081970772
4374042000,743.27,715.533,9.0,,-4.592691978522786,-6.669705985557496
4379042000,746.058,712.981,9.0,,-4.410814033724699,-6.505668606947449
4384042000,746.714,708.056,9.0,,-4.366544091851957,-6.187884586637422
4389042000,747.011,714.302,9.0,,-4.349431400617234,-6.591133336923904
4394042000,748.384,714.888,9.0,,-4.260532705117746,-6.629236055391499
4399042000,750.967,710.591,9.0,,-4.091483574838236,-6.352406494761154
4404045000,750.796,708.947,9.0,,-4.102050311372818,-6.246211267429776
4409042000,750.791,706.103,9.0,,-4.101465495674362,-6.062593022814351
4414042000,748.514,708.223,,,-4.249862826682487,-6.199020722747924
4419042000,748.809,710.682,,,-4.23154805411909,-6.357822731029222
4424042000,748.244,704.227,,,-4.266082979652309,-5.941045212312148
4429042000,748.166,688.724,,,-4.266752029818027,-4.939972597979917
4434043000,715.306,669.273,,,-6.388752616984618,-3.678711962566255
4439043000,711.431,621.224,,,-6.631234374357318,-0.5777582351212117
4444168000,706.106,595.535,,,-6.975907407672314,1.079703579969279
4449171000,701.057,566.194,,,-7.307367634485545,2.9716739558829808
4454168000,697.289,518.99,,,-7.570588927078507,6.013356970323541
4459168000,698.301,481.034,,,-7.530410182927765,8.45806193625576
4464168000,692.203,448.206,,,-7.957726250428063,10.56655708744162
4469168000,669.764,422.232,,,-9.456936981021984,12.218167807205129
4474168000,678.05,407.085,,,-8.936081106867926,13.196939258506848
4479168000,689.647,407.984,10.0,,-8.173456553573242,13.148770406254217
4484168000,688.185,406.163,10.0,,-8.271957079194715,13.264507105100398
4489175000,687.803,411.978,10.0,,-8.289060460430509,12.890899082981568
4494168000,685.513,411.811,10.0,,-8.439486039120975,12.899815707931111
4499168000,680.65,414.548,10.0,,-8.754685373638795,12.720267746780026
4504168000,680.673,413.48,10.0,,-8.754687875623839,12.788834029662338
4509170000,679.308,415.647,10.0,,-8.841086305062829,12.648646250375725
4514168000,680.197,411.012,10.0,,-8.78939884104523,12.946774766746826
4519169000,679.363,412.173,10.0,,-8.842454247132693,12.871592044978955
4524170000,680.67,411.659,10.0,,-8.757425861094264,12.905637213099286
4529168000,679.034,410.493,10.0,,-8.866473686036057,12.97909142091205
4534168000,679.035,410.838,10.0,,-8.865876072191657,12.956985681590853
4539168000,680.734,410.216,10.0,,-8.755312536838435,12.998310572583929
4544169000,680.562,409.611,10.0,,-8.767505103169825,13.036990873855627
4549169000,676.37,416.652,10.0,,-9.0322796691432,12.581727773794276
4554169000,676.34,414.614,10.0,,-9.037149416691106,12.71244053260905
4559169000,676.435,414.045,10.0,,-9.031734229236603,12.749035027495802
4564169000,673.942,417.567,10.0,,-9.19007272161373,12.52096709086172
4569169000,676.221,416.877,10.0,,-9.041693451908069,12.56714699651678
4574169000,673.255,416.966,10.0,,-9.23593139295168,12.558916636855209
4579294000,673.365,417.511,10.0,,-9.227954440624517,12.524045090025483
4584294000,673.077,414.643,10.0,,-9.25103254606678,12.70779151618646
4589294000,673.713,414.608,10.0,,-9.209393113578807,12.7105965804874
4594294000,672.666,414.128,10.0,,-9.278791961600618,12.740517245432583
4599295000,668.265,418.466,10.0,,-9.560695473199926,12.458452806091293
4604294000,672.093,420.121,10.0,,-9.307465728164363,12.35558104082092
4609294000,671.894,414.531,10.0,,-9.328800037069536,12.713975345788826
4614294000,671.22,416.651,10.0,,-9.369820981993565,12.577416569097863
4619294000,669.832,418.234,10.0,,-9.458406526740278,12.474659645015205
4624294000,671.889,416.855,10.0,,-9.325666690040949,12.564909952654297
4629294000,674.036,415.351,10.0,,-9.187158215088392,12.66319131464525
4634294000,676.661,414.226,10.0,,-9.016715247179071,12.737637489352602
4639298000,673.597,410.833,10.0,,-9.222654017881204,12.952677284831935
4644294000,677.872,412.39,10.0,,-8.939921163678083,12.85641735943594
4649304000,679.614,415.529,10.0,,-8.82123291328887,12.656424018164373
4654295000,684.011,421.388,10.0,,-8.525086281679389,12.28384456676185
4659295000,686.385,422.628,10.0,,-8.367967351365063,12.206055332993252
4664298000,686.682,418.801,10.0,,-8.353440818406161,12.451958584692138
4669295000,681.85,419.151,10.0,,-8.669622686258133,12.42576313557817
4674295000,681.717,415.847,10.0,,-8.682866246941424,12.637731350535928
4679295000,679.809,414.759,10.0,,-8.8094991089683,12.70601134056979
4684295000,683.713,422.471,10.0,,-8.543160915364888,12.214064850510656
4689298000,682.124,421.691,10.0,,-8.648266490564362,12.26294746901383
4694295000,682.76,422.082,10.0,,-8.606101051676433,12.23830362375991
4699295000,682.004,420.395,10.0,,-8.657841782393586,12.346027529947747
4704295000,683.877,419.6,10.0,,-8.536220832500105,12.398562021999853
4709302000,682.22,419.562,10.0,,-8.644835121516087,12.39969582019828
4714302000,682.423,417.457,10.0,,-8.63440711467544,12.534942314399608
4719420000,679.248,418.828,10.0,,-8.840568635121317,12.44443482499122
4724420000,680.082,419.485,10.0,,-8.785056156146718,12.402942768145136
4729420000,680.081,418.834,10.0,,-8.78597589994011,12.44468902731363
4734420000,681.781,419.105,10.0,,-8.674213359099419,12.428687588738727
4739420000,680.398,418.486,10.0,,-8.765674601320168,12.467323059727573
4744420000,680.847,418.118,10.0,,-8.736771132615157,12.49128142333669
4749420000,679.526,418.02,10.0,,-8.823464702861841,12.496520993518114
4754420000,679.844,417.961,10.0,,-8.80274395492603,12.500578929245226
4759432000,680.936,418.008,10.0,,-8.731090159504463,12.498405906022732
4764421000,682.558,414.431,10.0,,-8.62972367047296,12.72929259107831
4769421000,682.625,414.641,10.0,,-8.625025922339683,12.71585844375013
4774421000,681.82,416.663,10.0,,-8.675000153449494,12.585447693443086
4779435000,681.717,417.163,10.0,,-8.681049098499344,12.553276987491412
4784421000,681.17,417.118,10.0,,-8.717016682476476,12.555708417050992
4789429000,681.554,417.794,10.0,,-8.690915552272303,12.512635568396009
4794430000,683.627,417.26,10.0,,-8.555767140093861,12.54854616600317
4799421000,685.515,416.876,10.0,,-8.432479551028608,12.574662127405432
4804421000,682.049,417.651,10.0,,-8.658628645280505,12.522215318688453
4809421000,679.627,411.74,,,-8.825774830918848,12.89962948737635
4814422000,678.494,416.735,,,-8.892935109101343,12.578149923828317
4819421000,679.236,434.453,,,-8.820644323271756,11.44138859930186
4824421000,677.549,444.553,,,-8.918360308793103,10.791553767138554
4829421000,670.802,504.63,,,-9.297224567369083,6.926762224058141
4834424000,659.586,556.862,,,-9.990798374187426,3.563846383728705
4839421000,670.176,624.701,,,-9.295771948558311,-0.8000843339282705
4844424000,691.213,670.487,,,-7.947404912886155,-3.752050761745681
4849546000,690.196,727.407,,,-8.044183920706915,-7.417147072913427
4854546000,696.456,763.591,,,-7.667073832066282,-9.748095522856552
4859547000,704.882,781.441,,,-7.134249737938719,-10.900770779805065
4864547000,696.555,792.419,,,-7.689967414053007,-11.601275141131982
4869547000,701.115,806.95,11.0,,-7.407897530022061,-12.537864519212764
4874547000,685.758,799.341,11.0,,-8.404732635180162,-12.038194208782077
4879547000,682.855,807.438,11.0,,-8.605501767952823,-12.555626660167992
4884547000,682.471,805.602,11.0,,-8.628199773511916,-12.43752388831128
4889547000,683.801,801.582,11.0,,-8.535717349392101,-12.18056605633011
4894547000,685.129,805.478,11.0,,-8.45381985139334,-12.43163612618919
4899549000,685.056,805.13,11.0,,-8.458151779402787,-12.409231647380016
4904556000,680.975,812.501,11.0,,-8.73575272394614,-12.878943652144514
4909558000,680.937,807.589,11.0,,-8.731379592211075,-12.56381916655007
4914547000,681.105,807.25,11.0,,-8.719928724721305,-12.54218494681854
4919547000,688.944,803.889,11.0,,-8.201864312222792,-12.3325633900099
4924551000,687.208,802.929,11.0,,-8.314308574850466,-12.26959627835289
4929547000,685.22,804.401,11.0,,-8.446496449739676,-12.362564888811406
4934547000,686.477,803.007,11.0,,-8.362307965585424,-12.274102239597417
4939547000,686.378,802.014,11.0,,-8.367540312485014,-12.210257807517175
4944547000,687.079,802.311,11.0,,-8.322014780307951,-12.229870880432363
4949557000,686.766,805.855,11.0,,-8.347103193761438,-12.457128034598908
4954547000,690.808,794.726,11.0,,-8.068588457141935,-11.745560022595024
4959547000,695.296,804.532,11.0,,-7.7864509396744435,-12.378483401592826
4964547000,693.372,802.651,11.0,,-7.910251342043699,-12.256299390385337
4969548000,696.182,795.858,11.0,,-7.7182384416158145,-11.821959428077497
4974548000,695.167,798.373,11.0,,-7.7875614225164975,-11.982841172617931
4979548000,695.807,801.447,11.0,,-7.749298758584364,-12.180724638222868
4984676000,692.438,793.638,11.0,,-7.960621156209165,-11.6767564247509
4989673000,694.08,795.072,11.0,,-7.854877503053734,-11.770029191464882
4994680000,694.727,795.754,,,-7.813322132225025,-11.81430922018426
4999673000,691.754,794.889,,,-8.00689137821914,-11.75665642274381
5004673000,691.196,793.294,,,-8.041514535345662,-11.653848890788291
5009677000,690.391,768.792,,,-8.067385750831352,-10.078941709254568
5014673000,712.591,742.568,,,-6.59986689522635,-8.402959215778175
5019674000,700.996,716.385,,,-7.336076508935039,-6.71192046718286
5024673000,710.284,716.637,12.0,,-6.733693708435934,-6.7314894504723135
5029673000,709.458,716.982,12.0,,-6.787529146109286,-6.753469813643966
5034673000,714.294,724.202,12.0,,-6.477716002160417,-7.220375629689196
5039684000,707.925,733.674,12.0,,-6.897208574369303,-7.828174778998159
5044673000,703.922,734.384,12.0,,-7.157773693002953,-7.872239948053103
5049673000,703.105,735.03,12.0,,-7.211301684611432,-7.9134986525875135
5054673000,698.802,724.141,12.0,,-7.483340223829876,-7.210582367723132
5059674000,699.705,724.141,12.0,,-7.424750632192429,-7.210937029667679
5064674000,701.803,721.388,12.0,,-7.286800233062203,-7.034479504298836
5069674000,702.283,719.292,12.0,,-7.254359795487785,-6.899667567681719
5074673000,701.701,720.14,12.0,,-7.292637585593498,-6.95408975199092
5079678000,708.178,720.183,12.0,,-6.872390061260819,-6.959225306073875
5084674000,706.923,721.084,12.0,,-6.954369266234689,-7.016831282931989
5089674000,707.74,721.83,12.0,,-6.901774298661077,-7.065190955184367
5094674000,705.876,720.388,12.0,,-7.021901545586453,-6.971592118286097
5099674000,703.904,719.486,12.0,,-7.149289344144363,-6.912739589980597
5104674000,704.006,718.875,12.0,,-7.142347981046729,-6.873429106695308
5109674000,705.039,718.238,12.0,,-7.074927738566382,-6.832808542489303
5114674000,704.799,723.078,12.0,,-7.093392286004008,-7.144516677794391
5119674000,703.844,721.406,12.0,,-7.1543443527978265,-7.036426447832389
5124799000,702.884,720.14,12.0,,-7.215883064515149,-6.954525033573444
5129799000,706.235,718.066,12.0,,-6.997248432108307,-6.822161941993624
5134799000,706.565,717.198,12.0,,-6.975299233750754,-6.766311460153318
5139799000,704.314,715.762,12.0,,-7.1204818990838366,-6.672992103110737
5144799000,701.533,714.129,12.0,,-7.299951491977016,-6.566814596943152
5149803000,700.752,712.691,12.0,,-7.34975393885065,-6.473930853667833
5154799000,700.798,710.995,12.0,,-7.345790879694615,-6.364646516752274
5159799000,699.118,709.429,,,-7.453818649850019,-6.263189301153282
5164800000,699.913,711.242,,,-7.403320087359044,-6.380250598816166
5169799000,699.957,711.033,,,-7.400323540496201,-6.366796862966456
5174800000,704.795,715.142,,,-7.08893624450786,-6.633224922329275
5179801000,730.085,746.363,,,-5.464230101146651,-8.654197106449757
5184800000,729.603,742.743,,,-5.493456113844892,-8.420718535910105
5189800000,724.694,765.574,,,-5.827877121636187,-9.889673807741326
5194800000,727.847,758.706,13.0,,-5.617591693728998,-9.448646115594665
5199800000,729.494,753.995,13.0,,-5.507260837510051,-9.145746464428669
5204800000,731.917,748.335,13.0,,-5.346118270903393,-8.781948544847852
5209800000,726.3,742.781,13.0,,-5.708377628587864,-8.421958818945763
5214804000,726.848,741.478,13.0,,-5.671929465951283,-8.338191070363882
5219800000,728.82,742.106,13.0,,-5.544023915927896,-8.379377370306415
5224800000,729.014,740.059,13.0,,-5.530267002342796,-8.247486038122604
5229800000,728.484,740.679,13.0,,-5.565065098384162,-8.287313728067915
5234800000,735.915,758.586,13.0,,-5.0917578546554125,-9.443971067272448
5239800000,734.033,750.763,13.0,,-5.209781150586649,-8.939124385090608
5244800000,732.422,753.418,13.0,,-5.316212303922454,-9.10967208013702
5249800000,738.853,740.961,13.0,,-4.890769150320305,-8.308828820309008
5254800000,737.457,745.428,13.0,,-4.983947881313145,-8.596391412830505
5259925000,735.777,742.135,13.0,,-5.091481716663476,-8.383588823156687
5264925000,741.529,750.077,13.0,,-4.721271235675959,-8.8973688775928
5269925000,736.511,749.467,13.0,,-5.04771254989156,-8.856438741155989
5274926000,736.271,751.035,13.0,,-5.064196252218817,-8.957467712674354
5279925000,737.544,751.034,,,-4.981301236191935,-8.957776646051975
5284925000,739.967,749.218,,,-4.822528354189102,-8.841519034039669
5289926000,740.989,751.992,,,-4.75744246095584,-9.020695833193471
5294926000,761.632,751.956,,,-3.412855682798879,-9.023997749279475
5299930000,792.726,746.86,,,-1.386410041977221,-8.699931343185222
5304926000,817.029,734.241,,,0.1959360058087354,-7.885872836040953
5309926000,830.38,723.724,,,1.0632175886234312,-7.206006675746607
5314926000,832.45,719.866,,,1.197380226101865,-6.956720629647789
5319926000,841.443,718.036,14.0,,1.7810888134823344,-6.837652089038443
5324926000,836.958,715.163,14.0,,1.4895745620920922,-6.652524903873934
5329931000,835.556,715.574,14.0,,1.3986145680183444,-6.679209613594498
5334927000,841.141,710.737,14.0,,1.760570687234441,-6.366236282739912
5339929000,840.301,713.16,14.0,,1.706354814910544,-6.522818813407293
5344936000,837.703,714.314,14.0,,1.5378185690730408,-6.597616470017089
5349926000,837.401,715.967,14.0,,1.5184195898144797,-6.704434127648296
5354926000,842.229,718.733,14.0,,1.8321894694662493,-6.882586988903711
5359926000,844.048,721.35,14.0,,1.9507464041632523,-7.0514196008005525
5364926000,838.009,720.752,14.0,,1.5584654499997526,-7.013440748060378
5369926000,843.086,709.364,14.0,,1.886548508064628,-6.2773402701530525
5374931000,842.945,715.163,14.0,,1.8781865029765945,-6.651978238925968
5379926000,841.403,716.426,14.0,,1.7782535004124225,-6.733723408921056
5384927000,845.057,725.553,14.0,,2.0169134408541614,-7.322722460885174
5389926000,838.543,723.816,14.0,,1.5935468120767438,-7.21127628354307
5395051000,838.544,725.105,14.0,,1.5937708609553631,-7.294531393885166
5400052000,839.624,723.087,14.0,,1.6636525022233994,-7.164097602393396
5405052000,842.249,718.778,14.0,,1.833523405473204,-6.885490355006613
5410052000,841.063,721.208,14.0,,1.7568633620698086,-7.042617715755829
5415052000,842.223,714.438,14.0,,1.831233580277524,-6.605219007145469
5420062000,842.236,713.57,14.0,,1.8319807219477384,-6.5491591223254
5425052000,843.957,719.331,14.0,,1.9445176443139225,-6.921052616286248
5430052000,840.966,715.347,14.0,,1.7497836746416515,-6.664031158147843
5435052000,842.154,713.038,14.0,,1.826566276226172,-6.514780575404666
5440057000,842.02,713.217,14.0,,1.81790347904337,-6.526334424337974
5445052000,841.387,715.607,14.0,,1.777154365122204,-6.680802860290419
5450052000,842.999,716.862,14.0,,1.8819676342614329,-6.761705189200459
5455052000,845.712,719.158,14.0,,2.0584155605368646,-6.909658416467465
5460064000,843.222,719.137,14.0,,1.8967472352642265,-6.908573426146374
5465055000,842.276,718.997,14.0,,1.8353375211355865,-6.899639084749977
5470052000,843.665,722.745,14.0,,1.926048555851564,-7.141546046506829
5475052000,841.159,717.173,14.0,,1.7625156649644838,-6.781947179424962
5480052000,840.044,716.38,14.0,,1.6900262324802249,-6.730868506425128
5485052000,837.194,720.087,14.0,,1.5054414533814378,-6.970551944643216
5490056000,838.171,718.491,14.0,,1.5687255004401788,-6.867387142401668
5495053000,837.94,717.619,14.0,,1.5536159656931918,-6.811100045555576
5500056000,837.016,716.087,14.0,,1.4934473218177848,-6.712195380799942
5505053000,835.948,713.253,14.0,,1.4238367023402787,-6.529255956147057
5510053000,837.797,706.451,14.0,,1.5431016348811588,-6.089622880362737
5515053000,837.752,717.541,14.0,,1.5414137739752294,-6.806055548485683
5520053000,839.718,713.011,14.0,,1.6684484669436,-6.513269718045208
5525053000,840.684,712.539,14.0,,1.7311137287051583,-6.482672365748442
5530056000,833.838,715.476,14.0,,1.2870675118062098,-6.6729830722811645
5535178000,845.432,712.078,,,2.0391671073736704,-6.452384729588334
5540178000,840.951,715.927,,,1.7488685358385891,-6.701505432094256
5545178000,832.227,716.682,,,1.1826325273967433,-6.751039802729814
5550187000,804.666,710.713,,,-0.6065231145616888,-6.366047101002411
5555178000,782.216,723.442,,,-2.0658759806963,-7.186921252344673
5560178000,764.763,710.171,,,-3.196113598108872,-6.327643800186014
5565178000,768.921,710.347,,,-2.9263359079677613,-6.339621960528
5570178000,771.136,708.405,15.0,,-2.782185223140484,-6.21442863480412
5575178000,772.752,709.029,15.0,,-2.677452737644661,-6.254988501570505
5580178000,774.172,710.817,15.0,,-2.5856975167844887,-6.370599286065666
5585178000,767.527,710.672,15.0,,-3.016886649413052,-6.36039216732805
5590178000,768.404,714.138,15.0,,-2.960828302516421,-6.584349464136493
5595181000,769.049,713.964,15.0,,-2.9188688427869023,-6.573235034333379
5600178000,772.268,715.434,15.0,,-2.710257228869555,-6.668619752127752
5605178000,777.051,715.346,15.0,,-2.3997411105592072,-6.663480428759509
5610192000,776.748,713.755,15.0,,-2.4190608869062733,-6.560695205359713
5615179000,778.438,712.297,15.0,,-2.30912260052096,-6.466682862435864
5620179000,777.077,715.404,15.0,,-2.3980331456850266,-6.667264216249743
5625179000,775.084,718.041,15.0,,-2.5280020632070954,-6.837305247681128
5630192000,774.93,717.846,15.0,,-2.5379316557595706,-6.824711753185447
5635179000,774.166,716.641,15.0,,-2.587331719752449,-6.746811386130405
5640179000,773.632,717.421,15.0,,-2.622144648384169,-6.797099230543322
5645179000,771.526,718.23,15.0,,-2.75906730866434,-6.849079023615253
5650179000,771.495,715.939,15.0,,-2.7605385704007745,-6.70113076531506
5655179000,775.489,720.903,15.0,,-2.502354245654204,-7.022203836844882
5660179000,775.951,714.672,15.0,,-2.470976624304924,-6.61986951136383
5665304000,775.442,713.428,15.0,,-2.503785849629487,-6.539439464510796
5670194000,775.078,713.208,15.0,,-2.527393228438078,-6.525148653345651
5675304000,776.223,714.201,15.0,,-2.453236630608472,-6.589432368349023
5680304000,777.474,716.853,15.0,,-2.372565726139101,-6.760903953998212
5685304000,773.697,715.871,15.0,,-2.617562008058196,-6.696981708800401
5690304000,773.776,714.995,15.0,,-2.6122636545016613,-6.640417372267541
5695304000,775.969,717.127,15.0,,-2.470335992653101,-6.778385448031455
5700304000,776.011,715.679,15.0,,-2.467316259346904,-6.684890266387779
5705305000,776.023,714.052,15.0,,-2.466186678708876,-6.579833419924448
5710305000,775.466,716.218,15.0,,-2.502780318592763,-6.719651955143581
5715305000,775.036,716.628,15.0,,-2.530825319277056,-6.746029762812465
5720305000,777.914,719.863,15.0,,-2.3445799726791754,-6.955355026399639
5725305000,777.485,716.396,15.0,,-2.371724921313046,-6.731347448965416
5730305000,775.679,721.486,,,-2.490141173389715,-7.05986938469423
5735305000,776.093,720.976,,,-2.463138804069124,-7.026982671053434
5740308000,770.998,718.861,,,-2.7934973670196777,-6.889748103313092
5745318000,770.026,718.995,,,-2.8567096546656714,-6.898260778587528
5750305000,744.369,668.212,,,-4.507930892257513,-3.614570338696806
5755311000,730.829,627.423,,,-5.378075229175102,-0.9787039499891544
5760305000,726.229,581.891,,,-5.677006253310669,1.961795133947652
5765306000,722.041,550.647,,,-5.954484137341129,3.978280997564131
5770318000,704.437,509.189,,,-7.1127603502638514,6.647335855952799
5775315000,694.008,469.3,,,-7.819596105011906,9.211034096666692
5780305000,699.303,431.58,,,-7.511613297394439,11.63985862305939
5785311000,703.813,421.529,,,-7.227497438326677,12.28882933875317
5790305000,692.203,414.866,,,-7.996607687218396,12.708827656070511
5795305000,689.964,385.027,16.0,,-8.18581737934931,14.62232298307794
5800430000,693.259,391.843,16.0,,-7.95856365867666,14.187742003345765
5805430000,690.712,400.247,16.0,,-8.114163816276067,13.64626531888504
5810430000,690.129,401.174,16.0,,-8.151214842063803,13.586276492137394
5815433000,690.239,399.444,16.0,,-8.146431049035755,13.697468363915007
5820431000,688.963,401.115,16.0,,-8.227956526034719,13.589138187025428
5825434000,691.746,383.955,16.0,,-8.069922557229699,14.692602554837013
5830431000,692.473,387.031,16.0,,-8.017427374006884,14.49587209119387
5835431000,697.94,390.677,16.0,,-7.652010788817169,14.26633177748228
5840431000,694.435,391.64,16.0,,-7.881417344680182,14.201750977062105
5845431000,689.958,390.814,16.0,,-8.177421603864737,14.251015934675072
5850431000,689.064,389.503,16.0,,-8.23830949470868,14.334371184543969
5855431000,688.89,392.993,16.0,,-8.244508472687368,14.110310318054363
5860431000,690.498,393.672,16.0,,-8.137695604857747,14.068053931633653
5865431000,690.423,395.509,16.0,,-8.139962958180243,13.95015212397572
5870431000,688.53,401.336,16.0,,-8.25608891046581,13.574598382110716
5875431000,687.341,401.424,16.0,,-8.3340921572374,13.567971130140716
5880431000,686.607,401.219,16.0,,-8.382621487755637,13.580507976097476
5885431000,686.367,398.38,16.0,,-8.40257026239035,13.762533243431664
5890431000,685.368,399.165,16.0,,-8.46708763936368,13.711295334472288
5895431000,685.684,399.871,16.0,,-8.445263464612394,13.66629252578903
5900431000,686.286,397.003,16.0,,-8.409910367215023,13.85078246907509
5905434000,683.598,392.866,16.0,,-8.5930457522849,14.113860035474948
5910431000,683.693,389.118,16.0,,-8.592610866209185,14.354371359894577
5915432000,684.393,387.823,16.0,,-8.548551161588625,14.43803981308813
5920432000,680.259,389.28,16.0,,-8.818538389514345,14.34087461503706
5925433000,682.354,390.218,16.0,,-8.679090095984913,14.282596455521029
5930432000,683.645,392.253,16.0,,-8.590886336940589,14.153253843585627
5935441000,682.266,384.228,16.0,,-8.694480396400849,14.66669255408807
5940557000,684.469,383.702,16.0,,-8.550155014287819,14.702398322121049
5945559000,683.503,382.672,16.0,,-8.615504883491472,14.767583770926375
5950557000,685.504,381.353,16.0,,-8.485652987823913,14.854029865315976
5955557000,691.741,383.904,16.0,,-8.070378693570264,14.695870617681562
5960557000,698.45,396.877,16.0,,-7.609953258472473,13.86871102125419
5965563000,703.285,394.764,16.0,,-7.294577175882357,14.00802053883156
5970563000,703.461,394.073,16.0,,-7.283863438686707,14.052527659676006
5975557000,704.299,391.9,16.0,,-7.231543254577795,14.19274649896192
5980557000,703.908,391.061,16.0,,-7.258393367603409,14.246298484842823
5985557000,704.907,390.071,16.0,,-7.193915630990798,14.310615840474505
5990573000,705.82,390.845,16.0,,-7.132707222974255,14.261598950694829
5995557000,707.587,391.387,16.0,,-7.015648100394158,14.22806521643531
6000557000,706.673,390.744,16.0,,-7.076701445250494,14.268725020679993
6005564000,706.06,393.107,16.0,,-7.114023053534289,14.116512586962063
6010558000,702.853,390.556,16.0,,-7.328528619530522,14.277918047781334
6015557000,704.093,390.431,16.0,,-7.247064567813271,14.286903478431128
6020558000,706.032,392.113,16.0,,-7.117145313952881,14.18033773558452
6025560000,706.24,394.808,16.0,,-7.100019857598495,14.007363491976797
6030558000,706.183,393.889,16.0,,-7.104917479198315,14.066369642499495
6035567000,707.478,393.669,16.0,,-7.019928517884468,14.08144887698754
6040558000,703.602,392.981,16.0,,-7.275995395502352,14.122807420734691
6045558000,705.068,393.32,16.0,,-7.179067227879973,14.10207795013371
6050558000,709.055,400.408,16.0,,-6.907910877051523,13.6496199879449
6055558000,711.168,400.747,16.0,,-6.768547255458212,13.629269665767792
6060558000,711.618,400.332,16.0,,-6.739435058763501,13.656228547435695
6065558000,710.824,400.509,16.0,,-6.791396984853626,13.644334114928672
6070567000,709.816,393.443,16.0,,-6.86630979057875,14.097603575612716
6075683000,707.558,388.156,16.0,,-7.021718204416649,14.435564216343286
6080683000,708.868,396.061,16.0,,-6.9254871314341,13.928782384876534
6085683000,709.975,395.908,16.0,,-6.852819029799007,13.939359548888392
6090683000,710.169,398.632,16.0,,-6.836757043761553,13.764534916298452
6095683000,710.005,402.284,16.0,,-6.843187775285458,13.52974984838104
6100684000,708.523,394.153,16.0,,-6.950536046287676,14.051095721571087
6105683000,708.183,393.773,16.0,,-6.97338469529767,14.07526714732037
6110683000,710.645,396.113,16.0,,-6.808479300176005,13.92663790299616
6115683000,712.031,399.596,16.0,,-6.713104649622707,13.703819399783509
6120691000,709.828,401.571,16.0,,-6.855662841372157,13.575466264209778
6125693000,709.289,401.761,16.0,,-6.890896269302448,13.562884251820952
6130684000,709.368,400.337,16.0,,-6.887369164606447,13.65443512801633
6135684000,710.109,397.084,16.0,,-6.842515294094495,13.863921587463372
6140684000,710.928,394.342,16.0,,-6.791967326910426,14.040658241652489
6145684000,711.615,395.584,16.0,,-6.745260893656769,13.961306644874696
6150686000,705.896,395.66,16.0,,-7.121529773513868,13.952443524010445
6155688000,705.887,394.91,16.0,,-7.12311523667191,14.000563015515388
6160684000,708.147,396.357,16.0,,-6.97253551341194,13.909273702293117
6165688000,708.917,394.708,16.0,,-6.923894430640671,14.015719811751431
6170684000,709.15,400.596,16.0,,-6.90142888525979,13.637647912483123
6175684000,709.201,400.243,,,-6.898507366124645,13.660316088338856
6180684000,710.326,400.341,,,-6.824353798764815,13.654838824099311
6185684000,709.748,402.088,,,-6.860336667479613,13.54218890476408
6190684000,718.619,428.747,,,-6.25023079866593,11.833508686432342
6195684000,729.022,460.415,,,-5.545158560974606,9.79950669155193
6200694000,768.587,500.956,,,-2.951506900381159,7.19494592893277
6205684000,789.807,540.454,,,-1.568040007215879,4.644799672414078
6210689000,790.26,580.316,,,-1.536044957207816,2.066944677508261
6215810000,830.197,608.439,,,1.046961809354673,0.2477991907359523
6220817000,852.436,650.31,,,2.4858812018269147,-2.459809039305697
6225819000,889.972,671.163,,,4.9163727708540845,-3.8035326282952338
6230818000,897.649,672.738,,,5.413259546130874,-3.903958446010685
6235816000,893.634,674.352,17.0,,5.154008611419279,-4.008780450503743
6240810000,895.259,659.996,17.0,,5.256010272738381,-3.08180596326078
6245810000,887.693,652.548,17.0,,4.765717025664068,-2.6017453967116366
6250810000,885.546,654.797,17.0,,4.627264448710098,-2.747252466905929
6255810000,887.489,651.327,17.0,,4.7523503548589145,-2.522890367247656
6260810000,888.303,649.133,17.0,,4.80467152587252,-2.381135427981368
6265810000,887.212,646.736,17.0,,4.733888243176271,-2.226410613669163
6270820000,885.759,646.85,17.0,,4.639998079279838,-2.2339160670257394
6275810000,887.469,649.597,17.0,,4.750831738670276,-2.4111540586956592
6280814000,888.854,648.362,17.0,,4.840218095275985,-2.3312649889992088
6285810000,884.896,646.415,17.0,,4.584161799094693,-2.205874842790452
6290810000,888.558,658.856,17.0,,4.822630506774416,-3.0090619152769285
6295810000,888.043,659.707,17.0,,4.789461519352559,-3.06406490763166
6300810000,886.781,659.811,17.0,,4.70789394212765,-3.070916651125364
6305810000,884.859,656.398,17.0,,4.583076372062299,-2.850729410386241
6310810000,888.564,655.186,17.0,,4.822389748764846,-2.77202344278353
6315810000,887.889,653.93,17.0,,4.778573619868227,-2.691017486554944
6320810000,889.408,655.192,17.0,,4.876998008547806,-2.772351925653319
6325811000,887.182,656.38,17.0,,4.733287463909337,-2.849320716911423
6330818000,886.23,655.879,17.0,,4.671670910700743,-2.8170653503050334
6335811000,885.108,657.619,17.0,,4.59934979641821,-2.9295455141021267
6340811000,887.686,658.943,17.0,,4.766230416882375,-3.014762400964301
6345935000,886.531,658.479,17.0,,4.691540721115468,-2.98493933317288
6350936000,885.656,655.162,17.0,,4.634427569947998,-2.7707953434361743
6355936000,886.693,653.738,17.0,,4.70126912924958,-2.6787016797284804
6360936000,884.509,654.373,17.0,,4.560179838838771,-2.719952918665254
6365936000,886.541,656.049,17.0,,4.691744255947735,-2.827982564085418
6370936000,887.182,656.375,17.0,,4.733239130175619,-2.848954039194382
6375936000,887.873,657.759,,,4.77817852216173,-2.938307210309617
6380936000,887.46,660.615,,,4.751898840694451,-3.1227591850485417
6385936000,892.698,674.166,,,5.093426959768594,-3.996990947331074
6390936000,892.397,673.731,,,5.0738062747107175,-3.968920383848447
6395936000,881.223,706.716,,,4.359331560972708,-6.100221900084264
6400936000,864.619,766.935,,,3.301265989505968,-9.988915402497517
6405936000,853.404,822.869,,,2.5894931128537486,-13.594989642740371
7066568000,882.677,844.604,,,4.531223151520518,-14.980805548937148
7071570000,882.043,816.632,,,4.468053054329218,-13.182840259851218
7076568000,874.793,790.979,,,3.976884683049436,-11.534839120902648
7081567000,875.034,750.687,,,3.973361948560832,-8.938467530624148
7086571000,871.234,724.867,,,3.716952971403923,-7.273848038858699
7091568000,874.702,702.718,,,3.935466864852912,-5.843503166998702
7096571000,865.456,681.871,,,3.3320091584038,-4.498582179188689
7101568000,878.652,680.939,21.0,,4.186061575214997,-4.43651678954174
7106568000,876.174,684.096,21.0,,4.026334023081513,-4.640797961149364
7111568000,878.751,686.483,21.0,,4.193708766528448,-4.7945368642414286
7116568000,871.897,694.221,21.0,,3.7516208964548974,-5.295366049985825
7121568000,870.562,695.453,21.0,,3.665429580461031,-5.375152049108056
7126568000,869.498,676.744,21.0,,3.592825184278825,-4.166807058299698
7131568000,867.126,677.327,21.0,,3.4393678723162475,-4.20474618565953
7136577000,866.935,676.502,21.0,,3.426843902675324,-4.151466629150882
7141568000,867.89,676.632,21.0,,3.4887333884230545,-4.159791203584935
7146579000,867.792,676.476,21.0,,3.482323769728773,-4.14972390409466
7151571000,863.357,681.721,21.0,,3.196127854363711,-4.489105921777046
7156568000,864.236,679.884,21.0,,3.2526956634167195,-4.370303727562962
7161693000,865.123,679.6,21.0,,3.310116775193512,-4.351900565645483
7166697000,866.219,673.903,21.0,,3.3801443758862755,-3.983664518722608
7171693000,866.758,673.463,21.0,,3.414954898875718,-3.955163029275356
7176693000,866.11,696.589,21.0,,3.377178245639956,-5.449174297703362
7181694000,866.347,696.458,21.0,,3.392508125746994,-5.440713917308356
7186697000,868.515,694.171,21.0,,3.532509369619289,-5.292619827686649
7191697000,865.941,688.536,21.0,,3.364644576777013,-4.929072671840823
7196694000,864.282,687.086,21.0,,3.2569382179719795,-4.835577991414449
7201694000,863.88,686.952,21.0,,3.2308687408179257,-4.827003111578832
7206694000,862.477,684.7,21.0,,3.1396157330207326,-4.68166932429962
7211694000,862.323,685.842,21.0,,3.1298041388092885,-4.755463320011696
7216694000,860.637,685.928,21.0,,3.020626662280474,-4.761268302216711
7221703000,860.345,684.936,21.0,,3.00159151514547,-4.697205953510057
7226694000,861.919,681.13,21.0,,3.1029139912508983,-4.4511011929782525
7231694000,861.551,678.928,,,3.078715604229967,-4.308841736202339
7236694000,864.751,678.979,,,3.28593304758443,-4.311764688427386
7241703000,865.607,680.467,,,3.3415668943025434,-4.407841259361391
7246694000,869.507,685.519,,,3.594965263460249,-4.733706280637333
7251694000,891.413,675.416,,,5.010569477625657,-4.0778589010125845
7256694000,896.237,671.994,,,5.321764506308253,-3.856191379268504
7261694000,894.153,671.796,22.0,,5.186944747593421,-3.8437541440075513
7266701000,895.958,669.449,22.0,,5.303180169341057,-3.691971519977696
7271694000,895.895,669.84,22.0,,5.299164017661547,-3.717211989168612
7276694000,894.365,670.099,22.0,,5.20025567003094,-3.734172864953504
7281701000,896.015,668.863,22.0,,5.306706585919548,-3.6541126752497752
7286701000,898.556,666.459,22.0,,5.470447948095809,-3.4985267722168043
7291694000,897.802,665.591,22.0,,5.421552372758933,-3.4426136198438533
7296820000,898.005,666.845,22.0,,5.43494708470284,-3.5235458527030787
7301820000,906.614,655.13,22.0,,5.988925020395098,-2.766197778186778
7306820000,906.2,657.647,22.0,,5.962649469800853,-2.928694726165922
7311711000,902.38,655.194,22.0,,5.715329090649514,-2.7708966214490234
7316820000,902.983,655.33,22.0,,5.754313231719965,-2.779567566937725
7321820000,902.303,658.114,22.0,,5.710946565758353,-2.95939231699004
7326820000,898.119,660.98,22.0,,5.441077544270221,-3.144928220576445
7331822000,898.461,660.184,22.0,,5.463018157983523,-3.0934892268700502
7336820000,898.477,660.661,22.0,,5.464169186842931,-3.1242729408837526
7341828000,899.652,660.537,22.0,,5.540084130572393,-3.116102803713322
7346826000,898.341,660.334,22.0,,5.455303485500419,-3.103233229047819
7351820000,899.101,660.617,22.0,,5.504456210085242,-3.1213728555955336
7356820000,896.848,660.065,22.0,,5.358731767113256,-3.0860617998796647
7361820000,897.135,660.12,22.0,,5.377281000550435,-3.0895297203216114
7366820000,896.118,658.92,22.0,,5.311348172390453,-3.012247805727343
7371820000,894.82,662.171,,,5.228016311636966,-3.222304852052805
7376820000,896.789,663.396,,,5.35557029586774,-3.3011147831644174
7381821000,891.574,666.965,,,5.019117380957795,-3.5322752189105024
7386823000,855.493,666.227,,,2.6850204256441943,-3.4885931463873274
7391821000,806.703,664.573,,,-0.4727823274223077,-3.383349713362797
7396820000,756.764,658.238,,,-3.7041885259015936,-2.9714020797449945
7401821000,737.68,661.926,,,-4.9395206586645,-3.207761070253675
7406823000,737.841,657.296,,,-4.928252006622966,-2.90872858625202
7411821000,737.652,660.336,23.0,,-4.941025291774983,-3.105044789928177
7416824000,736.74,657.202,23.0,,-4.999462122232907,-2.902567973609894
7421821000,733.144,659.23,23.0,,-5.232455026069384,-3.033119446795614
7426829000,731.296,655.731,23.0,,-5.351340703148993,-2.806919928361149
7431946000,732.925,654.77,23.0,,-5.245785184100483,-2.745076638968808
7436946000,731.971,652.998,23.0,,-5.3071784929051,-2.6305420643923982
7441946000,731.536,652.959,23.0,,-5.335334582688275,-2.6279766489188785
7446946000,732.098,651.07,23.0,,-5.298651890022883,-2.506001737775253
7451946000,737.39,657.986,23.0,,-4.957541485036479,-2.9532725087938987
7456946000,735.868,658.872,23.0,,-5.056167985833024,-3.010269795187281
7461946000,736.714,663.064,23.0,,-5.002216225715395,-3.2811266601961435
7466946000,738.038,661.729,23.0,,-4.9163473457668605,-3.195051674735875
7471946000,732.259,659.412,23.0,,-5.289740733259278,-3.044741002465688
7476947000,730.88,659.679,23.0,,-5.378982856045661,-3.061800149922105
7481946000,730.365,659.25,23.0,,-5.412206479212255,-3.0340223097168706
7486953000,734.099,660.42,23.0,,-5.170872158290872,-3.1100314740212496
7491946000,733.616,653.9,23.0,,-5.20098303588952,-2.6889316802623355
7496953000,735.093,655.089,23.0,,-5.105615695844644,-2.7658889924968526
7501946000,733.836,655.442,23.0,,-5.187001059495667,-2.788539213644617
7506947000,734.242,654.867,23.0,,-5.160638371215196,-2.7514365653522184
7511946000,735.136,656.665,23.0,,-5.103133940692237,-2.8677082133969325
7516947000,736.745,656.728,23.0,,-4.999087196340243,-2.871907067553386
7521947000,736.637,653.748,23.0,,-5.005571023736734,-2.6794403975466623
7526947000,734.18,653.778,23.0,,-5.164464912185323,-2.681143583504309
7531947000,733.398,653.533,23.0,,-5.215005457080084,-2.6652029112508973
7536956000,732.158,656.367,23.0,,-5.295661640207739,-2.8480682460372604
7541947000,734.265,651.68,23.0,,-5.15863298617026,-2.54565435691056
7546947000,733.017,651.438,23.0,,-5.239277018960567,-2.5298830314493537
7551947000,733.791,656.185,23.0,,-5.190025798333275,-2.8365280410071465
7556947000,734.448,656.019,23.0,,-5.147531155441168,-2.8258839060223817
7561947000,728.192,653.698,23.0,,-5.551676236204183,-2.67531104760183
7566947000,727.8,648.701,23.0,,-5.576199958880679,-2.352599889295255
7571960000,727.472,651.703,23.0,,-5.597887450675755,-2.5464158898176046
7577075000,728.484,650.931,23.0,,-5.532320705033327,-2.4966994366256285
7582072000,728.103,651.694,23.0,,-5.557092580248552,-2.5458854138715306
7587072000,731.045,650.291,23.0,,-5.366658363826259,-2.4556046437930026
7592072000,730.933,650.093,23.0,,-5.373861604739468,-2.4427913537756734
7597072000,731.897,649.458,23.0,,-5.3114196980689945,-2.4018987365708444
7602073000,732.037,648.905,,,-5.302281629245696,-2.3661929882720507
7607072000,731.984,652.951,,,-5.3063650348527,-2.627516156004046
7612073000,730.282,645.883,,,-5.415317014221825,-2.1708879611353185
7617080000,722.115,604.632,,,-5.940882593814293,0.4932134747074575
7622073000,725.784,563.665,,,-5.70900993246982,3.1385219546905088
7627073000,724.983,539.628,,,-5.767481424081293,4.690006980744582
7632073000,729.117,500.038,,,-5.515756188871235,7.24534586601972
7637086000,724.67,466.233,,,-5.8248660518159925,9.422963023467071
7642082000,731.176,446.297,,,-5.414474228245713,10.709828138014243
7647086000,735.486,417.396,,,-5.154683577008397,12.572477627968771
7652073000,732.364,408.871,,,-5.366967688190549,13.119474439241667
7657073000,736.36,409.671,24.0,,-5.10376751004465,13.06999971772954
7662073000,733.118,401.865,24.0,,-5.3237734994332095,13.570501401231445
7667073000,732.514,400.946,24.0,,-5.364338632672324,13.629299232213652
7672077000,731.21,400.551,24.0,,-5.450512648884228,13.654057434023876
7677073000,730.058,400.203,24.0,,-5.526607857532228,13.675768934131986
7682073000,728.502,401.265,24.0,,-5.627969044636467,13.606619489269544
7687087000,728.875,400.545,24.0,,-5.604106292873703,13.653144512282047
7692075000,730.203,401.316,24.0,,-5.516019682140544,13.604305016203648
7697073000,729.943,401.459,24.0,,-5.532996529118516,13.594954986350707
7702077000,730.374,393.79,24.0,,-5.512128585999624,14.088294434962734
7707198000,730.494,394.627,24.0,,-5.503356091875935,14.034538736077192
7712209000,734.713,395.321,24.0,,-5.224894145281015,13.99224458387146
7717199000,727.141,390.723,24.0,,-5.72818929404218,14.283599926655649
7722214000,727.491,392.025,24.0,,-5.70379845577521,14.200161691391504
7727199000,729.641,388.001,24.0,,-5.566297345471721,14.460089475187475
7732199000,728.158,386.384,24.0,,-5.665743357990554,14.563141203107705
7737199000,728.781,389.317,24.0,,-5.621633598581893,14.37495241431152
7742199000,728.175,390.27,24.0,,-5.6605256021902886,14.31336371824959
7747199000,728.331,390.641,24.0,,-5.649892384226409,14.289597982081546
7752199000,727.723,392.25,24.0,,-5.688306328152555,14.185828899549907
7757199000,726.908,392.091,24.0,,-5.74214010864612,14.195516236319538
7762202000,727.622,396.227,24.0,,-5.690853465123137,13.93005863988797
7767199000,727.435,396.147,24.0,,-5.703265468107816,13.935087285510402
7772199000,727.367,393.384,24.0,,-5.71056279049418,14.1127293398089
7777199000,726.385,398.729,24.0,,-5.769710503075454,13.768470383963525
7782199000,723.003,395.69,24.0,,-5.995529614081538,13.96188962299093
7787199000,724.271,389.127,24.0,,-5.9190540233767726,14.384496882351923
7792210000,728.45,392.839,24.0,,-5.639775816707939,14.148343827984611
7797199000,729.171,390.999,24.0,,-5.594147963493287,14.26709293864038
7802199000,719.309,392.754,24.0,,-6.241962859055711,14.148276669892676
7807199000,719.258,393.644,24.0,,-6.24430828070183,14.091042286383594
7812199000,725.055,398.175,24.0,,-5.857820021586155,13.80334803158128
7817199000,725.273,398.779,24.0,,-5.84285214041089,13.764603871192186
7822200000,726.304,394.39,24.0,,-5.7794971144677225,14.0473942603932
7827200000,726.05,394.672,24.0,,-5.795975549544681,14.029104912388153
7832200000,725.818,400.446,24.0,,-5.805308311165857,13.657746741501729
7837200000,725.874,396.012,24.0,,-5.806179967212888,13.942879150619564
7842325000,725.404,395.813,24.0,,-5.837284869476189,13.955400603503152
7847213000,724.828,397.978,24.0,,-5.872972964135344,13.815866702401843
7852332000,725.113,397.791,24.0,,-5.854433297599465,13.828091043986818
7857325000,723.13,393.649,24.0,,-5.989354860084337,14.093155081422337
7862325000,724.019,392.424,24.0,,-5.932078901637443,14.172383187510764
7867325000,723.928,386.909,24.0,,-5.944141147069421,14.526829972384997
7872325000,724.749,386.547,24.0,,-5.89037770185246,14.550594330330927
7877325000,726.167,391.45,24.0,,-5.791601028169909,14.236339217607922
7882325000,725.736,389.582,24.0,,-5.8219855004772825,14.35613295762552
7887326000,726.655,389.909,24.0,,-5.761107217945498,14.33567916953738
7892325000,727.081,395.683,24.0,,-5.727027892842257,13.96474325246299
7897325000,725.689,397.989,24.0,,-5.816315569837926,13.815641827120606
7902325000,724.695,393.386,24.0,,-5.886552503924559,14.110967227668104
7907325000,723.11,392.461,24.0,,-5.991914883430163,14.169483798537158
7912326000,723.935,391.148,24.0,,-5.938985976435116,14.254387205912504
7917328000,726.879,394.737,24.0,,-5.741315588415321,14.025439854519638
7922330000,724.773,391.081,24.0,,-5.8838331008431695,14.259223544641324
7927325000,724.84,390.878,24.0,,-5.879679602702396,14.27230444777049
7932326000,725.415,390.859,24.0,,-5.841819639272226,14.273829667799912
7937326000,727.101,398.086,24.0,,-5.723285849730996,13.81025952527938
7942326000,728.032,393.775,24.0,,-5.666345319378163,14.087956010738594
7947329000,726.37,392.233,24.0,,-5.77739868387292,14.186092849505531
7952326000,726.678,388.042,24.0,,-5.761567413039551,14.455687834278498
7957334000,726.798,385.375,24.0,,-5.756504380809063,14.627144848371548
7962326000,724.736,384.891,24.0,,-5.893042975356566,14.656974750493552
7967333000,722.748,387.639,24.0,,-6.0211222747711375,14.479152864584933
7972334000,724.977,389.554,24.0,,-5.872048291147604,14.35748886543337
7977336000,726.059,387.915,24.0,,-5.802524317493465,14.463455791715925
7982451000,726.879,385.288,24.0,,-5.751280247824708,14.632787968944095
7987451000,726.538,383.061,24.0,,-5.776206636529644,14.775728083861164
7992452000,724.318,385.752,24.0,,-5.919663891958423,14.601394206855897
7997451000,726.093,384.456,24.0,,-5.804024694491967,14.685755176342902
8002451000,724.549,383.896,24.0,,-5.906479196376985,14.720808226072403
8007451000,723.952,385.022,24.0,,-5.944626379342921,14.648101887435509
8012457000,725.039,389.155,24.0,,-5.868383784872053,14.383145041766127
8017451000,725.374,390.332,24.0,,-5.8450497835921205,14.307684686203022
8022451000,724.106,383.085,24.0,,-5.936629017330579,14.77263947587454
8027452000,726.199,383.006,24.0,,-5.798622708389885,14.779021020954568
8032452000,724.192,387.243,24.0,,-5.926309851753763,14.505486386298468
8037452000,725.169,386.403,24.0,,-5.8628250487518265,14.56010151912758
8042452000,725.917,380.995,24.0,,-5.819483478119629,14.908086545115792
8047452000,720.731,388.099,24.0,,-6.153550528222415,14.448329429911938
8052452000,720.746,388.874,24.0,,-6.151666795169175,14.398487575968192
8057452000,719.092,386.322,24.0,,-6.26363274220175,14.561447588111372
8062452000,717.287,385.907,24.0,,-6.383143151995586,14.586867047779132
8067452000,726.801,390.495,24.0,,-5.75088680696965,14.298049990445564
8072452000,726.203,390.798,24.0,,-5.7899412866898095,14.278245091050982
8077452000,727.568,388.22,24.0,,-5.702675841421905,14.444741837195092
8082452000,724.962,386.683,24.0,,-5.876162196428289,14.541984475172052
8087452000,725.166,387.319,24.0,,-5.862053685628565,14.501252146343608
8092452000,725.134,386.482,24.0,,-5.865079985234862,14.554962572636938
8097452000,722.934,387.744,24.0,,-6.008744654681664,14.47250814437494
8102452000,719.475,386.591,24.0,,-6.238081477569141,14.54441317342162
8107452000,723.353,387.367,24.0,,-5.981520102196733,14.496989286264265
8112581000,725.776,389.064,24.0,,-5.819917805786909,14.389443902369056
8117577000,726.392,386.761,24.0,,-5.7817708897028055,14.53780201029455
8122463000,725.286,386.495,24.0,,-5.854995994263311,14.554232453174569
8127578000,724.333,383.398,24.0,,-5.92133680017998,14.752697923876443
8132577000,723.967,383.388,24.0,,-5.945489153151557,14.75305815865177
8137577000,723.102,385.248,24.0,,-6.000466698872154,14.633034481474343
8142590000,721.179,383.967,24.0,,-6.128745708804448,14.714121711591934
8147578000,723.396,385.351,24.0,,-5.980959774339164,14.626596483023722
8152578000,722.578,386.459,24.0,,-6.033661444245901,14.554846792653612
8157578000,722.029,385.857,24.0,,-6.07050300232736,14.593233715002528
8162578000,714.495,374.691,24.0,,-6.581407136157881,15.305337846213709
8167578000,715.051,376.998,24.0,,-6.541714854093861,15.157548893036076
8172578000,718.728,384.594,24.0,,-6.289696479063858,14.672215611162242
8177583000,719.04,386.124,24.0,,-6.267280911209947,14.57411432476017
8182581000,724.625,379.946,24.0,,-5.905910690714139,14.97469502586772
8187591000,724.209,378.85,24.0,,-5.934653396224726,15.04483457446592
8192578000,724.761,381.672,24.0,,-5.895002843188834,14.863847184772911
8197578000,723.659,381.975,,,-5.967384879673396,14.843669128681118
8202578000,720.889,383.432,,,-6.148509486847398,14.748299462973412
8207593000,713.806,386.941,,,-6.611437454901827,14.518058738466893
8212584000,700.042,399.075,,,-7.502257883889285,13.7287833649782
8217578000,680.751,406.603,,,-8.759489122932642,13.230180531290264
8222583000,668.432,421.071,,,-9.545905275675477,12.291529479997648
8227578000,670.028,420.3,,,-9.442480102491295,12.342330227774696
8232579000,665.739,416.547,25.0,,-9.729122317330564,12.57926341409152
8237578000,668.128,415.091,25.0,,-9.57482773587652,12.67474132105372
8242582000,669.12,418.858,25.0,,-9.504117322586897,12.434028141231106
8247704000,669.87,424.044,25.0,,-9.447355966268043,12.102014817969758
8252707000,678.068,420.166,25.0,,-8.916016348567855,12.357595536755422
8257704000,676.926,420.226,25.0,,-8.990734081271087,12.352803657402024
8262704000,676.008,418.319,25.0,,-9.053631302362833,12.474464905178564
8267707000,676.142,417.068,25.0,,-9.046596251500208,12.554841364761586
8272704000,676.013,418.409,25.0,,-9.0531508726819,12.468667042844944
8277704000,675.451,417.995,25.0,,-9.090549768557391,12.494789404593597
8282704000,673.472,419.342,25.0,,-9.218263496918402,12.406666538947984
8287704000,674.206,419.307,25.0,,-9.170280091665038,12.409564152445231
8292704000,672.995,418.257,25.0,,-9.251084112005646,12.475888180770529
8297710000,672.223,419.379,25.0,,-9.300046621190123,12.403246372811468
8302704000,671.569,419.269,25.0,,-9.343074384516004,12.409789266651137
8307704000,671.512,420.766,25.0,,-9.344596435951871,12.313726881899608
8312704000,681.647,417.132,25.0,,-8.685721253612298,12.555237995755585
8317704000,680.088,414.366,25.0,,-8.791749418546512,12.731444910593815
8322704000,678.618,415.493,25.0,,-8.886559713923335,12.657925837567158
8327713000,677.447,415.185,25.0,,-8.963742868849682,12.676712267634874
8332704000,675.839,415.106,25.0,,-9.06927162596769,12.680427890549938
8337704000,676.82,414.355,25.0,,-9.006081701872326,12.729435837088944
8342709000,676.109,412.712,25.0,,-9.055061759564506,12.83429520532501
8347704000,679.208,409.721,25.0,3.0,-8.85618562157645,13.028784669555376
8352705000,684.165,410.304,,3.0,-8.530031989443232,12.995478838677757
8357705000,680.742,410.124,,3.0,-8.75494474590994,13.004238437343504
8362705000,674.562,419.131,,3.0,-9.14715233469968,12.421155083714469
8367705000,677.703,444.562,,3.0,-8.908344313895478,10.79104506333207
8372705000,681.757,484.231,,3.0,-8.603223971700785,8.244056913370272
8377710000,697.514,511.551,,3.0,-7.560326593431816,6.492639513440727
8382705000,697.041,556.715,,3.0,-7.569890076981761,3.582098520465962
8387830000,603.861,590.641,,3.0,-13.574289617060884,1.384739978462943
8392830000,582.026,684.875,,3.0,-15.00855660636659,-4.634909952840521
8397830000,542.199,686.787,,3.0,-17.578678014903854,-4.73406273470096
8402830000,648.359,751.004,,3.0,-10.783911662464464,-8.90883163763539
8407830000,632.891,731.0,,3.0,-11.765056498484007,-7.6157749196037665
8412830000,595.811,761.364,,3.0,-14.21360046438338,-9.52661480369827
8417830000,757.697,814.041,,3.0,-3.700998525991114,-13.023259622466092
8427830000,733.43,811.336,,3.0,-5.29248639917966,-12.83889202299014
8432838000,717.13,814.938,,3.0,-6.366047123133906,-13.06145346042311
9108462000,674.746,815.345,,4.0,-9.148550420789311,-13.056009554470828
9113462000,684.354,811.766,,4.0,-8.513116855459135,-12.83454005823456
9118462000,659.707,518.866,,4.0,-10.005243519797103,6.006475695715257
9123462000,803.038,653.382,,4.0,-0.7096434171794086,-2.6595746060650325
9128462000,721.082,602.922,,4.0,-6.007739795366944,0.6035729667204892
9133462000,861.526,648.034,,4.0,3.0735623815733595,-2.312205716630978
9138462000,842.539,651.723,,4.0,1.8458831148417048,-2.5516612168259414
9143462000,774.222,623.279,,4.0,-2.5725312938923244,-0.712012240101814
9148462000,826.108,558.915,,4.0,0.7832953480664475,3.4512596774954414
9153462000,679.172,659.475,,4.0,-8.721948192268776,-3.0401225713183946
9158462000,721.037,627.332,,4.0,-6.010919866842409,-0.9724233516091918
9163462000,639.119,562.761,,4.0,-11.309991745601469,3.179358093499846
9168462000,629.375,615.961,,4.0,-11.927381894652076,-0.2365577900060026
9173462000,698.934,751.139,,4.0,-7.4947979372535025,-8.94844761685659
9178462000,547.045,745.5,,4.0,-17.349505418936687,-8.466350891914225
9183466000,514.419,749.374,,4.0,-19.47063292792561,-8.674527980053035
9188462000,595.28,797.346,,4.0,-14.316857444390436,-11.820456361383998
9193463000,549.535,761.326,,4.0,-17.218765796529286,-9.473666290762049
9198462000,541.951,805.736,,4.0,-17.81959441894659,-12.279131938366222
9203588000,552.905,819.85,,4.0,-17.14363745803699,-13.190859225593265
9208588000,560.069,806.053,,4.0,-16.63711068663221,-12.326703421919268
9213588000,585.134,776.451,,4.0,-14.935411276642071,-10.477031685426176
9218588000,595.475,750.146,,4.0,-14.217276546784571,-8.810456675823923
9223588000,556.636,739.34,,4.0,-16.717484109301026,-8.084903526013393
9228588000,576.745,684.361,,4.0,-15.348843069532489,-4.59935729031632
9233588000,623.862,682.425,,4.0,-12.3061226395235,-4.497826231431094
9238588000,639.065,617.073,,4.0,-11.30261873094287,-0.3082212165247403
9243591000,658.371,667.67,,4.0,-10.068964824229738,-3.5624917987878963
9248588000,656.28,666.574,,4.0,-10.203560628390694,-3.4914510372930203
9253588000,629.884,684.919,,4.0,-11.918776204555812,-4.66019633997785
9258588000,631.287,692.829,,4.0,-11.83375421511268,-5.16801721379908
9263588000,622.619,665.643,,4.0,-12.376403993527036,-3.4217084972395493
9268588000,623.363,665.497,,4.0,-12.328343898702604,-3.4125645204656783
9273588000,622.954,661.725,,4.0,-12.352887377817911,-3.170631277709542
9278588000,622.975,666.963,,4.0,-12.354164004939946,-3.506389032227359
9283588000,621.309,666.487,,4.0,-12.461381327738415,-3.475343460470296
9288588000,618.775,669.716,,4.0,-12.626672998366304,-3.6814490233507335
9293595000,613.302,671.462,,4.0,-12.98090957253604,-3.791295089124103
9298591000,613.092,676.033,,4.0,-12.997312087683987,-4.083905971265127
9303589000,615.932,688.264,,4.0,-12.822490107284295,-4.868360700026975
9308589000,627.802,686.802,,4.0,-12.054594553821284,-4.780056508936242
9313589000,626.422,701.01,28.0,4.0,-12.15476638672934,-5.690053730445255
9318589000,626.535,696.615,28.0,4.0,-12.143867648310444,-5.408460352029605
9323589000,624.66,693.279,28.0,4.0,-12.262444974970942,-5.193794677247439
9328589000,630.027,694.08,28.0,4.0,-11.916147555586964,-5.247658980621157
9333596000,627.684,690.326,28.0,4.0,-12.064776368031795,-5.005880755731662
9338714000,627.046,690.793,28.0,4.0,-12.106343124448124,-5.035570075840218
9343714000,622.59,690.774,28.0,,-12.39424554447643,-5.032292625882079
9348714000,624.677,689.303,28.0,,-12.258300941424553,-4.938956520668753
9353714000,619.091,688.921,28.0,,-12.618912905414684,-4.911879578210108
9358714000,618.548,694.214,28.0,,-12.658153248292152,-5.250676082450962
9363714000,617.926,688.087,28.0,,-12.693546345043188,-4.857964962837646
9368714000,620.865,694.38,28.0,,-12.508579401770533,-5.262467356161668
9373714000,622.378,693.781,28.0,,-12.41028660195589,-5.224813805472844
9378714000,623.097,692.381,28.0,,-12.362716352018534,-5.135462184763274
9383714000,622.465,692.16,28.0,,-12.403391396286263,-5.121022499848234
9388719000,628.623,701.892,28.0,,-12.0131881764829,-5.747754931829673
9393714000,626.03,702.382,28.0,,-12.181317969282942,-5.777800386106756
9398715000,630.794,704.964,28.0,,-11.875396176011504,-5.94583686498735
9403714000,629.17,703.039,28.0,,-11.97876517737575,-5.821585726697588
9408719000,626.083,702.552,28.0,,-12.178001861030172,-5.78870207698795
9413715000,618.835,705.056,28.0,,-12.648947417314549,-5.94514397551905
9418725000,625.435,699.699,28.0,,-12.217511589076572,-5.605539274965353
9423715000,624.97,697.765,28.0,,-12.245932473089988,-5.481358225390304
9428717000,622.648,697.014,28.0,,-12.3954794167919,-5.432076053046902
9433715000,623.728,699.242,28.0,,-12.327491561023916,-5.575404529881775
9438722000,625.964,699.153,,,-12.182859747854875,-5.570851867739299
9443716000,627.468,700.155,,,-12.086434848928103,-5.635831410168997
9448715000,629.155,701.553,,,-11.978502921425862,-5.726294588802834
9453715000,663.749,697.844,,,-9.737608438614853,-5.504174454282217
9458715000,711.731,704.859,,,-6.633821335245732,-5.972851905723934
9463715000,741.179,709.315,,,-4.72608863109636,-6.267991310672014
9468720000,780.302,715.984,,,-2.188746704706755,-6.705091779336434
9473840000,835.74,712.481,,,1.4102789625399208,-6.479398128532451
9478855000,875.348,692.034,,,3.974676392566906,-5.153540519818446
9483840000,905.57,688.892,,,5.930435199277275,-4.944609585198516
9488850000,903.9,692.629,,,5.823637448316306,-5.186046163302562
9493840000,898.645,694.381,29.0,,5.484002482412667,-5.300346549260339
9498840000,899.99,691.512,29.0,,5.570166584661258,-5.114942076891118
9503840000,899.527,692.006,29.0,,5.540357329063328,-5.146888310753075
9508840000,898.635,693.028,29.0,,5.482896789793701,-5.213070606382224
9513841000,906.817,696.494,29.0,,6.013847002807708,-5.4346190060823405
9518841000,904.219,698.015,29.0,,5.846239427142075,-5.533329444935894
9523841000,901.74,696.724,29.0,,5.685249818551262,-5.450731027900787
9528844000,900.21,694.133,29.0,,5.585240062176438,-5.2839622319007375
9533845000,899.834,696.57,29.0,,5.561799238039429,-5.441249512154932
9538841000,897.7,693.895,29.0,,5.4226891758433045,-5.269187373355169
9543848000,897.488,694.424,29.0,,5.409140337012646,-5.3033576918431145
9548841000,894.745,694.774,29.0,,5.231654919106622,-5.326613767562018
9553841000,894.719,696.688,29.0,,5.230547042754243,-5.450124687239089
9558841000,902.326,687.013,29.0,,5.719831580096223,-4.824162065155685
9563841000,902.099,686.655,29.0,,5.70508759710884,-4.801102815688959
9568841000,899.719,685.872,29.0,,5.550781396514874,-4.751102267665027
9573841000,899.253,686.012,29.0,,5.52067158976815,-4.760247475413545
9578842000,897.924,683.726,29.0,,5.434003665651363,-4.613036687648162
9583841000,898.064,682.161,29.0,,5.442600938383047,-4.51201569140394
9588854000,899.211,680.25,29.0,,5.516301784626904,-4.388423864139397
9593842000,891.859,674.707,29.0,,5.03923656103926,-4.032015906360397
9598841000,892.689,679.358,29.0,,5.094064783488491,-4.332099273573569
9603841000,896.774,675.848,29.0,,5.357447463037356,-4.104857814136499
9608966000,897.855,678.198,29.0,,5.427969944428669,-4.256311054295487
9613966000,895.48,684.605,29.0,,5.276086111954669,-4.67020782556053
9618967000,895.489,683.326,29.0,,5.276316797936238,-4.587721040557292
9623967000,892.332,682.071,29.0,,5.0717105526414095,-4.507317055613475
9628967000,892.779,683.623,29.0,,5.101019351571005,-4.607394569593942
9633975000,899.671,692.671,29.0,,5.549848916538275,-5.189806554595474
9638967000,904.094,682.686,29.0,,5.832908878011372,-4.544616135947167
9643967000,899.969,682.688,29.0,,5.566042354476937,-4.545631082011835
9648975000,900.634,682.571,29.0,,5.608988084220134,-4.537960426081428
9653967000,898.939,682.294,29.0,,5.499268150608012,-4.520402369142349
9658967000,899.875,683.725,29.0,,5.560255310342993,-4.612552854666843
9663967000,903.45,685.15,29.0,,5.792010046466573,-4.703724352715263
9668967000,902.691,689.187,29.0,,5.744209217076497,-4.964313834884399
9673973000,904.011,673.461,29.0,,5.824852954626828,-3.9494611663702246
9678967000,903.124,674.73,29.0,,5.767852445459166,-4.031529726321804
9683977000,905.662,676.592,29.0,,5.932479689858576,-4.151136377533772
9688967000,902.295,678.271,29.0,,5.715227653856149,-4.26011978877334
9693967000,900.901,679.309,29.0,,5.625320308033781,-4.327411932434083
9698967000,897.734,677.035,29.0,,5.419887564089138,-4.181236782249227
9703967000,898.87,685.031,29.0,,5.495602702021918,-4.697052837229925
9708967000,897.924,684.81,29.0,,5.434321382442279,-4.682972616761482
9713967000,902.42,685.833,29.0,,5.725585432739818,-4.748015939182886
9718968000,901.381,685.802,29.0,,5.658339637604869,-4.746234923335142
9723971000,902.75,675.653,29.0,,5.74391803830624,-4.0911229368284845
9728968000,901.542,675.269,29.0,,5.665685444504351,-4.066621778796293
9733968000,902.938,670.371,,,5.754717655301219,-3.750277327080391
9738968000,902.392,684.242,,,5.7232837365236096,-4.645406832498807
9744093000,893.799,673.424,,,5.164467452752673,-3.948910135931181
9749099000,854.915,686.387,,,2.650123477192324,-4.791546136414704
9754093000,823.939,675.384,,,0.6430946937496412,-4.082322637916712
9759093000,757.692,652.098,,,-3.643411780077221,-2.574633416449443
9764093000,724.694,666.026,,,-5.780569564531988,-3.4707099250527187
9769093000,703.067,650.684,,,-7.175450787218781,-2.477648804255996
9774093000,670.314,658.38,,,-9.293931005051284,-2.967785641398088
9779093000,669.122,648.082,30.0,,-9.367826225852353,-2.3048760743847034
9784096000,672.106,648.047,30.0,,-9.175169379615278,-2.303076587978238
9789100000,673.53,648.934,30.0,,-9.08341709780452,-2.360386381165553
9794102000,674.845,648.787,30.0,,-8.998452613810208,-2.351195300410628
9799093000,677.665,647.697,30.0,,-8.816008902889427,-2.281439423652327
9804094000,677.242,648.794,30.0,,-8.843621282913597,-2.3520030879046794
9809103000,674.947,649.019,30.0,,-8.991901002582697,-2.3661245061155443
9814093000,672.71,650.501,30.0,,-9.136755389284993,-2.4611611300876355
9819103000,673.176,657.685,30.0,,-9.10881387049047,-2.923696068025785
9824094000,671.606,655.886,30.0,,-9.20963852546793,-2.80757068391802
9829093000,671.292,657.145,30.0,,-9.230360873131785,-2.888500787189124
9834094000,670.525,650.215,30.0,,-9.277822339721874,-2.4423564873176966
9839094000,667.065,650.846,30.0,,-9.501418188439166,-2.482327406382755
9844094000,668.375,652.531,30.0,,-9.417330950272428,-2.591033423575781
9849094000,668.181,650.067,30.0,,-9.4291378574926,-2.432404368478561
9854094000,661.102,656.194,30.0,,-9.8881997960078,-2.825187621962421
9859094000,660.595,651.646,30.0,,-9.919477970635876,-2.532622948355105
9864094000,663.162,651.608,30.0,,-9.75370865594458,-2.530683892767704
9869094000,662.681,650.79,30.0,,-9.784528095657045,-2.4779443636393546
9874094000,663.616,651.161,30.0,,-9.724223028178276,-2.5019548474877897
9879219000,662.128,651.314,30.0,,-9.82040006748108,-2.5115172501503102
9884219000,659.06,655.793,30.0,,-10.019925823839458,-2.798993183060086
9889219000,662.299,651.375,30.0,,-9.8093400251275,-2.515503187484056
9894219000,660.871,655.008,30.0,,-9.902721126814228,-2.7489003695500567
9899219000,661.142,651.049,30.0,,-9.883949043799673,-2.494324360607749
9904225000,662.61,651.634,30.0,,-9.789344360762865,-2.532239750641483
9909227000,664.648,651.032,30.0,,-9.657582782276611,-2.4938618601839373
9914219000,662.902,648.619,30.0,,-9.76960167891866,-2.3383122683903173
9919219000,663.025,648.969,30.0,,-9.761756523076873,-2.360858676893702
9924220000,663.48,651.773,30.0,,-9.733188775813217,-2.541345051717684
9929220000,663.821,654.021,30.0,,-9.71188500846056,-2.685979970684986
9934220000,666.022,655.828,30.0,,-9.570323272197909,-2.802707073902626
9939220000,664.014,653.593,30.0,,-9.699273160897604,-2.658479527217017
9944220000,662.834,653.166,30.0,,-9.77535699033492,-2.630814152848414
9949220000,661.823,650.875,30.0,,-9.839964302334618,-2.483248829222046
9954225000,661.95,654.15,30.0,,-9.83272506758172,-2.6939297676610945
9959226000,665.132,654.202,30.0,,-9.627243720719264,-2.697919361584578
9964220000,658.436,655.499,30.0,,-10.060066227993577,-2.779918966689634
9969220000,660.948,651.466,30.0,,-9.896581658868898,-2.521075548043079
9974220000,661.26,653.437,30.0,,-9.877055631334589,-2.6478960253877744
9979220000,659.519,652.937,30.0,,-9.98931859547149,-2.6154222552349253
9984220000,660.447,651.597,30.0,,-9.928979879011465,-2.529442509574721
9989220000,664.067,652.434,30.0,,-9.695493735216584,-2.5839595894953886
9994222000,663.311,651.094,30.0,,-9.743948696289936,-2.4976298300484623
9999220000,662.282,652.813,30.0,,-9.810876969218306,-2.6079822058527387
10004220000,661.295,653.568,30.0,,-9.8748348286922,-2.6563899894232565
10009220000,661.376,656.016,30.0,,-9.870438711211529,-2.813791778020549
10014225000,662.946,654.746,30.0,,-9.768641473595888,-2.732492304417596
10019345000,659.618,655.026,30.0,,-9.9836345301306,-2.749776093940226
10024345000,660.079,659.055,30.0,,-9.955250983787176,-3.008941094354846
10029345000,654.211,655.008,30.0,,-10.332751130616838,-2.747434082576182
10034345000,660.372,658.43,30.0,,-9.9360674298396,-2.968859054796719
10039345000,658.392,656.088,30.0,,-10.063108078468822,-2.8178366370788
10044352000,659.046,647.376,30.0,,-10.018223595816997,-2.2577271298320936
10049346000,659.235,651.95,30.0,,-10.00733752459282,-2.5518708288774947
10054346000,658.431,651.642,30.0,,-10.05916318053548,-2.531932023970862
10059346000,659.878,651.155,30.0,,-9.965627054966678,-2.5008628723246344
10064346000,661.76,653.463,30.0,,-9.844777297823596,-2.6497116446608047
10069346000,661.657,652.463,30.0,,-9.851155730352678,-2.5853334631465694
10074346000,663.714,653.28,,,-9.71854060185716,-2.6383098632916666
10079346000,664.004,654.343,,,-9.700134220940567,-2.706755564644435
10084358000,680.178,657.43,,,-8.656327291540775,-2.9086341968838694
10089346000,682.316,657.198,,,-8.518116315523146,-2.8941018560802663
10094346000,685.403,656.89,31.0,,-8.318577577613437,-2.8748623475585995
10099346000,688.166,654.057,31.0,,-8.139224188680275,-2.692826698550214
10104346000,687.874,652.155,31.0,,-8.157613132775007,-2.570203587140019
10109346000,686.735,653.381,31.0,,-8.231514061131092,-2.648985936960311
10114346000,691.504,655.267,31.0,,-7.92381588242365,-2.7713629801894326
10119346000,691.333,655.869,31.0,,-7.935059660223555,-2.810089738914465
10124346000,690.407,654.963,31.0,,-7.994658558262848,-2.7515462779248074
10129346000,690.956,653.962,31.0,,-7.958896108802386,-2.687131846506857
10134346000,691.549,651.926,31.0,,-7.920093784415356,-2.556048602286605
10139350000,691.464,650.87,31.0,,-7.92535026507169,-2.487972117785679
10144347000,692.106,651.473,31.0,,-7.884011748229497,-2.52689954588113
10149347000,690.933,653.745,31.0,,-7.960366587019976,-2.6731685083069308
10154472000,689.896,652.32,31.0,,-8.027028594046001,-2.581142820706912
10159472000,693.606,650.665,31.0,,-7.786897647819748,-2.475052157390576
10164472000,689.401,659.042,31.0,,-8.060795429313659,-3.014252947063345
10169472000,684.986,660.132,31.0,,-8.34645713395864,-3.0835921242344293
10174472000,685.043,658.58,31.0,,-8.34230073692999,-2.9836673368886024
10179472000,685.355,654.465,31.0,,-8.320951527551568,-2.718645195387308
10184472000,687.264,652.194,31.0,,-8.197048277233284,-2.57261409247231
10189472000,687.249,653.132,31.0,,-8.198262752075292,-2.633054824970165
10194472000,694.28,638.592,31.0,,-7.740992368011111,-1.6968941410500349
10199472000,691.774,643.994,31.0,,-7.903838550818016,-2.0448259484727487
10204472000,683.074,650.378,31.0,,-8.467282255740322,-2.454982899525409
10209472000,684.382,658.171,31.0,,-8.38487850770309,-2.9571991423538795
10214472000,687.116,655.285,31.0,,-8.207429623077925,-2.7717733352165514
10219483000,689.701,652.561,31.0,,-8.039642010437479,-2.596655635671176
10224472000,689.328,651.97,31.0,,-8.063638651263306,-2.5585037666233594
10229473000,690.358,646.012,31.0,,-7.995714338759363,-2.174747461504575
10234472000,691.846,648.303,31.0,,-7.900040704049567,-2.3225561621262947
10239472000,689.497,652.468,31.0,,-8.05283051240427,-2.59062476523688
10244472000,688.609,658.461,31.0,,-8.111811657189607,-2.9766311533231087
10249473000,691.836,656.906,31.0,,-7.902861034960652,-2.877056549269096
10254473000,687.247,657.315,31.0,,-8.199518203463914,-2.902579550905332
10259473000,689.177,657.234,31.0,,-8.074777636314343,-2.897710583783472
10264473000,690.347,652.898,31.0,,-7.998023473245856,-2.618506067476853
10269473000,688.451,653.46,31.0,,-8.120682106836986,-2.6543999883757667
10274473000,684.548,648.956,31.0,,-8.371727927290232,-2.363605640147771
10279473000,684.49,650.029,31.0,,-8.375736621230557,-2.432670076265845
10284473000,686.177,650.078,31.0,,-8.266714654400339,-2.436137967028281
10289599000,689.2,655.938,31.0,,-8.072907093031034,-2.814212679030719
10294598000,690.396,656.102,31.0,,-7.995705966215453,-2.824965015332084
10299598000,690.939,657.067,31.0,,-7.960875725082017,-2.887239943187483
10304598000,689.421,654.842,31.0,,-8.058361458962784,-2.743595607440461
10309598000,689.798,653.045,31.0,,-8.033492774876324,-2.6278610654135948
10314598000,691.541,652.431,31.0,,-7.920726143794899,-2.588574407019121
10319598000,691.984,651.453,31.0,,-7.891870992334926,-2.525641859445032
10324598000,691.317,657.393,31.0,,-7.936477546981518,-2.9083304046340817
10329598000,691.077,659.149,31.0,,-7.952521681457296,-3.021462095085667
10334598000,689.611,658.331,31.0,,-8.04703156116386,-2.96845857020047
10339598000,687.887,655.973,31.0,,-8.157772920102417,-2.816196444105735
10344598000,687.802,655.852,31.0,,-8.163261662700444,-2.808398667433998
10349598000,687.726,651.916,31.0,,-8.167144934358934,-2.5547871511998586
10354609000,684.114,645.159,,,-8.39890219468199,-2.118934583553572
10359609000,690.164,646.107,,,-8.00823007014316,-2.1807830287469563
10364599000,693.01,650.372,,,-7.825326900431697,-2.456100074293901
10369599000,709.834,670.257,,,-6.742991705939971,-3.741154144514079
10374602000,746.753,683.866,,,-4.357035439641944,-4.625991321367627
10379603000,764.045,705.883,,,-3.2416666843229414,-6.050583404229857
10384599000,782.422,710.779,,,-2.0502275208947007,-6.369043028507546
10389599000,780.854,729.394,,,-2.155562160875028,-7.571132371863772
10394602000,780.96,722.243,32.0,,-2.147206117714506,-7.109390425302623
10399599000,780.848,718.143,32.0,,-2.1537517352580657,-6.844578258731513
10404599000,780.367,716.337,32.0,,-2.1846470978623422,-6.727901074759787
10409599000,779.682,717.214,32.0,,-2.229253700476533,-6.784426255718446
10414599000,781.365,716.733,32.0,,-2.1199200310583044,-6.753562601322717
10419599000,781.428,707.743,32.0,,-2.114233558539934,-6.172853966338827
10424602000,780.305,712.235,32.0,,-2.1879161285143525,-6.462904397418335
10429724000,784.897,709.893,32.0,,-1.8894867789084016,-6.312025947710724
10434727000,784.374,710.199,32.0,,-1.9234600627311864,-6.331732269704426
10439724000,783.721,713.561,32.0,,-1.966366922655389,-6.548878231218556
10444724000,781.097,714.729,32.0,,-2.1369448808693225,-6.624098309707978
10449728000,781.92,714.18,32.0,,-2.083423614918884,-6.588721351692852
10454725000,783.882,714.445,32.0,,-1.956074797014768,-6.60600321216173
10459729000,786.138,715.759,32.0,,-1.809848732338528,-6.691100761658907
10464725000,783.532,716.335,32.0,,-1.97910292186734,-6.728064401535148
10469725000,783.831,716.781,32.0,,-1.9597628445749664,-6.756908032764738
10474725000,783.721,716.532,32.0,,-1.9669062985180168,-6.740831850641657
10479725000,780.554,714.638,32.0,,-2.172174436760627,-6.618160626944193
10484725000,784.019,716.498,32.0,,-1.9475409949253897,-6.7386520146354
10489727000,780.255,711.411,32.0,,-2.1909709478367034,-6.40966078821688
10494725000,782.762,712.862,32.0,,-2.028494948547179,-6.503664256241159
10499725000,785.69,715.486,32.0,,-1.83886168828688,-6.673422512702284
10504735000,786.063,716.498,32.0,,-1.8147939608414192,-6.738807896595874
10509737000,788.25,709.35,32.0,,-1.671837734891099,-6.277235055460094
10514725000,782.666,705.266,32.0,,-2.0335382502735944,-6.012922804471776
10519725000,780.067,713.084,32.0,,-2.203475904873688,-6.517725731372226
10524725000,781.297,707.946,32.0,,-2.1227817957551887,-6.185952483172166
10529725000,781.473,705.376,32.0,,-2.110955046686707,-6.019910220129568
10534725000,783.022,706.128,32.0,,-2.010577522281613,-6.068615260152005
10539734000,783.225,709.697,32.0,,-1.9979677874326365,-6.299203021190083
10544733000,785.028,704.281,32.0,,-1.8801467915351933,-5.949450735651077
10549725000,783.893,705.637,32.0,,-1.9539567046766595,-6.036956830265116
10554725000,787.618,703.349,32.0,,-1.7119927051250257,-5.889435435535522
10559855000,784.289,713.335,32.0,,-1.92949880176834,-6.534341351677331
10564850000,785.196,711.779,32.0,,-1.870382830824514,-6.433915970264315
10569860000,784.884,711.669,,,-1.8905701051981296,-6.42679587497299
10574851000,784.596,715.07,,,-1.90983074215064,-6.646460680494143
10579851000,785.362,712.39,,,-1.8596528815465263,-6.473403172591209
10584864000,773.084,751.539,,,-2.6667396553943394,-8.999352721500873
10589851000,785.226,798.144,,,-1.8876420721856009,-12.00634650833006
10594851000,765.594,838.746,,,-3.196365316699733,-14.615451626872709
11100231000,643.846,816.416,,5.0,-11.177183472857529,-13.09451412220518
11105360000,619.411,822.773,,5.0,-12.792666334073315,-13.472325858942757
11115356000,559.171,761.165,,5.0,-16.592930963853107,-9.474676031232653
11120367000,605.245,794.187,,5.0,-13.659736308325211,-11.630975424867174
11125356000,606.224,803.988,,5.0,-13.615856965331329,-12.257409390007169
11135356000,634.563,841.841,,5.0,-11.838944309200915,-14.708964133685637
11140356000,566.034,734.969,,5.0,-16.101911724474405,-7.815900286662331
11145356000,633.139,836.52,,5.0,-11.920886606653683,-14.367266190765816
11150369000,565.377,780.374,,5.0,-16.229449751554466,-10.702891491313324
11155356000,603.473,771.31,,5.0,-13.732472917953158,-10.169097012909727
11160356000,657.583,743.319,,5.0,-10.17594779890299,-8.422072039002732
11165356000,686.938,709.084,,5.0,-8.24306766456961,-6.236469163876961
11170362000,676.14,680.219,,5.0,-8.926132742159536,-4.374779732416235
11175356000,731.349,674.216,,5.0,-5.351977579031141,-4.000469150355509
11180356000,729.188,683.421,,5.0,-5.4944746348537095,-4.594264789578728
11185356000,725.299,682.955,,5.0,-5.74612532655066,-4.563398741109453
11190365000,725.486,680.829,,5.0,-5.733340736084434,-4.426281586401837
11195357000,716.119,675.566,,5.0,-6.337994404302844,-4.0848186121369645
11200357000,716.699,677.55,,5.0,-6.301127274136327,-4.212921622458154
11205357000,708.438,696.549,,5.0,-6.843285406940439,-5.43615196611388
11210357000,702.882,704.498,35.0,5.0,-7.207118531531589,-5.946826053661777
11215359000,704.239,703.568,35.0,5.0,-7.118724922789236,-5.887299960769844
11220357000,705.01,699.172,35.0,5.0,-7.066586636074848,-5.604281233619224
11225357000,707.988,698.845,35.0,5.0,-6.873489121969218,-5.584068623749889
11230357000,708.791,693.886,35.0,5.0,-6.8192605048381045,-5.264605127637218
11235357000,712.565,686.907,35.0,5.0,-6.571966515595558,-4.815551877003409
11240482000,712.733,687.033,35.0,5.0,-6.561190819796796,-4.82372428238052
11245482000,714.732,685.164,35.0,5.0,-6.431047936497545,-4.703645544559075
11250482000,715.099,686.922,35.0,5.0,-6.407949505165467,-4.81716558269
11255485000,717.852,684.918,35.0,5.0,-6.2289715427755965,-4.688516748068253
11260491000,713.598,682.5,35.0,5.0,-6.5035097475201535,-4.531564246267549
11265482000,715.858,683.086,35.0,,-6.357386943699867,-4.569865358247918
11270482000,715.858,684.364,35.0,,-6.357828835377125,-4.652298406524193
11275482000,714.559,683.58,35.0,,-6.441667772675388,-4.601436329943781
11280482000,716.021,681.655,35.0,,-6.346327598304579,-4.477615326416407
11285483000,717.687,679.183,35.0,,-6.2376849414992055,-4.318524917458404
11290482000,716.554,678.819,35.0,,-6.310877825555952,-4.29476473291806
11295483000,719.282,677.115,35.0,,-6.133795986653703,-4.185378275301498
11300495000,717.973,676.923,35.0,,-6.218446738256124,-4.172759601609222
11305483000,720.904,679.615,35.0,,-6.0296246219283045,-4.347028638909291
11310483000,722.267,679.065,35.0,,-5.941179057875197,-4.311773437139213
11315491000,722.083,677.682,35.0,,-5.952657292545011,-4.222534936466794
11320483000,718.654,689.232,35.0,,-6.178574551879284,-4.966961042404875
11325483000,715.168,687.997,35.0,,-6.403888915558352,-4.886521227834363
11330486000,715.215,687.486,35.0,,-6.40063221867694,-4.853516217083455
11335493000,717.978,678.838,35.0,,-6.218748802815403,-4.296277132653542
11340483000,715.492,682.817,35.0,,-6.380963416923406,-4.552422156808095
11345483000,722.836,679.368,35.0,,-5.904435780537056,-4.331486407766927
11350483000,722.092,680.268,35.0,,-5.952883642906331,-4.389381397243597
11355483000,723.838,681.995,35.0,,-5.840426348148857,-4.501183825841362
11360483000,724.2,682.837,35.0,,-5.817254792033242,-4.555608338091789
11365483000,719.87,684.782,35.0,,-6.098242398131133,-4.680202871838394
11370483000,720.254,683.734,35.0,,-6.073054239564945,-4.61263086445279
11375614000,723.785,680.104,35.0,,-5.843253479842123,-4.379135461408497
11380608000,719.849,682.546,35.0,,-6.098867481830702,-4.535891718001095
11385608000,721.237,684.428,35.0,,-6.00960764854359,-4.657621811262375
11390608000,721.045,685.425,35.0,,-6.0223934852717855,-4.721937317704105
11395608000,720.491,684.889,35.0,,-6.058104422183637,-4.68720444672921
11400608000,720.994,685.082,35.0,,-6.025563252918911,-4.699752646488398
11405608000,719.368,684.471,35.0,,-6.130657879236636,-4.659980249485572
11410619000,720.617,686.668,35.0,,-6.0505553276848,-4.802000393306337
11415609000,720.062,684.915,35.0,,-6.085844252154497,-4.688816842122728
11420609000,719.077,685.354,35.0,,-6.149800350260591,-4.716872961711517
11425609000,721.832,680.86,35.0,,-5.969927373370786,-4.427511100555523
11430609000,720.176,681.757,35.0,,-6.077394748623673,-4.485098662226325
11435609000,722.14,683.281,35.0,,-5.950748931992511,-4.583815379841219
11440612000,722.28,684.675,35.0,,-5.942141085776842,-4.67377241497714
11445609000,717.24,681.877,35.0,,-6.2674951852460365,-4.492209248376876
11450609000,717.278,682.577,35.0,,-6.2652773560961545,-4.53733961485876
11455616000,717.864,680.853,35.0,,-6.226806542085189,-4.426250919719023
11460609000,716.859,686.43,35.0,,-6.293795984520088,-4.7857801864541285
11465609000,715.726,687.549,35.0,,-6.367553211492795,-4.85771899785972
11470609000,717.972,686.638,35.0,,-6.221782085500732,-4.799475175157693
11475609000,718.479,686.442,35.0,,-6.188869733739388,-4.78696696450436
11480609000,716.401,687.836,35.0,,-6.323944760134655,-4.8763685236271765
11485609000,719.682,685.532,35.0,,-6.110695259375674,-4.728527428533855
11490612000,718.939,685.668,35.0,6.0,-6.158822715452821,-4.737112760263726
11495609000,723.773,686.969,35.0,6.0,-5.846255058078347,-4.822085235804498
11500612000,718.11,690.961,,6.0,-6.214480210272844,-5.078391500597426
11505616000,705.08,694.325,,6.0,-7.059767224756442,-5.291877340450205
11510619000,704.667,694.607,,6.0,-7.086669095214345,-5.30992272027869
11515735000,709.6,692.898,,6.0,-6.766432357915146,-5.201104328019735
11520736000,738.143,713.371,,6.0,-4.924600650824432,-6.52903451075927
11525736000,733.427,707.046,,6.0,-5.228017158321933,-6.119794619063227
11530735000,700.394,676.196,,6.0,-7.355663544149219,-4.122074639601232
11535735000,521.844,757.981,,6.0,-19.00808350857558,-9.227930852307978
11540735000,653.02,635.974,,6.0,-10.4045481433113,-1.523682781396943
11545735000,685.153,579.437,,6.0,-8.331937358407258,2.115710165724778
11550735000,742.523,605.738,,6.0,-4.621862960756337,0.4220625309367714
11555735000,724.265,588.617,,6.0,-5.803148806552651,1.527301916331298
11560735000,751.113,596.122,,6.0,-4.0669105885456105,1.043719573450889
11565735000,871.034,599.017,,6.0,3.6868307210462334,0.8566023342671588
11570735000,788.559,615.205,,6.0,-1.6454009230992332,-0.1898795735957277
11575735000,767.865,681.914,,6.0,-2.989170887720398,-4.502565802723647
11580741000,918.862,636.647,,6.0,6.777045807903196,-1.5723799918204786
11585735000,852.364,606.787,,6.0,2.480007824272539,0.3545063115625405
11590735000,739.678,613.486,,6.0,-4.805679115577242,-0.0785401681193349
11595735000,787.435,632.204,,6.0,-1.7183558307553402,-1.2894895195998632
11600735000,692.039,586.894,,6.0,-7.885746637972188,1.635931809882416
11605738000,856.833,649.119,,6.0,2.770180365925188,-2.382580067586968
11610735000,719.817,558.242,,6.0,-6.096287788721051,3.4877331033881585
11615738000,677.735,496.579,,6.0,-8.853980068327026,7.447854144029734
11620736000,612.317,587.261,,6.0,-13.030131683181631,1.6023744581396404
11625736000,658.246,543.781,,6.0,-10.083799416865626,4.404452290747355
11630738000,535.961,450.503,,6.0,-18.13022791053516,10.265574733524293
11635736000,637.617,395.643,,6.0,-11.612040518040772,13.888851302329543
11640736000,662.935,365.616,,6.0,-10.004980214791685,15.83919569910703
11645736000,675.928,360.68,,6.0,-9.155033069211967,16.16951563876375
11650863000,698.368,380.616,,6.0,-7.638130915401275,14.912460089712605
11655861000,710.229,380.156,,6.0,-6.856027257507868,14.95123784346326
11660861000,707.718,379.723,,6.0,-7.022313642183729,14.977198414664294
11665861000,702.985,348.125,,6.0,-7.382899271156051,17.00073122838688
11670861000,704.458,352.023,,6.0,-7.278803762476223,16.75206900662446
11675861000,703.038,353.34,,6.0,-7.370936923323775,16.666377833629877
11680861000,701.011,355.226,,6.0,-7.502358590160524,16.543581714164002
11685861000,699.65,355.713,,6.0,-7.591852852826317,16.51112607306658
11690861000,695.379,355.736,,6.0,-7.874990254654818,16.505738338105324
11695861000,689.562,354.076,,6.0,-8.263706259010283,16.606590278786342
11700865000,689.312,337.109,,6.0,-8.311836740461182,17.69358869708863
11705861000,691.155,339.212,36.0,6.0,-8.185164099161858,17.560733585285888
11710861000,689.847,338.145,36.0,6.0,-8.274192801353417,17.627758647906557
11715861000,688.536,336.136,36.0,6.0,-8.365420982389752,17.755103134993863
11720861000,690.351,335.698,36.0,6.0,-8.245393188893942,17.78505030430137
11725862000,688.764,337.432,36.0,6.0,-8.34767653870422,17.67233660445693
11730863000,688.421,337.873,36.0,6.0,-8.36968803278498,17.64369229180769
11735862000,688.369,336.733,36.0,6.0,-8.375330490894413,17.71668878299642
11740862000,685.361,336.718,36.0,6.0,-8.57568375800346,17.714446860226968
11745862000,686.267,336.368,36.0,6.0,-8.51601199883005,17.73783887539496
11750862000,684.752,333.597,36.0,6.0,-8.622497986415498,17.913691060981407
11755862000,683.606,333.58,36.0,6.0,-8.69887191079142,17.913457727510025
11760868000,679.281,336.509,36.0,6.0,-8.980846182888218,17.721134057456794
11765862000,680.458,338.031,36.0,,-8.899376116251176,17.624955029489502
11770862000,680.5,338.903,36.0,,-8.894778515332431,17.56918104533454
11775862000,685.925,335.601,36.0,,-8.54035719235948,17.786586012513496
11780862000,681.58,347.011,36.0,,-8.806726874297402,17.051120413905718
11785987000,676.844,343.579,36.0,,-9.128276265540713,17.26569565331921
11790987000,682.007,345.387,36.0,,-8.781553082923494,17.155604770656655
11795987000,683.569,345.837,36.0,,-8.67685740890152,17.128437120860067
11800987000,680.576,345.911,36.0,,-8.875562677730889,17.120442928570096
11805987000,682.465,341.924,36.0,,-8.757979624805426,17.377869571364432
11810987000,682.843,339.319,36.0,,-8.738055604083536,17.545139804829343
11815987000,683.376,337.825,36.0,,-8.705540742307639,17.641404310741923
11820987000,679.712,336.791,36.0,,-8.951594972207015,17.703560025890514
11825987000,680.685,336.953,36.0,,-8.886474707155275,17.694219950947375
11830988000,680.947,336.043,36.0,,-8.870937808257464,17.75282081348599
11835987000,679.639,335.864,36.0,,-8.958364638148714,17.76280949403079
11840988000,680.157,335.508,36.0,,-8.9246121109538,17.78619905140178
11845988000,685.583,337.765,,,-8.55877851758056,17.647634464185586
11850988000,684.769,338.904,,,-8.610708294924782,17.573752978416355
11855988000,684.759,342.331,,,-8.604601169485651,17.354290119986366
11860988000,683.371,346.068,,,-8.689607396814784,17.11342980628004
11865988000,679.185,367.094,,,-8.92751004814045,15.761988568920456
11870988000,689.173,404.094,,,-8.209922838460008,13.398081109799977
11875988000,686.958,404.632,,,-8.354659343770178,13.361794248407698
11880993000,687.396,414.005,,,-8.313042150234986,12.760485631416811
11885992000,688.141,412.015,37.0,,-8.266814153074707,12.888782551803596
11890988000,686.905,410.114,37.0,,-8.350533208964361,13.009890536132684
11895988000,687.169,410.997,37.0,,-8.331947388557658,12.953378115403826
11900988000,686.425,411.734,37.0,,-8.379793699757496,12.905494523624837
11905988000,689.547,414.522,37.0,,-8.171255665687971,12.728934191362988
11910988000,689.28,407.864,37.0,,-8.197679771620168,13.156193462854093
11915988000,689.244,408.014,37.0,,-8.199826001128624,13.146500515674614
11920996000,693.719,406.02,37.0,,-7.908685855371514,13.278029000283777
11926114000,691.025,404.8,37.0,,-8.087298531336616,13.354274418683245
11931122000,689.78,408.476,37.0,,-8.164036315338912,13.117280443411849
11936114000,691.743,409.023,37.0,,-8.034414418704511,13.083725846709466
11941113000,690.298,409.36,37.0,,-8.128821723748688,13.060925657753057
11946114000,688.376,403.166,37.0,,-8.263589199896387,13.457026651119884
11951122000,691.076,406.851,37.0,,-8.08117585132805,13.222622832889224
11956114000,689.503,410.829,37.0,,-8.179028514239828,12.966028414164771
11961117000,691.55,409.27,37.0,,-8.04676538129968,13.067674529352592
11966114000,688.789,410.25,37.0,,-8.226697909343512,13.002628077575627
11971114000,691.498,406.996,37.0,,-8.053236466253749,13.213644873465007
11976114000,693.915,407.766,37.0,,-7.893498594222643,13.166098200860612
11981114000,691.01,405.865,37.0,,-8.086797241805359,13.285878063224324
11986117000,693.914,406.901,37.0,,-7.894695623147258,13.221581928173205
11991114000,690.208,407.547,37.0,,-8.137219541066495,13.177273904199152
11996116000,689.383,407.619,37.0,,-8.191250981439946,13.172017876578892
12001114000,688.03,402.893,37.0,,-8.28672625460573,13.474244481428466
12006124000,688.785,404.96,37.0,,-8.234215202830164,13.342221049309934
12011114000,697.687,413.777,37.0,,-7.638233235594493,12.782782699396318
12016117000,696.887,413.441,37.0,,-7.691165607337889,12.80381748570334
12021114000,697.252,410.56,37.0,,-7.670852424076667,12.989091363750344
12026114000,693.225,411.503,37.0,,-7.93388129089762,12.925601301700466
12031114000,693.339,410.392,37.0,,-7.927856175450387,12.996998357034506
12036115000,687.977,409.537,37.0,,-8.280918208957136,13.04775049486712
12041115000,688.778,408.582,37.0,,-8.229675925681315,13.10970937877861
12046115000,688.643,408.221,37.0,,-8.239021136882009,13.132759144265815
12051115000,690.68,407.984,37.0,,-8.105621104836684,13.149558019943177
12056240000,691.89,408.561,37.0,,-8.025425492240961,13.113487439548136
12061240000,691.404,409.351,37.0,,-8.0562497064954,13.06238325272682
12066240000,689.992,408.104,37.0,,-8.150648456309556,13.141315598083404
12071240000,686.083,405.998,37.0,,-8.41021031550174,13.27341407152438
12076240000,685.632,405.299,37.0,,-8.44082264801634,13.317909029043872
12081242000,685.105,406.446,37.0,,-8.473794691100675,13.243825558072924
12086244000,681.663,404.599,37.0,,-8.70249833638789,13.359505064377288
12091240000,682.353,403.84,37.0,,-8.658314901830385,13.408789801796514
12096240000,684.478,405.596,37.0,,-8.516209905790856,13.297857501695008
12101240000,683.241,403.82,37.0,,-8.600034677043231,13.410809785555658
12106250000,685.803,408.052,37.0,,-8.425678328015255,13.141363273558431
12111242000,685.771,408.327,37.0,,-8.427451965676127,13.123678426738444
12116240000,685.388,408.087,37.0,,-8.452883453847555,13.138794253541326
12121243000,684.216,406.618,37.0,,-8.53195913585181,13.232093838637448
12126240000,684.845,403.862,37.0,,-8.494584228926735,13.409495266889753
12131240000,686.047,403.615,37.0,,-8.416004490013847,13.426342467612228
12136240000,685.297,407.856,37.0,,-8.459186716551523,13.153494577068283
12141241000,684.818,408.759,37.0,,-8.489382044491068,13.095175947137612
12146240000,686.235,409.242,37.0,,-8.39568276057492,13.065319315825292
12151241000,691.988,411.176,37.0,,-8.015483467311876,12.945664372251994
12156241000,689.586,404.887,37.0,,-8.181695237485018,13.347517637175368
12161241000,687.594,404.677,37.0,,-8.312867441510612,13.359405857101992
12166241000,688.333,406.808,37.0,,-8.261314058609175,13.223202112047373
12171241000,688.306,404.696,37.0,,-8.266013145515025,13.358782732380629
12176241000,690.839,405.028,37.0,,-8.099194376912369,13.339458389730597
12181241000,681.812,405.528,37.0,,-8.691359388656618,13.300032657063324
12186241000,690.24,409.999,37.0,,-8.131801202836275,13.019857682900838
12191366000,685.957,399.471,37.0,,-8.427873860133964,13.692157309861487
12196366000,683.489,400.979,37.0,,-8.587928891333695,13.593332624829571
12201369000,684.674,403.093,37.0,,-8.506945636476852,13.45866594622011
12206367000,686.532,402.444,37.0,,-8.385768439870887,13.50185350078757
12211366000,683.753,396.125,37.0,,-8.577864215841348,13.904933995346752
12216366000,686.339,398.06,37.0,,-8.404863813897409,13.783033780893504
12221371000,686.856,399.081,37.0,,-8.369343730580189,13.717919903067882
12226379000,685.6,402.595,37.0,,-8.446832261396802,13.491398900515836
12231366000,684.971,402.083,,,-8.488886789848788,13.523762625784173
12236366000,683.415,403.298,,,-8.589328737974462,13.444490707786718
12241372000,683.117,404.261,,,-8.607484905727498,13.38244017862158
12246366000,688.689,415.979,,,-8.225579782693385,12.634687095199473
12251366000,691.958,461.087,,,-7.960724156153061,9.738149394624909
12256379000,698.06,528.939,,,-7.515382035588397,5.3725515551607
12261367000,700.653,592.399,,,-7.328511821894787,1.2816905552945683
12266367000,710.034,664.736,,,-6.728439771781643,-3.385042631398302
12271367000,738.209,715.437,,,-4.921128499271853,-6.662306375820729
12276372000,749.344,797.132,,,-4.238314673809902,-11.931749383556731
12281367000,776.65,843.706,,,-2.4693231670247875,-14.937728977485223
12731747000,854.465,843.693,,,2.6687007846822395,-14.93430684107012
12736751000,875.659,803.549,,,4.04076659205424,-12.343760437644544
12741871000,877.95,767.595,,,4.170980332848243,-10.0274152486373
12746871000,888.439,735.777,,,4.838578224975612,-7.973056672843656
12751871000,897.517,696.216,,,5.411602307383873,-5.418959089456064
12756885000,907.76,684.101,,,6.070481474577419,-4.635116907136158
12761875000,904.071,661.473,,,5.825849606727221,-3.1758872891168624
12766878000,912.015,638.508,,,6.33514633160671,-1.6930148487428798
12771872000,911.129,644.677,39.0,,6.27876077426273,-2.091187360288154
12776876000,911.63,644.227,39.0,,6.31107983353404,-2.0620547150783626
12781871000,907.51,646.412,39.0,,6.04527383333753,-2.203494253408393
12786879000,907.864,648.688,39.0,,6.0684988036458085,-2.350345217697438
12791875000,907.684,649.403,39.0,,6.057002232927204,-2.3965035245957327
12796872000,907.617,652.712,39.0,,6.053275187364215,-2.6100663712278
12801872000,909.076,653.92,39.0,,6.1477672058980914,-2.687810940453687
12806872000,907.307,654.379,39.0,,6.033560967699511,-2.71765636703656
12811880000,910.645,643.903,39.0,,6.247401589746944,-2.041290060969426
12816872000,903.88,647.273,39.0,,5.810913819454232,-2.259479457080567
12821872000,904.537,651.279,39.0,,5.854024792629735,-2.517926106646532
12826872000,905.192,657.655,39.0,,5.897523195976318,-2.9293728107399843
12831872000,903.418,657.853,39.0,,5.782927841728649,-2.9423431965876143
12836872000,900.862,660.249,39.0,,5.618188681533778,-3.097388625089628
12841872000,900.419,654.833,39.0,,5.588535260375706,-2.7478396753035748
12846872000,901.647,650.493,39.0,,5.66715990979136,-2.4675327173273782
12851875000,903.232,646.233,39.0,,5.768928742769166,-2.192441740528368
12856872000,905.734,647.083,39.0,,5.930649742690099,-2.247004245181058
12861872000,905.41,647.289,39.0,,5.909772789422606,-2.2603656234536693
12866872000,906.571,648.712,39.0,,5.985002385296546,-2.3520583069211747
12871998000,905.782,645.411,39.0,,5.933502140626462,-2.139113997961852
12877008000,902.447,643.779,39.0,,5.7178611949539855,-2.034091756647897
12881998000,897.838,646.461,39.0,,5.420487065498853,-2.207698132291034
12886997000,898.553,644.041,39.0,,5.466360824931091,-2.051368062064252
12891998000,900.909,640.125,39.0,,5.618053809750042,-1.7983550145231495
12896998000,899.749,640.777,39.0,,5.543214479561144,-1.8405660388171805
12901998000,900.881,637.923,39.0,,5.61603072549948,-1.6561844043692198
12906998000,899.325,643.131,39.0,,5.516113575351692,-1.9925729725273087
12911998000,900.058,648.163,39.0,,5.564122514678998,-2.3173167298908948
12917008000,898.458,646.085,39.0,,5.460449583700648,-2.1833559226290684
12922002000,897.566,645.672,39.0,,5.402795985256445,-2.15676476450116
12926998000,898.699,644.549,39.0,,5.475855199827787,-2.084119737355905
12931998000,904.03,646.168,39.0,,5.820452686991873,-2.1881634110462915
12936998000,902.575,650.136,39.0,,5.727067197981889,-2.444438611071541
12941998000,897.678,652.536,39.0,,5.411059905596532,-2.5999242259525923
12947008000,898.432,651.889,39.0,,5.459637381717241,-2.558054946651233
12952004000,899.952,647.309,39.0,,5.557195340966187,-2.2622367180427614
12956998000,899.13,647.206,39.0,,5.504034942693646,-2.2556225580082088
12961998000,900.969,648.675,39.0,,5.623059244519533,-2.350291936972045
12966998000,899.709,648.62,39.0,,5.5416890623609305,-2.346861313714659
12971998000,900.398,650.63,39.0,,5.586503091968522,-2.4765236457148405
12976998000,900.3,650.279,39.0,,5.580094438601607,-2.4539193526722567
12981998000,899.578,645.079,39.0,,5.532727130090685,-2.118294024489068
12986998000,898.411,645.838,39.0,,5.457402968864395,-2.1674016563294507
12991999000,897.401,654.363,39.0,,5.393438934580373,-2.7179066463438355
12997005000,900.05,653.044,39.0,,5.564407531335622,-2.632392392914982
13001999000,899.378,652.317,39.0,,5.520866986054623,-2.585585925941197
13007124000,904.073,648.359,39.0,,5.823552527449429,-2.329544613710313
13012124000,902.866,648.868,39.0,,5.745667642111743,-2.36252962321794
13017124000,903.809,653.92,39.0,,5.807460193938904,-2.688464641935174
13022130000,903.683,653.22,39.0,,5.799211291171339,-2.643309558839736
13027124000,903.183,653.522,39.0,,5.766937990982073,-2.662883427233796
13032124000,906.126,652.459,39.0,,5.956895418733953,-2.5938791385140205
13037124000,904.623,652.725,39.0,,5.859859133207349,-2.611276979508642
13042124000,904.902,632.442,39.0,,5.875204163334532,-1.3020898054615409
13047135000,902.09,634.839,,,5.693784800432351,-1.4570163856703895
13052135000,903.652,638.29,,,5.795028228247257,-1.6796903431719197
13057124000,899.272,643.941,,,5.512802341407367,-2.0448708682929624
13062124000,896.833,652.224,,,5.356358656703665,-2.57987729995945
13067124000,862.716,665.785,,,3.1523473774383457,-3.459452920874251
13072124000,859.251,669.139,,,2.9285335373220778,-3.676518571317717
13077124000,857.536,674.34,,,2.8181927876947004,-4.012767490580934
13082125000,854.869,673.159,40.0,,2.64544860565531,-3.936737197543229
13087124000,859.47,674.239,40.0,,2.9433581024775006,-4.006071995886163
13092125000,858.835,674.805,40.0,,2.9023195996031883,-4.042706421068574
13097125000,849.757,681.272,40.0,,2.315414685303168,-4.461498441458353
13102125000,850.94,676.488,40.0,,2.39143967094635,-4.152241213450348
13107125000,852.779,676.227,40.0,,2.5104606618403347,-4.13520706365977
13112125000,853.923,675.208,40.0,,2.584417331383114,-4.069247545303264
13117128000,853.257,672.319,40.0,,2.540958732417411,-3.882550351853118
13122125000,857.275,673.296,40.0,,2.801195607354011,-3.945328572369029
13127125000,854.339,677.369,40.0,,2.611634665076745,-4.208871175028488
13132132000,851.122,678.439,40.0,,2.403484513153161,-4.278307039881113
13137129000,852.511,678.307,40.0,,2.493419006332146,-4.26964386385733
13142130000,851.204,681.122,40.0,,2.4091128951808707,-4.451672876040504
13147254000,849.854,675.93,40.0,,2.3210710571087105,-4.116226586025863
13152251000,852.302,682.521,40.0,,2.4803712768416264,-4.541967015021889
13157250000,847.434,687.026,40.0,,2.1656213049651885,-4.833615240019235
13162250000,847.72,679.853,40.0,,2.1833226866863966,-4.369953686217268
13167250000,847.181,683.775,40.0,,2.1488552093919147,-4.623532977706391
13172255000,852.594,680.545,40.0,,2.499007646131937,-4.41424541368164
13177255000,854.137,681.627,40.0,,2.599074553914736,-4.484063596860307
13182250000,853.623,681.949,40.0,,2.565837738311593,-4.50488883828282
13187250000,853.968,682.726,40.0,,2.588267678210077,-4.555054048586478
13192251000,855.03,678.815,40.0,,2.656529457067988,-4.302219879501848
13197250000,855.294,679.959,40.0,,2.6737703430381354,-4.376139440411732
13202262000,854.88,682.23,40.0,,2.6472747681553765,-4.522947396744004
13207251000,853.759,684.017,40.0,,2.5749027678082523,-4.638534521466758
13212251000,853.711,684.144,40.0,,2.571824728009824,-4.646743126625083
13217251000,853.578,683.396,40.0,,2.563139037394609,-4.598428176875696
13222251000,850.414,684.097,40.0,,2.358315587149628,-4.6440489422756
13227251000,854.071,679.657,40.0,,2.5945547952547314,-4.35671366126354
13232251000,852.965,680.365,40.0,,2.5230063205906874,-4.402582247999387
13237251000,847.638,681.9,40.0,,2.1782871748122536,-4.50229916074454
13242251000,844.322,693.65,40.0,,1.96478993913178,-5.261945560602555
13247251000,843.611,690.19,40.0,,1.918299469663718,-5.038379507286074
13252251000,847.488,692.194,40.0,,2.1697838908698417,-5.1675313691806375
13257251000,846.921,689.848,40.0,,2.132744388557824,-5.016010110692722
13262256000,839.7,690.414,40.0,,1.664929416648564,-5.053150700494947
13267251000,841.287,689.245,40.0,,1.7676197994445733,-4.977486920918849
13272251000,845.908,686.067,40.0,,2.0666917667225064,-4.771719732598469
13277251000,846.974,686.943,40.0,,2.135819465787082,-4.828275724556809
13282376000,846.476,689.034,40.0,,2.103792832509657,-4.963464301639791
13287376000,846.617,688.061,40.0,,2.112845505539344,-4.900542371369446
13292376000,844.683,688.761,40.0,,1.9876103921981985,-4.9459254470770775
13297385000,845.403,689.113,40.0,,2.034299496605793,-4.968627112361503
13302384000,841.518,694.91,40.0,,1.7831370613310464,-5.343606219547756
13307377000,841.506,695.227,40.0,,1.7824031001563685,-5.364085792620897
13312379000,843.247,693.808,40.0,,1.8951021085587487,-5.272259248374188
13317377000,846.254,690.367,40.0,,2.089542812926564,-5.0496207165157685
13322377000,849.049,694.539,40.0,,2.2711958830248933,-5.318898165817346
13327377000,852.747,687.53,40.0,,2.5098288029880664,-4.865636268503786
13332377000,845.64,675.732,40.0,,2.048248659232073,-4.103767585556144
13337377000,843.225,676.553,40.0,,1.891997339146991,-4.156994944928756
13342377000,843.205,677.375,40.0,,1.8907654065463937,-4.2101574614467205
13347377000,842.338,681.173,40.0,,1.8349567021444213,-4.455695695079555
13352377000,841.156,677.096,,,1.758048671366402,-4.192246831172924
13357387000,841.866,680.13,,,1.804281906324879,-4.3883475573279584
13362377000,843.35,678.849,,,1.900247916318255,-4.305388609544291
13367377000,843.452,683.408,,,1.907285267802982,-4.60007631140722
13372387000,835.562,686.077,,,1.3964180485115103,-4.773110743075512
13377377000,804.057,701.395,,,-0.645533723314793,-5.763893344066563
13382377000,754.105,692.228,,,-3.8827869981506247,-5.167204366563643
13387377000,731.448,677.802,,,-5.3464868613384775,-4.231952693273341
13392377000,715.024,685.916,,,-6.412408406643954,-4.752228693551146
13397377000,716.972,689.722,,,-6.287673695138711,-4.998193559952592
13402389000,710.083,687.315,41.0,,-6.732827252477491,-4.84130004347264
13407378000,705.751,690.774,41.0,,-7.014767112667349,-5.06318601768707
13412378000,708.177,690.08,41.0,,-6.857393181850901,-5.019061150445613
13417502000,706.214,685.69,41.0,,-6.982673341116419,-4.73555572491835
13422503000,704.026,683.666,41.0,,-7.123491425286879,-4.604528839574185
13427503000,705.611,682.597,41.0,,-7.020521857684845,-4.535953006260617
13432503000,705.817,681.789,41.0,,-7.006880547122197,-4.483925865860237
13437503000,706.049,675.854,41.0,,-6.989715810895765,-4.101327544881031
13442503000,703.983,680.645,41.0,,-7.125125631902464,-4.409752648412703
13447503000,697.404,670.911,41.0,,-7.547221944598855,-3.780740862838132
13452503000,698.056,671.753,41.0,,-7.505331082600064,-3.835142261471802
13457516000,702.399,675.388,41.0,,-7.225692552374638,-4.070453472887681
13462515000,703.355,675.593,41.0,,-7.163874933317703,-4.083900853873988
13467503000,701.741,675.516,41.0,,-7.268260653631311,-4.078564436012314
13472503000,703.365,678.719,41.0,,-7.164343929465947,-4.2854427369161545
13477503000,701.832,677.646,41.0,,-7.263184663271373,-4.2159156243681215
13482503000,702.015,678.815,41.0,,-7.25178889113588,-4.291325224358437
13487503000,700.847,673.3,41.0,,-7.325328647063725,-3.93552058279314
13492503000,703.322,668.929,41.0,,-7.16376819033195,-3.6542497200882247
13497503000,703.743,670.582,41.0,,-7.137101892176479,-3.7608702689499176
13502506000,701.975,673.453,41.0,,-7.252419857635213,-3.945593379930679
13507503000,702.42,673.897,41.0,,-7.223811187099897,-3.974328858670476
13512503000,700.614,672.114,41.0,,-7.339960796452376,-3.85898419624832
13517504000,700.504,671.98,41.0,,-7.347044722329977,-3.850355280241237
13522503000,702.685,672.334,41.0,,-7.206110126304187,-3.873614273146396
13527504000,701.891,670.854,41.0,,-7.256992841594063,-3.778013710210443
13532507000,703.106,671.809,41.0,,-7.178681465742769,-3.839865507135084
13537504000,700.636,669.054,41.0,,-7.337563884124683,-3.6617125053983215
13542504000,708.464,672.387,,,-6.832261615133643,-3.878215809883967
13547504000,701.986,671.456,,,-7.251011732897388,-3.8169038140777256
13552509000,701.255,673.882,,,-7.299122421002331,-3.973131925647372
13557629000,708.219,691.403,,,-6.855254660974127,-5.104398453407191
13562629000,711.249,758.497,,,-6.69886041883119,-9.428009529011574
13567629000,731.334,790.608,,,-5.412860574242537,-11.504295783594705
13998019000,850.089,838.823,,,2.377765013745145,-14.622439163731755
14003008000,863.554,803.446,,,3.247251839824379,-12.341507850761053
14008012000,886.875,769.822,,,4.754235261120982,-10.167653842406509
14013019000,887.177,717.24,,,4.749048564387875,-6.777911726609099
14018008000,898.327,684.649,,,5.460329445629305,-4.672495897924397
14023008000,901.523,662.305,,,5.661336827154739,-3.229965118184327
14028008000,904.53,637.467,,,5.851624866678646,-1.6264700855259542
14033008000,902.853,613.746,,,5.741983318975593,-0.095293720145117
14038008000,908.473,615.069,,,6.104872178529259,-0.1806424614513058
14043009000,906.528,616.324,43.0,,5.97931932031776,-0.261658290670142
14048008000,901.817,613.593,43.0,,5.675133643566622,-0.0853856102361855
14053009000,900.041,612.255,43.0,,5.560447720289643,0.0009605474587677
14058009000,900.437,613.879,43.0,,5.585975808348604,-0.10387551399341
14063012000,899.34,615.552,43.0,,5.515171681297181,-0.2119122765389145
14068009000,901.473,614.686,43.0,,5.652926862848682,-0.1559399206206753
14073009000,898.322,610.325,43.0,,5.449394987523172,0.1255813114959044
14078009000,902.639,611.392,43.0,,5.72819352038436,0.0566819033152404
14083009000,902.805,610.073,43.0,,5.7388931502355724,0.1418566980052575
14088009000,902.195,612.523,43.0,,5.699529031916901,-0.0163188923364412
14093009000,903.809,612.995,43.0,,5.8037673789252855,-0.0467843192794885
14098134000,902.758,612.74,43.0,,5.735867609299565,-0.0303373542425291
14103134000,902.557,616.315,43.0,,5.722917728770069,-0.2611309124149187
14108134000,903.307,615.606,43.0,,5.771369518075924,-0.2153309167000874
14113134000,902.006,617.021,43.0,,5.687327792103345,-0.306682548894876
14118134000,902.145,614.399,43.0,,5.696271868108688,-0.137417744872364
14123134000,895.686,623.388,43.0,,5.279383000447701,-0.7180043668362477
14128134000,895.852,615.446,43.0,,5.289908766851307,-0.2051114513693399
14133134000,901.648,615.409,43.0,,5.664242253586728,-0.2026142912212102
14138134000,900.695,609.097,43.0,,5.6026678697003565,0.2048715422484663
14143134000,898.474,610.349,43.0,,5.459213512933126,0.1240791485481136
14148134000,900.344,607.573,43.0,,5.580039468020731,0.3032683477299951
14153135000,897.775,609.089,43.0,,5.414131105370421,0.2054136545639338
14158135000,896.101,612.008,43.0,,5.305941798805233,0.0169373667900762
14163135000,897.125,610.969,,,5.372119098701076,0.0839927075042276
14168135000,898.982,609.26,,,5.492052680935536,0.1943460931012575
14173135000,896.529,610.129,,,5.333594396217688,0.1382877138103086
14178135000,890.823,628.53,,,4.96551328243336,-1.0502607289639692
14183135000,886.702,636.421,,,4.699871983200873,-1.560141907060471
14188135000,884.472,635.28,44.0,,4.555710138138543,-1.4866005044321433
14193135000,883.278,631.06,44.0,,4.4782606273182335,-1.214006779470789
14198135000,882.805,626.799,44.0,,4.44743253422038,-0.9387342145711208
14203135000,881.439,627.74,44.0,,4.359269595590447,-0.9995890981324446
14208135000,882.006,627.252,44.0,,4.395838000413039,-0.9680236047086432
14213135000,884.475,625.521,44.0,,4.555267279694935,-0.856134899141336
14218135000,881.603,637.258,44.0,,4.3704613963611045,-1.6145221410790822
14223135000,882.777,632.566,44.0,,4.44597541682102,-1.3113320368944037
14228139000,876.151,631.27,44.0,,4.0177631022288685,-1.227880104501947
14233260000,879.012,631.152,44.0,,4.202601994251964,-1.2201784356949286
14238260000,875.843,631.526,44.0,,3.997828016922159,-1.2444905803114554
14243261000,878.69,629.54,44.0,,4.181700783443248,-1.1159810170634652
14248260000,881.153,630.763,44.0,,4.340928667271686,-1.194896835879907
14253261000,880.576,630.119,44.0,,4.303599775637832,-1.1533631344593815
14258261000,871.07,618.729,44.0,,3.688965251989498,-0.4175344217061769
14263266000,873.839,622.312,44.0,,3.867936305350407,-0.6490169938792045
14268261000,874.632,624.798,44.0,,3.9192702777283626,-0.8096914346465243
14273261000,873.244,620.707,44.0,,3.829493681007248,-0.5453206382661919
14278261000,876.946,624.602,44.0,,4.0688270092841226,-0.7969346567120275
14283261000,875.375,624.448,44.0,,3.967287157628982,-0.78703360997268
14288275000,874.605,624.949,44.0,,3.917563906057734,-0.8194392441087758
14293261000,875.315,624.876,44.0,,3.9634019465682586,-0.8146980675331648
14298268000,876.085,625.354,44.0,,4.013187651131067,-0.8455771119420926
14303262000,876.006,625.934,44.0,,4.00811853009102,-0.8830473492250273
14308261000,878.084,631.573,44.0,,4.142681644702492,-1.2473806809579226
14313261000,873.75,627.571,44.0,,3.862430266302021,-0.9889339539422076
14318263000,873.856,631.338,44.0,,3.8694040604190745,-1.2323799325068063
14323261000,870.968,624.833,44.0,,3.682506787191836,-0.8120682916873183
14328264000,872.582,625.859,44.0,,3.786874730465487,-0.8783312275702647
14333262000,874.036,625.562,44.0,,3.8808242447930086,-0.8591026082124172
14338261000,876.494,626.839,44.0,,4.039675363852863,-0.941519121716908
14343269000,873.231,629.326,44.0,,3.828936528373076,-1.1023492864083726
14348261000,872.598,629.239,44.0,,3.788014220318298,-1.0967662582397368
14353265000,872.97,628.805,44.0,,3.812042687653326,-1.0687179721333582
14358262000,872.211,631.916,44.0,,3.763168752257799,-1.2697824555584172
14363265000,872.637,630.579,44.0,,3.790627257704562,-1.1833560663979117
14368387000,871.671,628.522,44.0,,3.728114916278398,-1.0504896466780729
14373387000,871.411,631.974,44.0,,3.71143565768292,-1.2736134634340006
14378387000,874.918,629.283,44.0,,3.937932412898655,-1.099538873287113
14383392000,874.806,628.613,44.0,,3.9306670131890233,-1.056240239927588
14388387000,872.914,627.861,44.0,,3.808364297332996,-1.0076867961626297
14393390000,872.701,628.094,44.0,,3.794628387468044,-1.0227943396272416
14398396000,871.79,628.691,44.0,,3.73579395561903,-1.0613892951834825
14403393000,872.787,620.024,44.0,,3.79995806934859,-0.50119357564539
14408401000,875.255,619.946,,,3.9594075121828665,-0.4960826551904205
14413387000,874.876,620.642,,,3.934920049100053,-0.541097345289862
14418387000,873.628,617.845,,,3.854258402672924,-0.3603619765008374
14423387000,844.932,631.9,,,1.999817156295235,-1.2696271576780576
14428391000,809.052,641.847,,,-0.3204267400540692,-1.9134984703622555
14433388000,759.71,634.063,,,-3.511372946800103,-1.4089427298318105
14438387000,711.926,634.643,,,-6.600366915670694,-1.443729287277952
14443387000,667.108,655.909,,,-9.500164114706507,-2.808113591864965
14448395000,625.854,627.801,,,-12.155409333003218,-0.9958824516378392
14453387000,603.219,618.106,,,-13.61321981536729,-0.373163274235608
14458387000,607.585,616.204,,,-13.331839506951656,-0.2515431567703969
14463388000,603.237,616.927,45.0,,-13.612030256005154,-0.2976582376307748
14473388000,604.205,613.248,45.0,,-13.549528125511864,-0.0622045564094763
14478388000,599.598,616.383,45.0,,-13.846434434378493,-0.2627429172587254
14483388000,600.803,616.125,45.0,,-13.768802575307015,-0.2462765869491709
14488388000,599.922,614.985,45.0,,-13.825491326715012,-0.1733161566358394
14493388000,601.131,613.775,45.0,,-13.747622385972887,-0.0959236425593251
14498396000,599.796,614.368,45.0,,-13.833600808822132,-0.1338339268457659
14503396000,591.125,608.201,45.0,,-14.39218572234647,0.2605040551322357
14508521000,594.33,612.478,45.0,,-14.18565287813801,-0.0128689929669109
14513514000,597.819,611.361,45.0,,-13.96096376796302,0.0585461425231209
14518526000,592.397,609.259,45.0,,-14.310231505337953,0.19288919082267
14523528000,595.15,610.775,45.0,,-14.132876308698528,0.0960307812383189
14528513000,597.533,615.018,45.0,,-13.979403826483738,-0.1753944719635091
14533513000,596.47,617.067,45.0,,-14.047932941165271,-0.3063838821542616
14538513000,598.158,615.206,45.0,,-13.93916153720542,-0.1873870656715582
14543524000,598.402,614.544,45.0,,-13.923403982576794,-0.1450884577406671
14548513000,598.723,613.57,45.0,,-13.902716919954706,-0.0827467165739069
14553513000,605.673,613.626,45.0,,-13.454982084342504,-0.0864571180718003
14558513000,605.113,613.998,45.0,,-13.491062007790516,-0.1102442294581569
14563513000,605.154,614.979,45.0,,-13.4884261239096,-0.1730792662044895
14568514000,605.701,613.144,45.0,,-13.453177196840429,-0.055581619961979
14573513000,604.722,612.004,45.0,,-13.516218246896685,0.0173709852359901
14578514000,605.673,613.993,45.0,,-13.45495866539475,-0.1099128586333571
14583514000,607.121,613.981,45.0,,-13.361710995016267,-0.1091688623022512
14588514000,606.09,610.111,45.0,,-13.42811673488437,0.1385746909161188
14593521000,605.619,613.089,45.0,,-13.458457728421164,-0.0520837722605097
14598514000,606.494,611.389,45.0,,-13.402077515069497,0.0567520671701119
14603514000,604.589,613.591,45.0,,-13.524800214816796,-0.0842122959941826
14608526000,606.496,613.222,45.0,,-13.401945018414368,-0.0605599028267233
14613514000,607.624,611.791,45.0,,-13.329242164355549,0.0310228389495323
14618521000,607.273,615.572,45.0,,-13.351902561976251,-0.2110672319365634
14623514000,609.171,615.763,45.0,,-13.22960868629507,-0.2233647269800634
14628514000,611.437,613.347,45.0,,-13.083553710349896,-0.0686478826137857
14633523000,611.515,613.379,45.0,,-13.07856710954943,-0.0707090788151629
14638644000,609.044,611.1,45.0,,-13.237759672892611,0.0752830623336376
14643639000,608.928,611.083,45.0,,-13.245251627127374,0.0763575404333807
14648643000,611.305,611.36,45.0,,-13.092099153918394,0.058608700587727
14653639000,610.912,607.939,45.0,,-13.117529477106292,0.2777250775934172
14658639000,609.763,609.058,45.0,,-13.19153575753428,0.2060473718956993
14663640000,610.902,612.06,45.0,,-13.11807770994282,0.0138104673287219
14668639000,612.191,611.915,45.0,,-13.034996257418168,0.0231046860448383
14673639000,609.265,611.246,45.0,,-13.22352441833044,0.0659458184951421
14678639000,612.222,613.113,45.0,,-13.033011715739969,-0.0536580233205857
14683646000,605.927,604.999,45.0,,-13.438882496391813,0.4658412886125405
14688640000,612.581,611.64,45.0,,-13.00984557244537,0.0407147242148035
14693640000,611.698,612.812,45.0,,-13.06677699842226,-0.0343510917156722
14698640000,616.221,616.163,45.0,,-12.775355130978827,-0.2491581744171671
14703640000,615.007,616.051,45.0,,-12.853574418621426,-0.241951721408479
14708652000,612.55,617.381,45.0,,-13.011959353609976,-0.327074949431042
14713640000,614.231,618.299,45.0,,-12.903705882162049,-0.3859467400652813
14718644000,613.814,618.117,45.0,,-12.930530098975916,-0.3742998464194316
14723640000,615.79,614.736,45.0,,-12.803051104308588,-0.1577176084300431
14728645000,615.729,616.167,45.0,,-12.807032342057166,-0.2493674480647378
14733640000,611.756,616.056,45.0,,-13.063047900298484,-0.2422063839006144
14738640000,610.705,616.49,45.0,,-13.13081108587392,-0.2699525752713368
14743643000,612.054,616.566,,,-13.043916172520046,-0.2748731521685013
14748644000,611.578,615.182,,,-13.074537827688838,-0.1862118042140456
14753640000,614.845,617.194,,,-12.864043422547308,-0.3151858211373507
14758640000,633.469,634.747,,,-11.665601494855643,-1.4424177660722828
14763640000,675.787,647.33,,,-8.937219218498763,-2.257535936089593
14768640000,703.823,669.765,,,-7.131651413824339,-3.708230333916446
14773644000,725.17,682.194,,,-5.754226177038939,-4.514252939280524
14778654000,740.976,688.07,,,-4.732393288742632,-4.89651902874298
14783765000,736.007,693.167,46.0,,-5.055865132379827,-5.224635230222237
14788780000,733.787,692.783,46.0,,-5.199568523674147,-5.199438127996257
14793766000,731.807,691.168,46.0,,-5.327274710969091,-5.094755549587062
14798766000,735.256,689.041,46.0,,-5.103227536243529,-4.958146179498033
14803766000,732.501,693.064,46.0,,-5.282965136507113,-5.217309089175681
14808769000,731.696,690.456,46.0,,-5.3342486600904,-5.048769703831672
14813772000,735.023,689.556,46.0,,-5.118423533791358,-4.991377548865517
14818766000,737.08,688.153,46.0,,-4.9847507252664,-4.901185127138696
14823766000,736.983,689.415,46.0,,-4.991439461796322,-4.982614439231867
14828769000,737.17,690.075,46.0,,-4.979552328857413,-5.025254240229272
14833766000,739.603,691.961,46.0,,-4.822435102839561,-5.147464714994858
14838766000,745.873,693.444,46.0,,-4.41660695292555,-5.244349655587293
14843766000,745.834,691.922,46.0,,-4.418687985399888,-5.14609947122385
14848766000,745.041,688.399,46.0,,-4.469115914480106,-4.918454102275144
14853766000,744.026,686.718,46.0,,-4.53442898646135,-4.809778109458045
14858766000,745.098,687.566,46.0,,-4.465217048333765,-4.8646912358643775
14863766000,743.36,689.667,46.0,,-4.578378755173009,-5.0000354040840325
14868766000,742.594,690.294,46.0,,-4.628187307756615,-5.040390849128212
14873766000,743.612,688.347,46.0,,-4.561691218835829,-4.914864740998387
14878766000,741.741,692.718,46.0,,-4.684135364803442,-5.19677374650114
14883766000,743.378,693.424,46.0,,-4.578318523476794,-5.242641344617428
14888766000,743.043,690.649,46.0,,-4.599163173925343,-5.063421496126411
14893767000,743.002,687.442,46.0,,-4.600967894159287,-4.856318773443419
14898767000,738.147,687.449,46.0,,-4.915482044141287,-4.855963851057396
14903775000,741.703,689.414,46.0,,-4.685626710346274,-4.983419171688393
14908767000,743.826,688.883,46.0,,-4.547951128407872,-4.949515744075069
14913892000,745.112,687.523,46.0,,-4.464284012842312,-4.861887548929028
14918892000,746.91,685.36,46.0,,-4.347238356364312,-4.72253091316547
14923892000,749.804,694.061,46.0,,-4.162000610342314,-5.2848594070334745
14928892000,748.156,691.905,46.0,,-4.268244652762672,-5.1453784681455295
14933892000,742.631,682.697,46.0,,-4.623702342905994,-4.54984415061171
14938892000,748.413,694.83,46.0,,-4.252406252303925,-5.334298996631551
14943892000,745.992,698.564,46.0,,-4.410379062514836,-5.574952454750617
14948892000,750.245,693.68,46.0,,-4.133326720250583,-5.260332696492361
14953892000,744.931,689.015,46.0,,-4.476431109024438,-4.958195256038478
14958892000,746.566,690.46,46.0,,-4.370849729302123,-5.05181799351381
14963892000,745.549,690.221,46.0,,-4.436704722548806,-5.036217433870998
14968892000,747.003,687.849,46.0,,-4.341854372244575,-4.883276114001808
14973899000,748.31,683.243,46.0,,-4.256083172929593,-4.585992030294337
14978892000,747.865,689.039,46.0,,-4.286316985664329,-4.960260029271708
14983893000,746.847,688.322,46.0,,-4.352084088523213,-4.913814346926322
14988892000,746.495,688.455,46.0,,-4.374942691584194,-4.922326197754115
14993893000,745.106,693.115,46.0,,-4.466188692594221,-5.222973465790115
14998893000,753.713,691.6,46.0,,-3.908085258702676,-5.126569089481848
15003896000,751.534,692.011,46.0,,-4.049368034966812,-5.152788033440674
15008893000,747.526,690.726,46.0,,-4.308763999976448,-5.0691293885778
15013893000,747.467,692.676,46.0,,-4.313119959762454,-5.195042982425985
15018893000,745.087,688.949,46.0,,-4.466298585822367,-4.95401991138536
15023893000,745.704,683.781,46.0,,-4.424989148076231,-4.620363210918283
15028897000,746.939,683.721,46.0,,-4.344958714293165,-4.616665462492674
15033893000,745.741,683.199,46.0,,-4.422468950476394,-4.582752589485034
15038893000,746.879,682.7,46.0,,-4.34861224681606,-4.550711579992336
15043893000,747.47,679.773,,,-4.309646486994255,-4.361785761958595
15049021000,748.846,680.688,,,-4.22073047244032,-4.421043528594023
15054018000,750.204,689.917,,,-4.134995241509991,-5.017346943937736
15059018000,763.542,695.294,,,-3.2718827200991303,-5.366570439954535
15064018000,789.01,699.13,,,-1.621216850928144,-5.616928721171408
15069018000,833.359,699.379,,,1.254642419696843,-5.63296859172141
15074018000,862.099,697.603,,,3.1174611792584743,-5.515265972803722
15079018000,874.024,670.337,,,3.884618014866425,-3.752329272941698
15084018000,887.452,668.188,,,4.7527764310631015,-3.611808435407316
15089018000,891.184,661.698,,,4.992890054007521,-3.1922201517935163
15094018000,885.582,662.808,47.0,,4.630856630070381,-3.2646235349976536
15099023000,881.711,661.503,47.0,,4.380364397182436,-3.1808071760108945
15104019000,882.11,661.639,47.0,,4.406186338302727,-3.189545006479642
15109019000,883.993,664.175,47.0,,4.528338427258265,-3.353127136124069
15114019000,882.81,664.725,47.0,,4.451946845903288,-3.38880764374294
15119019000,880.563,665.022,47.0,,4.306708675952228,-3.408253747510047
15124022000,882.026,664.332,47.0,,4.401177498603615,-3.3635204725778136
15129019000,882.517,663.242,47.0,,4.43273210276846,-3.2930333256730817
15134019000,881.1,664.277,47.0,,4.341316181825985,-3.3600409114637304
15139019000,881.663,663.625,47.0,,4.377576950056317,-3.317877248183936
15144023000,880.826,665.0,47.0,,4.3236628564962905,-3.4067634388995782
15149019000,882.831,664.157,47.0,,4.453238457556181,-3.3520646754614725
15154019000,878.612,663.185,47.0,,4.180191691907419,-3.289791094567572
15159019000,879.753,663.597,47.0,,4.254079784090784,-3.3162650921673595
15164019000,881.054,663.97,47.0,,4.338276749765385,-3.340216222317462
15169019000,879.387,662.107,47.0,,4.230183932056094,-3.2200944473538
15174019000,881.92,664.67,47.0,,4.394370919355599,-3.3853417859835635
15179019000,882.324,664.179,47.0,,4.42044947011341,-3.353601040939461
15184156000,881.912,663.61,47.0,,4.393713977513807,-3.3168697288421285
15189148000,884.717,662.562,47.0,,4.574873847417449,-3.2488245335069244
15194152000,882.018,664.104,47.0,,4.400617750319238,-3.348757651335912
15199144000,879.417,664.961,47.0,,4.232560634615579,-3.404436807026198
15204144000,879.501,666.055,47.0,,4.238191128232014,-3.475120011161932
15209145000,880.0,664.499,47.0,,4.270214006179546,-3.3745424097656573
15214152000,879.806,664.651,47.0,,4.25766668756311,-3.3843862617876725
15219148000,880.665,662.466,47.0,,4.312872067854075,-3.2430963889438664
15224145000,879.21,659.077,47.0,,4.218228871693243,-3.0243619399375645
15229145000,880.272,661.214,47.0,,4.287224570220317,-3.162314207089296
15234145000,878.733,663.684,47.0,,4.188137923457303,-3.3220090725606166
15239145000,880.688,667.255,47.0,,4.315173551233098,-3.552425035744846
15244145000,879.44,665.029,47.0,,4.234072070596646,-3.4087945355609
15249146000,879.784,658.781,47.0,,4.255327074234373,-3.005162639211604
15254145000,882.061,660.216,47.0,,4.4028028432858735,-3.0975979673132907
15259145000,880.001,657.406,47.0,,4.269165864823576,-2.9163355975089087
15264145000,879.916,658.573,47.0,,4.263817285251399,-2.991699830436472
15269145000,885.086,660.821,47.0,,4.598441707413756,-3.1363439998108635
15274145000,884.078,662.915,47.0,,4.533666664652436,-3.2717383830511104
15279157000,881.719,656.652,47.0,,4.3801288570061,-2.867461381456847
15284145000,882.446,658.403,47.0,,4.427394331604153,-2.980448848269654
15289145000,881.614,658.91,47.0,,4.3736703300406665,-3.013345105887356
15294145000,881.355,661.676,47.0,,4.357381768637293,-3.1920405625107944
15299145000,882.297,661.272,47.0,,4.418172820618161,-3.1658141333600662
15304150000,879.395,664.424,47.0,,4.231051315548822,-3.3697802675285167
15309155000,881.263,659.061,47.0,,4.351024713322451,-3.023109399426785
15314146000,885.181,654.27,47.0,,4.603621304049487,-2.7132334279856862
15319271000,886.582,660.692,47.0,,4.695153446742156,-3.127843850205195
15324271000,886.337,661.597,47.0,,4.679486159206512,-3.1863256869141043
15329271000,885.818,658.914,47.0,,4.64545823816998,-3.0131193443192377
15334271000,885.868,662.03,47.0,,4.6492516735401805,-3.21434215367403
15339271000,885.363,663.775,47.0,,4.616877029295132,-3.327096604135321
15344271000,886.996,661.492,47.0,,4.722085304730966,-3.1794848085003977
15349279000,887.648,660.712,47.0,,4.764125126465225,-3.129003262454205
15354271000,890.295,667.056,47.0,,4.93642111835641,-3.5383192943555297
15359271000,887.968,664.868,47.0,,4.785537778020983,-3.397379700763837
15364277000,889.788,661.393,47.0,,4.902548864833312,-3.172686708260767
15369278000,889.047,659.449,47.0,,4.854356507465325,-3.0473024555042145
15374271000,890.908,661.305,47.0,,4.974942761087813,-3.166919198195221
15379271000,888.878,660.195,47.0,,4.843526209539678,-3.0954598715263897
15384277000,888.906,661.041,47.0,,4.8454652877355056,-3.150123924577422
15389271000,888.599,649.538,47.0,,4.823872442386707,-2.4072345752427857
15394271000,888.417,658.233,47.0,,4.813392567457451,-2.968799689619904
15399271000,887.93,658.579,47.0,,4.781946345264241,-2.9912295408446643
15404272000,888.802,656.743,47.0,,4.838020862234379,-2.8725366813587048
15409272000,889.741,656.43,47.0,,4.898723056376962,-2.852209028033773
15414271000,888.259,660.054,47.0,,4.803457921024172,-3.086423066549344
15419271000,887.549,661.166,47.0,,4.757778653471563,-3.15832102686632
15424272000,882.155,655.555,47.0,,4.408131208057747,-2.796523750956207
15429272000,884.422,659.108,47.0,,4.55525200870439,-3.0258145930031
15434272000,886.507,656.986,47.0,,4.689710598418386,-2.888495541092732
15439272000,885.197,658.548,47.0,,4.60527204075503,-2.9895183710255018
15444272000,886.135,653.556,47.0,,4.665174750320447,-2.6669880603417995
15449278000,887.567,653.862,47.0,,4.757776109771546,-2.686632471000202
15454397000,886.314,657.878,47.0,,4.677385854809634,-2.94616403329185
15459397000,884.296,659.8,47.0,,4.547205379118887,-3.0704933624717388
15464406000,886.514,662.686,47.0,,4.691108209202873,-3.256627689476811
15469401000,887.276,664.55,47.0,,4.740694316770123,-3.376917078568915
15474397000,887.258,664.613,47.0,,4.739573335608353,-3.380994788534292
15479397000,885.528,656.491,47.0,,4.626367882056376,-2.856649076391638
15484397000,885.368,659.967,47.0,,4.616533491116329,-3.081150820969041
15489397000,883.842,661.149,47.0,,4.518109773320793,-3.1576712412109096
15494397000,884.382,661.849,47.0,,4.553145029986781,-3.202838447786062
15499397000,884.881,662.524,47.0,,4.585468209438457,-3.246399973287911
15504397000,884.67,660.612,47.0,,4.571544089641587,-3.122915209505805
15509402000,887.416,661.118,47.0,,4.749175328627332,-3.155239414204512
15514401000,884.854,664.692,47.0,,4.584102416692834,-3.386394432670467
15519397000,885.799,666.85,47.0,,4.645640171329435,-3.525632711819857
15524398000,881.774,671.124,47.0,,4.386109409546671,-3.802217262530076
15529398000,885.318,666.273,47.0,,4.614427722048714,-3.488464423614319
15534398000,882.828,664.713,47.0,,4.453081461638108,-3.3879934378675056
15539398000,886.798,661.74,47.0,,4.709286391876843,-3.1954691581307686
15544398000,888.616,661.501,47.0,,4.8268055965097405,-3.179823156794545
15549398000,889.52,663.563,47.0,,4.8856722622052455,-3.312850723899533
15554398000,889.667,663.295,47.0,,4.895093837390596,-3.295521763439276
15559398000,887.231,660.639,47.0,,4.737128278226949,-3.1243556215555253
15564398000,885.195,660.439,47.0,,4.605482411583371,-3.1116936925467744
15569402000,884.55,663.98,47.0,,4.564336436659081,-3.340443414314197
15574398000,884.31,661.902,47.0,,4.548469503852594,-3.206284724099727
15579402000,887.813,666.331,47.0,,4.775790121392881,-3.491854043926032
15584398000,890.959,664.44,47.0,,4.978864710853088,-3.369312692159647
15589398000,887.768,663.574,47.0,,4.772330005434103,-3.3138214492216496
15594533000,886.882,663.003,47.0,,4.714946447652565,-3.277062202590581
15599531000,887.491,662.258,47.0,,4.754232293440419,-3.2288547378456856
15604523000,886.435,664.286,47.0,,4.686298386215143,-3.3599517416084765
15609523000,885.935,664.25,47.0,,4.653963194856479,-3.357718218245799
15614524000,889.907,660.296,47.0,,4.910072798671775,-3.101863272201626
15619523000,889.495,657.807,47.0,,4.882987539404816,-2.9411690767144694
15624524000,888.359,656.377,47.0,,4.809357619289068,-2.8489409977380777
15629524000,891.211,658.353,47.0,,4.994021206448384,-2.9762618572894617
15634524000,892.59,659.377,47.0,,5.083349515935077,-3.04216171946672
15639528000,892.049,662.354,47.0,,5.048919333097804,-3.2344510078712947
15644530000,894.977,662.077,47.0,,5.23816239635467,-3.216171694366246
15649524000,892.953,670.273,47.0,,5.109000338459836,-3.745640031495921
15654524000,893.947,668.216,47.0,,5.172852060883108,-3.612681590685842
15659524000,893.247,668.389,47.0,,5.127591094979406,-3.623923339353029
15664528000,899.806,671.707,47.0,,5.552530475716889,-3.837042224855317
15669527000,899.357,671.145,47.0,,5.523368216315717,-3.800860201413379
15674524000,898.446,669.371,47.0,,5.464041435971292,-3.6864753297884376
15679524000,898.946,666.807,47.0,,5.495776543263998,-3.5209560452180084
15684524000,894.472,663.612,47.0,,5.205816292739375,-3.315393251058457
15689524000,891.871,665.696,47.0,,5.038072948497029,-3.4502748225360484
15694524000,892.022,668.34,47.0,,5.048397057870372,-3.6209392349853737
15699524000,893.356,668.695,47.0,,5.134694418766623,-3.643706387342045
15704524000,894.844,666.004,47.0,,5.230392523960103,-3.469742585533016
15709525000,896.07,666.379,,,5.309717890293196,-3.493759115263012
15714524000,896.993,664.711,,,5.369013621877229,-3.3859195968409592
15719524000,895.769,666.025,,,5.290147907700254,-3.4709211262082427
15724525000,862.336,664.121,,,3.1275290126943665,-3.3519383314584266
15729650000,821.647,662.745,,,0.4944831200218681,-3.265060623659481
15734650000,777.948,661.235,,,-2.3337589457102204,-3.166638462554258
15739650000,750.494,647.167,,,-4.108470486653153,-2.255477630526012
15744650000,732.434,629.621,,,-5.274493739087865,-1.1207730889407357
15749650000,720.936,638.148,,,-6.018459932870971,-1.6706514014796257
15754650000,712.759,643.507,48.0,,-6.547678516256279,-2.015824878034106
15759650000,718.623,642.184,48.0,,-6.168492058333652,-1.9309781916692896
15764650000,721.086,641.977,48.0,,-6.009289303768259,-1.9178722785009863
15769650000,723.119,642.323,48.0,,-5.877904219936003,-1.940354202720649
15774650000,721.879,640.9,48.0,,-5.957831632089694,-1.8484287509647144
15779650000,722.523,639.867,48.0,,-5.916076037723611,-1.781780058764927
15784660000,721.803,637.459,48.0,,-5.962336559954652,-1.6262280666384692
15789650000,720.818,636.68,48.0,,-6.025933929243432,-1.5759004023703065
15794658000,721.487,636.765,48.0,,-5.982675801166816,-1.5814187384531198
15799654000,724.15,637.786,48.0,,-5.810705944000394,-1.6475600829425123
15804659000,724.338,637.582,48.0,,-5.798476513194177,-1.634403909745537
15809650000,718.257,630.889,48.0,,-6.190819022201268,-1.2018684335226903
15814650000,720.736,627.091,48.0,,-6.030352453359138,-0.9568487996985384
15819650000,722.321,628.651,48.0,,-5.928016506382884,-1.0576241982262686
15824650000,722.222,628.779,48.0,,-5.9344553265468445,-1.06588285575036
15829650000,723.091,629.459,48.0,,-5.878305931375141,-1.1098064421387568
15834650000,723.81,630.142,48.0,,-5.831892394451495,-1.153988924466548
15839657000,722.443,626.315,48.0,,-5.919986564264569,-0.9068116095740856
15844651000,725.169,626.215,48.0,,-5.743817034280124,-0.9004618490217179
15849651000,739.673,630.251,48.0,,-4.806563350448721,-1.1617724162458585
15854651000,732.741,632.007,48.0,,-5.25483644706919,-1.2749015545850122
15859651000,731.499,630.654,48.0,,-5.335004912906088,-1.1874350200559542
15864776000,728.796,631.524,48.0,,-5.509781638242506,-1.2434726246259409
15869776000,714.934,633.393,48.0,,-6.405852188348663,-1.3632745765628853
15874776000,718.741,628.481,48.0,,-6.159354823299927,-1.046467707738743
15879776000,721.522,626.813,48.0,,-5.979550715715346,-0.9389036609539496
15884776000,724.718,626.603,48.0,,-5.772983308628278,-0.9255167920200456
15889776000,724.087,626.631,48.0,,-5.813771246362415,-0.9272635522014894
15894779000,725.852,629.558,48.0,,-5.699904791105133,-1.1163458465862488
15899776000,724.838,627.971,48.0,,-5.765311066071131,-1.013826613963553
15904776000,725.587,628.639,48.0,,-5.716977010852339,-1.0569897096799397
15909776000,724.983,628.688,48.0,,-5.755985437093325,-1.06017308388416
15914776000,724.243,626.049,48.0,,-5.803617383700053,-0.8897081772789259
15919776000,729.802,626.628,48.0,,-5.44440353388778,-0.9273093394966828
15924777000,729.201,629.698,48.0,,-5.483469094097606,-1.1255519657845476
15929776000,728.938,630.216,48.0,,-5.50047487103437,-1.159004777579563
15934776000,728.345,628.461,48.0,,-5.53866907675965,-1.0456638722590548
15939776000,729.496,626.951,48.0,,-5.464183146371956,-0.9481498776180366
15944777000,728.12,625.697,48.0,,-5.553059933815442,-0.8671585562299883
15949777000,727.332,627.904,48.0,,-5.604142655037284,-1.009623478812125
15954777000,728.527,628.001,48.0,,-5.526866688956908,-1.0159239079030726
15959780000,729.309,627.208,48.0,,-5.476278199045644,-0.9647612491997544
15964777000,728.917,627.201,48.0,,-5.501638867312455,-0.96426398746497
15969777000,728.886,624.113,48.0,,-5.50345760237714,-0.7648297342799412
15974777000,729.099,625.174,48.0,,-5.489737721249327,-0.8333940499310417
15979777000,725.343,626.068,48.0,,-5.73253858968154,-0.8910100037849561
15984777000,724.374,627.719,48.0,,-5.795304143297641,-0.9975445104021816
15989777000,726.261,628.522,48.0,,-5.673359936979949,-1.0495014696628508
15994780000,725.353,627.165,48.0,,-5.731980297835389,-0.9617908290307454
15999788000,724.422,629.057,48.0,,-5.792291457471351,-1.083961754289646
16004902000,724.853,627.023,48.0,,-5.76428081632932,-0.9526374048839612
16009911000,727.885,626.03,48.0,,-5.568285675624274,-0.8886119432737165
16014902000,727.851,625.07,48.0,,-5.570389434372,-0.8265964994285707
16019902000,727.236,630.289,48.0,,-5.610481018304042,-1.163664763362564
16024902000,726.932,627.032,48.0,,-5.629896075191355,-0.9532938178678022
16029902000,728.965,632.515,,7.0,-5.498920895067481,-1.3074872808516749
16039902000,722.249,627.319,,7.0,-5.932552330021747,-0.9716039936947
16044902000,722.765,627.5,,7.0,-5.899269731691171,-0.9833116650524986
16049903000,730.448,643.148,,7.0,-5.404232837085924,-1.9942876651764048
16054902000,754.8,650.762,,7.0,-3.830354270035063,-2.488070310009059
16059903000,776.878,698.262,,7.0,-2.407816385648647,-5.559803984592514
16064903000,768.457,688.618,,7.0,-2.9519577747643653,-4.935830438383687
16069903000,634.364,779.907,,7.0,-11.734564077357414,-10.748889466808995
16074903000,584.208,795.874,,7.0,-15.036419945619205,-11.712815613146615
16079903000,710.141,676.749,,7.0,-6.725199948902612,-4.15990554926331
16084903000,754.55,689.159,,7.0,-3.853217254315295,-4.969051977547995
16089903000,639.02,766.447,,7.0,-11.411292129172322,-9.89129536224251
16094903000,665.464,826.422,,7.0,-9.775822149436424,-13.757284813185295
16540282000,862.843,839.946,,8.0,3.219535238079896,-14.690432078715974
16545411000,752.888,818.417,,8.0,-4.019822909298384,-13.303103880038964
16555411000,652.315,662.877,,8.0,-10.458118499028531,-3.252803757276944
16560407000,743.109,741.846,,8.0,-4.614362406957405,-8.367158593531016
16565407000,809.319,680.341,,8.0,-0.3037219804315395,-4.403014093849801
16570407000,802.769,741.38,,8.0,-0.7319474978917337,-8.346735883590041
16575407000,749.739,698.084,,8.0,-4.167344221751124,-5.544628316397677
16580408000,739.22,745.846,,8.0,-4.8693860264804885,-8.623903246468217
16585413000,878.226,643.561,,8.0,4.152786701934991,-2.022039440821505
16590408000,689.699,697.558,,8.0,-8.057471730030878,-5.49542281545593
16595408000,766.245,638.794,,8.0,-3.089035520599869,-1.7150868291653556
16600422000,575.144,746.999,,8.0,-15.531050020193028,-8.590460502495668
16605408000,583.482,798.082,,8.0,-15.0887612810352,-11.852464711521328
16610415000,607.434,716.716,,8.0,-13.398218086225494,-6.684263840898294
16615408000,623.703,732.07,,8.0,-12.361969327045363,-7.677935705683747
16620408000,730.911,702.86,,8.0,-5.389562327372159,-5.849071510162468
16625411000,841.359,597.309,,8.0,1.7686938903489708,0.9676217794939148
16630408000,697.786,594.743,,8.0,-7.513452778759198,1.13034280322636
16635408000,652.594,598.422,,8.0,-10.430629578193932,0.8904552612510295
16640408000,689.172,588.68,,8.0,-8.070642331536021,1.5205542641297582
16645408000,734.411,578.397,,8.0,-5.148445383710737,2.1880999232853364
16650408000,771.597,574.143,,8.0,-2.7437761077283915,2.4655226612808305
16655408000,770.633,543.623,,8.0,-2.80981381987765,4.438580033606058
16660410000,768.125,555.79,,8.0,-2.970475877924121,3.6519164424926935
16665413000,770.923,568.312,,8.0,-2.787951198515663,2.84251130100517
16670408000,767.386,577.593,,8.0,-3.01589475732694,2.2422344636583147
16675408000,761.912,616.545,,8.0,-3.368333135582115,-0.2764478138536059
16680542000,763.445,629.788,,8.0,-3.2695958852348808,-1.13270715028959
16685533000,761.262,626.7,,8.0,-3.4106613860360047,-0.932992932339776
16690534000,757.511,626.788,50.0,8.0,-3.653161936878329,-0.93858280371848
16695542000,757.508,626.053,50.0,8.0,-3.653353681178878,-0.8910764715244077
16700544000,752.361,626.773,50.0,8.0,-3.986148923103241,-0.9374805195506452
16705537000,747.413,620.54,50.0,8.0,-4.30579264816038,-0.5345040669564803
16710534000,743.976,623.713,50.0,8.0,-4.528056741185391,-0.7394428408623113
16715534000,744.776,623.465,50.0,8.0,-4.476360253192213,-0.7234700927967659
16720538000,748.768,621.675,50.0,8.0,-4.218211464028061,-0.6078700384201466
16725534000,752.194,623.243,50.0,8.0,-3.996791474677992,-0.7093052834626425
16730534000,752.214,622.355,50.0,8.0,-3.99545288694388,-0.6518839254734891
16735534000,751.338,620.665,50.0,8.0,-4.052035931809022,-0.5426344383282197
16740534000,755.576,621.417,50.0,8.0,-3.778076628801927,-0.5913239033570218
16745541000,754.79,623.934,50.0,8.0,-3.828961602382125,-0.7540049008540074
16750534000,753.82,623.304,50.0,8.0,-3.891665804038466,-0.7132470785457149
16755534000,753.696,622.441,50.0,8.0,-3.8996767526362976,-0.6574810240885527
16760534000,754.371,621.264,50.0,8.0,-3.855981603842899,-0.5814150202346372
16765534000,751.586,608.529,50.0,8.0,-4.035940359321046,0.2417818123903215
16770534000,751.553,610.062,50.0,8.0,-4.0380586926203685,0.1426904985191402
16775537000,756.135,608.912,50.0,8.0,-3.741881406346233,0.2170887608260308
16780535000,755.083,614.842,50.0,8.0,-3.809879007451057,-0.1662654803000323
16785535000,757.361,617.264,50.0,8.0,-3.662578993548431,-0.3229037030633765
16790542000,755.991,606.495,50.0,8.0,-3.751189461145256,0.3732939782795589
16795539000,760.582,605.597,50.0,,-3.4543854829468343,0.4314188694959627
16800535000,761.623,601.314,50.0,,-3.3871975033657065,0.7083230407860379
16805535000,762.235,598.054,50.0,,-3.3477244103126886,0.9191250018277956
16810535000,758.827,592.005,50.0,,-3.568371527834884,1.310114428897354
16815538000,759.525,592.981,50.0,,-3.5232144460587955,1.2470620142200153
16820660000,757.565,592.793,50.0,,-3.649969020854509,1.2591121328231294
16825660000,752.352,599.885,50.0,,-3.986682076807588,0.8005343135079881
16830667000,753.946,609.889,50.0,,-3.883370425782769,0.153871395589966
16835663000,757.961,611.046,50.0,,-3.6237509648971353,0.0791291536216423
16840660000,758.546,607.001,50.0,,-3.586029420268092,0.3406171174696664
16845660000,760.38,609.139,50.0,,-3.4673799881054346,0.2024096041761919
16850661000,764.446,608.681,,,-3.204548124984844,0.2320093768520577
16855660000,761.718,607.886,,,-3.380934986387456,0.2834285592124653
16860660000,760.128,605.271,,,-3.483763022855701,0.452490542319199
16865660000,746.714,600.114,,,-4.351151193370924,0.7855963139453696
16870670000,726.987,607.817,,,-5.625948566017136,0.2876112942205452
16875661000,729.757,606.321,51.0,,-5.446954900878421,0.3842376109927853
16880660000,730.12,607.201,51.0,,-5.423513746744563,0.327396674334818
16885661000,734.641,610.301,51.0,,-5.131253302884876,0.1272252183535888
16890660000,735.797,611.846,51.0,,-5.056495829671466,0.0273791863308782
16895673000,735.41,609.651,51.0,,-5.081562615072287,0.1692168092868526
16900661000,731.239,607.569,51.0,,-5.351144773624132,0.3036571781325132
16905661000,731.115,608.155,51.0,,-5.3591523913928025,0.2657858177646488
16910661000,730.959,609.341,51.0,,-5.369243391855602,0.1892287322691438
16915661000,730.477,607.744,51.0,,-5.400417718179606,0.2923584314602119
16920671000,726.351,604.038,51.0,,-5.667197532230282,0.5316492038802967
16925661000,730.087,608.914,51.0,,-5.425566914266555,0.2167909536037423
16930661000,731.916,611.243,51.0,,-5.307328741165988,0.0663363322587809
16935661000,724.044,616.711,51.0,,-5.816132626058366,-0.2867317907692955
16940666000,725.598,614.721,51.0,,-5.715699757292936,-0.158240679138526
16945666000,724.409,616.06,51.0,,-5.792526811504746,-0.2447397138843107
16950786000,725.895,613.487,51.0,,-5.696478981882693,-0.0785627078812936
16955668000,724.062,614.064,51.0,,-5.814955529979536,-0.1158326184460722
16960792000,725.396,613.297,51.0,,-5.728699413091023,-0.0663103833715404
16965786000,724.883,615.316,51.0,,-5.761893648228343,-0.1966777962984564
16970786000,726.322,613.445,51.0,,-5.668856719181869,-0.0758373268154761
16975786000,726.668,610.685,51.0,,-5.646519247865327,0.1023723553689305
16980787000,722.001,614.859,51.0,,-5.948104063406325,-0.1671313060213496
16985793000,720.82,617.194,51.0,,-6.024481618198793,-0.3178466241804591
16990786000,728.417,609.695,51.0,,-5.53349810970017,0.1663460779336469
16995786000,725.518,607.782,51.0,,-5.72087086614807,0.2898461699570069
17000787000,729.006,609.097,51.0,,-5.49547750242705,0.204913682066465
17005787000,727.838,607.826,51.0,,-5.570950997978635,0.2870526344716957
17010787000,728.572,610.421,51.0,,-5.523482830858961,0.1194144243856258
17015787000,729.16,610.067,51.0,,-5.48548505158684,0.1422840152007762
17020787000,722.476,604.669,51.0,,-5.917574959771828,0.4908287430749233
17025787000,722.821,606.424,51.0,,-5.895177710033988,0.3774589685726645
17030787000,720.183,608.016,51.0,,-6.065623335021577,0.2746668949003028
17035787000,728.123,609.917,51.0,,-5.552519903460828,0.1519961933367923
17040787000,727.88,610.593,51.0,,-5.568172347087262,0.1083356231776558
17045787000,728.653,611.599,51.0,,-5.518236315288268,0.0433433419075137
17050787000,728.524,610.721,51.0,,-5.526584596527092,0.1000358403486825
17055787000,725.915,608.391,51.0,,-5.695200368954118,0.2505106160147832
17060787000,727.758,608.542,51.0,,-5.576124267611706,0.2407910096142782
17065793000,727.143,607.206,51.0,,-5.615860760414836,0.3270494733356212
17070787000,725.266,611.436,51.0,,-5.73710673680523,0.0538740200790296
17075787000,724.92,609.205,51.0,,-5.759494205010496,0.1979323677020603
17080787000,727.463,612.736,51.0,,-5.595158526142784,-0.0300873518517991
17085913000,725.034,612.925,51.0,,-5.752111923372745,-0.0422509449458376
17090916000,725.182,610.676,51.0,,-5.742583007303136,0.1029476716988423
17095920000,725.801,610.781,51.0,,-5.702559606627556,0.096181913829396
17100912000,725.035,610.746,51.0,,-5.752068395698579,0.0984305073185926
17105913000,726.07,611.047,51.0,,-5.685182609636213,0.0790055247074587
17110913000,728.668,611.417,,,-5.517266936831494,0.0551257768045229
17115920000,728.695,612.092,,,-5.515504960720747,0.0115398252740731
17120913000,734.07,611.94,,,-5.168127118878951,0.0213514320047654
17125913000,767.488,631.44,,,-3.0082562762802723,-1.2396081112875588
17130913000,802.918,644.247,,,-0.717211000476023,-2.068658069951044
17135913000,855.4,666.684,,,2.6790458083842443,-3.5181497064602323
17140913000,885.747,663.225,,,4.641613446933447,-3.2915527775360083
17145926000,892.63,661.827,,,5.086405732968417,-3.200368422371972
17150913000,901.435,668.464,,,5.65702957278052,-3.627461592221637
17155914000,903.075,659.122,,,5.761008755537407,-3.0243125805498696
17160913000,900.924,658.058,52.0,,5.62176593196565,-2.9559172535911915
17165913000,902.968,657.272,52.0,,5.753737233504981,-2.9049242135515017
17170913000,902.285,647.929,52.0,,5.708023013701227,-2.301973829567347
17175913000,902.727,648.56,52.0,,5.736617341250866,-2.342638387179448
17180913000,902.17,652.368,52.0,,5.701255660343738,-2.588540673261438
17185913000,901.359,653.686,52.0,,5.649084509174206,-2.67368372490413
17190913000,899.764,644.37,52.0,,5.544604137495682,-2.07251365704943
17195920000,900.977,651.551,52.0,,5.624050681600899,-2.5359492874999243
17200913000,901.741,651.98,52.0,,5.673524795773719,-2.563516245963505
17205914000,901.857,651.78,52.0,,5.680968706134042,-2.5505844522058583
17210913000,900.842,652.353,52.0,,5.615463752032275,-2.5876987157655607
17215921000,903.386,652.351,52.0,,5.779857978733381,-2.587297921425116
17220914000,903.123,654.689,52.0,,5.763259014490832,-2.7382381798537008
17226042000,898.013,656.404,52.0,,5.433364846588544,-2.8495881771606872
17231039000,900.156,655.637,52.0,,5.571734140613158,-2.7998028975694487
17236039000,903.182,654.792,52.0,,5.767087583089912,-2.744852552098984
17241039000,903.328,656.482,52.0,,5.776837099627742,-2.853886752318695
17246039000,899.622,655.217,52.0,,5.5371542088900325,-2.772716934869261
17251039000,899.649,654.99,52.0,,5.5388022934118,-2.758053345318958
17256039000,901.231,654.826,52.0,,5.641058480038615,-2.7473037862366327
17261039000,902.549,655.084,52.0,,5.726234181445651,-2.763799599657559
17266039000,901.748,654.575,52.0,,5.6743807918415365,-2.731042939450379
17271040000,902.793,653.297,52.0,,5.741705661584582,-2.648387874392377
17276039000,899.074,650.757,52.0,,5.50094351543245,-2.4848993965931907
17281039000,901.964,657.92,52.0,,5.688961924308378,-2.9468686240757704
17286039000,904.317,655.663,52.0,,5.840626174742435,-2.8009271104914064
17291039000,904.657,653.234,52.0,,5.8621026879495455,-2.6440773226663845
17296040000,905.129,654.128,52.0,,5.892812352067864,-2.70177450743824
17301039000,903.826,649.58,,,5.8078353879957225,-2.4083478319919034
17306040000,907.497,649.515,,,6.044936111382892,-2.403757214844432
17311040000,906.698,654.86,,,5.994280234145208,-2.748805367788748
17316041000,906.256,661.222,,,5.967060573848208,-3.159371766282211
17321040000,906.621,694.693,,,6.000492454403743,-5.318477199895058
17326040000,918.591,701.339,,,6.778181507367967,-5.7435405759675655
17331040000,918.395,701.83,,,6.765724721858016,-5.77522083012326
17336040000,922.107,700.895,53.0,,7.005563430181048,-5.713814388197111
17341040000,921.39,703.405,53.0,,6.960372821864993,-5.8757578174871625
17346043000,924.702,703.462,53.0,,7.174820446570576,-5.878319476796135
17351040000,924.47,703.433,53.0,,7.1597623504979655,-5.876545894746753
17356040000,921.382,701.845,53.0,,6.959097505018489,-5.77528858538435
17361165000,919.941,700.893,53.0,,6.865402575620073,-5.714363098891448
17366165000,920.595,699.069,53.0,,6.906905374289816,-5.596661405787314
17371165000,922.793,701.775,53.0,,7.0504223708100655,-5.770286501830572
17376165000,923.449,703.332,53.0,,7.09365964575156,-5.870371845355298
17381165000,923.168,698.361,53.0,,7.07309936441178,-5.550212269711746
17386165000,920.57,699.551,53.0,,6.905488407492474,-5.627684461441866
17391165000,917.461,686.992,53.0,,6.699100854239935,-4.819179290678427
17396165000,911.647,697.556,53.0,,6.327001699177328,-5.501745357226193
17401165000,918.077,703.607,53.0,,6.745959748672141,-5.88986696972164
17406165000,920.452,699.345,53.0,,6.897777401437531,-5.614447409658047
17411177000,918.555,696.203,53.0,,6.773584796036984,-5.412536363106584
17416165000,919.3,693.565,53.0,,6.820686823237419,-5.2423142604388495
17421165000,919.613,694.443,53.0,,6.841313828928612,-5.298805436211811
17426166000,917.322,698.96,53.0,,6.694981417629874,-5.590594325448124
17431166000,918.822,700.114,53.0,,6.792554504220287,-5.664552137050827
17436166000,923.545,695.679,53.0,,7.096300857513767,-5.377318961900561
17441166000,923.385,694.196,53.0,,7.085277181453703,-5.281783172754223
17446166000,917.024,704.3,53.0,,6.6781109196682245,-5.934839808713544
17451166000,918.337,703.174,53.0,,6.762594428263929,-5.861851382435806
17456166000,919.444,700.901,53.0,,6.833179056413697,-5.7150222942194615
17461166000,918.248,696.962,53.0,,6.754021695300813,-5.461577440597347
17466166000,917.511,699.961,53.0,,6.707616578209667,-5.655076402646213
17471166000,917.485,699.739,53.0,,6.705886003728139,-5.640758139775773
17476175000,918.117,697.322,53.0,,6.745707571703339,-5.484808817589996
17481166000,914.48,697.64,53.0,,6.510411090816056,-5.50639146997155
17486166000,916.968,691.888,53.0,,6.669086285692832,-5.134901712443703
17491166000,917.093,692.775,53.0,,6.677515885218773,-5.192020463508308
17496291000,922.071,692.698,,,6.999611499586706,-5.185655439529136
17501291000,920.496,697.912,,,6.899965185119203,-5.522109483322184
17506291000,922.248,699.065,,,7.013890747344345,-5.595886522331173
17511291000,931.484,695.223,,,7.609716716534092,-5.34544491978154
17516291000,949.735,693.26,,,8.788986090232717,-5.212800570294456
17521292000,950.042,694.772,,,8.809697541013595,-5.309925847313504
17526292000,951.153,697.502,54.0,,8.883044401142252,-5.485104683596383
17531291000,951.442,699.461,54.0,,8.902876115626093,-5.610974268097355
17536297000,954.667,695.838,54.0,,9.109282497751929,-5.37676369095592
17541292000,950.02,695.221,54.0,,8.808517784335573,-5.338865914614937
17546292000,949.704,695.074,54.0,,8.788007158366822,-5.329497675653203
17551292000,948.82,697.12,54.0,,8.731989317855405,-5.461410384475061
17556292000,947.866,692.766,54.0,,8.667923891934846,-5.181694402891525
17561292000,949.125,695.783,54.0,,8.75093736225694,-5.375301663954088
17566292000,950.844,695.908,54.0,,8.862181991994516,-5.3827401633940415
17571292000,955.713,697.712,54.0,,9.177965931824962,-5.496834416208405
17576292000,955.708,696.064,54.0,,9.176725336450884,-5.390871965760243
17581292000,956.09,693.487,54.0,,9.199897491580934,-5.225057208138007
17586292000,957.684,701.412,54.0,,9.307705183057704,-5.733908730996024
17591292000,957.301,699.729,54.0,,9.281882907389903,-5.625881250828138
17596292000,958.57,697.986,54.0,,9.362879131752749,-5.513301093951677
17601292000,950.118,698.685,54.0,,8.81681677499346,-5.561613631822303
17606295000,955.117,700.767,54.0,,9.14133268332658,-5.69350056889817
17611292000,955.659,700.345,54.0,,9.176085482057188,-5.666177493164113
17616292000,954.105,698.436,54.0,,9.074437587368015,-5.544004343746975
17621292000,950.665,698.127,54.0,,8.85181116514938,-5.52548094290036
17626301000,952.276,699.862,54.0,,8.957022554832824,-5.636475656428547
17631297000,955.152,702.466,54.0,,9.144649067399506,-5.802732986620374
17636300000,960.692,697.751,54.0,,9.499904163173952,-5.497323085410706
17641418000,959.533,701.957,54.0,,9.42760076189162,-5.768169261394303
17646432000,957.984,693.228,,,9.322150024997642,-5.207666933266956
17651418000,956.364,696.586,,,9.219419783401614,-5.424183309922403
17656426000,956.572,694.509,,,9.231631037017555,-5.290588254771779
17661418000,928.252,687.986,,,7.3974184716102735,-4.880269658645557
17666418000,912.115,660.95,,,6.345596841691332,-3.140887043962318
17671425000,901.828,603.632,,,5.676026833433848,0.5577225372513489
17676418000,868.873,557.649,,,3.550933661071237,3.5303957148849108
17681418000,841.344,506.946,,,1.7747406129484131,6.809674660396206
17686418000,823.182,472.971,,,0.5969736425396679,9.005274411658787
17691418000,810.477,422.69,,,-0.2330836153871551,12.24919913309198
17696418000,804.331,390.193,,,-0.6401946816830327,14.342545349057948
17701418000,789.072,371.37,,,-1.6525319207006024,15.552420718018134
17706421000,777.835,369.434,,,-2.396987185549589,15.674572025826947
17711418000,767.875,366.102,,,-3.058352284618193,15.8858813259793
17716418000,765.17,372.206,55.0,,-3.23341234519735,15.492421390685186
17721418000,766.663,373.195,55.0,,-3.134007275842638,15.429270893022236
17726418000,770.133,360.514,55.0,,-2.912256016410847,16.246011596275885
17731418000,766.549,363.48,55.0,,-3.1478524268338863,16.05404174864814
17736419000,772.585,363.329,55.0,,-2.7480226144482014,16.065723249104494
17741419000,768.576,360.477,55.0,,-3.015510771149397,16.247816628460427
17746419000,764.388,355.801,55.0,,-3.296489414129143,16.5469814965793
17751419000,764.755,356.581,55.0,,-3.271582106901518,16.49697734878998
17756419000,766.102,353.847,55.0,,-3.184156716558756,16.673192432100205
17761420000,765.721,354.264,55.0,,-3.2091657780770784,16.646251594869618
17766544000,764.561,356.953,55.0,,-3.2842362132944025,16.47298888556497
17771544000,762.925,358.611,55.0,,-3.391570986352554,16.3657553824584
17776544000,763.06,356.67,55.0,,-3.384051046967461,16.49056736482267
17781544000,762.353,355.281,55.0,,-3.431946725678728,16.579567878540693
17786544000,762.043,352.399,55.0,,-3.4547608426987706,16.7647278309486
17791544000,758.504,351.757,55.0,,-3.6902865219308025,16.8044842428115
17796555000,759.215,351.799,55.0,,-3.643073775383702,16.802109244649504
17801544000,759.846,351.087,55.0,,-3.6017073188682898,16.84815794321555
17806544000,758.964,351.491,55.0,,-3.659949890283987,16.82176736589727
17811549000,758.613,356.994,55.0,,-3.678850690003471,16.467948819645425
17816548000,758.357,356.125,55.0,,-3.69651616320252,16.52369583469184
17821547000,758.852,360.215,55.0,,-3.660436683692717,16.260981118197698
17826544000,758.901,360.145,55.0,,-3.657265927257335,16.265506612311746
17831544000,763.962,351.885,55.0,,-3.3276374815638827,16.798515605636137
17836548000,756.864,340.35,55.0,,-3.80912632808976,17.536698965879243
17841545000,758.801,350.615,55.0,,-3.6715282023824334,16.878040299344587
17846545000,758.966,352.285,55.0,,-3.659220336900861,16.77072912160845
17851545000,755.92,357.101,55.0,,-3.8574438758543983,16.459869133181197
17856545000,754.827,358.737,55.0,,-3.9285982630517577,16.354266776431384
17861548000,755.552,358.051,,,-3.881066880525868,16.3986702008257
17866545000,754.901,351.592,,,-3.929766689631836,16.813457378544037
17871545000,747.046,349.406,,,-4.453659800323998,16.950029194417958
17876545000,740.8,351.935,,,-4.866016288828715,16.784059069705588
17881550000,714.82,355.176,,,-6.586459905098018,16.55833436179633
17886545000,708.715,361.553,,,-6.9819768631859125,16.144211400465736
17896549000,710.214,361.49,56.0,,-6.882758562638426,16.14950307984511
17901673000,710.229,373.944,56.0,,-6.864327883294375,15.350090256509176
17906554000,710.887,372.868,56.0,,-6.822275165451166,15.419687290281315
17911670000,712.003,370.564,56.0,,-6.751612822200458,15.568443862639125
17916670000,709.731,373.85,56.0,,-6.897352464185777,15.355756757473127
17921670000,707.462,370.589,56.0,,-7.051917505517009,15.563344857691416
17926670000,707.666,373.443,56.0,,-7.034392793993539,15.38027131198426
17931670000,707.919,371.587,56.0,,-7.0202872132104535,15.499596821395912
17936670000,708.015,371.427,56.0,,-7.014128341915706,15.509961029821223
17941671000,708.787,371.228,56.0,,-6.9633718081100495,15.523352443631437
17946676000,711.592,365.762,56.0,,-6.785432935900379,15.876404082483726
17951671000,710.869,365.795,56.0,,-6.83324849563333,15.873706549253566
17956671000,708.943,370.804,56.0,,-6.953623490496149,15.55065829397197
17961671000,708.649,371.949,56.0,,-6.971507574410367,15.476989337679038
17966671000,708.259,372.78,56.0,,-6.996151210404513,15.423296796362814
17971671000,713.198,369.093,56.0,,-6.6746118605208045,15.663781830723256
17976671000,714.571,369.87,56.0,,-6.582741323176171,15.61489417399902
17981671000,718.731,372.449,56.0,,-6.304323656632267,15.452309690777026
17986671000,711.706,366.749,56.0,,-6.776522155198714,15.8131250221482
17991671000,711.776,368.071,56.0,,-6.770083322888978,15.728308092364584
17996671000,713.876,370.243,56.0,,-6.628228714575142,15.590469906048751
18001671000,716.951,370.573,56.0,,-6.424396086443035,15.571509811852495
18006671000,718.979,371.664,56.0,,-6.288895549612963,15.502915690588583
18011671000,720.177,371.605,56.0,,-6.209793875729718,15.507523785879153
18016672000,719.022,370.844,56.0,,-6.287095874488642,15.555581344345123
18021671000,719.141,370.299,56.0,,-6.279885239653556,15.590651496443533
18026671000,718.908,371.951,56.0,,-6.293243904683934,15.484438037728395
18031671000,718.334,372.42,56.0,,-6.330628736369784,15.45388581640443
18036671000,717.618,368.872,56.0,,-6.382469417681346,15.681216890837048
18041801000,717.747,365.772,56.0,,-6.378001561498565,15.880336891896215
18046797000,718.361,368.97,,,-6.333213723065566,15.67547457472386
18051797000,719.942,370.675,,,-6.226474112494689,15.567093726725249
18056797000,725.034,374.406,,,-5.88532037009986,15.330867739495217
18061807000,744.04,414.899,,,-4.595291159282128,12.737028846188672
18066797000,770.713,455.129,,,-2.8275804696457048,10.153016881764689
18071797000,799.023,486.846,,,-0.9754135444305772,8.109411066030773
18076797000,841.901,528.018,,,1.80825270056214,5.448043094207828
18081797000,895.578,560.977,,,5.277509589871002,3.312181813240208
18086797000,938.133,588.157,,,8.020881487953659,1.5537799106568606
18091800000,969.62,591.73,,,10.050827756202866,1.320656799747783
18096806000,974.254,623.925,,,10.348237000410744,-0.74880696910803
18101797000,991.875,619.786,,,11.482848192570447,-0.4820446813932047
18106797000,1012.208,616.793,,,12.79137294772358,-0.2893843085142383
18111797000,1007.926,637.565,57.0,,12.51875136009793,-1.6203238287554729
18116797000,1010.166,636.989,57.0,,12.66271934107794,-1.5831189040438438
18121797000,1006.771,635.27,57.0,,12.443872192490026,-1.473518530852377
18126804000,1005.97,635.129,57.0,,12.39227132448014,-1.464573035398952
18131797000,1006.012,634.185,57.0,,12.394805064260805,-1.4040425161053307
18136797000,999.639,634.995,57.0,,11.984725031166851,-1.4569029274785357
18141797000,997.942,634.507,57.0,,11.87541252838761,-1.4258410849445804
18146801000,997.548,634.338,57.0,,11.84997403573034,-1.4150559526460762
18151797000,995.618,634.898,57.0,,11.72581037692978,-1.4512325151478749
18156798000,998.087,634.5,57.0,,11.88470771883743,-1.4253675561371622
18161798000,996.734,637.476,57.0,,11.798211584601273,-1.616404458980725
18166798000,1003.716,638.972,57.0,,12.248108657475054,-1.711186468690879
18171798000,1004.846,637.519,57.0,,12.320486862916976,-1.617885947003029
18176926000,1006.519,635.798,57.0,,12.427782351008544,-1.5073766863484983
18181923000,1003.626,636.584,57.0,,12.241718612793935,-1.5581710415459438
18186926000,1004.073,637.401,57.0,,12.270662543169149,-1.610446686381839
18191923000,1004.113,637.793,57.0,,12.273335588045816,-1.6355772936185966
18196923000,1003.297,638.068,57.0,,12.22086340700844,-1.653362138225174
18201923000,1004.703,637.71,57.0,,12.311295277574338,-1.6301673989467944
18206927000,1004.743,639.319,57.0,,12.314274728895835,-1.7332990328067073
18211923000,1005.379,638.153,57.0,,12.354915147941009,-1.6584708857342434
18216926000,1006.881,638.851,57.0,,12.451807278911197,-1.7029484166686286
18221923000,1008.565,638.388,57.0,,12.560043659822378,-1.672983355259268
18226923000,1007.558,635.484,57.0,,12.494595618085766,-1.4870824424182325
18231923000,1008.417,635.356,57.0,,12.549855437596827,-1.4787673665919483
18236923000,1007.32,632.946,57.0,,12.478747291853317,-1.3245059623586697
18241927000,1006.757,629.255,57.0,,12.44187430112284,-1.088048409370338
18246923000,1007.62,632.705,57.0,,12.498003816565484,-1.3090509412533695
18251928000,1006.544,642.986,,,12.43122894613708,-1.9679305342610265
18256923000,1003.227,642.511,,,12.21751892891664,-1.9381121475071
18261924000,998.257,638.881,,,11.896617454701644,-1.7062698330772053
18266923000,967.313,605.595,,,9.900686262475602,0.4293988824325532
18271924000,920.788,580.684,,,6.902518976264286,2.03730426683826
18276924000,888.944,536.212,,,4.854337435121472,4.912122170655925
18281924000,847.605,496.255,,,2.18311211063578,7.499477707242919
18286924000,797.521,479.006,,,-1.0740877875261907,8.61555421334624
18291924000,765.159,439.17,,,-3.197069617426137,11.18076697993244
18296930000,731.037,414.398,,,-5.449192352788541,12.763243617579125
18301930000,713.978,406.014,,,-6.577802225564362,13.292655094257114
18306929000,691.482,409.261,,,-8.051244355025311,13.068186367148694
18312052000,697.37,397.065,58.0,,-7.680744704826091,13.855834161824095
18317049000,690.557,395.933,58.0,,-8.13049094031684,13.923020397733204
18322049000,693.983,386.146,58.0,,-7.919217691258229,14.553951226457654
18327050000,696.655,387.548,58.0,,-7.741094638611783,14.466155701342933
18332049000,696.361,388.706,58.0,,-7.758811013193723,14.391608569740194
18342049000,697.624,385.211,58.0,,-7.680548490458895,14.616963062937424
18352053000,700.618,381.471,58.0,,-7.488417881382673,14.85940815713466
18357049000,688.084,377.843,58.0,,-8.321107839442911,15.081441317242088
18362051000,691.666,376.992,58.0,,-8.086003042650974,15.139255352977749
18367049000,692.802,377.733,58.0,,-8.00982828431045,15.092694581952394
18372050000,693.812,380.739,58.0,,-7.938579652876779,14.900756386411189
18377056000,695.165,381.922,58.0,,-7.847506165292631,14.825979531461092
18382050000,696.529,381.981,58.0,,-7.757432986737013,14.82331235682672
18387050000,696.208,381.782,58.0,,-7.778962360227783,14.83584750313834
18392056000,698.105,385.717,58.0,,-7.648120322005212,14.584849220120285
18397050000,696.368,387.587,58.0,,-7.759902363504483,14.46341557877594
18402053000,696.625,380.098,58.0,,-7.753925013676957,14.944274836952854
18407050000,696.912,380.068,58.0,,-7.735051366894921,14.946416445794826
18412050000,697.981,382.811,58.0,,-7.660461553922564,14.771276647306188
18417050000,699.267,384.775,58.0,,-7.572831440358645,14.646287941232494
18422050000,698.733,385.763,58.0,,-7.606620677249609,14.582403873878665
18427050000,700.864,384.592,58.0,,-7.467832913685038,14.659260343955747
18432050000,701.098,384.532,58.0,,-7.452451254180138,14.663317369629514
18437053000,699.343,384.513,58.0,,-7.568212995299059,14.663133780259706
18442055000,696.975,382.29,58.0,,-7.727620478907053,14.803892364173526
18447175000,696.4,386.982,58.0,,-7.758680251946962,14.50226440536351
18452188000,698.253,387.939,58.0,,-7.635198833960409,14.442342384844054
18457175000,699.182,387.792,58.0,,-7.574228280269843,14.452567175066193
18462176000,698.498,389.561,58.0,,-7.616802795856786,14.338458861773423
18467175000,700.12,389.857,58.0,,-7.509538827096944,14.320719648793098
18472175000,702.436,389.429,58.0,,-7.357553039434394,14.349961246675395
18477176000,700.414,389.856,58.0,,-7.490148454335371,14.32099927548548
18482176000,703.537,392.078,58.0,,-7.281507086999656,14.18074431148495
18487176000,704.947,390.431,58.0,,-7.190801143742838,14.287522852439544
18492176000,707.231,385.986,58.0,,-7.0460891165568205,14.5746888204562
18497176000,706.421,387.454,58.0,,-7.097593497455523,14.479823994158613
18502180000,702.577,387.082,58.0,,-7.351452011217553,14.500796625762424
18507181000,701.807,389.695,58.0,,-7.398613248791978,14.332391230414151
18512176000,700.841,390.226,58.0,,-7.461555312716357,14.29759110608345
18517176000,701.843,392.407,,,-7.392595636967465,14.158303316209707
18522176000,702.249,392.462,,,-7.365761659864407,14.155126477999977
18527180000,701.294,386.948,,,-7.436192106334277,14.508389429535429
18532178000,699.792,389.64,,,-7.531424664924125,14.334396348559268
18537177000,697.111,391.129,,,-7.705950034078391,14.236676970499028
18542176000,698.423,391.639,,,-7.618849394470584,14.205000496232998
18547176000,700.11,388.277,,,-7.512373595868914,14.422112878658064
18552185000,699.392,388.277,,,-7.559674693911599,14.42157203984613
18557176000,704.784,392.547,,,-7.198733505613236,14.151562099143248
18562188000,704.013,387.768,,,-7.255873758755973,14.457826872380624
18567176000,701.704,387.422,,,-7.408491112926482,14.478299434162908
18572179000,698.233,385.633,,,-7.639787322339796,14.590376154730912
18577176000,698.66,389.4,,,-7.606323736969073,14.348889100208051
18582181000,697.499,388.767,,,-7.683692929647978,14.388616562750432
18587301000,698.389,388.208,,,-7.625852136584398,14.42520526585944
18592302000,697.689,387.533,,,-7.672957203212668,14.467940478456477
18597302000,695.951,385.885,,,-7.789872046058645,14.572314145009171
18602302000,696.14,386.424,,,-7.776618928880942,14.537891872738204
18607302000,693.963,393.25,,,-7.910227889147545,14.098028683401717
18612302000,696.307,394.738,,,-7.753823587540333,14.004383460653916
18617311000,694.717,395.897,,,-7.856858955804989,13.92869086112313
18622309000,693.93,396.838,,,-7.907326410273886,13.867690844667466
18627302000,693.212,395.387,,,-7.956606630253935,13.960247298162848
18632302000,694.684,391.858,,,-7.864749390566918,14.187961063327794
18637302000,693.431,392.821,,,-7.945879906931839,14.125127698515588
18642304000,692.693,394.623,,,-7.991868793177445,14.008876379564027
18647302000,692.523,395.652,,,-8.001559964994469,13.942707178999266
18652302000,696.286,396.245,,,-7.753182338519998,13.907583854713828
18657302000,695.049,395.409,,,-7.835723882191182,13.960279429445904
18662302000,693.791,393.571,,,-7.92107624391419,14.077278179749433
