timestamp [ns],pupil diameter left [mm],pupil diameter right [mm],eyeball center left x [mm],eyeball center left y [mm],eyeball center left z [mm],eyeball center right x [mm],eyeball center right y [mm],eyeball center right z [mm],optical axis left x,optical axis left y,optical axis left z,optical axis right x,optical axis right y,optical axis right z,eyelid angle top left [rad],eyelid angle bottom left [rad],eyelid aperture left [mm],eyelid angle top right [rad],eyelid angle bottom right [rad],eyelid aperture right [mm],distance between pupils center [mm]
0,3.7849,3.6857,-30.9062,14.875,-39.25,32.0312,18.2812,-39.2188,-0.1441,-0.0727,0.9869,-0.2507,-0.0853,0.9643,0.4397,-0.3999,9.2223,0.4785,-0.3259,8.8368,63.02951285421774
5006000,3.739,3.7261,-30.9688,14.9688,-39.1562,31.9688,18.4375,-39.375,-0.1363,-0.0805,0.9874,-0.2383,-0.0941,0.9666,0.4436,-0.3865,9.1166,0.4988,-0.302,8.8003,63.03349305639027
10000000,3.796,3.6618,-30.7812,15.1562,-39.0625,32.1562,18.5938,-39.0625,-0.1458,-0.0912,0.9851,-0.2615,-0.1048,0.9595,0.4619,-0.3794,9.2429,0.5229,-0.2905,8.9462,63.03120982909974
15000000,3.7555,3.682,-30.9062,15.0,-39.1875,32.0625,18.4375,-39.375,-0.1412,-0.0805,0.9867,-0.2383,-0.0931,0.9667,0.45,-0.3843,9.1632,0.5034,-0.3201,9.0519,63.06273655804987
20000000,3.7849,3.6379,-31.0938,14.7188,-39.5,31.8438,18.375,-39.3438,-0.1394,-0.0688,0.9879,-0.2329,-0.0805,0.9692,0.4392,-0.4192,9.4316,0.4929,-0.3115,8.8395,63.04390288235652
25014000,3.8143,3.66,-31.0938,14.9375,-39.375,31.8438,18.4375,-39.125,-0.1393,-0.0746,0.9874,-0.2337,-0.0883,0.9683,0.4531,-0.3948,9.3154,0.4883,-0.312,8.7927,63.03533924522022
30000000,3.807,3.7243,-30.9375,15.125,-39.125,32.0312,18.4688,-39.5625,-0.1363,-0.0873,0.9868,-0.2268,-0.099,0.9689,0.4651,-0.3762,9.2432,0.501,-0.3064,8.8735,63.058937387019135
35000000,3.7886,3.592,-31.0625,15.2812,-39.2812,31.8906,18.7188,-38.9062,-0.1467,-0.097,0.9844,-0.2482,-0.1116,0.9623,0.4917,-0.3687,9.4579,0.5195,-0.2666,8.6442,63.0480017000539
40000000,3.796,3.6692,-31.2188,15.2812,-39.25,31.7344,18.5938,-39.4375,-0.1246,-0.0941,0.9877,-0.2115,-0.1067,0.9715,0.5029,-0.3628,9.5192,0.5039,-0.2847,8.667,63.04057316720717
45000000,3.728,3.5553,-31.125,14.9375,-39.375,31.7812,18.4062,-39.0625,-0.1325,-0.0766,0.9882,-0.2337,-0.0883,0.9683,0.4519,-0.4019,9.3805,0.4792,-0.3052,8.6158,63.0025359361034
50000000,3.7923,3.66,-30.9688,14.9375,-39.3438,31.9531,18.4375,-39.375,-0.1441,-0.0766,0.9866,-0.228,-0.0883,0.9696,0.4456,-0.3997,9.285,0.4905,-0.3184,8.8875,63.019175439305776
55000000,3.8143,3.6085,-31.0,14.8438,-39.1875,31.9375,18.2812,-39.25,-0.1365,-0.062,0.9887,-0.2406,-0.0746,0.9678,0.438,-0.4121,9.3391,0.4712,-0.3245,8.7384,63.03132975957274
60000000,3.8217,3.6196,-31.0,15.0625,-39.2188,31.9375,18.5625,-39.1875,-0.1354,-0.0805,0.9875,-0.2374,-0.0941,0.9669,0.458,-0.3901,9.3185,0.4995,-0.3042,8.8328,63.03475141491398
65000000,3.829,3.671,-30.875,15.0625,-39.25,32.125,18.4688,-39.25,-0.1517,-0.0824,0.985,-0.244,-0.0941,0.9652,0.4575,-0.3928,9.3429,0.501,-0.3125,8.9409,63.09201914418336
70003000,3.6931,3.6563,-31.125,14.9375,-39.2812,31.8125,18.375,-39.4375,-0.1336,-0.0698,0.9886,-0.2091,-0.0834,0.9743,0.4436,-0.4043,9.3148,0.4817,-0.3213,8.8211,63.0314980163886
75126000,3.7629,3.5755,-31.0625,14.8125,-39.3125,31.9062,18.375,-39.1875,-0.1384,-0.0639,0.9883,-0.2339,-0.0776,0.9692,0.4429,-0.4116,9.3882,0.4795,-0.3184,8.7641,63.06951887354144
80131000,3.8474,3.649,-30.9688,15.0625,-39.375,32.0,18.5,-39.3125,-0.1441,-0.0795,0.9864,-0.2336,-0.0931,0.9679,0.4543,-0.3899,9.2748,0.501,-0.2981,8.782,63.06258863969985
85126000,3.818,3.6269,-31.0625,15.0,-39.3125,31.8906,18.4062,-39.3125,-0.1384,-0.0717,0.9878,-0.2252,-0.0853,0.9706,0.4619,-0.3921,9.3839,0.4919,-0.3223,8.9471,63.04518219539063
90126000,3.818,3.5571,-31.0,14.8125,-39.3438,31.9062,18.375,-39.375,-0.1394,-0.0639,0.9882,-0.2197,-0.0766,0.9726,0.4375,-0.4065,9.2711,0.4944,-0.3186,8.9341,63.0070026118526
95126000,3.8658,3.66,-31.0,14.9688,-39.2812,31.9375,18.4688,-39.5,-0.1383,-0.0746,0.9876,-0.2204,-0.0883,0.9714,0.4543,-0.3911,9.2883,0.5059,-0.3184,9.0606,63.03512338125468
100126000,3.8511,3.6269,-31.0625,14.9375,-39.3125,31.9062,18.375,-39.5312,-0.1413,-0.0639,0.9879,-0.213,-0.0776,0.974,0.4512,-0.3999,9.3506,0.4924,-0.3184,8.9095,63.06283704076435
105126000,3.7813,3.6582,-31.0625,14.9375,-39.375,31.8906,18.375,-39.4375,-0.1442,-0.0639,0.9875,-0.2178,-0.0776,0.9729,0.4541,-0.4104,9.5002,0.4944,-0.3213,8.9638,63.04691199503747
110126000,3.8364,3.6692,-31.0625,15.0312,-39.375,31.9062,18.5,-39.4375,-0.146,-0.0766,0.9863,-0.2251,-0.0902,0.9701,0.4644,-0.3843,9.3245,0.5054,-0.3091,8.9526,63.06420267774738
115126000,3.8878,3.6067,-31.1875,14.875,-39.5,31.7812,18.4375,-39.375,-0.1442,-0.062,0.9876,-0.2169,-0.0766,0.9732,0.45,-0.4087,9.4348,0.4919,-0.3113,8.8258,63.06951887354144
120126000,3.8584,3.5994,-31.0625,14.8125,-39.375,31.8906,18.2812,-39.3125,-0.1414,-0.0561,0.9884,-0.2255,-0.0698,0.9717,0.4392,-0.4097,9.3255,0.4768,-0.3359,8.9283,63.04862080608901
125126000,3.8033,3.5828,-31.0938,14.8125,-39.2812,31.8594,18.3125,-39.4375,-0.1414,-0.0561,0.9884,-0.2151,-0.0688,0.9742,0.438,-0.4172,9.3962,0.4836,-0.3291,8.9294,63.05061316061883
130126000,3.829,3.5571,-31.25,14.9688,-39.4688,31.6562,18.5,-39.0938,-0.1248,-0.0717,0.9896,-0.2205,-0.0834,0.9718,0.4641,-0.3999,9.4954,0.5,-0.3108,8.911,63.006348861682184
135135000,3.7849,3.5534,-31.0625,14.75,-39.375,31.8906,18.2812,-39.3438,-0.1472,-0.0552,0.9876,-0.218,-0.0668,0.9737,0.4221,-0.4167,9.2136,0.4692,-0.3328,8.8083,63.05206694859416
140138000,3.8474,3.5865,-31.0625,15.0,-39.375,31.8906,18.4375,-39.1875,-0.1413,-0.0688,0.9876,-0.2177,-0.0824,0.9725,0.4561,-0.3918,9.3156,0.4949,-0.3181,8.9342,63.04715982587955
145126000,3.7996,3.6049,-30.9375,14.8125,-39.3125,32.0312,18.1562,-39.3125,-0.154,-0.0503,0.9868,-0.2275,-0.0639,0.9717,0.4292,-0.4111,9.2301,0.4644,-0.3533,8.9805,63.05741438863474
150126000,3.9025,3.57,-31.0625,14.8438,-39.4375,31.9062,18.1875,-39.4375,-0.152,-0.0532,0.9869,-0.2275,-0.0668,0.9715,0.4297,-0.4111,9.2355,0.4695,-0.3445,8.9406,63.05741438863474
155133000,3.8254,3.6637,-31.0,14.8438,-39.3125,31.9375,18.375,-39.25,-0.1385,-0.0552,0.9888,-0.2255,-0.0688,0.9718,0.4341,-0.4199,9.3825,0.4873,-0.3218,8.8896,63.036514703305095
160126000,3.8731,3.4965,-31.0938,14.8438,-39.375,31.8438,18.4062,-39.1562,-0.1395,-0.0561,0.9886,-0.2303,-0.0698,0.9706,0.4399,-0.4109,9.3473,0.488,-0.3076,8.7415,63.03871874459379
165126000,3.8474,3.5902,-30.9688,14.9375,-39.375,31.9688,18.4375,-39.1875,-0.1519,-0.062,0.9864,-0.233,-0.0746,0.9696,0.4316,-0.3999,9.1323,0.4944,-0.3191,8.9395,63.0351223526218
170129000,3.8805,3.5424,-31.0,14.9688,-39.25,31.9531,18.5,-39.375,-0.1491,-0.062,0.9869,-0.2197,-0.0776,0.9725,0.4385,-0.4036,9.2494,0.5068,-0.3059,8.9341,63.052183134686146
175126000,3.9466,3.6122,-30.9062,14.6562,-39.25,32.0312,18.0938,-39.5312,-0.1522,-0.0337,0.9878,-0.2201,-0.0474,0.9743,0.4109,-0.4265,9.1974,0.4661,-0.3682,9.1647,63.03183708222377
180127000,3.8401,3.5773,-30.8125,14.75,-39.2188,32.125,18.1875,-39.2188,-0.154,-0.0425,0.9872,-0.2408,-0.0581,0.9688,0.4084,-0.4148,9.0395,0.4663,-0.3523,8.9916,63.031304226550795
185128000,3.8327,3.5755,-30.8125,14.6875,-39.1562,32.125,18.1562,-38.9688,-0.157,-0.0317,0.9871,-0.2523,-0.0454,0.9666,0.3967,-0.4253,9.0261,0.4644,-0.3506,8.9508,63.03329203444795
190126000,3.7629,3.5222,-30.9375,15.0,-39.2812,32.0,18.4688,-39.0,-0.1539,-0.0591,0.9863,-0.2387,-0.0746,0.9682,0.4343,-0.3965,9.1242,0.4912,-0.3125,8.8311,63.033646198915065
195126000,3.807,3.5718,-31.0,14.6562,-39.3125,31.9375,18.1562,-39.125,-0.1492,-0.0366,0.9881,-0.2334,-0.0513,0.971,0.4072,-0.4248,9.1375,0.4617,-0.3491,8.9044,63.035022507333174
200139000,3.7776,3.5498,-31.0,14.8125,-39.25,31.9062,18.25,-39.0625,-0.1463,-0.0454,0.9882,-0.238,-0.0591,0.9695,0.4089,-0.4211,9.1157,0.4673,-0.3359,8.8215,63.00032984786667
205127000,3.818,3.6379,-30.9375,14.6875,-39.3125,32.0,18.0938,-39.3438,-0.1522,-0.0347,0.9877,-0.2305,-0.0503,0.9718,0.4111,-0.4241,9.1729,0.4561,-0.3662,9.031,63.029618161861016
210252000,3.8474,3.5608,-30.9688,14.9688,-39.2188,31.9531,18.4375,-39.125,-0.1472,-0.0591,0.9873,-0.2312,-0.0717,0.9703,0.4324,-0.4026,9.1704,0.49,-0.3167,8.8632,63.017506914666185
215252000,3.8143,3.592,-31.125,14.9375,-39.1875,31.8125,18.2812,-39.375,-0.126,-0.0532,0.9906,-0.2199,-0.0668,0.9732,0.4404,-0.405,9.2875,0.4788,-0.3391,8.9853,63.02653720608487
220263000,3.8437,3.5718,-30.9062,14.6875,-39.4375,32.0312,18.125,-39.3125,-0.1541,-0.0366,0.9874,-0.2343,-0.0503,0.9709,0.4153,-0.4312,9.2981,0.4648,-0.3586,9.0455,63.03132832179566
225252000,3.7629,3.5442,-30.9062,14.9688,-39.3438,32.0625,18.4375,-39.3125,-0.1549,-0.0591,0.9862,-0.2359,-0.0727,0.9691,0.438,-0.3999,9.2032,0.5068,-0.322,9.112,63.06417397437312
230252000,3.8364,3.5773,-31.0938,14.75,-39.4375,31.875,18.1562,-39.375,-0.1473,-0.0376,0.9884,-0.2229,-0.0513,0.9735,0.4309,-0.4231,9.3825,0.4619,-0.3552,8.9748,63.06089024213026
235252000,3.807,3.524,-30.9375,14.9375,-39.4375,32.0,18.4062,-39.1562,-0.1597,-0.0581,0.9855,-0.2463,-0.0717,0.9665,0.4453,-0.4006,9.2932,0.4951,-0.3254,9.0179,63.03364114209174
240253000,3.8254,3.6232,-30.9375,14.8438,-39.4375,32.0,18.375,-38.9375,-0.1568,-0.0532,0.9862,-0.2568,-0.0659,0.9642,0.4329,-0.4275,9.4533,0.4817,-0.3191,8.7969,63.03846666671073
245252000,3.7776,3.5553,-31.125,14.9688,-39.375,31.7969,18.4688,-39.0625,-0.1433,-0.0591,0.9879,-0.2273,-0.0746,0.971,0.45,-0.4048,9.3913,0.4929,-0.3154,8.8826,63.019942525045195
250252000,3.8217,3.5571,-30.8125,14.75,-39.25,32.125,18.1562,-39.3125,-0.1627,-0.0376,0.986,-0.2447,-0.0513,0.9682,0.4089,-0.4187,9.0885,0.4736,-0.3479,9.025,63.0296359734054
255252000,3.8584,3.5204,-31.0,14.6562,-39.4375,31.9375,18.0938,-39.2812,-0.1541,-0.0366,0.9874,-0.2315,-0.0503,0.9715,0.4155,-0.4355,9.3499,0.4531,-0.3667,9.0036,63.03150347009026
260252000,3.8694,3.5001,-30.9375,15.0,-39.3125,32.0,18.4688,-38.9375,-0.1568,-0.062,0.9857,-0.2509,-0.0766,0.965,0.4417,-0.3933,9.1708,0.4929,-0.3103,8.826,63.03413444071394
265252000,3.8621,3.5001,-30.9688,14.875,-39.375,31.9688,18.25,-38.9062,-0.1501,-0.0474,0.9875,-0.255,-0.0591,0.9651,0.4429,-0.4097,9.3665,0.4768,-0.3354,8.9228,63.02976988852173
270252000,3.8033,3.4763,-30.9688,14.8438,-39.375,31.9375,18.3125,-39.0312,-0.1579,-0.0474,0.9863,-0.2446,-0.061,0.9677,0.4297,-0.4167,9.2981,0.4768,-0.3379,8.9499,63.00279880941799
275252000,3.8437,3.6177,-30.9062,14.875,-39.375,32.0312,18.3125,-39.1875,-0.1607,-0.0474,0.9859,-0.2389,-0.061,0.9691,0.4375,-0.416,9.3772,0.4856,-0.3423,9.0972,63.03148325448164
280252000,3.8254,3.5718,-30.875,14.9688,-39.3438,32.0625,18.4375,-39.25,-0.1654,-0.062,0.9843,-0.2405,-0.0766,0.9676,0.4348,-0.3992,9.1596,0.502,-0.3254,9.0948,63.03308325300294
285252000,3.8327,3.5902,-30.9375,15.0625,-39.1875,32.0312,18.4062,-39.5,-0.1491,-0.061,0.9869,-0.233,-0.0746,0.9696,0.4507,-0.3967,9.3098,0.5024,-0.3267,9.1138,63.058188727793315
290253000,3.807,3.6269,-30.9375,15.0,-39.3125,32.0,18.4062,-39.5,-0.1539,-0.0561,0.9865,-0.2274,-0.0698,0.9713,0.4556,-0.4006,9.4079,0.5083,-0.3191,9.0961,63.029883872176065
295253000,3.9135,3.5994,-30.875,15.0312,-39.1875,32.0625,18.4062,-39.0,-0.1549,-0.0591,0.9862,-0.2585,-0.0717,0.9633,0.4448,-0.3921,9.1927,0.4973,-0.3237,9.0237,63.02820549166857
300252000,3.8731,3.4836,-31.0625,14.7188,-39.4062,31.8594,18.1562,-38.875,-0.155,-0.0376,0.9872,-0.2485,-0.0513,0.9673,0.4243,-0.4197,9.2708,0.4604,-0.3528,8.9313,63.01796086680368
305253000,3.8364,3.6526,-30.6875,14.8125,-39.1875,32.2188,18.1562,-39.0625,-0.1646,-0.0395,0.9856,-0.2645,-0.0532,0.9629,0.4155,-0.4124,9.0912,0.4685,-0.3455,8.9405,62.99522628247318
310252000,3.8878,3.524,-30.9375,14.875,-39.3125,32.0,18.375,-38.9062,-0.1569,-0.0513,0.9863,-0.2521,-0.0659,0.9655,0.4348,-0.416,9.3472,0.4917,-0.3159,8.8743,63.03605306441703
315261000,3.8878,3.5847,-30.8125,14.9688,-39.25,32.125,18.4062,-39.1875,-0.1655,-0.0552,0.9847,-0.2482,-0.0688,0.9663,0.4453,-0.4038,9.3285,0.5039,-0.324,9.1006,63.03132975957274
320253000,3.807,3.6214,-30.7812,15.0312,-39.25,32.1562,18.4062,-39.0,-0.1702,-0.061,0.9835,-0.2669,-0.0746,0.9608,0.4548,-0.3987,9.378,0.4983,-0.3242,9.0401,63.028322552325626
325253000,3.8584,3.5498,-30.9062,15.0625,-39.1875,32.0625,18.4062,-39.4375,-0.1577,-0.062,0.9855,-0.2358,-0.0766,0.9688,0.4531,-0.394,9.3072,0.4968,-0.3218,8.9966,63.057909966791634
330253000,3.954,3.6802,-30.9375,14.9375,-39.3438,32.0,18.3125,-39.4375,-0.1607,-0.0552,0.9855,-0.2312,-0.0698,0.9704,0.438,-0.4004,9.2086,0.4895,-0.3369,9.0816,63.02799624722335
335253000,3.8364,3.5626,-31.0938,14.9688,-39.4375,31.8594,18.4688,-39.25,-0.1568,-0.0581,0.9859,-0.2274,-0.0717,0.9712,0.4551,-0.4019,9.416,0.4983,-0.3137,8.9241,63.050698223651736
340253000,3.8584,3.6177,-31.0938,14.9688,-39.4375,31.8438,18.4688,-39.375,-0.1539,-0.061,0.9862,-0.2178,-0.0746,0.9731,0.4536,-0.4006,9.386,0.5073,-0.3176,9.069,63.034874474452636
345267000,3.8658,3.649,-30.875,14.875,-39.2812,32.0938,18.2812,-39.375,-0.1607,-0.0483,0.9858,-0.2389,-0.062,0.9691,0.436,-0.4089,9.2819,0.4944,-0.3306,9.0663,63.06092903153267
350381000,3.8143,3.5755,-30.7812,15.0,-39.25,32.1562,18.4688,-39.1562,-0.1674,-0.0513,0.9845,-0.252,-0.0668,0.9654,0.4375,-0.407,9.2765,0.5083,-0.3198,9.1042,63.03298890771403
355378000,3.8511,3.6931,-31.125,14.9375,-39.4375,31.8438,18.25,-39.4062,-0.1474,-0.0259,0.9887,-0.2154,-0.0395,0.9757,0.4309,-0.4143,9.2845,0.4824,-0.3579,9.2345,63.055875296279886
360378000,3.9834,3.7776,-30.8125,14.9688,-39.125,32.1562,18.0625,-39.375,-0.158,0.0083,0.9874,-0.2469,-0.0054,0.969,0.4036,-0.4204,9.0477,0.4487,-0.3896,9.2092,63.04514778616987
365378000,3.9246,3.7519,-30.9375,14.8438,-39.0625,32.0,17.9688,-39.4375,-0.126,0.0493,0.9908,-0.2335,0.0376,0.9716,0.3655,-0.4648,9.1213,0.406,-0.4109,8.9688,63.01614996371962
370379000,3.8805,3.6729,-31.0625,14.875,-39.375,31.9375,17.9688,-39.5938,-0.1286,0.0785,0.9886,-0.217,0.0668,0.9739,0.3684,-0.4744,9.2605,0.3855,-0.4353,9.013,63.076298812469965
375378000,3.8658,3.7996,-30.9062,14.3438,-39.25,32.0625,17.4688,-39.375,-0.137,0.159,0.9777,-0.2415,0.1464,0.9593,0.2793,-0.5308,8.9107,0.2969,-0.5049,8.8125,63.04631971566619
380378000,3.9687,3.8437,-30.5938,14.1875,-39.2188,32.375,17.125,-39.8125,-0.1339,0.2041,0.9697,-0.2321,0.1926,0.9534,0.2068,-0.5552,8.3904,0.2177,-0.5786,8.7756,63.04007581990999
385378000,3.9576,4.0017,-31.125,14.375,-39.6875,31.8125,17.3438,-39.8438,-0.0966,0.2194,0.9708,-0.1959,0.2079,0.9583,0.2496,-0.563,8.9492,0.2112,-0.561,8.505,63.007675003764426
390379000,3.8658,3.8437,-31.25,14.125,-39.8125,31.7188,17.0312,-39.5625,-0.0954,0.2649,0.9596,-0.204,0.2526,0.9458,0.1942,-0.6138,8.9195,0.1477,-0.6089,8.3548,63.03632501883339
395381000,3.9246,3.9907,-31.1875,14.3438,-39.75,31.7969,17.25,-39.8438,-0.088,0.262,0.961,-0.1985,0.2507,0.9475,0.191,-0.5952,8.673,0.1721,-0.5845,8.3435,63.051482458701955
400379000,3.9025,3.7408,-31.4062,13.9062,-39.75,31.5781,16.8438,-39.6562,-0.0714,0.2921,0.9537,-0.172,0.2808,0.9442,0.1333,-0.6631,8.8189,0.0875,-0.6455,8.1163,63.05283767357342
405385000,3.8143,3.9356,-31.4375,14.0,-39.5,31.5312,16.9062,-39.625,-0.0567,0.2808,0.9581,-0.1651,0.2705,0.9485,0.1233,-0.6377,8.4177,0.1,-0.645,8.2472,63.0358533148398
410379000,3.8474,3.8805,-31.2812,14.3438,-39.625,31.7031,17.3125,-39.8125,-0.0825,0.2545,0.9635,-0.1729,0.2422,0.9547,0.1793,-0.6099,8.7118,0.1674,-0.5796,8.2358,63.054503268442296
415379000,3.8437,3.9466,-31.4375,14.3438,-39.625,31.5625,17.125,-39.9375,-0.0721,0.2592,0.9631,-0.1532,0.246,0.9571,0.1956,-0.6167,8.9677,0.1592,-0.6021,8.4022,63.062133881514036
420392000,3.8621,3.7996,-31.25,14.0,-39.4375,31.7344,17.0,-39.75,-0.08,0.2808,0.9564,-0.1773,0.2677,0.9471,0.132,-0.6567,8.7311,0.1407,-0.6284,8.5021,63.05658014521562
425379000,3.8658,3.8364,-31.4375,14.125,-39.625,31.5469,17.0625,-39.9375,-0.0718,0.2743,0.959,-0.1572,0.2611,0.9524,0.1584,-0.6392,8.8188,0.1383,-0.6201,8.3804,63.053637530756305
430381000,3.8364,3.9429,-31.4062,14.3438,-39.5938,31.5938,17.1875,-40.125,-0.0777,0.2602,0.9624,-0.1531,0.2479,0.9566,0.1854,-0.603,8.7006,0.165,-0.5913,8.3439,63.06638409747303
435379000,3.8254,3.7592,-31.3125,14.2188,-39.4375,31.6562,17.125,-39.625,-0.0776,0.2639,0.9614,-0.1734,0.2526,0.9519,0.1594,-0.6392,8.8294,0.1372,-0.6138,8.2958,63.03600823640406
440390000,3.8584,3.8107,-31.5312,14.0625,-39.5,31.4375,17.0312,-39.7188,-0.0596,0.2761,0.9593,-0.1543,0.263,0.9524,0.1472,-0.6743,9.1004,0.1394,-0.624,8.4371,63.039021509062145
445379000,3.8217,3.807,-31.25,13.7812,-39.25,31.7031,16.8438,-39.5625,-0.0713,0.2977,0.952,-0.1736,0.2855,0.9425,0.0976,-0.6885,8.7219,0.1113,-0.6465,8.388,63.02832676360685
450379000,3.8511,3.8584,-31.2188,13.9062,-39.5312,31.7812,16.875,-39.8125,-0.0864,0.2893,0.9533,-0.1722,0.2771,0.9453,0.1145,-0.6704,8.6979,0.1219,-0.6499,8.5426,63.070539106067585
455385000,3.8217,3.8033,-31.3125,14.3438,-39.25,31.6406,17.3438,-39.9375,-0.0637,0.2564,0.9645,-0.1635,0.245,0.9556,0.1639,-0.6274,8.7445,0.1852,-0.583,8.4698,63.02829091654001
460379000,3.7427,3.6306,-31.4375,14.0312,-39.25,31.5469,16.875,-39.75,-0.0566,0.2836,0.9573,-0.1548,0.2724,0.9496,0.122,-0.6616,8.6787,0.1283,-0.6426,8.5284,63.05054989292322
465379000,3.7813,3.9246,-31.5938,13.9375,-39.375,31.4062,16.8438,-39.5,-0.0566,0.2846,0.957,-0.1613,0.2733,0.9483,0.1086,-0.6987,8.9605,0.0954,-0.6494,8.2478,63.06712459506934
470379000,3.807,3.8805,-31.25,14.0312,-39.1875,31.7344,16.9062,-39.5,-0.0735,0.2808,0.9569,-0.1855,0.2705,0.9447,0.1144,-0.6694,8.6853,0.1002,-0.6562,8.3783,63.05075673304802
475379000,3.8511,3.8658,-31.3125,13.9375,-39.2812,31.6562,17.0,-39.2812,-0.0762,0.2836,0.9559,-0.1844,0.2724,0.9443,0.1143,-0.6802,8.8086,0.1198,-0.6226,8.2063,63.04312877657644
480504000,3.8621,3.829,-31.625,14.25,-39.5625,31.375,17.2188,-39.8438,-0.0589,0.262,0.9633,-0.1455,0.2498,0.9573,0.1713,-0.6445,9.0206,0.1674,-0.5879,8.3303,63.070539106067585
485507000,3.8621,3.7886,-31.1875,13.875,-39.1875,31.7969,16.8125,-39.3125,-0.0797,0.2958,0.9519,-0.1911,0.2846,0.9394,0.1014,-0.6875,8.752,0.0928,-0.6626,8.3708,63.0529870395527
490504000,3.7996,3.796,-31.2188,14.125,-39.4688,31.7812,17.0625,-39.6875,-0.085,0.2696,0.9592,-0.1779,0.2564,0.9501,0.1412,-0.6494,8.7483,0.1521,-0.625,8.5871,63.068825388935224
495504000,3.8437,3.7923,-31.375,14.0625,-39.3438,31.5938,16.9062,-39.625,-0.0671,0.2761,0.9588,-0.1599,0.2639,0.9512,0.1312,-0.6724,8.9031,0.1228,-0.6357,8.39,63.033605930249614
500504000,3.8584,3.8915,-31.5,13.9062,-39.4375,31.5,16.8438,-39.5625,-0.0695,0.2911,0.9542,-0.1581,0.2808,0.9466,0.1105,-0.6982,8.9755,0.1195,-0.6445,8.4549,63.06857473227059
505504000,3.7702,3.7886,-31.25,14.125,-39.2812,31.7188,17.0625,-39.5625,-0.07,0.2714,0.9599,-0.1703,0.2602,0.9504,0.1367,-0.6523,8.7326,0.1495,-0.6328,8.6485,63.037907717341
510504000,3.7996,3.8694,-31.4375,14.0,-39.3438,31.5625,16.9375,-39.9375,-0.0595,0.2818,0.9576,-0.1512,0.2705,0.9508,0.1183,-0.687,8.9309,0.1289,-0.6416,8.5239,63.07124056128911
515504000,3.9246,3.796,-31.375,14.0,-39.2188,31.625,16.9375,-39.4375,-0.066,0.2808,0.9575,-0.1717,0.2686,0.9478,0.125,-0.6738,8.852,0.1048,-0.645,8.2999,63.068825388935224
520504000,3.7776,3.7996,-31.375,14.1875,-39.25,31.625,17.125,-39.8125,-0.0588,0.2677,0.9617,-0.1677,0.2554,0.9522,0.1388,-0.6509,8.7385,0.1562,-0.6162,8.5319,63.07095458687778
525505000,3.8217,3.9393,-31.3125,14.0,-39.25,31.6406,16.875,-39.1875,-0.0734,0.2874,0.955,-0.1915,0.2771,0.9416,0.1187,-0.6724,8.7664,0.0861,-0.6553,8.2132,63.0187458686699
530515000,3.7519,3.9503,-31.1875,13.875,-38.9375,31.8125,16.625,-39.5625,-0.0592,0.2949,0.9537,-0.1865,0.2846,0.9403,0.0933,-0.6865,8.6527,0.0767,-0.6875,8.4822,63.06308845116928
535505000,3.8474,3.7592,-31.3125,14.0625,-39.25,31.6406,17.0312,-39.5625,-0.0671,0.2761,0.9588,-0.1672,0.2658,0.9494,0.1175,-0.6602,8.6125,0.1278,-0.6396,8.4895,63.02383386902133
540505000,3.7574,3.807,-31.3125,13.9375,-38.6875,31.6875,16.7188,-39.5,-0.0461,0.2986,0.9533,-0.1735,0.2874,0.942,0.0792,-0.6958,8.6056,0.0917,-0.6709,8.4551,63.06659802098097
545505000,3.8143,3.7188,-31.375,14.2188,-39.1875,31.625,17.1875,-39.1875,-0.0616,0.2658,0.9621,-0.19,0.2554,0.948,0.1401,-0.6504,8.7475,0.1321,-0.6094,8.1896,63.06990708483722
550505000,3.8658,3.9172,-31.4062,14.0,-39.1875,31.5781,16.75,-39.3438,-0.0612,0.2874,0.9559,-0.1713,0.2761,0.9457,0.105,-0.6812,8.7179,0.0927,-0.6675,8.4257,63.044499967721215
555505000,3.8694,3.818,-31.4062,14.0625,-39.25,31.5625,17.0,-39.375,-0.0632,0.2808,0.9577,-0.1689,0.2686,0.9483,0.1194,-0.6748,8.8019,0.1326,-0.6348,8.4855,63.037304121765864
560505000,3.7739,3.7243,-31.4062,13.6875,-38.7188,31.5781,16.5312,-39.1875,-0.0458,0.3162,0.9476,-0.1753,0.3042,0.9363,0.052,-0.7202,8.5925,0.0593,-0.688,8.2985,63.05020504225184
565505000,3.7592,3.8511,-31.375,14.0625,-39.2188,31.5938,17.125,-39.375,-0.0596,0.2743,0.9598,-0.1673,0.263,0.9502,0.1201,-0.6704,8.7593,0.1322,-0.6255,8.3752,63.04342216385465
570505000,3.807,3.7629,-31.375,14.0312,-39.25,31.625,16.9062,-39.8438,-0.066,0.2846,0.9564,-0.152,0.2733,0.9498,0.1115,-0.6768,8.7385,0.1379,-0.6489,8.7067,63.06836150907997
575505000,3.8658,3.75,-31.5625,13.9375,-39.0625,31.4219,17.0312,-39.5625,-0.0454,0.2836,0.9579,-0.1521,0.2724,0.9501,0.0914,-0.6914,8.6886,0.1345,-0.6255,8.4005,63.06231539556727
580505000,3.829,3.7702,-31.375,14.125,-39.0312,31.625,17.125,-39.5625,-0.0511,0.278,0.9592,-0.1644,0.2667,0.9496,0.1139,-0.6577,8.5451,0.1436,-0.6182,8.4155,63.07362586446097
585505000,3.8805,3.9466,-31.5312,13.5625,-39.2812,31.4375,16.6875,-39.8125,-0.0625,0.3153,0.9469,-0.1377,0.3042,0.9426,0.0543,-0.7314,8.7478,0.1024,-0.6616,8.4648,63.04843443242663
590505000,3.7996,3.7996,-31.5938,13.875,-39.0625,31.3906,16.8438,-39.5938,-0.0424,0.2958,0.9543,-0.1413,0.2846,0.9482,0.0807,-0.6938,8.5996,0.1068,-0.6426,8.2938,63.05656743345613
595505000,3.829,3.976,-31.4375,13.9062,-39.0625,31.5469,16.9375,-39.5,-0.0564,0.2949,0.9539,-0.1581,0.2827,0.9461,0.0948,-0.6782,8.5729,0.1244,-0.6357,8.4073,63.058820392550956
600522000,3.8437,3.8731,-31.6875,13.8125,-39.2188,31.3125,16.6875,-39.4375,-0.0432,0.307,0.9507,-0.1473,0.2949,0.9441,0.0849,-0.7065,8.7926,0.0886,-0.6709,8.4211,63.06594528499514
605505000,3.8731,3.8805,-31.25,13.75,-39.0,31.7344,16.5625,-39.5,-0.0653,0.3144,0.947,-0.1799,0.3042,0.9355,0.0648,-0.708,8.5905,0.0821,-0.6958,8.6375,63.049145907062055
610505000,3.8511,3.8143,-31.4375,14.0,-39.2188,31.5312,16.8438,-39.5,-0.0584,0.2874,0.956,-0.1621,0.2752,0.9476,0.0974,-0.6787,8.6071,0.1079,-0.6514,8.4068,63.03351054455082
615508000,3.8437,3.7739,-31.5938,13.7812,-39.1875,31.375,16.8125,-39.4062,-0.0525,0.3042,0.9512,-0.1512,0.2911,0.9447,0.0698,-0.7246,8.8373,0.0894,-0.6558,8.2555,63.04210008256388
620630000,3.761,3.7151,-31.5312,13.9375,-39.125,31.4375,17.0,-39.25,-0.0491,0.2846,0.9574,-0.1696,0.2733,0.9468,0.0942,-0.6914,8.7192,0.1,-0.625,8.0184,63.0432526995554
625519000,3.8217,3.8952,-31.4062,14.0312,-39.25,31.5781,16.9375,-39.5625,-0.0613,0.2836,0.957,-0.1484,0.2714,0.9509,0.1016,-0.6782,8.6475,0.1079,-0.6533,8.4292,63.052091816449675
630630000,3.8033,3.8915,-31.4375,14.25,-39.1562,31.5625,17.0625,-39.8125,-0.0428,0.2705,0.9618,-0.1387,0.2583,0.9561,0.1173,-0.6494,8.4869,0.1252,-0.625,8.2936,63.06616276530546
635630000,3.8364,3.8143,-31.5312,14.125,-38.9375,31.4844,16.9062,-40.125,-0.0042,0.2893,0.9572,-0.0895,0.278,0.9564,0.0967,-0.6763,8.5716,0.0872,-0.6294,7.9288,63.08812148931049
640630000,3.7813,4.0495,-31.375,13.875,-39.0625,31.5938,16.9062,-39.8125,-0.0014,0.293,0.9561,-0.0931,0.2818,0.955,0.0687,-0.6978,8.5143,0.0818,-0.6226,7.7913,63.04617709964657
645631000,3.6582,3.8658,-31.625,14.125,-39.0625,31.3438,17.3125,-40.0938,0.039,0.2705,0.9619,-0.0485,0.2611,0.9641,0.0958,-0.6851,8.6631,0.1382,-0.5596,7.6895,63.05785842684479
650630000,3.6159,3.6563,-31.7188,14.1875,-38.8125,31.2656,17.1875,-39.9688,0.0654,0.2658,0.9618,-0.0439,0.2583,0.9651,0.1067,-0.6621,8.517,0.1024,-0.564,7.3481,63.06640685063642
655631000,3.7537,4.0238,-31.25,14.3125,-38.8125,31.75,17.25,-40.3125,0.0392,0.2545,0.9663,-0.0667,0.2469,0.9667,0.1055,-0.6294,8.1287,0.1368,-0.5796,7.9022,63.08628144256087
660631000,3.7408,4.101,-31.4375,13.9062,-39.0,31.5469,17.125,-40.1875,0.0315,0.2733,0.9614,-0.0616,0.2649,0.9623,0.0632,-0.6704,8.1378,0.1049,-0.5815,7.5758,63.07777320934848
665631000,3.7169,3.8805,-31.3125,14.2188,-38.8125,31.6406,17.25,-40.0938,0.0439,0.2526,0.9666,-0.0799,0.246,0.966,0.092,-0.6392,8.0927,0.1089,-0.5747,7.5414,63.03905696264816
670632000,3.6012,3.829,-31.5,14.1875,-38.8438,31.5312,17.3438,-40.1875,0.0401,0.2564,0.9657,-0.0648,0.2479,0.9666,0.0963,-0.6562,8.3357,0.1425,-0.5732,7.8914,63.12447966375644
675631000,3.6324,3.57,-31.625,14.3125,-39.1875,31.3438,17.375,-40.2812,0.0412,0.246,0.9684,-0.046,0.2365,0.9705,0.1359,-0.6235,8.3929,0.1322,-0.5596,7.6242,63.052714924735795
680631000,3.6343,3.7629,-31.4062,14.3125,-38.875,31.5781,17.375,-40.75,0.0468,0.2517,0.9667,-0.0469,0.2431,0.9689,0.1038,-0.6294,8.11,0.1543,-0.5527,7.7882,63.08658001302654
685631000,3.6379,3.7629,-31.4375,14.4062,-38.9375,31.5312,17.375,-39.9375,0.0355,0.2403,0.97,-0.0698,0.2318,0.9703,0.1217,-0.603,8.0038,0.1191,-0.5649,7.5418,63.04657764803733
690631000,3.6269,3.6839,-31.2812,14.3125,-38.875,31.7031,17.4688,-40.125,0.0364,0.2479,0.9681,-0.0743,0.2403,0.9678,0.1094,-0.6191,8.0533,0.1643,-0.541,7.765,63.07572255773215
695631000,3.6637,3.965,-31.4375,14.625,-38.75,31.5312,17.5312,-39.8125,0.0508,0.2299,0.9719,-0.0804,0.2232,0.9715,0.1486,-0.585,8.0914,0.1479,-0.54,7.575,63.04468323641574
700638000,3.6637,3.7408,-31.5,14.0625,-39.0625,31.5,17.0625,-39.8125,0.0258,0.2705,0.9624,-0.0589,0.2611,0.9635,0.0945,-0.647,8.2097,0.0801,-0.603,7.5501,63.075847200017854
705631000,3.6361,3.7408,-31.625,14.1875,-38.9688,31.3438,17.1875,-40.0,0.0457,0.2602,0.9645,-0.0486,0.2526,0.9663,0.1023,-0.6357,8.1661,0.1113,-0.5752,7.5736,63.04865697919346
710631000,3.581,3.6673,-31.5625,14.4062,-38.8438,31.4688,17.4688,-40.0625,0.044,0.2422,0.9692,-0.0546,0.2346,0.9706,0.1379,-0.6035,8.1867,0.1687,-0.5474,7.8849,63.11742650124449
715637000,3.5975,3.7519,-31.5625,14.3438,-39.0,31.4219,17.375,-40.25,0.0412,0.2441,0.9689,-0.046,0.2356,0.9708,0.1289,-0.624,8.3224,0.1395,-0.5518,7.6156,63.06968619550917
720631000,3.6085,3.7574,-31.4375,14.5,-38.9375,31.5625,17.4688,-40.375,0.0366,0.2318,0.9721,-0.0499,0.2241,0.9733,0.1378,-0.5967,8.1074,0.1611,-0.5513,7.8463,63.08629153540411
725631000,3.5167,3.682,-31.5,14.5312,-38.75,31.5312,17.4688,-40.3125,0.047,0.2318,0.9716,-0.0566,0.2251,0.9727,0.1404,-0.5898,8.0576,0.1617,-0.5474,7.8088,63.11895969873078
730631000,3.6526,3.8694,-31.5938,14.375,-39.0,31.375,17.5312,-40.3125,0.0479,0.2365,0.9704,-0.0461,0.2289,0.9724,0.1285,-0.6182,8.2514,0.1664,-0.5425,7.8042,63.06150987829264
735632000,3.6141,3.7188,-31.625,14.25,-39.0,31.375,17.3125,-40.0938,0.0411,0.2507,0.9672,-0.0412,0.2422,0.9694,0.1235,-0.6245,8.2687,0.1624,-0.5596,7.9537,63.08387515593822
740631000,3.5608,3.6453,-31.5938,14.375,-38.6875,31.4062,17.3125,-40.0312,0.0638,0.246,0.9672,-0.0469,0.2393,0.9698,0.1162,-0.625,8.195,0.1375,-0.5562,7.6428,63.082758626585125
745632000,3.5351,3.5938,-31.4375,14.1875,-38.8125,31.5469,17.1875,-40.0938,0.041,0.2573,0.9655,-0.0487,0.2498,0.9671,0.1053,-0.6191,8.0086,0.1477,-0.5879,8.1154,63.06882251199875
750631000,3.5424,3.6214,-31.4062,14.0938,-38.8125,31.5781,17.2188,-40.1875,0.04,0.262,0.9642,-0.0562,0.2535,0.9657,0.0868,-0.6396,8.0417,0.162,-0.5825,8.2104,63.07676510800153
755757000,3.5791,3.6141,-31.5625,14.2188,-38.8125,31.4375,17.25,-40.1562,0.0533,0.2545,0.9656,-0.0393,0.246,0.9685,0.1127,-0.6201,8.1004,0.1334,-0.5625,7.6707,63.08719127628048
760757000,3.6159,3.7041,-31.4375,14.3125,-38.875,31.5625,17.3125,-40.0938,0.0364,0.2498,0.9676,-0.0573,0.2412,0.9688,0.1295,-0.626,8.3515,0.1545,-0.5747,8.0402,63.08316315341202
765757000,3.5938,3.671,-31.5312,14.25,-39.0625,31.4688,17.3125,-40.125,0.0393,0.246,0.9685,-0.0517,0.2375,0.97,0.1298,-0.6353,8.4604,0.1505,-0.5625,7.8575,63.08334021356193
770757000,3.6196,3.6692,-31.5938,14.4062,-39.1875,31.3906,17.5,-40.0625,0.0413,0.2308,0.9721,-0.05,0.2232,0.9735,0.1542,-0.6094,8.4311,0.1743,-0.5381,7.8413,63.066408386715665
775757000,3.5718,3.682,-31.4375,14.3438,-38.875,31.5469,17.4688,-39.9062,0.0356,0.2356,0.9712,-0.0575,0.2261,0.9724,0.1259,-0.6221,8.2667,0.1661,-0.5508,7.8955,63.07030713259608
780760000,3.5589,3.6177,-31.5625,14.0,-38.5625,31.4219,17.0312,-40.1875,0.0614,0.2761,0.9592,-0.0362,0.2667,0.9631,0.0795,-0.6514,8.0971,0.1427,-0.603,8.2332,63.07823270986593
785757000,3.5387,3.649,-31.375,14.4062,-38.6875,31.5938,17.5312,-40.0625,0.0527,0.2318,0.9713,-0.0642,0.2251,0.9722,0.127,-0.5928,7.9442,0.1663,-0.5435,7.8139,63.061287835248024
790757000,3.5626,3.8437,-31.7188,14.2188,-39.0,31.25,17.4375,-40.25,0.0572,0.2479,0.9671,-0.0147,0.2403,0.9706,0.1246,-0.6426,8.4878,0.1718,-0.5464,7.9072,63.06339907688135
795757000,3.5626,3.6563,-31.5,14.375,-39.0,31.4844,17.375,-40.0,0.0403,0.2356,0.971,-0.067,0.228,0.9714,0.1342,-0.6138,8.2625,0.1313,-0.5493,7.4986,63.06373477173708
800770000,3.6085,3.7243,-31.625,14.25,-38.7812,31.3438,17.25,-40.1875,0.06,0.2498,0.9664,-0.0365,0.2412,0.9698,0.0924,-0.6318,8.0134,0.1223,-0.5635,7.5605,63.055907361087115
805757000,3.6618,3.7225,-31.75,14.0,-39.0,31.2344,17.0625,-40.0,0.0644,0.2658,0.9619,-0.0325,0.2592,0.9653,0.0455,-0.6611,7.8383,0.0798,-0.5811,7.2965,63.06673885345587
810757000,3.5424,3.6692,-31.5938,14.3125,-38.9375,31.3906,17.3438,-40.3125,0.0573,0.2412,0.9688,-0.0413,0.2318,0.9719,0.0636,-0.5952,7.2806,0.1014,-0.5234,6.8788,63.07229223716227
815769000,3.5534,3.6159,-31.5312,14.875,-38.9375,31.4688,17.7812,-40.0,0.0591,0.1782,0.9822,-0.0659,0.1705,0.9831,0.0579,-0.5186,6.349,0.1271,-0.4763,6.6291,63.07594553147816
820757000,3.954,3.5883,-31.5,14.375,-40.0938,31.4844,17.75,-40.4688,0.014,0.158,0.9873,-0.0603,0.1474,0.9872,0.0193,-0.5234,5.9842,0.0847,-0.4512,5.885,63.07587409905629
825757000,3.6526,3.6784,-31.5312,15.0625,-40.6562,31.4688,18.0938,-40.125,-0.0102,0.097,0.9952,-0.1121,0.0863,0.9899,0.0418,-0.446,5.36,0.0622,-0.3955,5.0181,63.07512150705696
830757000,1.9604,2.8295,-31.75,15.7812,-40.875,31.2656,18.3125,-39.6875,-0.0258,0.0883,0.9958,-0.1171,0.0776,0.9901,-0.2634,-0.3147,0.565,0.0301,-0.3469,4.1291,63.077598870756006
835757000,2.6513,2.1368,-32.25,17.6562,-40.25,30.7812,19.25,-40.625,0.0239,0.0288,0.9993,-0.0853,0.0171,0.9962,-0.1202,-0.135,0.162,0.0507,-0.2422,3.1995,63.05246225866203
840757000,2.3941,2.1828,-31.3125,16.125,-40.5938,31.6875,17.5,-41.0,-0.1648,0.2761,0.9469,-0.2964,0.2602,0.9189,-0.2554,-0.2949,0.4354,-0.3701,-0.3904,0.2251,63.01631235989615
845757000,2.3775,1.401,-32.0,18.9375,-38.8125,31.0,20.2812,-39.875,-0.0697,0.0571,0.9959,-0.1115,0.0454,0.9927,0.0077,0.0044,0.0359,-0.0932,-0.104,0.1179,63.02328487106968
850757000,2.4804,1.7749,-32.3438,17.6875,-37.6875,30.5312,21.2188,-39.125,-0.129,-0.0083,0.9916,-0.1705,-0.021,0.9851,-0.0851,-0.0925,0.0799,0.0158,0.0087,0.0769,62.990492226525745
855757000,2.4584,2.1626,-33.1562,18.4688,-37.9375,29.7656,20.3125,-38.1562,0.0073,0.0132,0.9999,0.0181,0.0083,0.9998,-0.0317,-0.0305,0.0136,-0.0456,-0.0533,0.0845,62.94918565493918
860772000,2.4988,2.1773,-32.3125,16.5,-37.375,30.5625,19.0938,-38.125,-0.0439,0.1561,0.9868,-0.1923,0.1513,0.9696,-0.2487,-0.2786,0.329,-0.1825,-0.199,0.1805,62.932947836884296
865763000,2.462,1.8557,-31.75,17.5625,-37.625,31.1719,19.0,-37.875,-0.0869,0.0951,0.9917,-0.1498,0.0844,0.9851,-0.1135,-0.1285,0.1639,-0.1986,-0.2162,0.1927,62.938814779593685
870760000,2.5006,1.6114,-31.2188,17.6875,-37.6875,31.7031,19.5312,-37.3438,-0.2227,0.0668,0.9726,-0.2963,0.0532,0.9536,-0.1136,-0.1316,0.1967,-0.1,-0.1105,0.1147,62.949843994961576
875762000,2.5907,1.9145,-32.0,17.6875,-36.75,30.875,20.125,-37.8125,-0.0395,0.02,0.999,-0.1358,0.0102,0.9907,-0.0834,-0.0857,0.0258,-0.0491,-0.0545,0.0592,62.93120003225745
880758000,2.4731,1.9366,-31.5,16.5312,-36.9688,31.4375,18.0938,-39.75,-0.2013,0.1907,0.9608,-0.3221,0.1782,0.9298,-0.201,-0.2306,0.324,-0.2844,-0.3044,0.2208,63.01829653719624
885758000,2.3941,1.7914,-31.25,16.75,-38.3125,31.7031,18.7188,-39.0625,-0.1487,0.1445,0.9783,-0.2962,0.1271,0.9466,-0.1379,-0.1644,0.2896,-0.2148,-0.2372,0.2451,62.98834394592384
890883000,2.2471,1.6591,-30.9062,17.0,-38.625,32.0938,18.875,-39.25,-0.1957,0.0912,0.9764,-0.2688,0.0776,0.9601,-0.1015,-0.1197,0.1986,-0.2008,-0.224,0.2543,63.030994359917884
895767000,2.2654,2.2452,-30.9062,18.0625,-38.4375,32.125,19.625,-39.875,-0.2449,-0.0337,0.969,-0.3168,-0.0503,0.9472,-0.0172,-0.0196,0.0271,-0.0959,-0.1038,0.0867,63.066948443221825
900883000,2.0762,1.977,-31.7188,17.0625,-38.875,31.25,19.8438,-39.9375,-0.1926,-0.0083,0.9812,-0.2421,-0.021,0.97,-0.0937,-0.1007,0.0765,-0.0472,-0.0783,0.3392,63.03914902169921
905887000,2.6237,1.8346,-31.3125,18.875,-39.125,31.7188,19.4062,-40.75,-0.1546,-0.0795,0.9848,-0.227,-0.0941,0.9693,0.0536,0.0525,0.0136,-0.0695,-0.1227,0.5802,63.05448103132719
910883000,3.1382,1.8759,-31.3125,18.5938,-39.0625,31.7188,20.0,-40.7812,-0.1453,-0.1261,0.9813,-0.1479,-0.1368,0.9795,0.0602,0.0366,0.2573,0.2419,-0.1159,3.908,63.070405958896444
915883000,2.8479,2.0009,-31.9062,18.0625,-39.5625,31.1562,19.2188,-40.0938,-0.1009,-0.1387,0.9852,-0.1084,-0.1474,0.9831,0.0275,0.0025,0.2725,0.2004,-0.2008,4.3813,63.07523763839499
920883000,2.3261,2.8222,-31.8125,15.9688,-40.875,31.1875,18.875,-40.125,-0.1147,-0.1155,0.9867,-0.1347,-0.1252,0.9829,0.0048,-0.2218,2.4751,0.1898,-0.2441,4.7403,63.07145549644466
925883000,2.4106,3.0243,-31.4062,15.625,-41.0312,31.625,18.4062,-39.875,-0.1389,-0.1048,0.9847,-0.1704,-0.1126,0.9789,0.1484,-0.2856,4.7441,0.1758,-0.2961,5.1589,63.10312231038968
930883000,3.3274,3.3513,-31.0938,15.1875,-41.25,31.9062,18.4375,-40.375,-0.1486,-0.1019,0.9836,-0.1905,-0.1116,0.9753,0.1277,-0.3176,4.8701,0.22,-0.2849,5.5193,63.08984169420621
935883000,3.6765,3.6673,-31.4375,15.2812,-40.75,31.5469,18.4062,-40.4375,-0.1001,-0.1252,0.9871,-0.1633,-0.1358,0.9772,0.1566,-0.3328,5.3536,0.2124,-0.2727,5.3019,63.06265078959178
940883000,3.4432,3.7059,-31.1875,14.9688,-40.4375,31.8125,18.25,-40.375,-0.1148,-0.1096,0.9873,-0.1769,-0.1232,0.9765,0.1324,-0.3677,5.476,0.2178,-0.2861,5.5086,63.08541970764718
945883000,3.8401,3.7463,-31.1875,14.7188,-40.375,31.7969,18.1875,-40.1562,-0.1215,-0.1096,0.9865,-0.1855,-0.1232,0.9749,0.1469,-0.3867,5.8449,0.2527,-0.293,5.9673,63.080221912181
950883000,3.6269,3.7408,-31.3125,14.5312,-40.3125,31.6562,17.875,-40.0625,-0.1035,-0.0824,0.9912,-0.1775,-0.0941,0.9796,0.161,-0.4236,6.4101,0.2249,-0.3491,6.2819,63.057915269456856
955895000,3.8143,3.7923,-31.0625,14.625,-40.0938,31.9062,17.875,-40.3125,-0.1092,-0.0873,0.9902,-0.1888,-0.099,0.977,0.1685,-0.4192,6.4426,0.2725,-0.3611,6.9376,63.05289453609564
960883000,3.8584,3.8841,-31.0,14.625,-40.125,31.9688,17.9688,-40.3125,-0.114,-0.096,0.9888,-0.1782,-0.1077,0.9781,0.1774,-0.4253,6.6081,0.2705,-0.3347,6.6242,63.05779831337279
965884000,3.7923,3.7041,-31.0,14.375,-40.25,31.9062,17.8125,-39.625,-0.1219,-0.0746,0.9897,-0.2015,-0.0853,0.9758,0.1686,-0.4441,6.7219,0.2424,-0.3643,6.6426,63.003150950488184
970883000,3.9723,3.7519,-31.125,14.625,-40.0312,31.8438,18.0938,-40.4375,-0.0986,-0.0912,0.9909,-0.1677,-0.1038,0.9804,0.2126,-0.4292,7.0382,0.3027,-0.3247,6.8686,63.06558036338046
975884000,3.7372,3.6177,-30.9688,14.5625,-39.875,31.9688,18.125,-40.0625,-0.1064,-0.0824,0.9909,-0.1889,-0.0941,0.9775,0.2087,-0.4336,7.0444,0.3103,-0.323,6.9332,63.03862352764375
980883000,3.6894,3.6122,-31.0938,14.5625,-39.875,31.875,18.0625,-40.125,-0.1006,-0.0795,0.9917,-0.1804,-0.0912,0.9794,0.2249,-0.4292,7.1721,0.3171,-0.3269,7.0518,63.06649089207358
985884000,3.8364,3.5534,-31.0,14.6875,-39.7188,31.9375,18.3125,-39.75,-0.1034,-0.0912,0.9905,-0.1983,-0.1038,0.9746,0.2388,-0.4285,7.3166,0.3354,-0.3047,7.0089,63.041815525014826
990884000,3.8401,3.6765,-30.9688,14.6875,-39.9375,31.9531,18.2812,-39.8125,-0.117,-0.0883,0.9892,-0.1917,-0.1009,0.9763,0.2544,-0.4221,7.4175,0.3735,-0.3171,7.5683,63.02456508616303
995884000,3.7206,3.6379,-31.125,14.7188,-39.5625,31.8125,18.125,-39.9375,-0.0851,-0.0824,0.993,-0.1803,-0.096,0.9789,0.2612,-0.4272,7.5499,0.3513,-0.3364,7.5351,63.03072052332894
1000884000,3.7188,3.6545,-31.1875,14.5625,-39.7188,31.7812,17.9688,-39.9375,-0.0899,-0.0766,0.993,-0.1747,-0.0873,0.9807,0.2815,-0.4417,7.9337,0.3254,-0.3474,7.3704,63.06114405138873
1005884000,3.6857,3.7059,-30.9688,14.6875,-39.5938,31.9688,18.125,-39.875,-0.1015,-0.0805,0.9916,-0.1832,-0.0912,0.9788,0.3159,-0.4316,8.2015,0.3542,-0.3345,7.546,63.032031328920375
1010884000,3.7078,3.7408,-30.875,14.6562,-39.6562,32.0625,17.9688,-39.625,-0.1074,-0.0795,0.991,-0.2023,-0.0902,0.9752,0.3101,-0.426,8.0741,0.3318,-0.3523,7.4946,63.02462374699273
1015884000,3.6729,3.75,-31.0,14.6875,-39.5,31.9062,18.0938,-39.625,-0.0899,-0.0805,0.9927,-0.1813,-0.0902,0.9793,0.3198,-0.4355,8.2883,0.3459,-0.3318,7.4243,62.9984801652389
1020884000,3.7353,3.7482,-31.0,14.8438,-39.5,31.9062,18.1875,-39.7812,-0.0908,-0.0941,0.9914,-0.1753,-0.1067,0.9787,0.343,-0.4141,8.305,0.3645,-0.3264,7.5705,62.99563001962913
1026009000,3.7133,3.7298,-30.9688,14.6562,-39.5625,32.0,18.0938,-40.1562,-0.0957,-0.0795,0.9922,-0.167,-0.0912,0.9817,0.3296,-0.436,8.4016,0.3772,-0.3337,7.7924,63.06535774012544
1031009000,3.6673,3.6839,-30.6562,14.8125,-39.2812,32.25,18.0938,-40.0625,-0.1093,-0.0824,0.9906,-0.1985,-0.0941,0.9756,0.3284,-0.4153,8.1566,0.3887,-0.3389,7.9765,62.996566238327624
1036009000,3.7849,3.8401,-30.9375,14.625,-39.5625,32.0,18.125,-39.8125,-0.1036,-0.0698,0.9922,-0.17,-0.0824,0.982,0.3279,-0.4316,8.3337,0.3862,-0.3203,7.7443,63.035239400275145
1041009000,3.7004,3.5865,-30.7812,14.75,-39.375,32.1562,18.0938,-39.7812,-0.1045,-0.0746,0.9917,-0.2062,-0.0873,0.9746,0.3291,-0.4231,8.2518,0.4019,-0.3354,8.0853,63.02747270547979
1046009000,3.7813,3.6765,-30.9062,14.5312,-39.4688,32.0625,17.9688,-39.9375,-0.0969,-0.0591,0.9935,-0.1816,-0.0717,0.9808,0.3088,-0.4399,8.2161,0.3865,-0.3494,8.0683,63.06420500680239
1051010000,3.5994,3.7225,-30.8125,14.875,-39.1875,32.125,18.1562,-40.125,-0.0898,-0.0902,0.9919,-0.1802,-0.1009,0.9784,0.3286,-0.4124,8.1267,0.428,-0.3342,8.363,63.0299459458756
1056012000,3.7372,3.7372,-30.625,14.75,-39.25,32.3125,18.125,-39.625,-0.1112,-0.0795,0.9906,-0.21,-0.0902,0.9735,0.3181,-0.4192,8.0869,0.4199,-0.3367,8.3001,63.029042165100364
1061009000,3.7078,3.66,-30.8125,14.9375,-39.4375,32.125,18.25,-39.625,-0.1044,-0.0853,0.9909,-0.1955,-0.097,0.9759,0.3491,-0.4072,8.2964,0.4363,-0.3271,8.3774,63.02488967661903
1066009000,3.7335,3.796,-30.625,14.8438,-39.1875,32.3125,18.125,-39.9375,-0.1074,-0.0776,0.9912,-0.1967,-0.0883,0.9765,0.323,-0.4128,8.07,0.4463,-0.3391,8.6215,63.02743592825271
1071020000,3.7813,3.7427,-30.6875,14.8438,-39.0625,32.2188,18.125,-40.0,-0.1006,-0.0717,0.9923,-0.1881,-0.0834,0.9786,0.3208,-0.4124,8.0403,0.4485,-0.3386,8.6407,62.99879172952446
1076009000,3.7078,3.7923,-30.6875,14.8125,-39.3125,32.2188,18.0625,-39.875,-0.1045,-0.0766,0.9916,-0.189,-0.0883,0.978,0.332,-0.4128,8.1699,0.4343,-0.3335,8.4257,62.99270978406946
1081009000,3.6637,3.7702,-30.8125,14.9375,-39.25,32.125,18.2812,-39.9375,-0.0928,-0.0873,0.9919,-0.1812,-0.099,0.9785,0.3501,-0.406,8.2937,0.4556,-0.3079,8.38,63.03000787077533
1086010000,3.75,3.6931,-30.6875,14.75,-39.25,32.25,18.0938,-39.75,-0.1007,-0.0668,0.9927,-0.2016,-0.0776,0.9764,0.3298,-0.4185,8.2082,0.4424,-0.3396,8.5832,63.028246879395276
1091010000,3.818,3.8364,-30.6562,14.9375,-39.3125,32.25,18.3125,-39.75,-0.1179,-0.0912,0.9888,-0.1954,-0.1048,0.9751,0.3474,-0.3999,8.196,0.4763,-0.3191,8.7366,62.9981906858443
1096013000,3.8584,3.7629,-30.75,14.6562,-39.4062,32.2188,18.0938,-39.8438,-0.1123,-0.0717,0.9911,-0.1882,-0.0824,0.9787,0.3357,-0.4236,8.3301,0.4409,-0.3364,8.5318,63.064081385206904
1101018000,3.8621,3.7335,-30.8125,14.9688,-39.3438,32.125,18.2812,-39.625,-0.1034,-0.0902,0.9905,-0.1878,-0.1009,0.977,0.3679,-0.4011,8.4368,0.4624,-0.3142,8.5266,63.025232831382695
1106010000,3.761,3.671,-30.7812,15.0625,-39.2188,32.125,18.5,-39.5625,-0.1013,-0.1038,0.9894,-0.198,-0.1145,0.9735,0.3789,-0.3867,8.3986,0.4937,-0.3003,8.7238,63.00098836034241
1111010000,3.7629,3.7813,-30.9688,14.9688,-39.4062,31.9531,18.4062,-39.875,-0.0956,-0.097,0.9907,-0.1705,-0.1077,0.9795,0.3867,-0.3967,8.5967,0.4812,-0.292,8.4924,63.01746576791231
1116010000,3.829,3.7261,-30.6875,14.9375,-39.1875,32.2188,18.375,-39.7188,-0.1063,-0.0902,0.9902,-0.1916,-0.1019,0.9762,0.3633,-0.3945,8.3121,0.4919,-0.2981,8.6804,63.00239095169326
1121010000,3.8437,3.6673,-30.8125,14.9375,-39.4375,32.125,18.375,-39.6875,-0.1199,-0.0873,0.9889,-0.1965,-0.099,0.9755,0.3728,-0.4055,8.5399,0.4983,-0.3066,8.846,63.03180000999495
1126010000,3.8143,3.4818,-30.9062,14.8438,-39.375,32.0625,18.1875,-39.5625,-0.1123,-0.0727,0.991,-0.2044,-0.0834,0.9753,0.3535,-0.4128,8.4077,0.4473,-0.3435,8.6811,63.05769315182724
1131010000,3.6802,3.4303,-31.0,14.8125,-39.375,31.9375,18.1875,-39.7188,-0.1017,-0.0591,0.9931,-0.1989,-0.0698,0.9775,0.3467,-0.4153,8.3592,0.4524,-0.3389,8.6871,63.028864258290426
1136013000,3.7408,3.4836,-31.0,14.7188,-39.4375,31.9062,18.125,-39.625,-0.1075,-0.0591,0.9924,-0.2046,-0.0717,0.9762,0.3337,-0.4287,8.3657,0.4507,-0.3533,8.8274,62.99862977184504
1141010000,3.6894,3.4763,-30.9062,14.6562,-39.5,32.0,18.125,-39.5625,-0.1221,-0.0513,0.9912,-0.2123,-0.0639,0.9751,0.3362,-0.4297,8.4036,0.4575,-0.3491,8.858,63.00179741983557
1146010000,3.6931,3.4946,-30.9062,14.75,-39.25,32.0625,18.125,-39.375,-0.1066,-0.0561,0.9927,-0.2151,-0.0668,0.9743,0.3352,-0.4209,8.2948,0.4492,-0.3452,8.7218,63.05920574896262
1151010000,3.7316,3.4983,-30.9688,14.6562,-39.25,31.9688,18.1562,-39.375,-0.1076,-0.0483,0.993,-0.2095,-0.0591,0.976,0.3315,-0.4343,8.4041,0.4487,-0.3401,8.6596,63.0349674288803
1156010000,3.7482,3.4836,-30.9375,14.8438,-39.4062,32.0,18.2812,-39.375,-0.1152,-0.0659,0.9912,-0.2102,-0.0766,0.9747,0.3523,-0.4172,8.4431,0.4707,-0.3313,8.8085,63.03130649486809
1161013000,3.7739,3.4946,-30.9688,14.9375,-39.4062,31.9531,18.4062,-39.5625,-0.1122,-0.0746,0.9909,-0.1967,-0.0873,0.9766,0.375,-0.4092,8.6051,0.4807,-0.3154,8.7455,63.01763093761936
1166135000,3.6894,3.4818,-30.9375,14.7188,-39.3438,32.0,18.125,-39.6562,-0.1095,-0.0561,0.9924,-0.2027,-0.0668,0.977,0.3394,-0.4253,8.3897,0.4648,-0.3416,8.8562,63.03037917107908
1171135000,3.7298,3.4983,-30.9375,14.6562,-39.3125,32.0,18.0938,-39.25,-0.1124,-0.0483,0.9925,-0.2133,-0.0591,0.9752,0.3352,-0.4275,8.3683,0.4375,-0.343,8.5665,63.03134066684604
1176135000,3.7702,3.4836,-30.75,14.9688,-39.25,32.1875,18.375,-39.5,-0.1259,-0.0668,0.9898,-0.212,-0.0795,0.974,0.3596,-0.4055,8.3937,0.4961,-0.314,8.9021,63.030100782800595
1181135000,3.6931,3.366,-31.0625,14.7188,-39.3438,31.875,18.1875,-39.0625,-0.1066,-0.0532,0.9929,-0.2199,-0.0639,0.9734,0.3459,-0.4265,8.4763,0.4561,-0.335,8.6849,63.03364114209174
1186135000,3.7519,3.4799,-30.9062,14.6875,-39.1875,32.0312,18.25,-39.3125,-0.1066,-0.0552,0.9928,-0.2094,-0.0659,0.9756,0.3423,-0.4336,8.5148,0.4688,-0.3291,8.7623,63.03826893253018
1191135000,3.761,3.4064,-30.9375,14.75,-39.375,32.0,18.25,-39.625,-0.1114,-0.062,0.9918,-0.2045,-0.0727,0.9762,0.3447,-0.4216,8.4083,0.4805,-0.3389,9.0018,63.035239400275145
1196138000,3.7335,3.4799,-30.875,14.75,-39.1875,32.0625,18.1562,-39.125,-0.1036,-0.0591,0.9929,-0.2284,-0.0698,0.9711,0.3293,-0.4236,8.2599,0.4473,-0.3447,8.6946,63.0296359734054
1201135000,3.6784,3.4101,-31.0,14.6875,-39.25,31.9531,17.9688,-39.5625,-0.1008,-0.0483,0.9937,-0.1961,-0.0591,0.9788,0.3418,-0.4304,8.4739,0.4316,-0.365,8.7445,63.03933205190233
1206135000,3.7776,3.524,-30.875,14.5312,-39.4375,32.0625,18.0625,-39.375,-0.125,-0.0444,0.9912,-0.2152,-0.0561,0.9749,0.3279,-0.4412,8.44,0.448,-0.3567,8.8353,63.03652030521672
1211145000,3.7776,3.5828,-31.0625,14.4062,-39.4688,31.875,17.9375,-39.8125,-0.1018,-0.0347,0.9942,-0.1838,-0.0454,0.9819,0.3215,-0.4624,8.6075,0.4312,-0.3718,8.8149,63.03742630874138
1216136000,3.7225,3.491,-31.0,14.7188,-39.4375,31.8906,18.1562,-39.5312,-0.1075,-0.0591,0.9924,-0.1998,-0.0698,0.9773,0.3477,-0.4253,8.4816,0.4529,-0.3435,8.7439,62.98453831544691
1221136000,3.818,3.4781,-30.9375,14.7188,-39.5625,32.0,18.25,-39.5312,-0.1153,-0.0503,0.9921,-0.2028,-0.062,0.9773,0.3447,-0.4287,8.4873,0.4617,-0.3291,8.683,63.0364914900885
1226136000,3.8364,3.6049,-30.8125,14.9688,-39.4375,32.1562,18.1562,-39.8438,-0.1232,-0.0337,0.9918,-0.2049,-0.0454,0.9777,0.3552,-0.387,8.1386,0.4092,-0.3589,8.4264,63.05062868949048
1231142000,3.829,3.6545,-30.875,14.8125,-39.5625,32.0938,18.1875,-40.0312,-0.1067,0.0181,0.9941,-0.1946,0.0054,0.9809,0.3391,-0.4507,8.6707,0.4067,-0.375,8.5779,63.06092354326885
1236136000,3.7996,3.6673,-31.0,14.5625,-39.4375,32.0,17.625,-40.125,-0.0869,0.099,0.9913,-0.1881,0.0883,0.9782,0.2734,-0.4929,8.4197,0.3269,-0.46,8.6395,63.07813854656778
1241136000,3.9025,3.6967,-31.2188,14.0312,-39.75,31.7969,17.1875,-40.0,-0.0811,0.1773,0.9808,-0.1814,0.1677,0.969,0.1971,-0.5688,8.4398,0.2039,-0.5068,7.8122,63.095191387141384
1246136000,3.9319,3.807,-31.0938,13.6875,-39.6875,31.875,16.8125,-40.1875,-0.0725,0.2375,0.9687,-0.1718,0.2261,0.9589,0.1066,-0.6162,7.9898,0.1098,-0.5703,7.5014,63.048278314637585
1251143000,3.8511,3.7261,-31.0625,13.5625,-40.0,31.9375,16.4375,-40.0,-0.0763,0.2827,0.9562,-0.1725,0.2705,0.9471,0.0759,-0.6548,8.0971,0.054,-0.6626,7.9473,63.06556608007257
1256141000,3.829,3.7537,-31.0625,14.0312,-39.8125,31.9375,17.0,-40.0,-0.056,0.262,0.9634,-0.166,0.2517,0.9535,0.0904,-0.6177,7.8293,0.0746,-0.6001,7.4561,63.07019049987086
1261136000,3.8584,3.8143,-31.4062,13.875,-39.9375,31.5625,16.8125,-40.0938,-0.0286,0.2808,0.9593,-0.1363,0.2705,0.953,0.0658,-0.6812,8.2904,0.0492,-0.6465,7.7098,63.03737395886665
1266136000,3.7298,3.6545,-31.375,14.0312,-39.6562,31.5938,16.9062,-39.75,-0.0202,0.2686,0.963,-0.1527,0.2583,0.9539,0.064,-0.6592,8.0178,0.0599,-0.6138,7.4521,63.034468323925765
1271136000,3.818,3.7849,-31.7188,14.1875,-39.75,31.2812,17.0625,-40.1562,-0.0052,0.2564,0.9666,-0.1035,0.245,0.964,0.1022,-0.6328,8.1312,0.0764,-0.5898,7.3592,63.066874216501326
1276136000,3.807,3.8841,-31.5,14.125,-39.75,31.5312,17.0,-40.25,-0.0278,0.2573,0.9659,-0.1213,0.246,0.9617,0.1049,-0.6318,8.15,0.0746,-0.6089,7.5571,63.09871471305893
1281146000,3.7776,3.7702,-31.4062,14.0625,-39.5938,31.5781,17.0,-40.1875,-0.0288,0.2602,0.9651,-0.1081,0.2488,0.9625,0.0904,-0.6377,8.0586,0.0687,-0.6138,7.5477,63.055558299249086
1286136000,3.6747,3.6857,-31.375,14.0625,-39.4688,31.6406,16.875,-39.7812,-0.0306,0.2667,0.9633,-0.1444,0.2554,0.956,0.0931,-0.6367,8.0767,0.0562,-0.6279,7.5742,63.0791058383836
1291136000,3.6857,3.818,-31.2812,13.9062,-39.25,31.7031,16.8438,-40.1875,-0.0258,0.2799,0.9597,-0.1187,0.2677,0.9562,0.054,-0.6758,8.1003,0.0517,-0.6426,7.6926,63.059737126791134
1296261000,3.7702,3.807,-31.375,14.0,-39.3125,31.625,16.9375,-39.8438,-0.025,0.263,0.9645,-0.1221,0.2517,0.9601,0.0773,-0.6538,8.1005,0.0598,-0.6162,7.479,63.07068404528367
1301262000,3.6931,3.6802,-31.2812,13.875,-39.4375,31.7031,16.75,-39.625,-0.0352,0.279,0.9597,-0.1485,0.2686,0.9517,0.063,-0.6621,8.0402,0.0482,-0.6426,7.6543,63.05016120312461
1306276000,3.7574,3.6085,-31.5625,13.875,-39.4375,31.4219,16.8125,-39.6875,-0.0183,0.2771,0.9607,-0.1291,0.2649,0.9556,0.0657,-0.6743,8.2102,0.0541,-0.6377,7.6632,63.05335874963363
1311262000,3.682,3.6508,-31.625,14.125,-39.4062,31.375,17.0625,-40.0312,-0.008,0.2498,0.9683,-0.1093,0.2393,0.9648,0.1002,-0.6484,8.2885,0.085,-0.5942,7.5032,63.071542959166614
1316264000,3.6986,3.603,-31.5625,13.7812,-39.0938,31.4062,16.75,-39.5625,-0.0098,0.2827,0.9592,-0.1279,0.2724,0.9537,0.0441,-0.6885,8.1388,0.0536,-0.626,7.5225,63.040388901243304
1321262000,3.6839,3.6802,-31.375,14.0312,-39.0625,31.5938,16.9375,-40.0312,-0.0203,0.263,0.9646,-0.1267,0.2526,0.9592,0.0635,-0.6489,7.8946,0.0723,-0.6035,7.4705,63.04327666627108
1326261000,3.7169,3.7776,-31.2812,14.125,-39.0312,31.7188,17.0,-39.9375,-0.0203,0.2583,0.9659,-0.1297,0.2479,0.9601,0.0734,-0.6367,7.8623,0.0778,-0.6138,7.6475,63.07207785296121
1331262000,3.682,3.6141,-31.6875,14.0,-39.0625,31.3125,16.8125,-39.8125,0.0052,0.2733,0.9619,-0.1002,0.263,0.9596,0.0721,-0.665,8.1738,0.0634,-0.6401,7.7923,63.06720745561833
1336262000,3.7427,3.7996,-31.375,14.0938,-39.2188,31.625,17.0,-39.5625,-0.026,0.2564,0.9662,-0.1504,0.246,0.9575,0.0862,-0.624,7.8567,0.0792,-0.6113,7.6349,63.06793264512481
1341262000,3.75,3.8511,-31.4062,14.0,-38.9375,31.5625,16.8438,-39.4375,-0.0146,0.2714,0.9623,-0.1367,0.2611,0.9556,0.0624,-0.6382,7.7589,0.0578,-0.623,7.5353,63.03486636878038
1346269000,3.7574,3.6269,-31.0938,14.125,-39.0625,31.8594,17.1875,-39.6562,-0.0431,0.2441,0.9688,-0.1658,0.2346,0.9578,0.0734,-0.6118,7.5773,0.1079,-0.5879,7.6807,63.03044324911574
1351262000,3.8584,3.8107,-31.25,14.0,-39.0625,31.7188,16.9375,-40.0,-0.0156,0.2602,0.9654,-0.1418,0.2498,0.9579,0.0654,-0.6494,7.9202,0.0964,-0.6294,8.0287,63.04425101418844
1356266000,3.7574,3.7298,-31.4062,14.1875,-39.25,31.5469,17.1875,-39.8125,-0.0119,0.2403,0.9706,-0.135,0.2299,0.9638,0.0981,-0.6138,7.8693,0.121,-0.5874,7.8177,63.02705138160915
1361262000,3.7463,3.671,-31.25,14.1875,-39.0312,31.7188,17.3125,-39.625,-0.0261,0.2403,0.9703,-0.1482,0.2289,0.9621,0.0892,-0.6157,7.7937,0.1337,-0.5869,7.9508,63.04909195920271
1366262000,3.6453,3.7629,-31.4062,14.2188,-38.9062,31.5938,17.125,-39.6562,-0.0081,0.2403,0.9707,-0.1359,0.2318,0.9632,0.0944,-0.6221,7.9236,0.1044,-0.6094,7.887,63.07145549644466
1371262000,3.6398,3.7372,-31.2188,14.125,-38.9062,31.75,17.125,-40.125,-0.0175,0.2422,0.9701,-0.133,0.2327,0.9634,0.0867,-0.6255,7.8781,0.122,-0.6074,8.0573,63.05200430501793
1376262000,3.7923,3.8217,-31.1875,14.0312,-38.9375,31.8125,17.0625,-39.8125,-0.0383,0.2526,0.9668,-0.1534,0.2412,0.9583,0.0754,-0.6304,7.8109,0.105,-0.6089,7.8881,63.078953738073366
1381262000,3.7813,3.7592,-31.4062,14.0625,-39.0625,31.5625,17.0625,-39.9688,-0.0184,0.2507,0.9679,-0.1244,0.2384,0.9632,0.0865,-0.6514,8.1736,0.1034,-0.6123,7.9098,63.04663797047389
1386270000,3.7298,3.7298,-31.2812,14.3438,-39.0312,31.7031,17.1562,-39.6562,-0.0157,0.2346,0.972,-0.1568,0.2251,0.9616,0.1118,-0.6118,7.9962,0.1146,-0.6016,7.9098,63.05015674246972
1391262000,3.7666,3.7335,-31.375,14.1875,-39.1875,31.5938,17.125,-40.0,-0.0251,0.2403,0.9704,-0.1275,0.2299,0.9648,0.0994,-0.6167,7.9168,0.113,-0.5952,7.8194,63.04251609778912
1396275000,3.7592,3.6949,-31.375,14.0625,-39.125,31.5781,17.125,-39.7188,-0.0222,0.2488,0.9683,-0.1347,0.2384,0.9618,0.0726,-0.6426,7.9202,0.1195,-0.5986,7.9297,63.03034431367165
1401262000,3.7537,3.8107,-31.2188,13.8125,-39.0,31.7812,16.9375,-39.75,-0.0288,0.2602,0.9651,-0.1577,0.2498,0.9554,0.0549,-0.6602,7.9295,0.0997,-0.6274,8.043,63.0819159902424
1406269000,3.7537,3.7445,-31.0938,14.0,-38.5625,31.8594,17.0,-39.8438,-0.0184,0.263,0.9646,-0.1445,0.2526,0.9567,0.0488,-0.6382,7.6102,0.1045,-0.6182,7.9888,63.037664296276084
1411271000,3.7078,3.9393,-31.2812,14.0938,-39.25,31.7188,17.125,-40.375,-0.028,0.2393,0.9705,-0.1218,0.2289,0.9658,0.0973,-0.6333,8.0835,0.1364,-0.5996,8.1248,63.08291209543199
1416268000,3.7537,3.7408,-31.3125,14.0625,-39.0312,31.6406,17.1562,-39.9375,-0.0175,0.2422,0.9701,-0.1321,0.2318,0.9638,0.0875,-0.6323,7.9651,0.1379,-0.5942,8.081,63.03558644916377
1421262000,3.6802,3.6416,-31.2812,14.1875,-38.875,31.6875,17.3125,-39.8125,-0.0147,0.2412,0.9704,-0.1321,0.2308,0.964,0.0889,-0.6211,7.8525,0.1228,-0.5654,7.588,63.053165748755234
1426262000,3.7133,3.8952,-31.2188,14.125,-38.8438,31.7812,17.1562,-39.8125,-0.0204,0.2393,0.9707,-0.1331,0.2289,0.9643,0.087,-0.6221,7.843,0.1088,-0.6079,7.9189,63.08031827067774
1431388000,3.7004,3.5847,-31.5312,14.0938,-39.1875,31.4688,17.1875,-39.9375,-0.0071,0.2431,0.97,-0.1123,0.2327,0.966,0.0845,-0.6343,7.9548,0.1272,-0.5815,7.8191,63.08037317335718
1436274000,3.7408,3.6526,-31.4375,13.9062,-39.2188,31.5625,17.0625,-40.1875,-0.0185,0.2479,0.9686,-0.1122,0.2375,0.9649,0.0723,-0.6577,8.0908,0.1353,-0.6069,8.1964,63.0864534538121
1441390000,3.6949,3.7923,-31.5312,14.5625,-38.875,31.4375,17.5312,-40.125,0.0091,0.2108,0.9775,-0.1027,0.2003,0.9743,0.1353,-0.584,7.9348,0.1691,-0.5366,7.7673,63.05103376932055
1446388000,3.7353,3.6967,-31.25,14.0,-39.0,31.7031,17.125,-39.9062,-0.0156,0.2441,0.9696,-0.1321,0.2337,0.9633,0.0663,-0.6396,7.8187,0.1075,-0.6025,7.843,63.03712892454732
1451388000,3.7188,3.7886,-31.375,14.125,-39.0,31.5938,17.25,-40.0625,-0.0071,0.2327,0.9725,-0.1258,0.2232,0.9666,0.0914,-0.6294,7.9741,0.1334,-0.5835,7.9093,63.055248034481636
1456392000,3.6159,3.6453,-31.375,14.2188,-38.875,31.5938,17.1562,-39.9375,0.0005,0.2308,0.973,-0.123,0.2213,0.9674,0.0848,-0.6074,7.6509,0.1279,-0.5918,7.9438,63.04622905812845
1461388000,3.6269,3.7298,-31.2188,14.4062,-38.9375,31.7812,17.4375,-39.8125,-0.0205,0.2175,0.9758,-0.1329,0.207,0.9693,0.1146,-0.5908,7.7873,0.1569,-0.5605,7.9048,63.078953738073366
1466392000,3.7629,3.6967,-31.375,14.125,-39.0625,31.6406,17.0625,-40.1875,-0.0147,0.2422,0.9701,-0.1039,0.2308,0.9674,0.0975,-0.6191,7.9234,0.1133,-0.6128,8.0234,63.09405974107229
1471388000,3.592,3.7096,-31.0938,14.3125,-38.875,31.8906,17.375,-39.8438,-0.0233,0.2289,0.9732,-0.1439,0.2175,0.9654,0.0997,-0.5981,7.7076,0.1376,-0.5786,7.8991,63.06625185509283
1476397000,3.7316,3.6049,-31.5312,14.125,-39.0625,31.4375,17.1875,-39.5,0.0014,0.2356,0.9719,-0.1295,0.2251,0.9657,0.0929,-0.6309,8.0076,0.1159,-0.5894,7.7847,63.04464681628409
1481388000,3.649,3.5791,-31.4062,14.0625,-38.8438,31.5625,17.0625,-39.875,-0.0043,0.2469,0.969,-0.1122,0.2356,0.9654,0.0763,-0.6294,7.8096,0.0985,-0.605,7.7729,63.04855710585294
1486388000,3.6802,3.7225,-31.4062,14.0625,-39.0,31.5625,17.1875,-40.0938,-0.0052,0.2384,0.9712,-0.1039,0.227,0.9683,0.081,-0.6357,7.9337,0.1189,-0.5781,7.6895,63.055683353128444
1491388000,3.6857,3.829,-31.0938,14.0312,-38.9062,31.8906,17.0312,-39.625,-0.0251,0.245,0.9692,-0.1583,0.2356,0.9589,0.0703,-0.6294,7.7437,0.0878,-0.6299,7.9411,63.05990260696571
1496388000,3.6012,3.6251,-31.4375,14.125,-38.9375,31.5469,17.1562,-40.1875,-0.0024,0.2346,0.9721,-0.1012,0.2232,0.9695,0.0905,-0.6318,7.9928,0.1449,-0.5894,8.1014,63.06968619550917
1501397000,3.6306,3.5387,-31.5,14.3125,-38.8125,31.5,17.25,-39.8438,0.0081,0.227,0.9739,-0.1203,0.2175,0.9686,0.0988,-0.6138,7.8759,0.1405,-0.5776,7.92,63.076877585530504
1506388000,3.5865,3.6729,-31.1875,14.0625,-38.8125,31.8125,17.125,-40.0,-0.0185,0.2393,0.9708,-0.1303,0.2299,0.9645,0.0722,-0.6338,7.8154,0.1211,-0.6089,8.064,63.08556936812095
1511388000,3.5902,3.7188,-31.25,14.2188,-39.0938,31.7188,17.125,-40.0,-0.0252,0.2356,0.9715,-0.1295,0.2251,0.9657,0.1066,-0.605,7.8615,0.119,-0.605,7.9968,63.042342677917674
1516388000,3.603,3.7519,-31.2812,14.0938,-38.875,31.7031,17.1875,-39.8125,-0.0175,0.2393,0.9708,-0.1256,0.2289,0.9653,0.0729,-0.6216,7.6836,0.119,-0.6025,7.9689,63.06720171713662
1521388000,3.5332,3.7739,-31.25,14.3125,-38.8438,31.7188,17.2188,-39.8438,-0.0176,0.2289,0.9733,-0.125,0.2184,0.9678,0.1027,-0.5967,7.7242,0.1384,-0.5864,7.9973,63.043765378743046
1526388000,3.7151,3.6435,-31.2188,14.0938,-38.9375,31.75,17.125,-39.9062,-0.0204,0.2403,0.9705,-0.1322,0.2299,0.9642,0.0797,-0.6182,7.7177,0.1298,-0.5967,8.0194,63.04915801634468
1531388000,3.5387,3.5645,-31.5,14.3125,-39.0938,31.5,17.3125,-40.125,0.0005,0.2213,0.9752,-0.1015,0.2108,0.9722,0.1094,-0.6152,8.0086,0.1469,-0.5664,7.8618,63.07981748102954
1536388000,3.5608,3.4891,-31.2812,14.4375,-39.0938,31.7031,17.5,-39.9375,-0.0253,0.2079,0.9778,-0.1237,0.1974,0.9725,0.1261,-0.5913,7.9182,0.1522,-0.5552,7.7931,63.06435429329313
1541395000,3.4487,3.6012,-31.125,14.2188,-38.9375,31.8438,17.1562,-39.75,-0.0043,0.2393,0.9709,-0.1294,0.2289,0.9648,0.0989,-0.6025,7.749,0.0995,-0.5977,7.7007,63.042511438314385
1546388000,3.4983,3.5167,-31.5,14.4375,-39.125,31.5,17.2188,-40.25,0.0243,0.2194,0.9753,-0.0749,0.2108,0.9747,0.1268,-0.5913,7.9262,0.1292,-0.562,7.6185,63.07139807147135
1551389000,3.491,3.5424,-31.4062,13.875,-38.9375,31.5625,17.0,-39.6875,0.0118,0.2611,0.9652,-0.0901,0.2526,0.9634,0.0687,-0.6514,7.9785,0.072,-0.6006,7.4337,63.05065665550201
1556389000,3.5424,3.6141,-31.2812,14.2188,-39.25,31.6875,17.25,-39.9062,-0.0071,0.2289,0.9734,-0.0985,0.2175,0.9711,0.1266,-0.6084,8.1185,0.1106,-0.562,7.4159,63.045031141002696
1561400000,3.4983,3.6122,-31.5312,14.1875,-39.1875,31.4844,17.1562,-40.125,0.0166,0.2365,0.9715,-0.0784,0.227,0.9707,0.1226,-0.6182,8.1867,0.1085,-0.5859,7.6651,63.092455407124554
1566514000,3.5277,3.5718,-31.5625,14.3125,-39.125,31.4375,17.25,-40.1875,0.0233,0.2261,0.9738,-0.0681,0.2165,0.9739,0.123,-0.6011,7.9955,0.1366,-0.5649,7.7331,63.0773954162662
1571514000,3.5295,3.5167,-31.5938,14.2188,-39.25,31.375,17.3125,-40.125,0.0204,0.2308,0.9728,-0.0652,0.2213,0.973,0.1266,-0.6094,8.1296,0.1204,-0.5586,7.4844,63.05082377043142
1576514000,3.4652,3.4138,-31.5,14.25,-39.1875,31.5312,17.25,-39.9375,0.0109,0.2289,0.9734,-0.089,0.2184,0.9718,0.1212,-0.6069,8.0431,0.1066,-0.5664,7.4224,63.107009701300214
1581514000,3.5093,3.6931,-31.4375,14.4062,-39.2812,31.5625,17.5312,-40.4375,0.0081,0.2146,0.9767,-0.0712,0.2041,0.9764,0.1458,-0.5864,8.0774,0.1621,-0.5278,7.5919,63.08805477021779
1586523000,3.4395,3.6435,-31.75,14.3125,-39.0938,31.25,17.375,-40.1875,0.0442,0.2232,0.9738,-0.0567,0.2146,0.975,0.1342,-0.6001,8.1064,0.1387,-0.5522,7.6118,63.08387342213539
1591514000,3.4542,3.4854,-31.5312,14.25,-39.125,31.4688,17.2188,-40.0,0.0252,0.2308,0.9727,-0.0757,0.2203,0.9725,0.1248,-0.6138,8.1605,0.1143,-0.5615,7.451,63.075981153209185
1596514000,3.4671,3.5847,-31.375,14.2188,-39.0,31.625,17.25,-40.0312,0.01,0.2318,0.9727,-0.0946,0.2213,0.9706,0.117,-0.5996,7.9135,0.1205,-0.5698,7.6125,63.081309013684866
1601527000,3.4873,3.4505,-31.375,14.125,-39.125,31.625,17.125,-39.9062,0.0005,0.2403,0.9707,-0.0916,0.2308,0.9687,0.1091,-0.6167,8.022,0.1061,-0.5879,7.6607,63.07622589724277
1606517000,3.4854,3.5038,-31.4375,14.375,-39.3125,31.5625,17.3438,-40.125,0.0071,0.2194,0.9756,-0.0834,0.2098,0.9742,0.1428,-0.5986,8.1844,0.1396,-0.564,7.7554,63.0751451024094
1611514000,3.4358,3.5461,-31.4062,14.1875,-39.25,31.5625,17.2188,-40.0625,0.0024,0.2308,0.973,-0.088,0.2203,0.9714,0.123,-0.6001,7.9844,0.124,-0.5718,7.6734,63.046856508711045
1616514000,3.4248,3.423,-31.5312,14.5625,-39.2812,31.4375,17.625,-40.25,0.0177,0.1993,0.9798,-0.0752,0.1888,0.9791,0.1716,-0.5767,8.2493,0.1707,-0.5151,7.5421,63.050572236737075
1621514000,3.4413,3.6141,-31.5625,14.25,-39.2188,31.4062,17.375,-40.0938,0.0214,0.2241,0.9743,-0.07,0.2146,0.9742,0.125,-0.6226,8.263,0.1417,-0.5547,7.6728,63.05226744289217
1626514000,3.3403,3.3862,-31.5312,14.25,-38.8125,31.4375,17.4375,-39.9375,0.0376,0.2213,0.9745,-0.0805,0.2137,0.9736,0.1123,-0.6157,8.0462,0.1418,-0.541,7.5194,63.0593606131556
1631514000,3.4763,3.4211,-31.375,14.25,-39.2812,31.5938,17.4688,-39.875,-0.0071,0.2213,0.9752,-0.1024,0.2108,0.9721,0.1292,-0.6045,8.1019,0.1522,-0.5542,7.7821,63.05381071212112
1636514000,3.4432,3.5112,-31.5938,14.25,-39.25,31.3906,17.2188,-39.8438,0.0185,0.2261,0.9739,-0.0881,0.2165,0.9723,0.1368,-0.6089,8.2361,0.116,-0.5767,7.6415,63.05712501565545
1641514000,3.4928,3.5755,-31.5625,13.9062,-39.0625,31.4375,16.9062,-40.25,0.0203,0.2554,0.9666,-0.0639,0.2441,0.9676,0.0889,-0.647,8.1491,0.0798,-0.6011,7.5239,63.08256618313811
1646515000,3.3513,3.5975,-31.4062,14.25,-39.0625,31.5469,17.375,-39.875,0.01,0.2251,0.9743,-0.0881,0.2156,0.9725,0.1232,-0.603,8.0205,0.1254,-0.5527,7.472,63.0358515517955
1651515000,3.4358,3.4946,-31.2188,14.25,-39.1562,31.7812,17.3125,-40.125,-0.0157,0.2308,0.9729,-0.0985,0.2184,0.9709,0.1227,-0.5957,7.931,0.1288,-0.5688,7.6921,63.08183161331002
1656531000,3.4358,3.3844,-31.375,14.25,-39.0938,31.6406,17.1562,-40.0625,0.0052,0.2318,0.9728,-0.088,0.2222,0.971,0.1273,-0.5986,8.015,0.1118,-0.582,7.6566,63.09001681320112
1661515000,3.377,3.4707,-31.5312,14.25,-39.0,31.4688,17.2188,-39.9062,0.0204,0.2308,0.9728,-0.0832,0.2213,0.9716,0.1181,-0.6016,7.9478,0.1184,-0.5693,7.5843,63.07642167941996
1666515000,3.355,3.4818,-31.5938,14.0312,-39.125,31.375,17.1875,-39.75,0.0213,0.2403,0.9705,-0.0811,0.2318,0.9694,0.0992,-0.6323,8.0936,0.0958,-0.5674,7.315,63.05095263459546
1671515000,3.3936,3.5332,-31.4375,14.25,-39.0625,31.5312,17.1875,-39.8125,0.0081,0.2289,0.9734,-0.0833,0.2184,0.9723,0.1164,-0.6094,8.0183,0.121,-0.5771,7.7011,63.041641681828054
1676515000,3.3697,3.3936,-31.5625,14.25,-39.2812,31.4062,17.3125,-39.8125,0.009,0.2222,0.9749,-0.0806,0.2118,0.974,0.1237,-0.5996,7.9868,0.1218,-0.5566,7.4776,63.045367519192084
1681515000,3.3862,3.4138,-31.2188,14.1875,-39.125,31.7812,17.1562,-39.5625,-0.0119,0.2318,0.9727,-0.1202,0.2213,0.9678,0.1228,-0.6006,7.988,0.1005,-0.5874,7.5945,63.07142448002899
1686515000,3.4505,3.5057,-31.5,14.3125,-39.375,31.5,17.3438,-39.8125,-0.0014,0.2213,0.9752,-0.0891,0.2108,0.9735,0.14,-0.5986,8.1537,0.1208,-0.5698,7.6159,63.0744019863843
1691515000,3.3844,3.5351,-31.375,14.25,-38.9688,31.5781,17.3125,-39.7188,0.009,0.227,0.9739,-0.0985,0.2165,0.9713,0.1149,-0.6035,7.9354,0.1162,-0.5605,7.4606,63.03200937507863
1696515000,3.4358,3.5038,-31.4062,14.625,-39.25,31.5625,17.75,-40.125,0.0024,0.1955,0.9807,-0.0753,0.184,0.98,0.1722,-0.564,8.1118,0.1829,-0.5078,7.5932,63.05226744289217
1701515000,3.3532,3.4028,-31.375,14.0625,-39.1875,31.625,17.0625,-39.75,-0.0043,0.2393,0.9709,-0.0992,0.2289,0.9684,0.1096,-0.6221,8.0895,0.0972,-0.6011,7.7137,63.073896393436804
1706522000,3.3697,3.5112,-31.5312,14.3438,-39.0625,31.4688,17.3438,-40.1875,0.0195,0.2213,0.975,-0.0653,0.2108,0.9753,0.1252,-0.5933,7.9311,0.137,-0.5527,7.5987,63.08142060068083
1711640000,3.3899,3.5663,-31.5625,14.4062,-39.0625,31.4375,17.4375,-39.8125,0.0186,0.2089,0.9778,-0.0779,0.1974,0.9772,0.1324,-0.5938,8.0154,0.1265,-0.5386,7.3237,63.077343632163206
1716640000,3.3697,3.4175,-31.375,14.25,-39.0625,31.625,17.1875,-40.0625,0.0128,0.2251,0.9743,-0.0815,0.2137,0.9735,0.1204,-0.5986,7.9397,0.1235,-0.5786,7.7451,63.07637359780602
1721640000,3.3954,3.6251,-31.125,14.375,-39.0625,31.8438,17.3438,-39.75,-0.0148,0.2146,0.9766,-0.1121,0.2032,0.9727,0.1387,-0.583,7.9611,0.1499,-0.5625,7.8508,63.04249521656008
1726640000,3.366,3.4175,-31.5,14.0625,-39.0312,31.5,16.9375,-39.9375,0.0156,0.245,0.9694,-0.0782,0.2346,0.9689,0.0958,-0.6245,7.9662,0.096,-0.605,7.7456,63.07207785296121
1731640000,3.3899,3.3532,-31.5312,14.3125,-39.25,31.4844,17.3125,-39.75,0.0052,0.2203,0.9754,-0.0892,0.2089,0.9739,0.1453,-0.5918,8.1332,0.146,-0.5537,7.7085,63.088951832789235
1736640000,3.4064,3.3623,-31.25,14.25,-39.25,31.7031,17.3125,-39.7812,-0.0129,0.2232,0.9747,-0.1053,0.2118,0.9716,0.1329,-0.5962,8.0485,0.1252,-0.562,7.5758,63.02978565170597
1741640000,3.355,3.57,-31.5312,14.25,-39.0625,31.4375,17.2188,-39.9375,0.0157,0.2232,0.9746,-0.0919,0.2127,0.9728,0.1207,-0.5952,7.9041,0.1235,-0.5591,7.5233,63.04471887581069
1746640000,3.366,3.4322,-31.4375,14.0938,-39.125,31.5469,17.1562,-39.9062,0.0071,0.2403,0.9707,-0.0812,0.2308,0.9696,0.1145,-0.6133,8.0423,0.1225,-0.5835,7.7899,63.063644126865995
1751640000,3.3476,3.4763,-31.5312,14.25,-39.0625,31.4375,17.25,-39.8125,0.0195,0.2289,0.9733,-0.0814,0.2184,0.9725,0.1273,-0.6094,8.1376,0.1202,-0.5566,7.4596,63.04458485619522
1756640000,3.2999,3.5498,-31.375,14.5,-38.8125,31.5781,17.5,-39.5938,0.0158,0.2051,0.9786,-0.1027,0.1965,0.9751,0.1281,-0.5781,7.7895,0.1398,-0.5405,7.4912,63.02938385626183
1761640000,3.4487,3.4487,-31.4375,14.1875,-39.0625,31.5625,17.2188,-40.125,0.0109,0.2289,0.9734,-0.0729,0.2165,0.9736,0.1189,-0.5991,7.9286,0.1316,-0.5806,7.8559,63.08183324809132
1766640000,3.3532,3.4616,-31.2812,14.3438,-38.875,31.7031,17.3125,-39.9375,0.009,0.2213,0.9752,-0.092,0.2108,0.9732,0.1217,-0.5801,7.7424,0.1342,-0.5664,7.7231,63.06317572426875
1771647000,3.3476,3.6379,-31.0938,14.2188,-38.6875,31.8906,17.25,-39.9375,0.0005,0.2299,0.9732,-0.1127,0.2194,0.9691,0.1058,-0.603,7.8299,0.1344,-0.5762,7.8367,63.06968619550917
1776641000,3.3807,3.4928,-31.5625,14.0312,-38.9062,31.4062,17.0625,-39.8125,0.0261,0.2412,0.9701,-0.0859,0.2308,0.9692,0.0901,-0.6318,7.9888,0.0877,-0.5903,7.488,63.0481350958932
1781641000,3.2833,3.3587,-31.5625,14.1875,-39.0938,31.4062,17.25,-39.875,0.0157,0.2289,0.9733,-0.0748,0.2175,0.9732,0.1226,-0.6069,8.0584,0.1228,-0.5625,7.5547,63.04796871731872
1786650000,3.3182,3.3679,-31.5,14.0625,-38.8125,31.5312,16.9375,-40.0625,0.0222,0.2441,0.9695,-0.0801,0.2337,0.969,0.0933,-0.6274,7.9731,0.0885,-0.6084,7.7027,63.109114226393636
1791641000,3.344,3.4744,-31.6875,14.3438,-39.0938,31.3125,17.25,-40.0,0.0347,0.2213,0.9746,-0.0625,0.2108,0.9755,0.1367,-0.5913,8.0342,0.1255,-0.5654,7.6173,63.07350629923788
1796641000,3.3017,3.3734,-31.5312,14.0938,-38.6875,31.4688,17.0,-40.0625,0.0289,0.245,0.9691,-0.0726,0.2337,0.9696,0.0819,-0.6162,7.72,0.09,-0.5991,7.6135,63.081983350557394
1801641000,3.3917,3.3917,-31.375,14.0312,-39.1875,31.5938,17.0625,-39.625,-0.0052,0.2403,0.9707,-0.1011,0.2289,0.9682,0.1083,-0.6313,8.181,0.0842,-0.6069,7.6393,63.04323880782142
1806641000,3.3201,3.4965,-31.5312,14.0,-39.0312,31.4375,17.0,-39.9375,0.0137,0.2517,0.9677,-0.0743,0.2403,0.9678,0.0859,-0.6348,7.9764,0.0877,-0.5908,7.4936,63.04663797047389
1811641000,3.3679,3.3734,-31.5312,14.3438,-39.125,31.4375,17.375,-39.8125,0.0167,0.2165,0.9761,-0.0854,0.207,0.9746,0.124,-0.5918,7.9011,0.121,-0.5405,7.2858,63.04536469384565
1816641000,3.377,3.5057,-31.6875,14.5625,-39.0625,31.3281,17.6562,-40.5,0.0377,0.2041,0.9782,-0.0398,0.1936,0.9803,0.141,-0.5767,7.9142,0.1454,-0.5127,7.2383,63.10786978895738
1821641000,3.4101,3.5589,-31.625,14.0312,-38.875,31.3438,16.875,-40.125,0.0572,0.2498,0.9666,-0.0232,0.2412,0.9702,0.0713,-0.6538,8.0352,0.062,-0.5962,7.2745,63.04537629263545
1826641000,3.366,3.4542,-31.5625,14.1875,-38.875,31.4062,17.0625,-40.0312,0.0761,0.246,0.9663,-0.0081,0.2384,0.9711,0.0767,-0.6167,7.6684,0.0786,-0.5742,7.2055,63.044901484021686
1831641000,3.4083,3.2705,-31.5312,14.375,-38.8125,31.4688,17.3125,-39.8438,0.1087,0.227,0.9678,-0.0052,0.2241,0.9745,0.0759,-0.5879,7.3317,0.0916,-0.5322,6.8715,63.076877585530504
1836641000,3.377,3.219,-31.25,14.2188,-38.75,31.7344,17.1562,-40.1562,0.1129,0.2431,0.9634,0.0005,0.2403,0.9707,0.0676,-0.5981,7.3573,0.0757,-0.5718,7.1464,63.06853700982765
1841654000,3.4652,3.276,-31.2812,14.25,-38.9062,31.6562,17.4688,-40.3438,0.123,0.2222,0.9672,0.0262,0.2203,0.9751,0.0795,-0.5889,7.3821,0.1099,-0.5303,7.0493,63.036050684985014
1846766000,3.4322,3.2852,-31.1875,14.1875,-39.0,31.8125,17.2188,-40.5,0.1058,0.228,0.9679,0.01,0.2241,0.9745,0.0772,-0.5923,7.3957,0.0956,-0.5645,7.2797,63.09071864933859
1851766000,3.3734,3.3844,-31.3125,14.125,-38.6875,31.6875,17.0625,-40.3125,0.1339,0.2337,0.9631,0.0128,0.2318,0.9727,0.0592,-0.6006,7.294,0.0718,-0.583,7.2308,63.089377324950675
1856766000,3.4763,3.3679,-31.3125,14.0312,-38.9375,31.6562,17.0,-40.125,0.1195,0.2431,0.9626,0.009,0.2403,0.9707,0.0651,-0.6138,7.509,0.0632,-0.5991,7.3205,63.04983036757514
1861766000,3.3991,3.4432,-31.3125,14.0625,-39.0,31.6406,17.1562,-40.125,0.1158,0.2412,0.9635,0.0185,0.2356,0.9717,0.074,-0.6182,7.6558,0.0778,-0.5869,7.3405,63.03911011665694
1866766000,3.3954,3.4799,-31.4375,14.125,-38.875,31.5312,17.1875,-40.4688,0.132,0.2346,0.9631,0.0442,0.2318,0.9718,0.0771,-0.603,7.5169,0.1006,-0.561,7.2955,63.063272071626606
1871766000,3.4248,3.3421,-31.4062,14.0625,-38.6562,31.5781,17.125,-40.25,0.1337,0.2412,0.9612,0.0289,0.2393,0.9705,0.0507,-0.6187,7.4075,0.0897,-0.5747,7.3322,63.07884868305698
1876766000,3.377,3.456,-31.25,14.375,-38.875,31.7344,17.375,-40.3125,0.1125,0.2251,0.9678,0.0195,0.2203,0.9752,0.101,-0.5801,7.5158,0.1105,-0.5454,7.2264,63.07218919309841
1881766000,3.3146,3.4156,-31.375,14.3438,-39.0625,31.625,17.25,-40.25,0.1164,0.2222,0.968,0.0291,0.2184,0.9754,0.1052,-0.5854,7.6236,0.1,-0.5498,7.1616,63.078174947361944
1886767000,3.377,3.4138,-31.3125,14.0938,-38.75,31.6406,17.0625,-40.0625,0.1177,0.2403,0.9635,0.0128,0.2365,0.9715,0.0636,-0.6152,7.5091,0.0755,-0.5771,7.2048,63.03672449889826
1891767000,3.3329,3.2448,-31.5312,14.0625,-38.9375,31.4688,17.0,-39.75,0.1261,0.2422,0.962,0.009,0.2403,0.9707,0.0612,-0.6182,7.5164,0.0778,-0.5903,7.3801,63.07367963342554
1896767000,3.4322,3.2888,-31.3125,14.2188,-38.875,31.6562,17.0625,-39.875,0.1152,0.2289,0.9666,0.0081,0.2251,0.9743,0.0903,-0.5967,7.5883,0.0794,-0.585,7.3363,63.04081066563151
1901767000,3.355,3.434,-31.5312,14.0312,-38.875,31.4219,16.875,-39.7812,0.1336,0.2431,0.9607,0.0109,0.2412,0.9704,0.0634,-0.6255,7.6238,0.0692,-0.5996,7.3913,63.023814518719824
1906774000,3.3513,3.3789,-31.4375,14.2188,-38.875,31.5312,17.125,-39.8125,0.1237,0.2289,0.9656,0.009,0.2251,0.9743,0.0782,-0.6074,7.579,0.089,-0.5757,7.3353,63.04270048451288
1911767000,3.2833,3.366,-31.375,14.5,-39.0312,31.5938,17.5312,-40.0625,0.1205,0.2079,0.9707,0.0148,0.2051,0.9786,0.1177,-0.5806,7.704,0.1263,-0.521,7.1238,63.05015088459345
1916767000,3.3127,3.4616,-31.5312,14.0,-38.9375,31.4688,16.875,-39.6875,0.1288,0.2479,0.9602,0.0128,0.245,0.9694,0.0599,-0.6362,7.7093,0.0693,-0.603,7.4316,63.07002556682532
1921767000,3.2925,3.3329,-31.375,14.2188,-38.7812,31.625,17.0312,-39.9688,0.1273,0.2337,0.9639,0.0081,0.2318,0.9727,0.0787,-0.6001,7.5014,0.0857,-0.5879,7.4382,63.073924782908506
1926767000,3.3734,3.3899,-31.4062,14.0312,-39.0625,31.5781,16.9375,-39.7812,0.1092,0.2422,0.9641,0.0071,0.2384,0.9711,0.0637,-0.6216,7.5831,0.0716,-0.606,7.4904,63.055413374824525
1931767000,3.3091,3.3715,-31.4375,14.125,-38.8125,31.5312,17.0625,-39.8438,0.1236,0.2337,0.9644,0.0176,0.2308,0.9728,0.07,-0.6143,7.5679,0.0821,-0.5898,7.4212,63.045615752643734
1936779000,3.2944,3.3329,-31.375,13.9375,-39.1875,31.625,16.8125,-39.75,0.1025,0.246,0.9638,0.009,0.2422,0.9702,0.0709,-0.6401,7.8742,0.067,-0.6187,7.5855,63.06807458017091
1941767000,3.3844,3.3623,-31.25,14.25,-38.6875,31.7188,17.1562,-39.9688,0.119,0.2289,0.9661,0.0062,0.2261,0.9741,0.0778,-0.5972,7.4574,0.0993,-0.5679,7.3591,63.048850120918146
1946767000,3.2962,3.4285,-31.375,14.2188,-38.875,31.5781,17.2188,-39.9375,0.1236,0.2318,0.9649,0.0166,0.2299,0.9731,0.0825,-0.5962,7.4982,0.1067,-0.5483,7.2183,63.033496697073694
1951767000,3.3623,3.3715,-31.2188,14.0625,-38.8125,31.7812,17.0625,-39.7812,0.1092,0.2412,0.9643,-0.0119,0.2384,0.9711,0.0554,-0.6279,7.5649,0.0895,-0.5781,7.3684,63.07882671459576
1956767000,3.3421,3.4322,-31.25,14.4375,-39.0312,31.7188,17.4375,-39.9062,0.1083,0.2012,0.9735,0.0091,0.1974,0.9803,0.1099,-0.583,7.6471,0.115,-0.5347,7.1542,63.04629567579685
1961780000,3.3917,3.3329,-31.2812,14.0938,-39.0625,31.6875,17.1562,-39.8438,0.1047,0.2356,0.9662,0.0043,0.2318,0.9728,0.0751,-0.6162,7.6461,0.0985,-0.563,7.2951,63.04796509912116
1966767000,3.2631,3.2888,-31.3125,14.4062,-38.75,31.6406,17.375,-39.875,0.1243,0.2089,0.97,0.01,0.2051,0.9787,0.1014,-0.583,7.5545,0.1218,-0.5342,7.2234,63.03310398552494
1971767000,3.3403,3.434,-31.4062,14.125,-38.9375,31.5625,17.125,-39.9375,0.1217,0.2337,0.9647,0.0166,0.2299,0.9731,0.0762,-0.6162,7.6574,0.0948,-0.5635,7.26,63.04805452739997
1976892000,3.3182,3.4193,-31.4062,14.4062,-38.6875,31.5781,17.2188,-39.8125,0.1316,0.2184,0.9669,0.0062,0.2146,0.9767,0.0928,-0.5903,7.5433,0.0978,-0.5479,7.1155,63.0571042012714
1981893000,3.3182,3.3293,-31.25,14.1875,-38.8438,31.7344,17.1875,-39.7812,0.1134,0.2251,0.9677,0.0024,0.2222,0.975,0.0771,-0.6099,7.5956,0.102,-0.5654,7.3607,63.06277318767388
1986892000,3.2705,3.423,-31.4375,14.1875,-38.8438,31.5625,17.1562,-40.0,0.1312,0.2318,0.9639,0.0271,0.228,0.9733,0.0855,-0.6206,7.8096,0.1195,-0.5659,7.5575,63.080503946385846
1991892000,3.2723,3.3256,-31.5,14.25,-38.7188,31.4844,17.1562,-40.0312,0.138,0.2232,0.965,0.03,0.2213,0.9747,0.0745,-0.604,7.5,0.1045,-0.5713,7.4546,63.06506985297012
1996893000,3.3403,3.4781,-31.4375,14.125,-38.875,31.5625,17.0,-40.125,0.1235,0.2346,0.9642,0.0328,0.2299,0.9727,0.0835,-0.6128,7.6983,0.0855,-0.5942,7.5085,63.07795276481316
2001893000,3.2558,3.3182,-31.2812,14.25,-38.8125,31.6875,17.0625,-39.8125,0.121,0.2261,0.9666,0.0157,0.2222,0.9749,0.0821,-0.6001,7.538,0.0822,-0.5835,7.3502,63.039410973929634
2006893000,3.2723,3.4175,-31.375,14.0938,-38.8125,31.5938,17.0625,-40.125,0.1235,0.2356,0.964,0.0214,0.2308,0.9728,0.0645,-0.6265,7.6469,0.0871,-0.5854,7.4257,63.05240367646582
2011904000,3.3734,3.3348,-31.3125,14.1875,-38.8438,31.6406,17.1562,-39.7812,0.1201,0.2251,0.9669,0.009,0.2213,0.9752,0.0668,-0.6182,7.5773,0.0815,-0.5786,7.2867,63.030030128979
2016893000,3.3274,3.3991,-31.2812,14.0938,-38.7812,31.6875,17.0312,-39.625,0.1148,0.2422,0.9634,-0.0024,0.2393,0.9709,0.0679,-0.626,7.6786,0.0617,-0.6118,7.4495,63.04282272305072
2021893000,3.3329,3.4083,-31.4062,14.1875,-38.625,31.5469,17.125,-39.8125,0.1378,0.2289,0.9636,0.0214,0.2251,0.9741,0.0701,-0.6196,7.6306,0.076,-0.5728,7.1609,63.0327840263303
2026893000,3.3458,3.3936,-31.4375,14.125,-38.9062,31.5469,17.0625,-40.0625,0.1254,0.2346,0.964,0.0176,0.2318,0.9726,0.0639,-0.6143,7.5013,0.0737,-0.5674,7.0739,63.06346469470259
2031896000,3.3127,3.4101,-31.5312,14.375,-38.9375,31.4688,17.4688,-40.25,0.1319,0.2079,0.9692,0.033,0.2051,0.9782,0.1005,-0.5928,7.655,0.1116,-0.5288,7.0507,63.0895732644468
2036894000,3.366,3.3991,-31.875,14.5625,-38.8125,31.1094,17.375,-39.875,0.1597,0.1955,0.9676,0.0398,0.1926,0.9805,0.0983,-0.5762,7.4428,0.0905,-0.5371,6.9147,63.05611553100936
2041893000,3.3954,3.2778,-31.625,14.8438,-38.9062,31.3281,17.6875,-40.0,0.1529,0.1696,0.9736,0.0332,0.1657,0.9856,0.0547,-0.5464,6.6289,0.1267,-0.4744,6.6032,63.02678658903689
2046893000,3.4616,3.5773,-31.8438,14.875,-39.25,31.1094,17.8125,-40.0,0.1571,0.1551,0.9753,0.0372,0.1513,0.9878,0.0562,-0.5327,6.4912,0.1093,-0.458,6.2299,63.026159620351294
2051893000,3.6085,3.4763,-31.6875,14.6562,-39.625,31.3125,17.7812,-39.9375,0.1256,0.1522,0.9803,0.0101,0.1474,0.989,0.0274,-0.5396,6.2541,0.0676,-0.4348,5.5151,63.0782314372399
2056893000,3.5075,3.4634,-31.5625,14.6875,-39.5625,31.4375,17.6562,-40.4375,0.1218,0.1513,0.981,0.0304,0.1484,0.9885,-0.0252,-0.5068,5.3113,0.0151,-0.4487,5.0987,63.075976446583844
2061893000,2.6182,3.151,-31.875,15.3438,-41.1562,31.125,17.875,-40.3438,0.0856,0.1271,0.9882,0.0267,0.1193,0.9925,-0.0319,-0.4436,4.5294,0.0055,-0.4155,4.6237,63.05606209715288
2066893000,2.5466,1.8015,-34.0,17.5,-40.0625,29.0781,19.125,-40.25,0.2485,0.0532,0.9672,0.1646,0.0493,0.9851,-0.1494,-0.1802,0.3365,0.0476,-0.2593,3.3534,63.099306500626454
2071893000,2.6678,1.4019,-33.0938,18.1562,-40.875,29.9062,19.6875,-40.5625,0.1759,0.0668,0.9821,0.0492,0.0551,0.9973,-0.0693,-0.0682,0.0127,-0.1081,-0.165,0.6223,63.01938222436015
2076893000,2.6715,1.6867,-32.5625,17.375,-39.1562,30.4062,19.5312,-41.3438,0.0604,0.1348,0.989,-0.0876,0.1203,0.9889,-0.1521,-0.1743,0.243,-0.1755,-0.1982,0.2486,63.043572010871976
2081895000,2.4676,1.7289,-32.0625,18.7188,-38.6875,30.9062,20.9688,-40.5938,-0.0083,0.0356,0.9993,-0.1145,0.0249,0.9931,-0.0222,-0.0281,0.0642,-0.0395,-0.0453,0.0628,63.03771616564166
2086893000,2.3022,1.5452,-32.3125,18.0625,-39.5312,30.6094,20.5625,-41.625,-0.0229,0.0581,0.998,-0.1598,0.0503,0.9859,-0.0524,-0.0656,0.1441,-0.0857,-0.0991,0.146,63.00634490311273
2091893000,2.3481,1.6775,-31.9375,19.125,-38.25,30.9688,21.25,-38.3125,-0.0444,0.0171,0.9989,-0.1038,0.0102,0.9945,0.0192,0.0183,0.0107,0.0252,0.0139,0.1232,62.94221247255295
2096893000,2.666,1.9843,-31.5625,17.8125,-37.9062,31.3125,20.3125,-38.5,-0.1392,0.0853,0.9866,-0.1806,0.0766,0.9806,-0.0842,-0.0964,0.1326,-0.062,-0.067,0.0551,62.92748384799761
2101893000,2.2067,1.9586,-32.0,17.9688,-37.6562,30.9062,20.2812,-37.5938,-0.0668,0.0093,0.9977,-0.0873,0.0024,0.9962,-0.0716,-0.0784,0.0739,-0.04,-0.047,0.0768,62.948717905609485
2106904000,2.4529,1.7418,-31.7188,18.0938,-37.1875,31.2188,21.1875,-36.9688,-0.1792,-0.0083,0.9838,-0.1628,-0.021,0.9864,-0.0538,-0.0573,0.0387,0.0324,0.0205,0.1298,63.01396911114234
2111899000,2.4326,1.7133,-31.0938,17.3438,-38.0625,31.8594,18.3125,-37.1562,-0.2358,0.1484,0.9604,-0.3663,0.131,0.9212,-0.1181,-0.1384,0.2221,-0.3008,-0.3147,0.1537,62.967175175800925
2117022000,2.3095,1.6444,-31.4062,16.7188,-39.1875,31.5469,18.1875,-39.5938,-0.1318,0.1734,0.976,-0.2764,0.1571,0.9481,-0.1428,-0.1748,0.3498,-0.2791,-0.2976,0.2044,62.971540865616426
2122023000,2.4786,1.7574,-30.9062,16.75,-38.0,32.0312,19.0938,-39.0625,-0.1836,0.0639,0.9809,-0.3499,0.0464,0.9356,-0.1617,-0.1899,0.3086,-0.1786,-0.2064,0.3049,62.98998827948771
2127019000,2.2563,1.9494,-31.0,17.25,-37.5625,31.9062,19.7188,-39.9375,-0.2211,-0.0405,0.9744,-0.3388,-0.0561,0.9392,-0.0819,-0.0917,0.1066,-0.0573,-0.0605,0.0339,62.9994094962802
2132019000,2.5539,1.5213,-31.2188,17.8438,-39.625,31.7812,20.1875,-40.875,-0.1732,-0.0561,0.9833,-0.3182,-0.0717,0.9453,0.0043,-0.0013,0.0605,-0.0273,-0.0389,0.1267,63.055970610958006
2137019000,2.5264,1.7161,-31.5312,17.8125,-40.9375,31.4844,19.5312,-40.875,-0.1463,-0.0474,0.9881,-0.2228,-0.0591,0.9731,0.0349,0.0287,0.0677,-0.0717,-0.0949,0.2538,63.03906470832193
2142019000,2.4878,1.5351,-31.6875,18.0625,-39.0,31.3906,19.6562,-38.9375,-0.1131,-0.1542,0.9815,-0.1138,-0.1677,0.9792,0.0255,0.0135,0.1311,0.2108,-0.1331,3.7538,63.098260558829985
2147019000,2.1626,1.8226,-31.625,16.0625,-41.9062,31.3438,18.875,-40.375,0.0053,-0.1223,0.9925,-0.0614,-0.1329,0.9892,-0.0682,-0.1134,0.4936,0.1709,-0.2074,4.1301,63.05017448929067
2152019000,2.078,2.451,-31.9375,17.1562,-39.1562,31.0625,19.625,-39.2812,-0.052,-0.2137,0.9755,-0.1305,-0.2232,0.966,0.109,-0.0768,2.0266,0.2422,-0.1613,4.4063,63.048478161173726
2157029000,2.2912,2.8185,-31.0,15.3125,-41.125,31.9531,18.375,-40.1875,-0.1165,-0.1252,0.9853,-0.1633,-0.1329,0.9776,0.1387,-0.2651,4.4117,0.1871,-0.2815,5.1218,63.0345192105881
2162019000,2.655,2.9434,-31.0,15.1875,-41.0,31.9375,18.4688,-40.125,-0.1055,-0.1503,0.983,-0.1788,-0.16,0.9708,0.1711,-0.2959,5.1055,0.2186,-0.2642,5.2761,63.02905251501088
2167019000,3.2962,3.208,-31.2188,14.9375,-40.8438,31.7344,18.375,-40.25,-0.0738,-0.1464,0.9865,-0.1533,-0.1542,0.9761,0.1475,-0.3384,5.3156,0.2296,-0.2832,5.6063,63.049777120383226
2172019000,3.2962,3.3679,-31.2188,14.7188,-40.375,31.7812,18.1875,-40.3125,-0.0768,-0.1416,0.9869,-0.159,-0.1522,0.9755,0.1653,-0.3611,5.7619,0.249,-0.3069,6.0805,63.095449803769526
2177032000,3.5718,3.5883,-31.125,14.6562,-40.375,31.8125,17.9375,-40.625,-0.0691,-0.1368,0.9882,-0.1449,-0.1464,0.9786,0.1747,-0.3738,6.0056,0.2664,-0.325,6.4706,63.02347448324315
2182023000,3.592,3.6379,-31.25,14.6562,-40.0625,31.7344,18.0938,-40.3125,-0.042,-0.1503,0.9877,-0.1379,-0.1609,0.9773,0.1862,-0.3752,6.1474,0.2825,-0.3113,6.4969,63.07863534605041
2187019000,3.7114,3.6857,-30.875,14.4062,-40.1875,32.125,17.9688,-40.0625,-0.0827,-0.1329,0.9877,-0.1765,-0.1397,0.9743,0.2142,-0.4136,6.8813,0.2937,-0.3301,6.8283,63.100774509985214
2192019000,3.761,3.7114,-30.9688,14.6562,-40.5312,31.9375,18.4375,-40.0,-0.0861,-0.1657,0.9824,-0.1584,-0.1763,0.9715,0.2549,-0.3914,7.0803,0.3606,-0.2795,7.0101,63.02208329482611
2197019000,3.8437,3.7059,-31.0625,14.625,-40.0,31.875,18.3125,-40.3125,-0.0584,-0.1503,0.9869,-0.1369,-0.1609,0.9774,0.2603,-0.4043,7.2833,0.3459,-0.2903,6.9662,63.046207013189935
2202019000,3.5534,3.7004,-30.9688,14.625,-40.1875,32.0,18.1875,-40.25,-0.0758,-0.1416,0.987,-0.1504,-0.1542,0.9765,0.2849,-0.4019,7.5276,0.3542,-0.3044,7.2143,63.06952581033094
2207019000,3.6085,3.6967,-30.9062,15.0312,-39.9375,32.0625,18.5938,-40.4688,-0.0659,-0.1657,0.984,-0.1422,-0.1782,0.9737,0.3455,-0.354,7.6648,0.4297,-0.2595,7.5583,63.07163846088034
2212021000,3.5534,3.6912,-31.0625,14.8125,-39.8125,31.8906,18.375,-40.1562,-0.0555,-0.1503,0.9871,-0.1417,-0.1609,0.9767,0.3442,-0.3826,7.9681,0.3943,-0.2791,7.3788,63.054756644919344
2217020000,3.5608,3.5773,-30.9688,14.75,-39.875,32.0,18.2812,-39.875,-0.0681,-0.1397,0.9879,-0.1657,-0.1522,0.9744,0.3401,-0.3909,8.0145,0.3918,-0.2854,7.4216,63.06773459448183
2222020000,3.6232,3.671,-30.9688,14.625,-40.0,32.0,18.25,-40.0938,-0.0769,-0.131,0.9884,-0.1526,-0.1435,0.9778,0.3293,-0.407,8.0749,0.4153,-0.2947,7.7847,63.07312578967369
2227023000,3.5351,3.6306,-31.125,14.9688,-39.75,31.7969,18.5625,-39.625,-0.0497,-0.1551,0.9866,-0.1578,-0.1648,0.9736,0.3723,-0.3701,8.1411,0.4353,-0.2474,7.4882,63.02456508616303
2232020000,3.5755,3.6398,-30.875,15.0,-39.9062,32.125,18.4688,-40.0625,-0.0786,-0.1493,0.9857,-0.1579,-0.1609,0.9743,0.3875,-0.3613,8.2117,0.4512,-0.269,7.9031,63.09561793920398
2237020000,3.6288,3.7335,-31.0938,14.9375,-39.625,31.875,18.4062,-39.8125,-0.0507,-0.1503,0.9873,-0.1531,-0.1629,0.9747,0.3777,-0.3699,8.198,0.4443,-0.2749,7.8912,63.064544788494274
2242020000,3.6049,3.7776,-31.125,15.1875,-39.625,31.8438,18.6875,-39.6875,-0.0467,-0.1686,0.9846,-0.1545,-0.1792,0.9716,0.4111,-0.3516,8.367,0.4817,-0.2372,7.895,63.06602635088087
2247154000,3.6618,3.6012,-31.2188,15.0,-39.625,31.7344,18.5625,-39.7812,-0.0467,-0.1609,0.9859,-0.1395,-0.1715,0.9753,0.4036,-0.3755,8.548,0.4641,-0.245,7.7836,63.05411322768722
2252145000,3.5038,3.6067,-31.0938,15.0312,-39.5625,31.875,18.625,-39.8125,-0.0497,-0.1571,0.9863,-0.1482,-0.1657,0.975,0.4111,-0.3633,8.4968,0.4768,-0.251,7.9917,63.071766043769536
2257145000,3.6784,3.7408,-31.0938,15.0,-39.625,31.8594,18.4062,-40.1875,-0.0555,-0.1542,0.9865,-0.1349,-0.1657,0.9769,0.4055,-0.3667,8.4722,0.4741,-0.2695,8.1656,63.04779135647814
2262145000,3.7114,3.7206,-30.9688,15.0312,-39.375,32.0,18.5,-40.0625,-0.0507,-0.1464,0.9879,-0.1484,-0.1571,0.9764,0.4072,-0.3772,8.6077,0.4888,-0.2705,8.3408,63.068018861622726
2267145000,3.6857,3.7041,-31.0625,15.2812,-39.5312,31.8906,18.7188,-40.125,-0.0544,-0.1677,0.9843,-0.1346,-0.1792,0.9746,0.4524,-0.3396,8.6952,0.5205,-0.2264,8.2139,63.04968272568863
2272145000,3.6269,3.5791,-31.0938,15.0,-39.375,31.8125,18.5938,-39.5625,-0.0449,-0.1493,0.9878,-0.156,-0.16,0.9747,0.416,-0.3738,8.6677,0.5034,-0.2452,8.2277,63.0091511955208
2277145000,3.7702,3.6967,-30.75,14.9375,-39.5,32.2188,18.2812,-40.0,-0.0816,-0.1387,0.987,-0.1658,-0.1503,0.9746,0.4048,-0.3884,8.7053,0.4775,-0.28,8.3195,63.05949653406694
2282148000,3.7078,3.6508,-30.9062,14.9688,-39.5625,32.0625,18.4688,-39.6875,-0.0662,-0.1416,0.9877,-0.159,-0.1522,0.9755,0.4185,-0.3733,8.6895,0.5146,-0.2671,8.5945,63.06601941370646
2287145000,3.6306,3.7023,-30.9062,15.0,-39.5,32.0625,18.4062,-39.75,-0.0614,-0.1416,0.988,-0.1639,-0.1503,0.975,0.4221,-0.3813,8.8198,0.5073,-0.2759,8.6087,63.06125496792781
2292148000,3.6802,3.6306,-30.9062,15.0625,-39.625,32.0,18.625,-39.4375,-0.0737,-0.158,0.9847,-0.171,-0.1686,0.9707,0.4419,-0.3667,8.878,0.5249,-0.2456,8.474,63.00727387326006
2297145000,3.6931,3.7261,-31.0625,14.9688,-39.625,31.875,18.375,-39.75,-0.0585,-0.1368,0.9889,-0.1448,-0.1493,0.9781,0.4385,-0.3733,8.9129,0.4893,-0.27,8.3409,63.02972893555865
2302148000,3.6196,3.5975,-31.0625,14.875,-39.4375,31.8906,18.2812,-39.875,-0.0498,-0.1329,0.9899,-0.1354,-0.1416,0.9806,0.4255,-0.3955,9.0153,0.4868,-0.2837,8.464,63.04670018565603
2307145000,3.6012,3.7078,-30.875,15.0,-39.4688,32.0938,18.4375,-40.0625,-0.0661,-0.1464,0.987,-0.1418,-0.1571,0.9774,0.4312,-0.3787,8.8907,0.5127,-0.2698,8.602,63.0653522893514
2312145000,3.5755,3.6618,-31.0,14.9688,-39.5312,31.9062,18.5,-39.8125,-0.0575,-0.1387,0.9887,-0.1448,-0.1474,0.9784,0.4324,-0.3843,8.9667,0.5122,-0.2659,8.5535,63.00586085095576
2317145000,3.6141,3.6967,-31.125,15.25,-39.4688,31.8125,18.6875,-39.75,-0.0506,-0.1571,0.9863,-0.1348,-0.1677,0.9766,0.4641,-0.353,8.9751,0.5356,-0.233,8.4572,63.031931478735444
2322145000,3.6196,3.6967,-30.9062,14.9688,-39.375,32.0625,18.3125,-39.8125,-0.0605,-0.1329,0.9893,-0.1593,-0.1435,0.9767,0.4231,-0.3806,8.8225,0.4875,-0.2759,8.3862,63.05893208443987
2327145000,3.6453,3.649,-30.8125,15.0625,-39.375,32.125,18.4062,-39.75,-0.0633,-0.1445,0.9875,-0.159,-0.1551,0.975,0.4355,-0.3755,8.9046,0.5127,-0.2751,8.6611,63.027373901662756
2332146000,3.6986,3.6967,-30.9688,15.0625,-39.5312,32.0,18.375,-39.875,-0.0652,-0.1397,0.988,-0.1371,-0.1503,0.9791,0.4287,-0.3679,8.7443,0.4993,-0.2695,8.4481,63.056804772601666
2337146000,3.6085,3.671,-31.25,14.8125,-39.5625,31.7031,18.2812,-39.8125,-0.044,-0.1329,0.9901,-0.1325,-0.1416,0.981,0.4241,-0.4021,9.0723,0.4741,-0.2859,8.3457,63.04908547552454
2342150000,3.5736,3.7041,-31.0625,15.0,-39.4688,31.8906,18.375,-40.125,-0.0585,-0.1416,0.9882,-0.1247,-0.1503,0.9807,0.4309,-0.3789,8.8907,0.5068,-0.2788,8.6354,63.046919219340126
2347146000,3.6618,3.7298,-31.0,15.125,-39.5625,31.9375,18.5938,-39.8125,-0.0758,-0.1445,0.9866,-0.1456,-0.1571,0.9768,0.4417,-0.3704,8.9159,0.5288,-0.2654,8.7355,63.03351473375096
2352149000,3.6912,3.7482,-30.9062,15.0625,-39.4375,32.0625,18.4375,-39.9375,-0.0692,-0.1223,0.9901,-0.1585,-0.1329,0.9784,0.4243,-0.3794,8.8226,0.5127,-0.283,8.7471,63.061064094177794
2357146000,3.6637,3.6196,-30.7812,14.8438,-39.375,32.1562,18.4375,-39.75,-0.0762,-0.1067,0.9914,-0.1741,-0.1184,0.9776,0.4038,-0.4033,8.8601,0.5122,-0.2834,8.747,63.04103126892833
2362146000,3.7096,3.807,-30.6562,14.8125,-39.4375,32.25,18.2812,-39.9688,-0.085,-0.096,0.9917,-0.1696,-0.1067,0.9797,0.4009,-0.4128,8.9335,0.5029,-0.2949,8.769,63.00400112548409
2367146000,3.7041,3.7776,-30.875,14.9688,-39.4062,32.0625,18.4375,-39.9062,-0.0741,-0.1203,0.99,-0.1614,-0.1329,0.9779,0.4229,-0.3921,8.9473,0.5195,-0.2859,8.8565,63.03499651733154
2372146000,3.66,3.7372,-30.6875,14.875,-39.3438,32.2188,18.3125,-40.0312,-0.0771,-0.1067,0.9913,-0.1694,-0.1174,0.9785,0.4087,-0.4082,8.9688,0.5054,-0.2981,8.8314,63.00390071019413
2377146000,3.6435,3.7996,-30.6875,14.8438,-39.0,32.25,18.1875,-40.1875,-0.0694,-0.1009,0.9925,-0.1637,-0.1116,0.9802,0.3945,-0.4023,8.746,0.4973,-0.3088,8.8593,63.03744436594808
2382271000,3.6416,3.7776,-30.6562,14.9688,-39.1875,32.3125,18.4062,-39.8125,-0.079,-0.1116,0.9906,-0.175,-0.1232,0.9768,0.4128,-0.3938,8.8547,0.5161,-0.2957,8.9256,63.065549418442394
2387271000,3.649,3.7702,-30.4375,14.9688,-39.25,32.5,18.375,-39.8125,-0.1003,-0.1096,0.9889,-0.1912,-0.1223,0.9739,0.4155,-0.3926,8.8711,0.5234,-0.2959,9.0109,63.032114917238815
2392271000,3.6416,3.796,-30.625,15.0312,-39.0,32.3125,18.375,-40.0625,-0.0761,-0.1116,0.9908,-0.1645,-0.1203,0.979,0.4197,-0.3867,8.8522,0.5259,-0.2925,9.0008,63.03521881408837
2397271000,3.6747,3.8401,-30.6875,15.125,-39.1562,32.2188,18.4375,-40.0312,-0.0712,-0.1223,0.9899,-0.1633,-0.1339,0.9775,0.4297,-0.3762,8.8473,0.5195,-0.2861,8.8592,62.99953064063256
2402271000,3.5883,3.7372,-30.625,14.875,-39.0938,32.3125,18.1875,-39.9375,-0.0665,-0.1019,0.9926,-0.1724,-0.1116,0.9787,0.4065,-0.3977,8.8275,0.4912,-0.3115,8.8203,63.03025775125785
2407271000,3.6361,3.7023,-30.7812,14.9688,-39.2188,32.1562,18.4375,-40.0312,-0.0723,-0.1096,0.9913,-0.1559,-0.1203,0.9804,0.4304,-0.3936,9.0481,0.5225,-0.2878,8.9111,63.0381487054466
2412271000,3.6067,3.6949,-30.75,14.9688,-39.0938,32.2188,18.2812,-39.875,-0.0761,-0.1096,0.9911,-0.1703,-0.1203,0.978,0.418,-0.3921,8.8929,0.4983,-0.2971,8.741,63.06070123809281
2417271000,3.7114,3.8033,-30.6875,14.9375,-39.3125,32.25,18.25,-40.0312,-0.0849,-0.1077,0.9906,-0.1674,-0.1184,0.9787,0.4167,-0.3987,8.9526,0.5078,-0.3003,8.8832,63.028708476296735
2422271000,3.6288,3.7261,-30.375,15.1875,-39.0,32.5312,18.4688,-40.0625,-0.0876,-0.1223,0.9886,-0.1776,-0.1339,0.975,0.4204,-0.3762,8.7438,0.5361,-0.283,9.0117,63.000681221555055
2427280000,3.66,3.6931,-30.5625,15.0625,-39.125,32.4062,18.4688,-39.6875,-0.0925,-0.1184,0.9887,-0.1882,-0.129,0.9736,0.4216,-0.3838,8.8415,0.5269,-0.281,8.8854,63.063273508675394
2432271000,3.6416,3.7482,-30.5938,15.1875,-38.9688,32.375,18.625,-40.0,-0.0721,-0.1261,0.9894,-0.167,-0.1368,0.9764,0.428,-0.3723,8.7849,0.5547,-0.2732,9.1142,63.07098820479983
2437271000,3.649,3.8033,-30.625,14.9375,-39.0625,32.3125,18.25,-39.9375,-0.0762,-0.1009,0.992,-0.1753,-0.1096,0.9784,0.4089,-0.3921,8.7922,0.5078,-0.2986,8.8643,63.03068449176163
2442278000,3.6049,3.7023,-30.75,14.875,-39.25,32.1562,18.3125,-40.0312,-0.0742,-0.1067,0.9915,-0.1541,-0.1174,0.9811,0.418,-0.4036,9.0205,0.4983,-0.2893,8.6549,63.00489408077757
2447271000,3.6398,3.7427,-30.6562,15.0,-39.25,32.2812,18.3125,-39.9375,-0.0848,-0.1116,0.9901,-0.1674,-0.1223,0.9783,0.4287,-0.3848,8.9313,0.4939,-0.2896,8.6081,63.02826057618915
2452271000,3.6912,3.7776,-30.5938,15.0,-39.0625,32.375,18.2812,-40.375,-0.0771,-0.1116,0.9908,-0.154,-0.1223,0.9805,0.4172,-0.3848,8.8033,0.5166,-0.3032,9.0145,63.067889635931216
2457272000,3.682,3.818,-30.6562,15.125,-39.0625,32.2812,18.375,-40.25,-0.0722,-0.1155,0.9907,-0.1539,-0.1261,0.98,0.4363,-0.3801,8.9643,0.52,-0.2888,8.8943,63.03244382863478
2462272000,3.5681,3.7188,-30.625,15.3125,-38.875,32.3125,18.5625,-40.0938,-0.0692,-0.129,0.9892,-0.1536,-0.1397,0.9782,0.4412,-0.354,8.7291,0.543,-0.271,8.9573,63.03314112187334
2467272000,3.6159,3.7482,-30.7812,15.1562,-39.1875,32.1562,18.4688,-39.9688,-0.0721,-0.1232,0.9898,-0.1537,-0.1339,0.979,0.4468,-0.3713,8.984,0.521,-0.2805,8.8139,63.02935877200402
2472272000,3.6306,3.6931,-30.7812,15.0312,-39.25,32.1562,18.4062,-40.0,-0.0693,-0.1126,0.9912,-0.153,-0.1223,0.9806,0.4492,-0.3843,9.155,0.5127,-0.2935,8.8628,63.032288898309886
2477275000,3.6361,3.66,-30.5938,15.0,-39.3125,32.375,18.4375,-40.125,-0.0925,-0.1126,0.9893,-0.1644,-0.1252,0.9784,0.436,-0.387,9.0375,0.5239,-0.2805,8.8469,63.06779158920978
2482272000,3.6361,3.807,-30.6562,15.0,-39.1875,32.2812,18.4062,-40.1875,-0.0799,-0.1155,0.9901,-0.1539,-0.1252,0.9801,0.4353,-0.3918,9.0836,0.5225,-0.2783,8.8062,63.03743742570759
2487277000,3.57,3.671,-30.5938,15.1562,-39.0625,32.3438,18.5938,-39.8438,-0.0769,-0.1261,0.989,-0.1747,-0.1368,0.9751,0.448,-0.3726,9.0112,0.5459,-0.2605,8.875,63.03625161135456
2492272000,3.6471,3.8694,-30.6562,15.0625,-39.0625,32.3125,18.25,-40.125,-0.08,-0.1067,0.9911,-0.1598,-0.1174,0.9801,0.4329,-0.3853,8.983,0.5063,-0.3059,8.9286,63.05827655581779
2497273000,3.649,3.7813,-30.7812,14.8438,-39.375,32.1562,18.1875,-40.125,-0.0723,-0.099,0.9925,-0.1561,-0.1116,0.9814,0.4275,-0.4009,9.0968,0.4863,-0.3147,8.8004,63.03062072080521
2502272000,3.5534,3.7188,-30.75,15.25,-39.0,32.2188,18.5,-39.8438,-0.0634,-0.1261,0.99,-0.167,-0.1368,0.9764,0.4575,-0.3604,8.9824,0.52,-0.2771,8.7652,63.058260932886505
2507282000,3.6379,3.7849,-30.75,15.0312,-39.1562,32.2188,18.375,-40.0312,-0.0741,-0.1155,0.9905,-0.1558,-0.1261,0.9797,0.4463,-0.3818,9.0951,0.5186,-0.2749,8.7245,63.06359010459205
2512272000,3.6159,3.7666,-30.5938,15.25,-39.0625,32.375,18.5625,-40.25,-0.0817,-0.129,0.9883,-0.1632,-0.1387,0.9768,0.4541,-0.3552,8.8873,0.5454,-0.2664,8.9339,63.06704833698815
2517272000,3.5902,3.6949,-30.6562,15.0,-39.25,32.25,18.4375,-39.875,-0.0848,-0.1126,0.99,-0.1702,-0.1232,0.9777,0.4336,-0.384,8.9777,0.5234,-0.2722,8.75,63.003150950488184
2522403000,3.5865,3.7041,-30.625,15.1875,-39.125,32.3125,18.4688,-40.1562,-0.0799,-0.1232,0.9892,-0.1557,-0.1339,0.9787,0.4497,-0.3696,8.9978,0.5269,-0.2764,8.8343,63.03141446437641
2527397000,3.682,3.7298,-30.625,15.3438,-39.0625,32.3125,18.6875,-40.1875,-0.0817,-0.1368,0.9872,-0.1591,-0.1493,0.9759,0.478,-0.3572,9.1771,0.5562,-0.2593,8.9777,63.03629796347498
2532397000,3.5975,3.7298,-30.5938,15.125,-39.0,32.375,18.3125,-40.0,-0.0761,-0.1174,0.9902,-0.1691,-0.1281,0.9772,0.448,-0.3701,8.9841,0.5063,-0.2932,8.7886,63.05735428710913
2537397000,3.5718,3.7702,-30.5938,15.2812,-38.9375,32.375,18.5,-40.0625,-0.074,-0.129,0.9889,-0.1641,-0.1387,0.9766,0.4568,-0.3606,8.9769,0.5386,-0.2751,8.9533,63.06105035503294
2542397000,3.6067,3.796,-30.625,15.1875,-39.0625,32.3125,18.4062,-40.1875,-0.076,-0.1261,0.9891,-0.1489,-0.1368,0.9793,0.446,-0.3652,8.9081,0.5259,-0.2878,8.9497,63.02979105899051
2547402000,3.5975,3.7133,-30.7812,15.1562,-39.25,32.1562,18.5,-39.9375,-0.0683,-0.1252,0.9898,-0.1556,-0.1358,0.9784,0.4619,-0.3757,9.2022,0.5234,-0.2671,8.6936,63.029913322564546
2552397000,3.5534,3.7353,-30.875,15.1875,-39.0938,32.0938,18.6875,-39.75,-0.0605,-0.129,0.9898,-0.1555,-0.1397,0.9779,0.4644,-0.3745,9.216,0.5366,-0.2549,8.7083,63.069409160701674
2557400000,3.6526,3.7261,-30.5938,15.0,-39.2188,32.375,18.2812,-39.8438,-0.0877,-0.1116,0.9899,-0.175,-0.1203,0.9772,0.4441,-0.3936,9.2008,0.5039,-0.2981,8.8149,63.057328454986106
2562405000,3.6141,3.7188,-30.6875,15.125,-39.1562,32.25,18.4062,-40.0625,-0.0712,-0.1252,0.9896,-0.149,-0.1339,0.9797,0.4412,-0.3735,8.9456,0.5205,-0.2832,8.8379,63.029489601138295
2567398000,3.6379,3.6692,-30.5938,15.3125,-39.0938,32.3438,18.7188,-40.0,-0.0865,-0.1368,0.9868,-0.1668,-0.1474,0.9749,0.4685,-0.3567,9.0649,0.561,-0.2539,8.974,63.0362242832643
2572402000,3.5975,3.7702,-30.6875,15.0625,-39.1875,32.25,18.375,-40.0625,-0.077,-0.1223,0.9895,-0.1538,-0.1329,0.9791,0.4492,-0.3826,9.136,0.522,-0.2808,8.8276,63.03068449176163
2577398000,3.6802,3.6894,-30.75,14.9375,-39.3125,32.2188,18.4688,-40.0,-0.0819,-0.1126,0.9903,-0.1597,-0.1232,0.9794,0.4441,-0.3958,9.2252,0.5342,-0.2856,9.0192,63.07148729322942
2582398000,3.5938,3.7298,-30.8125,15.25,-39.2812,32.125,18.5625,-39.8125,-0.0759,-0.131,0.9885,-0.1584,-0.1397,0.9774,0.4888,-0.354,9.2626,0.5356,-0.2603,8.7563,63.02685016871778
2587398000,3.6232,3.8107,-30.7812,15.1562,-39.125,32.1562,18.4375,-40.0312,-0.0663,-0.1252,0.9899,-0.149,-0.1339,0.9797,0.46,-0.3733,9.1532,0.5273,-0.2834,8.9178,63.02939351516877
2592400000,3.5865,3.66,-30.5625,14.9375,-39.1875,32.4062,18.3125,-40.125,-0.0897,-0.1077,0.9901,-0.1674,-0.1184,0.9787,0.4319,-0.3975,9.1079,0.52,-0.2959,8.9723,63.06605038322917
2597398000,3.6085,3.7996,-30.75,15.0625,-39.1875,32.2188,18.375,-40.1562,-0.0722,-0.1203,0.9901,-0.1557,-0.131,0.9791,0.4487,-0.3792,9.0926,0.5322,-0.2856,8.9971,63.06330794828321
2602398000,3.5534,3.6692,-30.875,15.1875,-39.125,32.0625,18.5,-39.8125,-0.0634,-0.1252,0.9901,-0.1614,-0.1329,0.9779,0.4751,-0.3694,9.2796,0.5259,-0.2737,8.7937,63.028360432030915
2607398000,3.6416,3.7996,-30.75,15.1875,-39.25,32.2188,18.5,-40.125,-0.0788,-0.129,0.9885,-0.1489,-0.1387,0.9791,0.4668,-0.3721,9.2163,0.5391,-0.2715,8.9185,63.06193824082796
2612398000,3.5516,3.6876,-30.75,15.125,-39.1875,32.2188,18.4688,-40.1562,-0.0741,-0.1252,0.9894,-0.148,-0.1358,0.9796,0.4573,-0.3748,9.1394,0.5366,-0.2793,8.9769,63.064959776170475
2617398000,3.5847,3.6269,-30.5625,15.125,-39.0625,32.375,18.5,-39.8125,-0.0789,-0.1203,0.9896,-0.172,-0.129,0.9766,0.4529,-0.3708,9.0469,0.5317,-0.2754,8.8787,63.032388747769986
2622398000,3.6288,3.6857,-30.8125,15.0625,-39.1875,32.125,18.4375,-40.0312,-0.0683,-0.1232,0.99,-0.1451,-0.1339,0.9803,0.4541,-0.3789,9.15,0.5254,-0.29,8.9683,63.03357328392545
2627398000,3.5369,3.6214,-30.6875,15.2812,-39.0,32.25,18.5625,-40.375,-0.0653,-0.1329,0.989,-0.1459,-0.1416,0.9791,0.4631,-0.3608,9.0507,0.5488,-0.2737,9.0532,63.03797633918779
2632398000,3.6637,3.7996,-30.6562,15.0312,-39.1875,32.2812,18.4062,-39.8438,-0.077,-0.1174,0.9901,-0.1644,-0.1261,0.9783,0.4456,-0.3811,9.0788,0.5234,-0.2754,8.785,63.03124362925104
2637398000,3.603,3.5975,-30.75,15.0312,-39.25,32.2188,18.4375,-39.9375,-0.0761,-0.1174,0.9902,-0.1558,-0.1261,0.9797,0.4651,-0.3804,9.2893,0.5317,-0.2878,9.0158,63.06461217973199
2642406000,3.5828,3.6251,-30.8125,15.0,-39.25,32.125,18.4688,-39.9688,-0.0722,-0.1174,0.9905,-0.151,-0.1281,0.9802,0.4541,-0.387,9.2395,0.5298,-0.2686,8.7814,63.037117265385795
2647398000,3.5718,3.7078,-30.9062,15.0312,-39.375,32.0312,18.4375,-39.8438,-0.0712,-0.1174,0.9905,-0.1539,-0.1261,0.98,0.4773,-0.375,9.3665,0.5166,-0.2727,8.6783,63.03125392922149
2652398000,3.5553,3.6012,-30.4688,15.0625,-39.0312,32.4688,18.4062,-39.9375,-0.0896,-0.1155,0.9893,-0.1797,-0.1261,0.9756,0.4424,-0.3787,9.0162,0.5347,-0.2852,9.0194,63.03287398762649
2657523000,3.6214,3.6765,-30.8125,15.0312,-39.375,32.125,18.4688,-39.8125,-0.076,-0.1232,0.9895,-0.1528,-0.1339,0.9791,0.4717,-0.3767,9.3225,0.5249,-0.2815,8.8687,63.032828004619944
2662524000,3.6324,3.7849,-30.4688,15.0312,-39.125,32.4688,18.3125,-40.1562,-0.0906,-0.1174,0.9889,-0.1701,-0.1261,0.9773,0.4551,-0.3755,9.123,0.5303,-0.3135,9.282,63.03151431538036
2667523000,3.5516,3.5553,-30.7812,15.0625,-39.2188,32.1562,18.4688,-39.75,-0.0789,-0.1232,0.9892,-0.1642,-0.1339,0.9773,0.4661,-0.3838,9.3382,0.5327,-0.269,8.8199,63.03174891981024
2672532000,3.5883,3.6857,-30.75,15.0312,-39.0625,32.1875,18.4062,-40.1562,-0.0654,-0.1184,0.9908,-0.1462,-0.129,0.9808,0.4529,-0.3823,9.1743,0.5269,-0.2939,9.0279,63.037415167026005
2677523000,3.5828,3.7096,-30.8125,15.0625,-39.0625,32.1562,18.4375,-39.875,-0.0586,-0.1203,0.991,-0.1567,-0.129,0.9792,0.4548,-0.3796,9.1663,0.5317,-0.2766,8.8921,63.06431606653639
2682524000,3.6122,3.57,-30.5938,15.0312,-39.0625,32.3438,18.3125,-40.0312,-0.0761,-0.1174,0.9902,-0.1596,-0.1261,0.9791,0.4536,-0.3762,9.1147,0.5249,-0.3037,9.1136,63.030522789677065
2687524000,3.6049,3.6637,-30.6562,15.2812,-39.0625,32.25,18.6875,-39.8125,-0.0711,-0.1339,0.9884,-0.164,-0.1445,0.9758,0.4795,-0.3518,9.134,0.561,-0.2566,9.0036,63.00282039821709
2692524000,3.6122,3.6141,-30.8125,15.0312,-39.1875,32.1562,18.3125,-40.375,-0.0616,-0.1155,0.9914,-0.1299,-0.1261,0.9835,0.4636,-0.3806,9.2756,0.521,-0.2925,8.9457,63.06531745444559
2697524000,3.6508,3.6343,-30.8125,15.0,-39.25,32.125,18.3125,-40.1562,-0.0741,-0.1174,0.9903,-0.1424,-0.1281,0.9815,0.4624,-0.3845,9.3053,0.5171,-0.2971,8.9527,63.03112533455197
2702527000,3.5755,3.6324,-30.8125,15.1875,-39.0625,32.1562,18.4062,-40.125,-0.0576,-0.1232,0.9907,-0.1432,-0.1339,0.9806,0.4756,-0.3684,9.2742,0.5288,-0.282,8.9182,63.05986136703759
2707529000,3.6049,3.728,-30.625,15.0625,-39.1562,32.3125,18.4062,-39.8125,-0.0741,-0.1203,0.99,-0.1634,-0.129,0.9781,0.4463,-0.3787,9.0599,0.5371,-0.2961,9.168,63.029675277840354
2712524000,3.5681,3.671,-30.8125,14.9688,-39.0,32.1562,18.3125,-40.125,-0.0577,-0.1077,0.9925,-0.1387,-0.1184,0.9832,0.446,-0.3911,9.1955,0.5142,-0.2957,8.9036,63.067449087306514
2717524000,3.6049,3.6159,-30.9375,14.9375,-39.4062,32.0,18.4062,-40.125,-0.0654,-0.1145,0.9913,-0.1281,-0.1232,0.9841,0.4561,-0.3889,9.283,0.5239,-0.2883,8.933,63.03711176267517
2722528000,3.6159,3.6067,-30.9688,14.9375,-39.4688,31.9688,18.375,-40.125,-0.0616,-0.1126,0.9917,-0.1319,-0.1232,0.9836,0.4551,-0.3892,9.2748,0.5205,-0.2905,8.9186,63.034819730447396
2727524000,3.6122,3.7408,-30.5938,15.0312,-39.0938,32.3438,18.4062,-39.9375,-0.077,-0.1155,0.9903,-0.1615,-0.1261,0.9788,0.4419,-0.375,8.9701,0.521,-0.2925,8.9457,63.03367313150964
2732524000,3.5681,3.7445,-30.6562,15.1875,-39.0938,32.2812,18.4688,-39.875,-0.0771,-0.1126,0.9907,-0.1693,-0.1223,0.978,0.4473,-0.3755,9.0356,0.5269,-0.2976,9.0683,63.02772026568944
2737524000,3.6049,3.4726,-30.75,15.125,-39.3125,32.1875,18.5938,-39.6875,-0.0696,-0.0776,0.9946,-0.1747,-0.0883,0.9807,0.4221,-0.3906,8.9229,0.5308,-0.2988,9.1259,63.03413444071394
2742524000,3.7813,3.6729,-31.0938,14.75,-40.125,31.8594,18.2812,-39.6875,-0.0795,-0.0122,0.9968,-0.157,-0.0239,0.9873,0.3884,-0.4336,9.0265,0.4331,-0.3555,8.6553,63.053676894610994
2747524000,3.6416,3.6471,-31.0938,14.6875,-39.7188,31.8906,17.875,-40.125,-0.058,0.0483,0.9971,-0.1444,0.0366,0.9888,0.3567,-0.4592,8.9609,0.3647,-0.4058,8.4533,63.06631270377237
2752524000,3.4726,3.5185,-30.875,14.6562,-39.4688,32.0938,17.7812,-39.7812,-0.0617,0.099,0.9932,-0.1852,0.0883,0.9787,0.2961,-0.4917,8.6561,0.3386,-0.448,8.6352,63.04706965593247
2757524000,3.5534,3.4285,-31.0938,14.3438,-39.8125,31.875,17.3438,-40.125,-0.0601,0.1677,0.984,-0.1551,0.158,0.9752,0.2316,-0.5493,8.5958,0.2244,-0.5,7.9601,63.040998006773336
2762524000,3.5461,3.524,-31.2188,14.0,-39.8125,31.75,16.9375,-39.9375,-0.0337,0.2289,0.9729,-0.1636,0.2194,0.9618,0.1687,-0.5923,8.395,0.132,-0.5898,7.9655,63.03740401293505
2767524000,3.6049,3.6269,-31.2812,13.8125,-39.75,31.6875,16.75,-40.2812,-0.0231,0.2639,0.9643,-0.1323,0.2535,0.9582,0.1024,-0.624,8.0332,0.107,-0.6289,8.1391,63.03941829823622
2772524000,3.603,3.6876,-31.2812,14.0312,-39.6875,31.7188,16.8125,-40.3438,-0.0202,0.2733,0.9617,-0.1264,0.262,0.9567,0.0903,-0.6265,7.9286,0.0679,-0.6338,7.7681,63.06477907184009
2777524000,3.4836,3.581,-31.2188,13.9375,-39.4375,31.7812,16.9375,-40.3125,-0.0098,0.2874,0.9578,-0.1239,0.2799,0.952,0.0529,-0.6553,7.8511,0.0646,-0.6138,7.5037,63.07745734412572
2782525000,3.4891,3.4046,-31.2812,13.9375,-39.3438,31.6406,16.9375,-39.4375,0.0014,0.2977,0.9547,-0.1513,0.2883,0.9455,0.0381,-0.6729,7.8931,0.0317,-0.6436,7.4862,62.993346433809975
2787524000,3.5351,3.445,-31.3125,14.2188,-39.75,31.625,17.2188,-40.0,-0.0118,0.2667,0.9637,-0.1415,0.2573,0.9559,0.0853,-0.6343,7.9641,0.0714,-0.5981,7.3992,63.00945489567419
2792650000,3.6306,3.4469,-31.4375,14.0,-39.4375,31.5469,16.9062,-39.9062,0.0051,0.2874,0.9578,-0.1276,0.279,0.9518,0.0346,-0.6826,7.9676,0.0338,-0.6274,7.3237,63.05315473067149
2797650000,3.5755,3.3752,-31.5,14.125,-39.7812,31.4844,17.1875,-39.5312,-0.0099,0.263,0.9648,-0.1444,0.2545,0.9562,0.0693,-0.6582,8.0645,0.0633,-0.6006,7.3386,63.059305812940885
2802650000,3.5534,3.3881,-31.2812,14.0938,-39.4062,31.6875,17.0312,-39.8125,-0.0183,0.2808,0.9596,-0.1418,0.2724,0.9517,0.0607,-0.6616,8.0096,0.0464,-0.627,7.4555,63.03848489724353
2807650000,3.4799,3.3623,-31.5,14.0938,-39.5,31.4844,16.9375,-39.875,0.0023,0.2752,0.9614,-0.1309,0.2667,0.9548,0.0727,-0.6699,8.2361,0.0355,-0.625,7.3144,63.04967801702083
2812650000,3.5534,3.4285,-31.3125,14.25,-39.4375,31.625,17.25,-39.9688,-0.0071,0.2602,0.9655,-0.1352,0.2507,0.9586,0.0745,-0.6533,8.0649,0.0736,-0.5889,7.3175,63.01119889305392
2817655000,3.5057,3.3403,-31.5,14.2188,-39.4062,31.4844,17.2188,-39.625,0.0014,0.2667,0.9638,-0.1191,0.2573,0.959,0.0755,-0.6602,8.1542,0.0779,-0.585,7.3196,63.056185396834785
2822650000,3.4946,3.4652,-31.4375,14.2188,-39.5625,31.5469,17.1875,-39.9688,-0.0071,0.2602,0.9655,-0.1165,0.2507,0.961,0.0974,-0.6616,8.4101,0.075,-0.5859,7.2988,63.055633394170265
2827650000,3.4873,3.3293,-31.3125,14.2188,-39.2812,31.6406,17.1562,-39.625,-0.0042,0.2667,0.9638,-0.1471,0.2573,0.9551,0.0806,-0.6538,8.1364,0.0643,-0.605,7.3993,63.02253023173538
2832653000,3.5442,3.5093,-31.5625,13.6875,-39.125,31.4375,16.5938,-39.5625,0.0125,0.3107,0.9504,-0.1304,0.3023,0.9442,0.0072,-0.7275,8.189,0.0095,-0.6758,7.6141,63.068518184114644
2837650000,3.4928,3.3844,-31.375,14.125,-39.4062,31.625,17.1875,-39.7188,-0.0146,0.2724,0.9621,-0.132,0.262,0.956,0.0586,-0.6729,8.1161,0.0779,-0.583,7.2981,63.075166468349494
2842650000,3.5424,3.4211,-31.625,14.0625,-39.5625,31.3125,17.125,-39.8438,0.0023,0.2761,0.9611,-0.1029,0.2667,0.9583,0.0707,-0.6914,8.4622,0.0676,-0.5903,7.2689,63.01259352058127
2847660000,3.5167,3.355,-31.5625,13.875,-39.3125,31.4219,16.8125,-39.6875,0.0033,0.2911,0.9567,-0.1303,0.2818,0.9506,0.0409,-0.7061,8.3067,0.0384,-0.647,7.5976,63.0539782615657
2852657000,3.4946,3.3789,-31.4375,14.3125,-39.3125,31.5469,17.3125,-39.75,0.0052,0.2573,0.9663,-0.14,0.2488,0.9584,0.0854,-0.6592,8.2508,0.0834,-0.5786,7.3074,63.057323520825086
2857650000,3.5057,3.5645,-31.4375,14.4375,-39.25,31.5312,17.3438,-40.0938,0.008,0.2498,0.9683,-0.1083,0.2393,0.9649,0.0942,-0.6396,8.1223,0.092,-0.5684,7.2847,63.04138131275361
2862650000,3.5424,3.4579,-31.5312,14.1875,-39.3125,31.5,17.0312,-40.125,0.0052,0.2724,0.9622,-0.1114,0.263,0.9583,0.0641,-0.6855,8.3232,0.0576,-0.6162,7.4547,63.10054642695259
2867650000,3.4432,3.4413,-31.4375,13.9062,-38.625,31.5312,16.9062,-40.1875,0.0284,0.2958,0.9548,-0.092,0.2874,0.9534,0.0091,-0.7178,8.0961,0.0443,-0.6377,7.5563,63.05948450423615
2872650000,3.5589,3.5608,-31.125,14.0312,-39.0625,31.8438,16.9375,-39.9375,-0.0173,0.2836,0.9588,-0.1391,0.2724,0.9521,0.0351,-0.6982,8.1533,0.0551,-0.6318,7.6066,63.04190652359746
2877651000,3.5773,3.6104,-31.5625,14.1875,-39.25,31.4375,16.9375,-39.8125,0.0089,0.2771,0.9608,-0.1113,0.2667,0.9573,0.0647,-0.6846,8.3179,0.0542,-0.6323,7.6022,63.0625
2882650000,3.4542,3.3532,-31.125,14.1875,-38.8125,31.8594,17.0312,-39.8438,-0.0052,0.2771,0.9608,-0.1486,0.2667,0.9522,0.0572,-0.6743,8.1177,0.0564,-0.6274,7.5703,63.05699685792212
2887650000,3.5406,3.4175,-31.25,14.0938,-39.25,31.7344,16.9062,-39.9375,-0.0155,0.2771,0.9607,-0.129,0.2667,0.9551,0.0508,-0.6719,8.0196,0.0529,-0.6299,7.56,63.05090715739148
2892650000,3.5498,3.5185,-31.4062,14.3125,-39.375,31.5781,17.25,-40.4375,-0.0071,0.263,0.9648,-0.1014,0.2526,0.9622,0.0862,-0.6562,8.2258,0.0843,-0.5898,7.4451,63.06171468482283
2897652000,3.4836,3.3954,-31.4062,13.9375,-39.0,31.5938,16.8438,-39.9375,-0.0023,0.293,0.9561,-0.1135,0.2836,0.9522,0.0385,-0.6987,8.1965,0.0411,-0.6553,7.7233,63.0739683700019
2902651000,3.524,3.6379,-31.4375,14.3125,-39.0625,31.5469,17.25,-39.8438,0.0099,0.2639,0.9645,-0.1163,0.2564,0.9596,0.0784,-0.6606,8.1918,0.0806,-0.5957,7.4719,63.05770356823978
2907651000,3.4689,3.5424,-31.125,14.125,-38.7812,31.8594,17.0312,-40.0625,-0.0014,0.278,0.9606,-0.1382,0.2696,0.953,0.0458,-0.6694,7.9369,0.0654,-0.6206,7.5899,63.0644303192378
2912651000,3.4891,3.5681,-31.375,14.2188,-39.1875,31.5938,17.1875,-39.9688,-0.0052,0.2686,0.9632,-0.1181,0.2583,0.9588,0.0734,-0.6567,8.0922,0.0769,-0.5947,7.4202,63.04358320098882
2917651000,3.5038,3.4432,-31.25,14.0625,-38.9375,31.7188,17.0,-40.1875,-0.007,0.2818,0.9595,-0.1111,0.2724,0.9558,0.0443,-0.6851,8.1006,0.0609,-0.6221,7.5574,63.04967232024287
2922651000,3.4597,3.5498,-31.375,14.2188,-39.0312,31.625,17.0625,-39.9688,0.0052,0.2658,0.964,-0.106,0.2564,0.9607,0.0759,-0.6694,8.2657,0.0607,-0.6157,7.4831,63.071116396096876
2927776000,3.4395,3.5608,-31.5,14.2188,-38.9062,31.4844,17.0625,-39.9375,0.023,0.2677,0.9632,-0.0984,0.2592,0.9608,0.0724,-0.6694,8.2278,0.0665,-0.6094,7.4742,63.05699685792212
2932781000,3.5351,3.4616,-31.5,14.2188,-39.4688,31.4844,17.2188,-39.75,-0.0146,0.2667,0.9637,-0.1163,0.2564,0.9596,0.0845,-0.6807,8.4885,0.0677,-0.5918,7.287,63.05643279475933
2937776000,3.4836,3.5057,-31.375,14.0312,-38.8438,31.5938,17.0312,-39.875,0.0089,0.2855,0.9583,-0.1137,0.2771,0.9541,0.0418,-0.6982,8.2265,0.0496,-0.6274,7.4957,63.04865697919346
2942776000,3.4616,3.5277,-31.375,14.125,-38.9688,31.6406,17.0,-40.1875,0.0033,0.2771,0.9608,-0.1131,0.2686,0.9566,0.0626,-0.6675,8.0981,0.0481,-0.626,7.4627,63.092921140568535
2947776000,3.4322,3.4542,-31.2812,14.125,-38.875,31.6562,17.0,-39.875,-0.0014,0.2771,0.9608,-0.114,0.2686,0.9565,0.0407,-0.6821,8.0278,0.0559,-0.6289,7.5821,63.01096685308042
2952776000,3.4248,3.6692,-31.25,14.0312,-38.875,31.7031,17.0,-39.5312,-0.007,0.2827,0.9592,-0.139,0.2733,0.9518,0.0447,-0.6958,8.2298,0.0516,-0.6382,7.6411,63.026479923045045
2957776000,3.4652,3.5057,-31.3125,14.125,-38.9375,31.6406,17.0625,-39.75,-0.0052,0.2752,0.9614,-0.1235,0.2658,0.9561,0.0545,-0.6836,8.1955,0.0486,-0.6191,7.3904,63.02683446048992
2962776000,3.4836,3.6379,-31.375,14.2188,-39.125,31.5938,17.1562,-39.75,-0.0099,0.2658,0.964,-0.1219,0.2564,0.9589,0.0634,-0.6494,7.8982,0.0651,-0.6133,7.5035,63.040373707648655
2967776000,3.4579,3.5553,-31.3125,14.1875,-39.0,31.6562,17.0625,-39.8125,-0.0024,0.2761,0.9611,-0.1178,0.2667,0.9565,0.0613,-0.6616,8.0163,0.0572,-0.6167,7.456,63.03953490421705
2972776000,3.5185,3.6159,-31.3125,14.0,-39.25,31.6406,16.9375,-39.875,-0.0258,0.279,0.96,-0.1206,0.2667,0.9562,0.0566,-0.688,8.2692,0.0454,-0.6333,7.5173,63.024696198077784
2977776000,3.4873,3.5001,-31.4062,14.0312,-39.0625,31.5781,16.9375,-39.875,0.0023,0.2865,0.9581,-0.1035,0.2771,0.9553,0.0354,-0.7012,8.1902,0.0497,-0.6313,7.5421,63.05655225612958
2982776000,3.4175,3.5406,-31.5,14.2188,-39.0,31.5,17.0625,-40.0625,0.0278,0.2667,0.9634,-0.0909,0.2583,0.9618,0.0609,-0.6831,8.26,0.0547,-0.625,7.5233,63.07309676827355
2987776000,3.4652,3.6269,-31.625,14.3438,-38.8125,31.3438,17.3438,-40.375,0.0608,0.2592,0.9639,-0.0515,0.2526,0.9662,0.0634,-0.667,8.1011,0.1005,-0.5747,7.4501,63.05958436026993
2992776000,3.4542,3.5314,-31.8438,14.3438,-38.9375,31.125,17.125,-40.0938,0.0947,0.2564,0.9619,-0.025,0.2526,0.9672,0.0822,-0.6553,8.1706,0.0649,-0.5718,7.0279,63.04079533579823
2997777000,3.4726,3.581,-31.7188,14.3125,-38.9062,31.2812,17.2188,-40.5312,0.0977,0.2488,0.9636,0.0175,0.2412,0.9703,0.0777,-0.6196,7.7132,0.0895,-0.5444,6.9869,63.08793232219614
3002777000,3.5773,3.6049,-31.2812,14.4375,-38.8438,31.7188,17.3438,-40.375,0.0973,0.2289,0.9686,-0.0281,0.2261,0.9737,0.0882,-0.5874,7.46,0.0964,-0.5439,7.056,63.08558593791454
3007776000,3.4432,3.456,-31.2812,14.2188,-39.3125,31.7031,17.25,-40.4375,0.0953,0.2318,0.9681,-0.0043,0.227,0.9739,0.0795,-0.604,7.554,0.0889,-0.5601,7.1566,63.06723273562904
3012777000,3.4965,3.355,-31.4375,14.25,-38.8438,31.5312,17.1875,-40.375,0.1359,0.2318,0.9632,0.0119,0.2289,0.9734,0.0841,-0.5942,7.4932,0.0734,-0.562,7.0103,63.05577419538991
3017777000,3.4248,3.5773,-31.3125,14.0312,-38.625,31.6406,16.8125,-40.1562,0.1431,0.2403,0.9601,0.0052,0.2393,0.9709,0.06,-0.6206,7.5313,0.038,-0.6011,7.0679,63.03311036859914
3022777000,3.3513,3.5828,-31.5,14.3438,-38.8125,31.5,17.2188,-40.5625,0.1451,0.2079,0.9673,0.0253,0.206,0.9782,0.092,-0.5879,7.5075,0.1022,-0.5474,7.1586,63.08984169420621
3027783000,3.4266,3.4616,-31.2188,14.0938,-38.9375,31.75,16.9062,-40.125,0.1067,0.2289,0.9676,-0.0024,0.2251,0.9743,0.0825,-0.603,7.5761,0.0629,-0.5898,7.2121,63.04275948473385
3032777000,3.2411,3.3311,-31.125,14.25,-38.6875,31.8438,17.0312,-40.25,0.1231,0.2184,0.9681,-0.0148,0.2156,0.9764,0.074,-0.5957,7.3994,0.0745,-0.584,7.2719,63.04955394869975
3037782000,3.3017,3.4689,-31.5312,14.25,-38.6875,31.4688,17.0,-40.3125,0.1502,0.2251,0.9627,0.0195,0.2203,0.9752,0.0726,-0.6035,7.4738,0.0754,-0.5786,7.2201,63.08092520722885
3042786000,3.2613,3.2631,-31.375,14.3438,-38.6875,31.6406,17.0625,-40.125,0.1316,0.2184,0.9669,-0.0014,0.2146,0.9767,0.0845,-0.5908,7.4589,0.0766,-0.5776,7.2223,63.09059818467408
3047777000,3.2778,3.3532,-31.4062,14.375,-38.7188,31.5625,17.1562,-40.0625,0.1308,0.2146,0.9679,-0.0014,0.2127,0.9771,0.0856,-0.583,7.382,0.0929,-0.5625,7.2282,63.04441119417327
3052777000,3.2576,3.3219,-31.5,14.0625,-38.8125,31.4688,16.9375,-40.0,0.1319,0.2384,0.9622,0.0071,0.2356,0.9718,0.0573,-0.624,7.5405,0.0748,-0.585,7.2857,63.045583149733815
3057777000,3.197,3.2723,-31.5312,14.375,-38.7812,31.4844,17.25,-40.1875,0.1346,0.2127,0.9678,0.0196,0.2089,0.9777,0.0911,-0.585,7.4641,0.0967,-0.5508,7.1367,63.096823597151065
3062902000,3.2135,3.2962,-31.6875,14.1875,-38.5938,31.3125,17.0,-39.9688,0.151,0.2299,0.9614,0.0157,0.228,0.9735,0.0657,-0.6201,7.5883,0.0872,-0.5767,7.3264,63.07773601874119
3067785000,3.2944,3.208,-31.4062,14.125,-38.875,31.5781,17.0312,-39.875,0.1133,0.2299,0.9666,-0.01,0.2261,0.9741,0.0674,-0.6138,7.5343,0.0868,-0.585,7.4169,63.059242343450336
3072902000,3.265,3.2852,-31.5,14.2188,-39.0,31.5,17.125,-39.7812,0.1183,0.2213,0.968,-0.0024,0.2184,0.9758,0.0925,-0.6108,7.7739,0.0943,-0.5698,7.3267,63.07183422003835
3077906000,3.3109,3.2411,-31.4375,14.2188,-39.0,31.5469,17.0312,-39.9375,0.1172,0.2241,0.9675,0.0005,0.2213,0.9752,0.0934,-0.6045,7.7114,0.0881,-0.5913,7.5031,63.05412867822376
3082902000,3.3403,3.3164,-31.4062,14.25,-39.0625,31.5781,17.1562,-39.875,0.1098,0.2184,0.9697,-0.0072,0.2127,0.9771,0.0984,-0.6016,7.7332,0.0912,-0.5703,7.2983,63.05654764717142
3087914000,3.3238,3.3329,-31.4062,14.25,-39.0,31.5781,17.125,-40.25,0.1136,0.2184,0.9692,0.0072,0.2137,0.9769,0.0893,-0.6104,7.7337,0.0974,-0.5698,7.3607,63.06227217195714
3092902000,3.2907,3.3587,-31.4062,14.2188,-38.9375,31.5625,17.1562,-39.8125,0.1183,0.2184,0.9686,-0.0024,0.2146,0.9767,0.0901,-0.6084,7.7207,0.0923,-0.5786,7.4046,63.04324804013512
3097914000,3.3072,3.2521,-31.5625,14.4375,-39.1875,31.4062,17.3438,-39.75,0.1103,0.1974,0.9741,-0.0024,0.1936,0.9811,0.1278,-0.5898,7.9202,0.117,-0.5308,7.1321,63.038243675010484
3102902000,3.2778,3.3991,-31.2812,14.0938,-38.8125,31.7031,17.0,-40.125,0.1057,0.2327,0.9668,0.0005,0.228,0.9737,0.0786,-0.6182,7.7064,0.0942,-0.5811,7.453,63.06497206199334
3107902000,3.1915,3.3109,-31.25,14.2188,-39.0,31.7344,17.25,-40.0312,0.0937,0.2184,0.9713,-0.0043,0.2127,0.9771,0.0977,-0.6069,7.7859,0.1203,-0.5527,7.4167,63.06572912636466
3112906000,3.2907,3.3017,-31.375,14.3125,-39.0,31.5938,17.1562,-40.25,0.1072,0.2118,0.9714,0.0024,0.2051,0.9787,0.0985,-0.5967,7.6782,0.1084,-0.5542,7.3033,63.04537178199523
3117905000,3.287,3.355,-31.4062,14.3125,-38.9375,31.5938,17.1875,-39.8438,0.1118,0.2156,0.9701,-0.0043,0.2127,0.9771,0.1006,-0.6006,7.7454,0.1059,-0.5566,7.3037,63.07207785296121
3122915000,3.344,3.3127,-31.3125,14.4375,-39.0,31.6406,17.375,-39.625,0.1037,0.1974,0.9748,-0.0177,0.1926,0.9811,0.1133,-0.5903,7.7671,0.1233,-0.5425,7.3332,63.024696198077784
3127902000,3.3072,3.445,-31.25,14.3438,-39.0625,31.7344,17.25,-40.25,0.0968,0.2079,0.9733,-0.0014,0.2032,0.9791,0.107,-0.5938,7.7374,0.1216,-0.5532,7.4362,63.06259428575707
3132902000,3.2999,3.3973,-31.2812,14.125,-38.9375,31.7031,17.0,-40.0,0.0954,0.2289,0.9688,-0.0128,0.2251,0.9743,0.0773,-0.6221,7.7364,0.1079,-0.5845,7.6418,63.05883425611355
3137904000,3.1896,3.2907,-31.3125,14.2188,-38.75,31.6562,17.1562,-39.75,0.1117,0.2194,0.9692,-0.0157,0.2146,0.9766,0.0942,-0.605,7.7256,0.0981,-0.561,7.2682,63.045106855726715
3142903000,3.2209,3.3752,-31.375,14.3438,-38.8125,31.5938,17.3125,-40.0,0.1244,0.2041,0.971,0.012,0.2003,0.9797,0.1005,-0.5894,7.6167,0.1427,-0.5459,7.584,63.04992553032874
3147903000,3.3109,3.366,-31.4062,14.0625,-38.8125,31.5781,17.0312,-40.0,0.1132,0.2337,0.9657,0.0024,0.228,0.9737,0.0715,-0.6318,7.7857,0.0952,-0.5991,7.6694,63.065405591576116
3152907000,3.2999,3.3109,-31.3125,14.4375,-38.8125,31.6406,17.375,-40.0938,0.115,0.2022,0.9726,0.0053,0.1984,0.9801,0.1149,-0.585,7.724,0.1376,-0.5454,7.5224,63.03462092810585
3157903000,3.2705,3.3403,-31.5,14.375,-38.8438,31.5,17.3125,-40.1562,0.1187,0.206,0.9713,0.012,0.2022,0.9793,0.106,-0.5908,7.6934,0.161,-0.5342,7.6516,63.08209967978238
3162903000,3.3293,3.3568,-31.375,14.3438,-39.0,31.625,17.0625,-40.0,0.11,0.2108,0.9713,-0.0014,0.207,0.9783,0.1022,-0.5957,7.7071,0.1034,-0.5767,7.5036,63.06656269125502
3167916000,3.3091,3.4652,-31.5,14.0938,-38.875,31.4844,17.0625,-40.1562,0.1161,0.2308,0.966,0.0157,0.2251,0.9742,0.0792,-0.6255,7.7969,0.103,-0.5688,7.4109,63.067339380141924
3172911000,3.2668,3.3293,-31.2812,14.4062,-38.875,31.7031,17.4375,-40.1875,0.1008,0.1984,0.9749,0.0053,0.1936,0.9811,0.1069,-0.5903,7.6972,0.1567,-0.5366,7.6325,63.07086080298889
3177903000,3.2576,3.2484,-31.125,14.3125,-38.8125,31.8594,17.2188,-40.0,0.0938,0.2137,0.9724,-0.0177,0.2089,0.9778,0.0967,-0.5962,7.6527,0.1187,-0.5776,7.682,63.0625988942733
3182903000,3.2778,3.2778,-31.625,14.2188,-39.1875,31.375,17.1562,-40.0,0.1118,0.2165,0.9699,0.0186,0.2108,0.9774,0.1024,-0.6167,7.9487,0.1119,-0.5542,7.3413,63.073674976252974
3187910000,3.2337,3.3752,-31.375,14.375,-38.875,31.625,17.25,-40.0,0.1083,0.2051,0.9727,0.0005,0.2012,0.9795,0.1096,-0.5962,7.7939,0.1148,-0.5732,7.5894,63.07559948189157
3192903000,3.3072,3.4322,-31.5312,14.6562,-38.8125,31.4375,17.5,-40.1875,0.1257,0.1898,0.9737,0.0091,0.183,0.9831,0.1346,-0.5737,7.8116,0.1385,-0.5176,7.2186,63.04787865685887
3198028000,3.2595,3.434,-31.375,14.3438,-38.9062,31.6406,17.1875,-40.0,0.1063,0.2089,0.9721,-0.0053,0.2041,0.9789,0.1076,-0.6001,7.8165,0.1309,-0.5674,7.6981,63.08921359067649
3203028000,3.2999,3.3385,-31.4375,14.3438,-39.0,31.5469,17.3438,-40.125,0.1053,0.2098,0.972,0.0053,0.2041,0.9789,0.1173,-0.5918,7.8278,0.1708,-0.5386,7.8081,63.06584074092726
3208028000,3.2503,3.4487,-31.3125,14.25,-39.0,31.6406,17.2188,-40.125,0.0948,0.2146,0.9721,0.0033,0.2108,0.9775,0.1049,-0.603,7.8206,0.137,-0.5562,7.6374,63.03310398552494
3213028000,3.3054,3.3513,-31.375,14.4375,-38.9375,31.5938,17.4688,-40.0625,0.1017,0.1984,0.9748,0.0053,0.1926,0.9813,0.1135,-0.5845,7.7031,0.1273,-0.5249,7.1786,63.05175793052879
3218031000,3.2852,3.3862,-31.2812,14.25,-38.6875,31.7188,17.1562,-40.125,0.108,0.2146,0.9707,-0.0024,0.2089,0.9779,0.0831,-0.6045,7.5995,0.1226,-0.5767,7.7135,63.083376611354595
3223028000,3.2448,3.4634,-31.375,14.5,-38.8125,31.625,17.375,-40.1875,0.1171,0.1936,0.9741,0.0168,0.1878,0.9821,0.118,-0.5854,7.7628,0.1552,-0.5444,7.7035,63.08055365958673
3228028000,3.2539,3.3734,-31.2812,14.4062,-38.8125,31.6875,17.3125,-40.1562,0.1197,0.2032,0.9718,0.0024,0.2003,0.9797,0.105,-0.5884,7.6543,0.1469,-0.5376,7.5354,63.05005383875576
3233029000,3.1951,3.3513,-31.4062,14.4062,-38.75,31.5625,17.3438,-40.125,0.1377,0.2022,0.9696,0.0234,0.1974,0.98,0.1131,-0.5879,7.7373,0.141,-0.542,7.5211,63.05217917288823
3238029000,3.2741,3.4836,-31.375,14.3438,-38.6875,31.625,17.2188,-40.0,0.132,0.2041,0.97,0.0129,0.2003,0.9797,0.1078,-0.5942,7.7517,0.1292,-0.5439,7.4138,63.0792222625644
3243029000,3.2503,3.5148,-31.2812,14.5312,-38.8125,31.7031,17.375,-40.1875,0.1267,0.1907,0.9734,0.0197,0.1859,0.9824,0.1232,-0.5737,7.6869,0.1526,-0.5522,7.7639,63.06345907044744
3248029000,3.2521,3.4211,-31.375,14.3438,-38.8125,31.625,17.1875,-40.0625,0.131,0.207,0.9695,0.0282,0.2012,0.9791,0.1231,-0.5903,7.8744,0.1366,-0.563,7.7109,63.0765339067549
3253029000,3.219,3.4101,-31.375,14.375,-38.75,31.625,17.25,-40.0312,0.1321,0.2022,0.9704,0.0158,0.2003,0.9796,0.1108,-0.5854,7.6842,0.1475,-0.5562,7.7522,63.07857876046352
3258029000,3.219,3.3293,-31.4375,14.2188,-38.8438,31.5312,17.1562,-39.8438,0.1355,0.2127,0.9677,0.0157,0.2098,0.9776,0.1013,-0.5957,7.6971,0.1082,-0.5664,7.4398,63.045106855726715
3263040000,3.1951,3.4377,-31.5312,14.25,-38.8438,31.4688,17.25,-40.0625,0.1376,0.2079,0.9684,0.0301,0.2041,0.9785,0.1066,-0.604,7.8504,0.1304,-0.5513,7.5101,63.08316122143848
3268029000,3.2741,3.4652,-31.375,14.625,-38.9688,31.6406,17.5625,-40.125,0.125,0.1811,0.9755,0.0197,0.1763,0.9841,0.1466,-0.5635,7.8259,0.1879,-0.5122,7.6975,63.094623765024544
3273029000,3.2301,3.3293,-31.125,14.625,-38.625,31.8438,17.4375,-40.0,0.1239,0.1859,0.9747,0.0034,0.1821,0.9833,0.1322,-0.5625,7.6574,0.1743,-0.5283,7.731,63.046574488151215
3278029000,3.2503,3.4046,-31.25,14.4062,-38.75,31.75,17.3125,-40.1875,0.1225,0.2041,0.9712,0.0196,0.1993,0.9797,0.1151,-0.5874,7.7538,0.156,-0.5571,7.8566,63.083381218352585
3283029000,3.2833,3.513,-31.375,14.5312,-38.9375,31.625,17.5,-40.1875,0.1248,0.1878,0.9742,0.0264,0.183,0.9828,0.1389,-0.5767,7.8916,0.162,-0.5337,7.6568,63.0822976233428
3288029000,3.2778,3.4946,-31.375,14.4062,-38.8125,31.625,17.375,-40.2812,0.1246,0.1974,0.9724,0.0302,0.1926,0.9808,0.1259,-0.585,7.8433,0.1735,-0.5405,7.8596,63.08701017745254
3293029000,3.2392,3.4965,-31.3125,14.3125,-38.8125,31.6562,17.1875,-40.0625,0.1234,0.2079,0.9703,0.0158,0.2041,0.9788,0.1192,-0.5962,7.8985,0.1411,-0.5645,7.7769,63.04669146505628
3298037000,3.2484,3.4726,-31.3125,14.25,-38.625,31.6875,17.2188,-40.0625,0.1338,0.2079,0.9689,0.0129,0.2041,0.9789,0.1021,-0.6074,7.8401,0.1333,-0.5552,7.5863,63.08629153540411
3303029000,3.2797,3.4781,-31.2812,14.4062,-38.8125,31.7031,17.3438,-40.0938,0.1237,0.1936,0.9732,0.0197,0.1888,0.9818,0.1266,-0.5898,7.9069,0.1761,-0.5532,8.0327,63.065785255873884
3308029000,3.2962,3.4322,-31.25,14.3125,-39.0625,31.7344,17.3125,-40.0625,0.1065,0.2003,0.9739,0.0081,0.1945,0.9809,0.1272,-0.5957,7.9803,0.1534,-0.5552,7.8065,63.06373477173708
3313029000,3.2705,3.434,-31.2812,14.2188,-38.8125,31.6875,17.125,-40.0,0.1251,0.2146,0.9687,0.0167,0.2108,0.9774,0.1149,-0.6055,7.9577,0.1414,-0.5703,7.8461,63.04691375777247
3318032000,3.3146,3.4358,-31.3125,14.4375,-38.8125,31.6562,17.3438,-40.0,0.1285,0.1926,0.9728,0.0197,0.1878,0.982,0.1309,-0.5864,7.9146,0.1401,-0.5493,7.5947,63.0469183674349
3323029000,3.2686,3.3789,-31.375,14.5,-38.7812,31.625,17.4375,-40.25,0.1293,0.1974,0.9717,0.034,0.1936,0.9805,0.1302,-0.5762,7.7913,0.1609,-0.5098,7.3748,63.085547312280646
3328029000,3.2595,3.4616,-31.2812,14.3125,-38.75,31.7031,17.1875,-40.125,0.1262,0.2089,0.9698,0.0148,0.2051,0.9786,0.1226,-0.5947,7.9192,0.14,-0.5654,7.776,63.06487371342307
3333154000,3.2374,3.3899,-31.3125,14.5,-38.8125,31.6406,17.375,-39.8125,0.1286,0.1907,0.9732,0.0053,0.1878,0.9822,0.1281,-0.5752,7.7562,0.1497,-0.5415,7.6103,63.02664852750779
3338154000,3.2558,3.4285,-31.375,14.3125,-38.6875,31.625,17.25,-39.8438,0.1252,0.2098,0.9697,0.0053,0.206,0.9785,0.1053,-0.5962,7.7466,0.1418,-0.5474,7.5912,63.07904514131456
3343154000,3.2337,3.4046,-31.2812,14.4375,-38.75,31.7188,17.375,-39.9062,0.1247,0.1936,0.9731,0.0053,0.1907,0.9816,0.129,-0.5864,7.8946,0.17,-0.5322,7.7284,63.07904330829693
3348155000,3.2668,3.4818,-31.3125,14.375,-38.75,31.6406,17.3438,-39.9688,0.1273,0.2012,0.9712,0.0148,0.1974,0.9802,0.1138,-0.5908,7.778,0.1493,-0.5376,7.5621,63.03484787393399
3353154000,3.2595,3.4377,-31.4062,14.25,-38.75,31.5469,17.375,-40.0938,0.1339,0.2041,0.9697,0.0196,0.2012,0.9793,0.1114,-0.6074,7.9413,0.1714,-0.5444,7.8811,63.044938123928716
3358155000,3.2613,3.6085,-31.4062,14.3438,-38.6875,31.5938,17.2188,-40.1875,0.1347,0.2079,0.9688,0.0292,0.2032,0.9787,0.1115,-0.5977,7.8313,0.1418,-0.5645,7.7849,63.08340213558555
3363157000,3.2723,3.5608,-31.3125,14.25,-38.8438,31.6406,17.2188,-40.125,0.1242,0.2108,0.9696,0.0205,0.2051,0.9785,0.1158,-0.605,7.9615,0.1418,-0.5596,7.7295,63.03608527256432
3368155000,3.2595,3.4946,-31.2812,14.3125,-38.8125,31.7031,17.2188,-40.0938,0.1196,0.2079,0.9708,0.0196,0.2041,0.9788,0.1174,-0.5962,7.8785,0.1404,-0.5474,7.5752,63.06433505452983
3373158000,3.2668,3.4524,-31.3125,14.4062,-38.6562,31.6562,17.375,-39.9375,0.1323,0.1936,0.9721,0.0091,0.1907,0.9816,0.1169,-0.5894,7.7953,0.168,-0.5454,7.8547,63.05166677273488
3378155000,3.2337,3.4156,-31.3125,14.4375,-39.0312,31.6562,17.5312,-40.125,0.1172,0.1888,0.975,0.0158,0.1859,0.9824,0.1315,-0.583,7.8824,0.1846,-0.519,7.7385,63.05413989437965
3383157000,3.2888,3.4469,-31.125,14.3125,-38.6562,31.8594,17.1562,-40.1875,0.1138,0.2098,0.9711,0.0024,0.2051,0.9787,0.1065,-0.6006,7.81,0.1613,-0.583,8.208,63.06715589544213
3388155000,3.2999,3.5994,-31.4062,14.4375,-38.9062,31.5625,17.5,-40.0625,0.1295,0.1926,0.9727,0.0302,0.1878,0.9817,0.1227,-0.585,7.8086,0.1687,-0.5269,7.653,63.053731972263144
3393155000,3.2484,3.57,-31.3125,14.5,-38.8125,31.6562,17.4688,-40.0625,0.1277,0.1888,0.9737,0.0197,0.185,0.9825,0.1407,-0.5786,7.9338,0.1798,-0.522,7.7194,63.0510384778078
3398155000,3.2778,3.4965,-31.3125,14.5,-38.7188,31.6562,17.3438,-39.8125,0.1285,0.1926,0.9728,0.012,0.1888,0.9819,0.136,-0.5859,7.9651,0.157,-0.5298,7.5579,63.04237113100997
3403155000,3.3219,3.5167,-31.4062,14.375,-38.9062,31.5781,17.1875,-40.0312,0.1246,0.1974,0.9724,0.0235,0.1936,0.9808,0.122,-0.5869,7.8235,0.1389,-0.563,7.7363,63.05709974094908
3408155000,3.3054,3.5259,-31.375,14.3438,-38.7188,31.625,17.2188,-39.875,0.1273,0.2032,0.9708,0.0091,0.2003,0.9797,0.1198,-0.6006,7.9553,0.1487,-0.5586,7.7932,63.076163670914546
3413155000,3.2466,3.5277,-31.25,14.5312,-38.6875,31.7188,17.375,-40.0,0.1266,0.1917,0.9733,0.0158,0.1878,0.9821,0.1281,-0.5718,7.7174,0.1639,-0.5405,7.7554,63.04664644634162
3418155000,3.2448,3.4432,-31.5625,14.4375,-38.5625,31.4375,17.25,-39.9688,0.1491,0.2012,0.9681,0.034,0.1974,0.9797,0.1307,-0.5981,8.0468,0.1415,-0.5425,7.5319,63.078426073737766
3423155000,3.2521,3.4946,-31.3125,14.2188,-38.8438,31.6875,17.0312,-39.9688,0.1232,0.2146,0.9689,0.01,0.2089,0.9779,0.11,-0.6045,7.8926,0.1086,-0.5742,7.5325,63.07277716067369
3428155000,3.3091,3.6637,-31.375,14.25,-38.9375,31.6406,17.125,-40.0312,0.1204,0.2108,0.9701,0.0234,0.206,0.9783,0.1171,-0.6025,7.9483,0.136,-0.5732,7.8207,63.09063042996163
3433155000,3.2337,3.5057,-31.4062,14.3438,-38.8125,31.5938,17.1562,-40.125,0.1273,0.2041,0.9706,0.0225,0.1993,0.9797,0.1307,-0.5986,8.0524,0.135,-0.5752,7.8322,63.07640010344598
3438155000,3.298,3.5406,-31.5,14.0938,-39.0312,31.4844,17.0312,-40.0625,0.1249,0.2222,0.967,0.0319,0.2184,0.9753,0.1037,-0.6245,8.0528,0.1368,-0.5815,7.9244,63.061291945297164
3443159000,3.3623,3.7298,-31.2188,14.5,-38.75,31.75,17.375,-40.0,0.1181,0.1926,0.9741,0.012,0.1869,0.9823,0.1436,-0.5806,7.9867,0.1722,-0.5342,7.7745,63.046791341352176
3448155000,3.3458,3.5204,-31.25,14.6562,-38.9688,31.7344,17.5312,-40.0938,0.1108,0.1763,0.9781,0.0091,0.1715,0.9851,0.158,-0.563,7.9445,0.1892,-0.5132,7.7232,63.060018183949175
3453155000,3.2815,3.4579,-31.3125,14.4375,-38.8125,31.6562,17.375,-40.1875,0.1247,0.1917,0.9735,0.0197,0.1869,0.9822,0.127,-0.5835,7.8386,0.1613,-0.5425,7.7481,63.052174513968986
3458155000,3.2797,3.5112,-31.2812,14.4062,-38.9375,31.7188,17.375,-40.1875,0.1142,0.1936,0.9744,0.0254,0.1898,0.9815,0.1327,-0.5918,7.9958,0.1681,-0.5356,7.7456,63.0822976233428
3463155000,3.3421,3.6159,-31.0938,14.4375,-38.8125,31.8906,17.375,-40.25,0.1095,0.1907,0.9755,0.0062,0.1869,0.9824,0.1274,-0.5806,7.8106,0.172,-0.5391,7.827,63.06924730690862
3468156000,3.3844,3.5167,-31.2812,14.3438,-38.875,31.7031,17.2188,-40.125,0.1188,0.2012,0.9723,0.0196,0.1965,0.9803,0.1265,-0.5952,7.9667,0.1663,-0.5601,8.002,63.06227217195714
3473281000,3.3109,3.6141,-31.3125,14.4375,-38.6875,31.6406,17.4375,-39.9688,0.1285,0.1917,0.973,0.0197,0.1869,0.9822,0.1197,-0.5859,7.7871,0.1719,-0.5249,7.6657,63.0375644302665
3478281000,3.3109,3.603,-31.375,14.5,-38.875,31.625,17.375,-40.0,0.1229,0.1898,0.9741,0.0197,0.1859,0.9824,0.1431,-0.5771,7.9425,0.1604,-0.5342,7.6449,63.07559948189157
3483281000,3.2815,3.4432,-31.5,14.3438,-38.75,31.5,17.125,-39.9062,0.1434,0.2012,0.969,0.0244,0.1974,0.98,0.1276,-0.5952,7.9787,0.1324,-0.5654,7.6933,63.071957888430894
3488281000,3.2117,3.355,-31.4062,14.4375,-38.5312,31.5625,17.3125,-39.875,0.1474,0.1955,0.9696,0.0235,0.1936,0.9808,0.1217,-0.585,7.7979,0.1514,-0.54,7.6124,63.04862094550523
3493281000,3.2815,3.5369,-31.4375,14.0625,-38.7188,31.5469,17.0,-40.0625,0.1343,0.2222,0.9657,0.0348,0.2184,0.9752,0.0947,-0.6343,8.0667,0.1199,-0.5962,7.9059,63.06717909737204
3498281000,3.3072,3.5424,-31.4062,14.3125,-38.75,31.5781,17.1875,-39.8125,0.1291,0.2051,0.9702,0.012,0.2022,0.9793,0.1141,-0.5981,7.8648,0.1331,-0.5605,7.6446,63.05883425611355
3503294000,3.2741,3.5442,-31.2812,14.2188,-38.875,31.6875,17.1875,-39.875,0.1194,0.2127,0.9698,0.0158,0.2089,0.9778,0.1132,-0.5986,7.861,0.1562,-0.5762,8.0755,63.04657293921693
3508281000,3.3054,3.5167,-31.25,14.0938,-38.5625,31.7344,17.0312,-40.0,0.1277,0.2203,0.967,0.0157,0.2146,0.9766,0.0842,-0.6182,7.7677,0.1252,-0.5933,7.9311,63.06924264940876
3513295000,3.2797,3.4726,-31.3125,14.1875,-38.75,31.6562,17.0625,-39.8125,0.1213,0.2146,0.9691,0.0091,0.2098,0.9777,0.1067,-0.6094,7.9123,0.1241,-0.5894,7.874,63.0432526995554
3518281000,3.3458,3.5736,-31.5,14.5,-38.9688,31.5,17.5,-40.125,0.1278,0.183,0.9748,0.0322,0.1792,0.9833,0.1412,-0.5786,7.9391,0.1791,-0.5186,7.6729,63.08198473764122
3523281000,3.344,3.6306,-31.2188,14.3125,-38.7188,31.7969,17.1562,-40.0,0.1158,0.2079,0.9713,0.0119,0.2041,0.9789,0.113,-0.5991,7.864,0.131,-0.5669,7.6939,63.09284071604321
3528281000,3.2888,3.4211,-31.3125,14.3125,-38.875,31.6406,17.3125,-40.0,0.1226,0.2012,0.9718,0.0158,0.1965,0.9804,0.1136,-0.5977,7.8539,0.1501,-0.5435,7.6377,63.03458118057103
3533281000,3.2503,3.502,-31.4375,14.3438,-38.5625,31.5469,17.1875,-39.9375,0.1434,0.2032,0.9686,0.0234,0.2003,0.9795,0.1033,-0.5977,7.7413,0.1541,-0.562,7.8907,63.06355443558506
3538286000,3.2925,3.355,-31.25,14.4375,-38.75,31.7344,17.1562,-39.8125,0.1237,0.1936,0.9732,0.0062,0.1907,0.9816,0.1208,-0.5859,7.7991,0.1366,-0.5742,7.8385,63.05200139012243
3543281000,3.377,3.671,-31.4062,14.5,-39.0,31.5938,17.25,-40.125,0.1229,0.1898,0.9741,0.0302,0.1859,0.9821,0.1432,-0.5796,7.9716,0.168,-0.5586,8.0041,63.07002556682532
3548281000,3.5204,3.5847,-31.375,14.125,-39.0,31.625,17.1875,-40.0,0.0994,0.2194,0.9706,0.0081,0.2146,0.9767,0.1035,-0.6064,7.8442,0.1582,-0.5537,7.8419,63.08231849139662
3553281000,3.4965,3.5516,-31.375,14.4062,-39.0625,31.6406,17.4688,-40.375,0.0713,0.1965,0.9779,-0.0101,0.1888,0.982,0.1203,-0.5747,7.666,0.1729,-0.5562,8.0298,63.103629201259096
3558281000,3.4285,3.5369,-31.5,14.375,-39.3125,31.4844,17.4375,-40.625,0.0616,0.2032,0.9772,-0.0072,0.1936,0.9811,0.1211,-0.5659,7.5748,0.1677,-0.5474,7.8742,63.07246789099028
3563281000,3.4064,3.6159,-31.5,14.0938,-39.1875,31.4844,17.0312,-40.125,0.0356,0.2365,0.971,-0.0442,0.228,0.9727,0.0908,-0.5918,7.538,0.1072,-0.5981,7.7895,63.059827690614576
3568281000,3.434,3.7849,-31.5312,14.0,-39.25,31.4375,17.0312,-40.0,0.0289,0.2375,0.971,-0.0546,0.2289,0.9719,0.0983,-0.6113,7.8434,0.0984,-0.583,7.5218,63.046077222377605
3573282000,3.3348,3.4726,-31.7188,14.2188,-39.0625,31.2656,17.2188,-40.4688,0.0537,0.227,0.9724,-0.0253,0.2165,0.9759,0.1022,-0.5864,7.602,0.1505,-0.5562,7.7855,63.07148581609601
3578282000,3.4689,3.5865,-31.5938,14.1875,-39.5625,31.4062,17.3125,-40.3125,0.0129,0.2184,0.9758,-0.0568,0.2079,0.9765,0.1185,-0.5889,7.8078,0.1383,-0.5562,7.6521,63.0819159902424
3583282000,3.4634,3.7537,-31.5,14.0625,-39.1875,31.5,16.9062,-40.0625,0.0318,0.2318,0.9723,-0.0595,0.2222,0.9732,0.0818,-0.5972,7.5013,0.0906,-0.6089,7.7316,63.07021685938617
3588282000,3.5387,3.7629,-31.6875,14.0,-39.3438,31.3281,17.0625,-40.125,0.0328,0.2327,0.972,-0.0433,0.2222,0.974,0.0863,-0.6094,7.6899,0.109,-0.585,7.6593,63.09480979486347
3593285000,3.4395,3.581,-31.375,14.0625,-39.2188,31.5938,17.0625,-40.125,0.0157,0.2327,0.9724,-0.0623,0.2232,0.9728,0.092,-0.5981,7.6243,0.124,-0.5942,7.9289,63.04673640942884
3598285000,3.5277,3.6012,-31.625,13.9062,-39.375,31.375,17.0312,-40.1875,0.0156,0.2431,0.9699,-0.0518,0.2318,0.9714,0.0816,-0.6255,7.8228,0.123,-0.5913,7.8842,63.08269002864415
3603282000,3.4946,3.7519,-31.5625,14.0,-38.9688,31.4219,16.9062,-40.1562,0.0374,0.2384,0.9704,-0.0395,0.227,0.9731,0.0839,-0.6074,7.6416,0.1029,-0.6133,7.9157,63.06259240278661
3608407000,3.4064,3.649,-31.5625,14.0938,-39.2188,31.4219,17.0312,-40.25,0.0347,0.2308,0.9724,-0.0566,0.2203,0.9738,0.0963,-0.5981,7.6703,0.1343,-0.5884,7.9742,63.061290309983356
3613407000,3.4285,3.6471,-31.4062,14.0625,-39.1562,31.5781,17.0312,-40.1875,0.0242,0.2356,0.9716,-0.067,0.2251,0.972,0.0957,-0.6172,7.8817,0.1368,-0.6001,8.1358,63.062657776769925
3618407000,3.4799,3.6802,-31.625,14.0625,-39.1875,31.3438,17.0625,-40.0625,0.0366,0.2308,0.9723,-0.0519,0.2213,0.9738,0.1036,-0.6089,7.8728,0.14,-0.5898,8.0536,63.04629567579685
3623407000,3.4928,3.6049,-31.6875,14.0,-39.0625,31.3125,16.9375,-39.9375,0.0431,0.2412,0.9695,-0.0565,0.2299,0.9716,0.0902,-0.626,7.9223,0.124,-0.6064,8.0682,63.07451570365008
3628410000,3.3881,3.6141,-31.7188,14.0312,-39.0625,31.25,17.0312,-39.9375,0.0469,0.2412,0.9693,-0.0574,0.2318,0.9711,0.1001,-0.6162,7.9185,0.1224,-0.5791,7.7386,63.04629567579685
3633407000,3.4193,3.649,-31.5625,14.0938,-39.0625,31.4219,17.0312,-39.9375,0.0308,0.2356,0.9714,-0.0566,0.2251,0.9727,0.0966,-0.5957,7.6458,0.1444,-0.5869,8.0682,63.05892947965419
3638407000,3.4597,3.5001,-31.5625,14.0938,-39.1875,31.4219,17.125,-40.3125,0.0261,0.2346,0.9717,-0.049,0.2232,0.9735,0.1086,-0.6138,7.9832,0.1602,-0.5742,8.096,63.06733260413033
3643407000,3.4028,3.6526,-31.625,13.9062,-38.875,31.3438,16.9062,-40.0312,0.0515,0.2526,0.9662,-0.0459,0.2422,0.9691,0.0715,-0.6416,7.897,0.1078,-0.5991,7.8073,63.05082530689032
3648407000,3.4597,3.4983,-31.6875,14.3125,-39.3438,31.3281,17.3438,-40.3125,0.0262,0.2137,0.9766,-0.0435,0.2022,0.9784,0.1309,-0.5747,7.7813,0.1793,-0.5444,7.9679,63.09590321676995
3653407000,3.4671,3.5865,-31.6875,14.1875,-39.1562,31.3125,17.1875,-40.0,0.0376,0.2261,0.9734,-0.0491,0.2156,0.9753,0.1179,-0.6055,7.9904,0.1624,-0.5728,8.1034,63.07703225770851
3658407000,3.4597,3.5167,-31.5625,14.125,-39.0625,31.4062,17.125,-39.8125,0.0299,0.2308,0.9725,-0.0604,0.2213,0.9733,0.1076,-0.5977,7.7886,0.1512,-0.5762,8.0208,63.04458485619522
3663407000,3.4763,3.682,-31.5,14.0,-39.1875,31.5312,17.0312,-40.0,0.0109,0.2403,0.9706,-0.0641,0.2289,0.9713,0.1054,-0.6133,7.943,0.1503,-0.5942,8.2157,63.10927430362355
3668407000,3.5167,3.6324,-31.5625,14.0312,-39.0625,31.4219,17.0625,-39.5625,0.027,0.2393,0.9706,-0.0679,0.2289,0.9711,0.0922,-0.6133,7.7991,0.1346,-0.5884,7.9782,63.059284986828075
3673407000,3.4505,3.6177,-31.5625,14.0,-39.0,31.4375,17.0,-39.875,0.0317,0.2422,0.9697,-0.0679,0.2327,0.9702,0.0998,-0.625,8.0157,0.1337,-0.5947,8.0398,63.07745734412572
3678408000,3.4781,3.796,-31.6875,14.0938,-38.9375,31.3125,17.125,-40.0625,0.046,0.2365,0.9705,-0.0471,0.2251,0.9732,0.1039,-0.6182,7.9821,0.17,-0.5771,8.2375,63.08291209543199
3683407000,3.4505,3.5259,-31.6875,14.1875,-39.2188,31.3125,17.1875,-40.0,0.029,0.2251,0.9739,-0.0472,0.2146,0.9756,0.1198,-0.5923,7.8607,0.1715,-0.5586,8.0428,63.07622589724277
3688416000,3.4965,3.7133,-31.5625,14.0625,-39.0625,31.4219,17.0625,-39.9062,0.0365,0.2393,0.9702,-0.0537,0.2289,0.972,0.1012,-0.6074,7.8301,0.1432,-0.5864,8.0493,63.061449975797416
3693411000,3.4469,3.5534,-31.5,13.875,-39.0,31.5312,16.7188,-39.9375,0.026,0.2564,0.9662,-0.0648,0.2469,0.9669,0.0763,-0.6226,7.7314,0.116,-0.6401,8.3664,63.10228425445469
3698408000,3.4634,3.6563,-31.5,14.0938,-38.8125,31.5,17.0625,-39.875,0.0384,0.2356,0.9711,-0.0623,0.2251,0.9723,0.1054,-0.6074,7.876,0.1608,-0.5938,8.3249,63.078856092513284
3703408000,3.5387,3.6012,-31.5625,14.0625,-39.3125,31.4375,16.9062,-40.0,0.0194,0.2384,0.971,-0.0518,0.2289,0.9721,0.1152,-0.6113,8.0273,0.1418,-0.6021,8.2127,63.067894256428126
3708420000,3.4873,3.5277,-31.5312,14.0938,-39.0,31.4688,17.0625,-39.6875,0.0252,0.2337,0.972,-0.0775,0.2251,0.9713,0.1111,-0.6138,8.0105,0.1393,-0.5889,8.0344,63.0736540557149
3713408000,3.5204,3.6729,-31.4375,14.0,-38.9062,31.5469,16.875,-39.7188,0.0279,0.2535,0.9669,-0.0705,0.245,0.9669,0.0959,-0.6172,7.8837,0.118,-0.6143,8.0914,63.05521855580234
3718408000,3.524,3.6747,-31.6875,14.0938,-39.0625,31.3281,17.0,-40.125,0.0394,0.2346,0.9713,-0.0385,0.2241,0.9738,0.1153,-0.605,7.9561,0.1489,-0.5962,8.2233,63.09152675320197
3723410000,3.491,3.6159,-31.5,14.125,-38.9375,31.5,16.9375,-39.875,0.0299,0.2327,0.9721,-0.0604,0.2232,0.9729,0.1018,-0.6006,7.7587,0.1459,-0.6064,8.3069,63.0697158904335
3728411000,3.5553,3.5755,-31.5312,14.3438,-39.125,31.4844,17.25,-39.8125,0.0243,0.2175,0.9758,-0.0682,0.2079,0.9758,0.1324,-0.5918,7.9931,0.1737,-0.563,8.1167,63.08632576121389
3733408000,3.5148,3.5369,-31.375,14.4062,-38.9062,31.625,17.25,-40.0,0.0262,0.2137,0.9766,-0.0759,0.2041,0.976,0.1306,-0.5781,7.8175,0.1947,-0.5645,8.3632,63.07363630614617
3738408000,3.5259,3.5534,-31.5312,14.375,-39.1562,31.4844,17.1562,-39.9375,0.0262,0.2165,0.9759,-0.0654,0.207,0.9762,0.1357,-0.5811,7.9068,0.1792,-0.5723,8.2822,63.081783000245004
3743533000,3.5406,3.6196,-31.5312,14.3438,-39.125,31.4688,17.2188,-40.3125,0.0319,0.2165,0.9758,-0.0435,0.207,0.9774,0.1332,-0.585,7.9233,0.1914,-0.561,8.2883,63.0767451700704
3748547000,3.4781,3.7408,-31.5312,14.3125,-39.125,31.4688,17.3125,-39.8125,0.029,0.2222,0.9746,-0.0672,0.2127,0.9748,0.1304,-0.5933,7.9871,0.1759,-0.5508,8.0024,63.075135007782585
3753533000,3.3991,3.5516,-31.5,14.125,-38.9688,31.5,17.125,-40.3438,0.0337,0.2356,0.9713,-0.0518,0.2251,0.973,0.1153,-0.6138,8.0565,0.1714,-0.5859,8.3521,63.08637432124309
3758533000,3.4946,3.682,-31.7188,14.0625,-39.0,31.2656,17.0,-40.0,0.0441,0.2393,0.9699,-0.0385,0.2299,0.9725,0.1065,-0.6143,7.9661,0.1598,-0.5869,8.2364,63.060792491135096
3763533000,3.513,3.5718,-31.5938,14.0938,-39.0312,31.3906,17.0,-39.875,0.0365,0.2356,0.9712,-0.0566,0.2261,0.9725,0.111,-0.603,7.8872,0.1602,-0.5957,8.3405,63.05705860758176
3768533000,3.491,3.4818,-31.5625,14.0625,-38.9375,31.4375,16.9062,-40.0,0.0327,0.2412,0.9699,-0.0603,0.2318,0.9709,0.0969,-0.6172,7.895,0.1606,-0.6089,8.4963,63.07309676827355
3773533000,3.5167,3.5553,-31.5312,14.0,-38.9688,31.4375,17.125,-40.1875,0.0308,0.2365,0.9711,-0.0547,0.227,0.9724,0.089,-0.6255,7.9034,0.1854,-0.5698,8.3226,63.05797359874483
3778538000,3.5553,3.8437,-31.6875,14.0938,-39.0,31.3281,17.0312,-40.125,0.0412,0.2384,0.9703,-0.0442,0.2289,0.9724,0.1181,-0.604,7.9756,0.1617,-0.5752,8.1245,63.094055085404044
3783533000,3.5001,3.592,-31.5312,14.3438,-38.8125,31.4844,17.3438,-40.25,0.0424,0.2213,0.9743,-0.0501,0.2108,0.9762,0.1321,-0.5889,7.9558,0.2036,-0.5562,8.3667,63.103345787763104
3788533000,3.4836,3.3734,-31.375,14.0938,-39.125,31.6406,16.875,-40.0625,0.0137,0.2412,0.9704,-0.0812,0.2299,0.9698,0.1124,-0.605,7.9248,0.1504,-0.6177,8.4846,63.08391096824926
3793533000,3.4211,3.6232,-31.3125,14.0,-38.6875,31.6562,16.8438,-39.5938,0.026,0.2517,0.9675,-0.08,0.2422,0.9669,0.0873,-0.6138,7.7507,0.1245,-0.6177,8.2018,63.039398456996715
3798533000,3.5571,3.6931,-31.5,14.3125,-38.8125,31.5312,17.0312,-40.1875,0.0366,0.2289,0.9728,-0.0519,0.2203,0.974,0.1305,-0.585,7.8939,0.167,-0.5898,8.3485,63.10478688760465
3803533000,3.4689,3.6986,-31.5,14.0938,-39.0625,31.5312,17.0,-40.0312,0.0242,0.2337,0.972,-0.0576,0.2222,0.9733,0.1218,-0.6099,8.0832,0.1724,-0.6006,8.5297,63.105598417018435
3808533000,3.5387,3.6526,-31.5,14.0,-38.8125,31.4844,16.9375,-39.875,0.0355,0.2479,0.9681,-0.0696,0.2393,0.9684,0.1135,-0.6309,8.2327,0.1562,-0.605,8.4036,63.061814562062835
3813534000,3.4542,3.5938,-31.5,14.0625,-38.6875,31.4844,16.9375,-39.9375,0.0459,0.245,0.9684,-0.0593,0.2346,0.9703,0.1015,-0.6123,7.8892,0.1484,-0.6074,8.3461,63.0623720483142
3818545000,3.4156,3.5277,-31.6875,14.125,-39.0625,31.3125,17.0312,-40.125,0.0422,0.2365,0.9707,-0.0433,0.2261,0.9732,0.1282,-0.6099,8.1525,0.1675,-0.5918,8.3761,63.07594553147816
3823534000,3.4505,3.6857,-31.4375,14.25,-39.0312,31.5625,17.0625,-39.6562,0.0261,0.2308,0.9726,-0.0757,0.2203,0.9725,0.1406,-0.5991,8.166,0.1588,-0.5918,8.2813,63.06584480723302
3828534000,3.4891,3.6049,-31.6875,14.3438,-39.3125,31.3125,17.375,-40.3125,0.03,0.2146,0.9762,-0.0358,0.2041,0.9783,0.1642,-0.5869,8.2845,0.207,-0.5459,8.288,63.08080669617344
3833534000,3.5277,3.807,-31.4375,14.1875,-38.875,31.5469,16.9375,-39.9062,0.0318,0.2375,0.9709,-0.0594,0.227,0.9721,0.1311,-0.6104,8.1901,0.1625,-0.6089,8.5163,63.05283908596028
3838534000,3.5663,3.5938,-31.3125,14.0625,-38.875,31.6562,17.0625,-39.8125,0.0118,0.2422,0.9702,-0.0831,0.2299,0.9697,0.1246,-0.6113,8.1299,0.1674,-0.5928,8.3859,63.04709419108862
3843542000,3.5112,3.6967,-31.7188,14.2188,-39.1562,31.2656,17.25,-39.7812,0.0367,0.2203,0.9747,-0.0472,0.2108,0.9764,0.1587,-0.5962,8.3301,0.1898,-0.5605,8.2654,63.06039519222822
3848534000,3.5663,3.7813,-31.8438,14.0625,-39.125,31.1562,17.1875,-40.1875,0.0413,0.2356,0.971,-0.0233,0.2251,0.9741,0.1428,-0.623,8.4633,0.1851,-0.5571,8.1745,63.08640528077345
3853534000,3.5369,3.6839,-31.5,14.25,-39.1875,31.4844,17.25,-39.5625,0.0138,0.2222,0.9749,-0.0786,0.2127,0.9739,0.1539,-0.5977,8.2947,0.1823,-0.563,8.2102,63.05692086012447
3858534000,3.4946,3.5461,-31.5312,14.125,-38.9062,31.5,16.9375,-40.0625,0.0337,0.2346,0.9715,-0.0604,0.2251,0.9725,0.1294,-0.6104,8.1714,0.1611,-0.6035,8.4403,63.10451140275154
3863535000,3.4763,3.4248,-31.375,14.1875,-39.0625,31.5938,17.0,-40.0625,0.0214,0.2346,0.9719,-0.0623,0.2232,0.9728,0.1445,-0.6011,8.2309,0.1737,-0.5986,8.5222,63.03951086176034
3868538000,3.5001,3.4707,-31.5312,14.25,-39.0,31.4688,17.2188,-39.7188,0.0261,0.228,0.9733,-0.0776,0.2184,0.9728,0.1613,-0.5986,8.3859,0.1764,-0.5669,8.1904,63.07400769635619
3873534000,3.4671,3.6637,-31.625,14.125,-38.9375,31.3438,17.125,-40.0625,0.0394,0.2327,0.9717,-0.0443,0.2232,0.9738,0.1364,-0.605,8.1861,0.1688,-0.5806,8.263,63.05026089113351
3878665000,3.4946,3.7592,-31.5938,13.8125,-38.6562,31.3906,16.625,-39.5312,0.0504,0.2649,0.963,-0.0561,0.2564,0.9649,0.0954,-0.6514,8.2702,0.1129,-0.6416,8.3493,63.0532348465168
3883662000,3.524,3.7078,-31.5625,14.0,-38.875,31.4219,16.8438,-39.875,0.0392,0.2554,0.966,-0.0544,0.246,0.9677,0.1313,-0.6226,8.3323,0.1497,-0.6133,8.4263,63.056497221142884
3888659000,3.5038,3.7114,-31.5,14.125,-39.0625,31.5,17.2188,-40.0,0.0243,0.2213,0.9749,-0.052,0.2098,0.9763,0.1537,-0.6099,8.4313,0.2096,-0.5649,8.532,63.08288598891144
3893660000,3.4652,3.6416,-31.3125,14.1875,-39.1875,31.6875,17.375,-40.125,0.0148,0.1974,0.9802,-0.0657,0.1869,0.9802,0.1591,-0.5894,8.2562,0.2164,-0.5464,8.3966,63.08755077271585
3898660000,3.5938,3.5295,-31.375,14.4062,-39.3438,31.5938,17.5312,-39.75,0.0121,0.1484,0.9889,-0.0875,0.1358,0.9869,0.1974,-0.5562,8.2985,0.2312,-0.4929,7.9555,63.04760421205551
3903660000,3.5185,3.5534,-31.5312,14.5,-39.6562,31.4688,17.7812,-40.0,0.016,0.1087,0.9939,-0.0772,0.098,0.9922,0.2432,-0.5273,8.4747,0.2649,-0.4568,7.9203,63.08632555379969
3908659000,3.6251,3.5828,-31.375,14.5625,-39.5625,31.625,17.75,-40.4375,0.017,0.0668,0.9976,-0.0667,0.059,0.996,0.2615,-0.4888,8.2414,0.2869,-0.4392,7.9656,63.08665295646933
3913666000,3.7023,3.6931,-31.125,14.3438,-39.875,31.875,17.6875,-40.8125,-0.0054,0.0376,0.9993,-0.0775,0.0268,0.9966,0.2532,-0.4917,8.1831,0.3091,-0.4187,7.9817,63.09563563306102
3918663000,3.7519,3.8988,-30.9375,14.625,-39.875,32.0,17.9688,-40.8125,0.0054,-0.0181,0.9998,-0.0989,-0.0288,0.9947,0.283,-0.4275,7.7917,0.353,-0.3762,7.995,63.03323576447587
3923660000,3.7188,3.7776,-30.8125,14.5625,-39.9375,32.1562,17.9375,-40.7188,-0.0102,-0.0444,0.999,-0.1153,-0.0532,0.9919,0.2959,-0.4253,7.9098,0.3679,-0.3555,7.9299,63.0639218125546
3928660000,3.6563,3.8437,-31.0,14.7188,-40.125,31.9531,18.125,-40.6875,-0.0131,-0.0941,0.9955,-0.1168,-0.1038,0.9877,0.3235,-0.3899,7.82,0.3835,-0.3079,7.577,63.04769150650958
3933660000,3.5791,3.7225,-30.8125,14.875,-40.0,32.1562,18.4062,-40.5,-0.0237,-0.1261,0.9917,-0.1432,-0.1339,0.9806,0.3557,-0.3723,7.9814,0.4316,-0.2717,7.7144,63.06961671938398
3938660000,3.6214,3.7923,-31.0,14.875,-39.7812,31.9375,18.3125,-40.5938,0.0072,-0.1387,0.9903,-0.1219,-0.1445,0.982,0.3677,-0.3721,8.1113,0.4243,-0.2585,7.4876,63.03654203126945
3943660000,3.7151,3.8437,-30.9062,15.1875,-39.8125,32.0312,18.7188,-40.25,-0.0043,-0.1763,0.9843,-0.144,-0.1821,0.9727,0.4033,-0.3401,8.153,0.4937,-0.2205,7.8458,63.03790768022048
3948660000,3.66,3.6324,-30.9062,14.8125,-40.0,32.0312,18.4062,-40.3125,-0.015,-0.1493,0.9887,-0.1399,-0.1551,0.9779,0.396,-0.3711,8.415,0.4731,-0.2437,7.8701,63.040690468141285
3953665000,3.7078,3.6747,-31.0625,15.0312,-39.875,31.8906,18.6875,-40.25,-0.0053,-0.1686,0.9857,-0.1337,-0.1763,0.9752,0.438,-0.3525,8.6774,0.5088,-0.212,7.9238,63.06030410884489
3958660000,3.7023,3.7776,-30.9688,15.125,-39.875,31.9531,18.5938,-40.3125,-0.0159,-0.1677,0.9857,-0.1242,-0.1763,0.9765,0.4512,-0.343,8.7194,0.5142,-0.2362,8.2495,63.01896126801837
3963660000,3.829,3.75,-30.9062,15.0625,-40.0,32.0625,18.5625,-40.3438,-0.0284,-0.158,0.987,-0.1378,-0.1657,0.9765,0.4431,-0.3506,8.713,0.5264,-0.228,8.2975,63.06683263118578
3968660000,3.829,3.7023,-30.8125,15.25,-39.75,32.125,18.5938,-40.375,-0.0236,-0.1706,0.9851,-0.1308,-0.1792,0.9751,0.4736,-0.3337,8.8683,0.5361,-0.224,8.3636,63.02936244077041
3973660000,3.8437,3.7482,-30.6875,15.3125,-39.5625,32.25,18.5,-40.3125,-0.0255,-0.1686,0.9853,-0.1442,-0.1763,0.9737,0.4849,-0.3235,8.8811,0.5386,-0.2321,8.4796,63.02262738493215
3978660000,3.7427,3.6912,-30.9062,15.1875,-39.75,32.0625,18.5938,-40.25,-0.0188,-0.1686,0.9855,-0.1289,-0.1754,0.976,0.5088,-0.3457,9.3959,0.5498,-0.2198,8.4728,63.06274700153808
3983660000,3.7298,3.5534,-31.2188,15.0312,-39.8125,31.75,18.5,-40.25,-0.0053,-0.1571,0.9876,-0.1081,-0.1648,0.9804,0.519,-0.3501,9.5601,0.521,-0.2314,8.2744,63.06578908671484
3988660000,3.7629,3.728,-30.9688,15.0625,-39.5938,31.9688,18.4375,-40.1562,-0.0101,-0.1551,0.9878,-0.135,-0.1609,0.9777,0.5054,-0.3535,9.4439,0.5249,-0.2415,8.4284,63.03053555634761
3993660000,3.6729,3.6949,-30.875,15.0,-39.75,32.125,18.4375,-40.1875,-0.0295,-0.1493,0.9883,-0.1399,-0.1571,0.9776,0.5078,-0.3584,9.5255,0.5366,-0.2394,8.538,63.09522812780694
3998660000,3.7261,3.6912,-30.9688,15.0,-39.8125,31.9531,18.5625,-40.1875,-0.0256,-0.158,0.9871,-0.1187,-0.1657,0.979,0.5293,-0.3503,9.6786,0.5454,-0.2336,8.5744,63.023785437404506
4003675000,3.7298,3.7427,-30.8125,15.3438,-39.625,32.125,18.7812,-40.1875,-0.0312,-0.1792,0.9833,-0.1267,-0.1888,0.9738,0.5684,-0.3242,9.832,0.5659,-0.2061,8.5042,63.03380863679427
4008664000,3.7243,3.8731,-30.9688,15.0,-39.5938,31.9688,18.4062,-40.3125,-0.0188,-0.1464,0.989,-0.1112,-0.1542,0.9818,0.5366,-0.355,9.8127,0.5366,-0.2517,8.6734,63.033802216667844
4013785000,3.7849,3.8364,-30.9375,15.3125,-39.75,32.0,18.75,-40.375,-0.0331,-0.1792,0.9833,-0.1182,-0.1869,0.9752,0.5898,-0.3281,10.1195,0.5835,-0.2192,8.8486,63.034402809101
4018785000,3.66,3.7923,-31.1875,15.1562,-39.625,31.7969,18.625,-40.375,-0.0149,-0.1629,0.9865,-0.0956,-0.1706,0.9807,0.5898,-0.3445,10.3004,0.562,-0.2216,8.6299,63.084306422437585
4023786000,3.8033,3.829,-31.0938,15.375,-39.5625,31.8594,18.7812,-40.125,-0.0188,-0.1754,0.9843,-0.1155,-0.1811,0.9767,0.6016,-0.3408,10.3934,0.5986,-0.2152,8.9768,63.04779135647814
4028785000,3.7427,3.6582,-31.0,15.1562,-39.625,31.9062,18.5,-40.25,-0.0236,-0.1609,0.9867,-0.1138,-0.1677,0.9792,0.5767,-0.3435,10.1396,0.5581,-0.2551,8.9542,62.998108081751155
4033785000,3.6857,3.7574,-30.9062,15.125,-39.5312,32.0625,18.5938,-40.125,-0.0236,-0.1571,0.9873,-0.1206,-0.1629,0.9792,0.5762,-0.3489,10.1935,0.5752,-0.2308,8.8814,63.06696719812995
4038786000,3.7629,3.7702,-31.0625,14.9375,-39.625,31.9062,18.375,-40.375,-0.0237,-0.1445,0.9892,-0.1007,-0.1503,0.9835,0.5713,-0.3713,10.387,0.5542,-0.2571,8.9314,63.066917523690655
4043786000,3.7592,3.7188,-30.9375,15.3438,-39.4375,32.0,18.6875,-40.125,-0.0255,-0.1686,0.9853,-0.1241,-0.1782,0.9761,0.5938,-0.3291,10.1747,0.5859,-0.2352,9.0518,63.03000787077533
4048786000,3.6416,3.6232,-30.9688,15.1875,-39.4062,32.0,18.5938,-40.0625,-0.0207,-0.1609,0.9867,-0.1205,-0.1686,0.9783,0.5752,-0.3501,10.1959,0.5811,-0.2424,9.0754,63.06427976929571
4053798000,3.7078,3.7059,-31.0625,15.125,-39.625,31.9062,18.5938,-40.3125,-0.0265,-0.1609,0.9866,-0.1052,-0.1686,0.98,0.5986,-0.3516,10.4789,0.5859,-0.2336,9.0344,63.06791901894338
4058786000,3.7923,3.7923,-30.9375,15.2812,-39.625,32.0,18.6875,-40.3125,-0.0371,-0.1677,0.9851,-0.1098,-0.1763,0.9782,0.6001,-0.3345,10.3065,0.5908,-0.2278,9.0257,63.03335975648133
4063786000,3.671,3.6232,-30.75,15.1562,-39.3125,32.2188,18.4062,-40.1562,-0.0391,-0.1493,0.988,-0.1322,-0.1571,0.9787,0.5742,-0.3489,10.1713,0.5708,-0.2551,9.0983,63.05825959483817
4068793000,3.7702,3.6967,-30.9688,15.375,-39.4375,31.9531,18.8125,-40.125,-0.0312,-0.1792,0.9833,-0.1134,-0.1869,0.9758,0.6172,-0.3254,10.4018,0.6113,-0.2112,9.0775,63.019477640726286
4073789000,3.7353,3.6545,-30.9062,15.3125,-39.25,32.0625,18.5625,-40.1875,-0.0294,-0.1648,0.9859,-0.1243,-0.1715,0.9773,0.5898,-0.3325,10.168,0.5742,-0.244,9.0151,63.05948450423615
4078786000,3.7151,3.7078,-30.9688,15.4688,-39.25,31.9531,18.7188,-40.2812,-0.0178,-0.1792,0.9837,-0.1096,-0.1859,0.9764,0.6138,-0.3254,10.3627,0.5854,-0.222,8.9016,63.01421564258338
4083796000,3.8364,3.7739,-31.0938,14.9688,-39.5,31.8594,18.4688,-40.125,-0.0159,-0.1445,0.9894,-0.1055,-0.1522,0.9827,0.563,-0.3643,10.2142,0.5586,-0.243,8.827,63.05351707272165
4088786000,3.6655,3.7776,-31.0625,15.0,-39.5625,31.9062,18.4688,-40.375,-0.0372,-0.1474,0.9884,-0.1006,-0.1551,0.9828,0.561,-0.3733,10.2922,0.5562,-0.2566,8.9482,63.06940549410625
4093786000,3.7923,3.7482,-30.9375,15.5,-39.25,32.0625,18.7188,-40.1875,-0.0371,-0.1657,0.9855,-0.1271,-0.1706,0.9771,0.5869,-0.3247,10.0483,0.5923,-0.2281,9.0464,63.089139950470084
4098786000,3.7004,3.7004,-30.9375,15.5,-39.4375,32.0,18.9375,-40.3438,-0.0505,-0.1657,0.9849,-0.1204,-0.1734,0.9775,0.5928,-0.3149,10.0072,0.6172,-0.2148,9.1846,63.03781953867059
4103786000,3.6765,3.7298,-31.125,15.375,-39.375,31.8438,18.6875,-39.9375,-0.0362,-0.1493,0.9881,-0.1265,-0.1571,0.9795,0.5869,-0.3411,10.2292,0.5815,-0.2302,8.9469,63.058376413764414
4108786000,3.7482,3.7004,-30.9688,15.375,-39.4375,31.9688,18.7812,-40.3125,-0.0467,-0.1609,0.9859,-0.1166,-0.1706,0.9784,0.5981,-0.3374,10.3166,0.5908,-0.2281,9.0297,63.0357780724566
4113803000,3.6857,3.6876,-31.0625,15.3438,-39.3438,31.875,18.625,-39.9375,-0.0333,-0.1522,0.9878,-0.1236,-0.16,0.9794,0.5918,-0.3452,10.3307,0.5659,-0.238,8.8551,63.02576980394607
4118786000,3.728,3.829,-30.875,15.4375,-39.2812,32.0938,18.7188,-40.0312,-0.0448,-0.16,0.9861,-0.1368,-0.1677,0.9763,0.582,-0.3323,10.0764,0.5884,-0.2278,8.9979,63.05869649088855
4123786000,3.7923,3.8952,-30.8125,15.3125,-39.5625,32.125,18.5938,-40.25,-0.0651,-0.1571,0.9854,-0.1292,-0.1657,0.9777,0.5684,-0.3467,10.0804,0.5859,-0.2465,9.1752,63.02672839510234
4128787000,3.7629,3.8364,-30.9062,15.3438,-39.2188,32.0625,18.4375,-40.375,-0.0391,-0.1435,0.9889,-0.119,-0.1503,0.9815,0.583,-0.3386,10.1577,0.5566,-0.2583,8.9725,63.05525321351109
4133786000,3.7776,3.7996,-31.125,15.4375,-39.1875,31.8438,18.5938,-40.0312,-0.0188,-0.1503,0.9885,-0.1169,-0.158,0.9805,0.5977,-0.3311,10.2409,0.5703,-0.2302,8.8192,63.05349976662676
4138800000,3.6508,3.5828,-31.125,15.4688,-39.0625,31.8125,18.6875,-39.9375,-0.0159,-0.1551,0.9878,-0.1245,-0.1609,0.9791,0.585,-0.3269,10.0504,0.5757,-0.229,8.8669,63.02582455581204
4143787000,3.7482,3.7702,-30.9688,15.3125,-39.3438,31.9688,18.6875,-40.25,-0.0439,-0.158,0.9865,-0.1186,-0.1677,0.9787,0.5835,-0.3486,10.2741,0.6045,-0.2303,9.2097,63.03454066779578
4148911000,3.7023,3.7923,-30.8125,15.3125,-39.125,32.125,18.5938,-40.3125,-0.0439,-0.1493,0.9878,-0.1236,-0.158,0.9797,0.5576,-0.3459,9.9504,0.5913,-0.2502,9.2779,63.0341652771733
4153912000,3.7078,3.7923,-30.875,15.25,-39.25,32.125,18.4062,-40.0625,-0.0478,-0.1416,0.9888,-0.1381,-0.1493,0.9791,0.5645,-0.3567,10.1469,0.563,-0.2639,9.1063,63.084243315506285
4158921000,3.6526,3.7629,-31.0,15.2812,-39.25,31.9375,18.4375,-40.5938,-0.0314,-0.1416,0.9894,-0.1084,-0.1493,0.9828,0.5786,-0.3479,10.2104,0.5527,-0.261,8.9578,63.030920462737974
4163912000,3.6876,3.682,-30.875,15.4375,-39.0625,32.125,18.5,-40.0,-0.0391,-0.1493,0.988,-0.137,-0.1571,0.978,0.5674,-0.3271,9.8533,0.5635,-0.2517,8.9776,63.08135867671209
4168915000,3.6288,3.6802,-31.125,15.1562,-39.25,31.8594,18.3125,-40.0,-0.0266,-0.1397,0.9898,-0.1209,-0.1474,0.9817,0.5688,-0.3591,10.2239,0.5386,-0.2749,8.9506,63.067894947033075
4173919000,3.6637,3.7041,-30.9375,15.0625,-39.2188,32.0312,18.2812,-40.125,-0.0363,-0.1281,0.9911,-0.1326,-0.1358,0.9818,0.519,-0.3721,9.8037,0.5347,-0.2805,8.9683,63.05742151261816
4178912000,3.6802,3.7372,-31.0,15.2812,-39.25,31.9375,18.5625,-40.125,-0.0372,-0.1493,0.9881,-0.1246,-0.1571,0.9797,0.5693,-0.3496,10.1239,0.5596,-0.2362,8.763,63.02905251501088
4183912000,3.6453,3.7427,-30.9062,15.0312,-39.375,32.0625,18.375,-40.25,-0.0469,-0.131,0.9903,-0.1191,-0.1397,0.983,0.5386,-0.3716,10.0189,0.5605,-0.2734,9.1833,63.063490254901055
4188912000,3.7188,3.7041,-31.0,15.25,-39.3125,31.9531,18.5938,-40.0625,-0.0372,-0.1503,0.9879,-0.1274,-0.158,0.9792,0.5796,-0.3499,10.2431,0.5781,-0.2428,9.0461,63.04630281031553
4193912000,3.7004,3.6324,-30.9375,15.5938,-39.125,32.0312,18.6875,-40.0625,-0.0419,-0.1677,0.985,-0.1289,-0.1754,0.976,0.6079,-0.3149,10.1798,0.5811,-0.2368,9.0137,63.05162222837728
4198915000,3.7335,3.7702,-30.9375,15.3125,-39.2812,32.0,18.7188,-39.9375,-0.0506,-0.158,0.9861,-0.1273,-0.1657,0.9779,0.5664,-0.3445,10.0339,0.5874,-0.2312,9.0243,63.03302718123254
4203912000,3.5975,3.5902,-30.9062,15.4688,-39.125,32.0625,18.625,-40.3438,-0.04,-0.1657,0.9854,-0.1185,-0.1734,0.9777,0.5981,-0.335,10.2896,0.5854,-0.2517,9.2273,63.05952942712148
4208912000,3.5902,3.6655,-30.875,15.25,-39.0625,32.125,18.3125,-40.0312,-0.0372,-0.1358,0.99,-0.1402,-0.1416,0.9799,0.5532,-0.3611,10.0683,0.5444,-0.2776,9.0465,63.08183007760634
4213912000,3.7023,3.7188,-30.9688,15.4688,-38.9375,32.0,18.6875,-40.1875,-0.0294,-0.1542,0.9876,-0.1111,-0.1609,0.9807,0.5894,-0.3286,10.1193,0.5786,-0.2388,9.0074,63.06339907688135
4218912000,3.6673,3.7574,-31.0,15.375,-39.0625,31.9375,18.5625,-40.25,-0.0294,-0.1522,0.9879,-0.1111,-0.158,0.9812,0.583,-0.3428,10.2036,0.5654,-0.2396,8.867,63.02935204133071
4223912000,3.6637,3.7519,-30.9688,15.1875,-39.0938,31.9688,18.4375,-40.25,-0.0401,-0.1368,0.9898,-0.1133,-0.1464,0.9827,0.543,-0.363,9.9738,0.5596,-0.2649,9.0782,63.03206162105124
4228915000,3.6839,3.7298,-31.2188,15.25,-39.1875,31.75,18.5625,-40.0625,-0.0256,-0.1435,0.9893,-0.1065,-0.1503,0.9829,0.5718,-0.3577,10.2409,0.5581,-0.2466,8.8603,63.06193824082796
4233912000,3.5773,3.7133,-31.2188,15.1562,-39.3125,31.7344,18.5625,-39.8125,-0.0314,-0.1493,0.9883,-0.1188,-0.158,0.9803,0.5747,-0.3711,10.4231,0.5542,-0.2422,8.7678,63.047270122742034
4238912000,3.6177,3.7041,-31.0625,15.3438,-39.0312,31.9062,18.5,-40.0,-0.0266,-0.1503,0.9883,-0.1207,-0.1571,0.9802,0.5698,-0.3462,10.0916,0.5547,-0.2581,8.9477,63.05519289931639
4243912000,3.5167,3.5975,-31.1875,15.1875,-39.0625,31.7812,18.4375,-40.1875,-0.0179,-0.1435,0.9895,-0.1026,-0.1503,0.9833,0.5537,-0.3611,10.0738,0.5498,-0.2664,8.9837,63.06255073092112
4248912000,3.6104,3.7702,-31.0625,15.4688,-39.1875,31.875,18.875,-40.0,-0.0332,-0.1657,0.9856,-0.1214,-0.1734,0.9773,0.5918,-0.3291,10.1525,0.6025,-0.2062,8.9223,63.034841642856534
4253913000,3.5626,3.6398,-31.0,15.2812,-39.0625,31.9531,18.5,-40.1562,-0.0343,-0.1522,0.9877,-0.114,-0.1609,0.9804,0.5601,-0.3464,9.9835,0.5674,-0.2693,9.2152,63.04482256886762
4258913000,3.57,3.434,-30.9375,15.5,-38.9375,32.0312,18.625,-40.0938,-0.0313,-0.16,0.9866,-0.1291,-0.1686,0.9772,0.5732,-0.3335,9.99,0.5845,-0.2527,9.2269,63.05679847867317
4263913000,3.5369,3.5589,-30.9375,15.375,-39.0,32.0,18.625,-40.1875,-0.0342,-0.158,0.9868,-0.1244,-0.1657,0.9783,0.5684,-0.3435,10.0453,0.5771,-0.2382,8.984,63.03254367784946
4268913000,3.6196,3.6967,-31.125,15.375,-39.0938,31.8125,18.625,-40.25,-0.0284,-0.1629,0.9862,-0.11,-0.1686,0.9795,0.5771,-0.3367,10.0695,0.582,-0.2441,9.1052,63.031961770914286
4273913000,3.5259,3.6416,-31.125,15.4375,-39.0625,31.8438,18.6875,-40.1562,-0.0265,-0.1609,0.9866,-0.1157,-0.1686,0.9789,0.5908,-0.3379,10.2386,0.5864,-0.2256,8.9515,63.06209997399389
4278913000,3.5608,3.5938,-31.125,15.5,-39.0,31.7969,18.8125,-39.75,-0.0207,-0.1629,0.9864,-0.131,-0.1686,0.9769,0.5923,-0.3308,10.1769,0.584,-0.2231,8.897,63.01349582319648
4284038000,3.5498,3.5975,-31.0625,15.3438,-39.0,31.9375,18.5938,-40.125,-0.0314,-0.1542,0.9875,-0.114,-0.1609,0.9804,0.5669,-0.3455,10.0502,0.5703,-0.2458,8.9908,63.093804172834595
4289038000,3.5791,3.6857,-31.0625,15.3438,-39.0625,31.9375,18.5625,-40.375,-0.0333,-0.1493,0.9882,-0.1131,-0.1571,0.9811,0.5664,-0.3474,10.0663,0.5728,-0.2512,9.0776,63.095821461805215
4294038000,3.5847,3.6104,-30.7812,15.3438,-39.0625,32.1562,18.6875,-40.3125,-0.0506,-0.16,0.9858,-0.132,-0.1686,0.9768,0.5361,-0.3562,9.8207,0.6104,-0.2346,9.3235,63.03855287401512
4299041000,3.5387,3.5314,-31.25,15.25,-39.0312,31.7031,18.4062,-39.9375,-0.015,-0.1416,0.9898,-0.1036,-0.1493,0.9833,0.563,-0.3574,10.1384,0.541,-0.2642,8.86,63.038684771654296
4304038000,3.5663,3.5755,-30.9375,15.25,-39.0625,32.0,18.5625,-40.1875,-0.0439,-0.1464,0.9882,-0.1237,-0.1542,0.9803,0.5513,-0.3579,10.011,0.5747,-0.2627,9.2259,63.034650689124945
4309038000,3.5075,3.6085,-31.0938,15.4375,-39.0625,31.875,18.6875,-40.0625,-0.0313,-0.1686,0.9852,-0.1184,-0.1763,0.9772,0.583,-0.3408,10.182,0.5908,-0.23,9.0498,63.060544506371016
4314038000,3.5259,3.4616,-31.0,15.2812,-39.0,31.9375,18.4688,-40.0,-0.0314,-0.1464,0.9887,-0.1247,-0.1522,0.9804,0.5513,-0.3496,9.919,0.5498,-0.2595,8.9085,63.026103322433
4319038000,3.5314,3.5479,-30.9375,15.3438,-39.0,32.0,18.625,-40.2812,-0.039,-0.1609,0.9862,-0.1234,-0.1686,0.9779,0.5596,-0.3503,10.0212,0.5874,-0.2462,9.1892,63.03599490077078
4324038000,3.5938,3.5938,-30.9688,15.1875,-39.2812,31.9688,18.5,-40.0,-0.0507,-0.1474,0.9878,-0.1313,-0.1551,0.9791,0.5532,-0.3594,10.0493,0.5498,-0.2568,8.879,63.0288094719391
4329038000,3.4946,3.6085,-31.2188,15.1875,-39.0312,31.75,18.5938,-40.125,-0.0188,-0.1464,0.989,-0.1055,-0.1542,0.9824,0.5518,-0.3586,10.0246,0.5615,-0.233,8.7503,63.07035001940294
4334038000,3.4597,3.5314,-31.1875,15.3125,-39.1875,31.7812,18.625,-39.9688,-0.0236,-0.1551,0.9876,-0.1111,-0.1609,0.9807,0.5742,-0.355,10.2389,0.5708,-0.2354,8.8811,63.060607875519246
4339038000,3.4689,3.592,-31.0938,15.3438,-39.0625,31.875,18.5938,-40.0625,-0.0265,-0.158,0.9871,-0.1167,-0.1657,0.9792,0.5767,-0.356,10.2774,0.5679,-0.2428,8.9296,63.060544506371016
4344049000,3.57,3.5498,-31.0,15.25,-38.9375,31.9531,18.375,-40.25,-0.0237,-0.1358,0.9905,-0.1056,-0.1435,0.984,0.5415,-0.3574,9.895,0.5503,-0.2742,9.0752,63.04427873217363
4349042000,3.5295,3.5828,-30.9062,15.4688,-38.875,32.0625,18.6875,-39.9688,-0.0236,-0.1551,0.9876,-0.1293,-0.1609,0.9785,0.5703,-0.3333,9.954,0.583,-0.2286,8.9461,63.06039650858532
4354038000,3.5001,3.4542,-30.9062,15.2812,-39.0,32.0625,18.5,-40.1562,-0.0314,-0.1397,0.9897,-0.1219,-0.1474,0.9815,0.5518,-0.3594,10.0327,0.5591,-0.2688,9.1157,63.06151482140276
4359038000,3.5057,3.5093,-31.0,15.1875,-39.25,31.9688,18.4375,-40.1875,-0.0314,-0.1387,0.9898,-0.1132,-0.1474,0.9826,0.5488,-0.3665,10.0781,0.5576,-0.2727,9.142,63.05958436026993
4364053000,3.5534,3.5314,-30.8125,15.375,-39.0625,32.1562,18.5938,-40.3125,-0.0391,-0.1522,0.9876,-0.1207,-0.16,0.9797,0.5596,-0.3425,9.9347,0.5923,-0.246,9.2421,63.06330433088644
4369038000,3.5718,3.5828,-30.9375,15.4375,-39.0938,32.0,18.6875,-39.9062,-0.0313,-0.1571,0.9871,-0.1235,-0.1629,0.9789,0.5806,-0.3391,10.1354,0.5845,-0.2444,9.1357,63.0265928002617
4374039000,3.4671,3.6141,-30.875,15.125,-39.0625,32.125,18.3125,-40.25,-0.0402,-0.1329,0.9903,-0.1191,-0.1416,0.9827,0.5273,-0.366,9.8297,0.5601,-0.2761,9.2073,63.091761050869394
4379050000,3.5057,3.5498,-30.75,15.1875,-39.0938,32.2188,18.4688,-40.25,-0.044,-0.1397,0.9892,-0.1219,-0.1474,0.9815,0.5352,-0.3669,9.9288,0.583,-0.2505,9.1861,63.0648356976374
4384039000,3.5645,3.5516,-31.0625,15.3438,-39.0625,31.875,18.5625,-40.0,-0.0256,-0.1474,0.9887,-0.1189,-0.1542,0.9809,0.5811,-0.3455,10.2112,0.561,-0.2625,9.068,63.02672323855969
4389039000,3.5957,3.6104,-30.7812,15.4375,-39.0625,32.1562,18.7188,-40.25,-0.0468,-0.1551,0.9868,-0.1273,-0.1629,0.9784,0.5659,-0.3435,10.0175,0.6118,-0.2356,9.351,63.03406543052732
4394039000,3.5406,3.4689,-30.875,15.1875,-39.0625,32.0938,18.4375,-40.125,-0.0402,-0.1339,0.9902,-0.1239,-0.1416,0.9821,0.5312,-0.3669,9.8846,0.5703,-0.27,9.2565,63.061566581317976
4399039000,3.5571,3.5902,-30.9688,15.3438,-39.0625,32.0,18.5,-40.4375,-0.0343,-0.1474,0.9885,-0.1035,-0.1551,0.9825,0.5669,-0.3445,10.0394,0.5815,-0.2556,9.2258,63.06284164926284
4404039000,3.4836,3.4836,-30.8125,15.25,-39.125,32.1562,18.5938,-40.0625,-0.0468,-0.1474,0.988,-0.1342,-0.1551,0.9787,0.5542,-0.3535,9.9955,0.5933,-0.2365,9.1486,63.064388400903404
4409051000,3.5351,3.5865,-30.9062,15.4688,-39.0312,32.0625,18.7188,-40.2812,-0.0361,-0.1609,0.9863,-0.1062,-0.1686,0.9799,0.5835,-0.3367,10.1417,0.603,-0.2354,9.2479,63.064904500760164
4414039000,3.5038,3.5204,-30.9375,15.3438,-38.8438,32.0312,18.625,-40.0938,-0.0314,-0.1464,0.9887,-0.1189,-0.1542,0.9809,0.5474,-0.353,9.9126,0.5967,-0.2534,9.374,63.06652006516612
4419039000,3.5534,3.5461,-30.8125,15.1875,-39.2188,32.125,18.5625,-39.9688,-0.0527,-0.1416,0.9885,-0.1343,-0.1503,0.9795,0.5576,-0.3643,10.1533,0.5806,-0.2573,9.2335,63.032388747769986
4424168000,3.4432,3.4064,-31.0,15.5625,-39.0,31.9531,18.6875,-40.125,-0.0255,-0.1609,0.9866,-0.1109,-0.1686,0.9794,0.5898,-0.323,10.0628,0.5938,-0.2456,9.2547,63.040653943387994
4429164000,3.4781,3.456,-30.9688,15.4375,-38.8438,31.9688,18.5,-40.125,-0.0227,-0.1493,0.9885,-0.1169,-0.1571,0.9806,0.5635,-0.335,9.8953,0.5723,-0.2549,9.1123,63.02508923793762
4434164000,3.5222,3.502,-30.9375,15.4375,-39.0625,32.0,18.6875,-40.3125,-0.0342,-0.16,0.9865,-0.111,-0.1677,0.9796,0.5562,-0.3372,9.8365,0.5938,-0.2378,9.1689,63.03375211940028
4439164000,3.5608,3.5571,-30.7812,15.25,-39.0625,32.1562,18.625,-39.875,-0.0546,-0.1435,0.9881,-0.1352,-0.1522,0.9791,0.5459,-0.3542,9.9096,0.5889,-0.2448,9.1897,63.03306354612633
4444164000,3.5534,3.5608,-31.0625,15.25,-39.25,31.8906,18.5938,-40.0938,-0.0401,-0.1474,0.9883,-0.1064,-0.1571,0.9818,0.5708,-0.355,10.2,0.5757,-0.2576,9.1806,63.047488423330556
4449164000,3.5185,3.6416,-30.9375,15.1875,-39.0938,32.0,18.4688,-40.4375,-0.0372,-0.1416,0.9892,-0.1055,-0.1493,0.9831,0.541,-0.3645,9.968,0.5664,-0.2578,9.0779,63.037301382832055
4454164000,3.4965,3.3734,-31.0625,15.4375,-39.0938,31.875,18.625,-39.9375,-0.0285,-0.1542,0.9876,-0.114,-0.1609,0.9804,0.5835,-0.3372,10.1471,0.5806,-0.2478,9.1288,63.02381210455299
4459164000,3.5608,3.5057,-31.375,15.25,-39.0,31.5938,18.5,-40.125,-0.0073,-0.1387,0.9903,-0.0864,-0.1464,0.9854,0.563,-0.3501,10.0573,0.5498,-0.2549,8.8575,63.06265058209971
4464164000,3.5902,3.5498,-31.0938,15.25,-39.1875,31.8438,18.625,-40.25,-0.0333,-0.1493,0.9882,-0.0958,-0.1551,0.9832,0.5562,-0.3545,10.0284,0.5781,-0.2469,9.0917,63.03698140782124
4469164000,3.5314,3.5571,-30.9062,15.4688,-39.3125,32.0625,18.7812,-40.25,-0.0506,-0.1648,0.985,-0.1099,-0.1715,0.979,0.5791,-0.3386,10.1133,0.6094,-0.231,9.2721,63.06273130542317
4474164000,3.5791,3.5479,-31.0,15.1875,-39.375,31.9531,18.5938,-39.9375,-0.0449,-0.1416,0.9889,-0.1247,-0.1493,0.9809,0.5547,-0.3652,10.1309,0.5684,-0.2452,8.9619,63.04769690916552
4479164000,3.5902,3.4818,-31.0625,15.3438,-39.0312,31.8906,18.4062,-40.1875,-0.0295,-0.1416,0.9895,-0.1103,-0.1503,0.9825,0.561,-0.3513,10.0486,0.5366,-0.2703,8.8775,63.0381481569692
4484165000,3.4818,3.5167,-30.9062,15.25,-38.75,32.0625,18.4375,-40.0,-0.0131,-0.1184,0.9929,-0.1213,-0.1261,0.9846,0.4973,-0.3691,9.5264,0.5234,-0.2632,8.6507,63.06171450206536
4489165000,3.5534,3.5828,-30.7812,15.25,-39.0,32.1875,18.4062,-40.5,-0.0122,-0.0824,0.9965,-0.0831,-0.0883,0.9926,0.4597,-0.3699,9.1126,0.5161,-0.2993,8.9659,63.06559107889183
4494165000,3.6931,3.6765,-30.9062,14.8125,-39.1562,32.0625,17.9375,-40.5,0.0308,-0.0103,0.9995,-0.061,-0.0161,0.998,0.4043,-0.4241,9.0967,0.4141,-0.3511,8.3942,63.06051540488708
4499172000,3.5957,3.649,-30.9688,14.8125,-38.9688,32.0312,17.75,-40.875,0.0707,0.0298,0.9971,-0.0259,0.0229,0.9994,0.3789,-0.4504,9.109,0.3752,-0.4082,8.5969,63.097246411313385
4504165000,3.5975,3.6159,-30.8125,14.8438,-39.1562,32.1875,17.7812,-40.9375,0.092,0.062,0.9938,-0.0268,0.0581,0.998,0.3621,-0.4612,9.0423,0.3704,-0.3938,8.3824,63.09359197612702
4509165000,3.6416,3.6343,-30.7812,14.7188,-38.5625,32.2188,17.6562,-40.8438,0.1456,0.1087,0.9834,-0.0073,0.1077,0.9942,0.3054,-0.5166,9.0388,0.3228,-0.4319,8.2797,63.10968743742913
4514168000,3.4175,3.4726,-30.9375,14.7188,-38.5625,32.0312,17.6562,-40.6875,0.1672,0.13,0.9773,0.0169,0.13,0.9914,0.2842,-0.5215,8.8597,0.2883,-0.4468,8.0663,63.07298251589186
4519165000,3.5406,3.434,-31.1875,14.375,-38.8125,31.7969,17.1562,-40.625,0.1917,0.1715,0.9664,0.0438,0.1715,0.9842,0.2314,-0.5698,8.8271,0.2162,-0.5059,7.9363,63.071823130856146
4524165000,3.6012,3.5534,-31.2188,14.25,-38.6875,31.75,17.1875,-40.8125,0.1958,0.1888,0.9623,0.0685,0.1869,0.98,0.1971,-0.6006,8.801,0.2087,-0.5151,7.9592,63.07308700777218
4529168000,3.5828,3.671,-31.125,14.4062,-38.375,31.8594,17.3438,-40.75,0.1996,0.1869,0.9619,0.0657,0.1859,0.9804,0.2039,-0.5898,8.7522,0.2292,-0.4939,7.945,63.097581269966284
4534165000,3.5093,3.5038,-31.375,14.8125,-38.8125,31.5938,17.6562,-40.5,0.2009,0.1484,0.9683,0.0613,0.1484,0.987,0.271,-0.5464,8.996,0.2388,-0.4644,7.718,63.05556327065836
4539177000,3.4965,3.4652,-31.0,14.6562,-38.6875,31.9531,17.5312,-40.375,0.1741,0.1571,0.9721,0.0304,0.1551,0.9874,0.2396,-0.5464,8.6511,0.2336,-0.4736,7.7657,63.04130456185056
4544165000,3.4983,3.4487,-31.2188,14.75,-38.75,31.7344,17.8125,-40.5625,0.1887,0.1455,0.9712,0.0507,0.1445,0.9882,0.2583,-0.5454,8.8453,0.2793,-0.4512,8.016,63.05370292647372
4549165000,3.4303,3.377,-31.1875,14.8125,-38.5312,31.7969,17.5312,-40.5,0.1876,0.1513,0.9705,0.0584,0.1493,0.9871,0.2561,-0.5327,8.6776,0.2428,-0.4773,7.9073,63.073783353228464
4554171000,3.456,3.4928,-31.2188,14.9688,-38.5,31.7812,17.7812,-40.5,0.1917,0.1377,0.9717,0.0575,0.1358,0.9891,0.2827,-0.5269,8.9042,0.2771,-0.4512,7.9918,63.09444978569827
4559293000,3.4726,3.5589,-31.2188,14.8125,-38.5,31.75,17.75,-40.75,0.1961,0.1503,0.969,0.0767,0.1493,0.9858,0.2632,-0.5391,8.8272,0.2705,-0.4563,7.9766,63.077422107200924
4564290000,3.4671,3.4064,-31.25,14.7188,-38.4375,31.7188,17.4688,-40.375,0.2027,0.1513,0.9675,0.0516,0.1513,0.9871,0.2537,-0.5537,8.8883,0.239,-0.4849,7.9507,63.05859322637954
4569290000,3.4707,3.6012,-31.2188,14.6875,-38.375,31.75,17.625,-40.5,0.1978,0.1561,0.9677,0.0506,0.1571,0.9863,0.2365,-0.5537,8.6992,0.2537,-0.4648,7.8871,63.07308700777218
4574290000,3.4303,3.4946,-31.0938,14.7188,-38.3125,31.875,17.6562,-40.3438,0.1914,0.1503,0.9699,0.0323,0.1503,0.9881,0.2437,-0.5547,8.7894,0.2556,-0.4644,7.9031,63.069995020532545
4579291000,3.491,3.5865,-31.0938,14.9688,-38.2812,31.875,17.6875,-40.1562,0.1928,0.1348,0.9719,0.0266,0.1358,0.9904,0.2703,-0.5366,8.8775,0.2739,-0.4651,8.1127,63.055346546744154
4584300000,3.5038,3.4101,-31.0938,14.9375,-38.4375,31.875,17.75,-40.5,0.1832,0.1377,0.9734,0.0517,0.1368,0.9893,0.2651,-0.5322,8.7714,0.2776,-0.4651,8.153,63.06531404773943
4589291000,3.4432,3.3109,-31.125,14.7188,-38.4375,31.8125,17.6562,-40.4375,0.1885,0.1532,0.9701,0.0516,0.1532,0.9868,0.2549,-0.5518,8.8796,0.2517,-0.47,7.9231,63.03774444735471
4594290000,3.3899,3.4083,-31.2188,14.8125,-38.4062,31.75,17.75,-40.25,0.1972,0.1445,0.9696,0.0497,0.1445,0.9883,0.2607,-0.5449,8.8666,0.2622,-0.4631,7.9619,63.064239297164285
4599301000,3.3826,3.4763,-31.2812,14.9375,-38.375,31.6875,17.8125,-40.125,0.2061,0.1339,0.9693,0.0498,0.1348,0.9896,0.2808,-0.5391,9.0206,0.2693,-0.4636,8.0452,63.0585862883874
4604291000,3.4377,3.4671,-31.2188,14.75,-38.2812,31.75,17.6875,-40.125,0.1952,0.1484,0.9695,0.0497,0.1484,0.9877,0.252,-0.5649,8.9969,0.2605,-0.4724,8.0471,63.064239297164285
4609291000,3.4744,3.491,-31.0938,14.6562,-38.4375,31.875,17.5,-40.375,0.1883,0.1571,0.9695,0.0497,0.1561,0.9865,0.2428,-0.5581,8.8188,0.2537,-0.5039,8.3258,63.06275349308814
4614291000,3.4211,3.2448,-31.2188,14.875,-38.3125,31.7812,17.5,-40.25,0.1917,0.1377,0.9717,0.0421,0.1377,0.9896,0.2676,-0.5498,8.9971,0.252,-0.5024,8.2905,63.084423840200046
4619300000,3.4395,3.4469,-31.125,14.6562,-38.375,31.8125,17.5312,-40.125,0.1903,0.1551,0.9694,0.0525,0.1551,0.9865,0.243,-0.5679,8.9322,0.2446,-0.4824,7.985,63.027430784143505
4624291000,3.5093,3.4413,-31.2188,14.625,-38.625,31.7344,17.5,-40.0625,0.1826,0.158,0.9704,0.0477,0.1561,0.9866,0.2532,-0.562,8.9771,0.2393,-0.4893,8.0028,63.03520779286763
4629291000,3.4156,3.3954,-31.2188,14.9375,-38.5625,31.7344,17.8438,-40.3438,0.1853,0.129,0.9742,0.0615,0.1271,0.99,0.2815,-0.5464,9.1116,0.281,-0.4651,8.1906,63.0454201319969
4634294000,3.4377,3.5295,-31.2812,14.75,-38.5,31.6562,17.875,-40.5625,0.1908,0.1377,0.9719,0.0778,0.1368,0.9875,0.2659,-0.5542,9.0281,0.2805,-0.4575,8.1005,63.048678416046116
4639291000,3.4579,3.3954,-31.4062,14.875,-38.5,31.5781,17.7812,-40.1875,0.2005,0.13,0.971,0.0653,0.1281,0.9896,0.281,-0.5474,9.1173,0.2668,-0.4668,8.0539,63.07389080419885
4644291000,3.4726,3.6747,-31.2188,14.75,-38.4375,31.75,17.5625,-40.1562,0.1916,0.1445,0.9708,0.0652,0.1445,0.9874,0.2551,-0.563,9.0096,0.2527,-0.4963,8.2299,63.05500661628702
4649291000,3.5553,3.4671,-31.125,15.0312,-38.5,31.8125,17.9688,-40.4375,0.1855,0.1193,0.9754,0.0596,0.1174,0.9913,0.2844,-0.5278,8.9341,0.2847,-0.4456,8.0123,63.03580178168594
4654291000,3.5314,3.4652,-31.1875,15.0312,-38.625,31.7969,17.875,-40.3125,0.1731,0.1203,0.9775,0.046,0.1193,0.9918,0.2915,-0.5249,8.979,0.2874,-0.4648,8.2578,63.07114631945419
4659298000,3.4689,3.4395,-31.3125,14.8438,-38.3125,31.625,17.8125,-40.375,0.205,0.1387,0.9689,0.0778,0.1377,0.9874,0.2644,-0.5542,9.012,0.2654,-0.4644,8.0104,63.04122454545121
4664291000,3.5865,3.3127,-31.1875,14.8438,-38.4375,31.7812,17.7812,-40.25,0.1825,0.129,0.9747,0.0373,0.1281,0.9911,0.2656,-0.5532,9.0143,0.2676,-0.4619,8.0073,63.063227436438744
4669291000,3.5038,3.4175,-31.1875,15.0312,-38.4062,31.7969,17.8438,-40.1875,0.1874,0.1213,0.9748,0.047,0.1213,0.9915,0.2869,-0.5308,8.994,0.2776,-0.4705,8.2132,63.07232667192483
4674300000,3.4983,3.3201,-31.0625,15.0625,-38.5312,31.8906,17.9688,-40.0938,0.1675,0.1164,0.979,0.0373,0.1145,0.9927,0.2822,-0.5229,8.8547,0.2786,-0.4517,8.0134,63.0395201287256
4679291000,3.5093,3.592,-30.9375,14.75,-38.4375,32.0312,17.6875,-40.1875,0.1669,0.1435,0.9755,0.0353,0.1406,0.9894,0.2472,-0.5557,8.8394,0.2666,-0.4761,8.1553,63.06146672842299
4684297000,3.5498,3.4395,-31.0938,15.0625,-38.6875,31.875,17.8438,-40.25,0.1656,0.1164,0.9793,0.0267,0.1155,0.993,0.2869,-0.5283,8.9665,0.2793,-0.4663,8.1855,63.0495583599124
4689291000,3.5314,3.5773,-31.1875,14.875,-38.5,31.7969,17.8438,-40.4375,0.1786,0.1329,0.9749,0.0701,0.131,0.9889,0.2695,-0.543,8.9412,0.2737,-0.4661,8.1209,63.08408930189926
4694416000,3.5222,3.5057,-31.25,14.8125,-38.5,31.7031,17.7812,-40.25,0.1879,0.1406,0.9721,0.0662,0.1377,0.9883,0.2649,-0.5591,9.0727,0.2822,-0.4729,8.2917,63.047351088685716
4699416000,3.5718,3.4763,-31.0625,15.0,-38.75,31.875,18.0938,-40.375,0.1608,0.1164,0.9801,0.048,0.1155,0.9922,0.2908,-0.5283,9.0095,0.3025,-0.4397,8.1433,63.034443994454335
4704416000,3.5516,3.6526,-31.3125,14.9375,-38.3125,31.625,17.8438,-40.25,0.2024,0.13,0.9706,0.073,0.129,0.9889,0.2759,-0.543,9.0111,0.269,-0.4707,8.1219,63.03435089052635
4709417000,3.5516,3.3917,-31.2188,14.8125,-38.3125,31.7812,17.5312,-40.25,0.1878,0.1435,0.9717,0.0517,0.1426,0.9884,0.2563,-0.5532,8.9123,0.252,-0.49,8.1505,63.08839224405707
4714416000,3.5222,3.4469,-31.25,14.75,-38.5312,31.7031,17.75,-40.0625,0.1812,0.1406,0.9733,0.0517,0.1397,0.9888,0.2568,-0.5518,8.9011,0.2607,-0.4805,8.1401,63.04314141363833
4719419000,3.5001,3.456,-31.0625,14.8125,-38.5312,31.9062,17.7812,-40.0312,0.1651,0.1358,0.9769,0.0372,0.1348,0.9902,0.2627,-0.5527,8.9766,0.2795,-0.4741,8.2758,63.05648546644508
4724417000,3.5093,3.3311,-31.0938,15.0,-38.625,31.8594,17.9688,-40.2812,0.1636,0.1193,0.9793,0.0422,0.1164,0.9923,0.2854,-0.5342,9.0165,0.2874,-0.4607,8.2113,63.044921778998194
4729417000,3.5369,3.4358,-31.2188,14.75,-38.5312,31.75,17.6875,-40.0625,0.1773,0.1435,0.9736,0.042,0.1426,0.9889,0.2517,-0.5527,8.8558,0.2524,-0.4763,8.0023,63.055876485701155
4734417000,3.5387,3.366,-31.1875,14.75,-38.25,31.7969,17.75,-40.0,0.1917,0.1397,0.9715,0.0401,0.1387,0.9895,0.2502,-0.5566,8.884,0.27,-0.4744,8.1737,63.08008515656903
4739417000,3.5718,3.5387,-31.25,14.6562,-38.5,31.7188,17.625,-40.1562,0.1811,0.1455,0.9726,0.0507,0.1445,0.9882,0.2482,-0.5728,9.044,0.2539,-0.488,8.15,63.06049908873224
4744417000,3.5093,3.4818,-31.1875,14.625,-38.25,31.7969,17.4688,-39.9375,0.1807,0.158,0.9708,0.0371,0.159,0.9866,0.2303,-0.5713,8.8317,0.2404,-0.5078,8.2236,63.07114631945419
4749417000,3.5295,3.4542,-31.25,15.125,-38.4375,31.7031,18.125,-40.1875,0.1867,0.1077,0.9765,0.0461,0.1077,0.9931,0.2915,-0.5254,8.9845,0.2959,-0.4368,8.0379,63.04883265858298
4754420000,3.4836,3.3899,-31.1875,14.75,-38.4375,31.7969,17.75,-40.0625,0.1774,0.1406,0.974,0.0382,0.1387,0.9896,0.2539,-0.5605,8.9685,0.2671,-0.4724,8.1196,63.076741104467345
4759417000,3.4891,3.5369,-31.3125,14.7188,-38.4062,31.625,17.6875,-40.0625,0.1946,0.1377,0.9712,0.0614,0.1368,0.9887,0.2448,-0.5605,8.8679,0.2515,-0.4795,8.0272,63.02924254367968
4764419000,3.4873,3.3881,-31.3125,14.6875,-38.4375,31.6406,17.6562,-40.1875,0.1825,0.1281,0.9748,0.0624,0.1252,0.9902,0.2437,-0.5371,8.5904,0.269,-0.4893,8.3302,63.047351088685716
4769417000,3.5185,3.4046,-31.375,14.6562,-38.875,31.5781,17.75,-40.1875,0.1541,0.1125,0.9816,0.0373,0.1116,0.9931,0.2637,-0.5215,8.634,0.2549,-0.4551,7.7911,63.04273990159374
4774417000,3.5222,3.5791,-31.25,14.6875,-39.3125,31.7188,17.8438,-40.125,0.1017,0.0639,0.9928,-0.0015,0.059,0.9983,0.2815,-0.4768,8.3274,0.2798,-0.4319,7.8058,63.053090006596825
4779424000,3.445,3.4689,-31.0625,14.5,-39.375,31.9062,17.75,-40.8438,0.0726,0.0454,0.9963,-0.0181,0.0386,0.9991,0.2744,-0.4807,8.2933,0.3098,-0.4253,8.0633,63.06962068325764
4784417000,3.5424,3.5865,-30.9062,14.75,-39.875,32.0625,18.0938,-40.6875,0.0278,-0.0132,0.9995,-0.059,-0.021,0.998,0.313,-0.4185,8.0221,0.3721,-0.3682,8.1167,63.062654038503645
4789417000,3.5957,3.4726,-31.0938,14.6875,-40.125,31.875,18.1562,-40.3438,0.0171,-0.0503,0.9986,-0.094,-0.0561,0.994,0.3091,-0.4041,7.8185,0.3667,-0.3413,7.7596,63.06464561519394
4794417000,3.5112,3.4873,-30.9062,14.9375,-39.9375,32.0625,18.1562,-40.6875,0.0083,-0.0902,0.9959,-0.1062,-0.097,0.9896,0.3413,-0.3594,7.6784,0.3894,-0.3076,7.6394,63.05537018668592
4799417000,3.5608,3.7555,-30.9688,14.9688,-40.125,32.0,18.4062,-40.5,-0.0121,-0.1203,0.9927,-0.1327,-0.131,0.9825,0.3679,-0.3499,7.8677,0.4221,-0.2568,7.4443,63.0636671721523
4804417000,3.524,3.5828,-30.7812,15.0625,-40.0312,32.1562,18.5,-40.375,-0.042,-0.1493,0.9879,-0.1589,-0.1571,0.9747,0.387,-0.3428,8.0008,0.4551,-0.2546,7.7884,63.032141986846675
4809422000,3.4524,3.5167,-30.9375,14.9688,-40.125,32.0312,18.4375,-40.625,-0.0294,-0.1522,0.9879,-0.1446,-0.158,0.9768,0.3987,-0.3523,8.2365,0.4763,-0.2505,7.9808,63.06614828400415
4814417000,3.6251,3.5222,-30.9062,15.1875,-39.75,32.0938,18.625,-40.625,-0.0255,-0.1763,0.984,-0.1448,-0.1859,0.9718,0.4248,-0.3279,8.2574,0.5103,-0.2347,8.1894,63.09977837718608
4819418000,3.6122,3.4432,-30.875,15.1562,-39.6875,32.125,18.625,-40.6875,-0.0207,-0.1715,0.985,-0.1469,-0.1792,0.9728,0.4355,-0.3335,8.4394,0.5171,-0.2352,8.2719,63.10334835363334
4824418000,3.6526,3.6526,-30.9688,14.9375,-40.1562,31.9688,18.4688,-40.4375,-0.0255,-0.16,0.9868,-0.1529,-0.1677,0.9739,0.4353,-0.3545,8.669,0.5024,-0.2524,8.2959,63.037216809913176
4829426000,3.6049,3.6857,-31.0625,15.0,-40.1562,31.8906,18.5,-40.3125,-0.0294,-0.1629,0.9862,-0.1376,-0.1706,0.9757,0.4617,-0.3411,8.8153,0.5098,-0.2441,8.2872,63.05051331511901
4834543000,3.5608,3.5314,-30.75,15.0,-39.875,32.2188,18.5938,-40.25,-0.0544,-0.1609,0.9855,-0.1634,-0.1686,0.972,0.4436,-0.3462,8.6698,0.5352,-0.2332,8.4531,63.0723853749008
4839543000,3.5406,3.5553,-30.875,15.1875,-39.75,32.0625,18.7812,-40.0,-0.0399,-0.1715,0.9844,-0.1583,-0.1811,0.9706,0.4731,-0.3228,8.7414,0.5498,-0.2126,8.3938,63.040511466357884
4844546000,3.4946,3.5424,-30.875,15.0312,-39.8125,32.0938,18.5,-40.4688,-0.0439,-0.158,0.9865,-0.1368,-0.1677,0.9763,0.4617,-0.3423,8.8288,0.5229,-0.2406,8.3969,63.067686469142025
4849548000,3.4763,3.6288,-30.6875,15.4688,-39.5625,32.25,18.8125,-40.3438,-0.0494,-0.1869,0.9811,-0.155,-0.1965,0.9682,0.5132,-0.3049,8.9949,0.5674,-0.2076,8.5383,63.031100780725694
4854543000,3.456,3.4432,-30.75,15.0625,-39.9375,32.2188,18.5625,-40.0625,-0.0611,-0.1629,0.9848,-0.1624,-0.1706,0.9719,0.4912,-0.3379,9.1116,0.5479,-0.2404,8.6758,63.066119259393155
4859543000,3.4524,3.4671,-30.8125,15.1562,-39.8125,32.125,18.6875,-40.1875,-0.0476,-0.1706,0.9842,-0.1526,-0.1792,0.9719,0.5195,-0.3345,9.3927,0.5596,-0.2275,8.6678,63.03760473669665
4864543000,3.3991,3.4726,-30.6875,15.0,-39.8125,32.25,18.5,-40.3438,-0.0632,-0.1551,0.9859,-0.1425,-0.1648,0.976,0.4868,-0.3474,9.1676,0.5454,-0.2465,8.7152,63.036982684294145
4869557000,3.5148,3.4358,-30.9375,15.125,-39.75,32.0312,18.75,-39.9375,-0.0496,-0.1657,0.9849,-0.147,-0.1754,0.9735,0.5342,-0.3362,9.577,0.562,-0.2074,8.4746,63.0732349015016
4874543000,3.4303,3.4707,-30.875,15.2812,-39.8125,32.0938,18.875,-40.0625,-0.0609,-0.184,0.981,-0.1475,-0.1917,0.9703,0.5645,-0.3206,9.7472,0.5732,-0.2004,8.5259,63.071766043769536
4879548000,3.3568,3.4652,-30.6562,15.1562,-39.4375,32.2812,18.625,-40.125,-0.0602,-0.16,0.9853,-0.152,-0.1686,0.9739,0.5361,-0.3337,9.5721,0.5723,-0.2388,8.9352,63.03666828481657
4884548000,3.4395,3.5479,-30.875,15.3438,-39.8125,32.125,18.9375,-40.0312,-0.0676,-0.184,0.9806,-0.1409,-0.1926,0.9711,0.585,-0.3113,9.8778,0.6045,-0.1927,8.7975,63.10279319792429
4889543000,3.4413,3.4873,-30.75,15.25,-39.5,32.1875,18.75,-40.0,-0.0554,-0.1657,0.9846,-0.1575,-0.1734,0.9722,0.5645,-0.3247,9.793,0.5942,-0.215,8.924,63.03672664605928
4894543000,3.4781,3.5112,-30.7812,15.25,-39.5312,32.1562,18.625,-40.375,-0.0524,-0.1706,0.984,-0.1317,-0.1792,0.975,0.5659,-0.3247,9.8097,0.5767,-0.2224,8.8056,63.03347477491622
4899543000,3.4322,3.5424,-30.8125,15.0312,-39.75,32.125,18.4688,-40.0,-0.0632,-0.1551,0.9859,-0.1444,-0.1648,0.9757,0.5605,-0.3398,9.9161,0.5576,-0.2573,8.9729,63.03180546367048
4904543000,3.3954,3.456,-30.7812,15.125,-39.75,32.1562,18.7188,-40.125,-0.0659,-0.1686,0.9835,-0.1374,-0.1782,0.9743,0.5605,-0.3408,9.9269,0.5942,-0.2222,9.003,63.041036969580375
4909546000,3.4358,3.4101,-31.0625,15.3438,-39.5938,31.875,18.9062,-40.0,-0.037,-0.1821,0.9826,-0.1267,-0.1888,0.9738,0.605,-0.3254,10.2623,0.6064,-0.198,8.8773,63.03954789217639
4914543000,3.4487,3.4616,-30.9688,15.3438,-39.6875,32.0,18.8125,-39.875,-0.0543,-0.1782,0.9825,-0.1363,-0.1859,0.9731,0.6138,-0.3196,10.298,0.603,-0.2118,8.9894,63.064544788494274
4919543000,3.3954,3.4652,-30.9062,15.4688,-39.4375,32.0625,18.9375,-40.0625,-0.0446,-0.1917,0.9804,-0.1407,-0.1993,0.9698,0.6089,-0.3037,10.067,0.6294,-0.1873,9.022,63.06726317496265
4924543000,3.3789,3.5167,-30.9688,15.3125,-39.4375,32.0,18.7812,-40.25,-0.0399,-0.1734,0.984,-0.1241,-0.1792,0.976,0.5889,-0.3237,10.0598,0.5933,-0.2256,9.0294,63.06949983454761
4929543000,3.4763,3.5093,-30.9062,15.0625,-39.5312,32.0625,18.5938,-40.0,-0.0477,-0.16,0.986,-0.1396,-0.1677,0.9759,0.5464,-0.3555,9.9286,0.5806,-0.2452,9.1006,63.06938268938424
4934544000,3.5001,3.5424,-31.0,15.3438,-39.4688,31.9375,18.6875,-40.0938,-0.0447,-0.1754,0.9835,-0.1287,-0.184,0.9745,0.5981,-0.3269,10.2006,0.5874,-0.2322,9.035,63.02935713570304
4939548000,3.4836,3.5332,-30.9062,15.3125,-39.5625,32.0625,18.7188,-40.25,-0.0504,-0.1763,0.983,-0.1259,-0.184,0.9748,0.5918,-0.3274,10.1336,0.5938,-0.2394,9.1864,63.06451233165924
4944544000,3.4873,3.5479,-31.125,15.5,-39.25,31.8438,18.9375,-40.3125,-0.0254,-0.1898,0.9815,-0.1027,-0.1974,0.9749,0.6084,-0.312,10.1531,0.6143,-0.1973,8.9585,63.07150771893756
4949544000,3.3844,3.4946,-31.0938,15.5,-39.4375,31.8594,19.0,-40.1875,-0.0292,-0.1898,0.9814,-0.116,-0.1974,0.9734,0.6201,-0.3159,10.3301,0.625,-0.194,9.0453,63.05487998751564
4954544000,3.423,3.5167,-30.9688,15.1562,-39.5,31.9688,18.5625,-40.375,-0.039,-0.158,0.9867,-0.111,-0.1677,0.9796,0.5605,-0.3433,9.9539,0.5806,-0.2534,9.1905,63.035783476133616
4959544000,3.4175,3.4983,-31.2188,15.2812,-39.1875,31.75,18.625,-40.25,-0.0149,-0.1657,0.9861,-0.1003,-0.1734,0.9797,0.5796,-0.3335,10.0621,0.5718,-0.2347,8.8854,63.06647031608793
4964669000,3.4542,3.4175,-31.125,15.3125,-39.375,31.7969,18.7812,-39.8438,-0.0332,-0.1754,0.9839,-0.1212,-0.1821,0.9758,0.5806,-0.3379,10.1218,0.5898,-0.2065,8.7816,63.01918083202923
4969669000,3.4028,3.5938,-31.0938,15.1875,-39.4375,31.8906,18.5,-40.4375,-0.0333,-0.1609,0.9864,-0.1033,-0.1706,0.9799,0.5693,-0.3481,10.1077,0.5742,-0.2607,9.1989,63.079373012182046
4974669000,3.4211,3.4983,-31.0,15.4688,-39.4375,31.9375,18.7812,-40.1875,-0.0369,-0.1859,0.9819,-0.1181,-0.1926,0.9741,0.6084,-0.3096,10.1261,0.5913,-0.2231,8.9803,63.029067897359866
4979669000,3.3936,3.581,-31.0938,15.2812,-39.3438,31.875,18.5625,-40.1875,-0.0227,-0.1609,0.9867,-0.1062,-0.1686,0.9799,0.5718,-0.3462,10.1138,0.5547,-0.2465,8.8202,63.05988053287129
4984669000,3.4211,3.5534,-30.9688,15.375,-39.25,31.9688,18.7188,-40.375,-0.0332,-0.1686,0.9851,-0.1032,-0.1763,0.9789,0.5801,-0.3333,10.065,0.5659,-0.2358,8.831,63.036403111218206
4989670000,3.3844,3.524,-31.125,15.0625,-39.6562,31.8438,18.375,-40.3438,-0.0237,-0.1416,0.9896,-0.0979,-0.1493,0.9839,0.5537,-0.3696,10.1686,0.5132,-0.2607,8.5081,63.05961642327045
4994669000,3.4873,3.5424,-30.9688,15.0312,-39.6562,32.0,18.375,-39.9375,-0.044,-0.1358,0.9898,-0.1239,-0.1435,0.9819,0.5361,-0.3687,9.9588,0.519,-0.272,8.6978,63.0581469880776
4999669000,3.412,3.5479,-30.8125,15.125,-39.4375,32.125,18.4688,-40.0625,-0.044,-0.1435,0.9887,-0.1295,-0.1503,0.9801,0.5308,-0.3657,9.8656,0.5386,-0.2642,8.8324,63.02936244077041
5004676000,3.4432,3.5001,-31.0625,15.25,-39.25,31.9062,18.5938,-40.125,-0.0227,-0.1464,0.989,-0.116,-0.1542,0.9812,0.5625,-0.3557,10.1139,0.5444,-0.2362,8.5915,63.063490254901055
5009669000,3.3091,3.4156,-31.1875,15.125,-39.4375,31.75,18.5938,-40.0,-0.0227,-0.1493,0.9885,-0.1054,-0.1571,0.9819,0.5566,-0.3628,10.126,0.5366,-0.2428,8.5755,63.03552875910537
5014669000,3.4781,3.4689,-30.9062,15.3125,-39.4375,32.0625,18.7188,-40.25,-0.0439,-0.1571,0.9866,-0.1215,-0.1657,0.9787,0.5679,-0.3511,10.1235,0.5728,-0.2299,8.8429,63.06599888711825
5019669000,3.4542,3.3403,-31.1875,15.1562,-39.625,31.7812,18.625,-40.0,-0.0314,-0.1503,0.9881,-0.1102,-0.158,0.9813,0.5796,-0.3711,10.4786,0.5303,-0.23,8.363,63.065286633218435
5024676000,3.4156,3.2852,-30.875,15.1875,-39.4375,32.125,18.5,-40.0938,-0.042,-0.1416,0.989,-0.1324,-0.1493,0.9799,0.5503,-0.3594,10.0161,0.5498,-0.2612,8.9273,63.09043814984962
5029669000,3.491,3.4652,-31.0625,14.9688,-39.3125,31.9062,18.1875,-40.1875,-0.0267,-0.1232,0.992,-0.1087,-0.131,0.9854,0.5122,-0.3865,9.8866,0.4905,-0.2791,8.4541,63.05698085366917
5034670000,3.4652,3.4413,-30.7812,15.2812,-39.4375,32.1875,18.5625,-40.0,-0.0507,-0.1493,0.9875,-0.1379,-0.1571,0.9779,0.5522,-0.353,9.9679,0.5493,-0.2437,8.7285,63.05664529318064
5039670000,3.4579,3.5351,-30.9062,15.1562,-39.3125,32.0625,18.4375,-40.125,-0.0363,-0.1387,0.9897,-0.1238,-0.1474,0.9813,0.541,-0.364,9.9625,0.5396,-0.2583,8.779,63.059370958089964
5044673000,3.4285,3.3532,-30.9688,15.25,-39.4375,31.9531,18.5938,-40.0625,-0.0362,-0.1551,0.9872,-0.1168,-0.1629,0.9797,0.5571,-0.3511,10.0016,0.5425,-0.2416,8.6284,63.0137851826884
5049670000,3.4413,3.298,-30.8125,14.9688,-39.5,32.1562,18.2812,-40.2812,-0.0479,-0.1329,0.99,-0.1345,-0.1397,0.981,0.5098,-0.3772,9.756,0.519,-0.2727,8.7058,63.0606013838276
5054670000,3.4101,3.3513,-30.9688,15.0312,-39.4375,32.0,18.4688,-40.0,-0.0392,-0.1368,0.9898,-0.1344,-0.1435,0.9805,0.5234,-0.3745,9.8804,0.5366,-0.2554,8.7137,63.065071739037926
5059670000,3.3973,3.3035,-31.0938,15.1875,-39.5,31.8438,18.5625,-39.7188,-0.0285,-0.1435,0.9892,-0.1295,-0.1493,0.9803,0.5562,-0.3657,10.1529,0.5342,-0.2415,8.5332,63.028406232428246
5064673000,3.4928,3.4266,-31.0,15.0,-39.375,31.9531,18.2812,-40.0938,-0.0344,-0.1252,0.9915,-0.1212,-0.1339,0.9836,0.519,-0.3738,9.8227,0.5078,-0.2795,8.6545,63.04265021784855
5069675000,3.4726,3.5645,-30.9375,15.0312,-39.5938,32.0,18.4688,-40.375,-0.0479,-0.1358,0.9896,-0.1027,-0.1445,0.9842,0.5342,-0.3718,9.9719,0.5415,-0.261,8.8306,63.03615052848643
5074670000,3.4303,3.2944,-31.0,15.0312,-39.4062,31.9375,18.375,-39.9375,-0.0315,-0.1329,0.9906,-0.122,-0.1416,0.9824,0.5054,-0.3789,9.7255,0.5112,-0.2661,8.5452,63.02850295207717
5079670000,3.4156,3.3072,-31.0,15.0625,-39.4375,31.9531,18.2812,-40.0312,-0.0334,-0.1339,0.9904,-0.1172,-0.1416,0.983,0.5146,-0.3723,9.7569,0.4988,-0.2708,8.456,63.03812583659194
5084683000,3.4395,3.3734,-31.0625,15.125,-39.3125,31.9375,18.4688,-40.125,-0.0208,-0.1387,0.9901,-0.121,-0.1445,0.9821,0.5254,-0.3716,9.8699,0.5269,-0.2534,8.5819,63.09390742924391
5089670000,3.4836,3.3881,-30.9062,15.1562,-39.3125,32.0625,18.4688,-40.1875,-0.0391,-0.1416,0.9891,-0.1267,-0.1474,0.9809,0.5176,-0.3586,9.6383,0.5332,-0.269,8.8254,63.06184364138112
5094670000,3.4211,3.3844,-30.8125,15.1875,-39.25,32.125,18.4062,-40.125,-0.0401,-0.1416,0.9891,-0.1314,-0.1493,0.98,0.5093,-0.3623,9.5853,0.5366,-0.2566,8.7271,63.02582455581204
5099795000,3.3862,3.3844,-30.9375,15.1562,-39.25,32.0625,18.4062,-40.0,-0.0343,-0.1368,0.99,-0.1248,-0.1445,0.9816,0.5249,-0.3572,9.7047,0.5376,-0.2634,8.8133,63.08823186617295
5104798000,3.4266,3.4156,-31.125,15.1562,-39.375,31.8594,18.4375,-40.1875,-0.0227,-0.1397,0.9899,-0.0998,-0.1493,0.9837,0.5181,-0.3694,9.7629,0.5298,-0.26,8.6874,63.075048389200624
5109795000,3.4083,3.3311,-30.875,15.1562,-39.2188,32.125,18.3125,-40.0625,-0.0373,-0.1339,0.9903,-0.1297,-0.1416,0.9814,0.5078,-0.3633,9.5796,0.5181,-0.2812,8.7889,63.08465787638069
5114795000,3.445,3.4946,-30.875,15.125,-39.375,32.125,18.5,-39.9062,-0.0401,-0.1387,0.9895,-0.1344,-0.1445,0.9803,0.5161,-0.3645,9.6867,0.5449,-0.2571,8.8264,63.09257324313219
5119796000,3.3881,3.3844,-30.9375,15.3125,-39.375,32.0312,18.625,-40.0,-0.0371,-0.1551,0.9872,-0.1206,-0.1629,0.9792,0.5356,-0.3494,9.7395,0.5518,-0.2397,8.7133,63.058865046399305
5124795000,3.3605,3.3293,-31.125,15.125,-39.25,31.8438,18.4688,-39.875,-0.016,-0.1387,0.9902,-0.1162,-0.1445,0.9827,0.521,-0.363,9.7256,0.5234,-0.2563,8.5755,63.060616845064246
5129795000,3.4322,3.3127,-31.0,15.125,-39.4375,31.9531,18.375,-39.75,-0.0363,-0.1368,0.9899,-0.1325,-0.1445,0.9806,0.5303,-0.3599,9.7951,0.5127,-0.2671,8.5725,63.03771058549002
5134795000,3.4377,3.2117,-30.9688,15.1562,-39.1875,32.0,18.4062,-40.2812,-0.0266,-0.1368,0.9902,-0.1143,-0.1435,0.983,0.5059,-0.3638,9.5631,0.5234,-0.2695,8.7205,63.06209997399389
5139798000,3.4064,3.4138,-30.9375,15.0,-39.1875,32.0312,18.2812,-40.0625,-0.0266,-0.1252,0.9918,-0.125,-0.1329,0.9832,0.4824,-0.3867,9.5542,0.5005,-0.2832,8.6124,63.060202014662146
5144795000,3.3495,3.3789,-31.1875,15.0,-39.375,31.7969,18.375,-40.1562,-0.0228,-0.1281,0.9915,-0.0961,-0.1339,0.9863,0.5186,-0.3755,9.8361,0.521,-0.2727,8.7279,63.0795968741082
5149795000,3.4983,3.4156,-31.0938,15.3125,-39.4375,31.8594,18.5,-39.875,-0.0266,-0.1503,0.9883,-0.113,-0.16,0.9806,0.5518,-0.3459,9.884,0.5254,-0.2507,8.5358,63.03536271601838
5154795000,3.3513,3.4891,-30.9688,15.3125,-39.25,32.0,18.5938,-40.25,-0.0256,-0.1464,0.9889,-0.1055,-0.1542,0.9824,0.54,-0.3521,9.8189,0.5518,-0.244,8.7602,63.062165385673204
5159796000,3.4322,3.3862,-31.125,15.0312,-39.5625,31.8125,18.4375,-40.125,-0.0266,-0.1358,0.9904,-0.1056,-0.1445,0.9839,0.5312,-0.3689,9.9063,0.5122,-0.2649,8.5428,63.032120321229876
5164802000,3.491,3.4469,-30.9688,15.375,-39.125,31.9688,18.5625,-40.125,-0.0237,-0.1445,0.9892,-0.1141,-0.1522,0.9817,0.542,-0.3408,9.7167,0.541,-0.2549,8.758,63.02619812435143
5169796000,3.3513,3.4175,-31.0938,15.125,-39.4062,31.875,18.5625,-40.0,-0.0208,-0.1397,0.99,-0.1056,-0.1474,0.9834,0.5171,-0.3699,9.7573,0.5322,-0.2496,8.6009,63.06535323083507
5174796000,3.4836,3.5057,-31.125,15.1875,-39.375,31.8438,18.4375,-40.0312,-0.0256,-0.1416,0.9896,-0.1065,-0.1493,0.983,0.5312,-0.3645,9.8576,0.5254,-0.2727,8.7775,63.056029623502305
5179796000,3.4138,3.3476,-31.0938,15.25,-39.4062,31.8594,18.7188,-39.9375,-0.0314,-0.1503,0.9881,-0.1102,-0.16,0.981,0.5356,-0.3579,9.8342,0.5566,-0.2382,8.7512,63.05093372322094
5184796000,3.377,3.4395,-31.0938,15.0,-39.3125,31.8594,18.3125,-39.9375,-0.0179,-0.1232,0.9922,-0.1116,-0.131,0.9851,0.5073,-0.3777,9.7339,0.5039,-0.2856,8.6777,63.043387214600074
5189796000,3.4616,3.4487,-31.0938,15.0625,-39.375,31.8906,18.4688,-40.125,-0.0266,-0.129,0.9913,-0.1057,-0.1368,0.9849,0.5205,-0.3789,9.8961,0.5234,-0.2554,8.5647,63.08090062015602
5194796000,3.4652,3.4726,-31.125,15.25,-39.375,31.8438,18.625,-39.8125,-0.0237,-0.1493,0.9885,-0.1112,-0.1571,0.9813,0.5327,-0.355,9.7686,0.5332,-0.2404,8.5101,63.060699367276285
5199800000,3.4064,3.4432,-31.0625,15.125,-39.3438,31.9062,18.4062,-40.1875,-0.0295,-0.1339,0.9906,-0.1037,-0.1416,0.9845,0.5098,-0.3718,9.6964,0.519,-0.2749,8.73,63.05977547391046
5204796000,3.4138,3.3697,-31.125,15.1875,-39.375,31.8438,18.5,-40.0,-0.0256,-0.1416,0.9896,-0.1036,-0.1493,0.9833,0.5317,-0.3552,9.7603,0.5342,-0.2632,8.772,63.05896490341401
5209796000,3.4285,3.4946,-30.9688,15.125,-39.0938,32.0,18.25,-40.1875,-0.0257,-0.129,0.9913,-0.1028,-0.1368,0.9852,0.4907,-0.3669,9.4279,0.5127,-0.2896,8.8198,63.05578148060652
5214796000,3.4487,3.4689,-31.0,15.0625,-39.1875,31.9375,18.2812,-40.0,-0.0228,-0.1232,0.9921,-0.1164,-0.129,0.9848,0.4944,-0.3691,9.4935,0.4995,-0.2861,8.6336,63.02498783966563
5219796000,3.4303,3.445,-31.0625,15.0312,-39.125,31.9375,18.2812,-39.875,-0.0257,-0.1232,0.992,-0.1212,-0.131,0.9839,0.4976,-0.3706,9.5454,0.498,-0.2896,8.6548,63.08823186617295
5224796000,3.5112,3.4377,-31.0,15.1562,-39.2812,31.9688,18.4688,-40.1875,-0.0343,-0.1416,0.9893,-0.1055,-0.1493,0.9831,0.519,-0.3689,9.7685,0.5464,-0.2551,8.8215,63.062385555020036
5229796000,3.412,3.4322,-31.0,15.2812,-39.25,31.9062,18.5938,-39.8125,-0.0314,-0.1464,0.9887,-0.1189,-0.1542,0.9809,0.5308,-0.3477,9.6654,0.5439,-0.2524,8.7643,62.99587068570447
5234796000,3.4175,3.3991,-31.0938,14.9688,-39.25,31.8594,18.1875,-39.9375,-0.0189,-0.1223,0.9923,-0.1107,-0.129,0.9854,0.501,-0.3811,9.7004,0.4805,-0.3015,8.5892,63.03917889836447
5239923000,3.4211,3.4101,-30.7812,15.0,-39.3125,32.1875,18.1875,-40.0625,-0.0441,-0.1232,0.9914,-0.1356,-0.1329,0.9818,0.478,-0.3792,9.4208,0.4995,-0.3025,8.814,63.05378526258356
5244921000,3.4469,3.2429,-31.0,15.125,-39.2188,31.9531,18.4688,-39.6562,-0.0344,-0.1329,0.9905,-0.1316,-0.1387,0.9815,0.5137,-0.3623,9.6348,0.5249,-0.2671,8.7102,63.0433590222634
5249921000,3.4395,3.3752,-30.9062,15.2812,-39.1875,32.0625,18.4062,-39.9062,-0.0295,-0.1397,0.9898,-0.1276,-0.1474,0.9808,0.5283,-0.3521,9.6865,0.5244,-0.2698,8.7342,63.05029210384358
5254921000,3.502,3.3385,-30.9688,15.25,-39.125,32.0,18.4688,-40.0,-0.0256,-0.1368,0.9903,-0.1171,-0.1445,0.9825,0.519,-0.3523,9.5845,0.5317,-0.2664,8.7793,63.057085818169554
5259921000,3.4818,3.4579,-30.9062,15.1875,-39.0,32.0625,18.4375,-40.125,-0.0257,-0.1329,0.9908,-0.1163,-0.1397,0.9833,0.4824,-0.3635,9.2968,0.5322,-0.2739,8.8681,63.06255073092112
5264921000,3.4432,3.456,-31.0938,15.1875,-39.375,31.875,18.4688,-40.0,-0.0256,-0.1397,0.9899,-0.1036,-0.1474,0.9836,0.5142,-0.3623,9.6403,0.5234,-0.2607,8.6238,63.05733365858407
5269921000,3.3844,3.4377,-31.125,15.1875,-39.0,31.7969,18.4688,-39.8125,-0.0024,-0.1397,0.9902,-0.1037,-0.1445,0.9841,0.4932,-0.3713,9.5041,0.5078,-0.2607,8.4476,63.012638300185465
5274921000,3.4781,3.3274,-30.9375,15.1562,-39.25,32.0312,18.4375,-39.8125,-0.0314,-0.1387,0.9898,-0.1248,-0.1474,0.9812,0.5029,-0.3711,9.6113,0.5093,-0.2766,8.6387,63.05664529318064
5279922000,3.4175,3.3973,-31.0938,15.2812,-39.0938,31.875,18.5938,-39.875,-0.0121,-0.1503,0.9886,-0.1035,-0.1571,0.9822,0.5122,-0.3513,9.4966,0.5366,-0.239,8.5339,63.06071174384254
5284930000,3.3642,3.4505,-31.0,15.3438,-39.25,31.9062,18.75,-39.8125,-0.0188,-0.16,0.9869,-0.1186,-0.1677,0.9787,0.541,-0.3416,9.7138,0.5508,-0.2346,8.6459,63.00086192370704
5289922000,3.3862,3.4542,-31.0625,15.2812,-39.125,31.8906,18.625,-39.8125,-0.0072,-0.1464,0.9892,-0.1218,-0.1522,0.9808,0.5195,-0.3552,9.6224,0.5347,-0.2418,8.5427,63.04559028433313
5294922000,3.4579,3.366,-31.2188,15.0,-39.1875,31.7812,18.3125,-40.0625,-0.0024,-0.1252,0.9921,-0.0904,-0.1329,0.987,0.5024,-0.3811,9.7169,0.5059,-0.2927,8.7777,63.093092183296896
5299922000,3.4726,3.3991,-31.25,15.1875,-39.3438,31.7188,18.5625,-39.625,-0.013,-0.1445,0.9894,-0.1084,-0.1522,0.9824,0.5303,-0.3701,9.9088,0.5166,-0.2468,8.3937,63.059808688894705
5304922000,3.4763,3.4413,-31.0625,15.0312,-39.375,31.8906,18.2812,-39.875,-0.0286,-0.129,0.9912,-0.1144,-0.1358,0.9841,0.5073,-0.3757,9.7123,0.5034,-0.2832,8.6453,63.03891892799241
5309935000,3.4469,3.3109,-31.0625,15.1562,-39.1875,31.9375,18.3125,-39.9688,-0.0102,-0.1339,0.9909,-0.1066,-0.1397,0.9844,0.5073,-0.3682,9.6283,0.5063,-0.2822,8.6676,63.08385418932486
5314922000,3.434,3.5442,-31.1875,14.9688,-39.1875,31.7969,18.25,-40.0625,-0.0044,-0.1203,0.9927,-0.0933,-0.1281,0.9874,0.4849,-0.3882,9.5979,0.4937,-0.2883,8.5919,63.075879239214736
5319922000,3.5314,3.5902,-30.9375,15.25,-39.125,32.0312,18.4062,-39.9375,-0.0256,-0.1358,0.9904,-0.1143,-0.1445,0.9829,0.5195,-0.3542,9.6116,0.5269,-0.2705,8.7698,63.05298513456758
5324922000,3.4965,3.4726,-30.9375,15.1562,-39.3125,32.0312,18.4062,-40.125,-0.0295,-0.1387,0.9899,-0.1171,-0.1464,0.9823,0.5103,-0.3611,9.5828,0.5176,-0.2664,8.6195,63.05775000695791
5329922000,3.4432,3.4542,-30.875,14.9688,-39.0625,32.125,18.1562,-40.0625,-0.0257,-0.1223,0.9922,-0.1174,-0.131,0.9844,0.46,-0.3884,9.3213,0.4937,-0.2959,8.6754,63.088505440848735
5334922000,3.4064,3.3495,-31.0938,15.1562,-39.2812,31.875,18.4688,-39.8125,-0.0121,-0.1445,0.9894,-0.1055,-0.1522,0.9827,0.5151,-0.3545,9.5648,0.5171,-0.2454,8.3831,63.05811107137606
5339922000,3.3936,3.3146,-31.2812,14.875,-39.25,31.6875,18.125,-39.9062,0.0053,-0.1203,0.9927,-0.0905,-0.1261,0.9879,0.4924,-0.3965,9.7753,0.4751,-0.3123,8.6474,63.05592976183921
5344928000,3.4928,3.5902,-31.0,14.9688,-39.3438,31.9688,18.25,-40.1875,-0.016,-0.1232,0.9922,-0.101,-0.131,0.9862,0.4875,-0.3894,9.6417,0.5024,-0.2832,8.6343,63.05987532948349
5349922000,3.377,3.5424,-30.9375,15.0625,-39.1875,32.0,18.4062,-40.1562,-0.015,-0.1445,0.9894,-0.0997,-0.1522,0.9833,0.4836,-0.3762,9.4513,0.5122,-0.2649,8.5428,63.03370222055817
5354932000,3.3532,3.4505,-30.9375,15.1562,-39.125,32.0312,18.375,-40.125,-0.0073,-0.1368,0.9906,-0.1114,-0.1445,0.9832,0.501,-0.3655,9.527,0.5146,-0.2732,8.6616,63.05884436881158
5359922000,3.4377,3.5167,-31.125,14.9375,-39.125,31.8594,18.0625,-39.875,0.0005,-0.1203,0.9927,-0.1059,-0.1281,0.9861,0.4812,-0.3892,9.5677,0.4656,-0.2983,8.3871,63.06633625286949
5364922000,3.4211,3.3256,-31.0625,15.1875,-39.1562,31.8906,18.4688,-39.875,-0.0053,-0.1464,0.9892,-0.1112,-0.1542,0.9818,0.52,-0.3672,9.7606,0.52,-0.2474,8.439,63.04265542265808
5369935000,3.4175,3.3936,-31.1875,15.3125,-38.9688,31.7812,18.6875,-39.6875,0.014,-0.1503,0.9885,-0.1006,-0.1571,0.9824,0.5195,-0.3506,9.5711,0.5352,-0.2322,8.4423,63.063177325440876
5375047000,3.3917,3.3844,-31.0938,15.25,-39.0625,31.8594,18.5625,-39.5625,0.0043,-0.1503,0.9886,-0.116,-0.1571,0.9808,0.5254,-0.3545,9.6804,0.5195,-0.2469,8.4281,63.04227190139962
5380048000,3.3752,3.491,-30.9688,15.0,-39.1875,31.9688,18.4062,-39.8438,-0.015,-0.1368,0.9905,-0.1085,-0.1445,0.9835,0.4756,-0.3713,9.3067,0.5127,-0.2625,8.5214,63.033121625777035
5384937000,3.3568,3.491,-30.9688,15.0312,-39.1875,32.0,18.375,-40.0625,-0.0082,-0.1339,0.991,-0.1085,-0.1416,0.984,0.4919,-0.3733,9.5121,0.5156,-0.2715,8.6538,63.06359010459205
5390048000,3.513,3.5608,-31.0625,15.3125,-39.375,31.875,18.75,-39.875,-0.0121,-0.16,0.9871,-0.1052,-0.1677,0.9802,0.5391,-0.3491,9.7754,0.5396,-0.22,8.3581,63.03328733693016
5395051000,3.377,3.3458,-31.0625,15.1875,-39.0938,31.9062,18.5625,-39.8125,0.0024,-0.1493,0.9888,-0.1064,-0.1551,0.9821,0.5059,-0.3679,9.6091,0.5142,-0.2539,8.444,63.063177325440876
5400048000,3.5167,3.423,-30.9688,15.0625,-39.25,32.0,18.375,-40.0312,-0.0053,-0.131,0.9914,-0.1086,-0.1387,0.9844,0.4893,-0.3701,9.4467,0.5166,-0.2761,8.7159,63.060706490888606
5405048000,3.4413,3.4524,-31.0,15.1875,-39.1875,31.9375,18.625,-39.75,-0.0024,-0.1464,0.9892,-0.1064,-0.1542,0.9823,0.502,-0.3604,9.4812,0.5371,-0.233,8.4738,63.03381409013737
5410048000,3.4028,3.4395,-31.0625,15.0625,-39.2188,31.9062,18.4062,-39.875,-0.0015,-0.1387,0.9903,-0.1008,-0.1445,0.9844,0.4937,-0.3728,9.5259,0.4963,-0.2739,8.4635,63.060828632519566
5415048000,3.4965,3.4763,-31.0,15.25,-39.1562,31.9375,18.625,-39.75,-0.0015,-0.1542,0.988,-0.1111,-0.16,0.9809,0.5264,-0.3511,9.6536,0.5371,-0.2512,8.6736,63.03072369638476
5420048000,3.4524,3.6655,-31.0,15.1875,-39.1562,31.9531,18.625,-39.875,-0.0072,-0.1542,0.988,-0.114,-0.16,0.9805,0.5078,-0.365,9.5986,0.5322,-0.2347,8.4374,63.050978416674866
5425048000,3.4542,3.3917,-31.2188,15.1875,-39.1875,31.75,18.5625,-39.5625,0.0063,-0.1474,0.9891,-0.1112,-0.1542,0.9818,0.5259,-0.3623,9.7725,0.519,-0.2549,8.5098,63.06029672813156
5430048000,3.4873,3.5626,-31.1875,15.0625,-39.375,31.7969,18.4688,-40.25,0.0024,-0.1368,0.9906,-0.0719,-0.1464,0.9866,0.5151,-0.3735,9.7759,0.5122,-0.2666,8.5616,63.082510635278304
5435048000,3.4689,3.502,-31.1875,15.1562,-39.25,31.75,18.625,-39.75,0.0072,-0.1522,0.9883,-0.0977,-0.158,0.9826,0.5151,-0.3608,9.6351,0.5215,-0.2338,8.3053,63.03500202022683
5440048000,3.4285,3.4946,-31.125,15.0,-39.25,31.8438,18.4688,-40.0,0.0053,-0.1368,0.9906,-0.0931,-0.1445,0.9851,0.5044,-0.3889,9.8257,0.522,-0.2603,8.6019,63.06873113421579
5445048000,3.5608,3.6931,-31.1875,15.1875,-39.0625,31.8125,18.4688,-40.0938,0.013,-0.1493,0.9887,-0.0814,-0.1551,0.9845,0.5259,-0.3645,9.7969,0.5112,-0.2482,8.3479,63.09382306834798
5450048000,3.434,3.5148,-31.0625,15.1875,-39.0,31.8906,18.375,-40.0,0.0121,-0.1368,0.9905,-0.1008,-0.1435,0.9845,0.5073,-0.3699,9.6472,0.5088,-0.2576,8.4237,63.04167634081441
5455048000,3.5112,3.5773,-31.1875,15.25,-39.1875,31.75,18.7812,-39.75,0.0082,-0.158,0.9874,-0.0947,-0.1648,0.9818,0.5298,-0.3567,9.7544,0.5405,-0.2292,8.4709,63.03899337663951
5460048000,3.4983,3.5093,-31.0,15.125,-39.2188,31.9062,18.5625,-39.8438,-0.0073,-0.1435,0.9896,-0.1084,-0.1503,0.9827,0.5083,-0.3767,9.7341,0.5278,-0.2532,8.5902,63.003150950488184
5465049000,3.456,3.3826,-30.8125,15.0,-39.0625,32.125,18.2812,-39.8125,-0.015,-0.1252,0.992,-0.1173,-0.1329,0.9842,0.468,-0.386,9.3845,0.5063,-0.2874,8.724,63.02743592825271
5470056000,3.3991,3.4579,-31.0625,15.2812,-38.9375,31.8906,18.4688,-39.9375,0.014,-0.1493,0.9887,-0.0978,-0.1551,0.983,0.5122,-0.3564,9.5534,0.519,-0.2583,8.5474,63.04168139707252
5475048000,3.4377,3.5332,-31.0625,15.25,-39.25,31.8906,18.7188,-39.5625,-0.0015,-0.1522,0.9883,-0.1207,-0.16,0.9797,0.5347,-0.3494,9.7285,0.5288,-0.2284,8.3291,63.04936977718334
5480051000,3.5093,3.5185,-30.9688,15.0,-39.1875,31.9531,18.2812,-39.75,-0.0024,-0.1261,0.992,-0.1135,-0.1339,0.9845,0.4829,-0.387,9.5624,0.4907,-0.2805,8.4729,63.00990540621371
5485048000,3.4836,3.4965,-31.0,15.1562,-39.2812,31.9531,18.4375,-40.0625,-0.0044,-0.1416,0.9899,-0.1027,-0.1493,0.9834,0.5234,-0.3694,9.8235,0.5137,-0.252,8.417,63.043399012029795
5490048000,3.5369,3.524,-31.0938,15.0312,-39.3125,31.8594,18.4688,-39.75,-0.0082,-0.1397,0.9902,-0.1084,-0.1493,0.9828,0.5029,-0.3857,9.774,0.5156,-0.2637,8.5679,63.048504266556556
5495049000,3.456,3.4836,-31.0938,15.1562,-39.1875,31.8438,18.4688,-40.0,0.0053,-0.1416,0.9899,-0.0931,-0.1474,0.9847,0.5103,-0.3662,9.6396,0.5088,-0.2605,8.4559,63.02995294913364
5500048000,3.4524,3.5387,-31.0938,15.0312,-39.3438,31.8438,18.5,-39.625,-0.0053,-0.1339,0.991,-0.1085,-0.1416,0.984,0.4937,-0.3745,9.5449,0.5151,-0.2448,8.3544,63.033746046383754
5505049000,3.4652,3.5204,-31.125,15.0625,-39.4062,31.8438,18.5,-39.9375,-0.0053,-0.1387,0.9903,-0.0921,-0.1464,0.9849,0.5122,-0.3845,9.8649,0.5239,-0.2488,8.4978,63.06479572138484
5510174000,3.5093,3.5571,-31.0938,15.125,-39.0938,31.8594,18.4375,-39.9375,0.0053,-0.1339,0.991,-0.098,-0.1416,0.9851,0.5122,-0.3728,9.7348,0.5142,-0.2559,8.4655,63.04593465228349
5515178000,3.4652,3.581,-31.0,15.125,-39.1875,31.9375,18.4688,-39.9688,-0.0082,-0.1435,0.9896,-0.1113,-0.1503,0.9824,0.5034,-0.3655,9.5545,0.5254,-0.2549,8.5814,63.031106085646314
5520174000,3.5112,3.5369,-31.125,15.25,-39.1875,31.8125,18.5938,-39.8125,-0.0043,-0.1493,0.9888,-0.0997,-0.1571,0.9825,0.5381,-0.3528,9.805,0.5234,-0.2462,8.4641,63.02936244077041
5525174000,3.5001,3.4175,-31.1875,15.0312,-39.125,31.75,18.4688,-39.6875,0.0092,-0.1358,0.9907,-0.1066,-0.1416,0.9842,0.4939,-0.385,9.6642,0.5049,-0.251,8.3073,63.033819543638636
5530174000,3.5057,3.491,-31.0938,14.9688,-39.3125,31.875,18.1875,-40.0,-0.0044,-0.1223,0.9925,-0.1039,-0.131,0.9859,0.4907,-0.3889,9.6719,0.4875,-0.2937,8.5825,63.05475762684367
5535174000,3.5314,3.6269,-31.2188,15.1562,-39.125,31.75,18.4062,-39.9375,0.014,-0.1339,0.9909,-0.0961,-0.1397,0.9855,0.5205,-0.3726,9.8257,0.5132,-0.2725,8.6371,63.05784986573837
5540181000,3.3568,3.4781,-31.0938,15.3125,-39.0,31.8594,18.5938,-39.875,0.0092,-0.1542,0.988,-0.1006,-0.16,0.982,0.5259,-0.3545,9.686,0.5376,-0.2539,8.7086,63.04472971573437
5545174000,3.5314,3.5424,-30.9688,15.375,-39.0625,31.9531,18.625,-39.75,-0.0043,-0.1551,0.9879,-0.1207,-0.1609,0.9796,0.5356,-0.344,9.68,0.5312,-0.2424,8.5108,63.00952829421912
5550174000,3.5185,3.5167,-30.9688,15.1562,-39.1562,31.9688,18.4375,-39.875,-0.0102,-0.1397,0.9901,-0.1113,-0.1474,0.9828,0.5059,-0.3645,9.5712,0.5176,-0.2625,8.5765,63.02717744663805
5555174000,3.5167,3.5479,-31.0938,15.3125,-39.1562,31.8438,18.5938,-39.9375,0.0005,-0.1503,0.9886,-0.0977,-0.158,0.9826,0.5283,-0.3516,9.6811,0.5293,-0.2424,8.4887,63.02792121861548
5560174000,3.5314,3.5314,-31.1875,15.1562,-39.2188,31.7812,18.625,-39.5938,-0.0121,-0.1464,0.9891,-0.1131,-0.1542,0.9815,0.5161,-0.3655,9.6975,0.5322,-0.2517,8.6237,63.065286633218435
5565174000,3.4395,3.4836,-30.9688,15.0312,-39.0,32.0,18.2812,-40.0,-0.0015,-0.129,0.9916,-0.1144,-0.1358,0.9841,0.4751,-0.3757,9.35,0.5073,-0.2827,8.6839,63.060544506371016
5570174000,3.4836,3.4432,-31.0625,15.0625,-39.375,31.8906,18.375,-39.8125,-0.0131,-0.131,0.9913,-0.1134,-0.1368,0.9841,0.4995,-0.3777,9.646,0.5049,-0.272,8.5382,63.04170732229577
5575174000,3.5314,3.5001,-31.2812,15.125,-39.25,31.6875,18.4062,-39.9375,0.0073,-0.1358,0.9907,-0.0845,-0.1435,0.986,0.5166,-0.3755,9.8141,0.501,-0.2637,8.4029,63.05787904282858
5580179000,3.5038,3.4726,-30.875,15.1875,-38.9375,32.0938,18.4062,-39.8125,-0.0131,-0.1387,0.9902,-0.119,-0.1464,0.982,0.4851,-0.3662,9.3567,0.5249,-0.2607,8.6403,63.05708071366767
5585174000,3.502,3.4524,-31.0938,15.125,-39.125,31.875,18.4062,-39.875,-0.0044,-0.1358,0.9907,-0.0999,-0.1416,0.9849,0.5054,-0.373,9.6605,0.5137,-0.2651,8.562,63.05869128740304
5590174000,3.434,3.4983,-31.1875,15.0625,-39.3438,31.75,18.4688,-39.75,-0.0044,-0.1397,0.9902,-0.1036,-0.1474,0.9836,0.5078,-0.3789,9.753,0.5107,-0.2512,8.376,63.03091927284577
5595174000,3.366,3.434,-31.0625,15.2812,-38.9062,31.8906,18.375,-39.8438,0.0063,-0.1397,0.9902,-0.1056,-0.1464,0.9836,0.5068,-0.3525,9.4496,0.5127,-0.2734,8.6423,63.036049144993214
5600174000,3.5259,3.4616,-31.25,15.1562,-39.375,31.6875,18.5,-39.9375,0.0005,-0.1445,0.9895,-0.0949,-0.1522,0.9838,0.5283,-0.364,9.8191,0.5098,-0.2642,8.5072,63.028773674727326
5605178000,3.4763,3.5057,-31.0625,15.1875,-39.125,31.8906,18.5,-39.9375,-0.0024,-0.1435,0.9896,-0.1132,-0.1493,0.9823,0.5063,-0.3618,9.5469,0.519,-0.2588,8.5527,63.0454249895264
5610175000,3.4836,3.4726,-31.125,15.1562,-39.0,31.7969,18.5,-39.8125,0.0082,-0.1368,0.9906,-0.1008,-0.1435,0.9845,0.4983,-0.3696,9.5428,0.5083,-0.248,8.3136,63.01592381533417
5615175000,3.4634,3.5204,-30.9688,15.2812,-38.875,31.9688,18.5938,-39.9375,0.0024,-0.1464,0.9892,-0.1112,-0.1522,0.9821,0.4951,-0.3577,9.3745,0.5386,-0.2396,8.5627,63.03367130962626
5620175000,3.524,3.5828,-31.0,15.25,-39.0,31.9531,18.4375,-40.125,-0.0053,-0.1435,0.9896,-0.1007,-0.1503,0.9835,0.5107,-0.3533,9.5017,0.52,-0.2661,8.6443,63.04378304686355
5625175000,3.456,3.4707,-31.0,15.1875,-39.0625,31.9375,18.5,-39.6562,-0.0044,-0.1435,0.9896,-0.1218,-0.1493,0.9812,0.4805,-0.3701,9.348,0.5127,-0.2544,8.4329,63.02740707176522
5630175000,3.5075,3.5406,-31.375,15.1875,-39.375,31.5625,18.5938,-39.8125,0.0053,-0.1493,0.9888,-0.0949,-0.1551,0.9833,0.5405,-0.3647,9.9651,0.5103,-0.239,8.2364,63.031128755480815
5635175000,3.5718,3.5608,-31.0938,15.1562,-39.1875,31.875,18.4375,-39.875,-0.0024,-0.1397,0.9902,-0.1056,-0.1474,0.9834,0.501,-0.3669,9.5433,0.5117,-0.2725,8.6206,63.05798410494899
5640175000,3.4781,3.5075,-31.0625,15.0625,-39.4375,31.8906,18.4375,-39.9688,-0.0237,-0.1368,0.9903,-0.1085,-0.1445,0.9835,0.501,-0.3657,9.5297,0.5156,-0.2732,8.6727,63.045742951447565
5645304000,3.5112,3.4634,-31.125,15.1875,-39.125,31.8438,18.4375,-39.5625,-0.0024,-0.1416,0.9899,-0.1171,-0.1474,0.9821,0.501,-0.3655,9.527,0.5166,-0.259,8.5279,63.05413293107756
5650305000,3.5902,3.5277,-31.0,15.1562,-39.4688,31.9375,18.4375,-40.125,-0.0373,-0.1339,0.9903,-0.1133,-0.1435,0.9831,0.5098,-0.3633,9.6016,0.5205,-0.2791,8.7922,63.026394743631016
5655305000,3.57,3.57,-30.9688,15.125,-39.2812,32.0,18.4688,-39.9688,-0.0527,-0.1329,0.9897,-0.1373,-0.1435,0.9801,0.4641,-0.3767,9.2377,0.5283,-0.28,8.8912,63.061268347853584
5660300000,3.5277,3.6967,-30.8125,15.1875,-39.0938,32.125,18.4688,-39.9375,-0.0693,-0.1174,0.9907,-0.1673,-0.1261,0.9778,0.4468,-0.3823,9.106,0.5234,-0.2832,8.871,63.02862576345767
5665300000,3.5883,3.6729,-30.5,15.1562,-39.0625,32.4375,18.5,-40.0,-0.0954,-0.1116,0.9892,-0.1931,-0.1223,0.9735,0.428,-0.3738,8.8011,0.543,-0.2949,9.2208,63.03323576447587
5670300000,3.5057,3.5571,-30.5938,14.9688,-39.3125,32.3125,18.4688,-39.75,-0.1071,-0.1067,0.9885,-0.2018,-0.1174,0.9724,0.4187,-0.3936,8.9173,0.5229,-0.2727,8.7499,63.00511079222066
5675300000,3.5204,3.5277,-30.875,14.9375,-39.3125,32.0625,18.4688,-39.6875,-0.0877,-0.1096,0.9901,-0.1808,-0.1203,0.9761,0.4268,-0.3904,8.9719,0.5122,-0.2815,8.7255,63.03760473669665
5680300000,3.4726,3.57,-30.5938,15.0312,-39.25,32.375,18.4375,-39.7812,-0.1042,-0.1096,0.9885,-0.1988,-0.1203,0.9726,0.438,-0.3833,9.0186,0.5146,-0.2898,8.8445,63.06310194218169
5685300000,3.5259,3.5791,-30.8125,15.0312,-39.3125,32.125,18.4375,-40.0625,-0.0867,-0.1145,0.9896,-0.1635,-0.1252,0.9786,0.4541,-0.3889,9.2612,0.519,-0.2844,8.8349,63.03407242071545
5690313000,3.5589,3.6912,-30.75,15.0,-39.375,32.1875,18.5,-40.0,-0.0983,-0.1174,0.9882,-0.1768,-0.1281,0.9759,0.4331,-0.3948,9.0916,0.5254,-0.2756,8.8097,63.03784205737059
5695300000,3.4891,3.5645,-30.4688,15.25,-39.0625,32.4688,18.5938,-39.6875,-0.1088,-0.1223,0.9865,-0.2052,-0.1329,0.9697,0.446,-0.3643,8.8973,0.541,-0.2629,8.8466,63.029462295025176
5700300000,3.5351,3.5461,-30.7812,14.9688,-39.25,32.1562,18.4375,-39.75,-0.0965,-0.1077,0.9895,-0.1827,-0.1184,0.976,0.4236,-0.3938,8.9745,0.5234,-0.2778,8.8118,63.03489667200225
5705300000,3.5075,3.5461,-30.875,15.25,-39.2188,32.0938,18.625,-39.8125,-0.0817,-0.129,0.9883,-0.1737,-0.1387,0.975,0.4788,-0.3655,9.2773,0.5347,-0.2681,8.8312,63.06197648448707
5710300000,3.5736,3.6049,-30.6875,15.0312,-39.3125,32.25,18.4688,-39.8438,-0.1012,-0.1126,0.9885,-0.1902,-0.1223,0.9741,0.4431,-0.3879,9.1274,0.5288,-0.2749,8.8402,63.03354884265997
5715313000,3.4616,3.5681,-30.75,15.25,-39.25,32.2188,18.625,-39.9375,-0.0905,-0.1252,0.988,-0.1823,-0.1368,0.9737,0.4648,-0.366,9.1267,0.5449,-0.2646,8.9096,63.06292932214615
5720300000,3.502,3.5314,-30.6875,15.375,-39.0,32.25,18.7188,-39.625,-0.0827,-0.1339,0.9875,-0.1982,-0.1445,0.9694,0.4729,-0.3501,9.0411,0.5586,-0.2454,8.8525,63.02936244077041
5725300000,3.5663,3.6582,-30.8125,15.125,-39.3125,32.1562,18.5625,-39.875,-0.0905,-0.1232,0.9882,-0.1719,-0.1339,0.976,0.4785,-0.376,9.3911,0.5337,-0.2671,8.8094,63.064966440885385
5730301000,3.4542,3.592,-30.9062,15.0625,-39.2188,32.0312,18.5625,-39.75,-0.0819,-0.1184,0.9896,-0.172,-0.129,0.9766,0.4531,-0.3845,9.2014,0.5308,-0.2693,8.8005,63.036881999350186
5735301000,3.5571,3.6214,-30.8125,15.3438,-39.25,32.1562,18.7188,-40.1875,-0.0874,-0.1387,0.9865,-0.1629,-0.1493,0.9753,0.4983,-0.3562,9.394,0.5625,-0.25,8.9477,63.06605038322917
5740301000,3.5479,3.5295,-30.6562,15.0312,-39.25,32.25,18.4688,-39.75,-0.0964,-0.1126,0.989,-0.1978,-0.1223,0.9726,0.4517,-0.3855,9.1959,0.5337,-0.2827,8.9814,63.00204038124479
5745301000,3.603,3.6379,-30.75,15.2812,-39.1562,32.2188,18.6875,-40.0,-0.0951,-0.1368,0.986,-0.1716,-0.1464,0.9742,0.4812,-0.3633,9.2804,0.5674,-0.2627,9.1427,63.06650974621951
5750301000,3.5645,3.6177,-30.5,14.875,-39.0625,32.4062,18.3125,-39.5625,-0.1004,-0.1038,0.9895,-0.2161,-0.1126,0.9699,0.4216,-0.4021,9.045,0.5142,-0.3069,9.0274,63.0020349249927
5755301000,3.5277,3.6361,-30.6562,15.0312,-39.1562,32.25,18.4375,-39.8125,-0.0906,-0.1116,0.9896,-0.1798,-0.1223,0.9761,0.4448,-0.3823,9.0842,0.5166,-0.2734,8.6864,63.00177464024327
5760301000,3.5204,3.5975,-30.7812,15.0,-39.1562,32.1562,18.4688,-39.5,-0.0867,-0.1145,0.9896,-0.1874,-0.1232,0.9745,0.4436,-0.387,9.122,0.5278,-0.2844,8.9341,63.03385670129981
5765301000,3.5442,3.6141,-30.5938,15.2812,-38.9375,32.3438,18.5625,-39.8125,-0.0934,-0.1261,0.9876,-0.1946,-0.1368,0.9713,0.4648,-0.3625,9.0888,0.5371,-0.2666,8.8427,63.029152369756645
5770313000,3.4983,3.6049,-30.8125,15.1562,-39.25,32.125,18.4375,-39.75,-0.0847,-0.1232,0.9888,-0.1794,-0.1358,0.9743,0.4731,-0.3792,9.366,0.5171,-0.2764,8.7241,63.02496200665257
5775301000,3.5167,3.6398,-30.5625,15.2812,-39.0625,32.375,18.6875,-39.8125,-0.1,-0.1329,0.9861,-0.1906,-0.1445,0.971,0.4636,-0.363,9.0805,0.563,-0.2505,8.9586,63.03407242071545
5780426000,3.5534,3.6049,-30.6562,15.0312,-38.9688,32.25,18.375,-39.9375,-0.082,-0.1038,0.9912,-0.1857,-0.1145,0.9759,0.4412,-0.3894,9.1219,0.5098,-0.2778,8.6577,63.002455321757104
5785426000,3.5112,3.5736,-30.4375,15.3438,-38.8438,32.5312,18.625,-39.5625,-0.1058,-0.1339,0.9853,-0.2162,-0.1445,0.9656,0.4604,-0.3562,8.9692,0.5547,-0.2573,8.9396,63.05822692416906
5790426000,3.3954,3.5718,-30.8125,15.1875,-39.0625,32.125,18.5,-39.9375,-0.0818,-0.1232,0.989,-0.17,-0.1339,0.9763,0.46,-0.3789,9.2156,0.521,-0.2783,8.7897,63.03068449176163
5795433000,3.6251,3.7188,-30.6875,15.125,-39.0625,32.25,18.5,-39.7812,-0.0924,-0.1223,0.9882,-0.1852,-0.1339,0.9735,0.4517,-0.3867,9.2094,0.5449,-0.2817,9.0977,63.032024090457384
5800426000,3.4946,3.5075,-30.6875,15.2812,-39.0625,32.2188,18.625,-39.5938,-0.0904,-0.131,0.9873,-0.1954,-0.1416,0.9704,0.4612,-0.3691,9.1209,0.5371,-0.2561,8.7272,62.997348022119155
5805426000,3.5736,3.5608,-30.5625,14.9688,-39.2812,32.375,18.5,-39.75,-0.1118,-0.1184,0.9867,-0.1958,-0.129,0.9721,0.4319,-0.3953,9.0834,0.5381,-0.2771,8.9693,63.038226919306666
5810426000,3.6085,3.6196,-30.6875,15.1562,-39.0625,32.25,18.4375,-39.6875,-0.0924,-0.1223,0.9882,-0.1871,-0.1329,0.9733,0.4412,-0.3835,9.0568,0.5166,-0.2871,8.8369,63.02607762616994
5815426000,3.5424,3.6012,-30.75,15.1562,-39.2188,32.1875,18.5938,-39.875,-0.0905,-0.1232,0.9882,-0.1699,-0.1358,0.9761,0.4504,-0.3821,9.1442,0.5342,-0.2615,8.7532,63.03472533810233
5820436000,3.57,3.5718,-30.6562,15.0,-39.2188,32.2812,18.4375,-39.5938,-0.1042,-0.1019,0.9893,-0.1962,-0.1126,0.9741,0.4236,-0.3989,9.0315,0.5142,-0.2971,8.9197,63.03231988440533
5825426000,3.5185,3.3072,-30.9375,14.6875,-39.125,32.0,18.1875,-39.4375,-0.0853,-0.0474,0.9952,-0.2066,-0.0581,0.9767,0.3516,-0.4341,8.6229,0.4624,-0.3376,8.7857,63.03551826153252
5830433000,3.7776,3.4064,-30.9062,15.0,-39.7188,32.0625,18.5,-39.2188,-0.1279,-0.0454,0.9907,-0.2304,-0.0581,0.9714,0.3677,-0.3992,8.4124,0.4541,-0.3342,8.6549,63.06787755815158
5835427000,3.7666,3.5883,-30.8125,14.6562,-39.9375,32.125,18.0,-39.6875,-0.1464,0.0337,0.9887,-0.2526,0.02,0.9674,0.3206,-0.4463,8.4164,0.3767,-0.4187,8.7302,63.02675943351364
5840431000,3.6324,3.4175,-31.25,14.5,-40.0,31.7188,17.6562,-40.0625,-0.1121,0.0941,0.9892,-0.2015,0.0824,0.976,0.2791,-0.4929,8.4815,0.2937,-0.4536,8.202,63.04788083774109
5845427000,3.7114,3.4138,-31.0625,14.1875,-40.0938,31.9062,17.4688,-39.5938,-0.1382,0.1445,0.9798,-0.2467,0.1319,0.9601,0.1993,-0.5312,8.0381,0.2041,-0.5122,7.8754,63.05611873069893
5850427000,3.6416,3.5204,-31.0938,13.9375,-39.9062,31.8594,17.125,-39.5312,-0.1264,0.1993,0.9717,-0.2454,0.1869,0.9512,0.1339,-0.5718,7.7814,0.1418,-0.5825,7.9902,63.034959915034456
5855427000,3.6416,3.5093,-30.9375,13.7812,-39.5938,32.0,16.9375,-39.625,-0.1243,0.2422,0.9622,-0.2487,0.2289,0.9412,0.0902,-0.6182,7.8329,0.0915,-0.6333,8.0202,63.016601855225424
5860428000,3.6288,3.4928,-31.0,14.0938,-39.8125,31.9375,17.25,-39.8125,-0.1294,0.227,0.9653,-0.2356,0.2146,0.9478,0.1227,-0.5864,7.8253,0.1434,-0.6138,8.3639,63.016589122944445
5865427000,3.7188,3.5222,-31.4375,13.5938,-40.0,31.4688,16.8438,-39.5938,-0.1177,0.2696,0.9558,-0.2139,0.2564,0.9426,0.0649,-0.6689,8.1403,0.0599,-0.647,7.8325,62.99150798425134
5870436000,3.6802,3.5001,-31.125,14.0938,-39.7812,31.8125,17.1562,-39.625,-0.1322,0.2289,0.9644,-0.2392,0.2165,0.9465,0.1076,-0.583,7.6218,0.0886,-0.6294,7.9442,63.012154370803735
5875427000,3.6435,3.4579,-31.25,14.0938,-39.75,31.7031,17.25,-39.6875,-0.1296,0.2232,0.9661,-0.2331,0.2108,0.9493,0.1117,-0.584,7.6775,0.1281,-0.6094,8.1456,63.032200535123316
5880427000,3.7078,3.6122,-31.1875,14.2188,-39.75,31.75,17.375,-40.1562,-0.1363,0.2184,0.9663,-0.2129,0.2041,0.9555,0.1288,-0.5688,7.6921,0.1516,-0.5942,8.2304,63.01789827604536
5885428000,3.7261,3.5975,-31.125,14.25,-39.75,31.8125,17.5,-40.125,-0.1366,0.2079,0.9686,-0.2171,0.1936,0.9568,0.1356,-0.5654,7.728,0.179,-0.5703,8.2573,63.02247243047515
5890427000,3.8401,3.4028,-31.0938,14.2188,-39.5938,31.8125,17.4375,-39.3438,-0.1381,0.2203,0.9656,-0.2517,0.2079,0.9452,0.1273,-0.5767,7.7649,0.1335,-0.5771,7.8384,62.98908722453438
5895427000,3.8217,3.4028,-30.9375,14.4062,-39.625,31.9688,17.5625,-39.4375,-0.1512,0.1965,0.9688,-0.2585,0.183,0.9485,0.145,-0.5542,7.7033,0.1652,-0.5703,8.1064,62.985712392811756
5900427000,3.7629,3.4873,-31.125,14.0625,-39.375,31.7812,17.3125,-39.4375,-0.1229,0.2251,0.9666,-0.2459,0.2127,0.9457,0.1093,-0.5981,7.8128,0.1273,-0.6025,8.0596,62.99012942271193
5905427000,3.7776,3.4726,-31.2188,14.0938,-39.5625,31.7344,17.3125,-39.4375,-0.1295,0.2241,0.9659,-0.2368,0.2108,0.9484,0.1202,-0.603,7.9872,0.1254,-0.6016,8.0271,63.03555381631862
5910427000,3.7702,3.4505,-31.1875,14.1875,-39.4375,31.75,17.4688,-39.375,-0.1281,0.2079,0.9697,-0.2366,0.1945,0.9519,0.126,-0.5903,7.9058,0.1378,-0.5654,7.752,63.02300962497745
5915437000,3.7739,3.3973,-31.1875,14.0,-39.4375,31.75,17.125,-39.1875,-0.1359,0.2318,0.9632,-0.2484,0.2184,0.9437,0.1078,-0.6138,7.9745,0.0992,-0.624,7.9985,63.0155300798938
5920552000,3.7372,3.4322,-31.1875,14.0,-39.2188,31.75,17.2188,-39.3125,-0.1228,0.2289,0.9657,-0.2411,0.2156,0.9462,0.1013,-0.6138,7.9039,0.1112,-0.6094,7.9617,63.019825129716125
5925555000,3.7463,3.4009,-31.1875,14.1875,-39.3438,31.75,17.3438,-39.3438,-0.126,0.2165,0.9681,-0.2501,0.2041,0.9465,0.1287,-0.6001,8.0464,0.1495,-0.6001,8.2745,63.01659413154602
5930556000,3.682,3.355,-30.875,14.125,-39.25,32.0625,17.4375,-39.3125,-0.1458,0.2156,0.9655,-0.2677,0.2012,0.9422,0.1116,-0.5903,7.7485,0.1825,-0.5874,8.4904,63.02464175820439
5935555000,3.6747,3.4138,-30.9062,14.1875,-39.0625,32.0625,17.375,-39.25,-0.144,0.2146,0.966,-0.2621,0.2032,0.9434,0.1173,-0.5913,7.8222,0.1534,-0.5991,8.3061,63.04960342611204
5940564000,3.6526,3.3715,-31.2188,14.3125,-39.3125,31.7188,17.4688,-39.3438,-0.1253,0.2051,0.9707,-0.247,0.1926,0.9497,0.1388,-0.5796,7.9235,0.1711,-0.5762,8.2384,63.01670177929023
5945553000,3.6508,3.4505,-30.9688,14.0312,-38.9375,31.9375,17.2188,-39.3125,-0.1294,0.228,0.965,-0.2495,0.2146,0.9443,0.0955,-0.6079,7.7737,0.1488,-0.6143,8.4282,62.98812585281451
5950558000,3.5755,3.366,-31.2188,14.0312,-39.1875,31.7344,17.2188,-39.25,-0.1323,0.2251,0.9653,-0.2358,0.2108,0.9487,0.1016,-0.6187,7.9631,0.1508,-0.6045,8.338,63.03388049493701
5955553000,3.5626,3.377,-30.9688,14.2188,-39.0,31.9531,17.3125,-39.25,-0.1335,0.2184,0.9667,-0.2575,0.2041,0.9445,0.1165,-0.5801,7.6857,0.1631,-0.6094,8.5286,62.99840457741767
5960553000,3.6251,3.502,-31.0625,14.2188,-39.1875,31.8906,17.4375,-39.5625,-0.131,0.2079,0.9693,-0.2376,0.1936,0.9519,0.1274,-0.5815,7.8217,0.1927,-0.5806,8.5249,63.03644544467906
5965553000,3.5645,3.4597,-30.9375,14.0312,-38.9375,32.0,17.2188,-39.5,-0.1352,0.2251,0.9649,-0.2496,0.2118,0.9449,0.0931,-0.603,7.6913,0.1595,-0.6108,8.5066,63.020679988873496
5970553000,3.66,3.4469,-31.0,14.125,-39.1875,31.8906,17.375,-39.2812,-0.1383,0.2165,0.9664,-0.2547,0.2041,0.9452,0.11,-0.583,7.6478,0.1686,-0.5796,8.2492,62.97458890735215
5975553000,3.5718,3.4101,-31.125,14.3125,-39.25,31.8125,17.4688,-39.4375,-0.1388,0.1993,0.9701,-0.2426,0.1869,0.952,0.1392,-0.5757,7.8831,0.183,-0.5732,8.3347,63.01687307531214
5980553000,3.671,3.3182,-31.0938,14.125,-39.2188,31.8438,17.3438,-39.0938,-0.1336,0.2146,0.9675,-0.2603,0.2032,0.9439,0.1123,-0.5962,7.8232,0.1472,-0.6006,8.2547,63.01997930973955
5985553000,3.5645,3.3697,-31.25,14.125,-39.0938,31.6875,17.3438,-39.125,-0.1175,0.2146,0.9696,-0.2418,0.2022,0.949,0.1186,-0.5996,7.9308,0.1434,-0.584,8.0242,63.019763194810565
5990553000,3.6012,3.4028,-31.1875,14.25,-39.0,31.7969,17.3438,-39.4688,-0.1231,0.2165,0.9685,-0.2288,0.2032,0.952,0.1277,-0.5835,7.8466,0.17,-0.5977,8.4709,63.06208064471073
5995561000,3.5865,3.4652,-31.1875,14.3125,-39.0625,31.75,17.4688,-39.375,-0.1197,0.2022,0.972,-0.235,0.1898,0.9533,0.13,-0.585,7.8886,0.1874,-0.584,8.5049,63.017368972292076
6000553000,3.581,3.2962,-31.2188,14.0938,-39.2188,31.7031,17.3438,-39.125,-0.1277,0.2222,0.9666,-0.2515,0.2108,0.9446,0.1167,-0.603,7.9492,0.1678,-0.5967,8.4358,63.00584733221196
6005553000,3.6067,3.3109,-31.2188,14.1875,-39.1875,31.7188,17.4375,-38.9062,-0.1328,0.2098,0.9687,-0.2448,0.1984,0.9491,0.1232,-0.585,7.8146,0.1729,-0.5762,8.2571,63.02208441054612
6010553000,3.5534,3.3513,-31.25,14.125,-39.25,31.7031,17.4375,-39.625,-0.1327,0.2127,0.9681,-0.2336,0.2003,0.9515,0.1151,-0.5825,7.6982,0.1975,-0.5762,8.5271,63.04130456185056
6015553000,3.5975,3.2007,-31.125,14.5625,-39.375,31.7969,17.8438,-39.3125,-0.1679,0.1754,0.9701,-0.2623,0.1619,0.9513,0.1536,-0.5273,7.493,0.2415,-0.5322,8.5111,63.007430796295765
6020553000,3.5828,3.4009,-31.1875,14.2188,-39.3125,31.7969,17.4688,-39.875,-0.1577,0.1993,0.9672,-0.2343,0.1859,0.9542,0.1197,-0.5396,7.2608,0.1978,-0.5718,8.4798,63.070702783542856
6025553000,3.5387,3.2833,-30.9375,13.9375,-39.0,32.0,17.2188,-39.2812,-0.1587,0.2251,0.9613,-0.2717,0.2127,0.9386,0.0837,-0.5874,7.4107,0.1591,-0.6162,8.5626,63.023605969350875
6030553000,3.6379,3.3366,-31.0625,14.25,-39.375,31.875,17.5312,-39.0625,-0.1579,0.1917,0.9687,-0.2717,0.1792,0.9456,0.1375,-0.5659,7.7535,0.1879,-0.5649,8.2939,63.02374819018621
6035553000,3.5645,3.3329,-31.25,14.25,-39.2812,31.6562,17.5312,-39.4062,-0.1492,0.2003,0.9683,-0.2444,0.1869,0.9515,0.1353,-0.563,7.6963,0.2001,-0.5532,8.2947,62.99183992296145
6040564000,3.5718,3.3495,-31.0625,14.375,-39.3125,31.8906,17.5312,-39.125,-0.1646,0.1917,0.9676,-0.2717,0.1792,0.9456,0.1414,-0.5542,7.6633,0.1993,-0.5698,8.475,63.03244842380787
6045555000,3.502,3.3532,-31.0938,14.5,-39.125,31.8438,17.6562,-39.6562,-0.1581,0.1878,0.9694,-0.2479,0.1734,0.9531,0.1436,-0.5405,7.5325,0.2343,-0.5479,8.6087,63.01892783632549
6050679000,3.5608,3.3513,-31.3125,14.0938,-39.3438,31.625,17.25,-39.0938,-0.1469,0.2108,0.9664,-0.2577,0.1993,0.9454,0.1199,-0.5845,7.7724,0.1439,-0.6074,8.2967,63.017085022158874
6055679000,3.4634,3.366,-31.125,14.3438,-39.1875,31.7969,17.5312,-39.5625,-0.154,0.1974,0.9682,-0.2408,0.185,0.9528,0.1385,-0.5591,7.688,0.214,-0.5596,8.5192,63.00369547391645
6060679000,3.4707,3.2907,-30.9688,14.3438,-39.1875,31.9375,17.5312,-39.1875,-0.1673,0.1945,0.9665,-0.2688,0.1821,0.9458,0.1438,-0.5566,7.7177,0.1802,-0.5767,8.3428,62.9869994399638
6065679000,3.513,3.3054,-31.125,14.375,-39.1875,31.7969,17.5312,-38.9375,-0.1513,0.1936,0.9694,-0.2707,0.1802,0.9457,0.1454,-0.5542,7.7073,0.1823,-0.5566,8.1383,63.00150472845867
6070679000,3.5736,3.2705,-31.2188,14.5312,-39.3125,31.7188,17.7812,-39.3125,-0.1584,0.1763,0.9715,-0.2567,0.1619,0.9528,0.1667,-0.5459,7.8469,0.2271,-0.5166,8.1766,63.02145661407708
6075684000,3.524,3.3403,-31.25,14.4062,-39.1562,31.6875,17.5312,-39.3438,-0.1391,0.1888,0.9721,-0.2459,0.1763,0.9531,0.1506,-0.5625,7.8588,0.2,-0.5552,8.3155,63.01531341674022
6080679000,3.4946,3.2595,-31.125,14.375,-39.1875,31.7969,17.5312,-39.3125,-0.1579,0.1936,0.9683,-0.2531,0.1802,0.9505,0.1462,-0.562,7.8053,0.2002,-0.564,8.4179,63.00113271243621
6085679000,3.5075,3.2907,-31.3125,14.375,-39.375,31.5938,17.5312,-39.4375,-0.1494,0.1917,0.97,-0.2429,0.1792,0.9533,0.1571,-0.562,7.924,0.2054,-0.5615,8.4477,62.985459309113565
6090679000,3.5608,3.2778,-31.0,14.3438,-39.125,31.9375,17.5,-39.25,-0.1671,0.2003,0.9654,-0.2676,0.1859,0.9454,0.1384,-0.5498,7.5815,0.192,-0.5698,8.3948,63.016713098113904
6095682000,3.5259,3.2521,-31.1875,14.125,-39.25,31.75,17.3125,-39.0625,-0.1649,0.2089,0.9639,-0.2644,0.1955,0.9444,0.1215,-0.583,7.7737,0.17,-0.5859,8.3374,63.01844348085725
6100679000,3.5828,3.3238,-31.2188,14.25,-39.3125,31.7031,17.5312,-39.0938,-0.1617,0.1936,0.9677,-0.2578,0.1782,0.9496,0.1379,-0.5703,7.8088,0.1862,-0.5605,8.2253,63.007774145259255
6105679000,3.5277,3.3164,-31.0938,14.3438,-39.2812,31.8125,17.625,-39.375,-0.1647,0.1878,0.9683,-0.2553,0.1734,0.9512,0.1475,-0.5586,7.7798,0.2106,-0.5474,8.3434,62.9918856010042
6110679000,3.5204,3.355,-31.0938,14.25,-39.1875,31.8438,17.4375,-39.3125,-0.1596,0.1993,0.9669,-0.2547,0.1859,0.949,0.1423,-0.5718,7.8734,0.1929,-0.5698,8.4041,63.01838838791421
6115679000,3.5406,3.3256,-31.0,14.4062,-39.25,31.9062,17.625,-39.1875,-0.1704,0.1869,0.9675,-0.2711,0.1725,0.947,0.1501,-0.5498,7.7096,0.2064,-0.5562,8.3975,62.98852735324108
6120679000,3.4524,3.2227,-31.2188,14.1875,-39.3125,31.7188,17.375,-39.1875,-0.1669,0.2051,0.9644,-0.2599,0.1926,0.9462,0.1353,-0.5718,7.7961,0.163,-0.583,8.2267,63.01838838791421
6125679000,3.4634,3.3182,-31.2812,14.5312,-39.375,31.6406,17.8125,-39.5,-0.1548,0.1696,0.9733,-0.2439,0.1551,0.9573,0.174,-0.5503,7.9755,0.2328,-0.5298,8.3883,63.007423927105606
6130685000,3.5204,3.2301,-31.0938,14.3125,-39.375,31.8125,17.5312,-39.0625,-0.1759,0.1917,0.9656,-0.2681,0.1773,0.9469,0.1444,-0.5571,7.7299,0.1962,-0.5596,8.3239,62.98936629011281
6135679000,3.5498,3.377,-31.125,14.2188,-39.0625,31.7969,17.375,-39.375,-0.1539,0.2012,0.9674,-0.2472,0.1869,0.9508,0.1425,-0.5781,7.9469,0.1783,-0.5859,8.4283,63.00178373903393
6140679000,3.603,3.3182,-31.2812,14.125,-39.3125,31.6406,17.4688,-39.2812,-0.1547,0.2032,0.9668,-0.2471,0.1888,0.9504,0.1296,-0.584,7.8735,0.1808,-0.5688,8.2607,63.01059350117248
6145679000,3.3568,3.1566,-31.2188,14.125,-39.25,31.7188,17.4375,-39.0,-0.1644,0.1965,0.9666,-0.2687,0.183,0.9457,0.1338,-0.5762,7.83,0.1616,-0.5752,8.1231,63.02520646542937
6150679000,3.4873,3.2172,-31.125,14.5,-39.25,31.7812,17.7812,-38.6562,-0.1623,0.1744,0.9712,-0.2827,0.1609,0.9456,0.1617,-0.5425,7.7535,0.2205,-0.5171,8.1098,62.9945146050035
6155692000,3.5277,3.3532,-31.25,14.375,-39.25,31.6875,17.6562,-39.375,-0.1582,0.184,0.9701,-0.2462,0.1696,0.9543,0.1499,-0.5591,7.8121,0.2037,-0.5415,8.2022,63.02309739048058
6160679000,3.4597,3.1474,-31.1875,14.5625,-39.2812,31.7344,17.8125,-39.25,-0.1557,0.1725,0.9726,-0.2624,0.159,0.9518,0.1704,-0.5439,7.8649,0.2452,-0.5254,8.4754,63.00578523477031
6165680000,3.5112,3.3532,-31.125,14.4375,-39.1875,31.8125,17.5625,-39.6562,-0.1582,0.183,0.9703,-0.2415,0.1696,0.9555,0.1559,-0.5469,7.7391,0.2234,-0.5508,8.5227,63.01677721797585
6170680000,3.4652,3.3715,-31.0938,14.125,-39.1875,31.8594,17.3438,-39.25,-0.1668,0.2079,0.9638,-0.258,0.1936,0.9465,0.1295,-0.5811,7.8388,0.1587,-0.5884,8.2411,63.03546596900828
6175680000,3.5148,3.265,-31.3125,14.3125,-39.1562,31.6406,17.4688,-39.6875,-0.1445,0.1974,0.9696,-0.2306,0.183,0.9557,0.1475,-0.5718,7.9295,0.1945,-0.563,8.3439,63.03441368800062
6180680000,3.4505,3.208,-31.0625,14.0938,-39.25,31.875,17.4375,-38.75,-0.1746,0.2022,0.9637,-0.285,0.1878,0.9399,0.1247,-0.585,7.8306,0.1798,-0.5654,8.2112,63.028241574234
6185680000,3.4413,3.3513,-31.4062,14.125,-39.1875,31.5625,17.3125,-39.5625,-0.1441,0.2118,0.9666,-0.2262,0.1984,0.9537,0.1277,-0.5811,7.8188,0.1829,-0.583,8.4444,63.05043981559526
6190805000,3.412,3.1474,-31.0938,14.3125,-39.2188,31.8125,17.5312,-38.8125,-0.1647,0.1859,0.9687,-0.2813,0.1715,0.9442,0.1469,-0.5645,7.8396,0.1802,-0.5498,8.0381,62.989901484841205
6195805000,3.5038,3.2392,-31.1875,14.0312,-39.125,31.7344,17.25,-39.125,-0.1611,0.2108,0.9642,-0.2578,0.1974,0.9458,0.1165,-0.5942,7.8469,0.1553,-0.5962,8.2927,63.004175838193454
6200805000,3.4395,3.2172,-31.0625,14.3438,-39.1875,31.8906,17.625,-39.25,-0.1648,0.185,0.9688,-0.2666,0.1696,0.9488,0.1533,-0.5566,7.8217,0.2098,-0.5454,8.3133,63.03858325898513
6205805000,3.5057,3.2999,-31.3125,14.5312,-39.4062,31.5781,17.7812,-39.375,-0.1558,0.1686,0.9733,-0.2413,0.1522,0.9584,0.1696,-0.5425,7.8389,0.228,-0.521,8.2369,62.97452692795715
6210805000,3.4854,3.3219,-31.2188,14.4062,-39.25,31.7344,17.625,-39.0938,-0.1619,0.185,0.9693,-0.2591,0.1715,0.9505,0.1553,-0.5547,7.821,0.2006,-0.5474,8.2337,63.0356285137223
6215805000,3.5093,3.2888,-31.375,14.375,-39.5,31.5625,17.625,-39.1562,-0.1658,0.1821,0.9692,-0.2462,0.1686,0.9544,0.1639,-0.5586,7.96,0.2025,-0.5518,8.3049,63.022294505119376
6220805000,3.4726,3.2595,-30.9688,14.375,-39.1562,31.9375,17.6562,-39.1875,-0.1705,0.1821,0.9684,-0.2685,0.1686,0.9484,0.1486,-0.5532,7.731,0.212,-0.5474,8.3595,62.99182353940867
6225805000,3.3881,3.14,-31.1875,14.5312,-39.25,31.7344,17.8125,-39.3125,-0.1548,0.1696,0.9733,-0.2598,0.1551,0.9531,0.1697,-0.5435,7.8513,0.2382,-0.5337,8.4914,63.007430796295765
6230805000,3.3844,3.1786,-31.2812,14.3125,-39.1875,31.625,17.5625,-39.2188,-0.1465,0.1936,0.9701,-0.2513,0.1802,0.951,0.1366,-0.561,7.6888,0.191,-0.5586,8.2566,62.990106192401356
6235805000,3.366,3.219,-31.0938,14.0,-39.0625,31.8438,17.1562,-39.0625,-0.1484,0.2222,0.9636,-0.2636,0.2089,0.9417,0.1056,-0.5967,7.7555,0.1221,-0.6182,8.1807,63.0166889974394
6240805000,3.4652,3.3201,-31.0,14.3438,-39.0312,31.9375,17.4375,-39.3125,-0.1406,0.2012,0.9694,-0.2499,0.1898,0.9495,0.1292,-0.5679,7.685,0.1835,-0.5771,8.3844,63.01411758987029
6245805000,3.4616,3.2668,-30.9688,13.9375,-39.25,31.9531,17.1875,-39.1875,-0.1483,0.2261,0.9628,-0.2458,0.2146,0.9453,0.1037,-0.6089,7.8741,0.127,-0.623,8.2899,63.00580850889861
6250805000,3.5277,3.2723,-31.2188,14.0,-39.4062,31.7188,17.375,-39.5625,-0.1277,0.2232,0.9664,-0.2089,0.2108,0.955,0.1188,-0.6226,8.195,0.1652,-0.5908,8.3396,63.028220254501875
6255805000,3.4818,3.3072,-31.1875,14.0,-39.0,31.7812,17.3125,-39.75,-0.1154,0.2213,0.9684,-0.2155,0.2079,0.9541,0.1076,-0.6177,8.0172,0.1766,-0.5942,8.5041,63.06022784560804
6260805000,3.4983,3.186,-31.0,14.0312,-39.0,31.9062,17.3438,-39.1562,-0.1248,0.2261,0.9661,-0.2514,0.2137,0.944,0.1022,-0.6074,7.8407,0.1445,-0.5869,8.0696,62.99355296885547
6265805000,3.4689,3.3072,-30.9375,14.0938,-39.0,32.0,17.3438,-39.4375,-0.1355,0.2146,0.9673,-0.2437,0.2022,0.9485,0.104,-0.5957,7.727,0.1573,-0.584,8.1764,63.02287531127091
6270813000,3.4395,3.3072,-31.1875,14.0312,-39.0625,31.7812,17.25,-39.5,-0.1154,0.2232,0.9679,-0.2163,0.2108,0.9533,0.1137,-0.6152,8.0559,0.1666,-0.5874,8.3167,63.05243262063725
6275819000,3.4138,3.2301,-30.9375,13.9375,-38.8125,32.0,17.0625,-39.2188,-0.13,0.2375,0.9627,-0.2461,0.2261,0.9425,0.0917,-0.6074,7.7268,0.1307,-0.6362,8.4823,63.01634399852153
6280811000,3.4542,3.2227,-31.125,14.0,-38.875,31.8125,17.1562,-39.4375,-0.117,0.2327,0.9655,-0.2288,0.2203,0.9482,0.1003,-0.6035,7.7762,0.1515,-0.6182,8.5022,63.019099572589894
6285806000,3.4616,3.2337,-31.0625,14.0625,-38.9688,31.875,17.1875,-39.375,-0.1248,0.2251,0.9663,-0.2357,0.2137,0.9481,0.1078,-0.5967,7.7795,0.1458,-0.5981,8.2109,63.0163433538475
6290806000,3.4377,3.2962,-31.2812,13.9062,-39.0,31.6406,17.1562,-39.1562,-0.1094,0.2346,0.9659,-0.2287,0.2222,0.9478,0.0847,-0.6133,7.7172,0.1247,-0.6055,8.0643,63.00587126355765
6295806000,3.4505,3.2631,-31.0,14.3438,-38.9062,31.9062,17.5,-39.4375,-0.116,0.2003,0.9728,-0.2369,0.1888,0.953,0.1272,-0.561,7.5861,0.1892,-0.5771,8.4473,62.9875692225855
6300806000,3.4763,3.2852,-31.0938,13.9062,-39.1875,31.8438,17.2188,-39.3438,-0.1379,0.2289,0.9636,-0.2309,0.2165,0.9486,0.1017,-0.6162,7.9365,0.1556,-0.6016,8.3579,63.02490969616696
6305806000,3.4928,3.4101,-31.1875,14.0938,-39.0312,31.75,17.3438,-39.9375,-0.1127,0.2184,0.9693,-0.2082,0.2041,0.9565,0.1233,-0.5986,7.971,0.1945,-0.583,8.5714,63.02787308754754
6310806000,3.4542,3.2429,-31.0,13.875,-38.7812,31.9531,17.0625,-39.75,-0.1196,0.2393,0.9635,-0.2257,0.227,0.9474,0.0798,-0.6099,7.6242,0.1555,-0.6255,8.63,63.04118914884141
6315806000,3.3881,3.3329,-31.0,14.0312,-38.9062,31.9531,17.2188,-39.75,-0.1275,0.2289,0.9651,-0.2189,0.2156,0.9516,0.101,-0.5898,7.627,0.165,-0.605,8.4997,63.03939714028046
6320810000,3.423,3.3017,-31.1875,13.9375,-38.875,31.75,17.1562,-39.3438,-0.1115,0.2289,0.967,-0.2234,0.2175,0.9501,0.1046,-0.6118,7.9176,0.1344,-0.6157,8.2875,63.02149402687943
6325931000,3.4322,3.2117,-31.1875,13.9375,-38.875,31.7812,17.1875,-39.25,-0.1123,0.2318,0.9663,-0.2334,0.2213,0.9469,0.0985,-0.6074,7.8008,0.1305,-0.604,8.111,63.05363038469712
6330931000,3.4873,3.3715,-31.125,14.0,-38.9375,31.8125,17.3125,-39.625,-0.1154,0.2241,0.9677,-0.2126,0.2118,0.9539,0.0995,-0.6055,7.7898,0.176,-0.5859,8.4029,63.028360432030915
6335940000,3.4101,3.2025,-31.0938,14.0312,-38.9375,31.8438,17.3438,-39.375,-0.123,0.2213,0.9674,-0.2294,0.2089,0.9506,0.1127,-0.603,7.9052,0.1611,-0.5903,8.29,63.026234369268806
6340931000,3.4487,3.2025,-31.0625,14.0625,-39.0625,31.8594,17.3438,-39.125,-0.1259,0.2184,0.9677,-0.2399,0.2041,0.9491,0.1127,-0.5986,7.8551,0.1656,-0.5996,8.4451,63.007430796295765
6345931000,3.4597,3.2613,-31.25,13.8125,-39.0,31.7188,17.1562,-39.5312,-0.1094,0.2346,0.9659,-0.2102,0.2222,0.9521,0.0844,-0.6201,7.7913,0.1489,-0.6069,8.3458,63.059751637395465
6350938000,3.5038,3.2631,-31.125,14.0,-39.1562,31.8125,17.25,-39.3438,-0.1258,0.2213,0.9671,-0.2267,0.2079,0.9515,0.1195,-0.605,8.0021,0.1534,-0.5986,8.3005,63.02163596741995
6355931000,3.4432,3.2429,-30.8125,13.9375,-38.6875,32.125,17.1562,-39.5,-0.1321,0.2327,0.9635,-0.2353,0.2213,0.9464,0.0856,-0.5962,7.5315,0.1819,-0.6265,8.9297,63.02498783966563
6360931000,3.4873,3.2815,-31.0625,14.0312,-39.125,31.875,17.3438,-39.25,-0.1296,0.2203,0.9668,-0.2443,0.2079,0.9471,0.1117,-0.5996,7.8555,0.1801,-0.5889,8.4803,63.02473998367625
6365931000,3.4836,3.2025,-31.0625,13.9375,-38.9375,31.875,17.3125,-39.125,-0.1228,0.227,0.9661,-0.2467,0.2146,0.945,0.0929,-0.6084,7.7506,0.1798,-0.5894,8.4832,63.02820549166857
6370934000,3.5204,3.3807,-31.0,14.125,-39.0312,31.9062,17.375,-39.625,-0.1281,0.207,0.9699,-0.2264,0.1945,0.9544,0.1242,-0.5952,7.9421,0.1849,-0.582,8.456,62.99289719389004
6375939000,3.5075,3.2778,-31.0,13.75,-38.9375,31.8906,17.0,-39.1875,-0.1297,0.2488,0.9598,-0.2381,0.2356,0.9422,0.0755,-0.6177,7.6669,0.1398,-0.6445,8.6762,62.97501542961304
6380931000,3.5204,3.3035,-31.1875,14.0625,-38.9688,31.7344,17.2188,-39.125,-0.1125,0.2251,0.9678,-0.233,0.2127,0.9489,0.1165,-0.5928,7.8303,0.1469,-0.6016,8.2619,63.001207351446844
6385932000,3.4009,3.2595,-31.0,14.0312,-38.875,31.9062,17.3438,-39.3125,-0.1276,0.2241,0.9662,-0.2441,0.2118,0.9463,0.1024,-0.604,7.8037,0.1771,-0.5928,8.4928,62.99487854937098
6390935000,3.5038,3.3054,-31.2188,14.0312,-39.0312,31.7344,17.3125,-39.5625,-0.1127,0.2184,0.9693,-0.2155,0.2079,0.9541,0.1098,-0.6035,7.8794,0.172,-0.5884,8.3866,63.040896246960195
6395932000,3.4763,3.2576,-31.2812,14.125,-39.0625,31.6406,17.375,-39.625,-0.1023,0.2175,0.9707,-0.2092,0.2041,0.9563,0.1215,-0.5986,7.9517,0.1846,-0.5786,8.4131,63.00818852728588
6400943000,3.5277,3.3679,-31.0,13.9375,-39.0625,31.9062,17.2188,-39.6562,-0.1303,0.2299,0.9645,-0.2262,0.2175,0.9495,0.1104,-0.6104,7.9641,0.1632,-0.6064,8.4964,62.994518871247834
6405932000,3.502,3.3348,-30.9688,14.0938,-38.875,31.9531,17.3125,-39.5625,-0.1194,0.2165,0.969,-0.2287,0.2041,0.9518,0.1154,-0.603,7.9352,0.1874,-0.605,8.7442,63.007921609508756
6410932000,3.4616,3.2448,-31.0,14.0,-39.0625,31.9062,17.25,-39.0625,-0.136,0.2289,0.9639,-0.2429,0.2165,0.9456,0.1072,-0.6006,7.8174,0.1552,-0.6128,8.4808,62.99009841586215
6415935000,3.5883,3.3403,-31.25,13.9062,-39.125,31.6875,17.1875,-39.5,-0.1218,0.2318,0.9651,-0.2086,0.2175,0.9535,0.1061,-0.6201,8.0285,0.1592,-0.6084,8.4747,63.024094288930485
6420935000,3.5332,3.2815,-31.125,14.0312,-39.1562,31.7812,17.3125,-39.0,-0.123,0.2232,0.967,-0.2432,0.2108,0.9468,0.1114,-0.605,7.9135,0.1492,-0.603,8.3039,62.99191477142126
6425932000,3.4671,3.2558,-30.9688,13.6875,-38.875,31.9531,16.9062,-39.125,-0.1286,0.2526,0.959,-0.2369,0.2412,0.9411,0.0713,-0.6406,7.8838,0.1173,-0.6558,8.5599,63.00466672636242
6430932000,3.57,3.2999,-31.25,13.9062,-39.0,31.6875,17.0625,-39.3125,-0.1094,0.2356,0.9657,-0.2157,0.2232,0.9506,0.0961,-0.6294,8.0261,0.1284,-0.625,8.3283,63.017368972292076
6435932000,3.5975,3.2558,-31.125,13.7812,-39.125,31.7812,17.0312,-38.75,-0.1253,0.2403,0.9626,-0.2505,0.2289,0.9407,0.0943,-0.6318,8.0341,0.1004,-0.6426,8.2239,62.99121465283869
6440932000,3.5277,3.2999,-31.0938,14.0625,-39.1562,31.8594,17.375,-39.75,-0.1279,0.2146,0.9683,-0.213,0.2012,0.9561,0.1159,-0.5981,7.8848,0.196,-0.5952,8.7278,63.043085623484515
6445932000,3.5112,3.3201,-31.2188,14.0625,-39.0625,31.7031,17.3125,-39.4688,-0.1146,0.2175,0.9693,-0.2166,0.2041,0.9547,0.1065,-0.5923,7.7154,0.1742,-0.5884,8.4107,63.00708753227688
6450932000,3.5479,3.3164,-31.1875,14.0938,-38.9375,31.75,17.25,-39.5,-0.1098,0.2213,0.969,-0.2137,0.2079,0.9545,0.1123,-0.5996,7.8622,0.1647,-0.6147,8.6073,63.019099572589894
6455932000,3.5479,3.3532,-31.1875,14.0625,-39.0,31.7812,17.3438,-39.6875,-0.1126,0.2203,0.9689,-0.2127,0.2079,0.9547,0.1144,-0.603,7.9238,0.1902,-0.5967,8.6803,63.057884246381114
6461059000,3.5626,3.3293,-31.0,14.1875,-38.8438,31.9062,17.4375,-39.375,-0.1224,0.2098,0.97,-0.2375,0.1965,0.9513,0.1105,-0.5874,7.7031,0.1892,-0.5913,8.6084,62.99233819981601
6466058000,3.5865,3.1988,-31.3125,13.9062,-39.0625,31.5938,17.2188,-38.6875,-0.119,0.228,0.9664,-0.243,0.2146,0.946,0.0916,-0.6147,7.8085,0.1417,-0.6021,8.2114,62.9945753493902
6471058000,3.4487,3.2631,-31.0938,14.0938,-38.8438,31.8438,17.1875,-39.2812,-0.1171,0.228,0.9666,-0.2356,0.2146,0.9478,0.1071,-0.6006,7.8167,0.1615,-0.6206,8.6396,63.01510765054679
6476057000,3.5534,3.3256,-31.0938,13.9062,-39.0,31.8438,17.2188,-39.25,-0.1273,0.2337,0.9639,-0.2326,0.2194,0.9475,0.0977,-0.605,7.7636,0.1505,-0.6074,8.3688,63.02521172134212
6481058000,3.5057,3.2999,-31.25,13.9062,-38.9375,31.7031,17.1562,-39.1562,-0.1086,0.2289,0.9674,-0.2187,0.2184,0.951,0.0936,-0.6089,7.7642,0.1332,-0.6274,8.4082,63.03731537192871
6486066000,3.6398,3.1455,-31.125,14.0,-39.25,31.7812,17.375,-39.1875,-0.1305,0.2222,0.9662,-0.234,0.2098,0.9493,0.1117,-0.6094,7.967,0.187,-0.5977,8.6567,62.996702530291216
6491066000,3.5314,3.3568,-31.2812,13.9375,-39.0312,31.6562,17.1562,-39.5312,-0.1124,0.2299,0.9667,-0.2105,0.2165,0.9533,0.0966,-0.6201,7.9252,0.1483,-0.6274,8.5737,63.0216339715974
6496057000,3.6435,3.412,-31.1875,13.8125,-38.9375,31.7812,17.0625,-39.1875,-0.1198,0.2346,0.9647,-0.2279,0.2213,0.9482,0.082,-0.6279,7.8555,0.1366,-0.6357,8.5407,63.05301086934707
6501062000,3.5773,3.3219,-31.0938,13.9062,-39.0,31.8594,17.1562,-39.4375,-0.1273,0.2337,0.9639,-0.2223,0.2213,0.9495,0.0946,-0.6162,7.8586,0.1637,-0.6304,8.7754,63.03855404821719
6506067000,3.4818,3.2797,-31.375,13.9375,-39.0,31.5625,17.2188,-39.625,-0.1087,0.227,0.9678,-0.1985,0.2137,0.9565,0.092,-0.6206,7.8808,0.1794,-0.5981,8.5794,63.02607762616994
6511058000,3.5461,3.2392,-31.125,13.875,-39.0938,31.7812,17.1562,-39.3125,-0.1273,0.2337,0.9639,-0.2279,0.2203,0.9484,0.0928,-0.623,7.9168,0.1464,-0.6118,8.3736,62.992095548330504
6516066000,3.5093,3.287,-31.2188,14.0312,-39.125,31.75,17.1875,-39.75,-0.1249,0.2213,0.9672,-0.2137,0.2079,0.9545,0.1071,-0.6064,7.8836,0.1741,-0.603,8.5763,63.05095263459546
6521058000,3.57,3.3715,-31.0938,14.0,-39.125,31.8438,17.25,-39.5625,-0.1295,0.2251,0.9657,-0.2209,0.2118,0.952,0.1042,-0.6021,7.8014,0.1765,-0.6152,8.7424,63.02297517580394
6526058000,3.5718,3.2999,-31.125,13.9375,-39.0625,31.8125,17.25,-39.4375,-0.1294,0.228,0.965,-0.2282,0.2146,0.9497,0.1005,-0.6113,7.8674,0.1647,-0.6084,8.5348,63.025726394068634
6531058000,3.6729,3.2925,-30.9375,13.9375,-39.1562,32.0,17.1875,-39.1875,-0.1463,0.2299,0.9622,-0.2493,0.2184,0.9435,0.1,-0.6025,7.7617,0.1659,-0.6279,8.7715,63.021364519819784
6536058000,3.6379,3.4266,-31.1875,14.0625,-39.4375,31.75,17.3438,-39.5625,-0.1413,0.2108,0.9673,-0.2198,0.1965,0.9556,0.1236,-0.6016,8.0078,0.1895,-0.5962,8.6667,63.02310259690489
6541058000,3.5791,3.3054,-31.125,13.8125,-39.0,31.7969,17.0312,-39.1875,-0.1271,0.2412,0.9621,-0.2348,0.2289,0.9447,0.0737,-0.6265,7.7475,0.1357,-0.6338,8.509,63.00444972817396
6546058000,3.6416,3.3789,-31.125,13.875,-39.0625,31.8125,17.0625,-39.375,-0.1273,0.2337,0.9639,-0.2307,0.2203,0.9477,0.0954,-0.6226,7.9398,0.1447,-0.6372,8.6455,63.018939365479646
6551070000,3.6416,3.434,-31.2188,14.0938,-39.375,31.7188,17.3125,-39.625,-0.1428,0.2203,0.9649,-0.2184,0.206,0.9539,0.1231,-0.6025,8.0136,0.1763,-0.5942,8.5001,63.02034610703118
6556058000,3.6196,3.5093,-30.9375,14.0,-38.875,32.0,17.2188,-39.5,-0.1295,0.2241,0.9659,-0.2284,0.2108,0.9505,0.0914,-0.5996,7.6337,0.1525,-0.6147,8.4738,63.02285462187507
6561061000,3.6343,3.5461,-31.0938,14.0,-39.25,31.875,16.9062,-39.75,-0.1122,0.2346,0.9656,-0.1981,0.2213,0.9549,0.0984,-0.604,7.7604,0.1173,-0.6367,8.3412,63.037812239004616
6566058000,3.4873,3.3899,-31.125,13.9062,-39.0,31.875,16.9062,-40.0,-0.0573,0.2441,0.9681,-0.1462,0.2318,0.9617,0.0722,-0.6265,7.7315,0.1233,-0.6226,8.2443,63.079315151640635
6571058000,3.4873,3.5093,-31.125,14.0938,-39.0625,31.875,17.0625,-40.25,-0.0119,0.227,0.9738,-0.1042,0.2156,0.9709,0.1027,-0.6016,7.7799,0.1076,-0.5718,7.4941,63.08108540553182
6576061000,3.4946,3.366,-31.375,14.125,-39.0625,31.6406,17.0312,-40.3438,0.0462,0.2213,0.9741,-0.0415,0.2108,0.9766,0.1075,-0.604,7.8597,0.1047,-0.5542,7.2627,63.09559074523354
6581064000,3.524,3.5479,-31.375,14.625,-39.1875,31.625,17.4375,-40.625,0.1002,0.1802,0.9785,0.0053,0.1734,0.9848,0.1503,-0.5591,7.8161,0.1344,-0.4839,6.7941,63.07912937335137
6586058000,3.4138,3.491,-31.125,14.4062,-38.875,31.875,17.3438,-40.8125,0.1294,0.1936,0.9725,0.0197,0.1878,0.982,0.1268,-0.5796,7.7928,0.1255,-0.4641,6.4749,63.09820441193236
6591058000,3.4248,3.5553,-31.375,14.6875,-38.625,31.5938,17.4688,-40.5625,0.2021,0.1705,0.9644,0.0572,0.1705,0.9837,0.1462,-0.5605,7.7886,0.1339,-0.4504,6.4139,63.05996597985128
6596183000,3.4928,3.3623,-31.2812,14.375,-38.5938,31.7031,17.1562,-40.5625,0.2143,0.1945,0.9572,0.0684,0.1955,0.9783,0.1081,-0.5825,7.6216,0.1057,-0.5,6.662,63.076405252836025
6601183000,3.4891,3.3219,-31.3125,14.5,-38.625,31.6562,17.0625,-40.5,0.2177,0.1802,0.9593,0.0667,0.1802,0.9814,0.1196,-0.5781,7.6975,0.1011,-0.5122,6.7488,63.04870506949369
6606183000,3.434,3.355,-31.125,14.8125,-38.5,31.8438,17.5625,-40.6562,0.2037,0.1503,0.9674,0.0565,0.1484,0.9873,0.1475,-0.5474,7.6526,0.1647,-0.4719,6.9908,63.06569171808076
6611184000,3.5387,3.3109,-31.375,14.8125,-39.0312,31.5781,17.75,-40.5312,0.2039,0.1445,0.9683,0.0546,0.1445,0.988,0.1954,-0.5415,8.1112,0.1752,-0.4409,6.7586,63.03944563414244
6616191000,3.5277,3.4432,-31.25,14.7188,-38.8125,31.7031,17.5625,-40.4375,0.1989,0.1513,0.9683,0.0497,0.1513,0.9872,0.1761,-0.5488,7.9829,0.1844,-0.47,7.1853,63.038242791975094
6621184000,3.4983,3.4634,-31.2812,14.5625,-38.9375,31.6875,17.4688,-40.4375,0.1985,0.1657,0.966,0.0659,0.1648,0.9841,0.1743,-0.5654,8.1511,0.1547,-0.4563,6.7063,63.05357848195453
6626184000,3.4983,3.6269,-31.4062,14.5,-38.8125,31.5469,17.375,-40.4688,0.2096,0.1696,0.963,0.0764,0.1686,0.9827,0.1726,-0.5728,8.2156,0.1595,-0.4929,7.1705,63.04047711034554
6631185000,3.5534,3.4707,-31.25,14.375,-38.8438,31.7344,17.3438,-40.4688,0.1877,0.1773,0.9661,0.0581,0.1763,0.9826,0.1649,-0.582,8.2369,0.1558,-0.48,6.9837,63.07526489678819
6636199000,3.4854,3.377,-31.375,14.6562,-38.9375,31.625,17.4375,-40.2812,0.1938,0.1628,0.9674,0.0621,0.1619,0.9849,0.209,-0.5503,8.3592,0.1571,-0.478,6.9765,63.07567803345439
6641184000,3.4634,3.2999,-31.25,14.4375,-38.6875,31.7188,17.1875,-40.1875,0.1979,0.1821,0.9632,0.0465,0.183,0.982,0.1704,-0.5776,8.247,0.1462,-0.5234,7.3688,63.04666742532868
6646184000,3.4836,3.344,-31.125,14.9688,-38.7188,31.8125,17.875,-40.5938,0.1889,0.1358,0.9726,0.0604,0.1358,0.9889,0.2212,-0.5303,8.2666,0.2188,-0.4473,7.307,63.032456161012796
6651184000,3.4377,3.2411,-31.3125,14.6562,-38.625,31.6406,17.4688,-40.375,0.2088,0.1667,0.9636,0.0726,0.1667,0.9833,0.1968,-0.5566,8.2973,0.1884,-0.488,7.4309,63.04019367332242
6656186000,3.4965,3.4211,-31.0625,14.6875,-38.7188,31.9375,17.4688,-40.375,0.1779,0.159,0.9711,0.0497,0.1561,0.9865,0.2004,-0.5356,8.0998,0.1876,-0.4949,7.4997,63.08310889715249
6661184000,3.5093,3.4891,-31.25,14.7188,-38.8125,31.7188,17.625,-40.25,0.1924,0.1484,0.97,0.0603,0.1484,0.9871,0.213,-0.5557,8.4642,0.1874,-0.4805,7.3352,63.05221786844615
6666184000,3.5075,3.4395,-31.1875,14.6875,-38.6562,31.7812,17.7812,-40.5,0.1913,0.1532,0.9695,0.0612,0.1532,0.9863,0.2046,-0.5566,8.3829,0.2286,-0.4675,7.6423,63.07160817531133
6671184000,3.5204,3.4891,-31.3125,14.8438,-38.875,31.6406,17.8125,-40.5,0.1916,0.1435,0.9709,0.0633,0.1435,0.9876,0.2372,-0.542,8.5746,0.2194,-0.4636,7.4967,63.04400530026626
6676184000,3.4726,3.2741,-31.125,14.7188,-38.5,31.8125,17.625,-40.0,0.1923,0.1532,0.9693,0.0342,0.1542,0.9875,0.1963,-0.5518,8.2367,0.1995,-0.4836,7.5032,63.02241589061784
6681184000,3.491,3.3954,-31.2188,14.6875,-38.6562,31.7969,17.4688,-40.1875,0.1856,0.1551,0.9703,0.041,0.1551,0.987,0.2152,-0.5586,8.5215,0.1986,-0.5039,7.7217,63.09563341365233
6686184000,3.5185,3.5975,-31.25,14.5312,-38.75,31.7188,17.5,-40.3438,0.1908,0.1705,0.9667,0.0716,0.1705,0.9827,0.1844,-0.5674,8.2842,0.2004,-0.4917,7.6044,63.05889108856895
6691184000,3.4983,3.3182,-31.2188,14.5625,-38.5938,31.7812,17.25,-40.1875,0.1906,0.1754,0.9659,0.0533,0.1744,0.9832,0.1957,-0.5762,8.507,0.1621,-0.519,7.4927,63.07743285787715
6696184000,3.5222,3.4671,-31.2812,14.7188,-38.6875,31.6875,17.5312,-40.3438,0.1923,0.1513,0.9696,0.0632,0.1503,0.9866,0.2202,-0.5576,8.5653,0.1934,-0.4719,7.3048,63.0532322973216
6701184000,3.4928,3.4891,-31.0,14.7188,-38.5625,31.9531,17.5312,-40.0,0.1808,0.1561,0.9711,0.0275,0.1561,0.9874,0.1949,-0.5454,8.1501,0.1918,-0.4883,7.471,63.032283788706245
6706193000,3.4946,3.3311,-31.2812,14.5312,-38.5625,31.6875,17.3125,-40.0312,0.1964,0.1715,0.9654,0.0476,0.1725,0.9839,0.1927,-0.5737,8.4472,0.1682,-0.5083,7.4384,63.04720365781499
6711190000,3.4818,3.2301,-31.4375,14.6562,-38.6875,31.5312,17.3125,-40.1875,0.2061,0.1619,0.965,0.0698,0.1619,0.9843,0.2111,-0.5615,8.5092,0.1969,-0.5103,7.7744,63.04254999109728
6716185000,3.445,3.4303,-31.375,14.6562,-38.5625,31.5938,17.5312,-39.9688,0.2013,0.1657,0.9654,0.0534,0.1657,0.9847,0.2034,-0.5635,8.4471,0.1949,-0.4785,7.3961,63.050083886780044
6721184000,3.4726,3.3844,-31.3125,14.875,-38.4688,31.625,17.8438,-40.1875,0.2057,0.1474,0.9675,0.0651,0.1474,0.9869,0.2168,-0.541,8.3398,0.231,-0.468,7.6732,63.03091788463817
6726185000,3.4781,3.4193,-31.25,14.5625,-38.5625,31.7188,17.4375,-39.9688,0.1945,0.1705,0.966,0.0476,0.1705,0.9842,0.1855,-0.5698,8.3239,0.1776,-0.4919,7.3572,63.050083886780044
6731192000,3.4744,3.2521,-31.3125,14.8438,-38.5938,31.6406,17.5312,-39.875,0.1962,0.1464,0.9696,0.0488,0.1474,0.9879,0.2222,-0.5474,8.4706,0.1973,-0.4924,7.5779,63.02345905938518
6736310000,3.4799,3.4873,-31.1875,14.75,-38.375,31.7969,17.75,-40.4375,0.195,0.1551,0.9685,0.066,0.1542,0.9858,0.1892,-0.5547,8.1923,0.2227,-0.4631,7.5274,63.089528050303244
6741318000,3.5057,3.434,-31.3125,14.625,-38.7188,31.625,17.5,-39.875,0.1927,0.1677,0.9668,0.0515,0.1686,0.9843,0.2112,-0.5679,8.5826,0.1877,-0.4883,7.4269,63.0137392136826
6746310000,3.4763,3.4542,-31.375,14.6562,-38.375,31.5938,17.5,-40.1875,0.209,0.1619,0.9644,0.066,0.1619,0.9846,0.2064,-0.5654,8.5027,0.2,-0.4888,7.5661,63.05903684746541
6751314000,3.4836,3.4763,-31.3125,14.6562,-38.4375,31.6562,17.5312,-40.0,0.1976,0.1628,0.9667,0.0592,0.1619,0.985,0.1971,-0.5674,8.4232,0.2047,-0.4844,7.5689,63.053661360304844
6756310000,3.5185,3.581,-31.375,14.7188,-38.5,31.5781,17.625,-40.1562,0.2054,0.1561,0.9662,0.0728,0.1551,0.9852,0.2018,-0.5557,8.3411,0.2126,-0.4839,7.6504,63.04190508296843
6761310000,3.5001,3.4873,-31.2812,14.8125,-38.5625,31.6875,17.625,-39.8125,0.2037,0.1513,0.9673,0.041,0.1513,0.9876,0.2244,-0.5444,8.4615,0.1873,-0.47,7.2161,63.04387231079639
6766310000,3.4707,3.4101,-31.25,14.8125,-38.7188,31.7344,17.6562,-40.125,0.1904,0.1513,0.97,0.0574,0.1503,0.987,0.2296,-0.5435,8.5081,0.2184,-0.4812,7.6832,63.0642424158889
6771310000,3.4542,3.6379,-31.1875,14.625,-38.4375,31.7969,17.6875,-40.375,0.1947,0.1648,0.9669,0.0669,0.1648,0.9841,0.1892,-0.5615,8.2698,0.2274,-0.4729,7.6891,63.08856834530326
6776310000,3.5038,3.5663,-31.2812,14.5625,-38.625,31.6875,17.3438,-40.375,0.1965,0.1686,0.9659,0.0784,0.1667,0.9829,0.1997,-0.5679,8.4568,0.1929,-0.4993,7.6066,63.05438374435199
6781310000,3.5204,3.5259,-31.2188,14.7188,-38.6875,31.75,17.625,-40.25,0.1894,0.1532,0.9699,0.0689,0.1522,0.9859,0.2184,-0.5527,8.4899,0.2162,-0.49,7.7578,63.05519152401331
6786310000,3.5038,3.456,-31.4375,14.5312,-38.6875,31.5312,17.5,-40.375,0.2003,0.1677,0.9653,0.0899,0.1657,0.9821,0.1895,-0.5586,8.2393,0.2114,-0.4929,7.7385,63.06122905066155
6791310000,3.4395,3.524,-31.0938,14.7188,-38.3125,31.875,17.6562,-40.25,0.1959,0.158,0.9678,0.0583,0.1571,0.9859,0.1946,-0.5493,8.1903,0.2258,-0.4905,7.8691,63.06704367932589
6796320000,3.4358,3.3917,-31.1875,14.5625,-38.5625,31.7812,17.4375,-40.0312,0.1814,0.1686,0.9689,0.0457,0.1686,0.9846,0.1919,-0.5654,8.3435,0.1986,-0.5078,7.7657,63.05140668042228
6801310000,3.4652,3.4707,-31.125,14.8438,-38.625,31.8438,17.75,-40.1562,0.1868,0.1455,0.9716,0.0536,0.1445,0.9881,0.219,-0.5361,8.3087,0.2271,-0.4729,7.6851,63.05442367764533
6806310000,3.5204,3.434,-31.2812,14.6562,-38.4375,31.6875,17.5,-40.25,0.2062,0.16,0.9653,0.0689,0.159,0.9849,0.1971,-0.5591,8.329,0.1967,-0.4907,7.552,63.058936990564625
6811310000,3.4836,3.5204,-31.1875,14.6875,-38.3438,31.7969,17.6562,-40.3125,0.1968,0.159,0.9675,0.0631,0.158,0.9854,0.1888,-0.5532,8.1717,0.2212,-0.4812,7.714,63.085050548763135
6816315000,3.4836,3.5351,-31.0938,14.6562,-38.4375,31.875,17.625,-40.125,0.1854,0.1619,0.9692,0.0515,0.16,0.9858,0.1849,-0.5542,8.14,0.2164,-0.4868,7.7248,63.061328903932875
6821312000,3.4616,3.5736,-31.25,14.6562,-38.375,31.7031,17.4688,-40.25,0.2003,0.1686,0.9651,0.0726,0.1686,0.983,0.1925,-0.5508,8.1841,0.2015,-0.498,7.6878,63.043787508128034
6826310000,3.5295,3.4064,-31.3125,14.8438,-38.4688,31.6562,17.7812,-40.1875,0.2019,0.1455,0.9685,0.0642,0.1445,0.9874,0.2128,-0.5391,8.2736,0.2208,-0.47,7.584,63.06060123516109
6831310000,3.4395,3.6177,-31.375,14.4062,-38.5,31.625,17.2188,-39.875,0.195,0.183,0.9636,0.0571,0.1821,0.9816,0.1761,-0.584,8.382,0.1703,-0.5171,7.5602,63.0777404776043
6836310000,3.4744,3.3881,-31.4375,14.625,-38.4375,31.5312,17.6562,-40.0625,0.2081,0.16,0.9649,0.0698,0.16,0.9847,0.1947,-0.5654,8.3743,0.2155,-0.4868,7.7141,63.06255607038141
6841310000,3.4799,3.344,-31.375,14.6562,-38.4375,31.5781,17.5625,-40.125,0.2079,0.1657,0.964,0.0669,0.1657,0.9839,0.2015,-0.5669,8.4658,0.207,-0.4888,7.6437,63.042739752885105
6846310000,3.4891,3.4781,-31.2812,14.6562,-38.6875,31.6875,17.5,-40.0938,0.193,0.16,0.9681,0.0592,0.16,0.9853,0.2118,-0.564,8.545,0.2031,-0.5,7.7272,63.048569038638774
6851316000,3.4469,3.5479,-31.2812,14.5312,-38.4688,31.6562,17.4688,-39.9688,0.1973,0.1734,0.9649,0.0639,0.1754,0.9824,0.1833,-0.5747,8.3553,0.1996,-0.5054,7.7489,63.023771804930874
6856311000,3.4799,3.4064,-31.1875,14.4375,-38.75,31.7969,17.25,-39.8125,0.1736,0.1763,0.9689,0.0476,0.1754,0.9834,0.1921,-0.5752,8.4571,0.1545,-0.5352,7.5919,63.05611553100936
6861311000,3.4175,3.4597,-31.4062,14.6562,-38.5,31.5781,17.375,-39.8125,0.193,0.16,0.9681,0.0525,0.158,0.986,0.1969,-0.561,8.3485,0.1816,-0.5068,7.5688,63.056614055783236
6866436000,3.4101,3.4707,-31.2812,14.4062,-38.75,31.6875,17.3125,-40.1562,0.1565,0.1763,0.9718,0.0389,0.1734,0.9841,0.1594,-0.5815,8.1713,0.1871,-0.5244,7.8272,63.051416778848036
6871436000,3.4652,3.4542,-31.5,14.5312,-39.0,31.5,17.4688,-40.2812,0.1214,0.1705,0.9778,0.0255,0.1657,0.9858,0.1393,-0.5518,7.613,0.175,-0.5425,7.8991,63.08146294435474
6876439000,3.4671,3.3513,-31.375,14.875,-39.5,31.625,17.8125,-40.375,0.0634,0.129,0.9896,-0.0189,0.1213,0.9924,0.1907,-0.5034,7.6293,0.2458,-0.4868,8.0477,63.07451570365008
6881436000,3.5277,3.603,-31.1875,14.6875,-39.6875,31.8125,17.6875,-40.125,0.0034,0.1445,0.9895,-0.0933,0.1339,0.9866,0.1674,-0.5054,7.396,0.225,-0.4863,7.8131,63.072905484447126
6886436000,3.5369,3.513,-31.375,14.375,-39.4375,31.5938,17.5625,-40.0,0.0024,0.158,0.9874,-0.1085,0.1464,0.9833,0.1332,-0.5225,7.215,0.2054,-0.5078,7.8406,63.05193364156249
6891436000,3.4211,3.3899,-31.25,14.1875,-39.4062,31.7344,17.3125,-40.0312,-0.0438,0.1705,0.9844,-0.1503,0.16,0.9756,0.118,-0.5107,6.9169,0.1484,-0.5269,7.4314,63.064973585660056
6896448000,3.4873,3.2999,-31.3125,14.3125,-39.5,31.6562,17.6562,-39.75,-0.0526,0.1484,0.9875,-0.1718,0.1377,0.9755,0.1232,-0.5127,6.9962,0.182,-0.4756,7.2216,63.057909966791634
6901436000,3.5902,3.4763,-31.0938,14.0938,-39.5625,31.875,17.5,-39.6875,-0.0872,0.158,0.9836,-0.1906,0.1464,0.9707,0.1052,-0.5264,6.9539,0.1733,-0.4873,7.2583,63.06098315820964
6906436000,3.5424,3.366,-31.2812,14.3438,-39.4375,31.7188,17.5312,-40.0,-0.0545,0.1484,0.9874,-0.1613,0.1377,0.9772,0.137,-0.5337,7.3832,0.1917,-0.4812,7.3902,63.083087472079235
6911439000,3.5277,3.3219,-31.5312,14.1875,-39.3125,31.4844,17.3125,-39.625,-0.0332,0.1725,0.9845,-0.1502,0.1619,0.9753,0.1339,-0.561,7.6594,0.1512,-0.5024,7.1868,63.09381209445186
6916436000,3.5755,3.434,-31.2188,13.7188,-39.375,31.7812,16.9375,-39.75,-0.0654,0.2041,0.9768,-0.1683,0.1936,0.9665,0.0866,-0.5996,7.5817,0.1292,-0.561,7.6074,63.08328348057035
6921436000,3.5957,3.3605,-31.375,14.0312,-39.3438,31.6406,17.1562,-39.6562,-0.0504,0.183,0.9818,-0.1557,0.1725,0.9726,0.1273,-0.584,7.8482,0.1497,-0.543,7.6269,63.09381159923689
6926436000,3.5626,3.3844,-31.5312,14.0,-39.3438,31.4375,17.1875,-39.9062,-0.0331,0.1821,0.9827,-0.1376,0.1705,0.9757,0.1179,-0.583,7.7344,0.1505,-0.5298,7.4872,63.05183288136833
6931446000,3.5277,3.3954,-31.2812,14.0938,-39.4375,31.6875,17.3438,-39.5625,-0.0553,0.1696,0.984,-0.1694,0.1571,0.973,0.1246,-0.5601,7.5464,0.1508,-0.5005,7.1595,63.052639157215296
6936436000,3.5534,3.355,-31.4375,14.0312,-39.4062,31.5312,17.1875,-39.4688,-0.0465,0.184,0.9818,-0.1661,0.1725,0.9709,0.1259,-0.5742,7.7211,0.1396,-0.5254,7.3188,63.04778606850521
6941436000,3.6232,3.3513,-31.2812,14.0312,-39.5625,31.6562,17.4375,-39.625,-0.0688,0.1686,0.9833,-0.1628,0.1561,0.9742,0.1326,-0.5718,7.7667,0.1697,-0.5098,7.4709,63.029541523796595
6946436000,3.5975,3.3973,-31.3125,14.25,-39.5,31.6406,17.4688,-39.75,-0.0573,0.158,0.9858,-0.164,0.1464,0.9755,0.1498,-0.5513,7.7222,0.1827,-0.4993,7.4957,63.035830866658685
6951437000,3.5938,3.3109,-31.3125,14.0938,-39.4375,31.625,17.4375,-39.4062,-0.0543,0.1715,0.9837,-0.1693,0.1609,0.9723,0.1227,-0.5625,7.5534,0.1571,-0.4849,7.0533,63.026266077168174
6956437000,3.5755,3.4175,-31.1875,14.0312,-39.5,31.8125,17.25,-39.5625,-0.084,0.1773,0.9806,-0.1833,0.1667,0.9688,0.1288,-0.5718,7.7254,0.1537,-0.5234,7.4502,63.08220493681241
6961437000,3.5516,3.456,-31.5,14.0625,-39.4688,31.5312,17.3125,-39.6875,-0.0466,0.1802,0.9825,-0.1576,0.1696,0.9728,0.1379,-0.5791,7.9086,0.1732,-0.5278,7.7134,63.11531116242714
6966437000,3.5938,3.2852,-31.2188,13.75,-39.5,31.7344,17.125,-39.0625,-0.078,0.1945,0.9778,-0.1884,0.183,0.9649,0.1159,-0.6011,7.9182,0.1252,-0.5327,7.2441,63.045122107027446
6971437000,3.5351,3.3936,-31.25,13.9062,-39.375,31.7188,17.1562,-39.2188,-0.0647,0.1888,0.9799,-0.1811,0.1763,0.9675,0.115,-0.5815,7.6857,0.1277,-0.5317,7.2598,63.05280859628697
6976437000,3.5865,3.5387,-31.375,14.125,-39.4375,31.625,17.25,-39.8125,-0.0601,0.1754,0.9827,-0.1502,0.1628,0.9752,0.1409,-0.5649,7.7798,0.1538,-0.5308,7.5342,63.07857203520067
6981437000,3.5314,3.3348,-31.0625,14.0938,-39.4062,31.8906,17.3438,-39.375,-0.084,0.1754,0.9809,-0.1995,0.1638,0.9661,0.1366,-0.5649,7.7331,0.1615,-0.5288,7.5963,63.03694371596707
6986452000,3.4983,3.513,-31.125,14.25,-39.3125,31.8438,17.4375,-39.75,-0.0717,0.1628,0.984,-0.1743,0.1493,0.9733,0.1469,-0.5518,7.6957,0.177,-0.4939,7.3724,63.050942387406074
6991437000,3.5755,3.4781,-31.125,14.0312,-39.625,31.8125,17.375,-39.0625,-0.0928,0.1686,0.9813,-0.2007,0.1551,0.9673,0.1368,-0.5693,7.7857,0.1362,-0.519,7.2098,63.028773674727326
6996437000,3.603,3.4616,-31.2188,14.25,-39.3125,31.75,17.375,-39.375,-0.0717,0.1657,0.9836,-0.1837,0.1542,0.9708,0.146,-0.5454,7.6145,0.1714,-0.4993,7.3714,63.04632665500822
7001437000,3.6122,3.4322,-31.2812,14.0625,-39.625,31.6875,17.3125,-39.3438,-0.0822,0.1725,0.9816,-0.1816,0.1609,0.9701,0.142,-0.5649,7.7918,0.1514,-0.5303,7.502,63.053142293861924
7006562000,3.4873,3.4763,-31.375,14.0,-39.4062,31.5781,17.1562,-39.1875,-0.058,0.1859,0.9809,-0.1784,0.1744,0.9684,0.1353,-0.5835,7.9293,0.1279,-0.5327,7.2735,63.03254895480588
7011562000,3.524,3.6012,-31.2188,14.0312,-39.4375,31.7812,17.25,-39.5,-0.0783,0.1763,0.9812,-0.1815,0.1648,0.9695,0.1396,-0.5835,7.9773,0.1779,-0.5337,7.8304,63.08220493681241
7016562000,3.4211,3.456,-31.0938,14.0312,-39.125,31.875,17.1562,-39.1875,-0.0715,0.1821,0.9807,-0.1993,0.1696,0.9652,0.1181,-0.5693,7.581,0.1339,-0.5586,7.6318,63.04632665500822
7021562000,3.4891,3.4946,-31.2812,14.3125,-39.25,31.6875,17.3438,-39.5312,-0.0582,0.1657,0.9844,-0.1732,0.1551,0.9726,0.1545,-0.5542,7.8074,0.1685,-0.5195,7.5677,63.04224799941702
7026562000,3.5553,3.4763,-31.1875,14.0625,-39.3125,31.7969,17.1875,-39.375,-0.0715,0.183,0.9805,-0.186,0.1705,0.9676,0.1332,-0.5728,7.7845,0.1674,-0.5459,7.8536,63.061907476780306
7031562000,3.4818,3.649,-31.0625,14.0938,-39.0625,31.9062,17.2188,-39.5625,-0.0686,0.1792,0.9814,-0.1795,0.1667,0.9695,0.1327,-0.5674,7.7181,0.1428,-0.5498,7.6295,63.048178440697235
7036562000,3.5718,3.5167,-31.125,14.2188,-39.375,31.8438,17.3438,-39.3125,-0.0812,0.1696,0.9822,-0.1949,0.159,0.9678,0.1469,-0.5596,7.7842,0.1799,-0.5396,7.9194,63.04632665500822
7041562000,3.5001,3.4652,-31.1875,14.25,-39.125,31.7812,17.4375,-39.3125,-0.063,0.1657,0.9842,-0.1818,0.1551,0.971,0.1475,-0.5571,7.7632,0.1796,-0.5259,7.7609,63.04960342611204
7046562000,3.5773,3.4248,-31.125,14.25,-39.3125,31.8438,17.4375,-39.375,-0.0765,0.1657,0.9832,-0.1865,0.1542,0.9703,0.1465,-0.5542,7.7193,0.1731,-0.5195,7.6184,63.04945547695079
7051562000,3.5442,3.4432,-31.1875,14.1875,-39.375,31.7969,17.4375,-39.5,-0.0784,0.1686,0.9826,-0.1713,0.1571,0.9726,0.1503,-0.562,7.8493,0.1888,-0.522,7.8183,63.06831826170728
7056562000,3.6508,3.5222,-31.1875,14.3125,-39.5,31.8125,17.4688,-39.375,-0.0843,0.159,0.9837,-0.1971,0.1484,0.9691,0.1631,-0.5474,7.8234,0.1803,-0.5122,7.6147,63.07913961596179
7061562000,3.5534,3.4616,-31.125,14.3125,-39.1875,31.8438,17.5,-39.5625,-0.0708,0.159,0.9847,-0.1848,0.1474,0.9716,0.1497,-0.5542,7.754,0.1984,-0.5215,7.9171,63.050539685953524
7066562000,3.649,3.5057,-31.2188,14.25,-39.3125,31.75,17.4688,-39.6875,-0.0603,0.1551,0.9861,-0.1697,0.1445,0.9748,0.1584,-0.5601,7.9166,0.2023,-0.519,7.9324,63.05212979654216
7071574000,3.5608,3.5791,-31.2188,14.375,-39.375,31.7812,17.4375,-39.5312,-0.0756,0.159,0.9844,-0.1734,0.1474,0.9737,0.1626,-0.5474,7.8181,0.2102,-0.5273,8.113,63.07458525182706
7076563000,3.5277,3.5038,-31.25,13.9375,-39.25,31.7031,17.2188,-39.5625,-0.0686,0.1859,0.9802,-0.1661,0.1734,0.9707,0.1292,-0.5864,7.896,0.176,-0.5576,8.0812,63.03933205190233
7081578000,3.5608,3.5681,-31.0,14.5,-39.3125,31.9531,17.6875,-39.625,-0.0873,0.1464,0.9854,-0.1843,0.1339,0.9737,0.1731,-0.5327,7.7673,0.2368,-0.498,8.0748,63.0345192105881
7086571000,3.5259,3.5295,-31.1875,14.375,-39.1562,31.7969,17.4688,-39.6875,-0.0602,0.158,0.9856,-0.1668,0.1464,0.9751,0.1561,-0.5425,7.6921,0.2122,-0.5376,8.2503,63.06257623575174
7091563000,3.5295,3.4726,-30.9375,14.1875,-39.25,32.0312,17.375,-39.4375,-0.0918,0.1677,0.9816,-0.1941,0.1551,0.9686,0.1451,-0.5596,7.7656,0.1674,-0.5259,7.6273,63.04960342611204
7096563000,3.5571,3.6085,-30.9375,14.25,-39.0938,32.0625,17.375,-39.75,-0.0842,0.1657,0.9826,-0.1818,0.1532,0.9713,0.149,-0.5508,7.7086,0.208,-0.5591,8.4481,63.08087050318821
7101563000,3.5057,3.6306,-31.125,14.25,-39.25,31.8594,17.3438,-39.5625,-0.0793,0.1677,0.9826,-0.177,0.1551,0.9719,0.1522,-0.5552,7.7931,0.1667,-0.5459,7.8469,63.06111240733072
7106563000,3.5461,3.5424,-31.0,14.1875,-39.1875,31.9688,17.3438,-39.4375,-0.0841,0.1705,0.9818,-0.1892,0.159,0.969,0.1447,-0.5688,7.8655,0.1918,-0.5562,8.237,63.04835051870906
7111563000,3.5663,3.3954,-31.1875,14.2188,-39.3125,31.7812,17.4375,-39.5,-0.0755,0.1696,0.9826,-0.176,0.158,0.9716,0.1587,-0.5635,7.958,0.1986,-0.5366,8.0908,63.05118845533365
7116568000,3.5645,3.7059,-30.9062,14.125,-39.25,32.0625,17.25,-39.8125,-0.0974,0.1754,0.9797,-0.1863,0.1619,0.9691,0.1392,-0.5674,7.7888,0.1996,-0.5728,8.511,63.04870506949369
7121564000,3.5332,3.5773,-31.125,14.0938,-39.25,31.8594,17.25,-39.875,-0.0735,0.1763,0.9816,-0.1692,0.1638,0.9719,0.1455,-0.5742,7.9359,0.1794,-0.543,7.9527,63.06652730886647
7126563000,3.6232,3.5938,-31.25,14.4062,-39.4375,31.7344,17.4375,-39.75,-0.0709,0.1522,0.9858,-0.167,0.1406,0.9759,0.176,-0.5444,7.9318,0.203,-0.5234,7.99,63.058077034587726
7131566000,3.5828,3.5534,-31.25,14.4375,-39.375,31.7031,17.625,-39.625,-0.0738,0.1455,0.9866,-0.1662,0.1329,0.9771,0.1779,-0.5439,7.9464,0.2208,-0.5142,8.0808,63.034240344910955
7136563000,3.5938,3.581,-31.25,14.25,-39.3438,31.7344,17.4375,-39.5625,-0.065,0.1657,0.984,-0.1581,0.1532,0.9755,0.1527,-0.5615,7.8704,0.1945,-0.521,7.8688,63.065383763995285
7141688000,3.5718,3.5369,-31.2188,14.25,-39.1562,31.7812,17.4375,-39.4375,-0.0477,0.1657,0.985,-0.1666,0.1551,0.9737,0.1547,-0.5654,7.9361,0.1979,-0.5151,7.8402,63.08121182998944
7146688000,3.5645,3.5663,-31.25,14.4062,-39.1562,31.7188,17.5,-39.4375,-0.0371,0.1542,0.9873,-0.1507,0.1426,0.9782,0.1868,-0.563,8.2597,0.194,-0.5039,7.6709,63.04538445889596
7151700000,3.5442,3.5498,-31.5938,14.3125,-39.0,31.4062,17.4375,-39.5312,-0.0024,0.1542,0.988,-0.1325,0.1445,0.9806,0.1932,-0.5767,8.4858,0.1978,-0.5073,7.7508,63.07969402620783
7156688000,3.6765,3.6967,-31.375,14.6562,-39.4062,31.6406,17.8125,-39.7188,-0.047,0.1271,0.9908,-0.1282,0.1145,0.9851,0.2308,-0.5376,8.4552,0.2456,-0.4751,7.9135,63.09537060521952
7161688000,3.603,3.4818,-31.25,14.4375,-39.0625,31.7344,17.5625,-39.9375,-0.0285,0.1426,0.9894,-0.1385,0.13,0.9818,0.1997,-0.5552,8.3128,0.2275,-0.5068,8.0719,63.06794663979477
7166692000,3.6343,3.5663,-31.25,14.6875,-39.125,31.7031,17.875,-39.625,-0.0344,0.1193,0.9923,-0.1494,0.1087,0.9828,0.2218,-0.5366,8.345,0.2488,-0.478,7.9812,63.0357276142665
7171688000,3.6343,3.524,-31.125,14.3438,-39.2188,31.8438,17.4688,-39.4062,-0.0507,0.1522,0.987,-0.1612,0.1406,0.9768,0.1876,-0.5605,8.2414,0.1918,-0.519,7.8174,63.046574190831336
7176688000,3.6379,3.4744,-31.3125,14.3438,-39.125,31.6562,17.4688,-39.25,-0.0362,0.1571,0.9869,-0.1592,0.1464,0.9763,0.1888,-0.5601,8.2492,0.2042,-0.5098,7.8492,63.04631971566619
7181689000,3.5295,3.5736,-31.375,14.4062,-39.0938,31.6406,17.5312,-39.5625,-0.0285,0.1493,0.9884,-0.1431,0.1387,0.9799,0.2008,-0.5645,8.4301,0.2152,-0.5112,7.9861,63.09477908710038
7186689000,3.5865,3.6196,-31.25,14.3438,-39.1875,31.75,17.5,-39.3125,-0.0497,0.1551,0.9866,-0.164,0.1426,0.9761,0.1934,-0.5645,8.3485,0.1962,-0.5029,7.6839,63.07913461232645
7191689000,3.6508,3.592,-31.1875,14.3438,-39.0938,31.8438,17.4375,-39.6875,-0.0496,0.159,0.986,-0.1525,0.1484,0.9771,0.1855,-0.5518,8.119,0.2061,-0.5234,8.0234,63.10996941110018
7196702000,3.6159,3.5938,-31.2188,14.5,-39.125,31.7812,17.5,-39.5625,-0.0343,0.1513,0.9879,-0.1479,0.1406,0.979,0.2012,-0.5493,8.2625,0.1978,-0.5283,7.9876,63.072905484447126
7201689000,3.5938,3.6067,-31.375,14.3438,-39.1875,31.5938,17.4375,-39.5,-0.0314,0.1551,0.9874,-0.1478,0.1445,0.9784,0.2029,-0.5674,8.4861,0.1862,-0.5166,7.7283,63.04552648190037
7206689000,3.5902,3.5938,-31.1875,14.3438,-39.0,31.8125,17.4688,-39.625,-0.0371,0.16,0.9864,-0.1505,0.1493,0.9773,0.1857,-0.563,8.2477,0.2249,-0.5278,8.2792,63.08055365958673
7211689000,3.7261,3.6526,-31.1875,14.625,-39.3125,31.8438,17.6875,-39.75,-0.0527,0.1339,0.9896,-0.154,0.1203,0.9807,0.2186,-0.5366,8.3102,0.2456,-0.4863,8.0396,63.10717147987224
7216689000,3.682,3.5957,-31.4062,14.4062,-39.3125,31.5938,17.5,-39.5625,-0.0401,0.1455,0.9885,-0.1346,0.1339,0.9818,0.2108,-0.563,8.5232,0.198,-0.5049,7.726,63.07641475575478
7221689000,3.6765,3.5773,-31.2188,14.5,-39.25,31.7812,17.5625,-39.625,-0.0507,0.1445,0.9882,-0.1538,0.1319,0.9793,0.2102,-0.5542,8.4168,0.2334,-0.5063,8.1307,63.0755065873434
7226689000,3.6765,3.6949,-31.375,14.4375,-39.375,31.625,17.6562,-39.875,-0.0449,0.1416,0.9889,-0.1299,0.1281,0.9832,0.2162,-0.561,8.5599,0.2356,-0.4905,7.9763,63.08415038414958
7231697000,3.6251,3.6049,-31.1875,14.1875,-39.0625,31.7969,17.3125,-39.4375,-0.0466,0.1734,0.9837,-0.1578,0.1619,0.9741,0.1769,-0.583,8.3789,0.1783,-0.5254,7.742,63.062991471702325
7236695000,3.682,3.7096,-31.2188,14.4062,-39.3125,31.7812,17.625,-39.9375,-0.0497,0.1445,0.9883,-0.1423,0.1329,0.9809,0.1938,-0.5552,8.2486,0.2384,-0.4961,8.0702,63.0852700591826
7241689000,3.66,3.7225,-31.1875,14.625,-39.125,31.8125,17.6562,-40.0938,-0.0421,0.1319,0.9904,-0.1348,0.1203,0.9835,0.2118,-0.5347,8.2132,0.2571,-0.4893,8.1986,63.080319806418224
7246689000,3.7629,3.6526,-31.125,14.5,-39.25,31.8594,17.5625,-39.375,-0.0556,0.1348,0.9893,-0.1721,0.1232,0.9773,0.2058,-0.5454,8.2691,0.2035,-0.5083,7.8247,63.05893413791578
7251689000,3.5424,3.6159,-31.375,14.4062,-39.0938,31.5938,17.5625,-39.5625,-0.0227,0.1503,0.9884,-0.1355,0.1387,0.981,0.194,-0.5591,8.2943,0.2162,-0.4983,7.8512,63.04959700759395
7256689000,3.6747,3.7041,-31.375,14.4062,-39.4062,31.625,17.5312,-39.9375,-0.0362,0.1445,0.9888,-0.124,0.1339,0.9832,0.212,-0.5659,8.5698,0.224,-0.5078,8.044,63.07969486839644
7261689000,3.5975,3.6306,-31.375,14.0312,-39.125,31.5938,17.2188,-39.4375,-0.0264,0.1773,0.9838,-0.1444,0.1677,0.9752,0.1691,-0.6006,8.4937,0.1527,-0.5425,7.6547,63.050203992136304
7266689000,3.5975,3.6104,-31.1875,14.375,-39.0938,31.8125,17.4375,-39.5625,-0.0391,0.1551,0.9871,-0.1611,0.1445,0.9763,0.1978,-0.5742,8.5075,0.2004,-0.5269,8.0005,63.07613325133366
7271689000,3.7041,3.7041,-31.2188,14.3125,-39.1875,31.7969,17.5,-39.9688,-0.0497,0.1551,0.9866,-0.1325,0.1445,0.9806,0.1976,-0.5718,8.4785,0.2288,-0.5122,8.1458,63.10110167366335
7276814000,3.7629,3.7206,-31.1875,14.0625,-39.125,31.7969,17.1875,-39.625,-0.0447,0.1792,0.9828,-0.152,0.1667,0.9742,0.1786,-0.603,8.6257,0.1747,-0.5449,7.9227,63.063858654224454
7281815000,3.6967,3.6508,-31.125,14.3438,-39.2812,31.8438,17.4688,-39.3125,-0.0555,0.1532,0.9866,-0.1669,0.1416,0.9757,0.2052,-0.5649,8.4838,0.2158,-0.5195,8.0864,63.04630344540431
7286814000,3.7096,3.5975,-31.375,14.4375,-39.1562,31.625,17.5625,-39.9375,-0.0285,0.1484,0.9885,-0.1211,0.1368,0.9832,0.2152,-0.561,8.5492,0.2322,-0.4961,8.0019,63.0822958894966
7291816000,3.7298,3.7886,-30.9688,14.25,-39.0,32.0,17.375,-40.0,-0.0477,0.1619,0.9857,-0.1505,0.1493,0.9773,0.1823,-0.5742,8.3378,0.2244,-0.541,8.4229,63.054225857114446
7296815000,3.6416,3.6967,-31.2188,14.3438,-39.125,31.7812,17.5,-39.5,-0.0449,0.1542,0.987,-0.1554,0.1435,0.9774,0.2061,-0.5684,8.532,0.2208,-0.5137,8.0752,63.0801254234644
7301815000,3.6361,3.6747,-31.25,14.3125,-39.0625,31.75,17.3438,-39.4688,-0.0371,0.1542,0.9873,-0.1536,0.1426,0.9778,0.1932,-0.5708,8.4192,0.1785,-0.5327,7.826,63.074193291551495
7306815000,3.682,3.7372,-31.2188,14.25,-38.9375,31.7812,17.375,-39.5625,-0.0313,0.1609,0.9865,-0.1534,0.1503,0.9767,0.1881,-0.5796,8.463,0.1913,-0.5239,7.8671,63.08055365958673
7311815000,3.7316,3.6692,-31.2188,14.4375,-39.25,31.7812,17.5625,-39.8125,-0.045,0.1397,0.9892,-0.1424,0.1281,0.9815,0.2137,-0.5625,8.5498,0.2314,-0.5049,8.0928,63.07996537134433
7316815000,3.7243,3.7923,-31.2812,14.5,-39.0,31.7188,17.625,-39.875,-0.0314,0.1397,0.9897,-0.128,0.129,0.9834,0.2112,-0.561,8.505,0.248,-0.4995,8.2146,63.08352597945045
7321815000,3.7519,3.7261,-31.2812,14.125,-39.0938,31.6875,17.3438,-39.625,-0.0342,0.1657,0.9856,-0.1485,0.1551,0.9767,0.1838,-0.5942,8.583,0.2032,-0.5405,8.1858,63.05315239200971
7326818000,3.7298,3.5865,-31.1875,14.25,-39.0,31.7812,17.625,-39.6562,-0.0419,0.158,0.9865,-0.1449,0.1445,0.9788,0.1918,-0.5806,8.5142,0.2205,-0.5039,7.9612,63.062496010941395
7331815000,3.829,3.7739,-31.1875,14.4375,-39.2188,31.8438,17.6562,-39.8438,-0.0507,0.1426,0.9885,-0.1452,0.13,0.9808,0.2086,-0.5557,8.416,0.2629,-0.4988,8.3701,63.11652267338562
7336815000,3.6747,3.5718,-31.125,14.1875,-39.0625,31.8594,17.3438,-39.7188,-0.0467,0.1686,0.9846,-0.1475,0.1571,0.9765,0.1873,-0.585,8.5147,0.1898,-0.5342,7.9669,63.06685026810837
7341827000,3.796,3.671,-31.1875,14.4062,-39.1562,31.8438,17.5,-39.625,-0.0478,0.1484,0.9878,-0.1537,0.1368,0.9786,0.2072,-0.5625,8.4775,0.2216,-0.5264,8.2265,63.10892291562264
7346820000,3.682,3.6288,-31.25,14.5312,-39.0312,31.7188,17.75,-39.5938,-0.0295,0.1377,0.99,-0.1539,0.1271,0.9799,0.218,-0.5493,8.4472,0.2588,-0.4963,8.297,63.053524609176286
7351815000,3.6563,3.6361,-31.375,14.3438,-39.1875,31.6406,17.4688,-39.8438,-0.0313,0.1561,0.9872,-0.1277,0.1455,0.9811,0.2164,-0.5776,8.7511,0.218,-0.5112,8.0169,63.09645154879948
7356815000,3.7206,3.6839,-31.3125,14.5312,-39.1875,31.6406,17.6875,-39.4375,-0.0363,0.1348,0.9902,-0.1425,0.1232,0.9821,0.2268,-0.5454,8.4994,0.24,-0.498,8.1096,63.03267033293132
7361815000,3.7353,3.6894,-31.4062,14.4375,-39.1875,31.5781,17.5312,-39.7812,-0.0266,0.1445,0.9891,-0.1192,0.1339,0.9838,0.2252,-0.563,8.6812,0.2507,-0.5024,8.2771,63.063028042348236
7366817000,3.7353,3.6379,-31.4375,14.4062,-39.25,31.5312,17.5312,-39.7812,-0.0188,0.1435,0.9895,-0.1221,0.1319,0.9837,0.2324,-0.5698,8.8378,0.2446,-0.5039,8.2265,63.048433589820455
7371815000,3.8254,3.7169,-31.125,14.6562,-39.25,31.875,17.6875,-39.6875,-0.0508,0.1252,0.9908,-0.1589,0.1145,0.9806,0.2378,-0.5425,8.5868,0.2568,-0.5083,8.4102,63.0744019863843
7376815000,3.7133,3.75,-31.3125,14.375,-39.0938,31.6562,17.4688,-39.5938,-0.0314,0.1551,0.9874,-0.1382,0.1445,0.9798,0.2083,-0.564,8.5062,0.225,-0.5229,8.2254,63.046639705300706
7381819000,3.7592,3.7372,-31.3125,14.5,-39.1875,31.6875,17.5,-39.7188,-0.0314,0.1426,0.9893,-0.1385,0.131,0.9817,0.2288,-0.5605,8.6923,0.24,-0.5195,8.3517,63.07362586446097
7386815000,3.6931,3.6802,-31.25,14.375,-39.2812,31.7031,17.6562,-39.75,-0.0449,0.1435,0.9886,-0.1299,0.13,0.983,0.217,-0.563,8.5914,0.2642,-0.4937,8.3259,63.04029541880336
7391815000,3.7427,3.6067,-31.5,14.3438,-39.3125,31.5,17.5,-39.5,-0.0294,0.1503,0.9882,-0.1326,0.1397,0.9813,0.2212,-0.5718,8.7367,0.2188,-0.5054,7.959,63.079289427592634
7396815000,3.8511,3.7353,-31.25,14.3125,-39.375,31.7344,17.3438,-39.75,-0.0497,0.1522,0.9871,-0.1431,0.1406,0.9797,0.2159,-0.5674,8.6293,0.2137,-0.5376,8.2677,63.05841774140864
7401827000,3.728,3.6673,-31.25,14.625,-39.1875,31.7188,17.8125,-39.6875,-0.0392,0.1329,0.9904,-0.1453,0.1232,0.9817,0.2324,-0.5366,8.4616,0.2703,-0.4775,8.212,63.05140703973227
7406816000,3.8217,3.796,-31.0625,14.4062,-39.2188,31.9375,17.5625,-39.9375,-0.0546,0.1464,0.9877,-0.1509,0.1339,0.9794,0.2144,-0.5654,8.5897,0.2472,-0.5073,8.2932,63.08310993744681
7411947000,3.7592,3.6747,-31.375,14.4375,-39.25,31.5938,17.5625,-39.625,-0.0333,0.1416,0.9894,-0.1452,0.1319,0.9806,0.2344,-0.5664,8.8204,0.225,-0.5112,8.0933,63.04741091781644
7416941000,3.7225,3.6839,-31.2812,14.25,-39.375,31.6875,17.5,-40.0625,-0.0497,0.1532,0.9869,-0.1239,0.1406,0.9823,0.2177,-0.5806,8.7978,0.2651,-0.5083,8.5015,63.05626325703102
7421941000,3.7886,3.671,-31.4375,14.5312,-39.2812,31.5469,17.75,-39.4375,-0.0315,0.1339,0.9905,-0.1434,0.1232,0.982,0.2452,-0.5576,8.84,0.2371,-0.4807,7.8827,63.06678798297881
7426942000,3.7537,3.6122,-31.4062,14.125,-39.2188,31.5781,17.3125,-39.4375,-0.0361,0.1657,0.9855,-0.137,0.1551,0.9783,0.1965,-0.5933,8.7109,0.1744,-0.5347,7.804,63.06528389240788
7431941000,3.7666,3.6545,-31.0938,14.0625,-39.125,31.8906,17.3438,-39.6875,-0.0553,0.1715,0.9836,-0.1522,0.16,0.9753,0.1809,-0.5938,8.5453,0.2136,-0.5386,8.2774,63.07232340179011
7436949000,3.7849,3.5755,-31.2188,14.3125,-39.3125,31.7812,17.5312,-39.5625,-0.0497,0.1493,0.9875,-0.1584,0.1387,0.9776,0.2155,-0.5806,8.7737,0.2294,-0.5098,8.125,63.08266425643419
7441945000,3.7923,3.7169,-31.375,14.1875,-39.2812,31.5938,17.4375,-39.625,-0.0399,0.1677,0.985,-0.1313,0.1551,0.9791,0.208,-0.5918,8.8199,0.2031,-0.5034,7.7657,63.053552412849825
7446941000,3.7261,3.761,-31.4062,14.5,-39.25,31.5938,17.5625,-40.125,-0.0362,0.1416,0.9893,-0.1106,0.13,0.9853,0.2334,-0.5566,8.6989,0.2549,-0.501,8.3062,63.08046077233425
7451941000,3.7849,3.7813,-31.2812,14.3438,-39.2812,31.7188,17.5,-39.625,-0.0391,0.1503,0.9879,-0.1431,0.1377,0.9801,0.2104,-0.5718,8.6189,0.2388,-0.5254,8.4044,63.079947660726546
7456941000,3.6673,3.6085,-31.375,14.25,-38.9375,31.625,17.4375,-39.7812,-0.0188,0.1638,0.9863,-0.1323,0.1551,0.979,0.2007,-0.585,8.6618,0.2162,-0.5137,8.0244,63.08622659455865
7461941000,3.807,3.7041,-31.25,14.1875,-39.25,31.7344,17.375,-39.8125,-0.0419,0.1657,0.9853,-0.1342,0.1551,0.9787,0.2068,-0.5913,8.801,0.2133,-0.5342,8.2237,63.06751307812922
7466941000,3.8143,3.796,-31.1875,14.2188,-39.2812,31.8125,17.375,-39.9375,-0.0573,0.1619,0.9851,-0.1314,0.1503,0.9799,0.2092,-0.5869,8.7777,0.2256,-0.542,8.4473,63.082424875158374
7471941000,3.7335,3.7923,-31.1875,14.25,-39.1875,31.8125,17.375,-39.8125,-0.04,0.159,0.9865,-0.1458,0.1484,0.9781,0.2076,-0.5767,8.6437,0.2252,-0.5278,8.2832,63.08055365958673
7476941000,3.7555,3.682,-31.2188,14.5,-39.125,31.75,17.625,-39.625,-0.044,0.1435,0.9887,-0.149,0.131,0.9801,0.2281,-0.561,8.6912,0.2465,-0.5083,8.2961,63.048278314637585
7481941000,3.7776,3.7519,-31.2812,14.25,-39.375,31.6875,17.4688,-39.625,-0.0477,0.158,0.9863,-0.1343,0.1464,0.9801,0.2137,-0.5786,8.7328,0.2184,-0.5161,8.076,63.05141039762711
7486941000,3.7482,3.6784,-31.0625,14.5,-39.1562,31.9062,17.625,-39.75,-0.0546,0.1445,0.988,-0.1557,0.1319,0.979,0.2188,-0.561,8.588,0.2595,-0.5107,8.4672,63.04899208655123
7491941000,3.7776,3.75,-31.25,14.4375,-39.2812,31.7344,17.5625,-39.9062,-0.042,0.1426,0.9889,-0.1346,0.131,0.9822,0.2148,-0.5547,8.4732,0.2505,-0.5127,8.3899,63.064973585660056
7496941000,3.7849,3.682,-31.25,14.0938,-39.2188,31.7344,17.3438,-39.625,-0.0476,0.1667,0.9849,-0.1532,0.1561,0.9758,0.1886,-0.6006,8.7075,0.2124,-0.543,8.3137,63.069502469894275
7501941000,3.7629,3.6085,-31.2812,14.2188,-39.25,31.7031,17.375,-39.5938,-0.0496,0.1609,0.9857,-0.1372,0.1484,0.9794,0.201,-0.5791,8.5992,0.2164,-0.5356,8.2751,63.06426756389073
7506942000,3.7702,3.7702,-31.4375,14.25,-39.3125,31.5469,17.4375,-39.75,-0.0294,0.1551,0.9875,-0.1296,0.1445,0.981,0.2164,-0.583,8.8122,0.2224,-0.5332,8.3131,63.0665220688441
7511942000,3.6655,3.603,-31.4062,14.3438,-39.1875,31.5781,17.5625,-39.75,-0.0285,0.1513,0.9881,-0.1326,0.1397,0.9813,0.22,-0.5742,8.7511,0.2419,-0.5034,8.1915,63.068997791545726
7516953000,3.7463,3.7041,-31.5625,14.4375,-39.25,31.4375,17.5312,-39.8438,-0.015,0.1445,0.9894,-0.1212,0.1339,0.9836,0.2366,-0.5728,8.9166,0.2378,-0.5142,8.267,63.07870938858848
7521942000,3.7261,3.739,-31.2812,14.4375,-39.1875,31.7031,17.5625,-39.8125,-0.0314,0.1522,0.9878,-0.122,0.1406,0.9825,0.226,-0.5737,8.8112,0.2268,-0.5117,8.1189,63.06487371342307
7526945000,3.6784,3.8841,-31.125,14.2188,-39.0625,31.8594,17.2188,-40.0938,-0.013,0.1821,0.9832,-0.1052,0.1696,0.9799,0.1987,-0.5952,8.7572,0.1926,-0.5605,8.2962,63.064238860466716
7531951000,3.6049,3.8952,-31.0625,14.3125,-39.1875,31.9688,17.125,-40.0625,0.0034,0.1907,0.9816,-0.0926,0.1802,0.9793,0.2058,-0.5898,8.7736,0.1705,-0.5605,8.0543,63.10008368409665
7536942000,3.5681,3.807,-31.25,14.5,-38.875,31.7344,17.4688,-40.5,0.0533,0.183,0.9817,-0.0447,0.1744,0.9837,0.2026,-0.5708,8.5222,0.223,-0.5015,7.9619,63.07526489678819
7541942000,3.603,3.7096,-31.25,14.375,-38.7812,31.7188,17.1875,-40.125,0.0711,0.2051,0.9762,-0.0493,0.2003,0.9785,0.1699,-0.5762,8.225,0.1823,-0.5537,8.1051,63.0459017552291
7547070000,3.7133,3.7206,-31.0938,14.5,-38.9688,31.9062,17.3438,-40.5,0.058,0.1907,0.9799,-0.0389,0.183,0.9823,0.1737,-0.5674,8.1666,0.2393,-0.5454,8.6361,63.08273751098632
7552067000,3.5828,3.5755,-31.0938,14.5,-38.6875,31.8906,17.3125,-40.4375,0.0675,0.1936,0.9788,-0.0446,0.1859,0.9816,0.1416,-0.5449,7.5609,0.2224,-0.5415,8.4069,63.071445992699424
7557070000,3.6967,3.671,-31.125,14.625,-38.8125,31.8438,17.5312,-40.4375,0.0763,0.1811,0.9805,-0.0389,0.1734,0.9841,0.1715,-0.5396,7.8272,0.244,-0.5234,8.44,63.05677122149532
7562067000,3.5663,3.7666,-31.25,14.5,-38.8125,31.7344,17.4688,-40.375,0.0762,0.185,0.9798,-0.0437,0.1782,0.983,0.1694,-0.5518,7.9426,0.2362,-0.5278,8.4038,63.073685662485275
7567067000,3.6196,3.7445,-31.2188,14.5625,-38.8125,31.7812,17.375,-40.4375,0.0705,0.185,0.9802,-0.0332,0.1773,0.9836,0.1779,-0.5552,8.0735,0.2271,-0.5503,8.5573,63.08368078393968
7572067000,3.6416,3.7427,-31.2812,14.3125,-38.875,31.7188,17.3125,-40.625,0.0759,0.206,0.9756,-0.0148,0.1984,0.98,0.1489,-0.5674,7.8956,0.2278,-0.5503,8.5654,63.0956614990286
7577072000,3.5442,3.66,-31.3125,14.125,-38.625,31.6406,17.1562,-40.0625,0.0882,0.2108,0.9735,-0.0225,0.2032,0.9789,0.1293,-0.5894,7.9306,0.1777,-0.5815,8.3716,63.04242523332997
7582067000,3.4781,3.6582,-31.1875,14.2188,-38.2812,31.7969,17.2188,-40.3125,0.0929,0.2146,0.9723,-0.0387,0.2079,0.9774,0.115,-0.5762,7.6247,0.1967,-0.5762,8.5177,63.088515777833926
7587067000,3.513,3.671,-31.25,14.5,-38.625,31.7188,17.3125,-40.25,0.0895,0.1898,0.9777,-0.037,0.1821,0.9826,0.1733,-0.5542,8.0131,0.2076,-0.5576,8.4275,63.05252219134457
7592067000,3.5975,3.7776,-31.2188,14.375,-38.7188,31.7812,17.3125,-40.25,0.0779,0.2003,0.9766,-0.0264,0.1926,0.9809,0.1455,-0.5601,7.7751,0.2142,-0.5586,8.5108,63.08703099441279
7597067000,3.5093,3.6931,-31.125,14.5,-38.625,31.8594,17.5,-40.25,0.0752,0.1859,0.9797,-0.0495,0.1792,0.9826,0.1639,-0.5454,7.8107,0.2375,-0.5332,8.4792,63.076741104467345
7602075000,3.6067,3.6049,-31.3125,14.2188,-38.6875,31.625,17.25,-39.625,0.0835,0.2089,0.9744,-0.0502,0.2032,0.9779,0.1429,-0.5791,7.9633,0.1644,-0.5693,8.0873,63.017426049784035
7607067000,3.5626,3.8621,-31.4062,14.5312,-38.9688,31.5625,17.5,-40.25,0.0811,0.1763,0.981,-0.0178,0.1696,0.9854,0.174,-0.5449,7.9147,0.219,-0.5278,8.2149,63.0516647406712
7612067000,3.6398,3.5791,-31.2188,14.5625,-38.5,31.7812,17.4688,-40.4375,0.08,0.1869,0.9791,-0.0187,0.1802,0.9835,0.1704,-0.5425,7.8483,0.2343,-0.5386,8.5038,63.09675495570275
7617068000,3.5571,3.6582,-31.375,14.6562,-38.8438,31.625,17.625,-40.0,0.0851,0.1696,0.9818,-0.0313,0.1619,0.9863,0.1954,-0.54,8.0946,0.2437,-0.5093,8.2763,63.08050865267337
7622067000,3.5387,3.7225,-31.125,14.2188,-38.6875,31.7969,17.3125,-39.7812,0.0644,0.207,0.9762,-0.0493,0.2003,0.9785,0.1481,-0.5732,7.9528,0.2039,-0.5532,8.3362,63.00740162068263
7627068000,3.5865,3.7041,-31.25,14.0625,-38.75,31.7031,17.1562,-40.125,0.0757,0.2194,0.9727,-0.031,0.2118,0.9768,0.1305,-0.5928,7.9829,0.1713,-0.5806,8.2897,63.044067161787716
7632068000,3.5755,3.6306,-31.125,14.4062,-38.8125,31.875,17.4688,-40.4375,0.0666,0.1907,0.9794,-0.0389,0.183,0.9823,0.1583,-0.5542,7.8488,0.23,-0.5464,8.5453,63.09532584716557
7637068000,3.5736,3.7629,-31.3125,14.4062,-38.5625,31.6406,17.3125,-40.4688,0.0912,0.2003,0.9755,-0.012,0.1936,0.981,0.1567,-0.5645,7.9477,0.2228,-0.5479,8.4828,63.04897587582212
7642077000,3.5608,3.7078,-31.4062,14.3438,-38.875,31.5625,17.3125,-40.25,0.0789,0.1974,0.9771,-0.0053,0.1898,0.9818,0.168,-0.5723,8.1593,0.2111,-0.5654,8.5536,63.05363577447378
7647068000,3.5645,3.7996,-31.375,14.4062,-38.625,31.6406,17.4688,-40.375,0.0885,0.1907,0.9776,-0.0178,0.183,0.9829,0.1693,-0.563,8.0686,0.2184,-0.5244,8.1696,63.11424452625572
7652068000,3.5755,3.7151,-31.25,14.5625,-38.8125,31.7344,17.625,-40.1875,0.0754,0.1763,0.9814,-0.0313,0.1696,0.985,0.1757,-0.5435,7.9168,0.2559,-0.5249,8.5866,63.07379943058766
7657068000,3.5755,3.7004,-31.1875,14.1875,-38.6875,31.8125,17.1562,-40.0312,0.0682,0.2089,0.9756,-0.0464,0.2022,0.9782,0.1434,-0.5786,7.9631,0.1978,-0.5786,8.5575,63.08421917865038
7662068000,3.5075,3.6839,-31.2188,14.4062,-38.5,31.75,17.4375,-40.1875,0.0875,0.1955,0.9768,-0.0254,0.1888,0.9817,0.1528,-0.5669,7.9327,0.2108,-0.5449,8.3184,63.064302179442215
7667068000,3.5553,3.6508,-31.2812,14.4375,-38.75,31.7188,17.4375,-40.1875,0.0723,0.1898,0.9792,-0.0283,0.1811,0.9831,0.1725,-0.5513,7.9705,0.2292,-0.5342,8.3991,63.08776748506798
7672068000,3.524,3.6471,-31.375,14.125,-38.6562,31.625,17.1562,-40.3125,0.0825,0.2118,0.9738,-0.0129,0.2032,0.9791,0.1348,-0.585,7.9406,0.1808,-0.5747,8.3273,63.094623409051266
7677068000,3.5663,3.6655,-31.2188,14.5,-38.6562,31.7812,17.375,-40.1875,0.0799,0.1936,0.9778,-0.0388,0.1869,0.9816,0.1689,-0.5542,7.965,0.2078,-0.5464,8.3016,63.08415414896201
7682193000,3.524,3.6949,-31.2188,14.375,-38.75,31.7812,17.4375,-40.3125,0.0694,0.1926,0.9788,-0.0283,0.185,0.9823,0.1572,-0.5605,7.9088,0.238,-0.5342,8.4956,63.093742261019834
7687207000,3.4983,3.6526,-31.2188,14.3438,-38.625,31.75,17.3438,-40.3125,0.078,0.1965,0.9774,-0.0292,0.1888,0.9816,0.1567,-0.5674,7.981,0.2284,-0.5586,8.6661,63.06280543783316
7692193000,3.5424,3.7041,-31.0625,14.625,-38.6875,31.9062,17.75,-40.4375,0.0639,0.1763,0.9823,-0.0342,0.1696,0.9849,0.1774,-0.541,7.9079,0.2678,-0.5024,8.465,63.07047886840562
7697198000,3.5626,3.5883,-31.2812,14.2188,-38.75,31.7031,17.1875,-40.125,0.0721,0.207,0.9757,-0.0263,0.1984,0.9798,0.1493,-0.5767,8.005,0.1957,-0.564,8.3684,63.06921476584277
7702193000,3.5461,3.7353,-31.2812,14.2188,-38.7812,31.7031,17.25,-40.5312,0.0778,0.2051,0.9756,-0.0148,0.1974,0.9802,0.1461,-0.5796,8.0036,0.2034,-0.5615,8.4249,63.08147683694477
7707193000,3.5259,3.6269,-31.2812,14.375,-38.5625,31.6875,17.3438,-40.0,0.0828,0.1945,0.9774,-0.0264,0.1869,0.982,0.1591,-0.5708,8.0452,0.2002,-0.561,8.3846,63.055034369826494
7712193000,3.4616,3.6747,-31.5,14.4062,-38.5,31.5,17.375,-40.1562,0.1076,0.1936,0.9752,-0.0149,0.1869,0.9823,0.1578,-0.5669,7.9875,0.2194,-0.5439,8.4011,63.09165374183815
7717193000,3.5259,3.7408,-31.25,14.3125,-38.25,31.7188,17.1562,-40.375,0.0986,0.2118,0.9723,-0.0148,0.2041,0.9788,0.1324,-0.5762,7.8153,0.1971,-0.5615,8.3567,63.06878806612666
7722193000,3.4763,3.7702,-31.2812,14.3125,-38.4375,31.7031,17.2188,-40.2812,0.0864,0.2041,0.9751,-0.0254,0.1974,0.98,0.1396,-0.5767,7.8996,0.1963,-0.5601,8.3307,63.078267698709034
7727193000,3.5001,3.6876,-31.2812,14.3125,-38.5,31.6875,17.125,-39.7188,0.0873,0.206,0.9746,-0.0416,0.1984,0.9792,0.1458,-0.584,8.0496,0.1702,-0.5767,8.2333,63.04326141135149
7732205000,3.5093,3.796,-31.3125,14.1875,-38.4375,31.6406,17.1562,-40.1875,0.0957,0.2127,0.9724,-0.0205,0.207,0.9781,0.1274,-0.5806,7.8106,0.184,-0.5679,8.2844,63.047351088685716
7737194000,3.5369,3.7923,-31.2188,14.2188,-38.4375,31.7812,17.3125,-40.25,0.0901,0.2079,0.974,-0.0187,0.2012,0.9794,0.1316,-0.582,7.8726,0.217,-0.5566,8.5195,63.1019503338843
7742194000,3.5645,3.6949,-31.0938,14.3438,-38.5625,31.9062,17.1875,-40.25,0.0721,0.207,0.9757,-0.054,0.1993,0.9784,0.149,-0.5674,7.8969,0.2086,-0.5732,8.6155,63.08672036126145
7747193000,3.5093,3.5957,-31.0938,14.3438,-38.5625,31.875,17.3125,-40.1562,0.075,0.2012,0.9767,-0.0445,0.1936,0.9801,0.1373,-0.5659,7.7522,0.2156,-0.5625,8.5698,63.05888385326845
7752194000,3.5332,3.6526,-31.3125,14.5312,-38.5,31.6406,17.5,-40.0312,0.0906,0.183,0.9789,-0.0255,0.1763,0.984,0.1592,-0.5469,7.7752,0.2294,-0.521,8.2516,63.04166199022675
7757194000,3.5461,3.7151,-31.4062,14.1875,-38.5312,31.5781,17.1562,-40.3125,0.0939,0.2108,0.973,-0.0081,0.2041,0.9789,0.1274,-0.5884,7.8995,0.1956,-0.5718,8.4557,63.07938059199694
7762199000,3.4652,3.6269,-31.3125,14.25,-38.1562,31.6562,17.2188,-40.0625,0.0995,0.2137,0.9718,-0.0253,0.207,0.978,0.1335,-0.5864,7.944,0.2001,-0.5737,8.5274,63.06746334537326
7767194000,3.6196,3.7004,-31.2812,14.5312,-38.8125,31.6875,17.5312,-40.2812,0.0667,0.183,0.9808,-0.0255,0.1744,0.9843,0.1902,-0.5576,8.2362,0.2428,-0.5342,8.5479,63.057230032566444
7772198000,3.6398,3.796,-31.25,14.0625,-38.875,31.7188,17.1562,-40.0938,0.0433,0.2184,0.9749,-0.0549,0.2079,0.9766,0.1346,-0.6006,8.1173,0.1785,-0.5762,8.3185,63.05653198971539
7777194000,3.6379,3.728,-31.5625,14.3125,-39.1875,31.4062,17.4688,-40.0,0.0359,0.2012,0.9789,-0.0522,0.1907,0.9803,0.1663,-0.5791,8.2183,0.2092,-0.5352,8.1906,63.05299014027804
7782196000,3.603,3.8401,-31.4062,14.375,-38.9688,31.5781,17.375,-40.1875,0.034,0.1974,0.9797,-0.0503,0.1869,0.9811,0.1562,-0.5786,8.1032,0.1982,-0.5713,8.4796,63.06748192357136
7787194000,3.5755,3.8217,-31.3125,14.1875,-38.875,31.6562,17.25,-40.125,0.0329,0.2108,0.977,-0.0703,0.2003,0.9772,0.146,-0.5825,8.0356,0.192,-0.5767,8.4725,63.05551986892186
7792194000,3.66,3.8511,-31.3125,14.125,-38.9375,31.6562,17.125,-39.9688,0.0233,0.2194,0.9754,-0.0758,0.2098,0.9748,0.1355,-0.5957,8.071,0.1718,-0.5854,8.3506,63.04855874149702
7797194000,3.5498,3.7298,-31.625,14.2188,-38.9688,31.3438,17.25,-40.0,0.0511,0.206,0.9772,-0.0435,0.1974,0.9794,0.1525,-0.5977,8.2787,0.1752,-0.5571,8.0663,63.05014924899068
7802194000,3.5663,3.8143,-31.5625,14.3438,-39.125,31.4219,17.3125,-39.9375,0.0407,0.1945,0.98,-0.0542,0.185,0.9813,0.1842,-0.5928,8.5703,0.1821,-0.5615,8.1923,63.05955898434432
7807210000,3.6471,3.7849,-31.5,14.3125,-39.25,31.5,17.4375,-40.1875,0.0225,0.1907,0.9814,-0.0581,0.1802,0.9819,0.1733,-0.5923,8.4458,0.2058,-0.5591,8.424,63.084423840200046
7812194000,3.6159,3.7335,-31.1875,14.0938,-39.125,31.7969,17.25,-40.3125,0.0043,0.2137,0.9769,-0.075,0.2032,0.9763,0.1497,-0.6006,8.2814,0.1964,-0.5854,8.6206,63.074609773267724
7817319000,3.6196,3.7188,-31.3125,14.0,-38.9375,31.6406,17.1562,-39.875,0.0233,0.2213,0.9749,-0.0748,0.2127,0.9742,0.1321,-0.6182,8.2901,0.1732,-0.5898,8.4166,63.03914104982713
7822327000,3.6343,3.829,-31.5938,14.0625,-39.125,31.3906,17.25,-40.125,0.0281,0.2156,0.9761,-0.0463,0.2051,0.9776,0.1476,-0.6089,8.3535,0.1812,-0.5732,8.3146,63.07293238474013
7827319000,3.6361,3.8401,-31.3125,14.3438,-38.9375,31.6562,17.3438,-39.8125,0.0263,0.2022,0.979,-0.0761,0.1936,0.9781,0.1709,-0.584,8.3246,0.194,-0.5674,8.3884,63.04619579871572
7832319000,3.7372,3.8254,-31.3125,13.9375,-39.1562,31.6562,17.0,-40.2812,0.0062,0.2318,0.9728,-0.0576,0.2203,0.9737,0.1225,-0.6206,8.2133,0.1639,-0.6094,8.5379,63.053165748755234
7837322000,3.7078,3.7592,-31.5312,14.0938,-39.2188,31.4844,17.3125,-40.3125,0.0196,0.2137,0.9767,-0.0473,0.2022,0.9782,0.1666,-0.6099,8.5729,0.199,-0.5571,8.327,63.10722662849319
7842334000,3.5645,3.7372,-31.4375,14.0625,-38.9375,31.5469,17.3438,-40.0,0.0253,0.2175,0.9757,-0.0625,0.207,0.9763,0.1422,-0.6157,8.3729,0.2083,-0.5586,8.4452,63.07876409141194
7847319000,3.6802,3.728,-31.25,14.0625,-39.0938,31.7188,17.125,-39.75,0.0052,0.2194,0.9756,-0.0835,0.2079,0.9746,0.1566,-0.6172,8.5471,0.1698,-0.5933,8.4182,63.04664367061898
7852319000,3.6839,3.7482,-31.3125,14.125,-39.0625,31.6406,17.4375,-40.0938,0.0129,0.2089,0.9779,-0.0703,0.1984,0.9776,0.1677,-0.6069,8.5514,0.2178,-0.5522,8.4777,63.04862437476333
7857320000,3.6673,3.8694,-31.3125,14.3125,-38.9688,31.6562,17.3438,-40.1875,0.0177,0.2022,0.9792,-0.0713,0.1917,0.9789,0.1716,-0.5801,8.2881,0.2227,-0.563,8.653,63.05339950446764
7862320000,3.7078,3.7849,-31.2812,14.125,-39.1875,31.6875,17.25,-40.25,0.0052,0.2079,0.9781,-0.0703,0.1984,0.9776,0.16,-0.6045,8.4394,0.1976,-0.5801,8.5728,63.055148171580726
7867323000,3.5865,3.8143,-31.2188,14.375,-38.9062,31.7812,17.5,-40.0625,0.0206,0.1965,0.9803,-0.0753,0.1859,0.9797,0.1647,-0.5835,8.2509,0.2275,-0.5464,8.5185,63.08805477021779
7872320000,3.6563,3.7519,-31.2188,14.1875,-38.9375,31.75,17.3125,-39.9375,0.011,0.206,0.9785,-0.0761,0.1936,0.9781,0.1464,-0.5957,8.1897,0.1993,-0.5654,8.4251,63.054225857114446
7877320000,3.6765,3.807,-31.5,14.5,-39.1875,31.5,17.5,-39.9375,0.0245,0.183,0.9828,-0.0658,0.1734,0.9826,0.2108,-0.5718,8.623,0.2231,-0.542,8.4205,63.075847200017854
7882320000,3.6894,3.7574,-31.5,13.7812,-39.1875,31.5,16.9375,-40.25,0.0195,0.2356,0.9717,-0.0442,0.2241,0.9736,0.1235,-0.6382,8.4253,0.1594,-0.6138,8.5387,63.08796347909798
7887320000,3.7702,3.8878,-31.2812,14.25,-39.0625,31.7031,17.3438,-40.1875,0.011,0.2003,0.9797,-0.0656,0.1907,0.9794,0.1621,-0.5859,8.2506,0.218,-0.5664,8.6409,63.07027247388424
7892320000,3.6802,3.7427,-31.3125,14.125,-39.0,31.6562,17.25,-39.9375,0.0234,0.2146,0.9764,-0.0731,0.2041,0.9762,0.1511,-0.6025,8.3197,0.1805,-0.5806,8.3912,63.053165748755234
7897321000,3.6692,3.8805,-31.4375,14.375,-39.0,31.5312,17.4688,-40.125,0.0244,0.1917,0.9812,-0.0686,0.1821,0.9809,0.1791,-0.5898,8.4808,0.2086,-0.543,8.2723,63.05469374384432
7902326000,3.6085,3.8878,-31.25,14.375,-38.9375,31.7344,17.4688,-40.0,0.0081,0.1898,0.9818,-0.0763,0.1782,0.981,0.165,-0.5811,8.2271,0.2253,-0.5474,8.5054,63.06928846950788
7907320000,3.7225,3.8878,-31.375,14.0312,-39.0625,31.625,17.1562,-39.875,0.009,0.2213,0.9752,-0.0777,0.2108,0.9744,0.1461,-0.6157,8.4156,0.1765,-0.5952,8.5139,63.08269002864415
7912320000,3.7041,3.7463,-31.375,14.25,-39.0312,31.625,17.375,-40.0625,0.0139,0.2012,0.9794,-0.0675,0.1917,0.9791,0.1583,-0.5894,8.2482,0.2046,-0.5566,8.3829,63.085887523993826
7917320000,3.7133,3.807,-31.375,13.9375,-39.0625,31.5938,17.1562,-39.6875,0.0138,0.2261,0.974,-0.0776,0.2156,0.9734,0.1409,-0.625,8.4643,0.1737,-0.5879,8.3998,63.05410714719542
7922320000,3.6912,3.8437,-31.375,14.375,-39.0625,31.625,17.5,-40.1875,0.0196,0.1936,0.9809,-0.06,0.183,0.9813,0.1982,-0.5864,8.6517,0.2231,-0.5518,8.5311,63.087488854764224
7927320000,3.7243,3.8621,-31.4375,14.0312,-38.8125,31.5625,17.1875,-40.3125,0.0347,0.2251,0.9737,-0.0472,0.2146,0.9756,0.1459,-0.624,8.5078,0.1919,-0.5806,8.5155,63.0968480170761
7932320000,3.7702,3.8143,-31.375,14.25,-39.0625,31.625,17.375,-40.0312,0.0158,0.2032,0.979,-0.0704,0.1926,0.9787,0.1725,-0.5898,8.4086,0.1995,-0.5547,8.3046,63.08489521818991
7937320000,3.682,3.8254,-31.4375,14.1875,-39.25,31.5625,17.3438,-40.1875,0.01,0.2041,0.9789,-0.0713,0.1936,0.9785,0.179,-0.605,8.652,0.2048,-0.5674,8.5075,63.08598208746536
7942320000,3.6343,3.807,-31.3125,14.4062,-39.125,31.6562,17.625,-40.2812,0.011,0.1869,0.9823,-0.0754,0.1763,0.9814,0.1896,-0.584,8.529,0.241,-0.5439,8.6382,63.06151482140276
7947320000,3.6949,3.6435,-31.5,14.1875,-39.0625,31.5,17.3438,-39.9375,0.0205,0.2041,0.9787,-0.0675,0.1936,0.9788,0.1625,-0.6035,8.455,0.1945,-0.563,8.3439,63.08508424889357
7952320000,3.7372,3.8694,-31.5625,14.25,-39.3125,31.3906,17.5625,-40.125,0.0187,0.1926,0.9811,-0.0523,0.1811,0.9821,0.1956,-0.5996,8.7725,0.2343,-0.5322,8.432,63.0454249895264
7957445000,3.7666,3.7849,-31.3125,14.4375,-39.25,31.6406,17.5,-39.8125,0.0034,0.184,0.9829,-0.0869,0.1725,0.9812,0.2034,-0.5718,8.5413,0.1927,-0.5537,8.22,63.03005721169861
7962445000,3.7849,3.818,-31.375,14.375,-39.1875,31.6406,17.3438,-39.875,0.0034,0.183,0.9831,-0.0917,0.1725,0.9807,0.1838,-0.5693,8.2997,0.188,-0.5518,8.1457,63.089240549003286
7967445000,3.818,3.7482,-31.125,14.375,-39.375,31.8438,17.4375,-39.75,-0.0208,0.1493,0.9886,-0.1221,0.1368,0.9831,0.1909,-0.563,8.3051,0.225,-0.5347,8.3578,63.04434395479106
7972445000,3.8658,3.9834,-31.3125,14.4375,-39.6562,31.6562,17.6875,-40.25,-0.016,0.1019,0.9947,-0.0957,0.0902,0.9913,0.224,-0.5308,8.3029,0.2695,-0.4619,8.0288,63.055311260273704
7977446000,3.807,3.8621,-31.2812,14.4375,-40.125,31.6875,17.6875,-40.5,-0.0366,0.0561,0.9978,-0.1047,0.0454,0.9935,0.2585,-0.4839,8.1544,0.2893,-0.4429,8.0334,63.05363038469712
7982446000,3.829,3.9062,-31.2188,14.6875,-40.1562,31.75,18.125,-40.0938,-0.023,0.0034,0.9997,-0.1387,-0.0054,0.9903,0.29,-0.45,8.1207,0.3462,-0.3699,7.8488,63.06258854067124
7987446000,3.9613,3.7353,-31.0,14.375,-40.0625,31.9531,17.8125,-40.375,-0.0239,-0.0122,0.9996,-0.1474,-0.021,0.9889,0.2705,-0.4685,8.1134,0.3379,-0.3828,7.9006,63.04765548464114
7992446000,3.9981,3.7996,-30.9688,14.875,-40.25,31.9531,18.375,-40.5,-0.0443,-0.0883,0.9951,-0.1496,-0.097,0.984,0.3445,-0.3911,8.0658,0.3999,-0.3025,7.6996,63.01966359486537
7997449000,3.829,3.9687,-30.6875,14.6562,-40.3125,32.25,18.0625,-40.75,-0.0636,-0.1009,0.9929,-0.159,-0.1116,0.981,0.3374,-0.3855,7.9251,0.4055,-0.2996,7.7298,63.031128755480815
8002460000,3.8364,3.9356,-30.8125,14.8125,-40.25,32.125,18.3125,-40.625,-0.0547,-0.129,0.9901,-0.1479,-0.1387,0.9792,0.355,-0.3706,7.9543,0.4309,-0.2734,7.725,63.03585909028289
8007450000,3.9356,3.9246,-31.125,14.8438,-40.375,31.8438,18.5,-40.625,-0.0391,-0.1522,0.9876,-0.1312,-0.1609,0.9782,0.3799,-0.3655,8.1736,0.4487,-0.2527,7.6959,63.075352332587094
8012446000,3.9209,4.0275,-30.9375,14.7188,-40.375,32.0,18.4375,-40.6562,-0.0526,-0.1445,0.9881,-0.1428,-0.1551,0.9775,0.3828,-0.3806,8.3742,0.4656,-0.2581,7.9436,63.04789218824052
8017446000,3.9356,4.0458,-31.0625,14.9375,-40.0,31.8906,18.4688,-40.375,-0.0256,-0.1474,0.9887,-0.138,-0.1551,0.9782,0.4165,-0.3669,8.5973,0.4688,-0.2607,8.0087,63.05317996976838
8022446000,3.9319,4.0642,-30.6875,14.8438,-40.0938,32.25,18.4688,-40.7188,-0.0556,-0.1387,0.9888,-0.1477,-0.1493,0.9777,0.4141,-0.3696,8.5999,0.5044,-0.2517,8.3098,63.044905870736294
8027446000,3.9393,4.0642,-30.8125,14.8438,-40.1875,32.1562,18.5,-40.6562,-0.0614,-0.1387,0.9884,-0.1486,-0.1493,0.9776,0.4224,-0.3745,8.7466,0.5132,-0.2573,8.4706,63.07649845877623
8032449000,3.9172,4.0569,-30.9688,14.875,-40.125,32.0,18.4688,-40.25,-0.0508,-0.1368,0.9893,-0.143,-0.1464,0.9788,0.4392,-0.3721,8.9076,0.4976,-0.2527,8.2436,63.071394442171645
8037459000,3.9944,4.0275,-30.875,15.25,-40.0,32.0625,18.75,-40.5312,-0.0544,-0.1648,0.9848,-0.1423,-0.1754,0.9742,0.4663,-0.3289,8.7322,0.54,-0.2366,8.5458,63.036981841534896
8042446000,3.8952,4.0495,-30.9375,15.0312,-39.9062,32.0312,18.4688,-40.4375,-0.0449,-0.1445,0.9885,-0.1428,-0.1551,0.9775,0.4429,-0.3525,8.7319,0.5098,-0.2583,8.4428,63.064701324433464
8047446000,3.8731,3.8401,-30.6562,15.0,-39.8125,32.3125,18.5625,-39.9688,-0.0681,-0.1397,0.9879,-0.1791,-0.1503,0.9723,0.4329,-0.3567,8.6661,0.5122,-0.2546,8.43,63.06958867497076
8052446000,3.9172,4.0017,-30.7812,15.1562,-39.8125,32.1562,18.5938,-40.375,-0.0632,-0.1503,0.9866,-0.1455,-0.16,0.9763,0.4688,-0.3391,8.873,0.5347,-0.2512,8.646,63.03371969644501
8057446000,3.9025,3.9466,-30.9062,15.3125,-39.75,32.0938,18.7188,-40.1875,-0.0554,-0.1551,0.9863,-0.1521,-0.1648,0.9745,0.5298,-0.3259,9.414,0.5483,-0.2296,8.5633,63.09353600758163
8062446000,3.8511,3.9429,-30.875,15.3438,-39.5625,32.125,18.625,-40.5,-0.04,-0.1522,0.9875,-0.1379,-0.16,0.9774,0.5259,-0.3284,9.3969,0.5518,-0.2476,8.7991,63.092354367942235
8067446000,3.8694,3.9356,-30.875,15.0312,-39.75,32.0938,18.4375,-40.4688,-0.0556,-0.1339,0.9894,-0.1373,-0.1445,0.9799,0.5059,-0.3557,9.4738,0.5396,-0.2605,8.8032,63.06496116362873
8072446000,3.8548,3.8841,-30.875,15.0625,-39.5625,32.0938,18.4688,-40.1875,-0.0498,-0.1358,0.9895,-0.1506,-0.1445,0.978,0.5059,-0.3623,9.5468,0.5288,-0.2549,8.62,63.06396180172952
8077453000,3.9246,3.976,-30.75,15.2812,-39.5625,32.2188,18.5625,-40.3438,-0.068,-0.1503,0.9863,-0.1455,-0.16,0.9763,0.5479,-0.335,9.7182,0.5454,-0.2488,8.7406,63.05907653002857
8082452000,3.9576,3.9613,-30.6875,15.125,-39.7188,32.25,18.5625,-40.125,-0.069,-0.1445,0.9871,-0.1685,-0.1542,0.9736,0.5386,-0.3533,9.8159,0.5542,-0.2544,8.9019,63.032613074027005
8087447000,3.8768,3.8952,-30.9688,15.1562,-39.625,32.0,18.5938,-40.25,-0.0449,-0.1445,0.9885,-0.1351,-0.1542,0.9788,0.543,-0.3452,9.7764,0.5591,-0.245,8.854,63.0656601662109
8092572000,4.0275,4.0128,-30.6875,15.1562,-39.5625,32.2812,18.4688,-40.5625,-0.069,-0.1445,0.9871,-0.1428,-0.1542,0.9777,0.5376,-0.3579,9.8562,0.5654,-0.2605,9.0964,63.06370190886355
8097457000,3.8364,3.8805,-30.375,15.125,-39.3438,32.5625,18.3125,-40.25,-0.0817,-0.131,0.988,-0.1698,-0.1397,0.9755,0.4951,-0.3535,9.3285,0.5464,-0.2927,9.2353,63.02467977657641
8102572000,3.8658,3.8621,-30.9688,15.125,-39.6875,31.9688,18.5625,-39.9688,-0.0507,-0.1464,0.9879,-0.1485,-0.1542,0.9768,0.5566,-0.3567,10.0583,0.5508,-0.2494,8.8082,63.032031775122086
8107572000,3.8805,4.0311,-30.9375,15.125,-39.7188,32.0,18.4688,-40.25,-0.0604,-0.1445,0.9877,-0.1323,-0.1522,0.9794,0.563,-0.3567,10.1303,0.5474,-0.249,8.7654,63.02850210920453
8112572000,3.9282,3.8694,-30.9062,15.1875,-39.5625,32.0625,18.625,-40.1875,-0.0545,-0.1493,0.9873,-0.1398,-0.158,0.9775,0.5562,-0.3579,10.0663,0.5718,-0.2454,9.0021,63.06555486904083
8117572000,3.8621,3.9907,-30.7812,15.2812,-39.3438,32.1562,18.6875,-40.5625,-0.0555,-0.1503,0.9871,-0.1427,-0.158,0.9771,0.5396,-0.3423,9.7053,0.5967,-0.2294,9.1099,63.041291453617916
8122572000,3.8878,3.9393,-30.9375,15.1875,-39.4688,32.0,18.4688,-40.125,-0.0449,-0.1435,0.9886,-0.1419,-0.1503,0.9784,0.5508,-0.365,10.0839,0.5518,-0.2598,8.9333,63.026394743631016
8127572000,3.9135,3.9099,-30.9688,15.0625,-39.625,32.0,18.4375,-40.3125,-0.0556,-0.1339,0.9894,-0.1316,-0.1416,0.9811,0.5503,-0.3733,10.1705,0.5542,-0.2717,9.0926,63.06292932214615
8132572000,3.8437,3.9944,-30.9375,15.1562,-39.4375,32.0,18.4688,-40.1562,-0.044,-0.1397,0.9892,-0.1448,-0.1474,0.9784,0.5601,-0.3667,10.208,0.5562,-0.2603,8.9885,63.028713731917456
8137586000,3.8952,3.9834,-30.9688,15.0312,-39.5,32.0,18.4062,-40.2812,-0.0508,-0.1358,0.9894,-0.1325,-0.1445,0.9806,0.5464,-0.3723,10.1154,0.5625,-0.2683,9.1491,63.06402042274184
8142584000,3.8694,3.8437,-31.2812,15.25,-39.4375,31.6562,18.5938,-40.0625,-0.0188,-0.1474,0.9889,-0.1218,-0.1542,0.9805,0.5786,-0.3535,10.2726,0.5581,-0.2474,8.8697,63.02926258651611
8147572000,3.9172,3.8768,-30.875,15.0625,-39.4375,32.0938,18.4375,-40.0625,-0.0508,-0.1339,0.9897,-0.1536,-0.1416,0.9779,0.5376,-0.3757,10.0539,0.5601,-0.2627,9.0596,63.062278926787926
8152572000,3.8952,3.9723,-30.9688,15.375,-39.3125,32.0,18.6875,-39.8438,-0.0439,-0.16,0.9861,-0.1444,-0.1657,0.9755,0.5757,-0.3357,10.042,0.5698,-0.2346,8.8619,63.05810581820548
8157572000,3.8327,3.9466,-30.9375,15.0312,-39.4062,32.0625,18.2812,-40.2812,-0.0547,-0.129,0.9901,-0.1326,-0.1368,0.9817,0.5479,-0.3752,10.1645,0.5312,-0.2871,9.0022,63.08984169420621
8162584000,3.8511,3.9025,-30.9062,15.1562,-39.25,32.0625,18.5625,-40.2812,-0.0479,-0.1358,0.9896,-0.143,-0.1445,0.9791,0.5342,-0.363,9.8744,0.5762,-0.2534,9.1405,63.06919559357008
8167572000,3.8878,3.8511,-30.6562,14.875,-39.5625,32.3125,18.1875,-40.3125,-0.0848,-0.1116,0.9901,-0.174,-0.1223,0.9771,0.4812,-0.3911,9.5894,0.5259,-0.3081,9.1731,63.06022784560804
8172572000,3.9466,3.9981,-30.625,14.9688,-39.3438,32.3125,18.4375,-40.125,-0.0905,-0.1203,0.9886,-0.1853,-0.131,0.9739,0.4636,-0.387,9.3461,0.5615,-0.2869,9.3423,63.037854178104766
8177572000,3.8511,3.807,-30.75,15.1875,-39.3125,32.2188,18.625,-39.625,-0.0711,-0.1339,0.9884,-0.1898,-0.1416,0.9716,0.5107,-0.3679,9.6641,0.5737,-0.2573,9.1557,63.063331944482606
8182573000,3.8364,3.9025,-30.6562,15.0625,-39.4062,32.25,18.4688,-40.0312,-0.0799,-0.1252,0.9889,-0.1699,-0.1358,0.9761,0.4863,-0.3816,9.5411,0.5674,-0.2747,9.2743,63.00145635721447
8187572000,3.8878,3.9356,-30.6875,14.9688,-39.375,32.25,18.25,-40.25,-0.0847,-0.1184,0.9893,-0.1691,-0.131,0.9769,0.4851,-0.3865,9.5817,0.5444,-0.3027,9.3236,63.02904730907806
8192572000,3.829,3.829,-30.9375,15.2812,-39.5312,32.0,18.7188,-40.0312,-0.069,-0.1435,0.9872,-0.1533,-0.1522,0.9764,0.5566,-0.3574,10.0664,0.5874,-0.2415,9.1369,63.033292790477
8197573000,3.8327,3.8364,-30.8125,15.3125,-39.4375,32.125,18.8125,-40.0938,-0.0795,-0.1522,0.9851,-0.1531,-0.1629,0.9747,0.5566,-0.3501,9.9853,0.606,-0.228,9.201,63.03816015668605
8202575000,3.7776,3.7813,-30.875,15.1875,-39.1875,32.0938,18.5938,-39.9375,-0.0653,-0.1358,0.9886,-0.164,-0.1435,0.976,0.5127,-0.3679,9.6861,0.5674,-0.2517,9.0219,63.065324490800805
8207573000,3.8143,3.8658,-30.8125,15.3125,-39.2188,32.125,18.625,-40.125,-0.0662,-0.1435,0.9874,-0.1524,-0.1522,0.9765,0.5474,-0.3584,9.9721,0.5815,-0.2571,9.2419,63.03112533455197
8212573000,3.8143,3.9062,-30.6875,15.125,-39.3125,32.25,18.5,-39.9375,-0.0846,-0.1358,0.9871,-0.1716,-0.1445,0.9745,0.519,-0.3706,9.7875,0.5581,-0.2695,9.1127,63.03102534664973
8217573000,3.7923,3.8658,-30.6875,15.25,-39.1875,32.25,18.625,-39.9062,-0.074,-0.1339,0.9882,-0.1716,-0.1435,0.9746,0.5215,-0.3589,9.6851,0.5674,-0.2598,9.1105,63.032024090457384
8222577000,3.8217,3.9613,-30.4688,15.5938,-39.0625,32.4688,19.0,-39.8125,-0.0889,-0.1677,0.9818,-0.1933,-0.1782,0.9648,0.564,-0.3225,9.7632,0.6216,-0.2106,9.1881,63.034166863693855
8227698000,3.8584,3.987,-30.6875,15.1875,-39.375,32.2188,18.5,-40.0625,-0.0768,-0.1358,0.9877,-0.1668,-0.1464,0.9751,0.5249,-0.3704,9.8509,0.5703,-0.2705,9.2619,62.99720543159038
8232698000,3.807,3.8658,-30.625,15.375,-39.125,32.3438,18.6875,-40.125,-0.0796,-0.1464,0.986,-0.1694,-0.1551,0.9733,0.5557,-0.3423,9.8877,0.5898,-0.2534,9.2961,63.06379650552288
8237706000,3.7739,3.7996,-30.875,15.1875,-39.0625,32.0625,18.5938,-40.0625,-0.0508,-0.1329,0.9898,-0.1535,-0.1435,0.9777,0.5283,-0.3696,9.8813,0.5654,-0.2659,9.1554,63.0375426705388
8242698000,3.7996,3.9319,-30.875,15.2812,-39.3438,32.0938,18.7188,-40.0625,-0.072,-0.1416,0.9873,-0.1533,-0.1522,0.9764,0.5557,-0.353,10.0067,0.5898,-0.2458,9.2129,63.06665836153046
8247698000,3.8364,3.7629,-30.6562,15.1562,-39.25,32.25,18.5,-39.75,-0.0866,-0.129,0.9879,-0.1841,-0.1397,0.9729,0.5308,-0.3733,9.9495,0.5581,-0.2783,9.2094,62.99699196691855
8252698000,3.7739,3.8915,-30.625,15.3125,-39.1875,32.3125,18.6875,-39.8125,-0.0893,-0.1435,0.9856,-0.1799,-0.1542,0.9715,0.5244,-0.3564,9.6911,0.5918,-0.245,9.2258,63.03102534664973
8257698000,3.8033,3.829,-30.7812,15.0312,-39.2188,32.1562,18.5625,-39.75,-0.0721,-0.1252,0.9895,-0.1737,-0.1358,0.9754,0.5083,-0.3784,9.7531,0.5708,-0.2622,9.1762,63.03862761743786
8262698000,3.7408,3.8694,-30.7812,15.1875,-39.0,32.1562,18.5938,-40.0,-0.0653,-0.1329,0.989,-0.1669,-0.1435,0.9755,0.5078,-0.3735,9.6934,0.5732,-0.2561,9.1368,63.037442829242366
8267698000,3.7298,3.7574,-30.6875,15.4375,-39.1875,32.2188,18.7812,-39.875,-0.0815,-0.1522,0.985,-0.173,-0.1629,0.9714,0.5586,-0.3457,9.9588,0.5933,-0.2338,9.1192,62.998853685047315
8272707000,3.7261,3.8584,-30.75,15.25,-39.125,32.2188,18.6875,-40.125,-0.072,-0.1397,0.9876,-0.1667,-0.1493,0.9746,0.5278,-0.3623,9.7946,0.5786,-0.2593,9.2327,63.07048580508953
8277698000,3.7427,3.829,-30.5938,15.2812,-39.1875,32.3438,18.7188,-39.9375,-0.0893,-0.1445,0.9855,-0.1846,-0.1551,0.9705,0.5312,-0.3567,9.771,0.5977,-0.2468,9.3127,63.0358714346046
8282698000,3.7776,3.8584,-30.6562,15.25,-39.125,32.3125,18.6875,-40.0,-0.0797,-0.1397,0.987,-0.1686,-0.1522,0.9739,0.5205,-0.3628,9.7173,0.5977,-0.2561,9.4146,63.06852789577381
8287698000,3.7702,3.8437,-30.7812,15.1875,-39.1875,32.1562,18.5625,-40.25,-0.0711,-0.129,0.9891,-0.1507,-0.1397,0.9787,0.5225,-0.3713,9.8341,0.5688,-0.2578,9.1056,63.03678172313367
8292698000,3.6912,3.829,-30.8125,15.25,-39.1875,32.1562,18.625,-40.0,-0.072,-0.1397,0.9876,-0.1629,-0.1493,0.9753,0.5376,-0.3667,9.9537,0.5776,-0.2603,9.2324,63.06431606653639
8297698000,3.7372,3.7776,-30.6562,15.0312,-39.1875,32.25,18.5625,-39.7812,-0.0876,-0.1252,0.9883,-0.1794,-0.1358,0.9743,0.5039,-0.3789,9.709,0.5698,-0.2627,9.1704,63.00803566069966
8302698000,3.7592,3.8841,-30.6875,15.0625,-39.25,32.25,18.5,-40.0312,-0.0866,-0.1252,0.9883,-0.167,-0.1368,0.9764,0.5054,-0.3801,9.7391,0.5659,-0.2705,9.212,63.03614507518682
8307699000,3.6931,3.7555,-30.6875,15.25,-39.0938,32.2188,18.6875,-39.9062,-0.0758,-0.1387,0.9874,-0.1763,-0.1474,0.9732,0.5229,-0.364,9.7584,0.5806,-0.2524,9.1798,63.0053884973341
8312699000,3.7243,3.796,-30.7812,15.375,-39.1875,32.1562,18.7188,-40.1875,-0.0738,-0.1474,0.9863,-0.1589,-0.158,0.9746,0.5312,-0.3445,9.6358,0.5811,-0.2468,9.1236,63.03409646532581
8317699000,3.7482,3.9062,-30.75,15.375,-39.0625,32.1875,18.75,-39.8438,-0.0709,-0.1522,0.9858,-0.1731,-0.1609,0.9717,0.5371,-0.3511,9.775,0.5811,-0.2488,9.1451,63.03276894552547
8322711000,3.7482,3.8327,-30.5938,15.25,-39.125,32.375,18.625,-40.1875,-0.0893,-0.1387,0.9863,-0.1686,-0.1493,0.9743,0.5024,-0.3589,9.4704,0.5811,-0.2625,9.2954,63.06813224355071
8327699000,3.7629,3.8584,-30.625,15.1875,-39.1875,32.3438,18.5,-40.1875,-0.0846,-0.1358,0.9871,-0.1688,-0.1445,0.975,0.4944,-0.3706,9.5097,0.583,-0.2771,9.4788,63.06379650552288
8332699000,3.7261,3.7739,-30.75,15.0625,-39.375,32.2188,18.5625,-39.8125,-0.0895,-0.129,0.9876,-0.1765,-0.1387,0.9745,0.5068,-0.3799,9.7528,0.5591,-0.2634,9.0566,63.06751287065315
8337700000,3.7298,3.7372,-30.75,15.0312,-39.4375,32.1875,18.5625,-39.7188,-0.0934,-0.1261,0.9876,-0.1851,-0.1368,0.9731,0.5029,-0.3816,9.7278,0.5586,-0.27,9.1236,63.03711696794199
8342699000,3.6747,3.7923,-30.6562,15.125,-39.1875,32.3125,18.5625,-40.375,-0.0799,-0.1252,0.9889,-0.1566,-0.1358,0.9783,0.4919,-0.3772,9.5555,0.5708,-0.2793,9.3642,63.07363745805374
8347699000,3.7372,3.6949,-30.7812,15.25,-38.9375,32.1562,18.4688,-39.8125,-0.0364,-0.1048,0.9938,-0.1532,-0.1145,0.9815,0.4731,-0.3682,9.2441,0.5332,-0.2859,9.0109,63.02572980299395
8352699000,3.6673,3.7574,-30.9062,15.0,-39.25,32.0625,18.375,-40.1562,-0.0161,-0.0561,0.9983,-0.1152,-0.0659,0.9912,0.4417,-0.3965,9.2061,0.4956,-0.3113,8.867,63.06559286274886
8357699000,3.7849,3.7519,-31.0938,14.8125,-39.4688,31.875,18.0,-40.7188,0.0308,-0.0073,0.9995,-0.0503,-0.0161,0.9986,0.397,-0.4404,9.1979,0.4165,-0.3628,8.5513,63.061814354568014
8362707000,3.7463,3.796,-30.9688,14.75,-39.375,32.0312,17.8438,-40.75,0.0541,0.0298,0.9981,-0.0395,0.0239,0.9989,0.3811,-0.4585,9.2236,0.3743,-0.4053,8.5535,63.09090444303362
8367824000,3.6729,3.6857,-30.9688,14.6875,-38.875,32.0625,17.375,-40.8438,0.117,0.0805,0.9899,-0.0268,0.0766,0.9967,0.325,-0.4963,9.0262,0.3037,-0.4507,8.2796,63.119280805313366
8372824000,3.7188,3.8548,-31.0,14.8438,-38.4375,31.9688,17.8125,-41.0,0.1708,0.0892,0.9813,0.0316,0.0883,0.9956,0.3003,-0.5176,8.9932,0.3311,-0.4221,8.2625,63.09080249434144
8377829000,3.5681,3.6324,-31.0625,14.6875,-38.8125,31.9375,17.5,-40.6875,0.1674,0.1184,0.9788,0.0247,0.1164,0.9929,0.2847,-0.521,8.8596,0.2661,-0.4629,8.0021,63.09061563537005
8382834000,3.5773,3.5075,-31.25,14.6875,-38.75,31.7188,17.4688,-40.5625,0.1957,0.1329,0.9716,0.0537,0.1329,0.9897,0.27,-0.5361,8.8693,0.2374,-0.4585,7.6376,63.05624916992764
8387824000,3.5791,3.5755,-31.2812,14.5625,-38.875,31.7188,17.375,-40.6875,0.1917,0.1406,0.9713,0.0527,0.1387,0.9889,0.2595,-0.5454,8.8587,0.2358,-0.4612,7.6502,63.0887891189869
8392824000,3.5332,3.6986,-31.4375,14.5625,-38.7812,31.5469,17.375,-40.75,0.1982,0.1426,0.9697,0.0662,0.1416,0.9877,0.2727,-0.5488,9.0425,0.2281,-0.4741,7.7109,63.077896073426544
8397824000,3.6159,3.5369,-31.1875,14.75,-38.7188,31.8125,17.5,-40.2812,0.174,0.1232,0.977,0.0315,0.1222,0.992,0.2783,-0.5234,8.8172,0.2507,-0.4707,7.9205,63.079343637675876
8402825000,3.5828,3.671,-30.9688,14.5625,-38.8125,32.0,17.5,-40.5,0.1517,0.1377,0.9788,0.0247,0.1339,0.9907,0.2571,-0.5264,8.6166,0.2607,-0.4761,8.0908,63.059863113869824
8407825000,3.5755,3.6232,-31.1875,14.5625,-38.5625,31.7969,17.375,-40.3125,0.1841,0.1387,0.9731,0.0382,0.1377,0.9897,0.2539,-0.5322,8.6479,0.2356,-0.4851,7.9159,63.071445992699424
8412825000,3.6876,3.5571,-31.0625,14.8125,-38.875,31.9062,17.6875,-40.375,0.1598,0.1164,0.9803,0.0306,0.1135,0.9931,0.2803,-0.5122,8.7121,0.2759,-0.46,8.0767,63.05214353763082
8417825000,3.6343,3.4946,-31.2188,14.75,-38.5625,31.75,17.5625,-40.1562,0.1816,0.1242,0.9755,0.0247,0.1232,0.9921,0.2668,-0.5103,8.5423,0.2502,-0.4648,7.8495,63.05172328636228
8422825000,3.6306,3.6784,-31.2188,14.75,-38.5,31.7812,17.5625,-40.5625,0.1778,0.1261,0.976,0.0518,0.1232,0.991,0.269,-0.5171,8.6435,0.2788,-0.468,8.1993,63.09646632340039
8427825000,3.6857,3.761,-31.0,14.6562,-38.6875,31.9375,17.625,-40.6875,0.1643,0.131,0.9777,0.0392,0.129,0.9909,0.2566,-0.5303,8.6554,0.2812,-0.4785,8.3439,63.03921541144052
8432825000,3.6747,3.5828,-30.9375,14.7188,-38.4375,32.0312,17.5312,-40.625,0.1606,0.1261,0.9789,0.0325,0.1222,0.992,0.2512,-0.5254,8.5412,0.2788,-0.4856,8.3965,63.06942151074481
8437832000,3.6912,3.5571,-31.0,14.6875,-38.625,31.9531,17.375,-40.1562,0.1633,0.1339,0.9775,0.0198,0.1319,0.9911,0.2527,-0.5254,8.5573,0.2356,-0.4968,8.0477,63.029041158024924
8442825000,3.6545,3.6343,-31.2812,14.75,-38.5312,31.6406,17.625,-40.5,0.1845,0.1213,0.9753,0.0654,0.1193,0.9907,0.2715,-0.5244,8.753,0.2727,-0.4749,8.2087,63.01820938173346
8447825000,3.6986,3.6949,-31.125,14.8438,-38.625,31.8438,17.6562,-40.75,0.1695,0.1106,0.9793,0.0626,0.1087,0.9921,0.2781,-0.5083,8.6439,0.2839,-0.4736,8.3187,63.06738453590731
8452825000,3.6784,3.6232,-31.1875,14.8125,-38.5,31.7969,17.75,-40.3438,0.1732,0.1164,0.978,0.048,0.1145,0.9923,0.2698,-0.5151,8.6295,0.2805,-0.4636,8.1688,63.07981569448344
8457825000,3.649,3.5828,-31.0,14.6562,-38.4375,31.9531,17.4688,-40.375,0.1702,0.1252,0.9774,0.0373,0.1232,0.9917,0.2474,-0.5356,8.6154,0.2551,-0.4883,8.1662,63.04567728734461
8462825000,3.7078,3.445,-31.125,14.75,-38.625,31.8438,17.75,-40.375,0.1676,0.1096,0.9797,0.0451,0.1077,0.9932,0.2651,-0.5264,8.7052,0.271,-0.4561,7.9793,63.06450882580471
8467825000,3.7243,3.5387,-31.0,14.75,-38.625,31.9375,17.7812,-40.125,0.158,0.1125,0.981,0.018,0.1106,0.9937,0.2622,-0.5239,8.6454,0.2795,-0.468,8.2073,63.02830379829367
8472825000,3.6784,3.4046,-31.125,14.875,-38.5,31.8125,17.8125,-40.4375,0.1706,0.1028,0.98,0.0481,0.1019,0.9936,0.2717,-0.5161,8.662,0.2944,-0.4585,8.2647,63.03579712155626
8477832000,3.66,3.5332,-31.0625,14.8125,-38.4688,31.8906,17.6562,-40.25,0.1598,0.1193,0.9799,0.0393,0.1174,0.9923,0.2666,-0.5298,8.7599,0.2627,-0.4604,7.9371,63.0424626957101
8482825000,3.6655,3.5498,-31.2188,15.0,-38.5,31.7344,17.9688,-40.1875,0.1774,0.098,0.9793,0.0423,0.096,0.9945,0.2893,-0.5098,8.7841,0.2898,-0.4409,8.017,63.04575179922911
8487835000,3.7243,3.5498,-31.125,14.9688,-38.5938,31.8438,17.9688,-40.3125,0.1688,0.097,0.9809,0.0364,0.096,0.9947,0.2913,-0.5132,8.8441,0.2856,-0.4373,7.9303,63.063648032206316
8492825000,3.671,3.4395,-31.0,14.8438,-38.5,31.9531,17.6562,-40.3438,0.1647,0.1125,0.9799,0.0306,0.1106,0.9934,0.2698,-0.5181,8.6626,0.2729,-0.4685,8.1402,63.04285837277685
8497950000,3.6416,3.4726,-31.125,14.75,-38.5625,31.8125,17.8125,-40.3438,0.1704,0.1135,0.9788,0.0461,0.1125,0.9926,0.2693,-0.5405,8.9109,0.2727,-0.46,8.0418,63.03713859456186
8502835000,3.6747,3.5516,-31.0625,14.875,-38.2812,31.9062,17.7812,-40.375,0.1723,0.1116,0.9787,0.0364,0.1096,0.9933,0.2666,-0.5386,8.8593,0.2988,-0.4641,8.3761,63.07049370799312
8507950000,3.7243,3.6747,-31.2188,14.75,-38.5625,31.75,17.6875,-40.125,0.1751,0.1193,0.9773,0.046,0.1193,0.9918,0.2688,-0.5254,8.7345,0.252,-0.4592,7.8054,63.05664188600595
8512953000,3.6416,3.5553,-30.9375,14.8438,-38.25,32.0,17.6875,-40.4375,0.1676,0.1106,0.9796,0.0335,0.1087,0.9935,0.2539,-0.5342,8.67,0.2742,-0.4731,8.2057,63.0396755400121
8517951000,3.7151,3.5534,-31.125,14.8125,-38.7188,31.8438,17.6875,-40.1875,0.1608,0.1164,0.9801,0.0364,0.1155,0.9926,0.2776,-0.5239,8.8147,0.2788,-0.468,8.1993,63.05150654924908
8522950000,3.6379,3.513,-31.0625,14.6562,-38.25,31.8906,17.625,-40.2812,0.1788,0.1242,0.976,0.0412,0.1242,0.9914,0.241,-0.5405,8.5996,0.2734,-0.4695,8.1566,63.055787573306866
8527951000,3.7059,3.592,-31.25,14.6562,-38.5625,31.7031,17.625,-40.0312,0.1749,0.1252,0.9766,0.0402,0.1232,0.9916,0.2556,-0.541,8.7661,0.252,-0.4744,7.975,63.040174910448975
8532951000,3.7206,3.513,-31.1875,14.6562,-38.5,31.7812,17.6562,-40.5,0.175,0.1222,0.977,0.0586,0.1203,0.991,0.2588,-0.5503,8.906,0.2688,-0.4719,8.1329,63.071841416673415
8537951000,3.6747,3.5645,-31.0938,14.875,-38.5,31.8906,17.75,-40.25,0.1648,0.1067,0.9805,0.0451,0.1058,0.9934,0.2744,-0.5166,8.6971,0.2786,-0.448,7.9724,63.074263914531734
8542951000,3.6784,3.5222,-31.0938,14.6562,-38.5,31.875,17.75,-40.3125,0.1644,0.1252,0.9784,0.0383,0.1232,0.9916,0.2537,-0.5439,8.7777,0.2781,-0.4712,8.2268,63.07080567211743
8547951000,3.6912,3.5167,-31.0625,14.8125,-38.5,31.8906,17.7812,-40.0625,0.1637,0.1125,0.9801,0.0306,0.1106,0.9934,0.2693,-0.5225,8.7068,0.2766,-0.4563,8.0438,63.04242528289977
8552960000,3.6435,3.4432,-31.2812,14.75,-38.5,31.6562,17.9688,-40.1562,0.1849,0.1058,0.9771,0.0481,0.1038,0.9934,0.2705,-0.5317,8.825,0.292,-0.438,8.0085,63.04141488450271
8557951000,3.6986,3.592,-31.125,14.875,-38.5625,31.8438,17.7812,-40.1875,0.1687,0.1019,0.9804,0.05,0.0999,0.9937,0.2825,-0.5205,8.8299,0.2717,-0.4473,7.889,63.05677122149532
8562951000,3.6471,3.3991,-30.9375,14.8125,-38.2812,32.0,17.6875,-39.9375,0.1637,0.1125,0.9801,0.0092,0.1125,0.9936,0.2472,-0.5322,8.5741,0.2693,-0.4648,8.0589,63.024898738038445
8567951000,3.6857,3.4946,-31.0625,14.5625,-38.5,31.8906,17.5312,-39.9375,0.1681,0.1329,0.9768,0.0218,0.131,0.9911,0.239,-0.5459,8.6389,0.25,-0.4873,8.0988,63.039451025131875
8572951000,3.6435,3.4799,-31.1875,14.75,-38.625,31.8125,17.6562,-40.2812,0.1656,0.1135,0.9796,0.0315,0.1135,0.993,0.272,-0.5308,8.8301,0.2622,-0.4631,7.9619,63.088739065541645
8577951000,3.6526,3.6545,-31.3125,14.875,-38.1875,31.6406,17.75,-39.75,0.1972,0.1077,0.9744,0.0509,0.1087,0.9928,0.2683,-0.5132,8.5914,0.2539,-0.4636,7.8761,63.03808238565002
8582954000,3.5975,3.4763,-31.25,14.875,-38.4062,31.7188,17.8125,-40.1562,0.182,0.1058,0.9776,0.0374,0.1067,0.9936,0.2786,-0.5234,8.8199,0.2607,-0.4492,7.79,63.061566581317976
8587951000,3.6085,3.5167,-31.0625,14.8125,-38.5,31.9062,17.6875,-39.9688,0.1647,0.1106,0.9801,0.0238,0.1096,0.9937,0.2632,-0.5161,8.568,0.2705,-0.468,8.1079,63.05140900987067
8592951000,3.649,3.5185,-31.1875,14.9688,-38.75,31.8125,17.9375,-40.1875,0.1611,0.097,0.9822,0.0413,0.0951,0.9946,0.2949,-0.5068,8.8129,0.2981,-0.4456,8.1603,63.08628682954799
8597951000,3.6085,3.5571,-31.2188,14.8438,-38.5,31.7812,17.75,-40.375,0.1763,0.1058,0.9786,0.051,0.1048,0.9932,0.2732,-0.5288,8.8214,0.272,-0.4641,8.0802,63.09486210017421
8602959000,3.6526,3.6361,-31.0,15.2812,-38.4375,31.9375,18.1562,-40.4688,0.1671,0.0785,0.9828,0.0375,0.0776,0.9963,0.3052,-0.4724,8.5391,0.3208,-0.4331,8.2718,63.03586844757515
8607951000,3.6067,3.6324,-31.125,14.875,-38.25,31.8125,17.75,-40.1562,0.1895,0.1125,0.9754,0.0567,0.1106,0.9922,0.2627,-0.5361,8.7887,0.2808,-0.4673,8.2126,63.03196117597801
8612951000,3.5534,3.5865,-31.125,14.8125,-38.1562,31.8594,17.7812,-40.3438,0.2083,0.1203,0.9706,0.0625,0.1193,0.9909,0.2527,-0.5518,8.8555,0.2715,-0.4529,7.9491,63.092261148337364
8617952000,3.513,3.6049,-31.2812,14.875,-38.375,31.7031,17.6875,-40.1562,0.2167,0.1261,0.9681,0.0779,0.1252,0.9891,0.281,-0.5474,9.1173,0.2517,-0.46,7.8109,63.0722195279348
8622951000,3.3587,3.3605,-31.4062,15.0312,-38.375,31.5625,17.875,-40.1875,0.2323,0.1058,0.9669,0.1042,0.1048,0.989,0.2983,-0.5259,9.0654,0.2517,-0.4412,7.6006,63.058936990564625
8627951000,3.4524,3.3091,-31.125,15.0312,-38.375,31.8438,17.6562,-40.0,0.2069,0.1009,0.9732,0.0665,0.0999,0.9928,0.292,-0.5112,8.8302,0.2404,-0.4561,7.6424,63.044436895256666
8633076000,3.4322,3.57,-31.1875,14.625,-38.25,31.7969,17.4688,-40.2812,0.2135,0.1387,0.967,0.0662,0.1387,0.9881,0.2347,-0.5562,8.7081,0.2412,-0.4912,8.0462,63.08127785040503
8638077000,3.3991,3.4377,-31.3125,14.8438,-38.25,31.6406,17.7812,-40.0938,0.23,0.1213,0.9656,0.0876,0.1222,0.9886,0.2708,-0.5454,8.9823,0.2424,-0.4551,7.6543,63.04855840390008
8643076000,3.4175,3.5865,-31.1875,14.6875,-38.25,31.7812,17.5312,-40.125,0.2164,0.1377,0.9666,0.0701,0.1377,0.988,0.2491,-0.5566,8.8719,0.2393,-0.4775,7.8712,63.06075986205685
8648077000,3.4763,3.5773,-31.3125,14.625,-38.5,31.6406,17.5625,-40.25,0.2173,0.1368,0.9665,0.0778,0.1368,0.9875,0.2539,-0.5635,9.0017,0.2515,-0.4688,7.9067,63.045889682516176
8653077000,3.366,3.3568,-31.4062,14.9688,-38.0938,31.5625,17.7812,-40.25,0.2405,0.1164,0.9636,0.0983,0.1164,0.9883,0.2776,-0.5264,8.8422,0.2612,-0.446,7.7598,63.068343659002174
8658077000,3.4193,3.4891,-31.2188,14.75,-38.4375,31.7344,17.7812,-40.3125,0.2111,0.1232,0.9697,0.0914,0.1232,0.9882,0.2676,-0.5396,8.881,0.2617,-0.4448,7.7516,63.05401802169312
8663077000,3.4763,3.5185,-31.4062,14.75,-38.6875,31.5625,17.75,-40.0625,0.213,0.1242,0.9691,0.0895,0.1242,0.9882,0.2864,-0.541,9.1046,0.2456,-0.4524,7.6591,63.05511719670339
8668080000,3.4064,3.5369,-31.2188,15.25,-38.375,31.7812,18.1562,-40.125,0.2129,0.0844,0.9734,0.0724,0.0844,0.9938,0.3181,-0.4961,8.948,0.3098,-0.4167,7.968,63.091271174703714
8673077000,3.3973,3.434,-31.1875,15.0,-38.4688,31.7969,17.8438,-40.0625,0.2058,0.1058,0.9729,0.0655,0.1058,0.9922,0.2878,-0.5186,8.867,0.2695,-0.4592,7.9987,63.068706356560064
8678077000,3.3899,3.5093,-31.2188,14.9375,-38.5,31.75,17.6875,-40.0312,0.2095,0.1116,0.9714,0.08,0.1096,0.9907,0.2859,-0.5278,8.9502,0.2554,-0.4663,7.9223,63.04741744813978
8683077000,3.3623,3.4946,-31.2188,14.9688,-38.3125,31.7969,17.6875,-40.125,0.2217,0.1155,0.9683,0.0751,0.1164,0.9904,0.2778,-0.521,8.7843,0.2725,-0.4612,8.0528,63.10035604043768
8688077000,3.423,3.5259,-31.1875,15.0625,-38.5,31.8125,17.8125,-40.125,0.2031,0.098,0.9742,0.0782,0.098,0.9921,0.2969,-0.5166,8.9445,0.2783,-0.4507,7.9998,63.08092520722885
8693077000,3.3973,3.3862,-31.0625,14.875,-38.4062,31.9062,17.75,-39.9062,0.2009,0.1145,0.9729,0.049,0.1155,0.9921,0.2749,-0.5322,8.8788,0.2676,-0.4548,7.928,63.05214353763082
8698077000,3.344,3.3623,-31.2188,15.0312,-38.25,31.7812,17.875,-40.3125,0.2115,0.1067,0.9715,0.08,0.1058,0.9912,0.2861,-0.5215,8.8812,0.2925,-0.4485,8.1312,63.097869256338605
8703080000,3.3072,3.4836,-31.1875,15.0,-38.3125,31.8125,17.875,-40.2812,0.2125,0.1048,0.9715,0.082,0.1038,0.9912,0.2869,-0.5234,8.9113,0.29,-0.4419,8.0306,63.09628677418347
8708084000,3.3348,3.3458,-31.2188,15.0,-38.3438,31.75,17.875,-40.0,0.2153,0.1058,0.9708,0.0839,0.1048,0.9909,0.2925,-0.5259,9.0008,0.2756,-0.4536,8.003,63.05615272818348
8713077000,3.366,3.4818,-31.2188,15.0312,-38.4375,31.7344,17.8125,-40.0625,0.2097,0.1028,0.9723,0.0839,0.1028,0.9912,0.2939,-0.5146,8.8902,0.27,-0.4529,7.933,63.03555857553735
8718077000,3.3623,3.2741,-31.2188,15.0312,-38.4688,31.75,17.8438,-40.0312,0.2068,0.1028,0.973,0.0733,0.1019,0.9921,0.2966,-0.519,8.9694,0.2793,-0.4575,8.087,63.050944370088544
8723077000,3.3256,3.4266,-31.2188,15.0,-38.25,31.7344,17.9688,-39.875,0.2192,0.1019,0.9703,0.0801,0.1019,0.9916,0.2815,-0.5142,8.7475,0.2808,-0.4473,7.9884,63.04410986507781
8728077000,3.3587,3.2815,-31.125,15.1562,-38.3438,31.8438,18.0625,-40.0312,0.2099,0.0912,0.9735,0.0801,0.0912,0.9926,0.3088,-0.5142,9.049,0.2991,-0.4297,7.9938,63.05841475877743
8733077000,3.3311,3.412,-31.0938,14.875,-38.1875,31.8594,17.9375,-40.25,0.2132,0.1135,0.9704,0.0742,0.1125,0.9909,0.2681,-0.5371,8.8588,0.2935,-0.4453,8.1065,63.061384402342455
8738078000,3.3587,3.649,-31.0938,14.6875,-38.3125,31.8594,17.625,-40.3125,0.2088,0.1368,0.9683,0.0836,0.1358,0.9872,0.2544,-0.5562,8.924,0.2676,-0.4785,8.1934,63.053424145640186
8743089000,3.4285,3.4891,-30.9688,15.1562,-38.4062,32.0,17.9688,-40.1875,0.1926,0.1019,0.976,0.0587,0.0999,0.9933,0.2974,-0.4937,8.6915,0.2964,-0.4463,8.1497,63.05674842465317
8748077000,3.3513,3.2245,-31.0,15.0312,-38.2812,31.9531,17.9375,-40.25,0.2021,0.1038,0.9739,0.0684,0.1038,0.9922,0.2881,-0.5166,8.8477,0.3049,-0.4624,8.4243,63.05089652606059
8753078000,3.3881,3.524,-30.9688,15.0625,-38.1875,31.9688,17.875,-40.125,0.2039,0.1048,0.9734,0.0665,0.1048,0.9923,0.2847,-0.5107,8.744,0.2827,-0.4624,8.1794,63.03019559116091
8758078000,3.3789,3.344,-31.0938,15.0,-38.25,31.8594,17.8125,-39.9375,0.2056,0.1135,0.972,0.0703,0.1145,0.9909,0.2793,-0.5264,8.861,0.2749,-0.4663,8.1371,63.038585031233055
8763078000,3.4101,3.4358,-31.0,15.0,-38.4688,31.9688,17.9688,-40.2812,0.1934,0.1067,0.9753,0.0684,0.1058,0.992,0.2805,-0.521,8.8139,0.2961,-0.4448,8.1306,63.06479477997213
8768082000,3.3954,3.445,-31.25,14.875,-38.4688,31.7188,18.0,-40.0,0.2076,0.1125,0.9717,0.0761,0.1125,0.9907,0.2844,-0.5366,9.0334,0.2893,-0.4424,8.028,63.06488699648958
8773203000,3.3844,3.4285,-31.0625,14.8125,-38.4375,31.8906,17.6875,-40.1875,0.1978,0.1242,0.9723,0.0741,0.1232,0.9896,0.2612,-0.5435,8.8554,0.2729,-0.4651,8.1019,63.04300853076414
8778203000,3.4064,3.355,-31.125,15.1875,-38.375,31.8438,17.9375,-40.0625,0.2071,0.0912,0.9741,0.0695,0.0912,0.9934,0.3049,-0.5117,8.9783,0.2927,-0.4412,8.052,63.05140703973227
8783203000,3.3623,3.2227,-31.3125,15.1875,-38.5938,31.6406,18.1562,-39.8125,0.2129,0.0834,0.9735,0.0666,0.0834,0.9943,0.3113,-0.5073,8.9989,0.3008,-0.4231,7.9391,63.03484123078284
8788203000,3.3734,3.4285,-31.0625,14.8438,-38.5625,31.9375,17.75,-40.0625,0.1876,0.1125,0.9758,0.0616,0.1106,0.992,0.2739,-0.5298,8.8405,0.2844,-0.4749,8.3378,63.08483176200124
8793206000,3.344,3.3642,-31.1875,15.0625,-38.4375,31.8125,17.9688,-40.25,0.2041,0.099,0.9739,0.0733,0.098,0.9925,0.2993,-0.5195,9.0045,0.2979,-0.4399,8.0949,63.09304031301709
8798203000,3.3513,3.6049,-31.25,15.1875,-38.3438,31.7344,17.9375,-40.375,0.2137,0.0912,0.9726,0.1044,0.0902,0.9904,0.3069,-0.5073,8.9504,0.3074,-0.4392,8.1917,63.07711880547494
8803203000,3.366,3.4634,-31.2188,15.25,-38.1875,31.75,18.0938,-40.25,0.2204,0.0902,0.9712,0.0782,0.0912,0.9928,0.3079,-0.4963,8.8375,0.3125,-0.4385,8.2401,63.06671767366683
8808203000,3.4064,3.2007,-31.375,14.9375,-38.5312,31.5938,17.8438,-39.8125,0.2153,0.1058,0.9708,0.0636,0.1067,0.9923,0.2993,-0.5332,9.1589,0.2666,-0.4563,7.9336,63.048854730439
8813203000,3.4616,3.4175,-31.0625,15.0,-38.5312,31.9375,17.8438,-39.9062,0.1896,0.1087,0.9758,0.0548,0.1087,0.9926,0.2878,-0.5166,8.845,0.2922,-0.4617,8.2761,63.07913936825708
8818209000,3.3219,3.3495,-31.1875,14.9688,-38.4375,31.7969,17.8125,-39.9375,0.2076,0.1125,0.9717,0.08,0.1125,0.9904,0.2864,-0.5244,8.917,0.2693,-0.4617,8.0233,63.06640367937592
8823206000,3.344,3.3642,-31.125,15.0625,-38.3125,31.8438,17.9688,-40.125,0.2078,0.1009,0.9729,0.0762,0.0999,0.9921,0.2932,-0.5142,8.8766,0.2927,-0.4443,8.0875,63.06188634492311
8828203000,3.3752,3.4175,-31.1875,14.9688,-38.375,31.8125,17.8438,-40.125,0.2047,0.1116,0.9724,0.0848,0.1116,0.9901,0.2871,-0.5254,8.9361,0.2937,-0.4543,8.2102,63.08984169420621
8833203000,3.3936,3.4138,-31.2188,14.8438,-38.5938,31.7812,17.7812,-39.75,0.1989,0.1193,0.9727,0.0635,0.1184,0.9909,0.2754,-0.5269,8.8236,0.2622,-0.4568,7.8908,63.079038651520364
8838203000,3.3605,3.4046,-31.0938,14.875,-38.4375,31.875,17.875,-40.1875,0.2018,0.1164,0.9725,0.077,0.1155,0.9903,0.2712,-0.5303,8.8165,0.2952,-0.4468,8.1417,63.06450882580471
8843203000,3.3844,3.2962,-31.2188,14.9688,-38.4375,31.7812,17.7812,-39.9062,0.2067,0.1087,0.9723,0.0626,0.1087,0.9921,0.281,-0.519,8.7972,0.2683,-0.4673,8.0755,63.07984363843969
8848203000,3.3752,3.3899,-31.2812,14.875,-38.1875,31.6562,17.8438,-40.0,0.2216,0.1193,0.9678,0.0847,0.1193,0.9892,0.2666,-0.5415,8.8924,0.2812,-0.4688,8.2344,63.0334454750016
8853211000,3.4101,3.3862,-30.9375,14.75,-38.3438,32.0,17.8438,-40.1875,0.1688,0.1435,0.9751,0.0198,0.1445,0.9893,0.2428,-0.5537,8.7689,0.2878,-0.4763,8.3919,63.04046108952567
8858204000,3.4138,3.7372,-31.25,14.375,-38.5,31.7188,17.375,-40.5312,0.1667,0.183,0.9689,0.0514,0.1811,0.9821,0.2048,-0.5928,8.7963,0.2368,-0.5122,8.2342,63.07293830859634
8863204000,3.2815,3.5277,-31.2188,14.5312,-38.75,31.75,17.5,-40.125,0.1459,0.1802,0.9728,0.0178,0.1773,0.984,0.2178,-0.5659,8.6327,0.2437,-0.5122,8.3093,63.053740348055484
8868204000,3.2888,3.6435,-31.0,14.5312,-38.3125,31.9531,17.375,-40.125,0.1553,0.184,0.9706,0.013,0.183,0.983,0.1896,-0.5713,8.3847,0.2322,-0.5435,8.5362,63.043359319598444
8873204000,3.3366,3.671,-31.25,14.3438,-38.625,31.7188,17.1875,-40.0625,0.1569,0.1955,0.9681,0.0225,0.1936,0.9808,0.1918,-0.5923,8.6476,0.2029,-0.5542,8.3365,63.04936803315319
8878204000,3.2852,3.4413,-31.3125,14.3125,-38.5625,31.6562,17.125,-40.1562,0.1538,0.2032,0.967,0.0368,0.2003,0.979,0.1896,-0.5962,8.668,0.2001,-0.5522,8.2836,63.05162341787878
8883204000,3.3844,3.4524,-31.3125,14.5,-38.625,31.6562,17.4375,-40.0312,0.1581,0.185,0.9699,0.0302,0.183,0.9826,0.2124,-0.5781,8.7125,0.2412,-0.5215,8.3871,63.05286261844104
8888204000,3.2595,3.5057,-31.125,14.2188,-38.4375,31.8125,17.0312,-39.8125,0.1516,0.2108,0.9657,0.0014,0.2108,0.9775,0.1753,-0.605,8.6119,0.1752,-0.5713,8.227,63.01530865599248
8893207000,3.344,3.5442,-31.5312,14.4375,-38.5312,31.4375,17.3438,-39.875,0.1768,0.1926,0.9652,0.0359,0.1907,0.981,0.212,-0.5884,8.8252,0.2205,-0.5127,8.0602,63.05005596999895
8898204000,3.3256,3.5847,-31.125,14.5312,-38.5625,31.8438,17.375,-40.3125,0.1468,0.183,0.9721,0.012,0.1802,0.9836,0.2087,-0.5742,8.6279,0.235,-0.5249,8.3573,63.05727136405444
8903204000,3.2521,3.4946,-31.2188,14.5312,-38.4375,31.7969,17.25,-40.0938,0.1525,0.183,0.9712,0.0216,0.1811,0.9832,0.2114,-0.5776,8.6962,0.2174,-0.5386,8.3189,63.09606683161796
8908329000,3.2888,3.6049,-31.2812,14.4375,-38.75,31.6875,17.375,-39.8125,0.1486,0.1869,0.9711,0.0158,0.184,0.9828,0.2078,-0.583,8.7172,0.2115,-0.5312,8.1719,63.04613384014915
8913329000,3.3458,3.5865,-31.5312,14.625,-38.75,31.4375,17.5312,-39.8125,0.1613,0.1734,0.9715,0.0284,0.1725,0.9846,0.2388,-0.5771,8.9907,0.2316,-0.5015,8.0556,63.04468323641574
8918329000,3.2833,3.4836,-31.2188,14.3438,-38.6875,31.7812,17.3125,-39.9375,0.1456,0.1917,0.9706,0.0225,0.1888,0.9818,0.1917,-0.5898,8.6184,0.2112,-0.5317,8.1734,63.08229291718874
8923329000,3.2595,3.5185,-31.4375,14.25,-38.5,31.5312,17.1875,-39.6875,0.167,0.2022,0.965,0.0263,0.2022,0.979,0.1724,-0.605,8.5799,0.1976,-0.5322,8.0304,63.04836431018651
8928340000,3.2356,3.4101,-31.2188,14.3438,-38.625,31.7812,17.1562,-39.9375,0.1474,0.1965,0.9694,0.0215,0.1945,0.9807,0.1921,-0.5967,8.7017,0.2094,-0.5498,8.3577,63.07640010344598
8933329000,3.3348,3.728,-31.375,14.25,-38.8438,31.625,17.1875,-39.8125,0.1435,0.2003,0.9692,0.0158,0.2003,0.9796,0.2025,-0.6035,8.8933,0.2056,-0.5508,8.3273,63.07588513798281
8938336000,3.2925,3.5553,-31.375,14.0,-38.5312,31.625,16.9062,-39.5938,0.155,0.2213,0.9628,0.0176,0.2203,0.9753,0.1553,-0.6343,8.728,0.1461,-0.6001,8.2371,63.075947216034734
8943329000,3.2686,3.491,-31.4375,14.5625,-38.5938,31.5,17.5,-39.75,0.1612,0.1763,0.971,0.0274,0.1754,0.9841,0.2272,-0.5688,8.7691,0.238,-0.5098,8.2201,63.016621703642606
8948329000,3.2558,3.4616,-31.5625,14.375,-38.6875,31.4219,17.25,-39.75,0.1683,0.1936,0.9665,0.0407,0.1907,0.9808,0.1997,-0.5977,8.7957,0.1925,-0.5342,7.9963,63.05893413791578
8953332000,3.3238,3.5755,-31.2812,14.3125,-38.7188,31.7031,17.1875,-39.9375,0.1491,0.2003,0.9683,0.0254,0.1993,0.9796,0.2025,-0.5933,8.7764,0.2039,-0.5645,8.4635,63.06165951812559
8958329000,3.3072,3.5406,-31.4375,14.125,-38.8125,31.5469,17.0,-39.7188,0.1478,0.2137,0.9657,0.0138,0.2118,0.9772,0.1829,-0.6157,8.8175,0.1709,-0.5757,8.2302,63.056495684822195
8963329000,3.3201,3.3991,-31.2188,14.4062,-38.875,31.7344,17.3125,-39.9375,0.1382,0.185,0.973,0.011,0.183,0.983,0.2087,-0.5869,8.7723,0.2159,-0.5405,8.3249,63.02920653300342
8968329000,3.3421,3.4652,-31.4375,14.5625,-38.8125,31.5312,17.5,-39.7812,0.1527,0.1763,0.9724,0.013,0.1744,0.9846,0.2253,-0.5737,8.8045,0.231,-0.5391,8.4731,63.04462281297272
8973331000,3.2962,3.5608,-31.25,14.5,-38.8125,31.7188,17.375,-40.0625,0.1373,0.184,0.9733,0.0206,0.1811,0.9832,0.2156,-0.5776,8.7417,0.228,-0.5381,8.4299,63.046791341352176
8978329000,3.2833,3.5093,-31.5312,14.3438,-38.7188,31.4219,17.0625,-39.5625,0.1624,0.1993,0.9664,0.0081,0.1993,0.9799,0.202,-0.6006,8.8545,0.1813,-0.5688,8.2661,63.01742583595429
8983336000,3.2778,3.5369,-31.375,14.3125,-38.875,31.5781,17.2188,-39.5938,0.1378,0.2003,0.97,0.0062,0.1974,0.9803,0.207,-0.6021,8.9261,0.2017,-0.5635,8.4284,63.02424971977056
8988330000,3.298,3.524,-31.4062,14.25,-38.8125,31.5469,17.1875,-39.6875,0.1454,0.2003,0.9689,0.0167,0.1984,0.98,0.1937,-0.6113,8.8862,0.1852,-0.5513,8.1095,63.02767115212175
8993330000,3.3421,3.4175,-31.25,14.125,-38.6875,31.7031,17.1562,-39.625,0.1413,0.2079,0.9679,0.0129,0.207,0.9783,0.1674,-0.6177,8.6702,0.1852,-0.5586,8.1925,63.03300626893818
8998330000,3.3182,3.5093,-31.3125,14.3438,-38.8125,31.6562,17.3125,-40.1875,0.1407,0.1965,0.9704,0.0235,0.1936,0.9808,0.1987,-0.5923,8.7238,0.2214,-0.5435,8.4183,63.05363577447378
9003330000,3.3348,3.818,-31.25,14.1875,-38.8125,31.7344,17.0312,-39.9062,0.1395,0.207,0.9683,0.0091,0.2051,0.9787,0.1914,-0.605,8.7883,0.1903,-0.5708,8.3872,63.05804827886762
9008330000,3.3697,3.5498,-31.2812,14.3438,-38.875,31.6562,17.3438,-40.0312,0.1427,0.1926,0.9708,0.0331,0.1907,0.9811,0.2018,-0.5923,8.7572,0.2115,-0.5312,8.1719,63.019466176729864
9013330000,3.3329,3.5314,-31.25,14.5,-38.8125,31.7344,17.3125,-39.9375,0.1402,0.183,0.9731,0.0072,0.1811,0.9834,0.2148,-0.5762,8.7171,0.236,-0.5625,8.7935,63.057199625498754
9018330000,3.3035,3.5277,-31.375,14.75,-38.5312,31.5938,17.5312,-40.125,0.1636,0.1609,0.9733,0.0265,0.16,0.9868,0.2332,-0.561,8.7461,0.2382,-0.5273,8.4197,63.0503373925945
9023330000,3.3293,3.5277,-31.1875,14.4062,-38.75,31.7969,17.3438,-40.0,0.1383,0.1802,0.9739,0.0159,0.1782,0.9839,0.2084,-0.5864,8.7628,0.2256,-0.5586,8.6353,63.06525697339225
9028330000,3.366,3.5718,-31.5,14.625,-38.8438,31.4688,17.5,-39.8438,0.1548,0.1705,0.9731,0.0293,0.1686,0.9852,0.2465,-0.5688,8.9809,0.2275,-0.5278,8.3087,63.0423302110574
9033334000,3.3862,3.7298,-31.2812,13.9062,-38.75,31.6875,16.8438,-39.5938,0.1408,0.2261,0.9639,-0.0043,0.2251,0.9743,0.15,-0.6406,8.7435,0.1506,-0.6104,8.4036,63.04283204211245
9038330000,3.3164,3.4469,-31.1875,14.25,-38.5938,31.7969,17.1875,-39.9062,0.1434,0.2012,0.969,0.0129,0.2003,0.9797,0.1835,-0.605,8.7015,0.2086,-0.5708,8.5878,63.0665199877875
9043455000,3.3605,3.4983,-31.125,14.4375,-38.7188,31.7969,17.5,-39.625,0.1356,0.1763,0.975,0.0082,0.1744,0.9846,0.1993,-0.585,8.6471,0.2181,-0.5293,8.2221,63.00290155461096
9048455000,3.3182,3.4781,-31.2812,14.3438,-38.75,31.6875,17.25,-39.8438,0.1446,0.1936,0.9704,0.0139,0.1926,0.9812,0.198,-0.5942,8.738,0.1967,-0.5518,8.2407,63.045218506798754
9053456000,3.366,3.6637,-31.375,14.6562,-39.0625,31.5938,17.75,-40.1875,0.132,0.1686,0.9768,0.0303,0.1657,0.9857,0.2332,-0.5601,8.735,0.2649,-0.4963,8.3641,63.05479360746493
9058455000,3.3734,3.6122,-31.4062,14.5,-38.9062,31.5781,17.4375,-40.125,0.1381,0.1878,0.9724,0.0446,0.183,0.9821,0.2076,-0.5796,8.677,0.2266,-0.5151,8.1547,63.064541750337014
9063463000,3.3587,3.6398,-31.2188,14.125,-39.0,31.7812,17.1562,-40.25,0.1234,0.207,0.9705,0.0358,0.2032,0.9785,0.175,-0.6064,8.626,0.2086,-0.5825,8.721,63.08526510556962
9068462000,3.3734,3.5204,-31.2188,14.125,-39.0,31.75,17.1562,-39.9375,0.1196,0.2079,0.9708,0.0091,0.2041,0.9789,0.1754,-0.605,8.6133,0.1884,-0.5615,8.2605,63.04868637116875
9073469000,3.3991,3.6655,-31.2188,14.25,-39.0,31.7344,17.1562,-40.1562,0.1273,0.2041,0.9706,0.0292,0.2003,0.9793,0.192,-0.5986,8.7226,0.2096,-0.5688,8.5763,63.03085107405738
9078456000,3.366,3.6526,-31.4062,14.1875,-38.875,31.5469,17.25,-39.9688,0.1423,0.2089,0.9675,0.0263,0.207,0.978,0.1743,-0.6035,8.5845,0.2036,-0.5542,8.3446,63.03703755967598
9083455000,3.3293,3.6655,-31.2812,14.0625,-38.7188,31.6875,17.0312,-39.9375,0.1364,0.2146,0.9671,0.0253,0.2108,0.9772,0.1549,-0.6143,8.4949,0.1704,-0.5938,8.4304,63.050421006286705
9088458000,3.3623,3.6269,-31.25,14.3125,-38.9375,31.7188,17.3125,-40.125,0.1284,0.1965,0.9721,0.0292,0.1917,0.981,0.1927,-0.5908,8.6416,0.2146,-0.542,8.3268,63.05140703973227
9093456000,3.3385,3.6269,-31.2812,14.5312,-38.8125,31.6875,17.5,-40.0,0.1392,0.183,0.9732,0.0264,0.1802,0.9833,0.2126,-0.5703,8.6264,0.2252,-0.5308,8.3163,63.04983036757514
9098456000,3.3035,3.4579,-31.4375,14.375,-38.8125,31.5469,17.3125,-40.1875,0.1483,0.1955,0.9694,0.035,0.1936,0.9805,0.1909,-0.5898,8.6104,0.2136,-0.5522,8.4322,63.067853733974495
9103456000,3.3973,3.6159,-31.375,14.5312,-38.6875,31.5938,17.4688,-40.0625,0.1506,0.183,0.9715,0.0322,0.1802,0.9831,0.2078,-0.5752,8.6283,0.2368,-0.5273,8.405,63.05227904049147
9108456000,3.2907,3.5957,-31.2812,14.4375,-38.6875,31.6875,17.375,-40.0625,0.1401,0.1869,0.9723,0.0283,0.183,0.9827,0.1918,-0.583,8.542,0.2216,-0.54,8.381,63.052174513968986
9113456000,3.3385,3.5755,-31.2188,14.2188,-38.7812,31.7344,17.2188,-39.8125,0.1311,0.2012,0.9707,0.0091,0.1974,0.9803,0.1749,-0.6016,8.5689,0.2025,-0.5635,8.4377,63.033078378974956
9118459000,3.4303,3.7408,-31.2812,14.3125,-38.8125,31.6562,17.25,-40.0,0.1405,0.2051,0.9686,0.0263,0.2012,0.9792,0.1809,-0.5913,8.5175,0.2108,-0.5566,8.4512,63.01710387870899
9123456000,3.3311,3.6085,-31.3125,14.0938,-38.8125,31.625,17.125,-40.0,0.142,0.2165,0.9659,0.0234,0.2127,0.9768,0.1649,-0.6113,8.5709,0.1938,-0.5737,8.4592,63.021641012750536
9128456000,3.3238,3.6122,-31.125,14.0938,-38.875,31.8438,17.0,-40.0,0.1213,0.2146,0.9691,0.0129,0.2108,0.9774,0.1628,-0.6069,8.498,0.162,-0.5913,8.3105,63.04586740524711
9133456000,3.3807,3.5608,-31.3125,14.0625,-38.875,31.6406,17.0625,-39.7812,0.1325,0.2194,0.9666,0.0195,0.2146,0.9765,0.1569,-0.6123,8.4939,0.1844,-0.5737,8.3563,63.03105582211042
9138456000,3.344,3.6085,-31.375,14.5312,-38.9375,31.6406,17.4375,-40.0625,0.1393,0.1792,0.9739,0.0264,0.1734,0.9845,0.2126,-0.5718,8.643,0.2188,-0.54,8.3502,63.092614845558586
9143456000,3.423,3.5608,-31.25,14.25,-39.0,31.7031,17.2188,-40.1875,0.1293,0.1984,0.9716,0.0158,0.1945,0.9808,0.181,-0.5977,8.5912,0.2114,-0.5762,8.6796,63.03425044608685
9148457000,3.4542,3.682,-31.125,14.1875,-38.8438,31.8438,17.2188,-40.125,0.1243,0.2079,0.9702,0.0167,0.2041,0.9788,0.1741,-0.6016,8.5596,0.1998,-0.5654,8.4305,63.0547383355922
9153456000,3.3642,3.66,-31.3125,14.25,-38.7812,31.6406,17.2188,-40.0,0.1397,0.1993,0.9699,0.0196,0.1974,0.9801,0.1807,-0.6045,8.6651,0.2043,-0.5757,8.5964,63.03484787393399
9158456000,3.3495,3.5902,-31.2188,14.5,-38.8125,31.75,17.5625,-40.1875,0.1316,0.184,0.9741,0.0235,0.1811,0.9832,0.203,-0.5693,8.5096,0.2419,-0.5229,8.4117,63.05822154715434
9163456000,3.3587,3.6104,-31.4375,14.3125,-39.0312,31.5469,17.3125,-40.0312,0.1379,0.1955,0.971,0.0436,0.1917,0.9805,0.1976,-0.5942,8.734,0.201,-0.5449,8.2114,63.06373477173708
9168456000,3.2741,3.5148,-31.25,14.4375,-38.8125,31.7188,17.3438,-40.125,0.1362,0.1878,0.9727,0.0187,0.1859,0.9824,0.1986,-0.5786,8.5669,0.201,-0.5366,8.1175,63.04949650377868
9173456000,3.3403,3.5387,-31.1875,14.25,-38.5938,31.7969,17.1562,-39.9375,0.1358,0.2041,0.9695,0.0129,0.2012,0.9795,0.17,-0.5942,8.432,0.1674,-0.6011,8.4805,63.065728977710236
9178581000,3.3256,3.6049,-31.375,14.2188,-38.9375,31.5938,17.125,-40.0938,0.1338,0.2079,0.9689,0.033,0.2041,0.9784,0.1846,-0.603,8.6912,0.184,-0.5815,8.4398,63.046433694301854
9183471000,3.4469,3.5718,-31.3125,14.5312,-39.0625,31.6562,17.5312,-40.0938,0.1097,0.183,0.977,0.0159,0.1773,0.984,0.2062,-0.564,8.4834,0.228,-0.5181,8.2038,63.04855874149702
9188581000,3.6159,3.8143,-31.375,14.5625,-39.25,31.6406,17.4375,-40.4375,0.0837,0.1945,0.9773,-0.0101,0.1907,0.9816,0.1813,-0.5615,8.1829,0.2155,-0.5444,8.3638,63.092326194316215
9193581000,3.5332,3.6931,-31.1875,14.0,-39.1875,31.8125,17.125,-40.0,0.0365,0.2356,0.9712,-0.0651,0.2289,0.9713,0.0807,-0.6138,7.6788,0.1385,-0.6016,8.1711,63.08269002864415
9198581000,3.5148,3.796,-31.1875,14.1875,-39.375,31.7812,17.1562,-39.9688,-0.0081,0.2299,0.9732,-0.1022,0.2194,0.9703,0.1159,-0.5742,7.6125,0.1527,-0.604,8.3538,63.04143841807546
9203581000,3.5332,3.5295,-31.5,14.3125,-39.625,31.4844,17.3125,-40.125,0.0024,0.2165,0.9763,-0.112,0.207,0.9719,0.1511,-0.5664,7.9085,0.1556,-0.5874,8.1966,63.05778812613078
9208582000,3.5314,3.8033,-31.1875,14.0,-39.5,31.7969,17.0625,-40.0625,-0.0412,0.2393,0.9701,-0.1322,0.2289,0.9644,0.1106,-0.5942,7.7823,0.1555,-0.6099,8.4514,63.06131901459087
9213582000,3.5057,3.6049,-31.2188,14.0938,-39.5625,31.75,17.1875,-39.8438,-0.0394,0.2327,0.9717,-0.1437,0.2222,0.9643,0.1205,-0.5903,7.8458,0.1573,-0.5864,8.2041,63.04537955171656
9218582000,3.456,3.6379,-31.2188,14.0312,-39.1875,31.75,17.0312,-39.9062,-0.0204,0.2431,0.9698,-0.1273,0.2337,0.9639,0.0947,-0.6025,7.7037,0.1306,-0.606,8.1346,63.044320149637585
9223597000,3.4285,3.6122,-31.125,14.0625,-39.0938,31.875,16.9062,-40.1875,-0.0175,0.246,0.9691,-0.1254,0.2346,0.964,0.1002,-0.605,7.7909,0.1282,-0.6338,8.4263,63.07363006344252
9228582000,3.4983,3.4597,-31.125,14.0,-39.375,31.8438,17.0312,-39.9062,-0.0394,0.2384,0.9704,-0.1454,0.228,0.9628,0.1079,-0.6128,7.9647,0.1312,-0.6035,8.1134,63.04395387600622
9233582000,3.4689,3.5516,-31.2812,14.125,-39.2188,31.7031,17.2188,-39.8125,-0.01,0.2289,0.9734,-0.1335,0.2184,0.9667,0.1151,-0.6001,7.8984,0.144,-0.583,8.0198,63.06303294815434
9238582000,3.4652,3.6324,-31.5938,14.2188,-39.5312,31.3906,17.3438,-40.125,-0.0119,0.2184,0.9758,-0.0968,0.2079,0.9733,0.1456,-0.5972,8.1984,0.1852,-0.563,8.2423,63.06467209777595
9243582000,3.4707,3.5938,-31.2188,14.0938,-39.1875,31.7812,16.9062,-39.75,-0.0185,0.2403,0.9705,-0.1397,0.2299,0.9631,0.1137,-0.6099,7.9945,0.1177,-0.6226,8.183,63.065251922195635
9248588000,3.4726,3.7739,-31.375,14.0938,-39.1875,31.625,17.125,-40.4375,-0.01,0.2346,0.972,-0.1021,0.2251,0.969,0.1132,-0.6089,7.9781,0.1732,-0.585,8.3611,63.08526510556962
9253582000,3.3991,3.5938,-31.4375,14.2188,-39.0625,31.5469,17.1875,-40.0,0.0043,0.228,0.9737,-0.1051,0.2175,0.9704,0.1299,-0.5918,7.9651,0.1711,-0.5864,8.355,63.06129343186675
9258584000,3.5075,3.5847,-31.25,14.0625,-39.0312,31.7344,16.9375,-40.125,-0.0156,0.2431,0.9699,-0.1189,0.2327,0.9653,0.1147,-0.6094,7.9996,0.1451,-0.6177,8.4272,63.059469287332256
9263582000,3.4836,3.5883,-31.2812,14.3438,-39.25,31.6875,17.4375,-40.0625,-0.0186,0.2146,0.9765,-0.1207,0.2022,0.9719,0.1489,-0.584,8.0843,0.2064,-0.5586,8.4252,63.04988751480846
9268582000,3.524,3.6857,-31.25,14.0312,-39.1875,31.7188,17.125,-39.9062,-0.0175,0.2431,0.9698,-0.1255,0.2327,0.9644,0.1107,-0.6138,8.0065,0.1606,-0.5962,8.3514,63.04885329306156
9273582000,3.502,3.6012,-31.2812,13.9375,-39.1875,31.6875,17.0,-39.9375,-0.0223,0.2431,0.9697,-0.1218,0.2318,0.9651,0.0956,-0.6343,8.076,0.144,-0.6079,8.3036,63.04758985036621
9278586000,3.4891,3.6232,-31.4062,14.125,-39.4375,31.5781,17.25,-39.9375,-0.0233,0.2222,0.9747,-0.1252,0.2118,0.9693,0.1431,-0.605,8.2595,0.1757,-0.5752,8.2767,63.06375878022178
9283582000,3.5001,3.5865,-31.3125,14.25,-39.3438,31.6406,17.1875,-39.8125,-0.0224,0.2241,0.9743,-0.1251,0.2127,0.9691,0.1431,-0.5947,8.1425,0.1521,-0.5776,8.0468,63.023340006302426
9288582000,3.4487,3.6141,-31.4375,14.125,-39.25,31.5469,17.125,-40.25,-0.0157,0.2318,0.9726,-0.1098,0.2213,0.969,0.1392,-0.6079,8.2503,0.1647,-0.583,8.2453,63.06373477173708
9293586000,3.4138,3.5828,-31.5,14.0938,-39.1875,31.4844,17.125,-39.75,-0.0071,0.2337,0.9723,-0.1087,0.2241,0.9685,0.1271,-0.624,8.3024,0.1438,-0.5806,7.9893,63.05980671592643
9298582000,3.4763,3.5167,-31.2812,14.25,-39.2812,31.6562,17.3125,-39.375,-0.0234,0.2165,0.976,-0.1508,0.207,0.9666,0.1458,-0.585,8.0607,0.1539,-0.5664,7.9392,63.01193556343115
9303583000,3.5277,3.6747,-31.0625,14.0938,-39.0312,31.8906,17.1562,-39.75,-0.0366,0.2299,0.9725,-0.1467,0.2184,0.9648,0.1219,-0.603,8.0058,0.1595,-0.5898,8.2671,63.031640997280086
9308583000,3.5332,3.5626,-31.5938,14.0625,-39.4375,31.375,17.0312,-39.5938,-0.0119,0.2356,0.9718,-0.1153,0.2251,0.9675,0.1372,-0.6235,8.4075,0.1309,-0.5972,8.037,63.038935451195556
9313708000,3.5167,3.5736,-31.2812,13.8125,-39.0312,31.6875,16.9062,-39.5,-0.0231,0.2564,0.9663,-0.1391,0.246,0.9592,0.0897,-0.647,8.1571,0.1302,-0.6167,8.2533,63.046395081876014
9318708000,3.5442,3.728,-31.4375,13.875,-39.0312,31.5,17.0312,-39.7812,-0.0099,0.2507,0.968,-0.1196,0.2393,0.9635,0.0972,-0.6519,8.2958,0.1567,-0.6055,8.4145,63.02105207539779
9323708000,3.5369,3.6159,-31.4062,13.7812,-39.0625,31.5625,16.75,-39.6562,-0.0155,0.263,0.9647,-0.122,0.2526,0.9598,0.0879,-0.6606,8.295,0.1081,-0.6338,8.207,63.04144218543862
9328708000,3.4781,3.5314,-31.3125,13.9375,-39.0,31.6562,16.875,-39.625,-0.0128,0.2498,0.9682,-0.13,0.2393,0.9622,0.1033,-0.6274,8.0816,0.1212,-0.6265,8.2664,63.04027848082526
9333708000,3.5332,3.6453,-31.5,14.0312,-39.0625,31.4844,17.1875,-39.8438,-0.0081,0.2412,0.9704,-0.1095,0.2308,0.9668,0.1236,-0.6382,8.4267,0.1659,-0.584,8.2698,63.0682749307447
9338708000,3.4634,3.5167,-31.375,14.1875,-39.0312,31.625,17.1562,-39.625,-0.0128,0.2337,0.9722,-0.1296,0.2232,0.9661,0.1357,-0.603,8.1572,0.1532,-0.5874,8.1699,63.07270232144806
9343708000,3.5589,3.6637,-31.125,14.0,-39.0312,31.8594,16.9375,-39.9375,-0.0307,0.2498,0.9678,-0.1347,0.2384,0.9618,0.1136,-0.6309,8.2334,0.1396,-0.625,8.451,63.05937622035283
9348708000,3.5645,3.6931,-31.4375,14.125,-39.0625,31.5469,17.125,-39.6875,-0.0052,0.2393,0.9709,-0.12,0.2289,0.966,0.1412,-0.6143,8.3454,0.1447,-0.585,8.0487,63.05890316489813
9353708000,3.5571,3.7151,-31.375,14.3438,-39.0625,31.625,17.3125,-39.9375,-0.0129,0.2241,0.9745,-0.1147,0.2146,0.9699,0.1602,-0.5977,8.3628,0.1952,-0.5659,8.3852,63.075976446583844
9358708000,3.5093,3.6508,-31.4062,14.0938,-39.1875,31.5469,17.2188,-39.625,-0.0185,0.2327,0.9724,-0.1296,0.2213,0.9666,0.1388,-0.6206,8.3913,0.1628,-0.5874,8.2753,63.03213331991866
9363708000,3.5332,3.6545,-31.4375,13.9062,-39.25,31.5312,17.0312,-39.5938,-0.0223,0.245,0.9693,-0.1245,0.2337,0.9643,0.1098,-0.6528,8.4443,0.1339,-0.6035,8.1427,63.04713318724333
9368708000,3.4873,3.6967,-31.4062,14.0,-39.125,31.5781,17.0312,-39.8125,-0.0156,0.2488,0.9684,-0.115,0.2375,0.9646,0.1214,-0.6343,8.3579,0.1428,-0.6128,8.346,63.06094572855691
9373708000,3.5479,3.6379,-31.4062,14.0,-39.1562,31.5469,17.1562,-39.5625,-0.0223,0.245,0.9693,-0.132,0.2346,0.9631,0.1218,-0.644,8.4746,0.1486,-0.5869,8.1136,63.03347902297635
9378712000,3.5479,3.6931,-31.3125,14.0,-39.0,31.625,17.1562,-39.625,-0.0175,0.2384,0.971,-0.1229,0.2261,0.9663,0.1055,-0.6436,8.291,0.1544,-0.6011,8.339,63.01968842901399
9383714000,3.5424,3.7316,-31.4062,13.9062,-39.1875,31.5938,16.9062,-40.1562,-0.0203,0.2498,0.9681,-0.1122,0.2375,0.9649,0.1062,-0.6494,8.3657,0.1392,-0.6094,8.267,63.07882671459576
9388708000,3.5608,3.6269,-31.25,13.9375,-39.0312,31.7188,17.0312,-39.6875,-0.026,0.2526,0.9672,-0.1299,0.2422,0.9615,0.1066,-0.6494,8.3703,0.1418,-0.604,8.235,63.04816795768137
9393710000,3.5461,3.6049,-31.2812,14.1875,-39.125,31.6562,17.25,-39.9375,-0.0281,0.227,0.9735,-0.1279,0.2156,0.9681,0.1425,-0.6138,8.3532,0.1735,-0.5752,8.2527,63.01710387870899
9398708000,3.5608,3.581,-31.3125,14.2188,-39.1562,31.6406,17.25,-39.625,-0.0233,0.2232,0.9745,-0.1403,0.2118,0.9672,0.157,-0.6104,8.473,0.1678,-0.5684,8.1136,63.027777578540714
9403708000,3.5314,3.6986,-31.3125,13.875,-39.0,31.6562,16.9062,-39.9375,-0.0231,0.2564,0.9663,-0.1148,0.2441,0.9629,0.1043,-0.6548,8.4068,0.1423,-0.6196,8.4189,63.048586497874794
9408708000,3.6288,3.5645,-31.3125,13.875,-39.0,31.6406,16.9375,-39.5,-0.0222,0.2517,0.9676,-0.1355,0.2422,0.9607,0.1013,-0.6543,8.3678,0.1379,-0.6221,8.3988,63.02953042709425
9413708000,3.5038,3.6306,-31.4375,13.875,-38.875,31.5,16.8438,-39.25,0.0042,0.2564,0.9666,-0.1316,0.246,0.9603,0.0997,-0.6519,8.3224,0.1107,-0.6284,8.1741,63.008597069685656
9418708000,3.4946,3.5681,-31.4062,14.125,-39.0625,31.5781,17.0312,-39.875,-0.01,0.2356,0.9718,-0.12,0.2261,0.9667,0.1357,-0.624,8.3971,0.1537,-0.6113,8.4481,63.05654764717142
9423709000,3.5534,3.7482,-31.4062,14.0312,-38.9375,31.5781,17.0625,-39.7188,-0.0014,0.2441,0.9698,-0.1217,0.2337,0.9647,0.1112,-0.6367,8.2746,0.163,-0.6069,8.4993,63.06204290910658
9428709000,3.5589,3.5938,-31.2812,13.8125,-39.0,31.7031,16.9062,-39.7812,-0.0203,0.2564,0.9664,-0.1317,0.245,0.9605,0.1,-0.6626,8.4494,0.1287,-0.625,8.3309,63.06507194652203
9433711000,3.5645,3.728,-31.5625,13.9062,-39.25,31.3906,17.0625,-39.75,-0.0185,0.2469,0.9689,-0.1046,0.2365,0.966,0.1093,-0.6582,8.5007,0.1456,-0.5986,8.2151,63.03415763933076
9438709000,3.5038,3.5038,-31.2812,14.2188,-39.125,31.6875,17.25,-39.6875,-0.0233,0.2213,0.9749,-0.1384,0.2127,0.9673,0.1357,-0.6016,8.1405,0.1675,-0.5913,8.3706,63.044125494608934
9443709000,3.5185,3.5902,-31.4062,14.0625,-39.0625,31.5625,17.0,-39.5,-0.01,0.2384,0.9711,-0.1322,0.228,0.9647,0.1219,-0.6318,8.3352,0.1262,-0.6167,8.2093,63.038698370048856
9448844000,3.5534,3.7078,-31.5,13.75,-39.0312,31.5,16.7188,-39.9375,-0.0042,0.2658,0.964,-0.0872,0.2545,0.9631,0.0823,-0.6787,8.4426,0.1109,-0.6494,8.417,63.07642311616917
9453834000,3.5314,3.9246,-31.4375,14.2188,-39.0625,31.5469,17.0625,-39.75,0.0194,0.2365,0.9714,-0.0755,0.227,0.971,0.1493,-0.6035,8.3108,0.149,-0.5845,8.0912,63.052311054393556
9458834000,3.5718,3.7629,-31.2188,14.1875,-38.6875,31.7969,16.875,-40.25,0.0584,0.2299,0.9715,-0.0566,0.2213,0.9736,0.1137,-0.5903,7.7718,0.1265,-0.5972,7.989,63.092333202933624
9463834000,3.5608,3.5167,-31.375,14.4062,-39.375,31.6406,17.3125,-40.25,0.0723,0.1907,0.979,-0.0178,0.183,0.9829,0.1342,-0.5713,7.7785,0.1675,-0.5044,7.3864,63.08865229223081
9468837000,3.423,3.5755,-31.0625,14.9375,-39.0312,31.9531,17.75,-40.625,0.0998,0.1484,0.9839,-0.0053,0.1416,0.9899,0.1903,-0.5234,7.8509,0.1982,-0.4507,7.1204,63.09846430817473
9473834000,3.6049,3.6526,-30.9688,14.6562,-39.1875,32.0,17.6875,-40.5625,0.119,0.1455,0.9822,-0.0015,0.1426,0.9898,0.1812,-0.5498,8.0488,0.2216,-0.4685,7.5756,63.05671398138346
9478834000,3.5865,3.7923,-31.0625,14.6562,-38.6875,31.9375,17.4375,-40.75,0.1637,0.1542,0.9744,0.0371,0.1522,0.9876,0.175,-0.5435,7.9101,0.1934,-0.4844,7.4445,63.09508329450085
9483834000,3.4689,3.592,-31.375,14.875,-38.4688,31.5938,17.8125,-40.875,0.2205,0.1242,0.9674,0.0721,0.1242,0.9896,0.2164,-0.5107,7.994,0.222,-0.4343,7.1985,63.083186968716156
9488834000,3.4965,3.6214,-31.4062,14.6875,-38.6875,31.5781,17.6562,-40.4688,0.2117,0.1339,0.9681,0.0633,0.1348,0.9888,0.223,-0.5249,8.226,0.1942,-0.4529,7.1008,63.07938059199694
9493834000,3.4891,3.7335,-31.4375,14.8125,-38.7812,31.5469,17.5625,-40.5,0.2177,0.1252,0.968,0.0818,0.1242,0.9889,0.234,-0.5171,8.2585,0.2032,-0.4695,7.3858,63.06783187013805
9498834000,3.5332,3.5608,-31.5312,14.5625,-38.9375,31.4375,17.625,-40.625,0.2058,0.1416,0.9683,0.0787,0.1406,0.9869,0.2242,-0.54,8.4105,0.2177,-0.4751,7.6067,63.06570971764292
9503838000,3.5204,3.6361,-31.5,14.75,-38.6875,31.4844,17.6875,-40.625,0.2177,0.1252,0.968,0.0692,0.1252,0.9897,0.2396,-0.541,8.5903,0.2299,-0.4675,7.6557,63.08262404069761
9508834000,3.4652,3.6141,-31.3125,14.8438,-38.5938,31.6406,17.7812,-40.6875,0.2035,0.1232,0.9713,0.0692,0.1232,0.99,0.2408,-0.5288,8.4658,0.2396,-0.4541,7.6125,63.056361281475795
9513834000,3.592,3.5755,-31.3125,14.8438,-38.625,31.6562,17.6562,-40.8438,0.2063,0.1261,0.9703,0.074,0.1252,0.9894,0.2325,-0.5239,8.3195,0.2428,-0.4688,7.8115,63.07051487731807
9518835000,3.4744,3.4064,-31.4375,14.8125,-38.6875,31.5469,17.5625,-40.5625,0.2064,0.1232,0.9707,0.0712,0.1222,0.9899,0.2408,-0.5371,8.5596,0.2308,-0.4863,7.8774,63.07228209253253
9523835000,3.5975,3.524,-31.3125,14.9688,-38.6875,31.6562,17.6875,-40.4375,0.196,0.1184,0.9734,0.0528,0.1174,0.9917,0.2472,-0.5054,8.2712,0.2238,-0.4631,7.5395,63.05165350234679
9528842000,3.5589,3.3954,-31.4062,14.9688,-38.5,31.5625,17.6875,-40.5625,0.2133,0.1106,0.9707,0.0713,0.1096,0.9914,0.2529,-0.5156,8.4498,0.231,-0.4607,7.5912,63.0611006534932
9533834000,3.5975,3.649,-31.2812,14.8125,-38.6875,31.7031,17.4688,-40.625,0.1987,0.1252,0.972,0.0596,0.1242,0.9905,0.2352,-0.5342,8.4648,0.2238,-0.4839,7.7723,63.070055354581704
9538842000,3.6122,3.4395,-31.5,14.7188,-38.6875,31.4844,17.6875,-40.4375,0.2112,0.1203,0.97,0.0838,0.1193,0.9893,0.2375,-0.5503,8.6726,0.2374,-0.4648,7.7087,63.07860432072035
9543835000,3.6214,3.5957,-31.3125,14.6875,-38.625,31.6406,17.6562,-40.4375,0.2051,0.1339,0.9695,0.0585,0.1329,0.9894,0.233,-0.5566,8.6949,0.2278,-0.4712,7.674,63.049116849881415
9548835000,3.6618,3.5828,-31.4375,14.6562,-38.75,31.5312,17.4688,-40.125,0.1976,0.13,0.9716,0.0556,0.129,0.9901,0.2347,-0.5493,8.6307,0.2087,-0.4905,7.6817,63.046479072585804
9553835000,3.649,3.8217,-31.4062,14.9375,-38.4375,31.5469,17.8125,-40.4375,0.2066,0.1125,0.9719,0.0693,0.1116,0.9913,0.2505,-0.5298,8.5827,0.2406,-0.4463,7.5358,63.05044349257188
9558835000,3.6232,3.5259,-31.25,14.8438,-38.625,31.7031,17.75,-40.2812,0.1885,0.1135,0.9755,0.0441,0.1116,0.9928,0.2465,-0.5342,8.5881,0.2491,-0.4717,7.914,63.04190508296843
9563835000,3.682,3.592,-31.2188,14.8438,-38.4375,31.7812,17.6562,-40.2812,0.197,0.1193,0.9731,0.0557,0.1193,0.9913,0.2288,-0.5322,8.3717,0.2343,-0.4692,7.7231,63.089688725258426
9568835000,3.7059,3.5681,-31.3125,14.875,-38.375,31.6562,17.8438,-40.3125,0.2086,0.1096,0.9718,0.0587,0.1096,0.9922,0.2366,-0.5327,8.463,0.2458,-0.4656,7.8094,63.068414118162195
9573835000,3.7996,3.6673,-31.3125,14.75,-38.5625,31.6406,17.6562,-40.2812,0.2028,0.1135,0.9726,0.0616,0.1135,0.9916,0.2352,-0.5513,8.6582,0.2416,-0.4719,7.8336,63.04357800553519
9578844000,3.7923,3.7739,-31.4062,14.75,-38.5625,31.5469,17.75,-40.4375,0.2075,0.1164,0.9713,0.0712,0.1174,0.9905,0.2374,-0.5503,8.6712,0.2426,-0.4612,7.724,63.05242600098747
9583960000,3.8437,3.7225,-31.1875,14.8125,-38.4375,31.8125,17.7812,-40.375,0.1914,0.1135,0.9749,0.0558,0.1135,0.992,0.2318,-0.541,8.5046,0.2627,-0.4585,7.9153,63.099659951064716
9588960000,3.761,3.7372,-31.3125,14.9688,-38.4375,31.6406,17.875,-40.25,0.2019,0.1096,0.9732,0.0567,0.1096,0.9924,0.2438,-0.5308,8.52,0.2632,-0.4592,7.9288,63.04620491591861
9593960000,3.6967,3.6159,-31.2188,14.8438,-38.2812,31.7344,17.8438,-40.3125,0.2065,0.1164,0.9715,0.0519,0.1164,0.9918,0.2314,-0.5449,8.5448,0.2563,-0.458,7.84,63.05736729304515
9598969000,3.7629,3.807,-31.25,14.75,-38.125,31.7031,17.75,-40.4375,0.2149,0.1232,0.9688,0.0673,0.1242,0.99,0.2164,-0.5498,8.4353,0.2491,-0.4668,7.8593,63.066952168786464
9603960000,3.7482,3.5608,-31.2812,14.6562,-38.5,31.6562,17.5625,-40.3125,0.1987,0.1271,0.9718,0.0605,0.1261,0.9902,0.2284,-0.561,8.6938,0.2396,-0.4856,7.9656,63.030532717882046
9608960000,3.6802,3.4781,-31.2812,14.875,-38.1875,31.6875,17.875,-40.375,0.2084,0.1164,0.9711,0.0664,0.1164,0.991,0.2371,-0.5439,8.5953,0.2671,-0.4556,7.9308,63.07806541056883
9613960000,3.807,3.6637,-31.1875,15.0625,-38.5,31.7969,17.8125,-40.375,0.1927,0.098,0.9764,0.0588,0.098,0.9935,0.2695,-0.5244,8.7315,0.261,-0.4688,8.0114,63.07228209253253
9618960000,3.7482,3.7408,-31.2812,14.9375,-38.625,31.6562,17.9375,-40.1875,0.1878,0.1048,0.9766,0.0451,0.1038,0.9936,0.2603,-0.5405,8.8115,0.2734,-0.4563,8.0089,63.02822958809806
9623973000,3.6967,3.6582,-31.0,14.75,-38.375,31.9375,17.6875,-40.1875,0.1826,0.1213,0.9757,0.0373,0.1213,0.9919,0.225,-0.5479,8.5069,0.2678,-0.4888,8.3113,63.0320788864686
9628960000,3.7372,3.6361,-31.2812,14.8125,-38.25,31.6875,17.5625,-40.1875,0.2046,0.1184,0.9717,0.0615,0.1174,0.9912,0.2434,-0.5518,8.7535,0.236,-0.4873,7.9446,63.05849336877626
9633961000,3.7169,3.7169,-31.375,14.8438,-38.5,31.625,17.5625,-40.7188,0.2017,0.1184,0.9723,0.0741,0.1164,0.9904,0.2517,-0.5518,8.8447,0.2465,-0.4792,7.9695,63.09765766753945
9638963000,3.7813,3.7849,-31.125,14.7188,-38.4688,31.8125,17.6562,-40.375,0.1836,0.1222,0.9754,0.0538,0.1203,0.9913,0.2268,-0.5596,8.6598,0.269,-0.4795,8.2205,63.03483817263276
9643961000,3.7776,3.818,-31.4062,14.9375,-38.3125,31.5625,17.8438,-40.3125,0.2132,0.1155,0.9702,0.0625,0.1164,0.9912,0.2507,-0.5474,8.7842,0.2639,-0.4531,7.8686,63.06745404231884
9648960000,3.7482,3.6435,-31.25,14.9688,-38.625,31.7344,17.875,-40.5625,0.1859,0.1028,0.9772,0.0626,0.1019,0.9928,0.2727,-0.5356,8.8933,0.2891,-0.4661,8.2903,63.08117427608652
9653961000,3.682,3.5828,-31.125,15.1562,-38.4375,31.8125,18.0938,-40.25,0.1833,0.0873,0.9792,0.0326,0.0873,0.9957,0.2744,-0.5107,8.631,0.3037,-0.4424,8.1868,63.032083546873174
9658961000,3.7261,3.5975,-31.125,15.0312,-38.3438,31.8594,17.8125,-40.125,0.1888,0.1019,0.9767,0.0393,0.099,0.9943,0.2627,-0.5278,8.6949,0.2568,-0.4512,7.7689,63.07093583014287
9663977000,3.807,3.7298,-31.2188,15.0,-38.625,31.7812,17.875,-40.3125,0.1878,0.1009,0.977,0.0432,0.1009,0.994,0.2727,-0.5337,8.8712,0.2778,-0.4624,8.1256,63.08813899022541
9668961000,3.7408,3.6159,-31.125,14.9375,-38.4062,31.8438,17.6562,-40.3125,0.1866,0.1155,0.9756,0.0558,0.1135,0.992,0.2524,-0.5371,8.687,0.2649,-0.4895,8.2873,63.05628503821011
9673961000,3.7923,3.7923,-31.3125,14.9375,-38.5625,31.6562,17.8438,-40.375,0.1896,0.1087,0.9758,0.0655,0.1087,0.9919,0.2678,-0.5435,8.9279,0.2646,-0.4607,7.9614,63.061786492534445
9678961000,3.728,3.6655,-31.2188,14.9375,-38.3125,31.75,17.7812,-40.125,0.1943,0.1087,0.9749,0.0568,0.1087,0.9925,0.2527,-0.5449,8.778,0.2556,-0.4644,7.9031,63.05903233780233
9683969000,3.7923,3.5847,-31.1875,15.0,-38.3125,31.7969,17.8438,-40.125,0.1925,0.1077,0.9754,0.0364,0.1077,0.9935,0.2605,-0.5337,8.7369,0.2693,-0.47,8.1164,63.07461452953954
9688961000,3.7739,3.6269,-31.2812,15.125,-38.4688,31.6562,18.0938,-40.375,0.1956,0.0951,0.9761,0.0559,0.0941,0.994,0.2859,-0.521,8.873,0.2917,-0.4343,7.9649,63.03620936128694
9693961000,3.818,3.728,-31.125,14.8438,-38.4062,31.8125,17.625,-40.0625,0.1922,0.1184,0.9742,0.0296,0.1193,0.9924,0.2476,-0.5522,8.8046,0.2472,-0.4905,8.1036,63.020689534310876
9698961000,3.7702,3.818,-31.375,14.625,-38.3125,31.625,17.625,-40.2812,0.2041,0.1348,0.9696,0.0682,0.1348,0.9885,0.235,-0.5684,8.8493,0.2478,-0.4832,8.0281,63.1021059845866
9703967000,3.7519,3.7151,-31.2812,14.9375,-38.3125,31.7031,17.75,-39.8438,0.198,0.1135,0.9736,0.0441,0.1135,0.9926,0.2583,-0.5454,8.8453,0.2544,-0.4719,7.9745,63.06565691745389
9708961000,3.7041,3.7298,-31.2812,14.8438,-38.375,31.6875,17.7812,-40.125,0.1942,0.1145,0.9743,0.0596,0.1145,0.9916,0.2583,-0.5474,8.8674,0.27,-0.4651,8.0697,63.06146207034848
9713961000,3.7041,3.6729,-31.375,14.875,-38.4375,31.5938,17.75,-40.25,0.2028,0.1135,0.9726,0.0596,0.1145,0.9916,0.2625,-0.5449,8.8854,0.2651,-0.4731,8.1063,63.06045158964531
9718968000,3.7813,3.6049,-31.375,14.75,-38.3438,31.5781,17.6562,-39.7188,0.2064,0.1203,0.971,0.0412,0.1203,0.9919,0.2465,-0.5576,8.8534,0.241,-0.4956,8.0929,63.035144348609215
9724086000,3.7739,3.7739,-31.2188,15.0,-38.3125,31.7812,17.875,-40.1875,0.1963,0.1048,0.9749,0.0558,0.1058,0.9928,0.2766,-0.5386,8.9694,0.2776,-0.4531,8.019,63.09343270103474
9729086000,3.7996,3.7519,-31.2188,14.9688,-38.3125,31.75,17.875,-40.25,0.1964,0.1038,0.975,0.0626,0.1038,0.9926,0.2644,-0.5352,8.7964,0.2842,-0.4617,8.1873,63.06559821431967
9734086000,3.6526,3.6343,-31.3125,14.7188,-38.25,31.625,17.4375,-39.9375,0.2042,0.1339,0.9697,0.0604,0.1339,0.9892,0.2372,-0.5688,8.879,0.2292,-0.4944,7.9505,63.018789993064765
9739086000,3.7023,3.8143,-31.25,14.75,-38.4375,31.7188,17.6562,-40.5,0.1892,0.1261,0.9738,0.0702,0.1252,0.9897,0.2551,-0.5586,8.9598,0.2725,-0.4773,8.2334,63.06956221609597
9744086000,3.7372,3.7923,-31.2188,14.7188,-38.375,31.7812,17.5625,-40.0938,0.194,0.1222,0.9733,0.0412,0.1232,0.9915,0.2397,-0.563,8.8406,0.2446,-0.488,8.048,63.08756536061603
9749089000,3.7923,3.7408,-31.2812,15.0,-38.25,31.7031,17.75,-40.125,0.2068,0.1038,0.9729,0.0645,0.1038,0.9925,0.2786,-0.5381,8.9854,0.2607,-0.4749,8.0771,63.072182231868275
9754086000,3.7059,3.7519,-31.2812,14.8438,-38.25,31.6562,17.7812,-40.0,0.2027,0.1193,0.972,0.0373,0.1193,0.9922,0.2539,-0.5586,8.9463,0.2505,-0.4587,7.7838,63.030208134830076
9759089000,3.7041,3.8401,-31.25,14.875,-38.3125,31.7344,17.8125,-40.3125,0.1933,0.1145,0.9744,0.0587,0.1145,0.9917,0.262,-0.5479,8.9132,0.2661,-0.4597,7.9665,63.08457457738778
9764087000,3.7923,3.6526,-31.125,14.75,-38.5,31.8125,17.5625,-40.375,0.1788,0.1222,0.9763,0.0421,0.1213,0.9917,0.2466,-0.5566,8.8437,0.235,-0.4751,7.7969,63.02820549166857
9769087000,3.7078,3.7261,-31.2188,14.9688,-38.375,31.7344,17.875,-39.75,0.1916,0.1058,0.9758,0.0296,0.1067,0.9938,0.2776,-0.5391,8.9857,0.2627,-0.4561,7.8879,63.0352442184529
9774092000,3.6931,3.6361,-31.125,14.9375,-38.3125,31.8594,17.8125,-40.1875,0.182,0.1087,0.9773,0.0374,0.1087,0.9934,0.2607,-0.5415,8.8279,0.2737,-0.4673,8.1346,63.077855808199445
9779087000,3.7849,3.739,-31.2812,14.9375,-38.3125,31.6875,17.7812,-39.9375,0.1991,0.1106,0.9737,0.0538,0.1116,0.9923,0.2661,-0.5454,8.9312,0.2529,-0.4641,7.8708,63.05382172699764
9784087000,3.7702,3.7702,-31.3125,14.8125,-38.4375,31.6406,17.75,-40.0,0.195,0.1232,0.973,0.0528,0.1232,0.991,0.2646,-0.5518,8.987,0.2556,-0.468,7.9441,63.04096376254094
9789087000,3.7151,3.5406,-31.2188,14.8125,-38.125,31.7344,17.75,-40.0625,0.2027,0.1193,0.972,0.0509,0.1213,0.9913,0.2551,-0.5537,8.9044,0.2593,-0.4731,8.0418,63.05147264529196
9794087000,3.7519,3.7261,-31.2812,14.6562,-38.375,31.6875,17.625,-39.8125,0.192,0.1271,0.9731,0.0373,0.1281,0.9911,0.25,-0.5703,9.0364,0.2336,-0.47,7.7246,63.055034369826494
9799087000,3.7629,3.8401,-31.1875,15.0312,-38.4062,31.7969,17.875,-39.75,0.1802,0.098,0.9787,0.0151,0.099,0.995,0.2837,-0.5288,8.937,0.2673,-0.4585,7.9663,63.06288639318692
9804095000,3.6894,3.57,-31.4062,15.1875,-38.4688,31.5781,17.9375,-39.625,0.1976,0.0902,0.9761,0.0345,0.0902,0.9953,0.3069,-0.5244,9.1431,0.2712,-0.4517,7.9328,63.054907381820804
9809087000,3.7574,3.7702,-31.375,14.9375,-38.25,31.625,17.75,-40.1562,0.2047,0.1135,0.9722,0.0625,0.1135,0.9916,0.2734,-0.5415,8.9676,0.2661,-0.4741,8.128,63.09155058080281
9814087000,3.7923,3.6453,-31.2812,14.9375,-38.625,31.6875,17.8125,-39.9062,0.1859,0.1038,0.9771,0.0393,0.1048,0.9937,0.2844,-0.543,9.1052,0.2432,-0.4619,7.7389,63.04731777109951
9819087000,3.7739,3.7849,-31.0938,14.75,-38.1562,31.8906,17.5,-40.3125,0.1853,0.131,0.9739,0.045,0.13,0.9905,0.2382,-0.5625,8.8177,0.2524,-0.5098,8.3784,63.0812711749692
9824087000,3.7169,3.5865,-31.4062,14.9688,-38.5,31.5625,17.8438,-40.0,0.2031,0.1009,0.974,0.0481,0.1019,0.9936,0.2849,-0.541,9.0884,0.2607,-0.4592,7.902,63.05214353763082
9829087000,3.807,3.6214,-31.375,14.7188,-38.6562,31.5938,17.7812,-40.4688,0.182,0.1067,0.9775,0.0703,0.1058,0.9919,0.2556,-0.5449,8.8103,0.2642,-0.4651,8.0052,63.06927608558703
9834095000,3.8437,3.6931,-31.2188,14.9688,-38.6875,31.75,18.0625,-40.5,0.1632,0.0824,0.9831,0.0452,0.0805,0.9957,0.2664,-0.4761,8.1526,0.2983,-0.4319,8.0103,63.07080076691591
9839092000,3.6747,3.7004,-31.375,14.7188,-39.0,31.5938,17.7812,-40.25,0.1556,0.0805,0.9845,0.02,0.0785,0.9967,0.2671,-0.4973,8.3993,0.2561,-0.4387,7.6216,63.05561487448996
9844087000,3.5828,3.6931,-31.3125,14.3438,-39.3438,31.6562,17.4688,-40.1875,0.1188,0.0951,0.9884,0.0053,0.0931,0.9956,0.2454,-0.5112,8.3171,0.2378,-0.4456,7.4968,63.05184084846373
9849087000,3.796,3.7353,-30.9062,14.8125,-38.9688,32.125,17.875,-40.5,0.1057,0.0415,0.9935,-0.0122,0.0366,0.9993,0.2725,-0.4485,7.9107,0.2988,-0.4319,8.0156,63.124128929673155
9854087000,3.9099,3.8952,-31.1875,14.6875,-39.1875,31.8438,17.8125,-40.9062,0.1232,0.0268,0.992,0.019,0.0239,0.9995,0.2996,-0.4585,8.3213,0.3037,-0.4167,7.9006,63.13211808881435
9859213000,3.7739,3.9981,-31.25,14.9688,-39.25,31.7344,18.0,-40.9375,0.1281,-0.0054,0.9918,0.022,-0.0103,0.9997,0.3445,-0.4231,8.4219,0.3389,-0.3923,8.0172,63.079873755818504
9864212000,3.7923,3.9393,-31.3125,14.6875,-39.25,31.6406,18.0,-40.5625,0.1319,-0.0044,0.9912,0.0015,-0.0054,1.0,0.3232,-0.4504,8.4925,0.3337,-0.3884,7.9171,63.05385089040954
9869219000,3.7592,3.954,-31.2812,14.7188,-39.3438,31.7031,17.8125,-40.9375,0.1193,-0.0015,0.9929,0.0132,-0.0054,0.9999,0.3225,-0.4417,8.3861,0.3223,-0.406,7.9858,63.08036862503262
9874212000,3.7813,4.0275,-31.1875,14.7188,-39.1562,31.8125,17.6562,-41.25,0.1242,0.0034,0.9923,0.0239,-0.0015,0.9997,0.3147,-0.4487,8.379,0.3267,-0.4199,8.1894,63.10318785291279
9879219000,3.8143,4.0164,-31.1875,14.8125,-39.0625,31.8125,17.8125,-41.0,0.1252,0.0054,0.9921,0.0181,0.0005,0.9998,0.3269,-0.4441,8.462,0.3335,-0.4065,8.1154,63.1011402927871
9884213000,3.7629,3.9834,-31.1875,14.8125,-38.875,31.8438,17.8438,-40.875,0.1271,0.0054,0.9919,0.0034,0.0024,1.0,0.3301,-0.4409,8.4616,0.3525,-0.406,8.3207,63.1358341940613
9889213000,3.6471,3.7923,-31.1875,14.9688,-39.0312,31.7969,17.9375,-40.375,0.1125,-0.0024,0.9936,-0.0151,-0.0073,0.9999,0.3499,-0.4324,8.5849,0.3457,-0.4072,8.2586,63.06864214084524
9894227000,3.8254,3.8915,-31.125,14.9375,-39.25,31.8594,17.9688,-40.5312,0.1058,-0.0083,0.9944,-0.0103,-0.0122,0.9999,0.3586,-0.436,8.7232,0.3589,-0.4143,8.4835,63.070317079351994
9899213000,3.7188,3.9466,-30.9375,15.0312,-39.0938,32.0625,18.0625,-40.6562,0.0863,-0.0161,0.9961,-0.0122,-0.021,0.9997,0.3652,-0.4255,8.6791,0.3823,-0.4111,8.7082,63.09223306754961
9904213000,3.7151,3.8658,-31.125,14.6875,-39.0938,31.875,17.75,-40.6875,0.1038,0.0083,0.9946,-0.0015,0.0044,1.0,0.3359,-0.4573,8.7093,0.3464,-0.4187,8.3946,63.0945226302569
9909213000,3.6526,3.7776,-31.0625,15.0,-38.875,31.9062,18.0938,-40.5,0.1077,-0.0122,0.9941,-0.019,-0.0161,0.9997,0.3691,-0.4304,8.7769,0.3875,-0.3833,8.4555,63.06559603405013
9914213000,3.7243,3.75,-30.9375,15.0,-39.0625,32.0312,18.125,-40.4375,0.0844,-0.019,0.9963,-0.0395,-0.0239,0.9989,0.3552,-0.4185,8.4892,0.3933,-0.3679,8.3499,63.061187981911665
9919213000,3.7739,4.0311,-31.125,14.6875,-39.8125,31.8594,17.8125,-40.625,0.0395,-0.0269,0.9989,-0.0532,-0.0347,0.998,0.3511,-0.4331,8.6066,0.354,-0.4094,8.375,63.06711048248525
9924213000,3.8143,3.9062,-31.1875,14.9375,-39.625,31.7812,18.4375,-40.8125,0.0472,-0.0727,0.9962,-0.0453,-0.0795,0.9958,0.3799,-0.3911,8.4583,0.4331,-0.3069,8.1181,63.07707456707231
9929213000,3.7996,4.0017,-30.9062,14.9688,-40.0625,32.0625,18.2812,-40.3125,-0.0131,-0.097,0.9952,-0.1032,-0.1048,0.9891,0.3823,-0.3821,8.385,0.4255,-0.2957,7.9098,63.05625800386509
9934213000,3.796,3.8217,-31.0,14.9688,-40.3125,31.9375,18.4688,-40.4375,-0.0315,-0.1203,0.9922,-0.1164,-0.129,0.9848,0.4136,-0.3748,8.6513,0.4812,-0.2712,8.2639,63.03486758334628
9939213000,3.8731,3.9576,-30.8125,15.0625,-40.3438,32.1562,18.4688,-40.375,-0.0604,-0.1387,0.9885,-0.1477,-0.1493,0.9777,0.4304,-0.3606,8.6821,0.5063,-0.26,8.4231,63.06077253586416
9944214000,3.8217,3.9613,-30.9375,15.3438,-40.0625,32.0,18.6875,-40.5,-0.0342,-0.1609,0.9864,-0.1348,-0.1715,0.9759,0.4856,-0.3225,8.8785,0.5317,-0.2371,8.4573,63.02777675112775
9949213000,3.8878,3.954,-30.8125,15.0,-40.375,32.1562,18.4688,-40.5625,-0.0555,-0.1542,0.9865,-0.1502,-0.1629,0.9751,0.4485,-0.3589,8.8651,0.5127,-0.2605,8.5,63.064450440640485
9954213000,3.9613,4.0238,-30.75,15.2812,-40.0,32.25,18.6875,-40.625,-0.0601,-0.1754,0.9827,-0.1525,-0.184,0.971,0.4729,-0.3279,8.7953,0.5449,-0.2266,8.4912,63.09511474504187
9959214000,3.8217,3.9099,-30.875,15.0312,-40.1562,32.125,18.4375,-40.5,-0.0497,-0.1493,0.9875,-0.1427,-0.16,0.9768,0.4729,-0.3411,8.9411,0.5044,-0.2532,8.3259,63.092955851901564
9964213000,3.8658,3.8511,-30.9062,15.125,-40.0,32.0625,18.5938,-40.125,-0.0478,-0.1503,0.9875,-0.1608,-0.16,0.9739,0.4883,-0.3452,9.1598,0.5293,-0.2384,8.4445,63.064295588946365
9969220000,3.8217,3.8474,-30.625,14.9688,-40.0,32.3125,18.4375,-40.4375,-0.0633,-0.1368,0.9886,-0.1583,-0.1435,0.9769,0.4607,-0.3621,9.0369,0.5342,-0.2634,8.7747,63.03453174403693
9974213000,3.7316,3.8401,-30.8125,15.25,-39.875,32.125,18.625,-40.25,-0.0497,-0.1571,0.9863,-0.153,-0.1657,0.9742,0.5215,-0.3313,9.3797,0.5522,-0.2294,8.6049,63.029042165100364
9979214000,3.7776,3.761,-30.6875,15.0312,-39.9375,32.25,18.5,-40.125,-0.0661,-0.1474,0.9869,-0.1627,-0.1571,0.9741,0.4824,-0.3533,9.1832,0.5386,-0.251,8.6875,63.033297834874546
9984214000,3.8731,3.8915,-30.75,15.3125,-39.9062,32.25,18.75,-40.5,-0.0602,-0.1629,0.9848,-0.15,-0.1715,0.9737,0.5444,-0.3274,9.5958,0.5835,-0.2156,8.8084,63.096505487150395
9989214000,3.829,3.9723,-30.7812,15.0625,-39.6875,32.1875,18.4375,-40.4375,-0.0507,-0.1416,0.9886,-0.1458,-0.1493,0.978,0.4961,-0.3569,9.3774,0.5469,-0.2466,8.7331,63.063541802613656
9994339000,3.829,3.9172,-30.5938,15.5,-39.6875,32.375,18.8125,-40.25,-0.0706,-0.1734,0.9823,-0.1686,-0.1821,0.9687,0.5654,-0.3079,9.6181,0.5923,-0.2242,9.0035,63.058376413764414
9999339000,3.8474,3.9025,-31.0938,15.3125,-39.9062,31.8594,18.7812,-40.4688,-0.039,-0.1706,0.9846,-0.1184,-0.1782,0.9768,0.5674,-0.3259,9.8398,0.5815,-0.2264,8.9053,63.05119974029043
10004339000,3.7849,3.6857,-30.9375,15.1562,-39.7812,32.0,18.5938,-39.9375,-0.0507,-0.1493,0.9875,-0.1456,-0.1571,0.9768,0.5293,-0.3535,9.7137,0.5474,-0.2465,8.7373,63.03150347009026
10009339000,3.8474,3.8952,-30.9062,15.25,-39.625,32.0938,18.5,-40.25,-0.0468,-0.1522,0.9872,-0.1417,-0.1609,0.9767,0.5532,-0.3435,9.8736,0.5488,-0.2583,8.884,63.08686967190558
10014339000,3.807,3.829,-31.0,15.0625,-39.8438,31.9531,18.5,-40.125,-0.0439,-0.1464,0.9882,-0.1342,-0.1551,0.9787,0.5454,-0.3662,10.0366,0.542,-0.259,8.8147,63.04750811332673
10019339000,3.8474,3.829,-30.9688,15.3125,-39.75,32.0,18.6875,-40.3125,-0.0525,-0.1648,0.9849,-0.1309,-0.1715,0.9764,0.5874,-0.3301,10.1132,0.5635,-0.2316,8.7564,63.06169046806468
10024339000,3.7316,3.7555,-31.0938,15.1562,-39.8125,31.8906,18.4688,-40.0938,-0.042,-0.1474,0.9882,-0.1323,-0.1551,0.979,0.5811,-0.3608,10.3815,0.5405,-0.2491,8.6894,63.07207854359962
10029339000,3.7702,3.7702,-30.9375,15.3125,-39.5312,32.0,18.625,-40.1875,-0.0448,-0.1629,0.9856,-0.1377,-0.1686,0.976,0.5703,-0.3472,10.108,0.563,-0.25,8.9533,63.028027830402564
10034345000,3.8364,3.9099,-30.875,15.25,-39.5938,32.125,18.5,-40.5625,-0.0573,-0.1609,0.9853,-0.1234,-0.1686,0.9779,0.5728,-0.3552,10.2249,0.561,-0.2534,8.9687,63.091210795878695
10039345000,3.8768,3.7243,-30.9375,15.1875,-39.5,32.0,18.5,-40.3125,-0.0507,-0.1503,0.9873,-0.1312,-0.16,0.9784,0.5566,-0.3557,10.0475,0.5439,-0.2527,8.767,63.02984784013047
10044339000,3.818,3.7776,-31.125,15.25,-39.8125,31.8594,18.5,-40.3125,-0.0362,-0.1542,0.9874,-0.1159,-0.1609,0.9801,0.5908,-0.3477,10.3466,0.543,-0.2505,8.7318,63.07017633842481
10049339000,3.8731,3.9429,-30.9062,15.1562,-39.6562,32.0938,18.4688,-40.3125,-0.0555,-0.1522,0.9868,-0.1312,-0.16,0.9784,0.5527,-0.3538,9.9816,0.5557,-0.2559,8.9346,63.09044340032807
10054339000,3.8548,3.8952,-30.9688,15.125,-39.4688,32.0,18.4062,-40.375,-0.0421,-0.1397,0.9893,-0.1218,-0.1493,0.9812,0.5488,-0.3584,9.9887,0.5518,-0.2571,8.9038,63.06074250530198
10059339000,3.7574,3.7298,-30.9375,15.3125,-39.375,32.0,18.625,-40.3125,-0.039,-0.16,0.9864,-0.1243,-0.1677,0.978,0.5527,-0.3394,9.8221,0.5752,-0.2416,8.9993,63.031583105217976
10064339000,3.7151,3.8217,-30.875,15.25,-39.4375,32.125,18.5625,-40.3125,-0.0526,-0.1542,0.9866,-0.1378,-0.1629,0.977,0.5425,-0.3484,9.806,0.5557,-0.2527,8.8997,63.093092183296896
10069339000,3.7776,3.8254,-30.6562,15.1562,-39.375,32.3125,18.4062,-40.125,-0.0632,-0.1464,0.9872,-0.158,-0.1551,0.9752,0.5054,-0.3611,9.5278,0.5376,-0.2727,8.9154,63.056975662411844
10074352000,3.7408,3.7849,-30.9062,15.0,-39.4375,32.0625,18.1562,-40.25,-0.0402,-0.1184,0.9922,-0.127,-0.1261,0.9838,0.4751,-0.3838,9.4395,0.5049,-0.3027,8.8771,63.05298513456758
10079339000,3.5994,3.818,-30.9375,15.1875,-39.4375,32.0,18.4375,-40.25,-0.015,-0.1126,0.9935,-0.1146,-0.1203,0.9861,0.4573,-0.3721,9.1096,0.5059,-0.2805,8.6432,63.02659408932074
10084340000,3.6986,3.7813,-30.75,14.8438,-39.0625,32.2188,17.8125,-40.8125,0.0288,-0.0317,0.9991,-0.0775,-0.0395,0.9962,0.3745,-0.4192,8.7112,0.4038,-0.3601,8.3801,63.06302762419515
10089340000,3.7629,3.8511,-31.0,15.0312,-39.25,31.9531,18.0625,-40.8125,0.0659,-0.0073,0.9978,-0.0405,-0.0132,0.9991,0.3943,-0.4185,8.9227,0.4065,-0.3701,8.521,63.04540415882826
10094339000,3.7702,3.8548,-30.875,14.625,-39.4062,32.1562,17.5625,-41.1875,0.0783,0.0678,0.9946,-0.0239,0.062,0.9978,0.3279,-0.4763,8.8337,0.342,-0.436,8.5393,63.12475037083315
10099339000,3.8254,3.7463,-30.8125,14.5312,-39.0,32.1562,17.4688,-41.0938,0.1282,0.1125,0.9853,-0.0131,0.1116,0.9937,0.2607,-0.5186,8.5687,0.2815,-0.4597,8.1358,63.071948375565505
10104344000,3.6931,3.6416,-31.2188,14.875,-38.9062,31.7812,17.5625,-41.0,0.1769,0.1203,0.9768,0.0363,0.1193,0.9922,0.2756,-0.5166,8.7105,0.2532,-0.4448,7.6576,63.092049060796874
10109340000,3.7078,3.8621,-31.2812,14.5312,-38.9688,31.7031,17.4375,-40.9375,0.1928,0.1657,0.9671,0.0525,0.1657,0.9848,0.233,-0.5698,8.8445,0.2216,-0.4712,7.6057,63.08204503557252
10114345000,3.7151,3.6288,-31.3125,14.6562,-38.8438,31.6406,17.625,-40.375,0.2118,0.1619,0.9638,0.0544,0.1619,0.9853,0.2343,-0.5669,8.8246,0.2184,-0.4648,7.4997,63.04166199022675
10119340000,3.7004,3.7041,-31.4062,14.4375,-38.875,31.5625,17.4375,-40.5,0.2094,0.1763,0.9618,0.0687,0.1763,0.9819,0.2115,-0.583,8.7587,0.2025,-0.4844,7.5448,63.061064094177794
10124340000,3.6214,3.6526,-31.25,14.5625,-38.9375,31.7188,17.5,-40.9062,0.2014,0.1619,0.966,0.0794,0.1619,0.9836,0.2296,-0.561,8.7072,0.2374,-0.4736,7.8072,63.06801455080063
10129342000,3.6876,3.6784,-31.0938,14.8125,-39.0,31.8594,17.8438,-40.8125,0.1841,0.1387,0.9731,0.0614,0.1387,0.9884,0.26,-0.5439,8.8475,0.2617,-0.458,7.8991,63.05219525266349
10134474000,3.6692,3.7813,-31.4062,14.5312,-38.6875,31.5625,17.375,-40.625,0.2164,0.1648,0.9623,0.0765,0.1638,0.9835,0.2368,-0.5591,8.7641,0.2256,-0.4939,7.9048,63.0626536420725
10139468000,3.6692,3.8621,-31.2812,14.375,-38.75,31.6875,17.3438,-40.5,0.2009,0.1763,0.9636,0.0725,0.1744,0.982,0.2122,-0.5913,8.8599,0.2144,-0.5073,7.9328,63.06293248121277
10144477000,3.6563,3.7041,-31.25,14.4062,-38.7812,31.7031,17.3438,-40.6562,0.201,0.1734,0.9641,0.0744,0.1744,0.9819,0.2272,-0.5835,8.9356,0.2296,-0.4988,8.004,63.049487851766095
10149465000,3.6986,3.7666,-31.2188,14.5,-38.8438,31.75,17.4375,-40.5,0.1975,0.1677,0.9659,0.0563,0.1667,0.9844,0.2378,-0.5688,8.8857,0.246,-0.501,8.2083,63.059033279380365
10154473000,3.6637,3.818,-31.25,14.75,-38.625,31.7031,17.75,-40.8438,0.2086,0.1455,0.9671,0.0767,0.1445,0.9865,0.2595,-0.5552,8.9693,0.2573,-0.4551,7.8179,63.06358595140305
10159465000,3.6343,3.7923,-31.2188,14.625,-38.625,31.7812,17.4688,-40.1875,0.2015,0.1609,0.9662,0.0573,0.1609,0.9853,0.2474,-0.5635,8.9306,0.2354,-0.4912,7.9818,63.083505012721034
10164465000,3.5994,3.6159,-31.2812,14.6875,-38.5312,31.6562,17.6875,-40.2812,0.2093,0.1532,0.9658,0.0583,0.1542,0.9863,0.2595,-0.563,9.0579,0.25,-0.4773,7.9864,63.03315650322455
10169480000,3.6104,3.8364,-31.1875,14.625,-38.9375,31.8125,17.375,-40.0312,0.1722,0.1571,0.9725,0.0362,0.1561,0.9871,0.2595,-0.5625,9.0524,0.2332,-0.5195,8.2766,63.06947502310448
10174465000,3.6085,3.649,-31.2812,14.625,-38.6875,31.6875,17.5312,-40.4375,0.1977,0.16,0.9671,0.0718,0.159,0.9847,0.2578,-0.5605,9.0114,0.241,-0.4785,7.9009,63.06001647740032
10179465000,3.6251,3.7463,-31.25,14.8438,-38.625,31.7344,17.5625,-40.2812,0.1917,0.1397,0.9715,0.0604,0.1397,0.9884,0.2761,-0.5454,9.0414,0.2527,-0.4849,8.1009,63.064799781573875
10184474000,3.603,3.6747,-31.2188,14.75,-38.6875,31.7344,17.625,-40.0625,0.1943,0.1474,0.9698,0.0459,0.1474,0.988,0.2705,-0.5615,9.1622,0.2488,-0.4844,8.0525,63.03381346737638
10189465000,3.5975,3.7739,-31.2188,14.625,-38.625,31.7344,17.375,-40.3125,0.1975,0.1657,0.9662,0.0554,0.1638,0.9849,0.2578,-0.5684,9.1001,0.2343,-0.5078,8.1566,63.035827483186104
10194465000,3.5608,3.5442,-30.9688,14.8125,-38.5938,31.9688,17.6562,-40.2812,0.1783,0.1426,0.9736,0.0343,0.1416,0.9893,0.2671,-0.5552,9.0526,0.2864,-0.4895,8.5238,63.02440354505546
10199465000,3.5994,3.649,-31.125,14.8125,-38.5625,31.8594,17.5625,-40.3125,0.1849,0.1455,0.9719,0.0439,0.1455,0.9884,0.2732,-0.5537,9.1031,0.2583,-0.4875,8.1928,63.068689881430075
10204468000,3.6159,3.6839,-31.1875,14.5312,-38.5625,31.7969,17.4688,-40.25,0.1852,0.1677,0.9683,0.0486,0.1686,0.9845,0.2446,-0.5796,9.0828,0.2559,-0.5039,8.3499,63.07544524908247
10209466000,3.5718,3.7169,-31.0625,14.75,-38.5625,31.9062,17.625,-40.6875,0.1846,0.1561,0.9703,0.0593,0.1551,0.9861,0.2681,-0.5591,9.1076,0.2871,-0.5039,8.6939,63.07010725922384
10214466000,3.5277,3.5387,-31.25,14.875,-38.3125,31.7031,17.8125,-40.375,0.2125,0.1406,0.967,0.0652,0.1416,0.9878,0.2668,-0.5518,9.0112,0.2822,-0.4761,8.3273,63.0553376972164
10219466000,3.6159,3.7923,-31.2188,14.8125,-38.6562,31.75,17.625,-40.25,0.1896,0.1474,0.9707,0.0516,0.1474,0.9877,0.2727,-0.5591,9.1587,0.2595,-0.49,8.2337,63.0517258140489
10224466000,3.513,3.6012,-31.1875,14.6875,-38.5312,31.7969,17.5312,-40.3438,0.1952,0.1493,0.9693,0.0632,0.1484,0.9869,0.2578,-0.5718,9.1389,0.2671,-0.4888,8.3032,63.074612894650414
10229469000,3.5516,3.682,-31.0938,14.9375,-38.5625,31.8906,17.6562,-40.4688,0.1813,0.1377,0.9737,0.0508,0.1368,0.9893,0.2781,-0.5376,8.9745,0.281,-0.4919,8.492,63.07186339993453
10234466000,3.6416,3.6526,-31.125,14.5,-38.4375,31.8438,17.5,-40.3125,0.1966,0.1657,0.9664,0.0592,0.1657,0.9844,0.2332,-0.5874,9.0457,0.2585,-0.5215,8.5776,63.06810127505029
10239469000,3.5167,3.6104,-31.25,14.625,-38.5312,31.7188,17.5625,-39.8125,0.1911,0.16,0.9685,0.0342,0.1609,0.9864,0.2507,-0.5698,9.0389,0.2372,-0.4919,8.0102,63.05030062878368
10244466000,3.6177,3.6931,-31.0625,14.4375,-38.5,31.9062,17.375,-40.1875,0.1841,0.1725,0.9677,0.0553,0.1705,0.9838,0.231,-0.5884,9.0327,0.2408,-0.52,8.3666,63.05976325827746
10249466000,3.5424,3.5957,-31.2812,14.5312,-38.375,31.6562,17.4375,-40.0625,0.2069,0.1657,0.9642,0.0659,0.1657,0.984,0.2448,-0.5835,9.1286,0.2438,-0.5078,8.2611,63.027062082092954
10254466000,3.5406,3.5314,-31.25,14.7188,-38.4375,31.7188,17.5625,-40.125,0.2016,0.1551,0.9671,0.0535,0.1551,0.9864,0.2661,-0.5732,9.2469,0.2649,-0.502,8.4273,63.05556327065836
10259466000,3.6085,3.6269,-31.2188,14.6562,-38.6875,31.7344,17.6562,-39.9375,0.1941,0.1532,0.9689,0.0526,0.1522,0.9869,0.2656,-0.5688,9.1916,0.2517,-0.4868,8.1121,63.037035861785256
10264591000,3.6159,3.796,-31.0625,14.5,-38.5312,31.8906,17.4688,-40.1562,0.174,0.1619,0.9714,0.0458,0.1619,0.9857,0.2378,-0.585,9.0689,0.25,-0.5225,8.4947,63.04401000927844
10269591000,3.5938,3.6122,-31.0938,14.6562,-38.625,31.875,17.6562,-40.0625,0.1609,0.1542,0.9749,0.0256,0.1532,0.9879,0.2484,-0.5625,8.9303,0.2646,-0.4995,8.3971,63.056610911862364
10274591000,3.5387,3.6398,-31.3125,14.5,-39.0,31.6406,17.6562,-40.5,0.133,0.1657,0.9772,0.04,0.1619,0.986,0.2375,-0.5801,9.0106,0.2607,-0.4961,8.3157,63.0500150519411
10279591000,3.5645,3.6141,-31.375,14.5,-39.4375,31.625,17.5312,-40.25,0.0784,0.1667,0.9829,0.0014,0.16,0.9871,0.2418,-0.5752,9.002,0.2406,-0.4988,8.1246,63.07811292112344
10284597000,3.5791,3.603,-31.3125,14.875,-39.6562,31.6562,17.875,-40.3125,0.0363,0.1339,0.9903,-0.0634,0.1271,0.9899,0.2695,-0.4983,8.4371,0.3,-0.4617,8.3622,63.043539791004754
10289591000,3.5424,3.6196,-31.2188,14.4062,-39.625,31.7812,17.4688,-40.0938,-0.0072,0.159,0.9873,-0.119,0.1484,0.9817,0.1895,-0.5132,7.7259,0.2196,-0.4961,7.8639,63.07613884980596
10294593000,3.4763,3.4983,-31.1875,14.1875,-39.8438,31.7969,17.375,-40.0312,-0.0583,0.16,0.9854,-0.1553,0.1503,0.9764,0.1691,-0.5146,7.5193,0.1979,-0.4905,7.5626,63.06528298810686
10299591000,3.682,3.649,-31.0938,14.25,-39.75,31.8906,17.5312,-40.0625,-0.0894,0.1368,0.9866,-0.1911,0.1242,0.9737,0.1604,-0.4724,6.9495,0.2083,-0.4705,7.4516,63.07058405508863
10304592000,3.603,3.6876,-31.375,14.3438,-40.0312,31.5938,17.6562,-40.0,-0.0963,0.1222,0.9878,-0.1857,0.1106,0.9764,0.192,-0.4688,7.2545,0.2354,-0.4453,7.4673,63.055869993522414
10309592000,3.6232,3.5424,-31.25,14.5312,-40.125,31.7188,17.8125,-39.9375,-0.1139,0.098,0.9886,-0.2043,0.0873,0.975,0.2249,-0.4507,7.4121,0.261,-0.4265,7.539,63.05451498013445
10314592000,3.6526,3.423,-31.3125,14.6875,-40.0938,31.6406,17.8438,-39.8125,-0.1043,0.0931,0.9902,-0.2092,0.0814,0.9745,0.2578,-0.4561,7.8342,0.2632,-0.4324,7.6286,63.03280224605281
10319591000,3.6196,3.5681,-31.25,14.375,-39.9375,31.7031,17.625,-39.6562,-0.1041,0.1164,0.9877,-0.2097,0.1038,0.9722,0.2224,-0.5,7.9387,0.2172,-0.4504,7.325,63.03756363708864
10324592000,3.6085,3.4046,-31.2188,14.4375,-39.9062,31.75,17.75,-39.6875,-0.107,0.1125,0.9879,-0.2126,0.1019,0.9718,0.2272,-0.4956,7.9415,0.2374,-0.4265,7.2801,63.056246791099134
10329592000,3.5736,3.3881,-31.0938,14.0938,-39.875,31.875,17.375,-39.4688,-0.1249,0.1416,0.982,-0.2345,0.13,0.9634,0.1855,-0.5352,7.9311,0.1993,-0.4788,7.447,63.05553937062152
10334592000,3.5277,3.513,-31.25,14.25,-39.8438,31.7188,17.5625,-40.375,-0.1136,0.1232,0.9859,-0.1857,0.1106,0.9764,0.21,-0.5205,8.0332,0.2404,-0.4409,7.4731,63.05810497572854
10339592000,3.6416,3.5626,-31.0625,14.4062,-39.8125,31.9062,17.7812,-40.0,-0.1224,0.1125,0.9861,-0.2088,0.1019,0.9726,0.2227,-0.5068,8.0183,0.2615,-0.4341,7.6288,63.0593606131556
10344592000,3.6453,3.5755,-31.25,14.2188,-39.9375,31.7031,17.5,-39.9688,-0.1194,0.1252,0.9849,-0.1886,0.1125,0.9756,0.2181,-0.5264,8.189,0.2152,-0.4543,7.3473,63.03856004653025
10349592000,3.6232,3.4432,-31.0,14.5625,-39.4688,31.9375,17.6875,-39.75,-0.1139,0.1048,0.988,-0.2165,0.0931,0.9718,0.226,-0.4832,7.7881,0.246,-0.4419,7.5457,63.015661582578026
10354592000,3.5957,3.5681,-31.0938,14.5312,-39.75,31.8594,17.6875,-39.75,-0.1244,0.1077,0.9864,-0.2099,0.0951,0.9731,0.2312,-0.488,7.9006,0.2517,-0.4231,7.3989,63.03227443088184
10359592000,3.5645,3.5167,-31.125,14.5312,-39.5625,31.8438,17.6562,-39.9062,-0.109,0.1106,0.9879,-0.2069,0.1009,0.9731,0.2253,-0.5034,8.0093,0.2374,-0.4309,7.3292,63.04723251761333
10364592000,3.5534,3.3954,-30.9375,14.5,-39.6562,32.0312,17.7812,-39.75,-0.1273,0.1116,0.9856,-0.2268,0.1009,0.9687,0.23,-0.4968,7.986,0.2832,-0.4473,8.0153,63.054200903429106
10369592000,3.5626,3.4248,-31.1875,14.3125,-39.6875,31.7812,17.5625,-39.5,-0.1137,0.1193,0.9863,-0.2229,0.1077,0.9689,0.2124,-0.5205,8.06,0.2102,-0.438,7.1096,63.052794037536515
10374592000,3.6067,3.5608,-31.4375,14.3438,-39.8125,31.5469,17.5625,-39.5,-0.106,0.1193,0.9872,-0.1953,0.1077,0.9748,0.2378,-0.5283,8.4267,0.2253,-0.4663,7.5925,63.06736342435761
10379592000,3.603,3.4634,-31.2188,14.5312,-39.5625,31.7344,17.75,-39.75,-0.1041,0.1125,0.9882,-0.2088,0.1019,0.9726,0.2404,-0.5142,8.2951,0.2705,-0.438,7.7718,63.03571384485148
10384595000,3.5975,3.5681,-31.1875,14.7188,-39.625,31.7969,17.875,-39.8438,-0.1178,0.0951,0.9885,-0.1996,0.0834,0.9763,0.259,-0.4995,8.3354,0.2627,-0.4297,7.5932,63.063809869369614
10389592000,3.5865,3.5498,-31.1875,14.125,-39.7188,31.7969,17.4375,-39.9375,-0.1221,0.1348,0.9833,-0.195,0.1222,0.9732,0.2056,-0.5552,8.377,0.226,-0.4629,7.5609,63.07182516227036
10394592000,3.5645,3.4175,-31.375,14.3438,-39.6875,31.5938,17.5625,-39.3438,-0.1011,0.1242,0.9871,-0.2066,0.1135,0.9718,0.2332,-0.5352,8.4531,0.2134,-0.4519,7.2999,63.051946304773175
10399717000,3.5461,3.4542,-31.25,14.6562,-39.6875,31.7344,17.8438,-39.3125,-0.1111,0.098,0.989,-0.2195,0.0863,0.9718,0.2554,-0.5044,8.3501,0.2554,-0.4265,7.4773,63.06612452117222
10404717000,3.5755,3.5645,-31.2188,14.4375,-39.5312,31.7812,17.625,-39.875,-0.1031,0.1213,0.9873,-0.1981,0.1106,0.9739,0.2234,-0.519,8.1639,0.25,-0.4541,7.7265,63.08152149948509
10409717000,3.5314,3.5222,-31.375,14.5312,-39.625,31.5938,17.875,-40.0,-0.0984,0.1019,0.9899,-0.1813,0.0902,0.9793,0.2496,-0.5142,8.397,0.2761,-0.4285,7.7273,63.058634594161646
10414717000,3.5295,3.434,-31.0938,14.3438,-39.6875,31.875,17.5,-40.25,-0.1222,0.1271,0.9843,-0.1933,0.1145,0.9744,0.2278,-0.5391,8.4383,0.2561,-0.4712,7.985,63.050359064243246
10419717000,3.5589,3.5498,-31.375,14.8125,-39.6875,31.5781,17.9688,-39.5625,-0.0967,0.0844,0.9917,-0.1998,0.0727,0.9771,0.2854,-0.5015,8.6476,0.2781,-0.4285,7.7488,63.03229850084796
10424721000,3.4854,3.5461,-31.25,14.625,-39.625,31.7188,17.7812,-39.8438,-0.111,0.1058,0.9882,-0.1994,0.0951,0.9753,0.2559,-0.5078,8.3939,0.2426,-0.4299,7.3746,63.04822951772714
10429718000,3.5571,3.5498,-31.1875,14.6562,-39.75,31.7969,17.7812,-39.7188,-0.1178,0.098,0.9882,-0.2147,0.0883,0.9727,0.2644,-0.5112,8.5264,0.2747,-0.4417,7.8584,63.06188422335635
10434717000,3.4965,3.4542,-31.3125,14.5625,-39.75,31.6562,17.625,-39.7812,-0.1071,0.1087,0.9883,-0.1955,0.097,0.9759,0.2585,-0.5229,8.5941,0.25,-0.4648,7.8468,63.043136497004966
10439729000,3.5938,3.4211,-31.25,14.6875,-39.4375,31.7188,17.8125,-39.625,-0.1043,0.098,0.9897,-0.2043,0.0883,0.9749,0.2554,-0.5034,8.3391,0.2646,-0.4355,7.6801,63.046574488151215
10444718000,3.5626,3.4946,-31.125,14.5625,-39.625,31.8594,17.8125,-39.9375,-0.1225,0.1048,0.9869,-0.1995,0.0912,0.9757,0.2527,-0.519,8.4856,0.2771,-0.4551,8.0355,63.06896859478519
10449719000,3.6085,3.5204,-31.0625,14.75,-39.5,31.9375,17.875,-39.6875,-0.1247,0.0892,0.9882,-0.2102,0.0776,0.9746,0.2595,-0.4951,8.2913,0.2769,-0.4341,7.7981,63.07773601874119
10454718000,3.5608,3.445,-31.125,14.8438,-39.4375,31.8438,17.8125,-40.125,-0.1169,0.0921,0.9889,-0.1968,0.0814,0.9771,0.2693,-0.4932,8.3768,0.282,-0.4355,7.8709,63.04249050743475
10459718000,3.6196,3.5295,-31.3125,14.7188,-39.6562,31.6562,17.875,-39.8125,-0.1092,0.0941,0.9896,-0.192,0.0814,0.978,0.2759,-0.5088,8.6252,0.2808,-0.4429,7.9393,63.04794372396296
10464718000,3.6049,3.4322,-31.125,14.6875,-39.875,31.8125,17.9375,-39.875,-0.1352,0.0941,0.9863,-0.2063,0.0805,0.9752,0.2759,-0.5054,8.5867,0.2871,-0.4253,7.8129,63.02135674713771
10469718000,3.5571,3.4009,-31.125,14.6875,-39.5625,31.8438,17.8125,-39.4375,-0.1256,0.0931,0.9877,-0.2225,0.0814,0.9715,0.2673,-0.5137,8.5862,0.2864,-0.4492,8.0721,63.04641959255101
10474718000,3.4928,3.456,-31.0938,14.8125,-39.5,31.8594,17.9688,-39.5938,-0.1199,0.0853,0.9891,-0.2198,0.0737,0.9728,0.2725,-0.4951,8.4337,0.2939,-0.4343,7.9891,63.03234422397759
10479718000,3.5314,3.3991,-31.0938,14.625,-39.5,31.875,17.7812,-39.9375,-0.1275,0.097,0.9871,-0.2072,0.0853,0.9746,0.2402,-0.5063,8.2058,0.2781,-0.4512,8.0025,63.04936778533152
10484718000,3.6122,3.423,-31.2812,14.8438,-39.6875,31.6562,18.0938,-39.75,-0.1219,0.0785,0.9894,-0.196,0.0668,0.9783,0.2869,-0.4832,8.4578,0.2783,-0.4175,7.629,63.02128787171839
10489718000,3.5112,3.4248,-31.25,14.6875,-39.5625,31.7031,17.8438,-39.6562,-0.1283,0.1038,0.9863,-0.2204,0.0921,0.9711,0.2595,-0.488,8.2117,0.2883,-0.478,8.4164,63.03224420080567
10494718000,3.3881,3.4266,-31.25,14.5625,-39.5625,31.7031,17.6875,-39.5312,-0.1435,0.1164,0.9828,-0.2456,0.1028,0.9639,0.2448,-0.4995,8.1784,0.2532,-0.4961,8.2325,63.03062275037428
10499726000,3.4266,3.3789,-30.9688,14.6875,-39.4375,32.0,17.8125,-39.4062,-0.1542,0.1087,0.982,-0.2646,0.097,0.9595,0.2384,-0.4761,7.8453,0.2749,-0.4839,8.3343,63.04630344540431
10504718000,3.5093,3.4175,-31.2188,14.4375,-39.75,31.7188,17.7812,-39.2188,-0.1561,0.1125,0.9813,-0.256,0.0999,0.9615,0.2393,-0.5039,8.1675,0.2612,-0.4851,8.1976,63.02859665969091
10509718000,3.4064,3.3513,-31.0625,14.8438,-39.2812,31.8906,17.875,-39.1562,-0.1457,0.098,0.9845,-0.2621,0.0844,0.9614,0.2573,-0.4685,7.9684,0.2734,-0.4695,8.1566,63.026158046084326
10514718000,3.3991,3.4579,-31.3125,14.8438,-39.5312,31.6406,17.9688,-39.25,-0.1391,0.0931,0.9859,-0.2537,0.0805,0.9639,0.2795,-0.4792,8.3333,0.3018,-0.4568,8.3264,63.03124223787756
10519718000,3.355,3.355,-31.0938,14.8125,-39.25,31.8438,17.9688,-39.125,-0.139,0.098,0.9854,-0.2639,0.0853,0.9608,0.2595,-0.4829,8.1541,0.2998,-0.4573,8.3103,63.01681798099616
10524718000,3.524,3.4726,-31.0938,14.75,-39.25,31.875,17.8125,-39.7188,-0.1389,0.1087,0.9843,-0.2562,0.0951,0.9619,0.2512,-0.4849,8.0848,0.2993,-0.4824,8.5868,63.04497167205328
10529728000,3.4707,3.4946,-31.0,14.6875,-39.4688,31.9688,17.75,-39.625,-0.1619,0.1077,0.9809,-0.258,0.0951,0.9614,0.2452,-0.4932,8.1124,0.2908,-0.4888,8.564,63.04342216385465
10534719000,3.4836,3.366,-31.0625,14.9688,-39.3125,31.8906,18.0938,-39.4062,-0.1488,0.0883,0.9849,-0.2566,0.0756,0.9636,0.2805,-0.4604,8.1333,0.3269,-0.4612,8.6532,63.030684625030055
10539843000,3.5001,3.456,-31.0625,14.8438,-39.25,31.8906,17.875,-39.5,-0.1457,0.1019,0.9841,-0.2563,0.0892,0.9625,0.2571,-0.4731,8.0177,0.2878,-0.4629,8.2413,63.02652991439398
10544844000,3.4432,3.5222,-31.0938,15.1562,-39.125,31.8906,18.1875,-39.9375,-0.1335,0.0795,0.9879,-0.2379,0.0668,0.969,0.2942,-0.4431,8.09,0.3518,-0.4387,8.6775,63.06253705093064
10549843000,3.4597,3.4358,-31.2188,14.7188,-39.4375,31.7344,17.7812,-39.375,-0.1426,0.1125,0.9834,-0.2429,0.0999,0.9649,0.2583,-0.4907,8.2285,0.2937,-0.4868,8.5743,63.027673209868695
10554844000,3.4983,3.3991,-31.1875,14.9688,-39.1875,31.8125,18.0,-39.4688,-0.1352,0.0912,0.9866,-0.2443,0.0785,0.9665,0.2815,-0.47,8.2507,0.3357,-0.4663,8.8078,63.073507141509104
10559844000,3.4193,3.4432,-31.25,14.625,-39.375,31.7188,17.75,-39.625,-0.1378,0.1145,0.9838,-0.2381,0.1019,0.9659,0.2512,-0.4968,8.2193,0.2913,-0.4907,8.5913,63.046791341352176
10564844000,3.4193,3.3752,-30.9375,14.875,-39.2812,32.0,17.9688,-39.4375,-0.1573,0.0951,0.983,-0.2612,0.0824,0.9618,0.2637,-0.4656,8.0053,0.3201,-0.4636,8.605,63.01368846830028
10569844000,3.5314,3.4799,-31.0938,14.75,-39.4062,31.875,17.8438,-39.6562,-0.1495,0.1058,0.9831,-0.2383,0.0921,0.9668,0.2605,-0.4829,8.1649,0.2952,-0.4695,8.3959,63.045252572100935
10574844000,3.412,3.3605,-31.0625,14.9375,-39.25,31.8906,18.0,-39.25,-0.1411,0.0892,0.986,-0.2669,0.0776,0.9606,0.2781,-0.4736,8.2542,0.3315,-0.4617,8.7099,63.02754719850678
10579844000,3.4432,3.5075,-31.3125,14.8438,-39.4375,31.6406,17.875,-39.8125,-0.1322,0.1009,0.9861,-0.2195,0.0883,0.9716,0.2793,-0.4856,8.4019,0.3181,-0.4617,8.5616,63.02714969003437
10584845000,3.4101,3.4726,-31.2188,14.875,-39.3125,31.7344,17.9688,-39.375,-0.1304,0.0912,0.9873,-0.2414,0.0805,0.9671,0.2776,-0.4705,8.2132,0.3091,-0.4587,8.429,63.02920668174398
10589844000,3.4175,3.4156,-31.0938,14.6562,-39.375,31.8594,17.8438,-39.625,-0.1437,0.1087,0.9836,-0.243,0.096,0.9653,0.2527,-0.4961,8.2271,0.3091,-0.4744,8.6042,63.0343452730335
10594844000,3.456,3.4175,-31.0938,14.6875,-39.375,31.8594,17.75,-39.0938,-0.1494,0.1106,0.9826,-0.2617,0.098,0.9602,0.2549,-0.4873,8.1525,0.2908,-0.4849,8.5201,63.028274368968724
10599844000,3.445,3.4726,-31.1875,14.7188,-39.375,31.7812,17.8125,-39.4375,-0.1379,0.1077,0.9846,-0.2373,0.0951,0.9668,0.2612,-0.5,8.365,0.3032,-0.4792,8.5943,63.04468308771169
10604844000,3.4873,3.4469,-31.2812,14.9375,-39.5625,31.6562,18.1562,-39.75,-0.1469,0.0844,0.9855,-0.2179,0.0717,0.9733,0.2959,-0.47,8.4095,0.3491,-0.4417,8.6805,63.01992942474626
10609844000,3.4009,3.4616,-31.0625,14.7188,-39.375,31.8906,17.8125,-39.75,-0.1533,0.1077,0.9823,-0.243,0.0941,0.9654,0.2595,-0.4893,8.2254,0.3198,-0.4719,8.6954,63.03018645300044
10614844000,3.456,3.5057,-31.2812,14.8125,-39.4062,31.6875,17.875,-39.6875,-0.1323,0.098,0.9864,-0.23,0.0853,0.9694,0.2729,-0.4819,8.2909,0.3071,-0.4692,8.5251,63.043756357231764
10619844000,3.4818,3.513,-30.9375,14.875,-39.375,32.0312,18.0,-39.8125,-0.1641,0.0931,0.982,-0.2518,0.0805,0.9644,0.2756,-0.4788,8.2848,0.3501,-0.4631,8.9317,63.04771376457674
10624844000,3.5001,3.456,-31.0625,15.0,-39.375,31.8906,18.0938,-39.4062,-0.1537,0.0776,0.9851,-0.2511,0.0639,0.9658,0.2976,-0.4597,8.3134,0.3325,-0.4604,8.7071,63.02908353680862
10629845000,3.3256,3.4211,-31.125,14.6562,-39.1562,31.8438,17.7812,-39.6875,-0.1321,0.1125,0.9848,-0.2382,0.0999,0.9661,0.2537,-0.502,8.3038,0.312,-0.4741,8.6338,63.04853430596147
10634844000,3.4836,3.3881,-31.0625,15.0625,-39.4062,31.9062,18.0,-39.5,-0.1497,0.0883,0.9848,-0.2566,0.0756,0.9636,0.2981,-0.4536,8.2504,0.3315,-0.458,8.6689,63.03724997475699
10639844000,3.3862,3.412,-31.25,14.625,-39.1875,31.7031,17.8125,-39.375,-0.1214,0.1164,0.9857,-0.2371,0.1048,0.9658,0.2534,-0.4983,8.2599,0.2896,-0.4705,8.345,63.03402344853135
10644852000,3.423,3.434,-31.25,14.6562,-39.2188,31.7188,17.75,-39.5625,-0.1272,0.1164,0.985,-0.2276,0.1058,0.968,0.2605,-0.498,8.335,0.3042,-0.4851,8.6709,63.045693759129975
10649849000,3.4652,3.3311,-31.2188,14.7188,-39.5,31.7344,17.8438,-39.25,-0.1427,0.1067,0.984,-0.2505,0.0941,0.9635,0.272,-0.4956,8.4338,0.3147,-0.4819,8.7511,63.03121064393417
10654844000,3.434,3.4175,-31.25,14.75,-39.4375,31.7031,17.875,-39.4375,-0.139,0.1009,0.9851,-0.2403,0.0883,0.9667,0.2727,-0.488,8.3568,0.3132,-0.478,8.6911,63.030614978833896
10659844000,3.4836,3.5828,-30.9688,14.7188,-39.375,31.9688,17.8125,-39.8125,-0.1542,0.1077,0.9821,-0.2402,0.0951,0.9661,0.2512,-0.4832,8.0656,0.3081,-0.4792,8.6482,63.01510834474539
10664845000,3.4285,3.4064,-31.0938,14.5312,-39.3125,31.8594,17.6562,-39.5,-0.1464,0.1193,0.982,-0.2483,0.1067,0.9628,0.2462,-0.5122,8.3375,0.2817,-0.4929,8.5111,63.03099373712904
10669845000,3.4634,3.4763,-31.2188,14.8125,-39.4375,31.75,17.9375,-39.5,-0.139,0.097,0.9855,-0.2404,0.0844,0.967,0.2766,-0.4875,8.3943,0.3311,-0.4695,8.7921,63.04632665500822
10674970000,3.4983,3.4579,-31.125,14.75,-39.5,31.8438,17.9375,-39.4375,-0.1515,0.1019,0.9832,-0.2488,0.0902,0.9644,0.271,-0.5034,8.5109,0.3171,-0.4585,8.5152,63.04945547695079
10679973000,3.4487,3.3587,-30.875,14.625,-39.0938,32.0625,17.6875,-39.375,-0.1452,0.13,0.9808,-0.2574,0.1193,0.9589,0.2284,-0.5044,8.0538,0.246,-0.5,8.1973,63.01259307424191
10684970000,3.5883,3.5185,-31.0625,14.2188,-39.25,31.9375,17.3125,-39.6875,-0.1241,0.1782,0.9761,-0.2022,0.1657,0.9652,0.1989,-0.5635,8.3976,0.1887,-0.5278,7.8831,63.07743166886236
10689971000,3.5277,3.4634,-31.0625,13.875,-39.0625,31.9062,17.125,-39.375,-0.0729,0.2175,0.9733,-0.195,0.207,0.9587,0.166,-0.6118,8.5885,0.1415,-0.5752,7.9029,63.05328965200785
10694970000,3.4616,3.4873,-31.2188,13.8125,-39.375,31.7812,17.0312,-40.375,-0.0308,0.2393,0.9704,-0.1125,0.227,0.9674,0.1527,-0.6548,8.9355,0.1887,-0.582,8.4974,63.090094544944215
10699970000,3.4009,3.4983,-31.5,14.125,-39.0625,31.5,17.125,-40.25,0.0252,0.2261,0.9738,-0.0786,0.2156,0.9733,0.178,-0.6104,8.7027,0.1621,-0.5527,7.8736,63.08256618313811
10704972000,3.4156,3.4616,-31.3125,14.3438,-39.125,31.6562,17.4375,-40.1875,0.0262,0.2127,0.9768,-0.0855,0.2032,0.9754,0.201,-0.5947,8.777,0.2003,-0.5312,8.0488,63.05360469973148
10709971000,3.4597,3.5865,-31.2812,14.5,-39.0312,31.7188,17.375,-40.4375,0.0302,0.1945,0.9804,-0.082,0.185,0.9793,0.2168,-0.5713,8.683,0.1891,-0.5381,8.003,63.081243683760704
10714973000,3.4083,3.5975,-31.2812,14.125,-38.875,31.7188,17.125,-40.2812,0.0347,0.2299,0.9726,-0.088,0.2213,0.9712,0.1804,-0.6162,8.7963,0.1593,-0.5728,8.07,63.08706205269033
10719970000,3.4211,3.5424,-31.2812,14.1875,-39.0625,31.7031,17.25,-40.6875,0.0262,0.2213,0.9749,-0.073,0.2108,0.9748,0.1733,-0.5942,8.4681,0.2054,-0.5537,8.3591,63.07964471792783
10724970000,3.412,3.4854,-31.2188,14.125,-38.875,31.7812,17.0312,-39.8438,0.0252,0.2318,0.9724,-0.1116,0.2241,0.9681,0.1531,-0.5967,8.2742,0.1554,-0.5962,8.294,63.074436754361905
10729970000,3.4175,3.6159,-31.5,14.0,-38.7188,31.5312,16.9062,-40.5312,0.0468,0.2498,0.9672,-0.0516,0.2403,0.9693,0.1454,-0.6196,8.4522,0.1676,-0.605,8.5278,63.12418685131714
10734970000,3.3917,3.4597,-31.4062,14.4062,-39.0,31.5781,17.25,-40.375,0.0358,0.2146,0.976,-0.075,0.2041,0.9761,0.1989,-0.5811,8.5973,0.1913,-0.5498,8.1597,63.06345907044744
10739970000,3.3954,3.4726,-31.4062,14.1875,-39.0,31.5781,17.125,-40.125,0.0328,0.2299,0.9727,-0.0785,0.2194,0.9725,0.1724,-0.5986,8.5075,0.1799,-0.5791,8.3679,63.06279868305878
10744970000,3.3715,3.5626,-31.5312,14.3125,-38.9375,31.4688,17.25,-40.2812,0.0462,0.2184,0.9748,-0.0749,0.2098,0.9749,0.1917,-0.5894,8.6129,0.1749,-0.5508,7.9917,63.082758626585125
10749970000,3.4689,3.5645,-31.4062,14.1875,-39.0625,31.5625,17.25,-40.1875,0.0262,0.2251,0.974,-0.0776,0.2156,0.9734,0.17,-0.5918,8.4042,0.1934,-0.5649,8.3541,63.053165748755234
10754983000,3.4377,3.4432,-31.5,14.25,-39.375,31.5,17.3125,-40.125,0.0138,0.2108,0.9774,-0.0855,0.2003,0.976,0.2096,-0.6016,8.9486,0.2017,-0.5576,8.3619,63.07885070489157
10759970000,3.4946,3.5553,-31.2812,14.2188,-39.1875,31.7031,17.2188,-40.3125,0.0081,0.2156,0.9765,-0.0807,0.2051,0.9754,0.1877,-0.5908,8.5868,0.2064,-0.5713,8.5692,63.065740870063514
10764978000,3.5222,3.6049,-31.3125,14.3125,-39.1562,31.6875,17.3125,-40.3125,0.0129,0.2098,0.9776,-0.0855,0.2003,0.976,0.2032,-0.5908,8.7566,0.2224,-0.5586,8.6005,63.08198657057338
10769971000,3.4983,3.6324,-31.4375,14.125,-39.1562,31.5469,17.1875,-40.4375,0.0195,0.2203,0.9752,-0.0701,0.2108,0.975,0.188,-0.6016,8.7119,0.1995,-0.5679,8.4542,63.07182635139084
10774971000,3.4469,3.5167,-31.375,13.875,-39.0625,31.6406,16.875,-40.125,0.0147,0.2479,0.9687,-0.0801,0.2375,0.9681,0.1508,-0.6382,8.7235,0.1512,-0.6099,8.4046,63.09591705974325
10779971000,3.5424,3.5553,-31.4375,14.0938,-39.375,31.5469,17.2188,-40.0312,0.0081,0.2251,0.9743,-0.0833,0.2156,0.9729,0.1976,-0.6064,8.8733,0.2025,-0.5601,8.399,63.06529050753671
10784971000,3.5057,3.5791,-31.5312,14.0938,-39.4375,31.4688,17.2188,-40.25,0.009,0.2232,0.9747,-0.0653,0.2127,0.9749,0.1923,-0.6094,8.8479,0.1852,-0.5542,8.1427,63.08269002864415
10789971000,3.4248,3.4524,-31.5312,14.0,-39.125,31.4688,17.1875,-40.125,0.0271,0.228,0.9733,-0.0728,0.2184,0.9731,0.1725,-0.6284,8.8492,0.1967,-0.5674,8.4179,63.088510493195194
10794971000,3.5847,3.4836,-31.375,14.0,-39.25,31.6406,17.1562,-40.1562,0.0052,0.2308,0.973,-0.0832,0.2213,0.9716,0.1758,-0.6167,8.7511,0.1868,-0.5815,8.4705,63.10109856603132
10799976000,3.5075,3.6416,-31.25,14.1875,-39.125,31.7344,17.1562,-39.9375,0.0071,0.2203,0.9754,-0.0986,0.2108,0.9725,0.1908,-0.6035,8.7649,0.1846,-0.5942,8.591,63.05955898434432
10804979000,3.5589,3.6122,-31.5,14.2188,-39.4375,31.4844,17.375,-40.0625,0.0119,0.2098,0.9777,-0.0789,0.2003,0.9766,0.2061,-0.5962,8.8486,0.2156,-0.5591,8.5311,63.06652730886647
10810096000,3.4983,3.5314,-31.3125,14.3438,-39.3125,31.6875,17.375,-40.125,-0.0014,0.2051,0.9787,-0.0914,0.1945,0.9766,0.218,-0.5903,8.913,0.218,-0.5688,8.6687,63.07811292112344
10815104000,3.5424,3.739,-31.4062,14.0,-39.4375,31.5781,17.1875,-40.0312,-0.0043,0.2327,0.9725,-0.0889,0.2241,0.9705,0.1741,-0.6211,8.7827,0.1741,-0.5879,8.4038,63.067699200383075
10820096000,3.4873,3.4377,-31.4062,14.3125,-39.375,31.5781,17.375,-40.0,0.0024,0.2079,0.9781,-0.0856,0.1965,0.9768,0.2137,-0.5918,8.8828,0.208,-0.561,8.4702,63.06180759968747
10825096000,3.4726,3.7261,-31.4375,14.2188,-39.25,31.5469,17.3125,-40.25,0.0129,0.2194,0.9756,-0.0701,0.2098,0.9752,0.1971,-0.605,8.8512,0.217,-0.5615,8.5748,63.06826161430169
10830109000,3.5222,3.5351,-31.5,14.25,-39.125,31.4844,17.4375,-40.1875,0.0177,0.2108,0.9774,-0.0626,0.2012,0.9775,0.2042,-0.6021,8.8953,0.2112,-0.5464,8.339,63.07395425894907
10835098000,3.5498,3.5608,-31.5312,14.1875,-39.5,31.4688,17.3438,-40.3125,0.0081,0.2089,0.9779,-0.0646,0.1993,0.9778,0.2047,-0.6025,8.9063,0.213,-0.5542,8.4476,63.08424831873643
10840096000,3.5736,3.4505,-31.625,14.25,-39.1875,31.3438,17.3125,-40.25,0.0291,0.2137,0.9765,-0.054,0.2041,0.9775,0.2004,-0.6006,8.8372,0.2112,-0.5532,8.4165,63.052181452666645
10845096000,3.5259,3.5534,-31.4375,14.25,-39.1875,31.5469,17.3438,-40.0938,0.0129,0.2137,0.9768,-0.0759,0.2041,0.976,0.1993,-0.6006,8.8251,0.2065,-0.5674,8.5262,63.066850416760154
10850096000,3.5938,3.6269,-31.5312,14.3438,-39.0938,31.4375,17.5,-40.4375,0.0301,0.206,0.9781,-0.0522,0.1955,0.9793,0.193,-0.5859,8.5887,0.2418,-0.5439,8.6476,63.06206710709696
10855096000,3.5387,3.739,-31.2812,14.25,-38.875,31.7031,17.2188,-40.0,0.0186,0.2213,0.975,-0.0948,0.2137,0.9723,0.183,-0.5977,8.6126,0.1731,-0.5815,8.3208,63.064264404890984
10860097000,3.592,3.6177,-31.3125,14.5312,-38.9688,31.6875,17.625,-40.1875,0.0129,0.1955,0.9806,-0.0714,0.1859,0.98,0.2194,-0.5645,8.6335,0.2422,-0.5322,8.5191,63.087691573951254
10865096000,3.5479,3.6159,-31.5625,14.3125,-39.2812,31.4375,17.25,-40.25,0.0196,0.2137,0.9767,-0.0569,0.2041,0.9773,0.2028,-0.5898,8.7401,0.198,-0.5703,8.4658,63.07588667383123
10870097000,3.6085,3.4946,-31.2812,14.375,-39.2188,31.7031,17.5,-40.0938,-0.0014,0.2012,0.9795,-0.0866,0.1907,0.9778,0.201,-0.5864,8.6825,0.2242,-0.541,8.4215,63.06784677226582
10875097000,3.5975,3.502,-31.5625,13.9375,-39.125,31.4375,17.0312,-39.6875,0.0147,0.2375,0.9713,-0.0803,0.228,0.9704,0.1436,-0.6421,8.6896,0.1426,-0.5957,8.1483,63.07842250674948
10880097000,3.5938,3.6637,-31.3125,14.0938,-39.25,31.6406,17.3438,-40.0,-0.0024,0.2194,0.9756,-0.0834,0.2098,0.9742,0.177,-0.6094,8.6808,0.2065,-0.5591,8.432,63.04139750679707
10885100000,3.6085,3.603,-31.5,14.0938,-39.0625,31.5,17.1875,-40.0,0.0214,0.2213,0.975,-0.0748,0.2127,0.9742,0.1685,-0.6099,8.5929,0.1735,-0.5908,8.4304,63.082881084649266
10890097000,3.5571,3.5387,-31.4062,14.6562,-39.0625,31.5938,17.6875,-40.1562,0.0149,0.183,0.983,-0.0678,0.1725,0.9827,0.2208,-0.5601,8.5997,0.248,-0.5137,8.3741,63.08236646940252
10895097000,3.5865,3.5167,-31.4062,14.3125,-39.0,31.5781,17.3438,-39.875,0.0196,0.2089,0.9777,-0.0808,0.2003,0.9764,0.197,-0.5923,8.7051,0.1853,-0.5654,8.2714,63.063273394107924
10900105000,3.6196,3.5718,-31.375,14.4375,-39.125,31.625,17.5,-40.0312,0.0033,0.1974,0.9803,-0.0781,0.1869,0.9793,0.2126,-0.584,8.7818,0.2286,-0.5352,8.4035,63.08090126726155
10905100000,3.6379,3.5645,-31.3125,14.3438,-39.25,31.6406,17.4375,-40.0312,-0.0024,0.2041,0.9789,-0.0885,0.1936,0.9771,0.1971,-0.5894,8.6731,0.2118,-0.5566,8.4619,63.03391192635913
10910097000,3.6582,3.5332,-31.4062,14.2188,-39.1875,31.5781,17.25,-39.625,0.0071,0.2175,0.976,-0.0835,0.207,0.9748,0.1879,-0.6021,8.7161,0.1698,-0.5762,8.2237,63.05871570354093
10915097000,3.5498,3.6343,-31.1875,14.4062,-39.1875,31.8125,17.4688,-39.875,-0.0081,0.2022,0.9793,-0.1,0.1907,0.9765,0.2039,-0.5898,8.7522,0.2126,-0.5518,8.4159,63.07814340173623
10920097000,3.581,3.6177,-31.4375,14.4062,-39.0625,31.5625,17.4375,-40.3125,0.0186,0.2041,0.9788,-0.0675,0.1955,0.9784,0.208,-0.5854,8.7476,0.229,-0.5498,8.5732,63.08526991057421
10925097000,3.5185,3.4763,-31.2812,14.1875,-39.125,31.6875,17.25,-39.875,-0.0014,0.2203,0.9754,-0.0891,0.2108,0.9735,0.1686,-0.5986,8.4661,0.1847,-0.5742,8.3645,63.04758985036621
10930097000,3.5626,3.4836,-31.4375,14.1875,-39.25,31.5469,17.375,-39.875,0.0081,0.207,0.9783,-0.0856,0.1974,0.9766,0.1849,-0.605,8.7175,0.1993,-0.5615,8.3808,63.06810148252443
10935097000,3.5589,3.5645,-31.4062,14.3125,-39.2812,31.5781,17.4688,-39.9688,0.0072,0.2022,0.9793,-0.0866,0.1926,0.9774,0.202,-0.5957,8.7989,0.2166,-0.5479,8.4145,63.06708388644587
10940102000,3.5883,3.6269,-31.5312,14.25,-39.2188,31.4688,17.3438,-40.1875,0.0196,0.2127,0.9769,-0.0674,0.2032,0.9768,0.1879,-0.603,8.7273,0.1997,-0.5596,8.3627,63.0833573783926
10945222000,3.5093,3.5626,-31.5,14.5625,-39.0625,31.5,17.5312,-39.9375,0.0225,0.1945,0.9806,-0.0762,0.1859,0.9796,0.2271,-0.5718,8.801,0.2208,-0.543,8.4061,63.075976446583844
10950222000,3.6104,3.6618,-31.375,14.0938,-39.0938,31.625,17.0625,-40.0,0.009,0.2289,0.9734,-0.0814,0.2194,0.9722,0.1628,-0.6167,8.6096,0.1624,-0.603,8.4481,63.076416972827495
10955222000,3.6196,3.5387,-31.5,14.375,-39.3125,31.5,17.625,-40.125,0.0043,0.1955,0.9807,-0.0715,0.183,0.9805,0.208,-0.5972,8.8811,0.2404,-0.5298,8.4714,63.08900582708527
10960222000,3.5167,3.4303,-31.2812,14.1875,-39.1562,31.6875,17.3125,-39.6562,-0.0024,0.2165,0.9763,-0.0997,0.207,0.9733,0.1682,-0.6006,8.4843,0.1672,-0.5674,8.0958,63.048178440697235
10965222000,3.4965,3.5314,-31.375,14.3438,-39.0625,31.5781,17.5,-39.375,0.0158,0.2032,0.979,-0.0914,0.1936,0.9768,0.184,-0.5947,8.5899,0.1945,-0.5405,8.0895,63.032944198252395
10970222000,3.6526,3.5975,-31.5,14.2188,-39.3125,31.5,17.4375,-39.7188,0.0052,0.2108,0.9775,-0.075,0.2012,0.9767,0.1879,-0.604,8.7384,0.1982,-0.5439,8.1696,63.08347730888018
10975233000,3.6049,3.5498,-31.375,14.3438,-39.25,31.625,17.5,-40.0625,0.0062,0.2041,0.9789,-0.0885,0.1945,0.9769,0.188,-0.5894,8.5728,0.1975,-0.5469,8.1947,63.08424331550629
10980222000,3.5534,3.7059,-31.3125,14.375,-39.0,31.6406,17.5,-40.0,0.0158,0.207,0.9782,-0.0713,0.1974,0.9777,0.1807,-0.5859,8.4537,0.218,-0.543,8.3753,63.03854713276631
10985223000,3.4946,3.5516,-31.3125,14.2188,-39.0625,31.6562,17.3438,-39.75,0.0052,0.2137,0.9769,-0.0893,0.2041,0.9749,0.1719,-0.5972,8.4854,0.1848,-0.5742,8.3658,63.04994417872231
10990222000,3.4928,3.5075,-31.4375,14.2188,-39.0,31.5625,17.25,-39.75,0.0186,0.2184,0.9757,-0.0816,0.2079,0.9747,0.1602,-0.5952,8.335,0.1758,-0.5879,8.4225,63.077338826554815
10995223000,3.4873,3.4358,-31.4375,14.4375,-38.9375,31.5,17.5625,-39.75,0.0273,0.1936,0.9807,-0.0734,0.184,0.9802,0.176,-0.5742,8.2696,0.2062,-0.5371,8.1792,63.02027203606789
11000223000,3.4671,3.649,-31.4375,14.5625,-39.125,31.5625,17.5625,-40.1562,0.0197,0.1869,0.9822,-0.0648,0.1782,0.9819,0.2078,-0.5698,8.5673,0.2209,-0.5386,8.3577,63.07981748102954
11005226000,3.5204,3.6747,-31.3125,14.1875,-38.7812,31.6406,17.3438,-39.875,0.0272,0.2137,0.9765,-0.0731,0.2041,0.9762,0.1439,-0.6006,8.2187,0.1847,-0.5674,8.2869,63.041664220894425
11010223000,3.4432,3.5773,-31.4375,14.4062,-39.0,31.5469,17.5625,-39.9688,0.0225,0.1936,0.9808,-0.0686,0.184,0.9805,0.1816,-0.5889,8.4977,0.2288,-0.5278,8.3221,63.07087637325171
11015223000,3.4413,3.6159,-31.4062,14.0938,-38.75,31.5625,17.2188,-39.7812,0.0338,0.2241,0.974,-0.0881,0.2156,0.9725,0.1323,-0.6118,8.2202,0.1794,-0.5796,8.3681,63.05462852265486
11020223000,3.4064,3.6398,-31.375,14.5625,-38.6875,31.6406,17.5312,-39.9688,0.0359,0.1936,0.9804,-0.0648,0.183,0.981,0.1829,-0.5752,8.3555,0.2177,-0.5371,8.305,63.098500400088746
11025223000,3.3936,3.6563,-31.375,14.0625,-38.6875,31.5938,16.9062,-40.0625,0.0611,0.2431,0.9681,-0.0261,0.2346,0.9717,0.0969,-0.6333,8.0795,0.1292,-0.6025,8.0796,63.04797402082005
11030229000,3.4652,3.5608,-31.5625,14.5,-38.75,31.4375,17.1875,-40.4375,0.1241,0.2156,0.9686,0.0272,0.2108,0.9771,0.1425,-0.5874,8.0524,0.1724,-0.5366,7.8034,63.079872483225586
11035223000,3.5994,3.5461,-31.4062,14.6562,-38.5,31.5625,17.5,-40.3125,0.1727,0.2003,0.9644,0.0311,0.1993,0.9794,0.1351,-0.5674,7.7448,0.1504,-0.4836,6.9661,63.058936990564625
11040229000,3.6085,3.491,-31.1875,14.2188,-38.375,31.7812,17.1562,-40.625,0.2005,0.2299,0.9523,0.0622,0.2299,0.9712,0.0881,-0.5952,7.5476,0.1163,-0.5142,6.9367,63.07731762250199
11045227000,3.456,3.3991,-31.5,14.2188,-38.3438,31.5,17.0,-40.1875,0.2347,0.2318,0.944,0.0783,0.2318,0.9696,0.0939,-0.6162,7.8506,0.0914,-0.5264,6.8033,63.088305597234104
11050223000,3.5681,3.7023,-31.4375,14.9688,-38.625,31.5,17.7812,-40.4688,0.2635,0.1551,0.9521,0.1159,0.1571,0.9808,0.1934,-0.541,8.083,0.1499,-0.4385,6.4549,63.02728058904334
11055230000,3.5112,3.4083,-31.4062,14.75,-38.875,31.5469,17.7812,-40.5,0.2575,0.1657,0.952,0.1167,0.1677,0.9789,0.1776,-0.5552,8.0709,0.1683,-0.4341,6.6074,63.04697929361882
11060228000,3.491,3.6141,-31.1875,14.6875,-38.5625,31.75,17.5312,-40.3125,0.2486,0.1763,0.9524,0.1069,0.1782,0.9782,0.1656,-0.5586,7.9787,0.139,-0.4707,6.6968,63.02601078872119
11065227000,3.5645,3.7004,-31.2812,14.625,-38.75,31.6562,17.5625,-40.5,0.2364,0.1782,0.9552,0.1012,0.1802,0.9784,0.1787,-0.5566,8.0995,0.1582,-0.4675,6.8708,63.030212795214325
11070223000,3.4946,3.5865,-31.1875,14.6562,-38.4375,31.7812,17.4375,-40.625,0.2447,0.1802,0.9527,0.1002,0.1821,0.9782,0.1671,-0.5527,7.9283,0.1681,-0.4907,7.2393,63.06804234816553
11075223000,3.5112,3.7041,-31.4375,15.0312,-38.6875,31.5,17.8438,-40.5,0.2605,0.1377,0.9556,0.1239,0.1397,0.9824,0.2159,-0.5317,8.2256,0.1978,-0.4441,7.0413,63.02638162912417
11080348000,3.4671,3.671,-31.3125,14.5625,-38.625,31.6406,17.4688,-40.5625,0.2483,0.183,0.9512,0.1183,0.184,0.9758,0.1797,-0.5674,8.2321,0.1576,-0.4812,7.0175,63.04992692739619
11085348000,3.5093,3.5038,-31.0625,15.0625,-38.4688,31.875,17.9688,-40.375,0.2305,0.1358,0.9635,0.0836,0.1377,0.9869,0.2296,-0.5244,8.2929,0.1892,-0.4368,6.8659,63.03339657974969
11090362000,3.4469,3.5847,-31.2812,14.6562,-38.625,31.6875,17.4375,-40.3438,0.2328,0.1773,0.9562,0.1069,0.1773,0.9783,0.1877,-0.5674,8.3203,0.1609,-0.4812,7.0535,63.05352553838683
11095348000,3.4799,3.5938,-31.375,15.0,-38.5,31.5781,17.7812,-40.375,0.2536,0.1464,0.9562,0.119,0.1484,0.9817,0.2328,-0.5386,8.4877,0.1913,-0.4431,6.9595,63.0423944504807
11100348000,3.5369,3.7169,-31.25,14.4375,-38.5312,31.7188,17.3438,-40.4375,0.2268,0.1859,0.956,0.0953,0.1859,0.9779,0.1575,-0.5767,8.0944,0.1562,-0.4873,7.0713,63.06465200744392
11105349000,3.4671,3.7353,-31.375,14.7188,-38.625,31.5781,17.625,-40.25,0.2378,0.1686,0.9566,0.1042,0.1686,0.9802,0.1986,-0.5591,8.3451,0.1777,-0.4792,7.2159,63.04109313019564
11110349000,3.4597,3.7408,-31.375,14.75,-38.5625,31.5938,17.6875,-40.4375,0.2463,0.1657,0.9549,0.1167,0.1667,0.9791,0.2108,-0.5474,8.3461,0.1768,-0.4524,6.9042,63.06515919816583
11115349000,3.5038,3.5865,-31.5,14.8125,-38.4062,31.4688,17.5312,-40.0,0.25,0.1657,0.9539,0.1081,0.1657,0.9802,0.2043,-0.5513,8.3194,0.1573,-0.4829,7.034,63.047611386713136
11120349000,3.5038,3.6196,-31.1875,14.8125,-38.5312,31.7969,17.625,-40.3125,0.2275,0.1677,0.9592,0.0909,0.1667,0.9818,0.2072,-0.5317,8.1292,0.1779,-0.4763,7.1844,63.072322212679
11125349000,3.4285,3.5938,-31.25,14.6562,-38.5,31.7188,17.4375,-40.3125,0.2281,0.1763,0.9575,0.0984,0.1763,0.9794,0.1927,-0.562,8.3141,0.158,-0.4836,7.0489,63.05624916992764
11130349000,3.4946,3.7114,-31.3125,14.5625,-38.6875,31.6406,17.5,-40.3125,0.2242,0.1811,0.9576,0.1087,0.183,0.9771,0.1917,-0.5615,8.2966,0.1688,-0.4839,7.1705,63.0425438165371
11135349000,3.5424,3.6214,-31.25,14.625,-38.625,31.7031,17.5312,-40.3125,0.2254,0.1734,0.9587,0.0955,0.1734,0.9802,0.2028,-0.5605,8.4072,0.1794,-0.4849,7.2977,63.04273514291714
11140361000,3.412,3.4542,-31.3125,14.5625,-38.5312,31.6562,17.4375,-40.3125,0.2288,0.183,0.9561,0.1059,0.183,0.9774,0.1874,-0.5649,8.2885,0.1661,-0.4888,7.1959,63.05946268705435
11145349000,3.4836,3.5883,-31.3125,14.5312,-38.4375,31.6406,17.25,-40.4375,0.2381,0.184,0.9537,0.1154,0.184,0.9761,0.1901,-0.5718,8.3956,0.1453,-0.52,7.3195,63.043514123579754
11150355000,3.4616,3.4505,-31.4062,14.75,-38.4688,31.5781,17.3438,-39.8125,0.2388,0.1677,0.9565,0.0899,0.1677,0.9817,0.2112,-0.5576,8.4663,0.1302,-0.4961,6.886,63.052005317991274
11155349000,3.4542,3.6398,-31.4375,14.875,-38.375,31.5312,17.625,-40.375,0.2465,0.1619,0.9555,0.1168,0.1619,0.9799,0.2264,-0.54,8.4346,0.1802,-0.4863,7.3221,63.06044465185763
11160349000,3.5093,3.6196,-31.2188,14.6875,-38.5625,31.7812,17.25,-40.3125,0.2245,0.1744,0.9588,0.107,0.1734,0.979,0.2061,-0.5586,8.4211,0.1542,-0.5151,7.3619,63.07637359780602
11165349000,3.4597,3.6508,-31.4375,14.6562,-38.3438,31.5469,17.5,-39.9688,0.2439,0.1782,0.9533,0.1069,0.1802,0.9778,0.1956,-0.5591,8.3117,0.1676,-0.4863,7.1845,63.06950504641685
11170349000,3.5424,3.682,-31.4375,14.375,-38.6875,31.5,17.1875,-39.9375,0.234,0.1917,0.9532,0.099,0.1926,0.9763,0.1796,-0.5913,8.5028,0.1165,-0.5278,7.0937,63.01270953149055
11175349000,3.5093,3.6012,-31.2812,14.625,-38.5938,31.6875,17.3438,-40.25,0.2241,0.1821,0.9574,0.1001,0.183,0.978,0.1954,-0.5615,8.338,0.1503,-0.501,7.1597,63.04912411421748
11180350000,3.4524,3.6379,-31.1875,14.6562,-38.4062,31.7969,17.3438,-40.375,0.2214,0.1811,0.9582,0.1021,0.1802,0.9783,0.1975,-0.5586,8.3275,0.1523,-0.5215,7.4135,63.072450487990395
11185349000,3.491,3.682,-31.0938,14.6562,-38.5625,31.875,17.5,-40.4375,0.2085,0.1744,0.9623,0.0984,0.1734,0.9799,0.2065,-0.561,8.4542,0.1796,-0.4995,7.4637,63.06086422560351
11190349000,3.4579,3.5645,-31.4375,14.7188,-38.4375,31.5,17.4688,-39.8125,0.2424,0.1705,0.9551,0.085,0.1715,0.9815,0.2114,-0.5522,8.4081,0.1591,-0.4863,7.0911,63.01255455264451
11195349000,3.491,3.524,-31.5625,14.6875,-38.4375,31.3906,17.5312,-40.0625,0.2507,0.1715,0.9527,0.1233,0.1725,0.9773,0.2118,-0.5654,8.5616,0.175,-0.4731,7.118,63.038242791975094
11200361000,3.5112,3.6673,-31.375,14.4062,-38.375,31.625,17.0312,-39.9375,0.2345,0.1993,0.9514,0.0827,0.1993,0.9764,0.17,-0.5771,8.2375,0.1209,-0.5566,7.4676,63.07402025596593
11205349000,3.5204,3.5498,-31.375,14.5625,-38.6562,31.5781,17.375,-40.125,0.225,0.183,0.957,0.1021,0.183,0.9778,0.1938,-0.5674,8.3871,0.1769,-0.5029,7.4727,63.033009838496525
11210349000,3.4505,3.57,-31.4375,14.5312,-38.2812,31.5312,17.3125,-39.9375,0.2454,0.1869,0.9512,0.0943,0.1869,0.9778,0.1868,-0.5786,8.4372,0.1481,-0.4993,7.1164,63.0518527806281
11215475000,3.4101,3.3715,-31.375,14.8125,-38.3125,31.5938,17.5,-39.9375,0.238,0.1638,0.9574,0.0938,0.1638,0.982,0.2094,-0.5439,8.2913,0.1635,-0.4907,7.1885,63.047070151514575
11220474000,3.5112,3.6379,-31.4062,14.7188,-38.5,31.5469,17.5625,-40.1875,0.2351,0.1667,0.9576,0.11,0.1657,0.98,0.2034,-0.561,8.4194,0.1829,-0.4795,7.2748,63.03988487893994
11225479000,3.5277,3.739,-31.375,14.6562,-38.1875,31.5938,17.3438,-40.25,0.2457,0.1802,0.9525,0.1021,0.1821,0.978,0.188,-0.5615,8.2564,0.1667,-0.5034,7.3674,63.05986737577236
11230478000,3.5277,3.5295,-31.4062,14.5625,-38.4375,31.5625,17.25,-39.5625,0.23,0.1773,0.9569,0.0792,0.1792,0.9806,0.1958,-0.5659,8.3919,0.1281,-0.5054,6.9664,63.036064764069785
11235475000,3.5093,3.6526,-31.4375,14.6875,-38.4375,31.5,17.4688,-40.125,0.2436,0.1648,0.9558,0.0976,0.1648,0.9815,0.2021,-0.5576,8.3673,0.1693,-0.4829,7.1648,63.02152165879526
11240491000,3.5148,3.6802,-31.2812,14.5,-38.25,31.6875,17.2188,-40.3438,0.2379,0.1869,0.9531,0.1134,0.1869,0.9758,0.1678,-0.5791,8.2356,0.1619,-0.5146,7.4405,63.06213643360015
11245475000,3.4542,3.4873,-31.375,14.5,-38.1875,31.5938,17.1875,-39.875,0.2451,0.1926,0.9502,0.0961,0.1936,0.9764,0.17,-0.5762,8.2264,0.1329,-0.5396,7.4054,63.04871200857318
11250475000,3.4707,3.4707,-31.2812,14.4375,-38.4375,31.6562,17.2188,-39.8438,0.2256,0.1907,0.9554,0.0933,0.1907,0.9772,0.1886,-0.5771,8.4406,0.1495,-0.5186,7.3497,63.01451918518462
11255478000,3.5387,3.5204,-31.2812,14.7188,-38.5625,31.7031,17.375,-39.875,0.2256,0.1696,0.9593,0.087,0.1696,0.9817,0.2086,-0.5498,8.3496,0.1586,-0.5059,7.3054,63.05394596042344
11260475000,3.5295,3.6526,-31.2812,14.5312,-38.1562,31.7031,17.0312,-40.0625,0.2376,0.1936,0.9519,0.0904,0.1945,0.9767,0.1813,-0.5718,8.2993,0.1203,-0.5503,7.389,63.06271502385542
11265475000,3.5314,3.7629,-31.3125,14.8438,-38.4688,31.6406,17.6562,-40.0,0.2318,0.1551,0.9603,0.0882,0.1551,0.984,0.2156,-0.5405,8.3209,0.173,-0.478,7.1501,63.03449029547237
11270475000,3.5387,3.5498,-31.3125,14.7188,-38.5625,31.625,17.5625,-40.0312,0.2257,0.1657,0.96,0.0957,0.1657,0.9815,0.2102,-0.5508,8.3781,0.16,-0.4805,7.0359,63.01882746949518
11275477000,3.4946,3.5001,-31.125,14.5,-38.5,31.8438,17.1875,-40.25,0.2166,0.184,0.9588,0.0925,0.183,0.9787,0.1786,-0.5635,8.1757,0.1501,-0.541,7.6101,63.05041577729682
11280482000,3.5847,3.6637,-31.375,14.5625,-38.625,31.5625,17.4688,-39.875,0.2282,0.1754,0.9577,0.0965,0.1744,0.9799,0.2198,-0.5664,8.661,0.1569,-0.5029,7.2537,63.01696585793385
11285475000,3.524,3.5222,-31.4375,14.625,-38.4375,31.5,17.5312,-40.3125,0.2375,0.1763,0.9553,0.1184,0.1763,0.9772,0.2052,-0.561,8.4395,0.1671,-0.4812,7.1216,63.032456161012796
11290475000,3.5277,3.5277,-31.2812,14.5312,-38.0938,31.6562,17.25,-39.8125,0.2453,0.1878,0.9511,0.0838,0.1888,0.9784,0.174,-0.5718,8.2192,0.1361,-0.5371,7.4125,63.01953762040784
11295475000,3.4854,3.4763,-31.375,14.8125,-38.3125,31.5938,17.5312,-39.9062,0.2362,0.1619,0.9581,0.09,0.1619,0.9827,0.2184,-0.5459,8.4125,0.1746,-0.488,7.2799,63.04760885886157
11300477000,3.5571,3.6545,-31.375,14.8438,-38.8125,31.5781,17.8125,-40.25,0.2028,0.1474,0.9681,0.0729,0.1474,0.9864,0.238,-0.5518,8.6945,0.2162,-0.4724,7.5605,63.039451025131875
11305475000,3.513,3.6196,-31.375,14.6875,-38.6875,31.5938,17.75,-40.1875,0.192,0.1609,0.9681,0.0689,0.16,0.9847,0.2036,-0.5605,8.4165,0.2209,-0.4963,7.8814,63.06107103189733
11310475000,3.5351,3.8768,-31.2188,14.625,-38.5312,31.7812,17.5312,-40.3125,0.1815,0.1657,0.9693,0.0525,0.1648,0.9849,0.187,-0.562,8.2513,0.2159,-0.5088,7.9667,63.09214711935234
11315475000,3.5277,3.6324,-31.2812,14.7188,-38.625,31.6875,17.75,-40.125,0.1827,0.1551,0.9708,0.0593,0.1532,0.9864,0.2042,-0.5542,8.3513,0.2252,-0.4756,7.6952,63.05945887121138
11320476000,3.4836,3.7078,-31.125,14.5625,-38.5938,31.8125,17.5312,-40.125,0.1823,0.1696,0.9685,0.0447,0.1686,0.9847,0.1874,-0.562,8.2553,0.2058,-0.5093,7.8611,63.02607920043893
11325479000,3.5387,3.671,-31.5,14.25,-38.8125,31.4688,17.3125,-39.8125,0.1872,0.1917,0.9634,0.0618,0.1907,0.9797,0.1633,-0.604,8.4699,0.1798,-0.5332,7.8463,63.05115922558443
11330485000,3.5112,3.6839,-31.2188,14.4062,-38.375,31.7344,17.25,-39.875,0.1835,0.1898,0.9645,0.0407,0.1878,0.9814,0.1562,-0.5923,8.2589,0.1511,-0.5518,7.7424,63.03524877939327
11335476000,3.4726,3.6141,-31.2812,14.6562,-38.5,31.7031,17.5312,-40.125,0.1909,0.1667,0.9674,0.0621,0.1657,0.9842,0.1963,-0.5669,8.4083,0.2043,-0.5156,7.9166,63.07081969096327
11340476000,3.4873,3.7482,-31.2188,14.5312,-38.4688,31.75,17.4375,-40.1562,0.1763,0.1782,0.9681,0.0581,0.1763,0.9826,0.1808,-0.5786,8.3717,0.2092,-0.519,8.0086,63.05841475877743
11345476000,3.4836,3.7261,-31.2188,14.5,-38.5625,31.7188,17.5312,-39.9375,0.1774,0.1744,0.9686,0.0409,0.1725,0.9842,0.1777,-0.5767,8.3161,0.1923,-0.5078,7.6961,63.02555269253892
11350480000,3.4726,3.5736,-31.375,14.5625,-38.5,31.5781,17.625,-39.8125,0.188,0.1686,0.9676,0.0534,0.1667,0.9846,0.1832,-0.5762,8.3707,0.2181,-0.4995,7.8863,63.04121161676701
11355613000,3.5295,3.6379,-31.2812,14.5312,-38.6875,31.6562,17.625,-40.0312,0.1843,0.1657,0.9688,0.0544,0.1638,0.985,0.1891,-0.5742,8.4126,0.2068,-0.4993,7.7591,63.02771967071314
11360601000,3.5553,3.6839,-31.2188,14.625,-38.5938,31.75,17.6562,-40.2812,0.1786,0.1677,0.9695,0.0553,0.1657,0.9846,0.1917,-0.5747,8.4462,0.2216,-0.4907,7.825,63.064294697078786
11365601000,3.5589,3.6637,-31.25,14.7188,-38.4688,31.7031,17.8438,-40.25,0.1884,0.1551,0.9698,0.0689,0.1522,0.9859,0.1891,-0.5596,8.2463,0.2529,-0.478,8.0268,63.05577767381828
11370601000,3.5791,3.8584,-31.4062,14.8125,-38.6562,31.5469,17.5625,-40.2812,0.1979,0.1551,0.9679,0.0738,0.1522,0.9856,0.2284,-0.5522,8.5942,0.2098,-0.4968,7.7651,63.03408541900168
11375607000,3.5057,3.5645,-31.4062,14.7188,-38.4375,31.5625,17.625,-39.8125,0.2016,0.158,0.9666,0.0545,0.158,0.9859,0.2058,-0.561,8.4462,0.2128,-0.5044,7.8824,63.050724049212945
11380605000,3.5277,3.7096,-31.2812,14.5,-38.5,31.6562,17.4375,-39.9688,0.1886,0.1782,0.9657,0.0514,0.1782,0.9826,0.1726,-0.5801,8.2988,0.2126,-0.5142,7.9911,63.0230322854272
11385601000,3.5736,3.671,-31.3125,14.5,-38.625,31.6406,17.5625,-40.1562,0.184,0.1754,0.9672,0.0639,0.1744,0.9826,0.1877,-0.5786,8.4479,0.223,-0.498,7.9234,63.04614404783214
11390601000,3.4873,3.6196,-31.3125,14.5,-38.3125,31.6406,17.6562,-40.1875,0.1982,0.1744,0.9645,0.0639,0.1734,0.9828,0.1761,-0.584,8.382,0.2184,-0.4895,7.7764,63.060050928063795
11395601000,3.5332,3.6416,-31.1875,14.4062,-38.625,31.7969,17.4688,-40.375,0.1763,0.1802,0.9677,0.0629,0.1792,0.9818,0.1716,-0.5903,8.4048,0.2106,-0.5195,8.0289,63.08309331445312
11400601000,3.5093,3.1492,-31.2812,14.625,-38.5,31.6562,17.3438,-40.0,0.1907,0.1725,0.9664,0.0466,0.1725,0.9839,0.1984,-0.5698,8.4643,0.1908,-0.5278,7.9059,63.013952361362
11405607000,3.5406,3.6747,-31.4062,14.5312,-38.5312,31.5625,17.5312,-40.125,0.1963,0.1725,0.9652,0.0735,0.1715,0.9824,0.1917,-0.5811,8.5184,0.2021,-0.5137,7.8705,63.060267824756345
11410601000,3.4211,3.7041,-31.2812,14.5312,-38.375,31.6562,17.3125,-40.0,0.1904,0.1802,0.965,0.06,0.1782,0.9822,0.1689,-0.5762,8.2143,0.1904,-0.5439,8.084,63.019779224065836
11415601000,3.5865,3.6545,-31.375,14.4375,-38.6875,31.5781,17.5,-40.0,0.1868,0.1763,0.9664,0.0552,0.1754,0.983,0.1906,-0.5952,8.6676,0.2076,-0.5166,7.9637,63.04121161676701
11420601000,3.5057,3.6618,-31.25,14.4375,-38.4375,31.7031,17.4688,-40.0312,0.1886,0.1773,0.9659,0.0485,0.1773,0.983,0.1731,-0.5835,8.3431,0.212,-0.5205,8.0559,63.04618512638175
11425601000,3.5718,3.6784,-31.25,14.6562,-38.5,31.7188,17.5,-40.0,0.1948,0.1628,0.9672,0.0554,0.1628,0.9851,0.1849,-0.5674,8.2895,0.1917,-0.5215,7.8436,63.05082847893436
11430601000,3.4946,3.6912,-31.3125,14.3438,-38.2812,31.6406,17.3125,-39.9375,0.1966,0.1907,0.9618,0.0417,0.1907,0.9808,0.1407,-0.5962,8.1339,0.1688,-0.5298,7.6874,63.04481984263259
11435606000,3.5479,3.7078,-31.0938,14.6562,-38.4375,31.8594,17.625,-40.2812,0.1795,0.1667,0.9695,0.0554,0.1648,0.9848,0.1846,-0.5635,8.2412,0.2218,-0.5098,8.0419,63.05012603770115
11440602000,3.5314,3.6122,-31.2812,14.5312,-38.5,31.6875,17.5,-40.0312,0.1888,0.1725,0.9668,0.0553,0.1715,0.9836,0.1766,-0.5762,8.2985,0.2018,-0.5161,7.894,63.057240080501465
11445608000,3.5424,3.7739,-31.375,14.3125,-38.625,31.5938,17.1562,-40.0,0.1929,0.1907,0.9625,0.0618,0.1907,0.9797,0.1796,-0.6001,8.603,0.1689,-0.5659,8.0979,63.04797402082005
11450602000,3.4744,3.4652,-31.2812,14.4375,-38.3125,31.6406,17.375,-39.8438,0.1922,0.183,0.9641,0.0523,0.183,0.9817,0.1663,-0.585,8.2849,0.1866,-0.5454,8.0592,63.00894143833873
11455602000,3.5773,3.6288,-31.375,14.5,-38.5625,31.5938,17.5,-40.0,0.1914,0.1782,0.9652,0.0562,0.1763,0.9827,0.1793,-0.5786,8.3556,0.2046,-0.5156,7.9193,63.056610911862364
11460605000,3.5295,3.6747,-31.2188,14.4062,-38.5312,31.75,17.3438,-40.125,0.1799,0.183,0.9665,0.0456,0.183,0.982,0.1587,-0.5879,8.2355,0.1678,-0.5479,7.881,63.05742990036939
11465602000,3.5902,3.6361,-31.1875,14.6562,-38.5,31.7812,17.625,-40.4375,0.1825,0.1619,0.9698,0.0583,0.16,0.9854,0.1912,-0.5615,8.2912,0.2324,-0.4951,7.9936,63.068414118162195
11470602000,3.4965,3.5718,-31.375,14.375,-38.4375,31.5938,17.3438,-39.9688,0.1958,0.1869,0.9627,0.0628,0.1859,0.9806,0.1619,-0.5923,8.3203,0.1798,-0.5361,7.8794,63.05734236843478
11475602000,3.4891,3.6526,-31.375,14.375,-38.4375,31.5781,17.3125,-40.1562,0.1957,0.1907,0.9619,0.0886,0.1878,0.9782,0.1587,-0.5942,8.3078,0.1926,-0.542,8.086,63.045028634698866
11480605000,3.5571,3.7353,-31.25,14.4375,-38.3125,31.7031,17.3125,-40.125,0.196,0.1821,0.9636,0.0686,0.1802,0.9812,0.1584,-0.5874,8.2273,0.1779,-0.5356,7.8525,63.04477441358641
11485602000,3.5204,3.5553,-31.375,14.5312,-38.5625,31.5938,17.5312,-40.0938,0.185,0.1725,0.9675,0.0659,0.1705,0.9831,0.1924,-0.5693,8.3932,0.2228,-0.5049,7.9977,63.05881899568053
11490727000,3.5277,3.5828,-31.5,14.7188,-38.4688,31.4844,17.8125,-40.375,0.2073,0.1561,0.9657,0.0939,0.1551,0.9834,0.198,-0.5625,8.3772,0.2432,-0.4736,7.8702,63.089137111629604
11495727000,3.5204,3.6729,-31.2812,14.375,-38.375,31.6875,17.25,-39.9688,0.1919,0.1917,0.9625,0.0637,0.1898,0.9798,0.1549,-0.5903,8.2219,0.1742,-0.5513,7.9892,63.0544447531655
11500727000,3.5424,3.581,-31.2812,14.6875,-38.4375,31.6875,17.6562,-40.0,0.1928,0.1648,0.9673,0.065,0.1628,0.9845,0.1992,-0.5659,8.4293,0.226,-0.5132,8.126,63.05800318460774
11505727000,3.5755,3.7666,-31.375,14.3438,-38.3125,31.5938,17.25,-40.0625,0.2004,0.1907,0.961,0.0723,0.1898,0.9792,0.1659,-0.5928,8.3699,0.1901,-0.541,8.0469,63.06011633259171
11510727000,3.4652,3.5608,-31.2188,14.3125,-38.1875,31.7188,17.3125,-40.125,0.1935,0.1974,0.961,0.0617,0.1965,0.9786,0.1395,-0.5903,8.0538,0.1987,-0.5371,8.0976,63.038840408195966
11515727000,3.4671,3.3054,-31.4375,14.8438,-38.3125,31.5312,17.8125,-40.0625,0.2055,0.1522,0.9667,0.069,0.1513,0.9861,0.2,-0.5474,8.227,0.2354,-0.48,7.8557,63.06292777361356
11520727000,3.5369,3.7188,-31.1875,14.375,-38.4375,31.7812,17.375,-40.1562,0.1848,0.1802,0.9661,0.0514,0.1802,0.9823,0.1562,-0.5952,8.2922,0.1812,-0.5366,7.8996,63.063548182607036
11525727000,3.4873,3.5204,-31.3125,14.6562,-38.5312,31.625,17.625,-39.9375,0.191,0.1619,0.9681,0.0602,0.16,0.9853,0.2013,-0.561,8.3967,0.202,-0.4983,7.6959,63.02317319351668
11530727000,3.5442,3.6526,-31.4375,14.6875,-38.4375,31.5312,17.5625,-39.9375,0.2052,0.1619,0.9652,0.0688,0.1619,0.9844,0.2064,-0.5625,8.4695,0.2,-0.5063,7.7639,63.05214353763082
11535732000,3.5057,3.5498,-31.4375,14.5625,-38.4375,31.5,17.5312,-39.875,0.2059,0.1696,0.9638,0.063,0.1696,0.9835,0.1991,-0.5718,8.4945,0.1943,-0.5127,7.7739,63.02387239919489
11540727000,3.513,3.6085,-31.4062,14.3125,-38.4375,31.5469,17.3438,-39.75,0.1976,0.1888,0.9619,0.0522,0.1888,0.9806,0.1595,-0.5986,8.3672,0.1686,-0.5454,7.8614,63.0397036442114
11545731000,3.5553,3.7463,-31.4375,14.375,-38.5625,31.5312,17.4688,-39.8125,0.1959,0.1859,0.9628,0.0686,0.185,0.9804,0.1663,-0.5913,8.3572,0.1801,-0.5166,7.6615,63.05704780696603
11550728000,3.5718,3.6435,-31.25,14.8438,-38.5625,31.7188,17.875,-40.25,0.1888,0.1426,0.9716,0.07,0.1406,0.9876,0.2126,-0.543,8.3164,0.2374,-0.4849,7.9333,63.064297372840045
11555728000,3.5902,3.7574,-31.1875,14.5,-38.625,31.8125,17.5312,-40.125,0.1802,0.1763,0.9677,0.0514,0.1754,0.9832,0.1865,-0.5762,8.4067,0.207,-0.5239,8.0397,63.090713844748976
11560728000,3.5038,3.5902,-31.3125,14.4375,-38.5938,31.625,17.5625,-40.0625,0.1895,0.1782,0.9656,0.0687,0.1763,0.9819,0.1802,-0.5703,8.2707,0.1923,-0.5068,7.6851,63.032147440333965
11565728000,3.5332,3.4965,-31.1875,14.6875,-38.5,31.7812,17.8438,-40.3125,0.1855,0.1561,0.9702,0.0593,0.1551,0.9861,0.1942,-0.5566,8.2693,0.2476,-0.4824,8.0172,63.07380253028986
11570738000,3.5608,3.6894,-31.2188,14.5625,-38.5625,31.7344,17.5312,-39.875,0.187,0.1696,0.9676,0.0419,0.1686,0.9848,0.1934,-0.5654,8.3596,0.2096,-0.4995,7.7926,63.036824366238505
11575728000,3.5736,3.7408,-31.2812,14.5625,-38.5625,31.7031,17.5312,-40.1875,0.1842,0.1686,0.9683,0.064,0.1667,0.9839,0.1925,-0.5762,8.4722,0.2115,-0.5142,7.979,63.075160334160074
11580728000,3.6196,3.6876,-31.3125,14.1875,-38.625,31.625,17.3438,-40.0625,0.1955,0.1945,0.9612,0.0742,0.1936,0.9783,0.1456,-0.605,8.2875,0.1714,-0.5361,7.7872,63.03298773015602
11585728000,3.4726,3.5093,-31.25,14.6562,-38.4375,31.7031,17.625,-39.875,0.1928,0.1667,0.967,0.0486,0.1657,0.985,0.179,-0.5562,8.0966,0.2032,-0.5078,7.8165,63.03945573448426
11590728000,3.5204,3.671,-31.4062,14.5,-38.625,31.5469,17.5625,-40.0938,0.1925,0.1754,0.9655,0.0716,0.1744,0.9821,0.1884,-0.5728,8.3879,0.2086,-0.5039,7.8314,63.04465940347366
11595728000,3.5498,3.7739,-31.2812,14.4375,-38.5938,31.6875,17.4688,-39.9375,0.1884,0.183,0.9649,0.0638,0.1802,0.9816,0.1686,-0.5811,8.2659,0.1985,-0.5322,8.0398,63.055939363948895
11600728000,3.5038,3.5277,-31.2188,14.5625,-38.3125,31.75,17.5625,-40.25,0.2012,0.1696,0.9648,0.0688,0.1686,0.9833,0.1718,-0.5649,8.1175,0.218,-0.5122,8.0279,63.06999032574843
11605728000,3.5112,3.5571,-31.2812,14.4375,-38.4375,31.6562,17.25,-39.6875,0.1978,0.185,0.9626,0.0456,0.184,0.9819,0.171,-0.5796,8.2759,0.1527,-0.5586,7.8372,63.01260965084687
11610728000,3.4873,3.4597,-31.375,14.4062,-38.3125,31.5938,17.4375,-40.0625,0.2089,0.1878,0.9597,0.0752,0.1878,0.9793,0.1626,-0.5923,8.3283,0.181,-0.5176,7.6832,63.06600552698736
11615728000,3.6049,3.5994,-31.3125,14.4062,-38.3125,31.6406,17.4375,-39.9688,0.2072,0.185,0.9607,0.0542,0.1869,0.9809,0.1616,-0.5869,8.2564,0.1843,-0.5244,7.7964,63.04779860542317
11620728000,3.4873,3.6343,-31.1875,14.4062,-38.4062,31.7812,17.3125,-39.9062,0.1913,0.183,0.9643,0.0494,0.1821,0.982,0.1604,-0.5864,8.2375,0.1761,-0.5474,7.9663,63.05357848195453
11625853000,3.5534,3.412,-31.3125,14.5625,-38.5,31.6406,17.375,-40.0938,0.1965,0.1686,0.9659,0.0659,0.1657,0.984,0.1896,-0.5679,8.3459,0.176,-0.5376,7.8545,63.036046467874236
11630853000,3.5534,3.66,-31.2812,14.75,-38.5,31.6875,17.7812,-40.0312,0.1989,0.1522,0.9681,0.0574,0.1522,0.9867,0.2111,-0.5503,8.3819,0.2292,-0.4883,7.8819,63.06020874188413
11635853000,3.5516,3.7592,-31.25,14.5625,-38.25,31.7188,17.4375,-40.0,0.2077,0.1715,0.963,0.0553,0.1725,0.9835,0.176,-0.5781,8.314,0.2004,-0.5303,8.0391,63.05868614584354
11640853000,3.5332,3.8731,-31.1875,14.3125,-38.25,31.7969,17.3438,-40.3125,0.1982,0.1974,0.9601,0.0684,0.1965,0.9781,0.1409,-0.5996,8.1742,0.2035,-0.5381,8.1608,63.09102415795768
11645853000,3.5167,3.6839,-31.2812,14.625,-38.5,31.6875,17.4375,-40.125,0.201,0.1754,0.9638,0.0697,0.1744,0.9822,0.1986,-0.5654,8.4171,0.1815,-0.5391,7.9312,63.052422324126454
11650853000,3.5038,3.6453,-31.375,14.375,-38.3125,31.5781,17.4375,-40.1875,0.21,0.184,0.9602,0.082,0.183,0.9797,0.1571,-0.6011,8.3684,0.1794,-0.5239,7.7375,63.0554306214778
11655854000,3.5369,3.7629,-31.4062,14.5,-38.5312,31.5469,17.5312,-40.3125,0.2123,0.1744,0.9615,0.0783,0.1734,0.9817,0.192,-0.5781,8.4891,0.2114,-0.5195,8.0382,63.05120143772044
11660854000,3.524,3.5167,-31.1875,14.5312,-38.5625,31.7969,17.5625,-40.0,0.187,0.1705,0.9674,0.0476,0.1696,0.9844,0.1885,-0.5737,8.4004,0.2212,-0.5142,8.0848,63.073685712030496
11665854000,3.5608,3.671,-31.375,14.25,-38.7188,31.5781,17.3125,-39.9375,0.1805,0.1936,0.9643,0.0627,0.1907,0.9796,0.1678,-0.603,8.5082,0.1686,-0.5444,7.8504,63.03932848270197
11670853000,3.6269,3.6912,-31.1875,14.6562,-39.0,31.7969,17.5625,-40.1875,0.1485,0.1532,0.977,0.0198,0.1503,0.9884,0.2108,-0.5625,8.5176,0.2184,-0.5337,8.2744,63.0625988942733
11675854000,3.5295,3.5424,-31.3125,14.4062,-39.0312,31.6406,17.4688,-40.0312,0.1155,0.1773,0.9774,0.0091,0.1734,0.9848,0.1504,-0.5894,8.1614,0.1959,-0.5552,8.2714,63.03548459693159
11680854000,3.5902,3.6177,-31.4062,14.4375,-39.0625,31.5781,17.5,-40.25,0.0937,0.1667,0.9815,0.0005,0.159,0.9873,0.1479,-0.563,7.835,0.2021,-0.5166,7.9035,63.06989066892379
11685854000,3.7041,3.7629,-31.375,14.5,-39.5312,31.625,17.625,-40.4375,0.0478,0.1503,0.9875,-0.0363,0.1406,0.9894,0.1627,-0.5391,7.7255,0.2368,-0.5078,8.1847,63.08396788955178
11690854000,3.6912,3.7849,-31.1875,14.25,-39.75,31.8125,17.5,-39.9375,0.0005,0.1503,0.9886,-0.1009,0.1397,0.985,0.1475,-0.5518,7.7024,0.2043,-0.5098,7.8505,63.0840523131639
11695854000,3.6912,3.7335,-31.2812,14.125,-39.7188,31.7031,17.4375,-40.0,-0.0043,0.159,0.9873,-0.1132,0.1484,0.9824,0.1328,-0.5537,7.5644,0.175,-0.5098,7.5297,63.07197298467838
11700854000,3.6085,3.682,-31.3125,14.3438,-39.5625,31.6406,17.625,-39.75,0.0063,0.1484,0.9889,-0.1192,0.1387,0.9831,0.1589,-0.5366,7.6565,0.2288,-0.5015,8.0248,63.03883112257079
11705854000,3.6141,3.728,-31.4375,14.0938,-39.375,31.5625,17.25,-39.9375,0.0159,0.1619,0.9867,-0.0978,0.1513,0.9836,0.1456,-0.585,8.0593,0.1805,-0.5239,7.7495,63.08151872529703
11710854000,3.6306,3.682,-31.375,14.2188,-39.4375,31.6406,17.2188,-39.75,0.014,0.1609,0.9869,-0.1065,0.1513,0.9827,0.1598,-0.563,7.9645,0.1699,-0.5317,7.7215,63.087744448585255
11715854000,3.6196,3.7702,-31.4062,14.4062,-39.375,31.5938,17.5,-40.0625,0.0208,0.1455,0.9891,-0.0933,0.1339,0.9866,0.1738,-0.5479,7.9465,0.2274,-0.5054,8.054,63.079665936734315
11720854000,3.682,3.7813,-31.1875,14.5625,-39.4375,31.8125,17.6875,-39.75,0.0034,0.1339,0.991,-0.1223,0.1232,0.9848,0.1907,-0.5361,7.9983,0.2432,-0.498,8.1445,63.0782314372399
11725854000,3.6471,3.6839,-31.2812,14.4062,-39.5,31.6875,17.625,-39.7812,0.0063,0.1416,0.9899,-0.0952,0.13,0.9869,0.1793,-0.5552,8.0896,0.2284,-0.4988,7.9906,63.05154182547798
11730854000,3.5773,3.6967,-31.1875,14.3438,-39.1562,31.8125,17.4375,-39.8125,0.0121,0.1561,0.9877,-0.1171,0.1464,0.9823,0.1707,-0.5591,8.039,0.2181,-0.5312,8.2442,63.07932870108876
11735854000,3.6324,3.6765,-31.0625,14.625,-39.25,31.9531,17.7812,-39.9375,-0.0024,0.1271,0.9919,-0.1253,0.1164,0.9853,0.2003,-0.5376,8.1205,0.26,-0.4919,8.261,63.09833672966348
11740854000,3.5938,3.6526,-31.375,14.4062,-39.1562,31.5938,17.5625,-39.7812,0.0188,0.1464,0.989,-0.098,0.1358,0.9859,0.1884,-0.5576,8.2162,0.2244,-0.5054,8.0206,63.05095263459546
11745854000,3.6269,3.8254,-31.375,14.625,-39.1875,31.6562,17.5312,-40.1875,0.0218,0.1377,0.9902,-0.0895,0.1271,0.9878,0.2106,-0.5337,8.1888,0.2181,-0.5078,7.9798,63.106086646852056
11750854000,3.6545,3.829,-31.3125,14.4062,-39.4375,31.6562,17.5,-40.125,0.0034,0.1455,0.9894,-0.0894,0.1348,0.9868,0.1963,-0.5576,8.3031,0.229,-0.5078,8.099,63.04840548641972
11755857000,3.6196,3.75,-31.5312,14.25,-39.25,31.4688,17.3125,-40.0938,0.0246,0.16,0.9868,-0.0796,0.1503,0.9854,0.1859,-0.5752,8.389,0.1969,-0.5317,8.0169,63.080035706156664
11760979000,3.6379,3.6949,-31.1875,14.6562,-39.0625,31.7969,17.6562,-39.6562,0.0131,0.1319,0.9912,-0.1146,0.1213,0.986,0.2144,-0.5303,8.1916,0.2428,-0.5024,8.1899,63.05860070640642
11765982000,3.6214,3.6379,-31.25,14.5,-39.1875,31.75,17.5,-39.8125,0.0082,0.1435,0.9896,-0.1135,0.1319,0.9847,0.2136,-0.5615,8.5373,0.2262,-0.5112,8.1067,63.07448473828383
11770980000,3.6122,3.7372,-31.1875,14.3125,-39.0,31.8438,17.4375,-40.0,0.0082,0.1628,0.9866,-0.0997,0.1522,0.9833,0.1801,-0.5679,8.2416,0.2156,-0.5146,8.0287,63.11664126591339
11775983000,3.6416,3.7813,-31.2188,14.625,-39.0625,31.7969,17.6875,-39.9375,0.0044,0.1339,0.991,-0.1011,0.1232,0.9872,0.215,-0.5366,8.2701,0.2446,-0.4988,8.1688,63.09614075155469
11780979000,3.6159,3.807,-31.3125,14.25,-39.0625,31.6875,17.3438,-39.75,0.0169,0.1619,0.9867,-0.0978,0.1513,0.9836,0.1923,-0.5771,8.4807,0.2002,-0.5322,8.0585,63.079665936734315
11785980000,3.6159,3.8217,-31.25,14.5,-38.9688,31.75,17.5312,-39.8125,0.0169,0.1445,0.9894,-0.101,0.1339,0.9858,0.2134,-0.5625,8.5457,0.2144,-0.521,8.0869,63.07852251860375
11790980000,3.6306,3.7923,-31.5,14.3438,-39.0,31.5312,17.375,-39.9375,0.0381,0.158,0.9867,-0.0844,0.1484,0.9853,0.2023,-0.5752,8.5681,0.201,-0.5376,8.1286,63.11100738484531
11795980000,3.6085,3.7739,-31.5312,14.3438,-38.9688,31.4688,17.4688,-39.75,0.0372,0.1513,0.9878,-0.0864,0.1406,0.9863,0.2115,-0.5762,8.6809,0.2092,-0.5088,7.8931,63.082294651035006
11800983000,3.649,3.9062,-31.3125,14.3438,-38.8125,31.6562,17.4375,-39.8125,0.0304,0.1571,0.9871,-0.1065,0.1474,0.9833,0.196,-0.5698,8.4389,0.2234,-0.5269,8.2521,63.052582495723364
11805991000,3.5975,3.7574,-31.2812,14.5312,-39.0,31.7188,17.5625,-39.9688,0.0218,0.1377,0.9902,-0.0962,0.1281,0.9871,0.2214,-0.5518,8.5123,0.2316,-0.519,8.2537,63.08032461179952
11810980000,3.6251,3.8401,-31.0,14.4375,-38.9375,32.0,17.4688,-40.125,0.0043,0.1503,0.9886,-0.1086,0.1397,0.9842,0.2021,-0.5601,8.3949,0.2388,-0.5273,8.4264,63.084062455900856
11815980000,3.6012,3.8217,-31.5,14.4375,-38.9375,31.5469,17.4688,-39.9375,0.0372,0.1493,0.9881,-0.0759,0.1377,0.9876,0.2098,-0.5649,8.5346,0.2222,-0.5254,8.2222,63.1276514635227
11820980000,3.6637,3.7041,-31.2188,14.2188,-39.1562,31.75,17.3125,-39.9375,0.0034,0.1638,0.9865,-0.0959,0.1513,0.9838,0.1964,-0.5786,8.5428,0.1956,-0.5361,8.0518,63.049593042461424
11825980000,3.7261,3.8107,-31.4062,14.5312,-38.9375,31.5781,17.5312,-39.6875,0.0275,0.1445,0.9891,-0.0923,0.1358,0.9864,0.215,-0.5522,8.4469,0.2112,-0.5005,7.821,63.06016608359036
11830991000,3.66,3.7592,-31.2812,14.625,-39.0,31.7188,17.5312,-39.6875,0.015,0.1387,0.9902,-0.1001,0.129,0.9866,0.2227,-0.5464,8.4649,0.2321,-0.5146,8.2095,63.07074325461846
11835983000,3.6563,3.7335,-31.4375,14.5625,-38.875,31.5469,17.625,-39.75,0.0304,0.1406,0.9896,-0.0923,0.13,0.9872,0.2181,-0.5552,8.5149,0.2318,-0.4976,8.0143,63.06488067545994
11840980000,3.6269,3.8694,-31.25,14.3125,-38.9375,31.7344,17.375,-39.9688,0.0178,0.1551,0.9877,-0.0893,0.1445,0.9855,0.1958,-0.5752,8.4972,0.2098,-0.5381,8.2304,63.06724291817425
11845980000,3.6637,3.8658,-31.375,14.5312,-39.0938,31.5938,17.75,-39.875,0.0208,0.1348,0.9906,-0.0934,0.1252,0.9877,0.2274,-0.5552,8.6167,0.2583,-0.4895,8.2148,63.05585397344167
11850980000,3.6416,3.6435,-31.375,14.4375,-39.0,31.6406,17.4688,-39.8125,0.0188,0.1484,0.9888,-0.0951,0.1377,0.9859,0.2087,-0.564,8.5115,0.207,-0.5166,7.957,63.09369841196504
11855980000,3.6637,3.807,-31.2188,14.375,-39.0,31.7812,17.4688,-39.875,0.0082,0.1513,0.9885,-0.0999,0.1406,0.985,0.1989,-0.5698,8.4697,0.2321,-0.5195,8.2646,63.08198810627325
11860980000,3.6288,3.7372,-31.125,14.625,-38.9375,31.8438,17.6562,-40.0,0.0063,0.1377,0.9904,-0.0953,0.1271,0.9873,0.218,-0.5537,8.497,0.2382,-0.4995,8.106,63.05066893483367
11865980000,3.6269,3.7298,-31.2188,14.625,-38.8125,31.7969,17.5625,-39.9062,0.0247,0.1387,0.99,-0.1039,0.1271,0.9864,0.2142,-0.5469,8.378,0.2346,-0.5054,8.1331,63.09360928358751
11870992000,3.6949,3.6637,-31.2812,14.4375,-39.0625,31.6875,17.5,-39.625,0.0111,0.1474,0.989,-0.1038,0.1368,0.9851,0.213,-0.5615,8.5307,0.225,-0.5205,8.1979,63.045638169424535
11875980000,3.7666,3.8401,-31.2812,14.375,-39.125,31.7031,17.3438,-40.0625,0.0092,0.159,0.9872,-0.0796,0.1474,0.9859,0.2037,-0.5674,8.4954,0.2228,-0.541,8.4054,63.061198261530045
11880980000,3.6416,3.8805,-31.4375,14.5,-38.875,31.5625,17.5312,-39.9375,0.0323,0.1484,0.9884,-0.0865,0.1387,0.9866,0.2136,-0.5552,8.4654,0.222,-0.5039,7.9786,63.08182844282496
11885980000,3.6931,3.7463,-31.125,14.3125,-38.8438,31.8438,17.4375,-39.9062,0.0053,0.1628,0.9866,-0.0997,0.1513,0.9834,0.1841,-0.5762,8.38,0.2272,-0.5332,8.3653,63.05524634953066
11890981000,3.6655,3.7666,-31.4062,14.7188,-39.1562,31.5938,17.7812,-39.75,0.0247,0.1203,0.9924,-0.0926,0.1106,0.9895,0.241,-0.5332,8.5168,0.2419,-0.4875,8.0131,63.07718202488123
11896106000,3.6471,3.7445,-31.25,14.6562,-38.6875,31.75,17.6875,-39.9375,0.0208,0.1377,0.9903,-0.0962,0.1271,0.9872,0.2152,-0.541,8.3224,0.2469,-0.4875,8.068,63.08526991057421
11901106000,3.6967,3.7629,-31.4062,14.6875,-38.9375,31.5781,17.6875,-39.6875,0.0266,0.131,0.991,-0.1002,0.1203,0.9877,0.2249,-0.5415,8.4337,0.2384,-0.5029,8.1472,63.06016608359036
11906106000,3.682,3.6967,-31.2188,14.5625,-39.0,31.75,17.6562,-39.9375,0.0005,0.1397,0.9902,-0.0981,0.129,0.9868,0.2202,-0.5527,8.51,0.2278,-0.4983,7.9784,63.05172209686267
11911106000,3.6324,3.7849,-31.2812,14.5312,-38.8438,31.7188,17.5312,-39.75,0.0198,0.1387,0.9901,-0.1059,0.1271,0.9862,0.218,-0.5586,8.5523,0.2159,-0.5166,8.0547,63.07789786002701
11916108000,3.6545,3.8658,-31.2812,14.125,-39.0,31.6875,17.1562,-39.9375,0.013,0.1696,0.9854,-0.0891,0.159,0.9833,0.172,-0.5938,8.4478,0.1794,-0.5718,8.2793,63.048586497874794
11921106000,3.7776,3.8915,-31.2188,14.5625,-39.125,31.7812,17.5625,-39.6875,-0.0073,0.1406,0.99,-0.1145,0.13,0.9849,0.2236,-0.543,8.4369,0.2275,-0.5078,8.0829,63.073896393436804
11926106000,3.6931,3.7041,-31.3125,14.5625,-38.9375,31.6562,17.5625,-40.0938,0.0131,0.1377,0.9904,-0.0846,0.1281,0.9881,0.2252,-0.5537,8.576,0.2296,-0.5054,8.0782,63.05072727082535
11931113000,3.7188,3.6894,-31.5,14.5,-39.0312,31.5,17.5625,-39.9688,0.0266,0.1464,0.9889,-0.0817,0.1358,0.9874,0.2258,-0.5601,8.6546,0.2288,-0.5044,8.0578,63.08136016296732
11936106000,3.6637,3.6949,-31.375,14.3125,-38.9375,31.625,17.3125,-39.8125,0.0149,0.159,0.9872,-0.0931,0.1484,0.9845,0.1978,-0.5811,8.5853,0.1777,-0.5386,7.8843,63.07745734412572
11941106000,3.6196,3.9025,-31.2188,14.5312,-38.75,31.7969,17.5,-40.125,0.0159,0.1484,0.9888,-0.0922,0.1377,0.9862,0.2106,-0.5591,8.4762,0.2244,-0.5288,8.2849,63.10057721550573
11946106000,3.6049,3.7298,-31.1875,14.4062,-38.8125,31.7969,17.375,-39.5625,0.013,0.1484,0.9888,-0.1221,0.1377,0.9829,0.1993,-0.5703,8.4806,0.2092,-0.5312,8.1464,63.05878936992051
11951117000,3.6949,3.7482,-31.4062,14.5,-39.0625,31.5781,17.5,-39.8125,0.0179,0.1387,0.9902,-0.101,0.13,0.9864,0.2209,-0.5586,8.5844,0.231,-0.5103,8.1479,63.06016608359036
11956106000,3.671,3.671,-31.1875,14.375,-39.25,31.8125,17.4688,-40.125,-0.0101,0.1484,0.9889,-0.1038,0.1377,0.985,0.1982,-0.5625,8.3798,0.2242,-0.5234,8.2229,63.08198810627325
11961106000,3.7482,3.7886,-31.1875,14.75,-39.0625,31.8438,17.7812,-40.0938,-0.0044,0.1222,0.9925,-0.1012,0.1125,0.9885,0.2294,-0.5332,8.3894,0.2544,-0.4907,8.1855,63.1125703233516
11966106000,3.6141,3.7996,-31.0938,14.5625,-38.8438,31.8906,17.6875,-40.0,0.0005,0.13,0.9915,-0.1108,0.1193,0.9867,0.2098,-0.5488,8.352,0.2576,-0.4961,8.2808,63.072474715996364
11971114000,3.6196,3.818,-31.2812,14.4375,-39.0,31.7188,17.5312,-40.0625,0.0072,0.1435,0.9896,-0.0933,0.1339,0.9866,0.2098,-0.5596,8.4737,0.217,-0.522,8.1274,63.084862573679274
11976106000,3.5938,3.8584,-31.2188,14.3125,-39.0,31.7969,17.4375,-40.0625,0.0024,0.1542,0.988,-0.0979,0.1435,0.9848,0.1893,-0.5737,8.4097,0.2252,-0.5132,8.118,63.10208378286727
11981106000,3.66,3.6747,-31.2812,14.1875,-38.875,31.6875,17.2188,-39.8125,0.0091,0.1696,0.9855,-0.0929,0.159,0.9829,0.1809,-0.5918,8.5231,0.176,-0.5459,7.9484,63.048591305674705
11986107000,3.6894,3.7849,-31.1875,14.6562,-39.0,31.8125,17.75,-39.8125,-0.0015,0.1339,0.991,-0.1069,0.1232,0.9866,0.218,-0.5342,8.2759,0.2551,-0.501,8.3089,63.081152135087066
11991106000,3.6435,3.682,-31.125,14.4375,-39.0938,31.8438,17.5312,-39.9062,-0.0121,0.1455,0.9893,-0.1115,0.1339,0.9847,0.2084,-0.561,8.4743,0.2256,-0.521,8.2101,63.049986097460796
11996113000,3.5883,3.7225,-31.0938,14.5625,-38.8438,31.875,17.5312,-39.4688,-0.0044,0.1406,0.9901,-0.1251,0.13,0.9836,0.2094,-0.5566,8.4351,0.2054,-0.5073,7.8351,63.041839901211645
12001106000,3.6416,3.7335,-31.2812,14.375,-38.875,31.7031,17.4375,-39.4375,0.0063,0.1532,0.9882,-0.1267,0.1445,0.9814,0.196,-0.5728,8.4722,0.1859,-0.5312,7.891,63.06121913656602
12006107000,3.6232,3.7923,-31.2812,14.625,-38.8438,31.7188,17.6562,-39.8125,0.0063,0.1319,0.9912,-0.104,0.1222,0.987,0.2238,-0.5503,8.5212,0.2494,-0.5034,8.2733,63.08031827067774
12011109000,3.5314,3.7041,-31.3125,14.625,-38.9062,31.6562,17.7812,-39.6562,0.0005,0.1213,0.9926,-0.1042,0.1096,0.9885,0.2188,-0.5542,8.5105,0.2448,-0.4761,7.9151,63.0522107315041
12016107000,3.5038,3.5332,-31.1875,14.4062,-39.0625,31.7969,17.625,-39.625,-0.015,0.1271,0.9918,-0.1243,0.1155,0.9855,0.1984,-0.5527,8.2705,0.2271,-0.4893,7.8688,63.06910276078137
12021110000,3.5645,3.6545,-31.2812,14.375,-39.375,31.7031,17.5,-39.75,-0.0121,0.1242,0.9922,-0.106,0.1135,0.9879,0.2166,-0.5586,8.5362,0.2246,-0.4795,7.7323,63.06289159632628
12026107000,3.5277,3.7133,-31.2812,14.4375,-39.3438,31.7031,17.75,-39.9062,-0.0044,0.1164,0.9932,-0.0984,0.1058,0.9895,0.2264,-0.5527,8.5783,0.2668,-0.4636,8.0184,63.07385350919983
12031232000,3.6545,3.7151,-31.1875,14.3125,-39.4688,31.7969,17.5312,-39.75,-0.0334,0.1213,0.9921,-0.1196,0.1087,0.9869,0.2196,-0.563,8.6196,0.2321,-0.4812,7.8332,63.06721609909542
12036232000,3.5387,3.5498,-31.25,14.5625,-39.4375,31.7188,17.7812,-39.8438,-0.0189,0.1087,0.9939,-0.1072,0.097,0.9895,0.2432,-0.541,8.6292,0.2705,-0.4517,7.9247,63.05231861573371
12041232000,3.5589,3.7261,-31.375,14.5312,-39.3125,31.625,17.6875,-39.75,-0.0044,0.1087,0.9941,-0.1033,0.098,0.9898,0.24,-0.5479,8.6717,0.2603,-0.4692,8.0088,63.080532939568606
12046232000,3.6343,3.7151,-31.375,14.3125,-39.625,31.5938,17.6875,-40.0,-0.0237,0.1232,0.9921,-0.0906,0.1106,0.9897,0.2253,-0.563,8.6825,0.2627,-0.4585,7.9153,63.06029672813156
12051232000,3.5608,3.6545,-31.4062,14.7188,-39.25,31.5781,17.9688,-39.6875,-0.0054,0.0941,0.9955,-0.1093,0.0834,0.9905,0.2505,-0.5254,8.5331,0.2908,-0.4431,8.0523,63.069611959643446
12056232000,3.5442,3.6177,-31.4062,14.625,-39.25,31.5781,17.8438,-40.1875,-0.0073,0.1048,0.9945,-0.085,0.0931,0.992,0.2496,-0.5474,8.7721,0.2834,-0.4556,8.1109,63.073462138842515
12061235000,3.5681,3.649,-31.3125,14.5625,-39.0938,31.6875,17.6875,-39.9375,-0.0083,0.1087,0.994,-0.0966,0.098,0.9905,0.2426,-0.5508,8.7331,0.2617,-0.46,7.9209,63.083099596405376
12066232000,3.5865,3.682,-31.3125,14.6562,-39.1562,31.6562,17.7812,-40.0312,-0.0083,0.1019,0.9948,-0.0937,0.0902,0.9915,0.2487,-0.5376,8.6509,0.2817,-0.4587,8.1276,63.05226744289217
12071232000,3.5222,3.5865,-31.5,14.5,-39.1562,31.5,17.6562,-39.5625,0.0015,0.1096,0.994,-0.1004,0.099,0.99,0.2352,-0.5503,8.6471,0.2426,-0.4705,7.8279,63.08031926147806
12076232000,3.4634,3.5865,-31.4375,14.5312,-39.1875,31.5469,17.75,-39.9688,0.0005,0.1106,0.9939,-0.0936,0.1009,0.9905,0.245,-0.5474,8.7212,0.2639,-0.4556,7.8959,63.07143368031204
12081234000,3.4634,3.6343,-31.375,14.4375,-39.1875,31.625,17.6562,-39.75,-0.0024,0.1164,0.9932,-0.1032,0.1058,0.989,0.2288,-0.5571,8.6536,0.2605,-0.4736,8.0607,63.08467671265345
12086236000,3.5222,3.6085,-31.375,14.4375,-39.0625,31.625,17.625,-40.0625,-0.0015,0.1164,0.9932,-0.0965,0.1058,0.9897,0.2264,-0.5566,8.6226,0.2571,-0.4729,8.015,63.088510493195194
12091232000,3.5148,3.5755,-31.3125,14.5,-38.875,31.6562,17.5625,-40.0625,0.0044,0.1164,0.9932,-0.0984,0.1058,0.9895,0.2244,-0.5557,8.5887,0.2487,-0.4763,7.9607,63.05431184455191
12096232000,3.5057,3.6012,-31.4062,14.6875,-39.0312,31.5781,17.7812,-40.125,0.0102,0.1019,0.9947,-0.0821,0.0912,0.9924,0.2563,-0.5479,8.8515,0.2837,-0.468,8.253,63.06971876122486
12101233000,3.4928,3.5204,-31.4375,14.5625,-38.875,31.5781,17.6562,-39.8125,0.0131,0.1106,0.9938,-0.0965,0.1009,0.9902,0.2394,-0.5542,8.7369,0.2661,-0.4724,8.1088,63.098460593741905
12106233000,3.4836,3.4983,-31.375,14.5,-38.8125,31.625,17.625,-39.6875,0.0053,0.1203,0.9927,-0.1013,0.1087,0.9889,0.2177,-0.5454,8.3989,0.2488,-0.4844,8.0525,63.08352597945045
12111234000,3.5295,3.6582,-31.25,14.6562,-39.0,31.75,17.6875,-39.8125,-0.0121,0.1028,0.9946,-0.1111,0.0921,0.9895,0.2352,-0.5288,8.4041,0.2712,-0.4673,8.1077,63.07811772667285
12116233000,3.5424,3.5663,-31.25,14.7188,-39.0625,31.7188,17.9375,-40.0,-0.0122,0.0912,0.9958,-0.1015,0.0805,0.9916,0.2422,-0.5352,8.5522,0.2944,-0.448,8.1473,63.057978950962266
12121234000,3.4965,3.5791,-31.2812,14.5312,-38.9062,31.7031,17.75,-39.625,-0.0073,0.1155,0.9933,-0.111,0.1038,0.9884,0.2275,-0.5454,8.5074,0.2627,-0.4585,7.9153,63.070590558278425
12126233000,3.4597,3.6085,-31.2812,14.4062,-39.0938,31.6875,17.625,-40.0,-0.0053,0.1193,0.9928,-0.0964,0.1087,0.9894,0.2222,-0.563,8.6477,0.2568,-0.4724,8.0068,63.05742661709245
12131233000,3.5001,3.5883,-31.4375,14.25,-39.0,31.5625,17.3125,-39.9375,-0.0015,0.1377,0.9905,-0.0876,0.1271,0.988,0.2076,-0.5776,8.6548,0.22,-0.502,7.9339,63.08135867671209
12136233000,3.5038,3.6876,-31.3125,14.5625,-38.875,31.6875,17.75,-39.8438,0.0005,0.1096,0.994,-0.1004,0.098,0.9901,0.243,-0.543,8.65,0.2603,-0.4541,7.8392,63.088023662895004
12141234000,3.4799,3.5718,-31.3125,14.7188,-38.9375,31.6875,17.75,-40.0,0.0015,0.1009,0.9949,-0.1044,0.0912,0.9904,0.2542,-0.5327,8.6561,0.2791,-0.4624,8.139,63.08182844282496
12146233000,3.5075,3.5608,-31.5312,14.6875,-39.0625,31.4688,17.8125,-40.0312,0.0024,0.0931,0.9957,-0.0802,0.0824,0.9934,0.2639,-0.5415,8.8629,0.271,-0.4573,7.9929,63.08489521818991
12151233000,3.4579,3.6049,-31.4062,14.5,-39.0625,31.5781,17.7812,-39.75,0.0044,0.1125,0.9936,-0.1004,0.1028,0.9896,0.2303,-0.5513,8.6046,0.2646,-0.4695,8.0599,63.073456986120554
12156233000,3.6085,3.6471,-31.1875,14.4062,-39.25,31.7969,17.625,-40.125,-0.0209,0.1164,0.993,-0.0955,0.1048,0.9899,0.2246,-0.563,8.6745,0.2725,-0.4893,8.3678,63.072663982108764
12161233000,3.5314,3.5791,-31.5,14.5312,-38.8125,31.5,17.7812,-39.75,0.0131,0.1087,0.994,-0.0878,0.098,0.9913,0.2336,-0.5566,8.7016,0.2681,-0.4631,8.0263,63.090739465075224
12166358000,3.4873,3.5755,-31.2188,14.4375,-38.8125,31.7969,17.5,-39.9688,-0.0015,0.129,0.9916,-0.1012,0.1184,0.9878,0.2144,-0.5532,8.4513,0.2527,-0.4939,8.2024,63.10066863694869
12171358000,3.5204,3.649,-31.4375,14.5625,-39.125,31.5469,17.625,-39.875,-0.0015,0.1058,0.9944,-0.0879,0.0951,0.9916,0.2432,-0.5469,8.6955,0.251,-0.4731,7.9506,63.06327021024203
12176359000,3.5093,3.6526,-31.4062,14.5625,-39.0,31.5781,17.6562,-39.9062,0.0024,0.1125,0.9936,-0.0878,0.1028,0.9908,0.2362,-0.5425,8.5694,0.2534,-0.4744,7.9911,63.06674420500871
12181363000,3.5167,3.6398,-31.4062,14.75,-38.9062,31.5938,17.8438,-40.0312,0.0092,0.099,0.995,-0.0937,0.0902,0.9915,0.2576,-0.5366,8.7378,0.2708,-0.4543,7.9574,63.08595107819173
12186361000,3.4983,3.502,-31.375,14.6562,-38.9688,31.6406,17.7812,-39.875,-0.0015,0.1058,0.9944,-0.1005,0.0941,0.9905,0.2408,-0.5366,8.5541,0.2769,-0.4675,8.1723,63.09954569408563
12191358000,3.5369,3.6765,-31.4375,14.625,-39.0625,31.5469,17.75,-40.25,-0.0015,0.1028,0.9947,-0.0801,0.0921,0.9925,0.2458,-0.5396,8.6422,0.282,-0.4675,8.2287,63.07305624916237
12196358000,3.5351,3.603,-31.4375,14.4375,-39.0625,31.5469,17.625,-39.875,0.0044,0.1164,0.9932,-0.0936,0.1058,0.99,0.2292,-0.5508,8.587,0.2507,-0.4785,8.0082,63.07023827337265
12201358000,3.5387,3.7188,-31.375,14.5,-39.0625,31.625,17.6562,-40.0,0.0005,0.1164,0.9932,-0.0897,0.1058,0.9903,0.2388,-0.5581,8.7745,0.2622,-0.4705,8.044,63.08597708437272
12206360000,3.5516,3.5994,-31.4062,14.625,-39.0625,31.5938,17.7812,-40.0,0.0024,0.1087,0.9941,-0.0879,0.097,0.9914,0.2438,-0.541,8.6359,0.2705,-0.4519,7.9274,63.08597708437272
12211358000,3.5314,3.5534,-31.2188,14.5625,-38.875,31.75,17.7812,-39.625,-0.0024,0.1125,0.9936,-0.1197,0.1028,0.9875,0.2275,-0.5493,8.5516,0.2703,-0.4624,8.0423,63.05547004923522
12216363000,3.4579,3.6012,-31.2812,14.7188,-39.0625,31.7188,17.875,-39.75,-0.0131,0.0941,0.9955,-0.1112,0.0814,0.9905,0.2532,-0.5342,8.6619,0.28,-0.4551,8.0678,63.082757189980214
12221358000,3.5755,3.4854,-31.4062,14.5312,-39.0,31.5781,17.5312,-39.5312,0.0005,0.1164,0.9932,-0.109,0.1058,0.9884,0.2382,-0.5518,8.6959,0.2302,-0.4895,7.9063,63.05794335315734
12226361000,3.5148,3.4763,-31.5312,14.625,-39.0625,31.5,17.6562,-39.9375,0.0034,0.1096,0.994,-0.0849,0.099,0.9915,0.252,-0.5474,8.7976,0.2559,-0.4729,8.0015,63.11010990229695
12231359000,3.5204,3.6673,-31.375,14.5312,-38.9375,31.6406,17.6562,-39.8438,-0.0053,0.1174,0.9931,-0.0955,0.1067,0.9897,0.2418,-0.5552,8.7748,0.2656,-0.4695,8.0706,63.09954713030831
12236359000,3.5718,3.7151,-31.4375,14.5312,-39.0938,31.5781,17.625,-40.0312,-0.0073,0.1164,0.9932,-0.0878,0.1058,0.9905,0.2388,-0.5459,8.6362,0.2612,-0.4775,8.1126,63.09846401109935
12241359000,3.5332,3.7225,-31.375,14.625,-38.9375,31.625,17.7812,-39.8438,0.0024,0.1116,0.9938,-0.0907,0.1019,0.9907,0.2456,-0.5425,8.6726,0.2737,-0.4607,8.0608,63.085521144950526
12246359000,3.524,3.6177,-31.2812,14.5,-39.0,31.7031,17.6562,-39.8125,-0.0053,0.1193,0.9928,-0.1013,0.1087,0.9889,0.2321,-0.5557,8.6731,0.2458,-0.4736,7.8997,63.06856428665552
12251359000,3.5773,3.4854,-31.375,14.6875,-38.875,31.625,17.6875,-40.0,0.0044,0.1087,0.9941,-0.0956,0.098,0.9906,0.2476,-0.5361,8.6223,0.2686,-0.4763,8.1795,63.08142060068083
12256362000,3.5277,3.5994,-31.5312,14.6875,-39.0,31.4844,17.8438,-40.125,0.0024,0.099,0.9951,-0.0773,0.0873,0.9932,0.2524,-0.5454,8.7809,0.2861,-0.4644,8.2389,63.10462501314781
12261362000,3.5057,3.5332,-31.5938,14.6875,-38.875,31.3906,17.8438,-39.875,0.018,0.1038,0.9944,-0.085,0.0931,0.992,0.2559,-0.5435,8.7964,0.2693,-0.46,8.0042,63.07136333590705
12266361000,3.4818,3.6618,-31.3125,14.5,-38.7812,31.6875,17.5625,-40.1875,0.0024,0.1193,0.9929,-0.082,0.1077,0.9908,0.2208,-0.5503,8.489,0.2605,-0.4785,8.1155,63.09006725261909
12271359000,3.5277,3.6159,-31.5312,14.5,-39.0,31.4688,17.6562,-40.0,0.0063,0.1222,0.9925,-0.0761,0.1116,0.9908,0.2406,-0.5503,8.7061,0.2603,-0.4763,8.0882,63.086936828792055
12276359000,3.4983,3.5387,-31.2812,14.5625,-38.625,31.7031,17.6875,-39.8438,0.0111,0.1164,0.9931,-0.1032,0.1058,0.989,0.2286,-0.5537,8.6135,0.2671,-0.4719,8.1141,63.073553450951216
12281363000,3.5001,3.57,-31.2812,14.625,-38.8438,31.7031,17.5625,-39.9375,0.0024,0.1164,0.9932,-0.1042,0.1058,0.9889,0.2426,-0.5454,8.6723,0.246,-0.4868,8.0491,63.06224807624606
12286359000,3.4818,3.5479,-31.375,14.625,-38.6875,31.6406,17.6562,-39.625,0.015,0.1125,0.9935,-0.1071,0.1038,0.9888,0.239,-0.5483,8.6665,0.2424,-0.4648,7.7637,63.09542711678874
12291359000,3.5057,3.7151,-31.2812,14.5,-38.8438,31.7031,17.625,-39.9375,0.0014,0.1222,0.9925,-0.1012,0.1116,0.9886,0.2238,-0.5547,8.571,0.2585,-0.4805,8.116,63.07126010458329
12296359000,3.4579,3.5553,-31.5312,14.375,-39.0,31.4844,17.5,-39.7812,0.0063,0.1271,0.9919,-0.0935,0.1164,0.9888,0.229,-0.5742,8.8502,0.2352,-0.4807,7.8626,63.09787430492409
12301362000,3.502,3.6067,-31.5,14.6562,-39.0625,31.5312,17.9375,-39.75,0.0053,0.1048,0.9945,-0.1005,0.0941,0.9905,0.2529,-0.5444,8.7752,0.2893,-0.4585,8.2082,63.12029593862817
12306484000,3.5608,3.6104,-31.2188,14.6562,-38.9375,31.7812,17.8125,-39.9688,-0.016,0.1087,0.9939,-0.1091,0.098,0.9892,0.2476,-0.5303,8.5561,0.2874,-0.458,8.1812,63.08744573510644
12311484000,3.502,3.6177,-31.1875,14.5625,-38.9375,31.8125,17.6875,-39.9062,-0.0102,0.1164,0.9931,-0.111,0.1067,0.9881,0.2332,-0.5454,8.569,0.2854,-0.4712,8.3074,63.08489521818991
12316492000,3.4726,3.5185,-31.375,14.5,-39.0625,31.6406,17.6562,-39.8438,-0.0073,0.1164,0.9932,-0.1013,0.1058,0.9892,0.2372,-0.5498,8.663,0.2607,-0.4641,7.9567,63.09942845612787
12321484000,3.4965,3.5718,-31.4062,14.5312,-39.0625,31.5938,17.6562,-39.8438,-0.0024,0.1145,0.9934,-0.0936,0.1038,0.9902,0.243,-0.5566,8.8048,0.2651,-0.4768,8.1474,63.0822958894966
12326484000,3.4616,3.6141,-31.4062,14.6562,-39.1562,31.5781,17.7812,-39.5625,-0.0015,0.1058,0.9944,-0.112,0.0951,0.9891,0.2573,-0.5366,8.7351,0.2659,-0.4663,8.0377,63.06308548731183
12331485000,3.4579,3.6343,-31.5312,14.6562,-39.0,31.4688,17.8438,-39.7812,0.0092,0.1048,0.9945,-0.085,0.0941,0.9919,0.27,-0.5493,9.0184,0.2676,-0.4548,7.928,63.08542674183951
12336485000,3.5351,3.5406,-31.5312,14.4375,-38.8438,31.5,17.5312,-39.8125,0.0063,0.1242,0.9922,-0.0867,0.1135,0.9897,0.2372,-0.564,8.8236,0.2466,-0.4807,7.9872,63.11451126975475
12341485000,3.5167,3.5957,-31.5312,14.5625,-39.0,31.4688,17.7812,-39.9375,0.0034,0.1067,0.9943,-0.082,0.096,0.992,0.2505,-0.5474,8.7815,0.2576,-0.4468,7.7278,63.089134848561685
12346485000,3.4873,3.6563,-31.4375,14.6562,-38.8125,31.5625,17.75,-40.0,0.0131,0.1087,0.994,-0.0869,0.099,0.9913,0.2527,-0.543,8.7559,0.2727,-0.4656,8.1047,63.08709657838122
12351485000,3.5112,3.6673,-31.4375,14.7188,-39.1562,31.5469,17.9375,-40.0938,-0.0054,0.0921,0.9957,-0.0831,0.0814,0.9932,0.2751,-0.5327,8.8871,0.2937,-0.4504,8.1665,63.07355838075097
12356485000,3.5534,3.5755,-31.2188,14.6562,-39.0312,31.7812,17.8125,-39.8125,-0.0151,0.1058,0.9943,-0.1072,0.0951,0.9897,0.2571,-0.541,8.7822,0.2834,-0.4624,8.1874,63.08385418932486
12361485000,3.4763,3.6435,-31.2812,14.6875,-39.0938,31.6875,17.8438,-39.6875,-0.0083,0.1048,0.9945,-0.1072,0.0931,0.9899,0.2603,-0.5322,8.7177,0.2812,-0.4607,8.1441,63.05055026778117
12366485000,3.4505,3.5791,-31.2812,14.6562,-38.9375,31.7031,17.75,-40.0,-0.0024,0.1087,0.9941,-0.0927,0.098,0.9909,0.2588,-0.5376,8.7623,0.2886,-0.4675,8.3014,63.069188604103665
12371485000,3.5001,3.7078,-31.4062,14.5312,-38.9375,31.5938,17.625,-40.125,0.0063,0.1135,0.9935,-0.0791,0.1028,0.9915,0.2549,-0.5508,8.8685,0.2617,-0.478,8.1235,63.08709657838122
12376485000,3.5204,3.5314,-31.5312,14.5,-39.0312,31.4688,17.625,-40.125,0.0121,0.1193,0.9928,-0.0713,0.1106,0.9913,0.2517,-0.562,8.961,0.2639,-0.4849,8.2244,63.08694019715966
12381489000,3.5167,3.6655,-31.4375,14.6562,-39.0,31.5469,17.8438,-39.9375,0.0083,0.1048,0.9945,-0.0908,0.0951,0.9913,0.2661,-0.543,8.9036,0.2756,-0.4619,8.0959,63.07197748104938
12386485000,3.5589,3.5975,-31.3125,14.5625,-38.875,31.6562,17.75,-40.125,0.0082,0.1145,0.9934,-0.0829,0.1048,0.991,0.2446,-0.543,8.6674,0.2776,-0.4673,8.1776,63.06171450206536
12391485000,3.4469,3.6177,-31.375,14.6875,-38.875,31.5938,17.8438,-39.75,0.0073,0.1067,0.9943,-0.1014,0.097,0.9901,0.2593,-0.5376,8.7677,0.2781,-0.4617,8.1201,63.0539263498317
12396485000,3.5167,3.6839,-31.2188,14.8438,-38.8125,31.7812,17.9375,-39.8125,-0.0044,0.0883,0.9961,-0.1122,0.0776,0.9907,0.2693,-0.52,8.6792,0.2966,-0.4512,8.207,63.0838408761705
12401485000,3.5534,3.6398,-31.3125,14.625,-39.2188,31.6875,17.7812,-40.0625,-0.0189,0.1087,0.9939,-0.0927,0.097,0.991,0.2578,-0.543,8.8123,0.2898,-0.4692,8.334,63.084652873183025
12406485000,3.4781,3.7078,-31.4375,14.6562,-38.9375,31.5625,17.75,-40.0,0.0112,0.1048,0.9944,-0.0821,0.0951,0.9921,0.2617,-0.5361,8.7779,0.2793,-0.4624,8.1417,63.08486747778741
12411485000,3.5387,3.6453,-31.4062,14.6875,-38.9062,31.5781,17.8125,-40.1875,0.0053,0.1019,0.9948,-0.0801,0.0912,0.9926,0.2617,-0.543,8.8553,0.2849,-0.4587,8.1625,63.0747921215758
12416486000,3.5387,3.6526,-31.375,14.5,-38.875,31.6406,17.5,-39.9062,0.0005,0.1193,0.9929,-0.1003,0.1096,0.9889,0.241,-0.5552,8.7654,0.2468,-0.4983,8.1875,63.09539774658687
12421488000,3.4616,3.6637,-31.3125,14.7188,-38.9375,31.6562,17.9375,-39.875,0.0005,0.099,0.9951,-0.0937,0.0883,0.9917,0.2634,-0.5386,8.8243,0.2932,-0.4663,8.3388,63.05787909238622
12426494000,3.4891,3.7078,-31.125,14.6875,-38.875,31.875,17.7812,-40.0,-0.0189,0.1077,0.994,-0.1043,0.097,0.9898,0.2468,-0.5361,8.6142,0.2969,-0.4729,8.4531,63.08594617416782
12431493000,3.5645,3.6912,-31.4062,14.2188,-39.3125,31.5938,17.5312,-39.8125,-0.0208,0.1348,0.9906,-0.1011,0.1232,0.9872,0.2196,-0.5781,8.7915,0.2372,-0.4951,8.0459,63.08900057664569
12436485000,3.4763,3.682,-31.4062,14.5312,-39.0625,31.5781,17.6875,-39.9688,0.0014,0.1193,0.9929,-0.0848,0.1087,0.9905,0.2527,-0.563,8.9828,0.2664,-0.4792,8.1882,63.069847438137984
12441493000,3.4616,3.4707,-31.4062,14.5625,-39.1875,31.5625,17.75,-39.75,0.0228,0.1193,0.9926,-0.0761,0.1096,0.9911,0.2532,-0.5649,9.0103,0.2644,-0.4731,8.0982,63.05183377341217
12446615000,3.6306,3.5277,-31.25,14.625,-39.0,31.7188,17.6875,-40.0938,0.0556,0.131,0.9898,-0.0499,0.1232,0.9911,0.2324,-0.5557,8.6771,0.2444,-0.4629,7.7632,63.052716659395415
12451610000,3.6361,3.6379,-31.2812,14.375,-39.0625,31.7031,17.375,-40.5625,0.0995,0.1657,0.9811,0.0024,0.159,0.9873,0.201,-0.5923,8.7492,0.2133,-0.4888,7.712,63.073544743339106
12456611000,3.5883,3.7445,-31.2188,14.3125,-38.9375,31.75,17.3438,-40.375,0.1392,0.183,0.9732,0.0158,0.1802,0.9835,0.1744,-0.6001,8.5469,0.1843,-0.4839,7.3401,63.05810780050413
12461611000,3.5461,3.5975,-31.3125,14.5625,-38.625,31.6406,17.5625,-40.6562,0.1887,0.1744,0.9664,0.0629,0.1744,0.9827,0.212,-0.5806,8.7362,0.1881,-0.4741,7.272,63.05726423696163
12466611000,3.5957,3.502,-31.3125,14.4375,-38.6562,31.6406,17.4688,-40.6875,0.2108,0.1869,0.9595,0.0762,0.1869,0.9794,0.1584,-0.583,8.1773,0.1809,-0.478,7.2369,63.058764331296565
12471611000,3.6747,3.8143,-31.3125,14.3438,-38.6875,31.6406,17.2188,-40.5,0.2271,0.1993,0.9533,0.0932,0.1993,0.9755,0.1451,-0.5957,8.1764,0.1414,-0.4995,7.0458,63.04477441358641
12476611000,3.6122,3.5461,-31.3125,14.6562,-38.6875,31.6562,17.5625,-40.5625,0.2266,0.1677,0.9594,0.088,0.1686,0.9817,0.1769,-0.563,8.1515,0.1917,-0.4749,7.3189,63.06361379099678
12481618000,3.6435,3.7078,-31.0938,14.5312,-38.625,31.875,17.5312,-40.3125,0.2075,0.1763,0.9622,0.0552,0.1773,0.9826,0.1689,-0.5708,8.1533,0.1757,-0.4839,7.2453,63.06280543783316
12486611000,3.6306,3.7519,-31.4062,14.5625,-38.7812,31.5625,17.5,-40.125,0.2245,0.1734,0.9589,0.0793,0.1734,0.9817,0.1923,-0.5786,8.4973,0.1722,-0.4761,7.1202,63.05150184079678
12491611000,3.5994,3.8254,-31.25,14.5,-38.8125,31.6875,17.625,-40.1562,0.2103,0.1763,0.9616,0.0821,0.1763,0.9809,0.1779,-0.5747,8.2952,0.1879,-0.4761,7.2912,63.02935872226529
12496619000,3.5773,3.6214,-31.0625,14.8125,-38.7812,31.9375,17.625,-40.3125,0.1977,0.159,0.9673,0.066,0.1571,0.9854,0.2102,-0.5439,8.3007,0.1648,-0.48,7.0825,63.08133666893878
12501611000,3.6085,3.6251,-31.3125,14.5625,-38.6562,31.6562,17.4375,-40.25,0.2167,0.1802,0.9595,0.0906,0.1802,0.9795,0.1906,-0.5732,8.4176,0.1826,-0.4912,7.4037,63.0544447531655
12506611000,3.6747,3.6306,-31.2812,14.4375,-38.875,31.6406,17.4688,-39.8125,0.2094,0.1763,0.9618,0.061,0.1773,0.9823,0.1746,-0.5762,8.2758,0.1647,-0.4895,7.1881,63.00175077868868
12511614000,3.6416,3.6986,-31.25,14.5,-38.625,31.7031,17.4688,-40.0625,0.2176,0.183,0.9587,0.0686,0.183,0.9807,0.1769,-0.5864,8.4178,0.1758,-0.4861,7.2713,63.03945573448426
12516611000,3.5865,3.7261,-31.2812,14.3125,-38.625,31.6875,17.2188,-40.0938,0.218,0.1945,0.9564,0.0808,0.1955,0.9774,0.1534,-0.5991,8.3061,0.1318,-0.5098,7.0572,63.05284397091062
12521611000,3.5902,3.7482,-31.3125,14.4062,-38.625,31.6406,17.4375,-40.0625,0.2155,0.1869,0.9584,0.0723,0.1888,0.9793,0.1748,-0.5898,8.434,0.1742,-0.4861,7.2539,63.04243004159976
12526613000,3.5828,3.75,-31.3125,14.625,-38.4375,31.6406,17.5,-40.3125,0.2282,0.1744,0.9579,0.0859,0.1763,0.9806,0.1763,-0.5664,8.1836,0.1882,-0.4873,7.4213,63.04660220511491
12531611000,3.581,3.6379,-31.2188,14.5625,-38.5625,31.7812,17.4688,-40.0,0.2114,0.1725,0.9621,0.0677,0.1734,0.9825,0.1862,-0.5835,8.486,0.1879,-0.4944,7.4969,63.083381218352585
12536611000,3.6324,3.6526,-31.125,14.5625,-38.5,31.8438,17.5,-40.1875,0.2085,0.1744,0.9623,0.0706,0.1754,0.982,0.1859,-0.5762,8.4001,0.1996,-0.4895,7.5703,63.059863113869824
12541611000,3.5994,3.6269,-31.3125,14.4062,-38.625,31.5938,17.4375,-40.125,0.2212,0.1859,0.9573,0.08,0.1869,0.9791,0.1763,-0.5903,8.4556,0.1757,-0.4937,7.355,62.99715358157066
12546612000,3.5865,3.6508,-31.2188,14.5625,-38.5625,31.75,17.5312,-40.0312,0.2113,0.1754,0.9616,0.062,0.1754,0.9826,0.1898,-0.5767,8.4484,0.1979,-0.498,7.6477,63.05584852192539
12551614000,3.5498,3.5075,-31.3125,14.4375,-38.5,31.6406,17.3125,-39.75,0.2195,0.1802,0.9588,0.0581,0.1802,0.9819,0.1722,-0.5933,8.4449,0.1506,-0.5166,7.3397,63.03111076769947
12556611000,3.6141,3.7849,-31.0938,14.875,-38.4375,31.875,17.8125,-40.1562,0.2103,0.1493,0.9662,0.0622,0.1493,0.9868,0.2104,-0.5459,8.3255,0.226,-0.4741,7.6868,63.06070574755725
12561612000,3.5755,3.7243,-31.2188,14.4062,-38.5938,31.7344,17.4375,-40.1562,0.2118,0.1869,0.9593,0.0733,0.1869,0.9796,0.1665,-0.5913,8.3599,0.1809,-0.5049,7.5388,63.045501534130096
12566612000,3.5902,3.6416,-31.3125,14.4375,-38.5,31.5938,17.375,-40.1875,0.2213,0.1821,0.958,0.0791,0.1821,0.9801,0.1718,-0.5908,8.4117,0.1893,-0.5083,7.6695,62.99745345797717
12571612000,3.5975,3.6508,-31.25,14.2188,-38.25,31.7031,17.1875,-39.7812,0.2221,0.206,0.953,0.0578,0.2051,0.977,0.1324,-0.6187,8.2997,0.1417,-0.5361,7.4628,63.04165728103918
12576737000,3.592,3.7813,-31.5312,14.3125,-38.2812,31.4062,17.25,-39.8125,0.2396,0.1907,0.952,0.0866,0.1917,0.9776,0.1559,-0.6074,8.4275,0.1416,-0.5142,7.2134,63.02451986885739
12581737000,3.6049,3.5148,-31.375,14.4062,-38.5,31.5938,17.3125,-39.7188,0.2277,0.1859,0.9558,0.0628,0.1869,0.9804,0.1781,-0.603,8.6204,0.1638,-0.5054,7.3573,63.04761555023315
12586624000,3.5351,3.5681,-31.4062,14.9375,-38.375,31.5469,17.875,-39.9688,0.2367,0.1493,0.96,0.0853,0.1513,0.9848,0.2288,-0.543,8.4932,0.2321,-0.4568,7.5595,63.04174731318922
12591750000,3.5773,3.4432,-31.3125,14.5625,-38.25,31.5938,17.625,-39.8125,0.2349,0.1696,0.9571,0.0697,0.1696,0.983,0.182,-0.5786,8.385,0.2048,-0.4895,7.6279,63.00018168378565
12596737000,3.5773,3.7372,-31.4062,14.5625,-38.375,31.5469,17.5625,-40.0938,0.2348,0.1725,0.9566,0.0898,0.1705,0.9812,0.1893,-0.5781,8.4597,0.1882,-0.4924,7.4789,63.04797437705672
12601737000,3.5957,3.7445,-31.375,14.375,-38.125,31.5938,17.2188,-40.1875,0.2377,0.1917,0.9522,0.0866,0.1926,0.9774,0.1552,-0.605,8.3916,0.1747,-0.5093,7.5202,63.06671767366683
12606737000,3.5828,3.6159,-31.2188,14.6875,-38.625,31.7344,17.6562,-40.1562,0.2147,0.159,0.9636,0.0756,0.16,0.9842,0.2054,-0.5601,8.4311,0.2025,-0.4785,7.4791,63.04175714056518
12611740000,3.6141,3.6729,-31.25,14.5,-38.4375,31.7031,17.5312,-39.875,0.2169,0.1763,0.9601,0.06,0.1763,0.9825,0.184,-0.5928,8.5676,0.178,-0.4888,7.3255,63.04242523332997
12616753000,3.5975,3.7243,-31.2812,14.7188,-38.4688,31.6875,17.6562,-39.9062,0.223,0.1628,0.9611,0.0592,0.1619,0.985,0.2108,-0.5674,8.5731,0.1967,-0.4888,7.53,63.053561495049586
12621737000,3.5791,3.4965,-31.2812,14.2188,-38.4062,31.6875,16.9375,-39.75,0.2204,0.2032,0.954,0.0654,0.2041,0.9768,0.1628,-0.604,8.4646,0.1338,-0.5674,7.7301,63.04168706356136
12626747000,3.5791,3.5167,-31.4062,14.4375,-38.375,31.5625,17.25,-39.9375,0.2333,0.1869,0.9543,0.0857,0.1888,0.9783,0.1801,-0.5918,8.5137,0.1436,-0.5181,7.2788,63.05084251768567
12631737000,3.6379,3.8437,-31.375,14.7188,-38.4062,31.625,17.5625,-40.125,0.2331,0.1686,0.9577,0.0899,0.1686,0.9816,0.21,-0.5625,8.5083,0.1813,-0.4817,7.2821,63.08756536061603
12636737000,3.4983,3.6343,-31.2188,14.5625,-38.25,31.7344,17.4375,-40.375,0.2416,0.1888,0.9518,0.1086,0.1898,0.9758,0.1707,-0.5786,8.2608,0.1576,-0.4929,7.1491,63.054632187017
12641737000,3.4928,3.6453,-31.25,14.5312,-38.125,31.7031,17.4688,-40.3125,0.2581,0.1926,0.9467,0.1171,0.1936,0.9741,0.1536,-0.5801,8.0905,0.1562,-0.4949,7.1564,63.0595547845051
12646737000,3.5424,3.5865,-31.2188,14.75,-38.1875,31.75,17.6562,-40.7188,0.2548,0.183,0.9495,0.1402,0.183,0.9731,0.1877,-0.563,8.2704,0.1927,-0.4749,7.331,63.08663290721736
12651739000,3.5112,3.4175,-31.5,14.6562,-38.3438,31.4688,17.375,-40.3125,0.2679,0.1811,0.9463,0.1421,0.183,0.9728,0.1923,-0.5806,8.5195,0.1348,-0.4993,6.971,63.05820665520071
12656737000,3.4781,3.434,-31.4062,14.625,-38.4375,31.5625,17.6562,-40.3125,0.2523,0.1773,0.9513,0.1317,0.1782,0.9751,0.1848,-0.5713,8.3325,0.1718,-0.4707,7.0546,63.06949324459489
12661738000,3.4634,3.6747,-31.4062,14.6875,-38.3125,31.5625,17.6562,-40.625,0.2606,0.1792,0.9487,0.1402,0.1802,0.9736,0.1993,-0.562,8.3863,0.1918,-0.4719,7.2874,63.08104323511145
12666737000,3.4726,3.7225,-31.2812,14.8438,-38.1875,31.6875,17.5625,-40.5938,0.2534,0.1744,0.9515,0.1414,0.1734,0.9746,0.1943,-0.5571,8.2761,0.1831,-0.4761,7.2391,63.073281102777585
12671737000,3.5571,3.7482,-31.5,14.7188,-38.3438,31.4688,17.5312,-40.0312,0.2607,0.1763,0.9492,0.1251,0.1763,0.9764,0.1805,-0.561,8.1694,0.1587,-0.4795,7.0103,63.05415676987521
12676738000,3.4763,3.6306,-31.4062,14.7188,-38.1875,31.5625,17.375,-40.125,0.2588,0.1773,0.9495,0.1289,0.1782,0.9755,0.1866,-0.5654,8.2861,0.142,-0.5034,7.0964,63.054472358271305
12681738000,3.4818,3.3679,-31.2812,14.5312,-38.3125,31.6875,17.1875,-40.1875,0.2422,0.1945,0.9505,0.1122,0.1974,0.9739,0.1616,-0.5791,8.1675,0.1193,-0.5386,7.2457,63.05258705540955
12686738000,3.5112,3.6967,-31.25,14.625,-38.125,31.7344,17.3438,-40.5,0.2463,0.1869,0.951,0.1315,0.1869,0.9735,0.1665,-0.5698,8.1155,0.1506,-0.5083,7.2462,63.087773314644735
12691738000,3.5057,3.5975,-31.3125,14.875,-38.1562,31.625,17.6875,-40.375,0.2583,0.1677,0.9514,0.132,0.1677,0.977,0.1946,-0.5439,8.1295,0.2003,-0.4741,7.4057,63.03936972987594
12696741000,3.4377,3.671,-31.2188,14.5625,-38.1875,31.7812,17.3438,-40.3125,0.2444,0.1869,0.9515,0.1172,0.1869,0.9754,0.1656,-0.5737,8.1505,0.1422,-0.5132,7.2091,63.09715726314459
12701738000,3.4542,3.4891,-31.4062,14.5625,-38.3125,31.5469,17.4688,-40.1875,0.2508,0.1898,0.9493,0.1371,0.1907,0.972,0.1733,-0.5762,8.2624,0.1481,-0.4939,7.056,63.0480372755568
12706738000,3.4616,3.5057,-31.375,14.5312,-38.1875,31.5781,17.4375,-40.125,0.2536,0.1888,0.9487,0.1229,0.1888,0.9743,0.1785,-0.5874,8.4463,0.1606,-0.5088,7.3611,63.04992692739619
12711863000,3.5038,3.5663,-31.4375,14.9375,-38.5,31.4844,17.8438,-40.125,0.257,0.1551,0.9539,0.1293,0.1571,0.9791,0.2268,-0.5474,8.5215,0.2019,-0.4668,7.3409,63.00994131325628
12716863000,3.4744,3.2944,-31.5312,14.3125,-38.2812,31.4219,17.1875,-40.0,0.2608,0.2098,0.9423,0.1346,0.2108,0.9682,0.1594,-0.6069,8.4606,0.1139,-0.5273,7.0595,63.04215016994582
12721863000,3.5314,3.6398,-31.1875,14.625,-38.3438,31.7969,17.4688,-40.125,0.2361,0.1869,0.9536,0.1048,0.1869,0.9768,0.1895,-0.5698,8.3667,0.1549,-0.4912,7.1006,63.07372285857242
12726863000,3.4542,3.5938,-31.3125,14.5,-38.125,31.5938,17.4375,-40.625,0.2549,0.1993,0.9462,0.1454,0.2003,0.9689,0.1738,-0.5854,8.3733,0.1724,-0.5117,7.5223,63.02445149257549
12731863000,3.445,3.5369,-31.5312,14.7188,-38.125,31.4219,17.625,-40.1875,0.2643,0.1782,0.9478,0.1412,0.1792,0.9736,0.2008,-0.5703,8.4966,0.1777,-0.4744,7.1611,63.05388730522488
12736867000,3.5167,3.649,-31.25,14.5,-38.3438,31.7031,17.375,-40.1875,0.2413,0.1936,0.9509,0.1209,0.1936,0.9736,0.1783,-0.5742,8.295,0.1555,-0.5044,7.2555,63.045679108881046
12741863000,3.4101,3.5498,-31.375,14.5312,-38.1875,31.5781,17.4688,-40.375,0.2514,0.1955,0.9479,0.1332,0.1965,0.9714,0.1781,-0.5869,8.4367,0.1759,-0.4961,7.3851,63.0595547845051
12746863000,3.4524,3.6288,-31.1875,14.75,-38.3125,31.7969,17.6562,-40.4375,0.2367,0.1725,0.9562,0.1223,0.1734,0.9772,0.209,-0.561,8.4809,0.2001,-0.4817,7.4879,63.08721159474399
12751863000,3.377,3.3973,-31.25,14.8438,-38.25,31.7188,17.375,-40.125,0.248,0.1705,0.9536,0.1099,0.1715,0.979,0.2128,-0.5488,8.3841,0.1541,-0.4995,7.1846,63.047540569636816
12756866000,3.4652,3.581,-31.2812,14.4375,-38.375,31.6562,17.3125,-40.0625,0.2392,0.1993,0.9503,0.1065,0.2003,0.9739,0.1821,-0.5903,8.5197,0.1564,-0.5225,7.4685,63.025626534053586
12761863000,3.423,3.5534,-31.25,14.6875,-38.25,31.7031,17.5312,-40.0625,0.2439,0.1773,0.9534,0.1107,0.1782,0.9777,0.203,-0.564,8.4486,0.1801,-0.4861,7.318,63.04335480881391
12766863000,3.4891,3.6416,-31.4062,14.6875,-38.5,31.5469,17.5625,-40.0625,0.2485,0.1802,0.9517,0.1145,0.1802,0.9769,0.2137,-0.5649,8.5775,0.1639,-0.4839,7.117,63.03808238565002
12771863000,3.4211,3.4211,-31.2812,15.0,-38.1875,31.7031,17.8125,-40.1875,0.2469,0.1513,0.9572,0.1074,0.1522,0.9825,0.2292,-0.5337,8.3936,0.2112,-0.4648,7.4207,63.07877775242637
12776863000,3.3991,3.4965,-31.5312,14.7188,-38.3125,31.4375,17.5312,-39.75,0.259,0.1725,0.9503,0.129,0.1744,0.9762,0.21,-0.5762,8.6635,0.1624,-0.49,7.1683,63.04786419618035
12781864000,3.4469,3.491,-31.4375,14.875,-38.25,31.5,17.5312,-39.9688,0.2651,0.1619,0.9505,0.1283,0.1628,0.9783,0.2184,-0.5493,8.4512,0.1636,-0.4861,7.1377,63.01697055658896
12786864000,3.4083,3.5314,-31.5,14.875,-38.25,31.4844,17.5,-39.9688,0.2586,0.1619,0.9523,0.1216,0.1619,0.9793,0.224,-0.5527,8.5515,0.1639,-0.4937,7.2268,63.06250503904837
12791864000,3.4524,3.5204,-31.5312,14.5312,-38.4062,31.4062,17.5,-39.9375,0.2482,0.1869,0.9505,0.121,0.1878,0.9747,0.197,-0.5869,8.6439,0.1615,-0.49,7.1589,63.02598648089532
12796870000,3.3807,3.456,-31.2812,14.6875,-38.125,31.6875,17.4375,-39.8125,0.2421,0.1773,0.9539,0.1002,0.1782,0.9789,0.1923,-0.5566,8.2479,0.158,-0.4976,7.2053,63.051307170747855
12801864000,3.5498,3.5498,-31.3125,14.8125,-38.6875,31.625,17.75,-39.8125,0.2218,0.1455,0.9642,0.0941,0.1445,0.985,0.2388,-0.5513,8.697,0.2074,-0.4729,7.4696,63.016056981534476
12806864000,3.4726,3.5424,-31.4062,14.4062,-38.625,31.5625,17.5312,-40.125,0.2139,0.1542,0.9646,0.0815,0.1522,0.985,0.1904,-0.5698,8.3774,0.2334,-0.49,7.9467,63.06403733261929
12811864000,3.682,3.671,-31.375,14.8438,-38.8438,31.5938,17.8438,-40.4375,0.1881,0.0853,0.9784,0.0588,0.0834,0.9948,0.2512,-0.4849,8.0848,0.2656,-0.4431,7.7754,63.06036515220951
12816864000,3.6508,3.807,-31.0938,14.625,-39.125,31.8906,17.7812,-40.6875,0.1288,0.059,0.9899,0.0141,0.0561,0.9983,0.243,-0.4792,7.9319,0.2776,-0.4343,7.8089,63.082784086072174
12821864000,3.7225,3.8033,-31.2812,14.7188,-39.4375,31.7031,17.875,-41.0625,0.1251,0.0102,0.9921,0.0268,0.0063,0.9996,0.2786,-0.4399,7.8824,0.3079,-0.3977,7.7344,63.08426325106762
12826867000,3.7372,3.9981,-31.1875,14.5625,-39.875,31.7812,17.9375,-40.9688,0.0912,-0.023,0.9956,-0.0239,-0.0259,0.9994,0.291,-0.4348,7.9622,0.3457,-0.385,8.0115,63.06856747326675
12831864000,3.7702,3.8952,-31.125,14.7188,-40.125,31.8438,18.0938,-41.0,0.056,-0.0727,0.9958,-0.0482,-0.0805,0.9956,0.3213,-0.3977,7.8826,0.3701,-0.3398,7.7813,63.065252107955615
12836864000,3.7372,3.9282,-31.25,14.75,-40.5,31.7188,18.1562,-40.8125,0.0354,-0.1096,0.9933,-0.0799,-0.1174,0.9899,0.3455,-0.3782,7.9329,0.3811,-0.2915,7.3695,63.06163356693196
12841864000,3.7702,3.9393,-31.125,15.125,-40.4375,31.7969,18.6875,-40.9375,0.0226,-0.1706,0.9851,-0.0916,-0.1782,0.9797,0.3962,-0.3455,8.1336,0.4612,-0.2296,7.5819,63.02465315937883
12846996000,3.7702,3.728,-30.9062,15.1875,-40.375,32.0312,18.8125,-40.3125,-0.0014,-0.1811,0.9835,-0.1524,-0.1869,0.9705,0.4009,-0.333,8.0475,0.4768,-0.1976,7.4064,63.04173895134873
12852000000,3.7666,3.7261,-30.9375,15.125,-40.2812,32.0,18.5938,-40.3125,0.0043,-0.1782,0.984,-0.1411,-0.1821,0.9731,0.4309,-0.3342,8.3957,0.4685,-0.2156,7.51,63.03302673503788
12856992000,3.7574,3.6876,-31.0625,15.3125,-40.25,31.8906,18.8125,-40.5625,0.0053,-0.1888,0.982,-0.118,-0.1946,0.9738,0.4636,-0.3193,8.5969,0.4956,-0.1968,7.6082,63.05109401001699
12861989000,3.7206,3.6986,-30.9688,15.375,-39.75,31.9531,18.75,-40.6875,0.0302,-0.184,0.9825,-0.1134,-0.1898,0.9753,0.4512,-0.3176,8.4387,0.5273,-0.2144,8.1585,63.01932267852456
12866992000,3.7702,3.7702,-30.9062,15.1562,-40.0625,32.0625,18.4688,-40.5938,-0.0082,-0.1706,0.9853,-0.1155,-0.1782,0.9772,0.4463,-0.3457,8.6945,0.5063,-0.2266,8.0557,63.058011213009244
12871989000,3.7188,3.7537,-31.0625,15.0625,-40.0,31.8906,18.4688,-40.625,0.0091,-0.1629,0.9866,-0.108,-0.1706,0.9794,0.4507,-0.3496,8.7869,0.4875,-0.2344,7.93,63.0482854984971
12876989000,3.7059,3.7335,-31.0,15.2812,-39.9375,31.9531,18.5938,-40.3125,0.0024,-0.1792,0.9838,-0.123,-0.1859,0.9748,0.4788,-0.3245,8.8233,0.5146,-0.2162,8.0354,63.04130981642117
12881989000,3.7555,3.7666,-30.6562,15.125,-39.9375,32.3125,18.4062,-40.375,-0.0255,-0.1677,0.9855,-0.1375,-0.1763,0.9747,0.4543,-0.3357,8.6738,0.5156,-0.2527,8.4471,63.05564890935625
12886989000,3.761,3.7133,-30.6875,15.0,-39.9375,32.25,18.4062,-40.3125,-0.0265,-0.16,0.9868,-0.1377,-0.1677,0.9762,0.4507,-0.3567,8.8653,0.519,-0.244,8.3904,63.03072052332894
12891994000,3.7078,3.8694,-30.9688,15.25,-39.5625,31.9688,18.5,-40.5625,0.013,-0.1715,0.9851,-0.1031,-0.1792,0.9784,0.4883,-0.3274,8.9626,0.5239,-0.2374,8.3731,63.029389920575944
12896989000,3.728,3.7849,-31.0938,15.4375,-39.6875,31.8438,18.9062,-40.4688,0.0101,-0.1898,0.9818,-0.0989,-0.1974,0.9753,0.5298,-0.3115,9.2549,0.5757,-0.1843,8.3771,63.03795525824105
12901990000,3.7188,3.6876,-30.9062,15.3125,-39.7188,32.0625,18.625,-40.3438,-0.0072,-0.1734,0.9848,-0.1107,-0.1811,0.9772,0.5337,-0.3247,9.4447,0.5459,-0.2288,8.5263,63.058865046399305
12906990000,3.7133,3.8033,-30.875,15.25,-39.6875,32.125,18.5,-40.625,-0.0101,-0.1686,0.9856,-0.1003,-0.1763,0.9792,0.5298,-0.3293,9.4518,0.5488,-0.228,8.5515,63.090739465075224
12911990000,3.7188,3.8731,-30.625,15.1562,-39.4375,32.3125,18.4688,-40.4375,-0.0149,-0.1609,0.9869,-0.1291,-0.1677,0.9774,0.4968,-0.3491,9.2991,0.5493,-0.2312,8.5918,63.0325489331504
12916998000,3.682,3.7151,-30.8125,15.0625,-39.5312,32.1562,18.4375,-40.25,-0.0072,-0.16,0.9871,-0.1292,-0.1657,0.9777,0.5107,-0.3489,9.453,0.5342,-0.2438,8.5586,63.06317846517094
12921990000,3.682,3.8952,-30.9688,15.1875,-39.4688,32.0,18.625,-40.3125,0.0072,-0.16,0.9871,-0.11,-0.1677,0.9797,0.5337,-0.3435,9.6526,0.5498,-0.2198,8.4728,63.06820125372215
12926993000,3.6802,3.8511,-30.9375,15.25,-39.625,32.0312,18.5938,-40.5312,-0.0043,-0.1715,0.9852,-0.105,-0.1792,0.9782,0.5522,-0.3279,9.6897,0.5645,-0.2236,8.6804,63.06393086836564
12931990000,3.7096,3.6435,-30.9375,15.3438,-39.4688,32.0,18.7812,-39.8125,0.0005,-0.1782,0.984,-0.1258,-0.1859,0.9745,0.5586,-0.3213,9.6888,0.5864,-0.2012,8.6838,63.032235837704505
12936990000,3.6839,3.7004,-31.0938,15.2812,-39.4375,31.8594,18.5625,-40.4688,0.014,-0.1686,0.9856,-0.0946,-0.1754,0.98,0.5498,-0.3313,9.6998,0.5542,-0.2332,8.6686,63.04709271346301
12941991000,3.6747,3.7886,-31.0,15.1875,-39.5312,31.9375,18.5625,-40.375,-0.0043,-0.1715,0.9852,-0.0945,-0.1792,0.9793,0.5615,-0.3481,10.019,0.5625,-0.24,8.8378,63.03357462249781
12946990000,3.5994,3.7849,-30.9375,15.5,-39.25,32.0312,18.7812,-40.4375,0.0034,-0.184,0.9829,-0.1,-0.1917,0.9764,0.5815,-0.3276,10.0196,0.5854,-0.209,8.7583,63.06531225150638
12951990000,3.6563,3.6931,-31.1875,15.25,-39.3125,31.7812,18.625,-40.375,0.0236,-0.1677,0.9856,-0.0793,-0.1734,0.9816,0.5669,-0.3435,10.0286,0.5566,-0.2264,8.6226,63.06803240105085
12956990000,3.6306,3.6857,-30.9688,15.3438,-39.1875,31.9688,18.5938,-40.125,0.013,-0.1734,0.9848,-0.1021,-0.1792,0.9785,0.5757,-0.3271,9.9476,0.5674,-0.2231,8.7083,63.02842929988023
12961999000,3.649,3.7427,-30.9688,15.3125,-39.375,32.0,18.5938,-40.375,0.0024,-0.1734,0.9848,-0.0973,-0.1811,0.9786,0.5669,-0.3354,9.9395,0.5698,-0.2303,8.815,63.062165385673204
12966990000,3.6416,3.7188,-31.0625,15.4688,-39.375,31.9062,18.7812,-40.0625,0.0072,-0.1859,0.9825,-0.1057,-0.1926,0.9756,0.6104,-0.3145,10.2023,0.5771,-0.2202,8.7871,63.05951022407326
12971990000,3.649,3.6912,-31.1875,15.125,-39.5,31.7812,18.5,-40.375,0.0091,-0.1648,0.9863,-0.0812,-0.1706,0.982,0.5596,-0.354,10.0618,0.5518,-0.2402,8.7187,63.065152260896035
12976990000,3.5185,3.5975,-31.0938,15.0625,-39.3125,31.875,18.375,-40.25,0.0159,-0.1493,0.9887,-0.0901,-0.1571,0.9835,0.5405,-0.3633,9.9489,0.5332,-0.2568,8.6911,63.062836408934224
12981998000,3.5883,3.5957,-31.0,15.375,-39.3125,31.9531,18.6875,-40.1875,0.0053,-0.1782,0.984,-0.0944,-0.184,0.9784,0.5762,-0.3286,9.9693,0.5674,-0.224,8.7176,63.04626143444193
12987115000,3.6453,3.5755,-31.25,15.125,-39.6875,31.7031,18.625,-39.8125,0.0082,-0.1677,0.9858,-0.0955,-0.1734,0.9802,0.5986,-0.3442,10.3978,0.5562,-0.2218,8.5661,63.05044349257188
12992118000,3.5994,3.6085,-31.0625,15.125,-39.25,31.875,18.4688,-40.2812,0.0169,-0.1542,0.9879,-0.0862,-0.1609,0.9832,0.5552,-0.3542,10.0147,0.543,-0.2454,8.6755,63.03469900086777
12997115000,3.6306,3.6471,-31.0,15.1875,-39.5625,31.9375,18.4688,-40.5625,0.0005,-0.1677,0.9858,-0.0754,-0.1754,0.9816,0.5825,-0.3394,10.1603,0.5542,-0.2465,8.8147,63.03091174923618
13002115000,3.6673,3.6104,-31.0625,15.1875,-39.625,31.8906,18.625,-40.0312,-0.0101,-0.1677,0.9858,-0.0927,-0.1734,0.9805,0.605,-0.3528,10.5649,0.5674,-0.2286,8.7685,63.048189540223916
13007121000,3.6232,3.5994,-31.2188,15.0625,-39.5625,31.7344,18.4375,-40.25,0.013,-0.158,0.9873,-0.0736,-0.1657,0.9834,0.583,-0.3611,10.4065,0.541,-0.2468,8.6695,63.04735261285759
13012120000,3.6085,3.6729,-31.0938,15.2812,-39.3125,31.8438,18.625,-40.25,0.013,-0.1677,0.9858,-0.0792,-0.1754,0.9813,0.585,-0.3347,10.1367,0.5879,-0.2272,8.9856,63.03333561259471
13017119000,3.5791,3.6251,-31.2188,15.0625,-39.3125,31.7188,18.4688,-40.3438,0.0256,-0.1551,0.9876,-0.0708,-0.1629,0.9841,0.5513,-0.3616,10.0516,0.5488,-0.2466,8.7552,63.03814680921386
13022116000,3.5975,3.5553,-31.0,15.0312,-39.4375,31.9062,18.4688,-40.125,0.0005,-0.16,0.9871,-0.0918,-0.1677,0.9816,0.5679,-0.3599,10.2209,0.563,-0.2426,8.8715,63.00380741233025
13027116000,3.6141,3.6379,-31.1875,15.2812,-39.4375,31.7969,18.5938,-40.3125,0.012,-0.1734,0.9848,-0.0734,-0.1811,0.9807,0.5947,-0.3391,10.2966,0.5615,-0.2347,8.769,63.077520457925424
13032116000,3.6251,3.6104,-31.1875,15.3125,-39.5625,31.7812,18.7812,-40.125,-0.0014,-0.1811,0.9835,-0.0867,-0.1888,0.9782,0.6016,-0.3352,10.3313,0.5874,-0.2262,8.9694,63.06667476274613
13037116000,3.5773,3.7078,-30.9062,15.125,-39.4375,32.0625,18.4375,-40.4688,-0.0285,-0.1493,0.9884,-0.1102,-0.1571,0.9814,0.5596,-0.3613,10.1429,0.5747,-0.2546,9.1373,63.06420074519299
13042125000,3.6196,3.6049,-30.9062,15.2812,-39.5625,32.0625,18.5625,-40.0625,-0.0477,-0.158,0.9863,-0.1243,-0.1677,0.978,0.584,-0.3547,10.3472,0.5757,-0.246,9.0532,63.05611873069893
13047119000,3.5461,3.6967,-31.0,15.1875,-39.9688,31.9375,18.5938,-40.1875,-0.0554,-0.1609,0.9854,-0.1109,-0.1715,0.9789,0.5806,-0.3533,10.2921,0.5762,-0.249,9.0922,63.02998981143818
13052116000,3.5755,3.6526,-31.0938,15.3125,-39.375,31.8594,18.5938,-40.25,-0.0178,-0.16,0.987,-0.0956,-0.1677,0.9812,0.5771,-0.3525,10.2451,0.5659,-0.2491,8.9771,63.04472971573437
13057116000,3.5828,3.5571,-30.9062,15.0625,-39.4688,32.0625,18.2812,-40.375,-0.0362,-0.1416,0.9893,-0.1065,-0.1493,0.983,0.5576,-0.3723,10.2426,0.5352,-0.271,8.869,63.05742151261816
13062116000,3.5865,3.7078,-30.9062,15.125,-39.4688,32.0312,18.4688,-40.25,-0.0468,-0.1493,0.9877,-0.1169,-0.1571,0.9806,0.5669,-0.3723,10.3479,0.5713,-0.2598,9.1548,63.031004994684956
13067117000,3.524,3.6269,-31.0938,15.0312,-39.5938,31.8594,18.375,-40.125,-0.0372,-0.1416,0.9892,-0.1026,-0.1503,0.9833,0.5791,-0.3765,10.5326,0.5439,-0.2742,9.0033,63.04417944679747
13072116000,3.4358,3.5718,-31.1875,15.1875,-39.4375,31.7969,18.5,-40.5,-0.0207,-0.1551,0.9877,-0.09,-0.1629,0.9825,0.5923,-0.355,10.4444,0.5542,-0.2498,8.8509,63.080394782055706
13077116000,3.4983,3.6049,-31.125,15.0312,-39.6875,31.8125,18.3125,-40.1875,-0.0343,-0.1474,0.9885,-0.1054,-0.1551,0.9822,0.5767,-0.3708,10.4426,0.5347,-0.2756,8.9145,63.02496200665257
13082117000,3.4763,3.5093,-31.125,15.1875,-39.4375,31.8125,18.5,-40.5,-0.015,-0.1542,0.9879,-0.089,-0.1609,0.9829,0.5835,-0.3582,10.3795,0.5581,-0.2474,8.8697,63.03356620682349
13087116000,3.412,3.4891,-30.9375,15.0,-39.5938,32.0,18.4062,-40.1875,-0.0497,-0.1445,0.9883,-0.1112,-0.1522,0.9821,0.5488,-0.375,10.1729,0.5537,-0.2595,8.9527,63.0324010678635
13092116000,3.3954,3.5626,-31.0625,15.0625,-39.4375,31.9062,18.375,-40.3438,-0.0295,-0.1445,0.9891,-0.1007,-0.1522,0.9832,0.5688,-0.3682,10.324,0.561,-0.2583,9.0223,63.06228045059899
13097131000,3.4946,3.5626,-31.1875,15.125,-39.6875,31.8125,18.4375,-40.25,-0.0343,-0.1522,0.9877,-0.0919,-0.1609,0.9827,0.5986,-0.3601,10.5736,0.5542,-0.2585,8.9475,63.08953211508229
13102116000,3.3495,3.5645,-31.0938,15.0312,-39.4375,31.8594,18.4062,-40.3438,-0.0208,-0.1397,0.99,-0.0921,-0.1493,0.9845,0.5703,-0.3716,10.3786,0.5552,-0.2605,8.9801,63.050118119873495
13107119000,3.4707,3.5424,-30.875,14.9688,-39.5,32.0938,18.375,-40.0625,-0.0479,-0.1329,0.99,-0.1239,-0.1397,0.9824,0.5366,-0.3813,10.1052,0.562,-0.2712,9.1758,63.06336795739663
13112116000,3.4616,3.5736,-31.0938,15.1875,-39.3438,31.8594,18.4688,-40.375,-0.0208,-0.1435,0.9894,-0.0921,-0.1503,0.9843,0.5815,-0.3596,10.3736,0.5688,-0.2465,8.9809,63.0470910777809
13117242000,3.3973,3.5957,-31.0625,15.25,-39.3125,31.8906,18.5625,-40.0312,-0.0256,-0.1522,0.988,-0.1063,-0.16,0.9814,0.5962,-0.345,10.3781,0.5698,-0.2434,8.9584,63.044285907209705
13122241000,3.3587,3.3495,-30.9375,15.125,-39.2188,32.0,18.4062,-40.0938,-0.0295,-0.1387,0.9899,-0.1171,-0.1445,0.9825,0.5498,-0.365,10.0729,0.561,-0.2642,9.0868,63.02904730907806
13127242000,3.4322,3.491,-31.125,15.125,-39.4688,31.8438,18.5,-40.25,-0.0256,-0.1503,0.9883,-0.0958,-0.16,0.9825,0.5767,-0.3623,10.3478,0.5518,-0.2576,8.9091,63.06402042274184
13132242000,3.4505,3.4395,-31.0938,15.25,-39.375,31.8594,18.5625,-40.125,-0.0236,-0.1522,0.9881,-0.1054,-0.16,0.9815,0.5898,-0.3479,10.3382,0.5732,-0.248,9.0482,63.04475034838349
13137242000,3.4211,3.4946,-31.0938,15.1875,-39.1875,31.8594,18.375,-40.0625,-0.015,-0.1435,0.9895,-0.1007,-0.1503,0.9835,0.5801,-0.3572,10.3298,0.5464,-0.2715,9.0014,63.03991728650983
13142242000,3.3844,3.4358,-31.0,15.25,-39.4688,31.9375,18.6875,-40.125,-0.0361,-0.1609,0.9863,-0.1052,-0.1686,0.98,0.5903,-0.344,10.3005,0.5957,-0.2346,9.1564,63.034719884679426
13147242000,3.4505,3.5387,-30.9062,14.8438,-39.3438,32.0625,18.25,-39.9688,-0.0402,-0.1261,0.9912,-0.1269,-0.1339,0.9828,0.5068,-0.3926,9.8939,0.5454,-0.2817,9.1032,63.06385655135594
13152243000,3.3697,3.4211,-31.0938,15.1562,-39.5312,31.875,18.5,-39.9062,-0.0294,-0.1503,0.9882,-0.1054,-0.158,0.9818,0.5767,-0.3601,10.3234,0.5527,-0.2505,8.8424,63.058634594161646
13157242000,3.3899,3.491,-30.9062,15.125,-39.5625,32.0312,18.5,-40.1562,-0.0439,-0.1493,0.9878,-0.1112,-0.1571,0.9813,0.5664,-0.3586,10.1907,0.5747,-0.2632,9.2313,63.03062290228456
13162254000,3.4248,3.5498,-31.0938,14.9688,-39.4375,31.875,18.3125,-40.3125,-0.0295,-0.1358,0.9903,-0.0903,-0.1416,0.9858,0.5518,-0.3801,10.263,0.5562,-0.2666,9.0583,63.063584802403994
13167242000,3.2962,3.4101,-31.0625,15.25,-39.25,31.9062,18.5,-39.9375,-0.0188,-0.1464,0.989,-0.1083,-0.1542,0.9821,0.582,-0.3508,10.2817,0.563,-0.2539,8.9962,63.05626325703102
13172242000,3.4101,3.4873,-31.0938,15.1562,-39.1875,31.8594,18.4688,-40.125,-0.0208,-0.1435,0.9894,-0.0959,-0.1503,0.984,0.5693,-0.3582,10.2186,0.5649,-0.2482,8.9553,63.04726493076445
13177242000,3.2907,3.3495,-31.25,15.25,-39.5,31.7031,18.6875,-39.9375,-0.0159,-0.1551,0.9878,-0.0996,-0.1629,0.9816,0.6025,-0.3474,10.4775,0.5786,-0.2365,8.9819,63.048398965477304
13182242000,3.4175,3.4524,-31.25,15.3125,-39.4688,31.6875,18.7188,-39.7188,-0.0178,-0.1629,0.9865,-0.1062,-0.1686,0.9799,0.6113,-0.3386,10.4806,0.582,-0.2362,9.0181,63.03010618696434
13187242000,3.3752,3.4101,-30.9375,15.1875,-39.3438,32.0312,18.5625,-39.8125,-0.0362,-0.1474,0.9884,-0.1246,-0.1571,0.9797,0.5762,-0.3533,10.2421,0.5674,-0.2583,9.0944,63.06082368935566
13192242000,3.3219,3.3513,-30.9688,15.1875,-39.5,31.9531,18.7188,-39.9688,-0.0294,-0.1571,0.9871,-0.1215,-0.1648,0.9788,0.5825,-0.3501,10.2792,0.5962,-0.2238,9.0427,63.022657455394565
13197246000,3.3862,3.4542,-31.2812,15.1562,-39.3125,31.6875,18.4375,-40.4375,-0.0053,-0.1464,0.9892,-0.0718,-0.1542,0.9854,0.5874,-0.364,10.489,0.5483,-0.2512,8.8006,63.0641715586592
13202248000,3.344,3.3293,-31.0938,15.0,-39.5,31.8594,18.4375,-39.9688,-0.0343,-0.1387,0.9897,-0.1085,-0.1464,0.9833,0.5659,-0.3738,10.3531,0.5474,-0.2646,8.9372,63.04872377717094
13207242000,3.3789,3.3844,-31.0625,14.9375,-39.375,31.8906,18.3125,-39.9688,-0.0257,-0.131,0.9911,-0.1086,-0.1387,0.9844,0.543,-0.3835,10.2014,0.5454,-0.2664,8.9339,63.04630062937872
13212242000,3.3936,3.4285,-30.9688,15.0625,-39.25,31.9688,18.4062,-39.8438,-0.0314,-0.1358,0.9902,-0.1191,-0.1435,0.9825,0.5405,-0.3733,10.0599,0.5625,-0.2642,9.1034,63.02915533219527
13217242000,3.2925,3.4395,-30.9375,15.0625,-39.375,32.0,18.5,-40.1875,-0.0333,-0.1435,0.9891,-0.1084,-0.1503,0.9827,0.5566,-0.3701,10.2072,0.5654,-0.2561,9.0481,63.036540742255205
13222244000,3.3458,3.4046,-31.0938,15.0,-39.3125,31.875,18.375,-39.875,-0.0237,-0.1387,0.99,-0.1142,-0.1464,0.9826,0.543,-0.3733,10.0876,0.543,-0.2566,8.7989,63.06169046806468
13227245000,3.2668,3.423,-31.125,14.875,-39.5625,31.8125,18.3125,-40.1875,-0.0315,-0.1339,0.9905,-0.096,-0.1435,0.985,0.541,-0.3865,10.2119,0.5474,-0.2847,9.1576,63.034402809101
13232258000,3.2778,3.355,-30.9062,15.1562,-39.25,32.0625,18.4062,-39.9375,-0.0343,-0.1435,0.989,-0.1218,-0.1503,0.9811,0.5493,-0.3625,10.0403,0.5615,-0.2659,9.1111,63.05626325703102
13237246000,3.2539,3.2705,-31.1875,14.9688,-39.5,31.7812,18.5,-39.8125,-0.016,-0.1416,0.9898,-0.1113,-0.1493,0.9825,0.5527,-0.376,10.2279,0.5488,-0.2466,8.7552,63.06840896502781
13242242000,3.2558,3.3072,-30.9688,15.0312,-39.2812,31.9688,18.4062,-39.8438,-0.0237,-0.1368,0.9903,-0.1191,-0.1445,0.9823,0.5605,-0.3682,10.2298,0.5576,-0.2539,8.9353,63.03053734119677
13247243000,3.2613,3.219,-31.0625,15.0625,-39.4375,31.8906,18.4062,-39.75,-0.0295,-0.1435,0.9892,-0.119,-0.1493,0.9816,0.5737,-0.3662,10.3578,0.5459,-0.249,8.7489,63.04261087193328
13252368000,3.3293,3.3109,-31.125,15.0312,-39.5625,31.7969,18.5,-39.6875,-0.0256,-0.1435,0.9893,-0.1161,-0.1493,0.9819,0.5796,-0.3672,10.4353,0.5474,-0.2498,8.7735,63.01756658305682
13257368000,3.3017,3.3054,-31.2188,14.9688,-39.3438,31.7344,18.4375,-40.0312,-0.0131,-0.1387,0.9902,-0.0902,-0.1464,0.9851,0.5371,-0.384,10.1406,0.5562,-0.2512,8.8892,63.0524368180168
13262368000,3.2778,3.2521,-31.0938,15.0625,-39.375,31.8594,18.375,-40.0,-0.0179,-0.1435,0.9895,-0.1113,-0.1493,0.9825,0.562,-0.3645,10.2058,0.5547,-0.2537,8.8994,63.043387214600074
13267375000,3.3293,3.3274,-31.0938,15.3125,-39.1562,31.875,18.5938,-40.125,-0.0121,-0.1542,0.988,-0.1006,-0.1609,0.9818,0.583,-0.3401,10.1739,0.583,-0.235,9.0158,63.06167835199123
13272368000,3.3623,3.4505,-30.9688,15.2812,-39.25,31.9688,18.5625,-40.125,-0.0256,-0.1542,0.9877,-0.1082,-0.1609,0.981,0.5669,-0.3491,10.0908,0.5654,-0.243,8.9045,63.029152369756645
13277368000,3.2539,3.2025,-31.1875,15.0625,-39.4375,31.75,18.625,-39.625,-0.0208,-0.1503,0.9884,-0.1112,-0.1571,0.9813,0.5718,-0.3745,10.4277,0.5654,-0.2456,8.9327,63.03852368790056
13282368000,3.2907,3.3274,-31.0625,15.125,-39.25,31.9062,18.4375,-40.125,-0.0208,-0.1445,0.9893,-0.1026,-0.1522,0.983,0.5503,-0.3555,9.9729,0.5547,-0.2484,8.8417,63.061838388521466
13287368000,3.3035,3.3329,-31.0938,15.0312,-39.1875,31.875,18.4062,-39.875,-0.0179,-0.1387,0.9902,-0.1085,-0.1464,0.9833,0.5347,-0.3645,9.8962,0.543,-0.2487,8.7117,63.06292932214615
13292368000,3.2852,3.3091,-31.0,15.0,-39.4688,31.9375,18.4688,-39.75,-0.0285,-0.1397,0.9898,-0.1161,-0.1474,0.9822,0.5459,-0.3804,10.1993,0.5527,-0.2469,8.8035,63.033646198915065
13297368000,3.2227,3.3311,-30.9688,14.9375,-39.375,31.9688,18.2812,-39.875,-0.0315,-0.131,0.9909,-0.1086,-0.1387,0.9844,0.5376,-0.3813,10.1163,0.541,-0.2783,9.0158,63.028341430264526
13302368000,3.2484,3.2999,-31.0625,15.0625,-39.375,31.8906,18.4688,-39.9375,-0.0256,-0.1435,0.9893,-0.1113,-0.1493,0.9825,0.5532,-0.3701,10.1685,0.5562,-0.2496,8.8717,63.04769690916552
13307368000,3.3293,3.2741,-30.9688,15.1875,-39.25,32.0,18.5625,-39.7812,-0.0295,-0.1474,0.9886,-0.1246,-0.1542,0.9802,0.5693,-0.3584,10.2213,0.5654,-0.2494,8.9743,63.061419044293636
13312368000,3.3017,3.3182,-31.1875,15.1875,-39.2188,31.7812,18.5,-40.3125,-0.0121,-0.1522,0.9883,-0.0862,-0.16,0.9834,0.583,-0.3555,10.3442,0.5581,-0.2576,8.9811,63.06525204603562
13317368000,3.2411,3.3403,-31.125,14.875,-39.3125,31.8125,18.1875,-39.9375,-0.0131,-0.1261,0.9919,-0.1029,-0.1339,0.9856,0.5298,-0.3921,10.1473,0.5098,-0.2827,8.7114,63.0277096799495
13322381000,3.2062,3.2888,-31.125,14.9688,-39.3438,31.7969,18.4062,-39.8125,-0.0121,-0.1339,0.9909,-0.1038,-0.1397,0.9847,0.5303,-0.3821,10.0416,0.5342,-0.2595,8.7317,63.01746502407091
13327368000,3.2558,3.276,-31.0625,14.9688,-39.25,31.9062,18.2812,-39.9688,-0.0179,-0.1261,0.9919,-0.1067,-0.1339,0.9852,0.5425,-0.3755,10.1064,0.5317,-0.272,8.8411,63.059859236205085
13332368000,3.2907,3.3513,-31.0938,15.125,-39.125,31.8594,18.375,-40.25,-0.0131,-0.1368,0.9905,-0.0922,-0.1445,0.9852,0.5469,-0.3665,10.0559,0.5376,-0.2759,8.9503,63.04707380394431
13337368000,3.2484,3.3146,-31.25,14.9688,-39.2812,31.6875,18.3125,-39.5,-0.0015,-0.1261,0.992,-0.1087,-0.1329,0.9852,0.5474,-0.3811,10.224,0.541,-0.2693,8.9164,63.02663809358706
13342368000,3.3109,3.3219,-31.375,15.1562,-39.4062,31.5938,18.4688,-40.0,0.0005,-0.1435,0.9896,-0.0863,-0.1493,0.985,0.5762,-0.3577,10.2908,0.5435,-0.2529,8.7642,63.058668639926104
13347381000,3.2154,3.2668,-31.2188,14.8125,-39.4062,31.75,18.25,-39.9375,-0.0053,-0.1174,0.9931,-0.0953,-0.1232,0.9878,0.5356,-0.396,10.257,0.5239,-0.282,8.8631,63.06479572138484
13352369000,3.3054,3.2833,-31.1875,15.3125,-39.0625,31.75,18.6875,-39.7812,-0.0015,-0.1503,0.9886,-0.1006,-0.1571,0.9824,0.5786,-0.3542,10.2807,0.5806,-0.2278,8.909,63.032024090457384
13357368000,3.2429,3.3219,-31.2812,14.9375,-39.5,31.6406,18.4375,-39.8125,-0.0082,-0.129,0.9916,-0.0894,-0.1368,0.9866,0.561,-0.376,10.322,0.5303,-0.2683,8.7842,63.01984268061925
13362369000,3.3458,3.2852,-31.25,15.0,-39.5625,31.7031,18.4688,-39.75,-0.0179,-0.1358,0.9906,-0.096,-0.1416,0.9853,0.5625,-0.3804,10.3875,0.543,-0.2472,8.6956,63.04887413189866
13367369000,3.2411,3.2484,-31.2188,14.9688,-39.3125,31.7031,18.3125,-39.625,-0.0053,-0.1252,0.9921,-0.1039,-0.131,0.9859,0.541,-0.3828,10.1712,0.5205,-0.2739,8.7358,63.01145519308374
13372369000,3.3476,3.3348,-31.2188,15.0312,-39.2188,31.7344,18.375,-39.8438,-0.0024,-0.1281,0.9918,-0.0894,-0.1339,0.987,0.5386,-0.3721,10.0243,0.5186,-0.2722,8.6949,63.04503956442569
13377369000,3.3072,3.3476,-31.0938,14.9688,-39.3438,31.875,18.25,-39.8125,-0.0228,-0.1184,0.9927,-0.1194,-0.1261,0.9848,0.5474,-0.384,10.2566,0.5283,-0.2917,9.0203,63.055972965057
13382378000,3.298,3.3329,-31.25,14.9688,-39.25,31.7188,18.3125,-39.9688,0.0005,-0.1252,0.9921,-0.0923,-0.131,0.9871,0.5444,-0.3889,10.2777,0.5298,-0.2859,8.9722,63.061610957618264
13387369000,3.3329,3.2815,-31.0938,15.0312,-39.3125,31.875,18.1875,-39.75,-0.016,-0.1223,0.9924,-0.1145,-0.1281,0.9851,0.5552,-0.3789,10.2881,0.5161,-0.3015,8.9902,63.049372791329176
13392498000,3.3054,3.377,-30.875,14.9688,-39.1875,32.0938,18.3125,-40.25,-0.0286,-0.1203,0.9923,-0.1174,-0.1281,0.9848,0.5024,-0.3855,9.7657,0.5479,-0.2876,9.1954,63.066465014142025
13397497000,3.3844,3.3532,-31.3125,14.9688,-39.4375,31.625,18.4375,-39.75,-0.0102,-0.131,0.9913,-0.0961,-0.1368,0.9859,0.5474,-0.3867,10.2864,0.5366,-0.2676,8.8479,63.03378809963748
13402494000,3.3568,3.1915,-31.25,15.125,-39.25,31.6875,18.4688,-39.7188,-0.0082,-0.1329,0.9911,-0.0951,-0.1397,0.9856,0.5518,-0.3745,10.2006,0.5405,-0.2644,8.8572,63.02800709311695
13407494000,3.3605,3.1639,-31.0,15.125,-39.2812,31.9375,18.4375,-39.7188,-0.0227,-0.1339,0.9907,-0.1115,-0.1397,0.9839,0.5542,-0.3677,10.1524,0.5259,-0.2673,8.7239,63.02612994830002
13412494000,3.3623,3.3182,-30.9688,15.125,-39.25,31.9688,18.4062,-40.0625,-0.0179,-0.129,0.9915,-0.1038,-0.1368,0.9851,0.5405,-0.3706,10.0301,0.5503,-0.2759,9.094,63.02831049179409
13417494000,3.3697,3.423,-31.125,15.1875,-39.1562,31.8125,18.5,-39.9375,-0.0073,-0.131,0.9914,-0.0961,-0.1387,0.9857,0.5503,-0.3645,10.073,0.5498,-0.2612,8.9273,63.02945337054733
13422494000,3.3936,3.3734,-31.2188,15.0,-39.25,31.7344,18.3125,-40.0625,0.0024,-0.1203,0.9927,-0.0866,-0.1261,0.9882,0.5288,-0.3896,10.1092,0.52,-0.2854,8.8566,63.04552484308462
13427494000,3.298,3.2595,-31.125,15.2812,-39.0,31.8125,18.4688,-39.8125,0.0053,-0.1358,0.9907,-0.0951,-0.1416,0.9853,0.5498,-0.3572,9.9863,0.5332,-0.2659,8.7905,63.02340720922664
13432506000,3.2888,3.3238,-31.1875,15.0625,-39.1562,31.75,18.5,-39.8125,-0.0024,-0.1261,0.992,-0.0952,-0.1329,0.9865,0.5278,-0.3806,9.9978,0.5303,-0.269,8.7923,63.03472092577233
13437494000,3.2925,3.2888,-31.125,15.0312,-39.0,31.7969,18.3125,-39.625,0.0063,-0.1174,0.9931,-0.104,-0.1232,0.9869,0.5078,-0.3899,9.8751,0.5112,-0.2881,8.7871,63.010499556026375
13442494000,3.3991,3.2778,-31.25,14.9375,-39.1562,31.7031,18.2812,-39.8125,0.0092,-0.1126,0.9936,-0.0896,-0.1174,0.989,0.5156,-0.3965,10.0364,0.4968,-0.2776,8.5093,63.04525246987278
13447494000,3.3734,3.2705,-31.4062,15.125,-39.3438,31.5,18.625,-39.5625,0.0053,-0.1329,0.9911,-0.0816,-0.1387,0.987,0.561,-0.3738,10.2977,0.5342,-0.2496,8.623,63.00387153286693
13452494000,3.3293,3.2778,-31.2188,14.8125,-39.1875,31.7344,18.0625,-39.625,0.0073,-0.096,0.9954,-0.0965,-0.1019,0.9901,0.4956,-0.4072,9.9305,0.4736,-0.311,8.6175,63.03855404821719
13457495000,3.4358,3.3329,-31.25,15.125,-39.3125,31.7031,18.4375,-40.1875,0.0005,-0.1252,0.9921,-0.0711,-0.1329,0.9886,0.542,-0.3716,10.0575,0.5278,-0.2739,8.8185,63.04626143444193
13462495000,3.3862,3.3109,-30.9688,15.0312,-39.125,31.9688,18.3125,-40.125,-0.0179,-0.1174,0.9929,-0.0905,-0.1232,0.9882,0.5054,-0.387,9.815,0.52,-0.2939,8.9508,63.03101160103652
13467500000,3.412,3.3881,-31.0625,14.9375,-39.2188,31.8906,18.1875,-39.9375,-0.0121,-0.1077,0.9941,-0.0896,-0.1145,0.9894,0.4919,-0.3958,9.7616,0.4973,-0.3069,8.8377,63.04103290159513
13472495000,3.3072,3.2815,-31.2188,14.9375,-39.0625,31.7344,18.25,-39.8125,0.0102,-0.1048,0.9944,-0.0848,-0.1116,0.9901,0.5015,-0.3992,9.9068,0.5024,-0.2991,8.8092,63.04475034838349
13477495000,3.3219,3.3642,-30.9375,15.0625,-39.0625,32.0,18.375,-39.9375,-0.015,-0.1145,0.9933,-0.106,-0.1203,0.9871,0.5083,-0.3828,9.8019,0.5229,-0.29,8.9408,63.03068449176163
13482495000,3.355,3.2741,-31.2188,15.0625,-39.0625,31.7344,18.4062,-40.0,0.015,-0.1223,0.9924,-0.0789,-0.1261,0.9889,0.5303,-0.3843,10.066,0.5132,-0.2751,8.6666,63.04890662160606
13487495000,3.3366,3.2888,-30.9688,15.0625,-38.875,31.9688,18.3125,-40.0312,0.0015,-0.1145,0.9934,-0.0982,-0.1203,0.9879,0.4995,-0.3828,9.7029,0.5132,-0.3037,8.9814,63.03206162105124
13492495000,3.4322,3.3844,-31.2188,15.125,-39.2812,31.7344,18.5938,-39.875,-0.0044,-0.129,0.9916,-0.0817,-0.1368,0.9872,0.5312,-0.3796,10.0255,0.5366,-0.2551,8.711,63.051491355240756
13497495000,3.4211,3.3532,-31.125,14.9688,-39.4375,31.8125,18.4375,-40.0938,-0.0131,-0.1174,0.993,-0.0847,-0.1232,0.9888,0.5137,-0.3936,9.9818,0.52,-0.2805,8.8028,63.036430067303144
13502495000,3.2925,3.2962,-30.9688,15.0,-38.9688,32.0,18.3125,-39.9688,-0.0073,-0.1077,0.9942,-0.0925,-0.1145,0.9891,0.4829,-0.3909,9.6058,0.5171,-0.2937,8.9151,63.06379650552288
13507495000,3.3385,3.2999,-30.9375,15.1875,-39.0,32.0312,18.5,-39.8438,-0.0131,-0.1252,0.992,-0.1,-0.131,0.9863,0.5166,-0.3728,9.7843,0.5361,-0.2715,8.8854,63.061413196819494
13512495000,3.3348,3.1529,-31.1875,15.3438,-39.0625,31.7344,18.625,-39.75,0.0053,-0.1358,0.9907,-0.0864,-0.1435,0.9859,0.5654,-0.354,10.1282,0.5366,-0.2512,8.668,63.011145278434675
13517495000,3.4009,3.2962,-31.0,15.0625,-39.125,31.9531,18.4688,-39.9688,-0.0131,-0.1203,0.9926,-0.0876,-0.1261,0.9881,0.5122,-0.3879,9.9029,0.5283,-0.2866,8.9638,63.05083407648149
13522495000,3.4303,3.3568,-30.9688,15.1562,-39.1875,31.9688,18.625,-39.8438,-0.0189,-0.1252,0.992,-0.0952,-0.1339,0.9864,0.5303,-0.3787,10.0037,0.543,-0.249,8.7157,63.036535413123715
13527620000,3.4101,3.3366,-31.2188,15.1875,-39.3125,31.7344,18.625,-39.75,-0.0073,-0.1329,0.9911,-0.0845,-0.1397,0.9866,0.543,-0.3774,10.1336,0.5278,-0.2598,8.6627,63.04849881432547
13532620000,3.3973,3.2392,-31.0938,15.1562,-39.2812,31.8594,18.5,-39.75,-0.0121,-0.1223,0.9924,-0.0924,-0.129,0.9873,0.5283,-0.3811,10.0087,0.5229,-0.2634,8.6478,63.043684553807616
13537620000,3.4064,3.2043,-31.1875,15.2812,-39.3125,31.75,18.75,-39.7812,-0.0073,-0.1368,0.9906,-0.0893,-0.1445,0.9855,0.5391,-0.366,9.9621,0.5376,-0.2465,8.6268,63.034761516007976
13542620000,3.377,3.2925,-31.0625,15.25,-39.1562,31.8906,18.5938,-39.8125,-0.0131,-0.1281,0.9917,-0.0903,-0.1358,0.9866,0.5063,-0.3699,9.6362,0.5234,-0.2661,8.6829,63.04525777360261
13547620000,3.3274,3.1896,-31.125,15.1875,-39.1875,31.8125,18.6875,-39.5312,-0.0053,-0.1281,0.9918,-0.1029,-0.1358,0.9854,0.4949,-0.3843,9.667,0.5298,-0.2573,8.6579,63.035680657386415
13552624000,3.3973,3.2521,-31.2188,15.1875,-39.4062,31.7188,18.75,-39.8125,-0.0053,-0.1329,0.9911,-0.0768,-0.1397,0.9872,0.5078,-0.3828,9.7964,0.542,-0.2517,8.7342,63.039654025858994
13557621000,3.3642,3.3164,-31.0938,14.9375,-39.25,31.875,18.4062,-39.8125,-0.0053,-0.1038,0.9946,-0.0906,-0.1116,0.9896,0.4404,-0.4062,9.3011,0.5034,-0.2825,8.6373,63.066774607395296
13562620000,3.3458,3.2613,-30.9375,15.0,-39.0,32.0,18.4062,-39.625,-0.0121,-0.1067,0.9942,-0.107,-0.1126,0.9879,0.4216,-0.4048,9.0749,0.4893,-0.2915,8.5775,63.03270365207255
13567620000,3.3844,3.3403,-31.0938,15.1562,-39.0938,31.8594,18.5,-39.75,0.0034,-0.1223,0.9925,-0.0904,-0.1281,0.9876,0.4329,-0.384,8.9695,0.4817,-0.2739,8.2989,63.04535658650842
13572621000,3.3826,3.3789,-31.0938,14.875,-39.2188,31.875,18.3125,-40.0,-0.0015,-0.1048,0.9945,-0.0896,-0.1126,0.9896,0.3867,-0.4128,8.776,0.4229,-0.2732,7.6324,63.06739611820041
13577620000,3.412,3.2337,-31.375,14.7188,-39.5,31.5938,18.0938,-40.0625,0.018,-0.097,0.9951,-0.082,-0.1038,0.9912,0.3506,-0.4197,8.4514,0.3457,-0.3042,7.1169,63.06169046806468
13582621000,3.355,3.4542,-31.0,15.125,-39.25,31.9531,18.25,-40.1562,0.0063,-0.1223,0.9925,-0.1001,-0.129,0.9866,0.3369,-0.3853,7.9169,0.3604,-0.3022,7.2577,63.03712892454732
13587621000,3.4432,3.4395,-31.2188,14.875,-39.6875,31.75,18.1875,-40.5,0.0073,-0.1126,0.9936,-0.0799,-0.1203,0.9895,0.3149,-0.3848,7.6687,0.3259,-0.2981,6.8309,63.0611020038502
13592621000,3.4616,3.2264,-31.25,14.5,-39.9375,31.6875,18.0938,-40.3125,0.0131,-0.097,0.9952,-0.082,-0.1048,0.9911,0.2281,-0.4265,7.1783,0.2422,-0.3042,5.9758,63.0411368051846
13597621000,3.5902,3.445,-31.0625,14.8125,-40.4375,31.8906,18.25,-40.4375,-0.0082,-0.1339,0.991,-0.0999,-0.1416,0.9849,0.213,-0.3831,6.5284,0.2098,-0.2749,5.298,63.046881016113716
13602621000,3.2448,3.0482,-31.5312,15.0,-40.75,31.4219,18.7188,-40.0625,0.0005,-0.1445,0.9895,-0.0786,-0.1503,0.9855,0.2362,-0.3767,6.7124,0.21,-0.22,4.6957,63.06659122942987
13607621000,3.1033,2.8038,-31.5938,15.0,-40.875,31.375,18.5938,-40.3125,-0.0015,-0.1339,0.991,-0.0739,-0.1416,0.9872,0.1719,-0.3643,5.8692,0.1943,-0.2338,4.6759,63.07377884771135
13612621000,2.6715,2.067,-31.75,15.4375,-40.6875,31.1719,18.9062,-40.25,-0.0159,-0.1542,0.9879,-0.0756,-0.16,0.9842,0.1329,-0.2991,4.7227,0.1835,-0.2124,4.3225,63.018955763722396
13617621000,2.2085,1.9898,-31.875,16.4375,-40.3438,31.0938,19.5625,-39.4375,-0.0571,-0.1792,0.9822,-0.0915,-0.1869,0.9781,0.1619,-0.1749,3.6756,0.1014,-0.1334,2.561,63.052809438834686
13622621000,2.2416,1.9366,-31.5938,17.6562,-40.5,31.4062,20.1875,-39.625,-0.0842,-0.1629,0.9831,-0.1793,-0.1734,0.9684,0.0148,-0.0096,0.266,0.0192,-0.0364,0.6065,63.05690370363899
13627621000,3.3844,2.3114,-31.625,17.75,-41.8125,31.3906,20.1875,-41.75,-0.1514,-0.1048,0.9829,-0.2056,-0.1155,0.9718,0.0191,0.0146,0.0503,0.0163,0.014,0.0254,63.062755695101046
13632621000,2.4253,1.8658,-31.5312,16.9375,-39.9375,31.4375,19.875,-40.4375,-0.1305,-0.0805,0.9882,-0.139,-0.097,0.9855,-0.0825,-0.1005,0.1965,-0.042,-0.0483,0.0694,63.03916311262388
13637621000,2.3702,1.7932,-31.7188,16.75,-39.1875,31.1875,19.9375,-39.2188,-0.0774,-0.0688,0.9946,-0.1758,-0.0805,0.9811,-0.1171,-0.142,0.2714,-0.0296,-0.0336,0.0437,62.9870122773735
13642621000,2.3169,1.5801,-31.3125,17.75,-38.2812,31.5625,20.2812,-38.75,-0.1913,-0.0591,0.9797,-0.3023,-0.0776,0.95,-0.062,-0.0734,0.1245,0.0001,-0.0024,0.0276,62.92767572284869
13647621000,2.429,1.7657,-31.8125,17.9688,-38.8125,31.1094,21.0938,-37.8125,-0.1018,-0.0454,0.9938,-0.1143,-0.061,0.9916,-0.0429,-0.0539,0.1195,0.0629,0.0573,0.062,63.00738944449294
13652621000,2.2783,1.5186,-32.6562,16.8438,-37.0938,30.25,19.3125,-36.5312,-0.0532,0.0434,0.9976,-0.0619,0.0308,0.9976,-0.1635,-0.1809,0.1911,-0.082,-0.0886,0.072,62.957136187171024
13657621000,2.2232,1.5911,-32.2188,17.6875,-36.625,30.7188,19.8438,-37.375,-0.1155,0.0024,0.9933,-0.1261,-0.0132,0.9919,-0.0804,-0.0825,0.023,-0.0528,-0.0587,0.064,62.97899350934405
13662746000,2.1056,1.8511,-31.875,17.9688,-37.0312,31.0625,19.0,-36.5625,-0.157,0.0317,0.9871,-0.1657,0.0161,0.986,-0.0609,-0.0633,0.0271,-0.147,-0.1608,0.1509,62.947692248246874
13667752000,2.4639,1.6867,-32.1562,18.375,-36.625,30.7812,20.875,-38.1562,-0.1044,-0.0853,0.9909,-0.1361,-0.099,0.9857,-0.026,-0.0216,0.0475,0.0357,0.0272,0.0929,63.00564174897356
13672747000,2.7597,1.7786,-32.9375,18.1562,-37.1875,29.9844,20.4688,-37.9688,0.1124,-0.0581,0.992,-0.0132,-0.062,0.998,-0.0289,-0.0237,0.0576,0.0156,0.0059,0.1054,62.96923096290759
13677746000,2.8957,1.6858,-31.5625,16.4062,-39.7188,31.4062,17.9688,-38.625,-0.0362,0.1571,0.9869,-0.1944,0.1445,0.9702,-0.1775,-0.2137,0.3972,-0.2595,-0.2812,0.2391,62.99758167493416
13682747000,2.6182,1.7262,-31.375,16.2812,-37.8125,31.5312,19.0312,-38.5,-0.1674,0.0561,0.9843,-0.2807,0.0366,0.9591,-0.1914,-0.2256,0.3747,-0.1192,-0.1339,0.1607,62.97003378345925
13687746000,2.4951,1.57,-31.7188,18.0938,-36.1562,31.1094,21.3125,-36.5625,-0.1278,-0.062,0.9899,-0.1547,-0.0776,0.9849,-0.0593,-0.0537,0.0603,0.0859,0.0789,0.0774,62.91190526935264
13692756000,2.2507,1.6628,-32.375,17.8438,-37.7812,30.5625,19.375,-37.5,-0.0717,-0.0083,0.9974,-0.0503,-0.0288,0.9983,-0.0676,-0.0714,0.0418,-0.1014,-0.1136,0.1333,62.956751449943795
13697755000,2.4988,1.514,-31.625,17.9375,-37.9375,31.2812,19.3125,-37.3125,-0.1309,0.0249,0.9911,-0.1792,0.0073,0.9838,-0.0213,-0.025,0.041,-0.1092,-0.1217,0.1368,62.924329543031284
13702747000,1.9494,1.7859,-32.2188,17.5,-38.5625,30.75,20.0312,-38.0625,-0.1067,0.0073,0.9943,-0.131,-0.0122,0.9913,-0.0693,-0.0801,0.1172,-0.0169,-0.0218,0.0539,63.02163713265469
13707747000,2.3132,1.265,-31.5625,18.0,-38.125,31.375,20.6562,-38.9062,-0.1365,-0.0639,0.9886,-0.2462,-0.0795,0.966,-0.0366,-0.0441,0.0821,0.03,0.0224,0.083,62.99836964660276
13712747000,2.4271,1.6407,-30.7812,18.9375,-37.1875,32.1562,21.75,-39.3438,-0.2047,-0.1763,0.9628,-0.2453,-0.1888,0.9509,0.049,0.0482,0.0107,0.0942,0.0944,0.0048,63.03710101757535
13717747000,2.2177,1.8925,-31.8125,18.2812,-36.8125,31.1562,20.5938,-37.8125,-0.1635,-0.1252,0.9786,-0.1641,-0.1416,0.9762,0.0055,0.0078,0.0254,0.0359,0.0298,0.067,63.01908677892754
13722747000,2.4823,1.864,-31.5312,17.5625,-39.25,31.4688,19.3438,-39.6875,-0.1445,-0.021,0.9893,-0.1944,-0.0347,0.9803,-0.0407,-0.0526,0.1289,-0.084,-0.0936,0.1047,63.026696216286
13727747000,2.5429,1.7234,-31.8438,17.4375,-40.0,31.1719,19.5,-40.6875,-0.0989,-0.0444,0.9941,-0.1885,-0.0581,0.9804,-0.0344,-0.0434,0.0988,-0.074,-0.0844,0.1126,63.053191901679334
13732759000,2.124,1.8181,-32.1562,18.5938,-40.1875,30.8125,21.125,-39.3438,-0.0781,-0.1898,0.9787,-0.095,-0.2032,0.9745,0.0651,0.0605,0.0501,0.0648,0.0598,0.0547,63.02520117238817
13737748000,2.4988,1.514,-31.2812,18.4062,-40.0938,31.7969,19.875,-40.0938,-0.1381,-0.1522,0.9787,-0.1444,-0.1686,0.9751,0.0403,0.0291,0.1228,-0.0356,-0.0606,0.2725,63.09519849441794
13742747000,2.225,1.683,-31.625,17.9375,-40.0625,31.3906,19.9375,-40.375,-0.1148,-0.1096,0.9873,-0.1587,-0.1261,0.9792,-0.0059,-0.0267,0.2275,-0.0144,-0.0296,0.166,63.048104647245346
13747747000,2.6348,1.8153,-31.6875,17.8438,-39.0,31.3125,20.875,-39.8438,-0.0656,-0.1926,0.9791,-0.0778,-0.207,0.9752,0.03,-0.0374,0.7349,0.0764,0.0358,0.443,63.078523856222255
13752747000,2.1773,1.9586,-32.1875,17.125,-39.4062,30.8125,19.9375,-39.375,0.0369,-0.1898,0.9811,-0.0235,-0.1974,0.98,0.0978,-0.11,2.2657,-0.0084,-0.0674,0.6437,63.06275548760932
13757747000,2.3665,2.1626,-31.7188,16.7188,-39.375,31.2656,19.6875,-39.3125,-0.0053,-0.2051,0.9787,-0.0815,-0.2108,0.9741,0.068,-0.1407,2.2768,0.2236,-0.1656,4.2507,63.05435535551847
13762747000,2.0505,2.1001,-31.7188,15.3438,-40.1875,31.3125,18.4688,-40.3125,-0.018,-0.097,0.9951,-0.0481,-0.1038,0.9934,-0.0131,-0.2776,2.8928,0.0691,-0.2639,3.6387,63.108842721840496
13767747000,2.4565,2.6733,-31.7188,15.5938,-40.4375,31.2656,18.9062,-40.1875,0.0005,-0.1629,0.9867,-0.0582,-0.1677,0.9841,0.1621,-0.2996,5.047,0.1998,-0.2637,5.0647,63.07193620874501
13772747000,2.6807,2.6476,-31.625,15.125,-40.8438,31.3281,18.4688,-40.125,-0.0267,-0.1174,0.9927,-0.0605,-0.1223,0.9907,0.1761,-0.3506,5.7645,0.1819,-0.3008,5.2769,63.045939373523495
13777747000,2.9177,2.7156,-31.5938,15.25,-40.1875,31.3438,18.5938,-40.1875,0.0063,-0.1416,0.9899,-0.0652,-0.1474,0.9869,0.1689,-0.3279,5.4345,0.204,-0.2849,5.344,63.02636346958311
13782747000,2.9508,2.9581,-31.0938,14.9375,-40.125,31.875,18.1875,-40.1562,-0.0528,-0.1203,0.9913,-0.1058,-0.129,0.986,0.1482,-0.3687,5.659,0.1847,-0.3269,5.596,63.05262283902233
13787747000,2.9177,2.8993,-31.2188,14.6562,-40.375,31.75,18.0625,-40.3438,-0.048,-0.1116,0.9926,-0.0982,-0.1223,0.9876,0.1552,-0.3999,6.0822,0.1776,-0.3469,5.7399,63.06087238985836
13792747000,2.6825,3.151,-31.5,14.9375,-40.1875,31.4844,18.0938,-40.0,-0.0228,-0.131,0.9911,-0.0893,-0.1387,0.9863,0.1818,-0.376,6.1074,0.1798,-0.3445,5.737,63.063714046193
13797886000,2.9067,2.993,-31.4375,14.6562,-40.125,31.4844,18.0938,-39.6562,-0.0228,-0.1126,0.9934,-0.1069,-0.1223,0.9867,0.1874,-0.4128,6.5789,0.1949,-0.3467,5.927,63.01747667758524
13802872000,2.9581,3.151,-31.1875,14.875,-40.25,31.7969,18.375,-40.0625,-0.0449,-0.1416,0.9889,-0.1132,-0.1503,0.9821,0.2009,-0.3889,6.4611,0.2715,-0.3223,6.4973,63.08185000148617
13807873000,3.0463,3.186,-31.2188,14.5625,-40.1875,31.75,18.0,-39.7188,-0.0315,-0.1174,0.9926,-0.1251,-0.1252,0.9842,0.1812,-0.4236,6.6305,0.2,-0.3523,6.0441,63.06429940449668
13812874000,3.1014,3.2686,-31.2188,14.7188,-40.25,31.75,18.1875,-39.9375,-0.0286,-0.1329,0.9907,-0.1028,-0.1397,0.9848,0.2037,-0.4121,6.7499,0.2438,-0.3435,6.4275,63.065040310619004
13817873000,3.1951,3.2778,-31.4062,14.625,-40.1875,31.5625,18.0625,-40.125,-0.0121,-0.1252,0.9921,-0.0904,-0.1329,0.987,0.2062,-0.4324,7.0027,0.241,-0.3625,6.6076,63.06248878842319
13822873000,3.3789,3.4248,-31.4375,14.9375,-40.0625,31.5312,18.4688,-39.875,-0.0101,-0.158,0.9874,-0.0947,-0.1677,0.9813,0.233,-0.3918,6.8457,0.2949,-0.3193,6.7231,63.06791906849313
13827873000,3.344,3.423,-31.0625,14.625,-40.125,31.875,18.1562,-39.9688,-0.0391,-0.1435,0.9889,-0.1113,-0.1503,0.9824,0.2086,-0.4221,6.915,0.2832,-0.3206,6.6074,63.036677245314884
13832873000,3.2999,3.197,-31.0938,14.6562,-39.875,31.8594,18.1875,-40.125,-0.0237,-0.129,0.9914,-0.1086,-0.1368,0.9846,0.2299,-0.4175,7.0963,0.3027,-0.3342,6.9738,63.052660292250955
13837873000,3.2631,3.2999,-31.375,14.625,-39.9688,31.5938,18.125,-40.0,-0.0121,-0.1261,0.9919,-0.0933,-0.1339,0.9866,0.2537,-0.4292,7.4884,0.3083,-0.3442,7.1465,63.0660030989756
13842874000,3.3954,3.1896,-31.2188,14.3438,-39.9375,31.7344,18.0625,-39.6875,-0.016,-0.1174,0.993,-0.1069,-0.1232,0.9866,0.224,-0.4504,7.4,0.2859,-0.3391,6.8421,63.063433302746844
13847873000,3.3715,3.1419,-31.0625,14.3125,-39.9375,31.8594,17.9375,-39.7812,-0.0296,-0.1077,0.9937,-0.1253,-0.1145,0.9855,0.2216,-0.4497,7.3651,0.2905,-0.3613,7.1393,63.026427427706864
13852873000,3.355,3.3697,-30.9688,14.4375,-39.75,31.9531,18.0,-39.7188,-0.0344,-0.1174,0.9925,-0.128,-0.1252,0.9838,0.2288,-0.4487,7.4332,0.2937,-0.3494,7.0417,63.0226775002459
13857875000,3.2962,3.2411,-31.125,14.6562,-39.5,31.8125,18.1875,-40.1562,-0.0102,-0.131,0.9913,-0.0951,-0.1387,0.9858,0.2456,-0.4243,7.3454,0.325,-0.3257,7.1246,63.03990469837339
13862873000,3.2631,3.1272,-31.125,14.5625,-39.625,31.8125,18.25,-39.6875,-0.0131,-0.1252,0.992,-0.1221,-0.1329,0.9836,0.2583,-0.4375,7.6321,0.3235,-0.3159,7.0006,63.045463506504575
13867873000,3.1731,3.1639,-31.1875,14.25,-39.75,31.7812,17.875,-39.8125,-0.0238,-0.096,0.9951,-0.1091,-0.1038,0.9886,0.2286,-0.4597,7.5548,0.2637,-0.3691,6.9303,63.07298717311556
13872878000,3.219,3.1896,-31.2188,14.375,-39.75,31.75,17.9375,-39.8125,-0.016,-0.1067,0.9942,-0.1031,-0.1145,0.9881,0.2404,-0.4541,7.6206,0.2905,-0.3523,7.0392,63.06952581033094
13877879000,3.2907,3.1786,-30.9688,14.375,-39.5625,31.9531,18.0625,-39.9375,-0.0257,-0.1038,0.9943,-0.1061,-0.1126,0.988,0.2466,-0.4543,7.6917,0.3435,-0.3474,7.5702,63.030974773201784
13882873000,3.1713,3.1272,-31.25,14.375,-39.375,31.7188,17.8438,-40.1875,0.0073,-0.0931,0.9956,-0.0898,-0.1009,0.9908,0.261,-0.4688,8.0114,0.3062,-0.3616,7.3143,63.06950533443242
13887873000,3.2466,3.2245,-31.2188,14.3125,-39.5625,31.7188,17.875,-40.125,-0.0102,-0.0931,0.9956,-0.0907,-0.1019,0.9907,0.2729,-0.4719,8.1786,0.3044,-0.3589,7.2657,63.04085426340605
13892873000,3.2319,3.2264,-31.1875,14.5312,-39.4375,31.7812,17.9375,-40.0,-0.0073,-0.1096,0.9939,-0.0983,-0.1184,0.9881,0.2964,-0.45,8.1906,0.3159,-0.3445,7.2328,63.063273508675394
13897887000,3.2135,3.2264,-31.25,14.5,-39.1875,31.7031,18.0625,-39.9375,0.0121,-0.1019,0.9947,-0.0877,-0.1096,0.9901,0.2839,-0.4487,8.0398,0.3191,-0.3445,7.2678,63.05828023233745
13902873000,3.1345,3.1804,-30.875,14.4375,-39.125,32.0625,17.9688,-39.8438,-0.0073,-0.096,0.9954,-0.1197,-0.1038,0.9874,0.2598,-0.4507,7.7956,0.3247,-0.3506,7.3974,63.04058739716818
13907874000,3.1731,3.1253,-31.2188,14.625,-39.1875,31.7344,18.0938,-39.6875,0.0092,-0.1067,0.9942,-0.1012,-0.1155,0.9881,0.302,-0.4385,8.1243,0.3462,-0.3306,7.4135,63.05067774163891
13912873000,3.1749,3.0647,-30.9688,14.4062,-39.1875,31.9531,17.875,-39.9375,-0.0083,-0.0883,0.9961,-0.1072,-0.096,0.9896,0.272,-0.4507,7.9299,0.3308,-0.3618,7.5893,63.02190550157937
13917874000,3.208,3.1088,-31.125,14.4062,-39.25,31.8125,18.0,-39.9375,-0.0044,-0.0931,0.9956,-0.111,-0.1009,0.9887,0.2876,-0.4573,8.1757,0.3376,-0.354,7.5783,63.043770199282974
13922877000,3.1584,3.0776,-31.2188,14.5,-39.25,31.7344,18.0,-39.8125,0.0083,-0.096,0.9953,-0.1013,-0.1038,0.9894,0.303,-0.45,8.2633,0.342,-0.3401,7.4729,63.052928532226005
13927874000,3.1878,3.186,-31.125,14.4062,-39.375,31.8438,17.9688,-40.1875,-0.0024,-0.0941,0.9956,-0.0878,-0.1019,0.9909,0.2988,-0.458,8.3077,0.3445,-0.3494,7.6026,63.074733835744404
13932999000,3.1676,3.2907,-30.875,14.375,-39.2188,32.125,17.8125,-40.0,-0.0161,-0.0853,0.9962,-0.1169,-0.0931,0.9888,0.2905,-0.4575,8.2107,0.3391,-0.3674,7.7434,63.098547365925945
13938000000,3.2374,3.1676,-31.1875,14.3438,-39.5,31.75,17.9688,-39.6562,-0.0102,-0.0883,0.996,-0.1043,-0.097,0.9898,0.3052,-0.4619,8.4215,0.3303,-0.3486,7.4379,63.0420013141239
13942999000,3.197,3.3238,-31.125,14.5,-39.3438,31.8125,17.9375,-40.1875,-0.0044,-0.099,0.9951,-0.0907,-0.1077,0.99,0.3215,-0.4504,8.4736,0.3506,-0.3523,7.7026,63.03695060986056
13948003000,3.219,3.1639,-31.1875,14.5,-39.25,31.7969,17.8438,-39.9688,-0.0073,-0.0912,0.9958,-0.0965,-0.099,0.9904,0.3186,-0.4536,8.4768,0.3345,-0.3638,7.6515,63.07719330502904
13952999000,3.1363,3.2392,-31.2188,14.375,-39.2812,31.7188,18.0,-39.7812,0.0005,-0.0941,0.9956,-0.0955,-0.1019,0.9902,0.3118,-0.4661,8.5407,0.3462,-0.3494,7.6215,63.04389041580477
13957999000,3.2245,3.344,-31.2188,14.6562,-39.25,31.7188,18.0938,-39.9375,0.0015,-0.1019,0.9948,-0.0954,-0.1116,0.9892,0.354,-0.4297,8.6009,0.3569,-0.3362,7.5946,63.03515879070981
13963001000,3.1896,3.1749,-31.1875,14.5,-39.1875,31.7812,17.875,-40.0,-0.0044,-0.0941,0.9956,-0.0907,-0.1038,0.9905,0.3191,-0.4519,8.463,0.3337,-0.355,7.546,63.06431606653639
13967999000,3.2117,3.3238,-31.1875,14.5312,-39.1875,31.7812,17.8438,-40.125,-0.0015,-0.096,0.9954,-0.0868,-0.1048,0.9907,0.3315,-0.4456,8.5296,0.3416,-0.3647,7.7406,63.06274181083471
13972999000,3.265,3.2117,-31.1875,14.9375,-39.25,31.7812,18.3125,-39.75,-0.0044,-0.1281,0.9918,-0.1009,-0.1358,0.9856,0.3701,-0.4121,8.5835,0.373,-0.3203,7.5979,63.061064094177794
13977999000,3.2503,3.2448,-30.9688,14.6875,-39.25,32.0,18.0938,-40.0938,-0.0189,-0.1038,0.9944,-0.1003,-0.1096,0.9889,0.334,-0.4292,8.3739,0.3701,-0.3369,7.7489,63.06650974621951
13982999000,3.2301,3.0978,-31.125,14.875,-39.1875,31.7969,18.2812,-39.75,-0.0073,-0.1184,0.9929,-0.1087,-0.1281,0.9858,0.3542,-0.4104,8.3886,0.3923,-0.3186,7.7932,63.016538339550195
13987999000,3.344,3.2301,-30.9688,14.7188,-39.0625,31.9688,18.0625,-39.8125,-0.016,-0.1048,0.9944,-0.1118,-0.1126,0.9873,0.3335,-0.4231,8.3004,0.3679,-0.3403,7.7623,63.03082042501113
13992999000,3.3256,3.1804,-30.875,14.6875,-39.3438,32.0938,18.0625,-40.0625,-0.0374,-0.1048,0.9938,-0.1224,-0.1145,0.9859,0.344,-0.438,8.5828,0.3821,-0.3381,7.8952,63.06327717562734
13997999000,3.2944,3.3054,-30.875,14.875,-39.3438,32.0625,18.25,-39.9375,-0.0392,-0.1223,0.9917,-0.1212,-0.131,0.9839,0.3591,-0.4165,8.5107,0.4067,-0.3113,7.8726,63.03072275438384
14002999000,3.2962,3.1896,-30.9688,14.6562,-39.3125,31.9531,18.0625,-39.9375,-0.0287,-0.1009,0.9945,-0.1119,-0.1096,0.9877,0.3354,-0.4297,8.3955,0.3682,-0.343,7.7947,63.01713262518376
14008005000,3.2282,3.1566,-30.9688,14.875,-39.1875,32.0,18.1875,-40.125,-0.0238,-0.1155,0.993,-0.1059,-0.1252,0.9865,0.3608,-0.4165,8.5296,0.3997,-0.3228,7.9206,63.062836408934224
14013000000,3.2962,3.2741,-31.0625,14.6875,-39.3125,31.9062,18.1875,-40.0,-0.0228,-0.1096,0.9937,-0.106,-0.1184,0.9873,0.3457,-0.4329,8.5444,0.3855,-0.3391,7.944,63.06964274466758
14017999000,3.3366,3.2888,-31.0625,14.625,-39.4375,31.9062,17.9688,-40.0,-0.0345,-0.099,0.9945,-0.1138,-0.1096,0.9874,0.3521,-0.4331,8.6174,0.3743,-0.3535,7.9787,63.05992851550024
14023000000,3.3385,3.2962,-31.1875,14.8438,-39.4375,31.75,18.375,-39.9375,-0.0228,-0.1223,0.9922,-0.0962,-0.131,0.9867,0.3787,-0.418,8.7437,0.4062,-0.3015,7.7595,63.03846666671073
14027999000,3.2521,3.2117,-31.25,14.5625,-39.5938,31.6875,18.1562,-39.8125,-0.0209,-0.1048,0.9943,-0.1031,-0.1145,0.9881,0.3569,-0.4443,8.797,0.3818,-0.3232,7.7278,63.04039511004036
14033000000,3.3623,3.3403,-31.375,14.6875,-39.3125,31.5781,18.1562,-40.0312,-0.0044,-0.1077,0.9942,-0.0828,-0.1155,0.9899,0.363,-0.4341,8.7501,0.3818,-0.3318,7.8223,63.0526859776013
14038000000,3.2797,3.2337,-31.25,14.6562,-39.375,31.6875,18.25,-39.6875,-0.0121,-0.1077,0.9941,-0.1041,-0.1155,0.9878,0.3569,-0.4375,8.7206,0.4011,-0.3137,7.8371,63.04079600496809
14043000000,3.2558,3.186,-31.2812,14.625,-39.4375,31.6562,18.125,-39.8438,-0.0151,-0.1009,0.9948,-0.0964,-0.1096,0.9893,0.3569,-0.4397,8.7452,0.3865,-0.3386,7.9494,63.03595322076124
14048009000,3.3072,3.1198,-31.25,15.0,-39.25,31.7188,18.3125,-39.875,-0.0102,-0.1261,0.992,-0.0961,-0.1358,0.9861,0.3899,-0.406,8.7352,0.4075,-0.3225,8.0048,63.05896490341401
14053000000,3.4395,3.4597,-31.1875,14.6875,-39.4688,31.7812,18.1875,-40.0312,-0.0296,-0.1096,0.9935,-0.1041,-0.1184,0.9875,0.3601,-0.438,8.7612,0.3999,-0.3311,8.015,63.06840313064855
14058012000,3.344,3.2558,-31.25,14.6875,-39.2812,31.7031,18.1875,-40.0,-0.0131,-0.1019,0.9947,-0.0954,-0.1116,0.9892,0.3608,-0.4431,8.8267,0.4084,-0.324,8.0319,63.05441676084238
14063000000,3.4854,3.2135,-31.5625,14.8125,-39.5312,31.3906,18.4062,-39.75,-0.0102,-0.1155,0.9933,-0.0866,-0.1232,0.9886,0.3901,-0.4243,8.9419,0.4248,-0.2971,7.9178,63.055970000785805
14068125000,3.4211,3.3458,-31.375,14.625,-39.4688,31.5781,18.125,-39.8125,-0.0131,-0.099,0.995,-0.0907,-0.1077,0.99,0.3604,-0.4404,8.7912,0.3962,-0.334,8.0067,63.05125636575373
14073010000,3.366,3.2466,-31.2188,14.8125,-39.25,31.7344,18.3125,-40.125,-0.016,-0.1096,0.9938,-0.0963,-0.1184,0.9883,0.3687,-0.4248,8.7088,0.426,-0.3215,8.2008,63.05649066702016
14078125000,3.2852,3.2466,-31.2812,14.5625,-39.2812,31.6875,18.125,-40.0,-0.0122,-0.0941,0.9955,-0.0878,-0.1038,0.9907,0.3501,-0.45,8.7841,0.3965,-0.3362,8.0337,63.07349094017232
14083125000,3.3623,3.2888,-31.0,14.875,-39.1875,31.9375,18.1875,-40.0,-0.0296,-0.1126,0.9932,-0.1136,-0.1223,0.986,0.363,-0.4165,8.554,0.4136,-0.3276,8.1295,63.02984784013047
14088125000,3.412,3.2815,-31.0938,14.5625,-39.25,31.875,18.125,-40.0,-0.0287,-0.0912,0.9954,-0.1139,-0.1009,0.9884,0.3357,-0.4436,8.5537,0.406,-0.3345,8.1207,63.07395405149419
14093125000,3.4064,3.3403,-31.3125,15.0,-39.2812,31.625,18.5,-39.9375,-0.0121,-0.1232,0.9923,-0.0904,-0.1329,0.987,0.3987,-0.4097,8.8737,0.4373,-0.2942,8.0245,63.03816015668605
14098125000,3.3697,3.2521,-31.2812,14.9375,-39.2188,31.6875,18.375,-40.125,-0.0053,-0.1174,0.9931,-0.0827,-0.1252,0.9887,0.3843,-0.4136,8.7571,0.4353,-0.3057,8.1292,63.06896847404435
14103125000,3.3936,3.1841,-31.25,14.9688,-39.4375,31.7188,18.3125,-39.75,-0.0296,-0.1184,0.9925,-0.1136,-0.1281,0.9852,0.3948,-0.4136,8.8738,0.4143,-0.3157,8.0055,63.05828858587902
14108125000,3.4358,3.2668,-31.2188,14.8438,-39.1875,31.75,18.2812,-39.9062,-0.0102,-0.1077,0.9941,-0.0964,-0.1155,0.9886,0.3711,-0.416,8.6379,0.3999,-0.3069,7.7481,63.066647460365296
14113125000,3.2741,3.2245,-31.0625,14.8438,-39.0312,31.875,18.2812,-39.9375,0.0044,-0.097,0.9953,-0.0897,-0.1048,0.9904,0.3572,-0.428,8.617,0.4092,-0.3167,7.9591,63.03781408567401
14118125000,3.377,3.2337,-31.0625,15.0625,-38.8438,31.8906,18.3125,-40.375,0.0422,-0.1019,0.9939,-0.0345,-0.1096,0.9934,0.3684,-0.4026,8.4586,0.4023,-0.2988,7.6864,63.05553007508541
14123125000,3.3917,3.3311,-31.0,14.875,-39.375,31.9375,18.25,-40.4375,0.0529,-0.096,0.994,-0.0267,-0.1019,0.9944,0.3635,-0.4136,8.5267,0.3948,-0.3025,7.6425,63.03688156547721
14128125000,3.4395,3.4505,-30.9062,14.9375,-39.0625,32.0625,18.125,-40.625,0.0802,-0.0805,0.9935,-0.0102,-0.0873,0.9961,0.3601,-0.4175,8.5324,0.3889,-0.3301,7.882,63.06868273707641
14133125000,3.412,3.2631,-31.0625,14.8438,-39.25,31.9062,18.0938,-40.3438,0.0977,-0.0776,0.9922,-0.0015,-0.0824,0.9966,0.3569,-0.4253,8.5843,0.3589,-0.325,7.4921,63.06200185634769
14138126000,3.4248,3.298,-31.0938,15.125,-39.0,31.875,18.1562,-40.3125,0.1101,-0.0941,0.9895,0.0024,-0.097,0.9953,0.3921,-0.405,8.7487,0.3704,-0.3218,7.5843,63.05537727371077
14143126000,3.3807,3.3476,-30.8125,15.125,-38.8438,32.1562,18.1562,-40.625,0.1014,-0.097,0.9901,-0.018,-0.1009,0.9947,0.3721,-0.3948,8.4123,0.3987,-0.3325,8.0176,63.066774347274176
14148126000,3.4854,3.4983,-30.9688,15.0,-39.0625,31.9531,18.2812,-40.3125,0.1005,-0.0941,0.9905,-0.0073,-0.097,0.9953,0.3625,-0.408,8.4534,0.4033,-0.3247,7.9829,63.0197927087197
14153126000,3.4395,3.3734,-31.0,14.9375,-39.0625,31.9531,18.0938,-40.5938,0.0957,-0.0834,0.9919,0.0053,-0.0883,0.9961,0.3567,-0.4143,8.4591,0.3911,-0.3455,8.0766,63.05077246941548
14158126000,3.3991,3.423,-30.9375,14.9688,-39.0312,32.0,18.125,-40.375,0.0889,-0.0873,0.9922,-0.0015,-0.0912,0.9958,0.3621,-0.4104,8.4752,0.3921,-0.3406,8.0334,63.03091545527481
14163126000,3.4487,3.4542,-30.875,14.8438,-39.0,32.0938,18.0938,-40.5312,0.088,-0.0776,0.9931,-0.0054,-0.0824,0.9966,0.3416,-0.4209,8.365,0.3958,-0.3494,8.1714,63.07120457768347
14168126000,3.4395,3.3182,-30.9688,14.875,-39.0625,31.9688,18.125,-40.25,0.0909,-0.0824,0.9924,-0.0054,-0.0853,0.9963,0.3613,-0.4165,8.535,0.3833,-0.3416,7.9466,63.032643527064614
14173126000,3.4616,3.2999,-30.9062,15.0,-39.0625,32.0625,18.1875,-40.25,0.0859,-0.0931,0.9919,-0.0122,-0.097,0.9952,0.3743,-0.4121,8.6296,0.3982,-0.3401,8.0959,63.06050659636346
14178126000,3.4616,3.524,-30.875,14.75,-38.8125,32.0938,17.9688,-40.5625,0.0968,-0.0668,0.9931,0.0024,-0.0698,0.9976,0.3457,-0.4341,8.5581,0.3845,-0.3604,8.1683,63.0752958524968
14183126000,3.4138,3.3348,-30.8125,15.125,-38.9375,32.125,18.4375,-40.5,0.081,-0.1048,0.9912,-0.0024,-0.1096,0.994,0.3845,-0.3975,8.5804,0.4353,-0.3081,8.1562,63.0439764668283
14188126000,3.4597,3.377,-30.875,14.9688,-39.0625,32.125,18.1875,-40.5625,0.0772,-0.0902,0.9929,-0.0015,-0.0941,0.9956,0.3774,-0.4121,8.6648,0.4077,-0.3279,8.0669,63.10000023526149
14193129000,3.4634,3.3366,-30.9375,14.8125,-38.875,32.0312,18.125,-40.375,0.0928,-0.0795,0.9925,-0.0015,-0.0834,0.9965,0.3552,-0.4216,8.5246,0.3904,-0.3406,8.0144,63.07360649225633
14198126000,3.456,3.4634,-31.125,15.0312,-39.1875,31.8125,18.2812,-40.3438,0.0898,-0.096,0.9913,0.0131,-0.1019,0.9947,0.3982,-0.407,8.8384,0.4058,-0.3113,7.8618,63.03196360530108
14203126000,3.4064,3.3072,-31.1875,15.0,-38.75,31.7812,18.1875,-40.4375,0.1169,-0.0931,0.9888,0.0219,-0.096,0.9951,0.3921,-0.4131,8.8385,0.3928,-0.3264,7.885,63.071903349986194
14208251000,3.5222,3.4542,-30.9375,15.0625,-39.0625,32.0,18.375,-40.375,0.0839,-0.1009,0.9913,0.0024,-0.1048,0.9945,0.3987,-0.4087,8.8628,0.4312,-0.3167,8.2041,63.038275823106076
14213251000,3.5057,3.445,-30.9688,15.0,-39.0,31.9688,18.3125,-40.3125,0.0879,-0.0941,0.9917,-0.0044,-0.099,0.9951,0.3928,-0.4128,8.8439,0.4111,-0.3169,7.9836,63.03837566324183
14218251000,3.456,3.3734,-30.9688,14.8438,-39.0938,32.0,18.0,-40.625,0.0802,-0.0805,0.9935,0.0073,-0.0853,0.9963,0.3777,-0.4248,8.8091,0.3955,-0.3472,8.1444,63.06644072182923
14223251000,3.4487,3.4854,-30.9375,15.0,-39.0625,32.0625,18.2812,-40.5,0.0801,-0.0931,0.9924,0.0034,-0.097,0.9953,0.3889,-0.4041,8.7026,0.4153,-0.3208,8.073,63.10176447366587
14228251000,3.4193,3.3311,-30.9688,14.9375,-39.0312,32.0,18.1562,-40.5,0.0879,-0.0873,0.9923,0.0053,-0.0912,0.9958,0.3933,-0.4136,8.8575,0.3994,-0.334,8.042,63.068115371953205
14233251000,3.456,3.3973,-31.0625,15.0,-39.125,31.875,18.3125,-40.1875,0.0879,-0.096,0.9915,-0.0053,-0.1009,0.9949,0.4094,-0.4009,8.8954,0.407,-0.3162,7.9293,63.03356620682349
14238251000,3.3789,3.2797,-30.875,15.1562,-38.9688,32.125,18.3125,-40.375,0.0781,-0.1009,0.9918,-0.0102,-0.1067,0.9942,0.4099,-0.3911,8.7922,0.4136,-0.3125,7.9623,63.094687796438144
14243261000,3.4928,3.3991,-31.0625,14.9375,-39.0312,31.9062,18.1875,-40.4375,0.0918,-0.0883,0.9919,0.0092,-0.0931,0.9956,0.397,-0.4187,8.9553,0.3945,-0.3286,7.9283,63.068196100570376
14248252000,3.4524,3.3973,-31.0938,14.9375,-39.1875,31.875,18.1562,-40.4688,0.0869,-0.0931,0.9919,0.0083,-0.097,0.9952,0.4062,-0.4143,9.0096,0.3955,-0.3325,7.9823,63.064027248662136
14253252000,3.4671,3.3789,-30.9062,15.0625,-39.0,32.0625,18.3125,-40.3125,0.083,-0.1019,0.9913,-0.0121,-0.1067,0.9942,0.4033,-0.4043,8.8655,0.4224,-0.3145,8.0818,63.06617426116793
14258255000,3.4175,3.3256,-30.9375,14.875,-38.9688,32.0,18.125,-40.0938,0.0841,-0.0853,0.9928,-0.0209,-0.0902,0.9957,0.3818,-0.4185,8.7844,0.3911,-0.334,7.9497,63.031397186243616
14263252000,3.3623,3.3017,-30.9062,15.0625,-39.0312,32.0625,18.25,-40.375,0.0781,-0.1009,0.9918,-0.0151,-0.1038,0.9945,0.4065,-0.4009,8.8628,0.4111,-0.3269,8.0942,63.06364352287299
14268252000,3.412,3.3182,-30.8125,15.0,-39.0312,32.125,18.3125,-40.0625,0.0733,-0.1019,0.9921,-0.0296,-0.1048,0.9941,0.3994,-0.4055,8.8356,0.4094,-0.3188,7.9861,63.03304801602093
14273256000,3.3881,3.3881,-31.0938,15.0,-38.9688,31.8594,18.1562,-40.2812,0.0947,-0.0931,0.9911,0.0005,-0.097,0.9953,0.4087,-0.4023,8.9036,0.3977,-0.332,8.0014,63.04593073656698
14278252000,3.4285,3.3127,-30.9062,14.7188,-39.1875,32.0625,18.0,-40.375,0.0666,-0.0776,0.9948,-0.0102,-0.0824,0.9965,0.3799,-0.4385,8.9861,0.3896,-0.3516,8.1279,63.06531225150638
14283264000,3.423,3.2888,-30.9375,15.0,-39.0,32.0,18.25,-40.2812,0.0849,-0.097,0.9917,-0.0024,-0.1019,0.9948,0.4009,-0.406,8.8574,0.4045,-0.3125,7.8617,63.03437855400813
14288252000,3.3734,3.3182,-31.0625,14.875,-39.0,31.8906,18.0938,-40.3125,0.0947,-0.0834,0.992,-0.0015,-0.0873,0.9962,0.3945,-0.4128,8.8629,0.3821,-0.3423,7.9411,63.04899784532661
14293266000,3.4524,3.3091,-30.875,14.9375,-38.8125,32.125,18.125,-40.5,0.084,-0.0873,0.9926,-0.0054,-0.0912,0.9958,0.3821,-0.4121,8.7163,0.4104,-0.3196,8.0051,63.103152159777245
14298252000,3.3513,3.3182,-31.0,14.75,-38.9375,31.9375,18.0,-40.3125,0.0957,-0.0776,0.9924,0.0151,-0.0805,0.9966,0.3789,-0.4312,8.8935,0.3777,-0.343,7.9004,63.03635483790286
14303252000,3.3899,3.3421,-30.9375,15.0312,-39.0,32.0312,18.1875,-40.4688,0.0937,-0.0931,0.9912,0.0102,-0.097,0.9952,0.4097,-0.4016,8.9063,0.4087,-0.3298,8.0994,63.064861712525776
14308252000,3.445,3.287,-31.0,14.75,-38.9688,31.9531,18.0938,-40.4375,0.0996,-0.0805,0.9918,0.0131,-0.0853,0.9963,0.3848,-0.4299,8.9449,0.3909,-0.3469,8.0901,63.058947642186354
14313267000,3.3366,3.2999,-31.1875,14.75,-38.875,31.7969,17.875,-40.4375,0.1123,-0.0717,0.9911,0.0238,-0.0766,0.9968,0.3914,-0.4292,9.01,0.3623,-0.3601,7.9191,63.08123076327855
14318264000,3.355,3.3293,-30.9062,14.8438,-38.875,32.0625,17.9688,-40.4375,0.0957,-0.0776,0.9924,-0.0044,-0.0805,0.9967,0.3877,-0.4204,8.8712,0.3843,-0.3374,7.9115,63.06555486904083
14323252000,3.3403,3.2705,-30.9375,15.0,-38.9375,32.0,18.25,-40.3125,0.0965,-0.1009,0.9902,0.0005,-0.1038,0.9946,0.4062,-0.3994,8.8438,0.4141,-0.3159,8.0054,63.03635483790286
14328262000,3.3807,3.2631,-31.0938,14.9375,-38.8125,31.8594,18.1562,-40.25,0.1112,-0.0834,0.9903,0.0112,-0.0883,0.996,0.407,-0.4121,8.9933,0.4001,-0.3289,7.9934,63.051818579482706
14333252000,3.3329,3.2301,-31.125,14.8125,-38.875,31.8125,18.0625,-40.375,0.1073,-0.0834,0.9907,0.0199,-0.0883,0.9959,0.3979,-0.4209,8.9907,0.4023,-0.3291,8.0206,63.03920531106019
14338258000,3.3623,3.2429,-31.0625,14.9688,-38.8125,31.9062,18.125,-40.25,0.1063,-0.0883,0.9904,0.0151,-0.0931,0.9955,0.4109,-0.408,8.9906,0.3938,-0.3325,7.9633,63.064135484282986
14343260000,3.3513,3.3035,-30.9062,15.1875,-38.8125,32.0625,18.4062,-40.5,0.0944,-0.1155,0.9888,0.0082,-0.1203,0.9927,0.4343,-0.3889,9.0401,0.458,-0.3042,8.367,63.073487818813376
14348378000,3.344,3.2613,-30.9062,15.25,-38.6562,32.0625,18.3125,-40.2812,0.0975,-0.1038,0.9898,-0.0015,-0.1077,0.9942,0.4375,-0.3804,8.9806,0.4124,-0.3132,7.9568,63.06406830311536
14353378000,3.4028,3.219,-31.0625,15.125,-38.625,31.8906,18.3125,-40.4375,0.1169,-0.0941,0.9887,0.018,-0.099,0.9949,0.4292,-0.3901,8.9964,0.4209,-0.3164,8.087,63.059797907303825
14358377000,3.3605,3.3219,-31.1875,15.0,-39.0,31.7969,18.25,-40.3125,0.1071,-0.1009,0.9891,0.0218,-0.1048,0.9943,0.4309,-0.397,9.0915,0.4224,-0.3198,8.1411,63.08185000148617
14363377000,3.4064,3.2172,-31.0938,15.125,-38.875,31.875,18.4062,-40.375,0.108,-0.1067,0.9884,0.0199,-0.1116,0.9936,0.4331,-0.385,8.9831,0.4397,-0.3108,8.2349,63.07207025998116
14368378000,3.355,3.2613,-31.0,14.9688,-38.7188,31.9375,18.125,-40.5,0.1121,-0.0883,0.9898,0.019,-0.0931,0.9955,0.4026,-0.4001,8.8112,0.405,-0.3362,8.1288,63.04175741625546
14373378000,3.3881,3.366,-30.9688,15.0,-38.875,32.0,18.2812,-40.5,0.0898,-0.096,0.9913,0.0092,-0.1019,0.9948,0.4199,-0.3955,8.9527,0.4304,-0.3147,8.1744,63.07516683989033
14378378000,3.3954,3.2503,-30.9688,15.1562,-38.625,31.9688,18.2812,-40.4375,0.1081,-0.099,0.9892,0.0141,-0.1038,0.9945,0.4255,-0.3838,8.885,0.4341,-0.3193,8.2665,63.04119506330761
14383378000,3.3734,3.3807,-31.1875,14.8438,-39.0625,31.7969,18.0938,-40.4375,0.1015,-0.0902,0.9907,0.0287,-0.0941,0.9951,0.4033,-0.4209,9.0505,0.4016,-0.3472,8.2123,63.083181343048956
14388378000,3.3807,3.3072,-30.8125,15.0625,-38.9375,32.125,18.4062,-40.4375,0.0829,-0.1048,0.991,-0.0015,-0.1116,0.9938,0.4131,-0.3955,8.8765,0.4424,-0.3079,8.2326,63.044105481321566
14393378000,3.3127,3.2778,-31.0625,14.9688,-38.6562,31.875,18.0938,-40.5,0.1179,-0.0883,0.9891,0.0296,-0.0931,0.9952,0.4104,-0.3989,8.8846,0.405,-0.3367,8.1342,63.04200290036794
14398378000,3.2631,3.2135,-31.25,15.0625,-38.6562,31.7188,18.25,-40.0625,0.1255,-0.097,0.9873,0.0112,-0.1009,0.9948,0.4324,-0.3894,9.0237,0.4043,-0.3279,8.0288,63.065106115664314
14403378000,3.3568,3.3274,-31.0,15.125,-38.625,31.9375,18.2812,-40.4375,0.1158,-0.1048,0.9877,0.018,-0.1077,0.994,0.4236,-0.3884,8.9148,0.4304,-0.325,8.2877,63.042649539339635
14408378000,3.2778,3.2007,-31.125,14.8438,-38.9375,31.8125,18.0625,-40.1875,0.1083,-0.0824,0.9907,0.0073,-0.0873,0.9962,0.4033,-0.418,9.0178,0.4004,-0.3428,8.1501,63.03214605215342
14413380000,3.2888,3.2172,-31.0625,14.9688,-38.7812,31.9062,18.125,-40.3125,0.1111,-0.0883,0.9899,0.0083,-0.0912,0.9958,0.4148,-0.4048,8.9987,0.406,-0.3311,8.0829,63.066343304650225
14418379000,3.4064,3.2374,-30.9688,14.8438,-38.9062,31.9688,18.0938,-40.0625,0.0909,-0.0834,0.9924,-0.0044,-0.0883,0.9961,0.4028,-0.4136,8.9634,0.3921,-0.3301,7.9173,63.03206345543512
14423378000,3.3917,3.2852,-31.0625,14.8125,-38.875,31.9062,18.0,-40.3125,0.0986,-0.0805,0.9919,0.0034,-0.0853,0.9963,0.4087,-0.4148,9.0422,0.396,-0.3494,8.1742,63.06570971764292
14428381000,3.2668,3.2852,-31.0,14.9688,-38.875,31.9531,18.25,-40.5,0.0994,-0.099,0.9901,0.0199,-0.1048,0.9943,0.416,-0.4011,8.9716,0.4285,-0.3201,8.2119,63.05949332217949
14433378000,3.2778,3.2668,-31.0,15.0625,-38.8125,31.9062,18.3125,-40.4375,0.1091,-0.1009,0.9889,0.016,-0.1048,0.9944,0.4299,-0.3972,9.0833,0.4353,-0.3059,8.1319,63.01105556519427
14438390000,3.3219,3.2962,-31.0,14.9688,-38.7188,31.9688,18.0625,-40.5312,0.1111,-0.097,0.9891,0.016,-0.1009,0.9948,0.4141,-0.4043,8.9851,0.4031,-0.3452,8.207,63.07079789324058
14443378000,3.2852,3.2448,-31.25,14.8438,-38.9688,31.7031,18.1562,-40.25,0.1121,-0.0912,0.9895,0.0199,-0.096,0.9952,0.4197,-0.418,9.2,0.3982,-0.3154,7.8234,63.053201875955516
14448385000,3.2613,3.2595,-31.0625,14.75,-38.7812,31.9062,18.0,-40.3125,0.1103,-0.0776,0.9909,0.0053,-0.0824,0.9966,0.4043,-0.4243,9.0995,0.4014,-0.3499,8.2393,63.07110716786253
14453378000,3.3532,3.3164,-31.0625,15.0312,-39.0,31.8906,18.2812,-40.375,0.0946,-0.1038,0.9901,0.016,-0.1077,0.9941,0.4343,-0.3933,9.089,0.4216,-0.3174,8.106,63.05193037972747
14458378000,3.2337,3.2852,-30.9375,14.8438,-38.8438,32.0312,18.0938,-40.3125,0.0976,-0.0883,0.9913,0.0034,-0.0941,0.9956,0.397,-0.4128,8.89,0.4094,-0.3376,8.1939,63.0696183544819
14463381000,3.3495,3.2521,-31.0625,14.8438,-38.875,31.9062,18.0938,-40.3125,0.1054,-0.0873,0.9906,0.0151,-0.0912,0.9957,0.4077,-0.418,9.0667,0.4136,-0.3469,8.3428,63.06889951426138
14468378000,3.2613,3.2374,-31.0,14.9375,-38.8125,31.9375,18.1562,-40.3125,0.1014,-0.0931,0.9905,0.0083,-0.097,0.9952,0.4187,-0.4072,9.0695,0.416,-0.3169,8.038,63.03759938274934
14473379000,3.2521,3.2503,-30.9062,15.0625,-38.625,32.0625,18.25,-40.375,0.1013,-0.1067,0.9891,0.0015,-0.1116,0.9938,0.418,-0.395,8.9255,0.436,-0.3145,8.2344,63.07360649225633
14478389000,3.3164,3.2007,-31.0938,15.1562,-38.875,31.8594,18.5,-40.25,0.1011,-0.1203,0.9876,0.0092,-0.1232,0.9923,0.4409,-0.3853,9.073,0.4585,-0.3091,8.4263,63.05693469936515
14483504000,3.2741,3.2154,-30.9688,14.9688,-38.875,31.9688,18.2812,-40.5,0.0984,-0.1009,0.99,0.0199,-0.1067,0.9941,0.4131,-0.406,8.9933,0.4417,-0.3137,8.2891,63.04565101987607
14488504000,3.208,3.1602,-31.2188,14.8438,-38.9375,31.7344,18.1562,-40.1875,0.1072,-0.0941,0.9898,0.0199,-0.097,0.9951,0.4185,-0.4175,9.181,0.4116,-0.3237,8.0645,63.052675470593634
14493504000,3.3329,3.2576,-30.9375,14.9688,-38.9375,32.0312,18.125,-40.5625,0.0937,-0.0931,0.9912,0.0131,-0.099,0.995,0.4287,-0.4004,9.105,0.4253,-0.3264,8.2466,63.06868797691926
14498504000,3.2631,3.2392,-31.0625,15.0,-38.9062,31.875,18.25,-40.2812,0.0984,-0.1038,0.9897,0.0092,-0.1077,0.9941,0.4292,-0.3958,9.0589,0.4316,-0.3196,8.2419,63.03635483790286
14503504000,3.3623,3.2815,-30.9688,15.0625,-38.7812,32.0,18.3125,-40.375,0.1013,-0.1048,0.9893,0.0092,-0.1096,0.9939,0.4241,-0.3887,8.9229,0.4424,-0.314,8.2999,63.072755385189886
14508504000,3.4046,3.2852,-31.0625,14.9375,-39.0625,31.8906,18.125,-40.4375,0.0947,-0.0902,0.9914,0.0238,-0.096,0.9951,0.426,-0.407,9.1484,0.4224,-0.3333,8.2895,63.04873972459719
14513504000,3.3091,3.2282,-31.125,14.9375,-39.1875,31.7969,18.1875,-40.0938,0.1014,-0.096,0.9902,0.0053,-0.1009,0.9949,0.4253,-0.4087,9.1593,0.4055,-0.3264,8.0262,63.01229546128279
14518504000,3.3403,3.2595,-31.25,14.8438,-38.875,31.7188,18.0938,-40.3438,0.1112,-0.0873,0.99,0.0287,-0.0912,0.9954,0.4187,-0.4204,9.2164,0.4048,-0.3374,8.1396,63.06972052324316
14523504000,3.3348,3.2227,-31.125,14.875,-39.0625,31.8438,18.0938,-40.1875,0.0985,-0.0912,0.9909,0.0092,-0.096,0.9953,0.4224,-0.4141,9.1864,0.4028,-0.3376,8.1205,63.06105035503294
14528510000,3.3091,3.1621,-31.0938,14.9688,-39.0,31.8594,18.2812,-40.125,0.1003,-0.1077,0.9891,0.0053,-0.1126,0.9936,0.4221,-0.4072,9.1076,0.4255,-0.3228,8.2089,63.05032124422524
14533504000,3.2576,3.2282,-31.0938,15.0312,-38.9375,31.8594,18.2812,-40.4375,0.1013,-0.1048,0.9893,0.0179,-0.1116,0.9936,0.4292,-0.3921,9.0181,0.4304,-0.3169,8.1987,63.05487998751564
14538504000,3.3421,3.1896,-30.9688,14.8125,-38.9688,31.9531,18.0625,-40.1875,0.0976,-0.0834,0.9917,-0.0024,-0.0873,0.9962,0.4067,-0.4116,8.9851,0.4004,-0.3474,8.2014,63.01756286385566
14543504000,3.2925,3.2172,-30.9375,15.0,-38.9688,32.0312,18.1875,-40.5,0.0897,-0.1019,0.9907,0.017,-0.1067,0.9941,0.4243,-0.3938,8.9827,0.4319,-0.3247,8.3013,63.067915054962775
14548515000,3.3017,3.3182,-31.0,14.875,-38.8125,31.9531,18.0625,-40.4688,0.1063,-0.0912,0.9901,0.0189,-0.096,0.9952,0.4109,-0.4141,9.0585,0.4141,-0.3315,8.1781,63.05550162793093
14553504000,3.355,3.2448,-31.0938,14.75,-39.0,31.8594,17.9688,-40.375,0.1083,-0.0805,0.9909,0.0092,-0.0834,0.9965,0.4128,-0.426,9.2137,0.3953,-0.3394,8.0552,63.05042972637062
14558504000,3.2558,3.2999,-31.25,14.9375,-38.8125,31.7031,18.125,-40.5312,0.1226,-0.096,0.9878,0.0393,-0.1009,0.9941,0.4272,-0.4065,9.1566,0.418,-0.3284,8.1865,63.05717156319335
14563504000,3.2962,3.2925,-31.0625,14.8125,-38.9375,31.8906,18.0625,-40.375,0.1015,-0.0902,0.9907,0.016,-0.0941,0.9954,0.4099,-0.4187,9.0994,0.4109,-0.3228,8.0456,63.053324304591584
14568504000,3.2778,3.1933,-31.0938,15.1875,-38.7188,31.8594,18.375,-40.3438,0.1185,-0.1155,0.9862,0.0208,-0.1203,0.9925,0.4373,-0.3762,8.9318,0.4468,-0.3035,8.2332,63.05478706244277
14573521000,3.3329,3.2043,-30.9688,14.875,-38.8125,32.0,18.0625,-40.375,0.1005,-0.0902,0.9908,0.0092,-0.0941,0.9955,0.416,-0.4109,9.0803,0.4272,-0.3369,8.3845,63.06878257854673
14578505000,3.3513,3.2741,-31.0,14.875,-39.0938,31.9062,18.1562,-40.375,0.0907,-0.097,0.9911,0.015,-0.1038,0.9945,0.4265,-0.4097,9.1838,0.4165,-0.3364,8.2593,63.00474383187348
14583505000,3.2797,3.2098,-31.125,14.9375,-39.0312,31.8125,18.2812,-40.3438,0.1062,-0.1009,0.9892,0.017,-0.1038,0.9945,0.4224,-0.4001,9.0315,0.4373,-0.3186,8.2939,63.03992508482224
14588505000,3.3403,3.2521,-30.9375,15.0,-38.9375,32.0,18.1875,-40.3438,0.0917,-0.1038,0.9904,0.0082,-0.1077,0.9941,0.4255,-0.3938,8.9963,0.4265,-0.3044,8.0176,63.03385393730896
14593505000,3.344,3.2631,-31.0,15.0625,-38.875,31.9531,18.25,-40.3125,0.1013,-0.1067,0.9891,0.0063,-0.1116,0.9937,0.4373,-0.3855,9.0348,0.4224,-0.3252,8.2005,63.05013372000094
14598505000,3.3532,3.219,-30.9688,14.875,-38.9375,31.9688,18.0625,-40.4375,0.0966,-0.0931,0.991,0.016,-0.097,0.9952,0.4155,-0.4084,9.0477,0.4124,-0.3372,8.2211,63.03611385555109
14603513000,3.3844,3.2686,-31.2188,15.0625,-38.9375,31.7344,18.1875,-40.375,0.11,-0.1048,0.9884,0.0267,-0.1077,0.9938,0.4412,-0.3911,9.1409,0.4192,-0.3276,8.1921,63.04710478277334
14608505000,3.3182,3.2723,-30.9375,14.9375,-38.7812,32.0,18.0938,-40.375,0.1044,-0.0902,0.9904,0.0121,-0.0931,0.9956,0.4204,-0.4097,9.1157,0.4087,-0.3352,8.1587,63.0367459057017
14613514000,3.3421,3.1896,-30.9688,15.0312,-38.9688,31.9688,18.2812,-40.5,0.0936,-0.1048,0.9901,0.0082,-0.1116,0.9937,0.4348,-0.3896,9.0537,0.4331,-0.3208,8.2718,63.04005526012807
14618630000,3.3017,3.2595,-30.9688,15.0312,-38.8125,31.9688,18.25,-40.5,0.1052,-0.1048,0.9889,0.0121,-0.1096,0.9939,0.4331,-0.3926,9.0672,0.4519,-0.3127,8.3929,63.04244461828872
14623630000,3.2741,3.2705,-31.0938,14.9375,-38.9688,31.8594,18.25,-40.3125,0.1043,-0.099,0.9896,0.016,-0.1038,0.9945,0.4275,-0.4033,9.124,0.4424,-0.323,8.3997,63.05460789014551
14628633000,3.3421,3.1308,-31.125,14.8125,-39.0625,31.7969,18.0625,-40.125,0.1083,-0.0873,0.9903,0.0092,-0.0902,0.9959,0.4167,-0.4185,9.1728,0.4021,-0.3394,8.1313,63.01473562477272
14633630000,3.2797,3.2209,-31.0625,15.0312,-38.8438,31.875,18.375,-40.25,0.108,-0.1067,0.9884,0.0131,-0.1116,0.9937,0.436,-0.3877,9.0456,0.4568,-0.2915,8.2133,63.04194875739486
14638630000,3.4211,3.2319,-31.0,15.2812,-38.7188,31.9375,18.375,-40.4375,0.1128,-0.1155,0.9869,0.016,-0.1203,0.9926,0.4507,-0.3674,8.9844,0.4629,-0.2925,8.2924,63.036929131898546
14643630000,3.3623,3.2705,-31.0625,14.9375,-39.0,31.8906,18.125,-40.4688,0.1014,-0.096,0.9902,0.0199,-0.1009,0.9947,0.4285,-0.3999,9.0969,0.428,-0.3384,8.4089,63.05085510363836
14648630000,3.3605,3.2778,-31.0625,15.0,-38.875,31.9062,18.1875,-40.5,0.1091,-0.1009,0.9889,0.0199,-0.1048,0.9943,0.4355,-0.3943,9.1134,0.4329,-0.3293,8.3635,63.070262096649
14653630000,3.344,3.2062,-31.0625,15.0625,-39.0312,31.875,18.3125,-40.25,0.1002,-0.1145,0.9884,0.0044,-0.1184,0.993,0.4492,-0.3965,9.2907,0.4348,-0.3042,8.1076,63.03314112187334
14658630000,3.3201,3.151,-31.0,15.125,-38.625,31.9062,18.2812,-40.3125,0.1196,-0.1096,0.9868,0.0141,-0.1126,0.9935,0.4387,-0.385,9.0458,0.4275,-0.3115,8.1067,63.00793008130008
14663630000,3.4211,3.276,-31.0625,15.1875,-38.9688,31.8906,18.4062,-40.3125,0.1002,-0.1184,0.9879,0.017,-0.1232,0.9922,0.4541,-0.3867,9.2368,0.4512,-0.2886,8.1182,63.04964995136769
14668630000,3.3311,3.1804,-30.9688,14.9688,-38.9062,31.9688,18.375,-40.1562,0.0993,-0.1077,0.9892,-0.0024,-0.1116,0.9938,0.4297,-0.3958,9.0643,0.4412,-0.3047,8.1839,63.042098570717016
14673636000,3.3109,3.1235,-31.0938,15.0312,-38.7812,31.8438,18.1875,-40.1875,0.1158,-0.1048,0.9877,0.0044,-0.1077,0.9942,0.4355,-0.3926,9.0944,0.4124,-0.3262,8.0997,63.032383765331296
14678630000,3.4303,3.2484,-30.9375,15.0312,-38.875,32.0312,18.1562,-40.5,0.0946,-0.1038,0.9901,0.0131,-0.1077,0.9941,0.4355,-0.3892,9.0564,0.4385,-0.3318,8.4532,63.0671343069431
14683630000,3.3329,3.208,-31.125,15.0312,-38.9062,31.8125,18.25,-40.3438,0.1119,-0.1096,0.9877,0.017,-0.1126,0.9935,0.4397,-0.386,9.0675,0.4399,-0.3,8.1191,63.03615052848643
14688630000,3.2521,3.2466,-31.0625,14.9688,-39.0,31.9062,18.0938,-40.3438,0.1014,-0.097,0.9901,0.0053,-0.1009,0.9949,0.4287,-0.4021,9.124,0.416,-0.3423,8.3187,63.06051540488708
14693645000,3.445,3.2521,-30.9062,14.875,-38.8125,32.0625,18.0,-40.4375,0.1014,-0.0941,0.9904,0.0102,-0.099,0.995,0.4116,-0.4033,8.9471,0.4292,-0.3169,8.185,63.0671343069431
14698631000,3.3274,3.2411,-30.9062,15.0,-38.9688,32.0625,18.1875,-40.5,0.0974,-0.1048,0.9897,0.0092,-0.1096,0.9939,0.4285,-0.3977,9.0724,0.4399,-0.3135,8.2673,63.067915054962775
14703631000,3.3219,3.2705,-30.9688,15.3125,-38.9062,31.9531,18.5625,-40.5,0.101,-0.1329,0.986,0.014,-0.1358,0.9906,0.4592,-0.3579,8.9745,0.48,-0.2925,8.4841,63.02593274240374
14708631000,3.3329,3.2411,-31.0,15.125,-38.875,31.9375,18.375,-40.375,0.1012,-0.1145,0.9883,0.0131,-0.1203,0.9926,0.4436,-0.3845,9.0949,0.4453,-0.3123,8.3138,63.03920531106019
14713634000,3.3495,3.0867,-30.9688,14.7188,-38.875,31.9531,18.0,-40.25,0.1035,-0.0834,0.9911,-0.0015,-0.0873,0.9962,0.3918,-0.4231,8.9473,0.407,-0.3459,8.2586,63.02239600372236
14718631000,3.3513,3.2337,-31.0625,15.1875,-39.125,31.8906,18.5938,-40.2812,0.0962,-0.1281,0.9871,0.0102,-0.131,0.9913,0.4607,-0.3843,9.2834,0.48,-0.2981,8.546,63.05578861405192
14723631000,3.3109,3.1768,-30.9375,14.9688,-38.9375,32.0312,18.0625,-40.375,0.0995,-0.0941,0.9906,0.0073,-0.099,0.9951,0.4253,-0.3943,8.999,0.4116,-0.3438,8.2859,63.06103841223993
14728631000,3.2741,3.2245,-30.9375,15.0625,-38.8125,32.0,18.1875,-40.1875,0.1051,-0.1096,0.9884,-0.0044,-0.1126,0.9936,0.436,-0.3962,9.1406,0.4275,-0.3132,8.1255,63.030033763674915
14733644000,3.344,3.2797,-30.9688,14.9375,-38.9375,31.9531,18.0938,-40.5,0.1024,-0.096,0.9901,0.016,-0.1009,0.9948,0.4175,-0.396,8.9309,0.4253,-0.3235,8.2143,63.02038666614162
14738631000,3.3182,3.3072,-30.9688,15.0625,-38.7812,31.9688,18.25,-40.3125,0.1081,-0.1009,0.989,0.0112,-0.1038,0.9945,0.4224,-0.3955,8.9799,0.4475,-0.292,8.1149,63.0368664330644
14743631000,3.3164,3.1786,-30.9688,14.8438,-39.0,32.0,18.0,-40.2812,0.0946,-0.0941,0.9911,0.0024,-0.099,0.9951,0.4143,-0.4116,9.0694,0.4077,-0.3254,8.0399,63.060866195446444
14748634000,3.366,3.186,-30.8125,14.875,-38.9375,32.125,18.125,-40.4375,0.0917,-0.096,0.9911,0.0044,-0.1009,0.9949,0.4097,-0.4023,8.9144,0.4341,-0.323,8.307,63.03920531106019
14753765000,3.3642,3.118,-30.8125,15.0,-38.8125,32.125,18.1562,-40.375,0.0946,-0.1019,0.9903,-0.0044,-0.1067,0.9943,0.4243,-0.3909,8.9501,0.446,-0.3179,8.384,63.03595728582219
14758756000,3.2797,3.2631,-31.0,14.9688,-38.8125,31.9531,18.1562,-40.375,0.1062,-0.096,0.9897,0.017,-0.099,0.9949,0.4265,-0.3945,9.0153,0.4224,-0.3313,8.2679,63.05310241867564
14763756000,3.3991,3.3109,-31.0,15.0,-38.9375,31.9531,18.1562,-40.5,0.0984,-0.1077,0.9893,0.0238,-0.1126,0.9934,0.4331,-0.3997,9.1459,0.4312,-0.3083,8.1125,63.05153292585359
14768756000,3.344,3.1125,-31.0625,15.0625,-38.875,31.8906,18.1875,-40.0625,0.1061,-0.1096,0.9883,-0.0044,-0.1126,0.9936,0.4412,-0.3867,9.092,0.4192,-0.3125,8.0249,63.04180026664848
14773759000,3.3844,3.2007,-30.9375,14.875,-39.0625,32.0,18.125,-40.3125,0.0927,-0.097,0.991,0.0005,-0.1019,0.9948,0.4231,-0.4043,9.0858,0.4312,-0.3213,8.2554,63.03375211940028
14778756000,3.3127,3.2264,-30.9375,15.125,-38.9062,32.0312,18.25,-40.4375,0.0964,-0.1126,0.989,0.0073,-0.1174,0.9931,0.4443,-0.3806,9.0597,0.4531,-0.2942,8.2019,63.064789576910506
14783756000,3.2815,3.2245,-31.0625,15.0312,-38.9688,31.9062,18.1562,-40.3125,0.108,-0.1077,0.9883,0.0121,-0.1116,0.9937,0.4348,-0.3911,9.07,0.4331,-0.3215,8.2799,63.06051327399738
14788756000,3.377,3.186,-31.0,15.0312,-38.9375,31.9375,18.1562,-40.3125,0.1003,-0.1048,0.9894,0.0044,-0.1077,0.9942,0.4387,-0.3843,9.0376,0.4341,-0.3086,8.1479,63.030033763674915
14793757000,3.377,3.2007,-30.9375,15.1875,-39.0,32.0,18.375,-40.25,0.0915,-0.1184,0.9887,0.0024,-0.1232,0.9924,0.4536,-0.386,9.2232,0.458,-0.3062,8.3885,63.030560544072586
14798756000,3.4285,3.1951,-31.0625,14.9375,-39.0312,31.875,18.1562,-40.3125,0.1004,-0.1009,0.9898,0.0121,-0.1038,0.9945,0.4287,-0.4009,9.1105,0.4236,-0.3279,8.2438,63.032774535395475
14803767000,3.3385,3.208,-31.0,14.75,-38.8438,31.9375,17.875,-40.4375,0.1122,-0.0834,0.9902,0.017,-0.0873,0.996,0.4087,-0.4272,9.1811,0.4111,-0.3423,8.2643,63.035183912954516
14808761000,3.3182,3.1786,-31.0625,15.1562,-38.7188,31.9062,18.2812,-40.4375,0.1128,-0.1155,0.9869,0.0141,-0.1184,0.9929,0.4399,-0.3757,8.9564,0.4412,-0.3069,8.2081,63.069618156288215
14813757000,3.3679,3.2098,-31.0625,14.6875,-38.9688,31.9062,17.875,-40.5,0.1121,-0.0853,0.99,0.0267,-0.0883,0.9957,0.3965,-0.4241,9.0098,0.4116,-0.3467,8.3184,63.067915054962775
14818757000,3.3844,3.3072,-31.0,14.75,-39.125,31.9375,18.0,-40.25,0.0976,-0.0873,0.9914,0.0092,-0.0902,0.9959,0.4099,-0.4241,9.1593,0.4121,-0.3257,8.0916,63.031397186243616
14823757000,3.3587,3.2264,-30.875,15.0,-38.875,32.0938,18.2812,-40.375,0.0946,-0.1038,0.9901,0.0063,-0.1077,0.9942,0.4175,-0.394,8.9091,0.4524,-0.3152,8.4254,63.07207025998116
14828757000,3.2484,3.2043,-31.0938,14.9688,-38.75,31.875,18.0938,-40.4375,0.1129,-0.1038,0.9882,0.016,-0.1067,0.9942,0.4319,-0.4033,9.173,0.4272,-0.3223,8.2226,63.06887548299874
14833759000,3.3495,3.2631,-30.875,14.8438,-39.0,32.0938,18.0625,-40.375,0.0899,-0.0853,0.9923,0.0015,-0.0912,0.9958,0.4121,-0.4111,9.0395,0.4299,-0.3269,8.3038,63.066000571861224
14838760000,3.3091,3.208,-31.0,14.875,-38.9688,31.9375,18.0938,-40.5,0.1072,-0.097,0.9895,0.0219,-0.1019,0.9946,0.4192,-0.4055,9.0559,0.4299,-0.3262,8.2957,63.038354619469565
14843757000,3.423,3.2448,-31.0938,15.125,-39.0625,31.8594,18.375,-40.5625,0.105,-0.1155,0.9877,0.0305,-0.1203,0.9923,0.4548,-0.3833,9.207,0.4661,-0.3093,8.5138,63.05487998751564
14848757000,3.2833,3.3403,-31.0625,14.8438,-39.1562,31.8906,18.1562,-40.3438,0.0946,-0.096,0.9909,0.0141,-0.1009,0.9948,0.4224,-0.4097,9.1375,0.4397,-0.3169,8.3023,63.05136943104408
14853757000,3.3881,3.2043,-31.0625,14.9688,-39.1562,31.8906,18.1875,-40.25,0.0984,-0.1038,0.9897,0.0112,-0.1067,0.9942,0.4336,-0.3923,9.0699,0.4324,-0.3147,8.1962,63.04481919824975
14858757000,3.3072,3.2962,-31.0,14.9688,-38.8125,31.9375,18.1562,-40.5312,0.112,-0.1009,0.9886,0.0228,-0.1038,0.9943,0.4243,-0.4021,9.075,0.4363,-0.323,8.3315,63.04159226018962
14863757000,3.3936,3.2741,-31.1875,15.1562,-38.9688,31.7969,18.3125,-40.3125,0.1108,-0.1174,0.9869,0.0266,-0.1223,0.9921,0.4607,-0.385,9.2916,0.438,-0.3071,8.1754,63.07774887184863
14868757000,3.3844,3.2558,-31.0938,15.0312,-38.875,31.8594,18.1562,-40.3125,0.1177,-0.1067,0.9873,0.0247,-0.1096,0.9937,0.4387,-0.3972,9.1815,0.436,-0.3152,8.2425,63.04710478277334
14873757000,3.2962,3.2154,-31.0,14.8125,-39.0,31.9375,17.9688,-40.5625,0.1111,-0.0931,0.9894,0.0189,-0.096,0.9952,0.4172,-0.4136,9.1238,0.4255,-0.3401,8.4005,63.03596229288485
14878757000,3.2888,3.2356,-30.9688,14.875,-38.75,31.9688,18.0938,-40.4375,0.1092,-0.0902,0.9899,0.0112,-0.0941,0.9955,0.418,-0.405,9.0368,0.4348,-0.3293,8.3853,63.04244461828872
14883764000,3.3274,3.2245,-31.0,14.7188,-38.9062,31.9531,17.875,-40.375,0.1054,-0.0824,0.991,0.0073,-0.0873,0.9962,0.4004,-0.4167,8.9716,0.418,-0.3469,8.3918,63.049280499383975
14888882000,3.3201,3.1676,-30.875,14.875,-38.9688,32.0938,18.1562,-40.4375,0.0907,-0.1019,0.9907,-0.0015,-0.1067,0.9943,0.4175,-0.4053,9.0341,0.4419,-0.3337,8.513,63.07133363557489
14893882000,3.4101,3.3219,-31.0938,15.0,-38.9375,31.8594,18.1875,-40.4688,0.1071,-0.1038,0.9888,0.0209,-0.1077,0.994,0.4375,-0.3909,9.0973,0.4417,-0.3152,8.3052,63.052441873253414
14898882000,3.3862,3.3017,-30.9375,14.9375,-38.9062,32.0,18.125,-40.375,0.1023,-0.1009,0.9896,0.0073,-0.1048,0.9945,0.4192,-0.4019,9.0151,0.436,-0.3103,8.1886,63.03527929612115
14903882000,3.4395,3.2025,-30.9062,15.125,-38.9062,32.0625,18.125,-40.5625,0.0926,-0.1048,0.9902,0.0082,-0.1096,0.9939,0.4419,-0.3845,9.0758,0.4468,-0.3159,8.3706,63.061878416203236
14908882000,3.4083,3.2117,-31.125,14.9375,-38.9062,31.8125,18.1562,-40.25,0.1101,-0.0941,0.9895,0.0131,-0.099,0.995,0.4312,-0.4075,9.2111,0.4268,-0.3213,8.2063,63.034075977839166
14913882000,3.3752,3.3164,-31.0938,14.875,-39.1562,31.875,18.125,-40.5,0.0975,-0.1009,0.9901,0.018,-0.1048,0.9943,0.426,-0.4141,9.2273,0.4424,-0.3164,8.3269,63.06693326839351
14918882000,3.3385,3.2356,-30.9062,15.0312,-38.75,32.0625,18.1562,-40.3125,0.1052,-0.1048,0.9889,-0.0044,-0.1077,0.9942,0.428,-0.386,8.9367,0.4399,-0.3323,8.475,63.06555486904083
14923893000,3.3293,3.2815,-31.0,15.0312,-38.9688,31.9531,18.1875,-40.2812,0.0984,-0.1048,0.9896,0.0044,-0.1096,0.994,0.438,-0.3921,9.1163,0.4299,-0.3193,8.2202,63.04583588993012
14928892000,3.3826,3.2007,-31.0,14.9375,-39.0625,31.9531,18.0625,-40.125,0.0965,-0.099,0.9904,-0.0024,-0.1038,0.9946,0.4312,-0.4092,9.2301,0.4077,-0.3291,8.0804,63.03956956436171
14933883000,3.3219,3.1713,-31.1875,15.125,-38.9375,31.7969,18.1562,-40.25,0.1157,-0.1126,0.9869,0.016,-0.1155,0.9932,0.4543,-0.3779,9.1419,0.4224,-0.3215,8.16,63.070955859650645
14938883000,3.3734,3.2741,-31.2188,15.0312,-38.9375,31.75,18.1875,-40.375,0.108,-0.1077,0.9883,0.0189,-0.1116,0.9936,0.4373,-0.3911,9.0972,0.4304,-0.3137,8.1636,63.06424033776987
14943883000,3.3715,3.2301,-30.875,15.125,-38.9688,32.0938,18.25,-40.3438,0.0916,-0.1116,0.9895,-0.0102,-0.1145,0.9934,0.4453,-0.3833,9.1005,0.4597,-0.3093,8.4427,63.061287835248024
14948883000,3.3844,3.2576,-31.0625,15.0312,-38.9688,31.875,18.375,-40.1875,0.1041,-0.1145,0.988,0.0092,-0.1174,0.993,0.4409,-0.3931,9.1599,0.4519,-0.2925,8.1694,63.03804513450588
14953883000,3.3954,3.3403,-30.9688,15.125,-38.8125,31.9688,18.375,-40.3438,0.107,-0.1116,0.988,0.0092,-0.1145,0.9934,0.4443,-0.3899,9.1628,0.4751,-0.2881,8.3808,63.04005768913922
14958884000,3.4505,3.3146,-30.9062,15.0,-38.9375,32.0625,18.25,-40.375,0.0975,-0.1019,0.99,0.0034,-0.1067,0.9943,0.4185,-0.3926,8.9037,0.4551,-0.2971,8.2561,63.06889951426138
14963883000,3.366,3.219,-30.9375,15.0625,-38.9375,32.0,18.2812,-40.25,0.0993,-0.1096,0.989,0.0024,-0.1126,0.9936,0.4409,-0.3943,9.1734,0.4463,-0.3015,8.2062,63.03341647245531
14968883000,3.423,3.2154,-31.0938,14.9688,-39.0625,31.8438,18.25,-40.3125,0.0994,-0.1038,0.9896,0.0141,-0.1067,0.9942,0.4285,-0.4011,9.1104,0.4429,-0.3064,8.2219,63.03546832696653
14973883000,3.3679,3.2907,-30.8125,14.875,-39.0625,32.1562,18.1875,-40.5,0.0801,-0.1019,0.9916,0.0024,-0.1067,0.9943,0.4136,-0.4109,9.0531,0.45,-0.3125,8.3684,63.07215108262917
14978883000,3.4211,3.2374,-30.9062,15.0312,-38.9375,32.0625,18.1875,-40.5,0.0955,-0.1038,0.99,0.0053,-0.1077,0.9942,0.438,-0.3958,9.157,0.4512,-0.3066,8.3174,63.06711358251621
14983883000,3.3403,3.3201,-30.9062,14.8125,-38.875,32.0625,18.0938,-40.3125,0.0986,-0.0853,0.9915,-0.0015,-0.0883,0.9961,0.3977,-0.4124,8.8927,0.4353,-0.3191,8.2774,63.07052017884425
14988883000,3.3844,3.3146,-30.9062,14.9688,-38.875,32.0938,18.125,-40.5,0.0926,-0.1038,0.9903,0.0102,-0.1077,0.9941,0.4253,-0.3923,8.9773,0.4373,-0.3296,8.4153,63.09993837905074
14993883000,3.2999,3.2815,-31.0625,14.9688,-38.875,31.8906,18.1562,-40.5312,0.1042,-0.1019,0.9893,0.0238,-0.1067,0.994,0.4319,-0.3977,9.1106,0.4341,-0.314,8.2072,63.055493946285125
14998886000,3.4413,3.3329,-31.2188,15.0625,-39.0,31.7812,18.1562,-40.5625,0.1148,-0.1077,0.9875,0.0335,-0.1126,0.9931,0.4497,-0.3911,9.2364,0.4299,-0.3101,8.1177,63.095264370156976
15003883000,3.355,3.3329,-30.9688,14.9688,-38.8125,31.9531,18.25,-40.3125,0.1042,-0.1067,0.9888,0.0053,-0.1077,0.9942,0.4236,-0.4009,9.0533,0.4456,-0.3047,8.233,63.0252471082026
15008883000,3.3679,3.3109,-31.0,15.0312,-38.6562,31.9375,18.25,-40.375,0.1119,-0.1067,0.988,0.017,-0.1116,0.9936,0.4197,-0.3901,8.8902,0.4448,-0.311,8.2949,63.04319037873956
15013883000,3.377,3.1896,-31.0625,14.9688,-39.0,31.875,18.1562,-40.1562,0.1052,-0.1009,0.9893,0.0005,-0.1038,0.9946,0.4312,-0.4011,9.1404,0.4375,-0.3206,8.3182,63.028765047793854
15018883000,3.4138,3.2962,-31.1875,15.0,-38.9688,31.7812,18.1562,-40.5625,0.1139,-0.1048,0.988,0.0306,-0.1096,0.9935,0.4443,-0.4033,9.3122,0.4443,-0.3069,8.2436,63.067889276715135
15024008000,3.3899,3.2466,-31.125,14.9375,-39.2188,31.8125,18.1562,-40.3125,0.0984,-0.1009,0.99,0.0209,-0.1038,0.9944,0.4355,-0.4111,9.3009,0.4312,-0.3223,8.2662,63.02924016383189
15029009000,3.4101,3.2631,-31.0,14.9375,-39.0312,31.9531,17.9375,-40.4375,0.0975,-0.0941,0.9908,0.0141,-0.097,0.9952,0.4312,-0.4041,9.173,0.4236,-0.3459,8.4436,63.04022905494554
15034008000,3.3844,3.2319,-30.9375,14.9688,-38.875,32.0312,18.1562,-40.375,0.0946,-0.1038,0.9901,-0.0024,-0.1067,0.9943,0.4192,-0.4019,9.0151,0.4319,-0.3191,8.2393,63.0671602218619
15039009000,3.412,3.3568,-31.1875,14.9375,-38.875,31.75,18.0938,-40.25,0.1168,-0.099,0.9882,0.0141,-0.1019,0.9947,0.4368,-0.4036,9.2303,0.4197,-0.3179,8.0896,63.03159335555464
15044009000,3.4652,3.2521,-31.0938,15.0625,-38.875,31.875,18.1562,-40.4375,0.1041,-0.1116,0.9883,0.0189,-0.1155,0.9931,0.4385,-0.3904,9.1027,0.4417,-0.3247,8.4104,63.064111500757704
15049014000,3.5222,3.3495,-31.0938,14.9375,-39.0625,31.8594,18.1875,-40.375,0.0984,-0.1009,0.99,0.0092,-0.1048,0.9945,0.428,-0.405,9.1485,0.4348,-0.3142,8.2181,63.050698223651736
15054009000,3.3568,3.2668,-31.0,15.125,-38.7188,31.9375,18.3125,-40.125,0.1032,-0.1116,0.9884,-0.0044,-0.1145,0.9934,0.4417,-0.3865,9.0948,0.4468,-0.3025,8.2224,63.03385170636489
15059009000,3.4763,3.298,-30.8125,15.0312,-38.8125,32.1562,18.1875,-40.4688,0.0975,-0.1038,0.9898,-0.0044,-0.1077,0.9942,0.4197,-0.3833,8.8142,0.4531,-0.3015,8.2827,63.06950720490846
15064012000,3.4285,3.3329,-31.0625,15.0312,-38.7812,31.8906,18.1562,-40.375,0.1129,-0.1038,0.9882,0.017,-0.1067,0.9941,0.4292,-0.3855,8.9449,0.4417,-0.3181,8.3376,63.05076227176004
15069009000,3.4248,3.3238,-31.0,15.0312,-39.0312,31.9375,18.2812,-40.25,0.0935,-0.1096,0.9896,-0.0015,-0.1145,0.9934,0.4431,-0.3914,9.1654,0.4448,-0.3113,8.2976,63.03314112187334
15074009000,3.4138,3.3182,-31.0625,15.125,-38.875,31.9062,18.3125,-40.4375,0.108,-0.1126,0.9878,0.0179,-0.1155,0.9931,0.4443,-0.3745,8.992,0.4573,-0.3081,8.4019,63.06868273707641
15079009000,3.4616,3.3329,-30.8125,15.1875,-39.0,32.125,18.4688,-40.3125,0.0799,-0.1223,0.9893,-0.0131,-0.1252,0.992,0.4385,-0.3716,8.894,0.4744,-0.2939,8.4372,63.03664404288985
15084009000,3.3826,3.2521,-31.25,14.9375,-39.0,31.7188,18.1562,-40.125,0.109,-0.1038,0.9886,0.0102,-0.1048,0.9944,0.4329,-0.4055,9.2084,0.4287,-0.3125,8.1311,63.06104525085197
15089009000,3.4248,3.3715,-31.125,14.875,-38.9062,31.8125,18.25,-40.25,0.1101,-0.097,0.9892,0.0199,-0.1019,0.9946,0.4211,-0.4124,9.1538,0.4404,-0.2988,8.1111,63.042250353949136
15094009000,3.4193,3.2962,-30.9688,15.0,-38.8125,31.9531,18.25,-40.3125,0.1051,-0.1077,0.9886,0.0024,-0.1116,0.9938,0.4236,-0.3911,8.9446,0.4424,-0.3059,8.211,63.02363048579477
15099009000,3.5295,3.3532,-30.9688,14.9688,-39.0,31.9688,18.0938,-40.5625,0.1014,-0.097,0.9901,0.016,-0.1019,0.9947,0.4297,-0.3984,9.0942,0.4397,-0.3281,8.4263,63.03450265537121
15104009000,3.3329,3.2301,-30.9062,15.0625,-38.875,32.0625,18.1562,-40.3125,0.0945,-0.1077,0.9897,-0.0053,-0.1126,0.9936,0.4312,-0.3901,9.0182,0.4429,-0.311,8.2731,63.06103841223993
15109014000,3.3697,3.2999,-31.0625,15.0625,-39.0,31.875,18.4062,-40.25,0.1022,-0.1145,0.9882,0.0131,-0.1184,0.9929,0.4429,-0.3894,9.141,0.4631,-0.2976,8.3517,63.038652713553454
15114009000,3.3091,3.3091,-31.1875,14.875,-38.6875,31.7969,18.0625,-40.375,0.1265,-0.0941,0.9875,0.0296,-0.097,0.9948,0.4209,-0.4155,9.1864,0.4187,-0.3274,8.1839,63.08757766676416
15119009000,3.4744,3.4064,-30.8125,14.8438,-39.125,32.125,18.0938,-40.4375,0.0917,-0.0941,0.9913,0.0092,-0.099,0.995,0.4077,-0.4143,9.0259,0.436,-0.3264,8.3665,63.035022507333174
15124009000,3.3072,3.2154,-31.3125,14.75,-39.0625,31.625,18.0938,-40.125,0.1179,-0.0902,0.9889,0.0258,-0.0931,0.9953,0.4209,-0.4275,9.3198,0.407,-0.3254,8.0318,63.03521881408837
15129009000,3.3293,3.219,-31.0938,14.9688,-38.8125,31.875,18.1562,-40.3125,0.1226,-0.097,0.9877,0.018,-0.1009,0.9947,0.4275,-0.4021,9.1104,0.4297,-0.3245,8.2741,63.06726006574251
15134009000,3.4377,3.2962,-31.0625,14.9688,-39.0312,31.8906,18.125,-40.3125,0.1129,-0.1009,0.9885,0.0228,-0.1038,0.9943,0.4397,-0.3975,9.1951,0.4275,-0.3435,8.4602,63.045191154758186
15139009000,3.3917,3.3421,-30.9688,15.0312,-38.9688,32.0,18.1562,-40.4375,0.1023,-0.1038,0.9893,0.0121,-0.1077,0.9941,0.4353,-0.3984,9.1569,0.4243,-0.321,8.1764,63.06340046437395
15144009000,3.3623,3.355,-30.9062,14.8438,-38.8438,32.0625,17.9375,-40.4375,0.1063,-0.0883,0.9904,0.0122,-0.0912,0.9958,0.4033,-0.4104,8.9335,0.4167,-0.3655,8.5838,63.06479238901845
15149010000,3.2558,3.3293,-31.0,14.75,-38.875,31.9375,17.8438,-40.6875,0.1151,-0.0824,0.9899,0.0267,-0.0873,0.9958,0.4001,-0.4253,9.0642,0.4121,-0.3538,8.4022,63.039556319346026
15154010000,3.2631,3.2576,-30.9688,15.25,-38.625,31.9531,18.3125,-40.25,0.1224,-0.1145,0.9859,0.0092,-0.1155,0.9933,0.4524,-0.3752,9.0902,0.4431,-0.3159,8.3297,63.01733912868743
15159135000,3.3679,3.3219,-31.0625,15.1562,-38.5938,31.8906,18.375,-40.375,0.1244,-0.1096,0.9862,0.0247,-0.1116,0.9934,0.4475,-0.3857,9.1522,0.4575,-0.3108,8.4342,63.06049592645145
15164135000,3.4211,3.287,-31.2188,15.0,-38.75,31.7344,18.0625,-40.4375,0.1372,-0.0883,0.9866,0.0374,-0.0902,0.9952,0.4336,-0.4058,9.2193,0.4255,-0.3303,8.2925,63.05023356610188
15169135000,3.3697,3.2944,-31.0,14.9688,-39.0312,31.9375,18.1562,-40.5,0.11,-0.1019,0.9887,0.0199,-0.1048,0.9943,0.426,-0.3999,9.0696,0.4348,-0.3215,8.299,63.035274239508155
15174135000,3.4358,3.3238,-31.125,14.875,-39.125,31.8125,18.1875,-40.5,0.1081,-0.1009,0.989,0.0306,-0.1048,0.994,0.4231,-0.4167,9.2245,0.4373,-0.3423,8.5557,63.03960808491753
15179135000,3.3734,3.2631,-31.0625,14.8438,-38.8125,31.8906,18.125,-40.375,0.1159,-0.0912,0.9891,0.0238,-0.0941,0.9953,0.4043,-0.4143,8.9879,0.4309,-0.3291,8.339,63.05791369289028
15184135000,3.3293,3.2301,-31.0625,15.0,-38.75,31.8906,18.0625,-40.1875,0.1265,-0.099,0.987,0.0151,-0.1019,0.9947,0.4229,-0.3923,8.95,0.4231,-0.3262,8.2194,63.04393794894161
15189135000,3.4064,3.2521,-31.125,14.9375,-39.0,31.8125,18.125,-40.5,0.1168,-0.1019,0.9879,0.0354,-0.1048,0.9939,0.4331,-0.3999,9.1486,0.4341,-0.3435,8.5337,63.03601401183295
15194135000,3.3476,3.2778,-31.0,14.875,-38.8125,31.9062,18.0625,-40.0625,0.116,-0.0834,0.9897,0.0053,-0.0853,0.9963,0.4128,-0.406,8.9906,0.4141,-0.3306,8.1673,62.99930677944004
15199141000,3.3605,3.3513,-31.0625,15.125,-38.875,31.875,18.4062,-40.3125,0.1157,-0.1096,0.9872,0.0209,-0.1145,0.9932,0.4431,-0.3799,9.0379,0.4604,-0.3074,8.4293,63.03936536752254
15204135000,3.355,3.3973,-31.0,14.9688,-38.8125,31.9531,18.0625,-40.5625,0.1178,-0.097,0.9883,0.0306,-0.1009,0.9944,0.4265,-0.4045,9.1267,0.4287,-0.325,8.2686,63.053360571027454
15209135000,3.3238,3.2668,-31.0938,14.9688,-38.875,31.8594,18.1562,-40.375,0.1226,-0.1019,0.9872,0.0199,-0.1048,0.9943,0.4285,-0.4019,9.1186,0.4275,-0.3191,8.1902,63.05168442634979
15214135000,3.3532,3.2999,-31.0,15.0,-38.875,31.8906,18.25,-40.1875,0.1187,-0.1019,0.9877,0.0102,-0.1048,0.9944,0.4231,-0.396,8.9935,0.4485,-0.3025,8.2415,62.988195121070106
15219135000,3.4395,3.3862,-31.125,15.0625,-38.75,31.8125,18.1875,-40.25,0.1302,-0.1048,0.9859,0.0238,-0.1067,0.994,0.448,-0.3945,9.2553,0.4319,-0.3269,8.3256,63.03288452268387
15224135000,3.4928,3.3789,-31.125,14.8438,-38.875,31.8125,18.0,-40.0938,0.1227,-0.0883,0.9885,0.0199,-0.0902,0.9957,0.4199,-0.416,9.181,0.4124,-0.3311,8.1536,63.02837438907972
15229142000,3.3623,3.3348,-31.0,14.875,-38.6875,31.9375,18.0,-40.375,0.1256,-0.0873,0.9882,0.019,-0.0902,0.9957,0.4172,-0.4204,9.2,0.418,-0.3386,8.2999,63.03762517338355
15234138000,3.5075,3.3127,-30.9688,15.0312,-38.9375,32.0,18.2812,-40.25,0.1109,-0.1067,0.9881,0.0092,-0.1096,0.9939,0.4348,-0.3914,9.0727,0.4556,-0.3132,8.4393,63.06627410660947
15239135000,3.4193,3.2852,-31.1875,14.75,-38.875,31.7969,18.0,-40.375,0.1228,-0.0805,0.9892,0.0287,-0.0834,0.9961,0.4099,-0.426,9.1811,0.4155,-0.3357,8.2403,63.08602970040197
15244135000,3.4836,3.4487,-31.0938,14.9688,-38.875,31.8438,18.1562,-40.1875,0.1198,-0.096,0.9881,0.0238,-0.099,0.9948,0.428,-0.3987,9.0778,0.4304,-0.322,8.2553,63.03192578979323
15249135000,3.3458,3.3734,-31.0938,15.1562,-38.875,31.875,18.375,-40.4688,0.1195,-0.1145,0.9862,0.0218,-0.1174,0.9928,0.4551,-0.3789,9.1609,0.4661,-0.3184,8.6135,63.0711554144999
15254135000,3.4138,3.3917,-31.1875,14.8125,-39.125,31.7969,18.0,-40.3125,0.1111,-0.0931,0.9894,0.0238,-0.097,0.995,0.4265,-0.4192,9.2899,0.4131,-0.3311,8.1618,63.07618374521401
15259140000,3.4469,3.3752,-31.0,14.8125,-38.8438,31.9062,18.0,-40.0,0.1209,-0.0824,0.9892,0.0053,-0.0853,0.9963,0.4111,-0.4136,9.0558,0.3999,-0.3423,8.1392,62.99751545203985
15264136000,3.4707,3.3973,-30.9375,14.75,-38.9688,32.0,17.9375,-40.5,0.1054,-0.0834,0.9909,0.0199,-0.0883,0.9959,0.4053,-0.4197,9.0586,0.4121,-0.3499,8.3589,63.03676416140029
15269136000,3.4726,3.4322,-31.1875,15.0625,-38.8125,31.7812,18.1562,-40.5,0.1312,-0.1048,0.9858,0.0345,-0.1077,0.9936,0.4404,-0.3989,9.2196,0.4304,-0.3188,8.2202,63.06723250333726
15274146000,3.4156,3.412,-31.125,15.125,-38.8125,31.7969,18.375,-40.4375,0.1234,-0.1116,0.9861,0.0344,-0.1155,0.9927,0.4487,-0.3914,9.2282,0.4548,-0.3159,8.4608,63.02672944560903
15279136000,3.434,3.3881,-30.7812,14.9688,-38.6875,32.1875,18.0,-40.5625,0.1072,-0.0912,0.99,0.0112,-0.0941,0.9955,0.4136,-0.4006,8.9389,0.4355,-0.3413,8.5258,63.06949324459489
15284136000,3.4358,3.2888,-31.0938,14.8438,-38.8125,31.8594,17.9688,-40.2812,0.1198,-0.0883,0.9889,0.0131,-0.0902,0.9958,0.4033,-0.4094,8.9226,0.4077,-0.3379,8.1776,63.047823871486635
15289136000,3.5222,3.377,-30.9688,15.0625,-38.875,31.9688,18.1875,-40.4375,0.11,-0.1038,0.9885,0.015,-0.1067,0.9942,0.4392,-0.3928,9.1381,0.4431,-0.3237,8.416,63.03450265537121
15294147000,3.4101,3.4028,-31.0625,15.1875,-39.0,31.8906,18.2812,-40.375,0.1118,-0.1184,0.9867,0.0189,-0.1232,0.9922,0.4524,-0.3748,9.0848,0.4368,-0.3125,8.221,63.044067161787716
15299261000,3.4946,3.4028,-31.0,15.0312,-38.8438,31.9531,18.25,-40.5,0.1168,-0.1038,0.9877,0.0248,-0.1067,0.994,0.4236,-0.3865,8.8931,0.45,-0.2971,8.1987,63.057088986806235
15304261000,3.4946,3.3256,-31.0625,14.8438,-38.9375,31.875,18.125,-40.0,0.116,-0.0902,0.9891,0.0005,-0.0912,0.9958,0.4143,-0.4121,9.0749,0.4255,-0.3079,8.0445,63.03192909898919
15309270000,3.4983,3.4009,-30.875,14.8125,-38.7188,32.0938,18.0,-40.4375,0.1044,-0.0805,0.9913,0.0092,-0.0853,0.9963,0.3955,-0.4153,8.9009,0.4309,-0.3215,8.2553,63.07284565785818
15314261000,3.4487,3.3734,-31.0625,14.8125,-39.0312,31.9062,18.0,-40.375,0.1053,-0.0883,0.9905,0.0209,-0.0931,0.9954,0.418,-0.4148,9.1456,0.4192,-0.3259,8.1732,63.06364352287299
15319262000,3.4322,3.3715,-31.0,14.8438,-38.8125,31.9375,17.9375,-40.5,0.1121,-0.0853,0.99,0.0209,-0.0902,0.9957,0.4097,-0.4121,9.0232,0.4211,-0.356,8.5272,63.03608127247442
15324261000,3.4524,3.3899,-30.9688,14.9375,-39.0,31.9688,18.0938,-40.3438,0.1014,-0.0931,0.9905,0.0024,-0.097,0.9953,0.4241,-0.407,9.1266,0.436,-0.3279,8.3827,63.031020314524504
15329267000,3.4781,3.434,-31.125,14.9375,-38.875,31.8125,18.1562,-40.3438,0.1217,-0.0931,0.9882,0.0316,-0.096,0.9949,0.4297,-0.4187,9.3199,0.4336,-0.3113,8.1721,63.03686468551557
15334261000,3.4634,3.423,-31.1875,15.0312,-38.6875,31.7812,18.1562,-40.4375,0.1312,-0.1038,0.9859,0.0354,-0.1067,0.9937,0.4331,-0.3921,9.0617,0.4275,-0.3315,8.3278,63.07047886840562
15339261000,3.5332,3.4652,-30.9688,15.0625,-38.875,32.0,18.125,-40.3125,0.1091,-0.1009,0.9889,0.0131,-0.1038,0.9945,0.4312,-0.3835,8.945,0.4363,-0.3225,8.3261,63.059615332952994
15344261000,3.5057,3.4634,-31.125,15.0312,-38.75,31.8438,18.125,-40.375,0.1217,-0.097,0.9878,0.0277,-0.1009,0.9945,0.4336,-0.3914,9.0591,0.4312,-0.3164,8.2014,63.06569588040712
15349262000,3.4505,3.4763,-31.25,14.7188,-39.0,31.7188,17.8438,-40.4375,0.1199,-0.0776,0.9897,0.0423,-0.0824,0.9957,0.4153,-0.4265,9.2463,0.3992,-0.3442,8.1527,63.06268155327682
15354274000,3.4634,3.3642,-31.0,15.0625,-38.7812,31.9062,18.3125,-40.4375,0.1206,-0.1048,0.9872,0.0209,-0.1077,0.994,0.428,-0.3853,8.9285,0.4617,-0.3125,8.4996,63.01187053349551
15359261000,3.4854,3.355,-30.9688,14.875,-38.9688,31.9531,18.0938,-40.5938,0.1053,-0.0912,0.9902,0.0238,-0.096,0.9951,0.4241,-0.4109,9.1701,0.4387,-0.3335,8.4748,63.025128306493755
15364261000,3.5387,3.4432,-30.875,15.125,-38.625,32.0938,18.1562,-40.5,0.1158,-0.1019,0.988,0.017,-0.1067,0.9941,0.428,-0.3889,8.9692,0.4585,-0.3191,8.5368,63.06959308478215
15369262000,3.502,3.4413,-30.875,15.0312,-38.875,32.0938,18.125,-40.375,0.1053,-0.097,0.9897,0.0073,-0.1009,0.9949,0.4316,-0.3936,9.0617,0.4441,-0.3154,8.3352,63.06259883544286
15374272000,3.4726,3.4763,-31.1875,15.0625,-38.8125,31.7812,18.1562,-40.5,0.1322,-0.1048,0.9857,0.0325,-0.1067,0.9938,0.4404,-0.3933,9.1571,0.4368,-0.3181,8.283,63.06723250333726
15379262000,3.4064,3.4138,-30.9062,14.9688,-38.7812,32.0625,18.0938,-40.5,0.1082,-0.0941,0.9897,0.0209,-0.097,0.9951,0.426,-0.3965,9.0316,0.4392,-0.3235,8.3696,63.069620881451314
15384262000,3.5332,3.4138,-30.9375,15.0312,-38.8125,32.0312,18.1562,-40.4375,0.1139,-0.1009,0.9884,0.0199,-0.1048,0.9943,0.4255,-0.3992,9.056,0.4441,-0.3135,8.3136,63.0671343069431
15389262000,3.5057,3.4652,-31.1875,15.125,-38.8125,31.7969,18.1562,-40.4375,0.1225,-0.1048,0.9869,0.0315,-0.1077,0.9937,0.4497,-0.3857,9.1767,0.4285,-0.3174,8.1823,63.07823270986593
15394264000,3.4799,3.3642,-31.0938,15.0312,-39.0625,31.875,18.3125,-40.1875,0.1052,-0.1048,0.9889,0.0112,-0.1077,0.9941,0.4341,-0.387,9.0157,0.4475,-0.3054,8.2629,63.064271407271484
15399262000,3.5718,3.4854,-31.0938,15.0,-39.0,31.875,18.25,-40.5,0.111,-0.1019,0.9886,0.0306,-0.1067,0.9938,0.4409,-0.3943,9.1734,0.4412,-0.3049,8.1866,63.07045483774475
15404262000,3.5314,3.4211,-30.875,15.1875,-38.875,32.0938,18.3125,-40.375,0.1012,-0.1145,0.9883,0.0034,-0.1174,0.9931,0.4453,-0.3767,9.0273,0.4568,-0.3179,8.5042,63.064137181444096
15409267000,3.4616,3.3715,-31.0938,14.7188,-39.0,31.8594,18.0,-40.1875,0.1151,-0.0834,0.9899,0.0102,-0.0834,0.9965,0.4021,-0.4243,9.075,0.4094,-0.3411,8.2317,63.04983600240369
15414262000,3.4763,3.4211,-31.0938,15.0312,-39.0625,31.875,18.1875,-40.4375,0.1119,-0.1067,0.988,0.0199,-0.1096,0.9938,0.4475,-0.387,9.1657,0.4397,-0.324,8.3805,63.06284665419093
15419262000,3.4616,3.4689,-30.9688,14.8125,-38.8438,31.9531,18.0,-40.4375,0.1073,-0.0883,0.9903,0.016,-0.0931,0.9955,0.407,-0.4075,8.9416,0.428,-0.3313,8.3306,63.02273824224079
15424262000,3.502,3.4211,-31.125,15.1562,-38.9062,31.8438,18.1562,-40.4375,0.1186,-0.1077,0.9871,0.0306,-0.1116,0.9933,0.4517,-0.3811,9.1471,0.4297,-0.3103,8.1177,63.05881899568053
15429387000,3.5406,3.4652,-31.0938,15.125,-38.875,31.875,18.1562,-40.5,0.1187,-0.1048,0.9874,0.0267,-0.1077,0.9938,0.4429,-0.3826,9.065,0.4436,-0.3147,8.3217,63.062655921551546
15434387000,3.5589,3.3954,-31.0938,15.0625,-38.9375,31.8594,18.375,-40.375,0.1138,-0.1077,0.9876,0.0238,-0.1116,0.9935,0.4375,-0.3904,9.0918,0.4631,-0.2903,8.2709,63.05667651200783
15439387000,3.5185,3.4432,-31.0938,15.0,-38.875,31.8594,18.0938,-40.5,0.1226,-0.099,0.9875,0.0306,-0.1009,0.9944,0.4255,-0.3994,9.0587,0.4299,-0.3259,8.293,63.05011985460456
15444393000,3.4597,3.4432,-31.0,15.0625,-38.8125,31.9531,18.25,-40.3438,0.1129,-0.1048,0.9881,0.0141,-0.1077,0.9941,0.428,-0.3853,8.9285,0.4497,-0.3167,8.4115,63.05234203064943
15449387000,3.5093,3.3587,-31.0938,15.125,-39.0,31.875,18.1875,-40.3438,0.1148,-0.1077,0.9875,0.0238,-0.1126,0.9934,0.4492,-0.3801,9.1089,0.4312,-0.3127,8.161,63.05754893848952
15454390000,3.4652,3.4322,-31.0938,14.8438,-38.875,31.8438,18.1562,-40.3438,0.1236,-0.097,0.9876,0.0228,-0.1009,0.9946,0.4116,-0.4155,9.083,0.4343,-0.3066,8.1291,63.04181835067894
15459387000,3.524,3.4946,-31.0938,15.1875,-38.875,31.8594,18.25,-40.625,0.1176,-0.1116,0.9868,0.0364,-0.1155,0.9926,0.4487,-0.3904,9.2174,0.4563,-0.3079,8.3882,63.051937293710495
15464387000,3.5277,3.377,-31.0,14.75,-38.8438,31.9375,17.9688,-40.375,0.1131,-0.0834,0.9901,0.017,-0.0883,0.996,0.4053,-0.4141,8.996,0.4236,-0.3398,8.376,63.038354619469565
15469393000,3.4395,3.3329,-30.9688,15.0312,-38.8125,31.9688,18.1875,-40.4375,0.1129,-0.1019,0.9884,0.017,-0.1048,0.9943,0.4375,-0.3977,9.1733,0.4475,-0.323,8.457,63.03764231354152
15474387000,3.4763,3.4322,-31.0,14.9688,-38.875,31.9062,18.1562,-40.4375,0.1188,-0.096,0.9883,0.0199,-0.099,0.9949,0.4397,-0.4014,9.2386,0.4443,-0.3203,8.3919,63.00627685754809
15479387000,3.4671,3.4671,-31.0,15.0625,-38.875,31.9531,18.3125,-40.4688,0.107,-0.1096,0.9882,0.0218,-0.1145,0.9932,0.4443,-0.3936,9.2035,0.4597,-0.2983,8.3215,63.05708126808598
15484388000,3.5553,3.4211,-31.0938,15.0312,-39.0,31.8594,18.1875,-40.4375,0.1158,-0.1067,0.9875,0.0344,-0.1096,0.9934,0.4448,-0.394,9.2144,0.4385,-0.3145,8.2617,63.04866395237888
15489387000,3.4983,3.4064,-31.0,15.125,-38.875,31.9531,18.2812,-40.3125,0.1168,-0.1038,0.9877,0.0141,-0.1067,0.9942,0.4419,-0.3909,9.1464,0.4412,-0.2991,8.122,63.048559097730376
15494388000,3.5093,3.4542,-31.1875,15.0312,-39.125,31.7969,18.1875,-40.5312,0.11,-0.1067,0.9882,0.0373,-0.1116,0.9931,0.4453,-0.394,9.2199,0.436,-0.3152,8.2425,63.07911121353883
15499388000,3.5222,3.5314,-31.0,15.0,-39.1875,31.9375,18.2812,-40.4375,0.082,-0.1019,0.9914,0.0024,-0.1077,0.9942,0.4368,-0.4031,9.2249,0.4536,-0.3088,8.3689,63.03536848222591
15504388000,3.4983,3.3348,-30.9688,14.9688,-39.4375,31.9531,18.1875,-40.3125,0.0451,-0.1048,0.9935,-0.0296,-0.1116,0.9933,0.4243,-0.3972,9.0207,0.4368,-0.3259,8.3693,63.0102464231017
15509388000,3.5057,3.3587,-31.0,15.125,-39.4375,31.9375,18.4688,-40.0625,0.0131,-0.1184,0.9929,-0.0692,-0.1261,0.9896,0.4199,-0.3755,8.7302,0.4604,-0.2839,8.1709,63.02936244077041
15514388000,3.5406,3.4395,-31.0938,15.0,-39.6875,31.8594,18.5,-40.0625,-0.0228,-0.1223,0.9922,-0.101,-0.129,0.9865,0.4092,-0.3787,8.6457,0.4812,-0.2859,8.4251,63.05153459861227
15519388000,3.4983,3.6196,-30.9375,15.0312,-39.5625,32.0,18.5625,-39.9062,-0.0615,-0.1261,0.9901,-0.1422,-0.1368,0.9803,0.3962,-0.3684,8.3879,0.5103,-0.2793,8.6793,63.03742630874138
15524388000,3.5534,3.66,-30.875,14.875,-39.625,32.125,18.2812,-40.1875,-0.079,-0.1077,0.991,-0.156,-0.1184,0.9806,0.3667,-0.3904,8.3038,0.4788,-0.3047,8.605,63.09452119391984
15529388000,3.5645,3.6471,-30.625,14.9375,-39.4375,32.3438,18.2812,-40.3125,-0.0897,-0.1077,0.9901,-0.1694,-0.1184,0.9784,0.3647,-0.3813,8.1818,0.4907,-0.3,8.6882,63.063584802403994
15534399000,3.5608,3.6177,-30.75,14.9688,-39.625,32.1875,18.4062,-39.9375,-0.0896,-0.1155,0.9893,-0.174,-0.1261,0.9766,0.387,-0.3872,8.4935,0.5005,-0.2905,8.693,63.03207343297537
15539391000,3.5387,3.5314,-30.9688,15.1875,-39.4375,31.9688,18.625,-39.8125,-0.0605,-0.1329,0.9893,-0.1631,-0.1416,0.9764,0.4143,-0.3689,8.5945,0.5132,-0.261,8.5108,63.03251958322783
15544388000,3.5057,3.7133,-30.6562,14.9688,-39.3438,32.25,18.2812,-40.25,-0.0742,-0.1077,0.9914,-0.1636,-0.1174,0.9795,0.3738,-0.3838,8.3091,0.4968,-0.292,8.668,62.9998665922397
15549391000,3.5093,3.6471,-30.6562,14.9688,-39.3125,32.25,18.4375,-39.9688,-0.08,-0.1145,0.9902,-0.1702,-0.1252,0.9774,0.3843,-0.3828,8.4148,0.5073,-0.281,8.6651,63.0051792142519
15554388000,3.6251,3.6269,-30.7812,14.875,-39.625,32.125,18.5,-40.0,-0.0848,-0.1155,0.9897,-0.1596,-0.1261,0.9791,0.3835,-0.3889,8.4745,0.5088,-0.2729,8.5929,63.01167549303859
15559402000,3.5332,3.5332,-30.7812,14.7188,-39.375,32.1562,18.25,-39.8438,-0.0762,-0.0941,0.9926,-0.1754,-0.1038,0.979,0.3721,-0.4111,8.5943,0.4795,-0.3118,8.6913,63.03812707909396
15564513000,3.5038,3.5645,-30.8125,15.0625,-39.3125,32.0938,18.5938,-39.7188,-0.076,-0.1223,0.9896,-0.1662,-0.1329,0.9771,0.4065,-0.3789,8.6186,0.5166,-0.2681,8.6272,63.006648371977384
15569515000,3.5571,3.649,-30.5938,14.9375,-39.25,32.3438,18.4062,-40.0312,-0.0897,-0.1096,0.9899,-0.174,-0.1223,0.9771,0.3855,-0.3877,8.4827,0.5117,-0.2898,8.8115,63.03795401890833
15574513000,3.4505,3.5314,-30.6562,15.1562,-39.2188,32.25,18.5938,-39.5,-0.076,-0.1223,0.9896,-0.1947,-0.1329,0.9718,0.4175,-0.3689,8.6299,0.5254,-0.2554,8.5868,63.00068385057419
15579517000,3.6067,3.5718,-30.75,14.8125,-39.4375,32.1562,18.375,-39.75,-0.083,-0.1019,0.9913,-0.1695,-0.1126,0.9791,0.3877,-0.3999,8.6428,0.5029,-0.2881,8.6936,63.00776984578965
15584513000,3.5148,3.5075,-30.5938,14.7188,-39.25,32.3125,18.2812,-39.625,-0.0869,-0.0912,0.992,-0.1954,-0.1019,0.9754,0.3696,-0.4023,8.4694,0.4873,-0.3003,8.6525,63.00820500895102
15589513000,3.5828,3.6196,-30.5938,14.8438,-39.4688,32.3438,18.4062,-39.3438,-0.1071,-0.1077,0.9884,-0.2065,-0.1184,0.9713,0.3896,-0.3999,8.6645,0.5015,-0.2976,8.7821,63.03846296127468
15594514000,3.5148,3.649,-30.6875,14.8125,-39.3438,32.25,18.375,-39.8125,-0.083,-0.1019,0.9913,-0.1752,-0.1145,0.9779,0.3899,-0.3921,8.5803,0.4993,-0.3044,8.8328,63.03998724769858
15599514000,3.5167,3.5773,-30.5,14.6875,-39.25,32.4375,18.1562,-39.6875,-0.0937,-0.0883,0.9917,-0.1984,-0.099,0.9751,0.3616,-0.4121,8.4888,0.4905,-0.3147,8.8471,63.03453174403693
15604525000,3.5093,3.5626,-30.6875,14.875,-39.375,32.2188,18.375,-40.0,-0.0877,-0.1096,0.9901,-0.1665,-0.1184,0.9789,0.4058,-0.4033,8.8818,0.5142,-0.29,8.8417,63.00669174532178
15609514000,3.4965,3.5938,-30.5938,14.8125,-39.5,32.3438,18.2812,-39.7188,-0.1013,-0.1038,0.9894,-0.198,-0.1155,0.9734,0.3909,-0.4014,8.6944,0.4932,-0.304,8.7587,63.03349305639027
15614518000,3.5387,3.6177,-30.9062,14.8438,-39.5,32.0312,18.3125,-39.9375,-0.0849,-0.1048,0.9909,-0.1464,-0.1155,0.9825,0.4143,-0.4019,8.9607,0.4917,-0.3005,8.7045,63.034431897971444
15619514000,3.5387,3.7298,-30.8125,14.9688,-39.25,32.125,18.375,-39.875,-0.0771,-0.1077,0.9912,-0.1617,-0.1184,0.9797,0.4116,-0.3821,8.7109,0.4995,-0.3013,8.8005,63.03270365207255
15624514000,3.5479,3.6324,-30.75,14.9688,-39.4375,32.2188,18.4688,-39.8125,-0.1001,-0.1223,0.9874,-0.1747,-0.1339,0.9755,0.4128,-0.3901,8.814,0.5234,-0.2896,8.9409,63.06711027500784
15629514000,3.5387,3.6379,-30.7812,15.0625,-39.3438,32.1562,18.4688,-39.6875,-0.0828,-0.1232,0.9889,-0.17,-0.1339,0.9763,0.4236,-0.385,8.8768,0.5239,-0.2812,8.855,63.03044762763469
15634515000,3.5093,3.5608,-30.4688,15.0312,-39.0938,32.4688,18.4062,-39.6875,-0.0964,-0.1126,0.989,-0.1959,-0.1252,0.9726,0.4023,-0.3813,8.5995,0.521,-0.2952,8.9753,63.03082260648357
15639514000,3.5369,3.6232,-30.75,14.875,-39.3125,32.2188,18.2812,-39.875,-0.0878,-0.1067,0.9904,-0.1646,-0.1174,0.9793,0.406,-0.397,8.8139,0.501,-0.2986,8.7874,63.06336795739663
15644514000,3.5148,3.6379,-30.75,14.9375,-39.2812,32.1875,18.2812,-39.875,-0.082,-0.1048,0.9911,-0.1569,-0.1174,0.9806,0.416,-0.3923,8.8738,0.5034,-0.3047,8.8822,63.0290554774542
15649514000,3.4652,3.5626,-30.625,15.0312,-39.2188,32.3125,18.4688,-39.8125,-0.0925,-0.1184,0.9887,-0.1739,-0.131,0.976,0.4175,-0.377,8.7193,0.5161,-0.2891,8.8529,63.034105686524974
15654514000,3.491,3.5736,-30.6875,14.8438,-39.25,32.2188,18.3125,-39.8125,-0.082,-0.1038,0.9912,-0.1675,-0.1145,0.9792,0.4004,-0.4067,8.8601,0.498,-0.3076,8.854,63.004371797757024
15659515000,3.5277,3.6288,-30.5625,15.0,-39.3438,32.375,18.5,-39.875,-0.1011,-0.1203,0.9876,-0.1824,-0.1329,0.9742,0.4165,-0.3823,8.768,0.52,-0.2861,8.8647,63.036981841534896
15664527000,3.5442,3.5938,-30.8125,15.0625,-39.25,32.125,18.4688,-39.6875,-0.0721,-0.1252,0.9895,-0.1633,-0.1358,0.9772,0.4297,-0.3816,8.9069,0.5142,-0.2791,8.7206,63.031128755480815
15669514000,3.4946,3.6692,-30.9062,14.9688,-39.4375,32.0312,18.5,-39.7188,-0.0867,-0.1145,0.9896,-0.1539,-0.1252,0.9801,0.4299,-0.3938,9.0453,0.5083,-0.293,8.8079,63.03701152410383
15674517000,3.4836,3.5645,-30.6562,15.0,-39.3125,32.2812,18.4375,-39.8125,-0.0953,-0.1203,0.9881,-0.1748,-0.131,0.9759,0.418,-0.3877,8.844,0.5229,-0.2981,9.0296,63.033187488893496
15679514000,3.4946,3.6453,-30.5938,14.9375,-39.25,32.3438,18.25,-39.625,-0.0907,-0.1067,0.9901,-0.1932,-0.1174,0.9741,0.4116,-0.3965,8.871,0.4807,-0.3215,8.8129,63.02582625408413
15684517000,3.4413,3.592,-30.6562,14.6875,-39.25,32.25,18.1562,-39.625,-0.0908,-0.0883,0.9919,-0.1802,-0.099,0.9786,0.385,-0.4231,8.8714,0.4844,-0.3147,8.7785,63.00287694327934
15689514000,3.5277,3.6526,-30.7812,14.875,-39.25,32.1562,18.25,-39.6562,-0.083,-0.1019,0.9913,-0.1847,-0.1126,0.9763,0.4058,-0.3984,8.8275,0.4893,-0.3096,8.7768,63.02913566121623
15694514000,3.4505,3.5461,-30.7812,14.875,-39.1875,32.1562,18.2812,-39.8125,-0.0771,-0.1038,0.9916,-0.1618,-0.1145,0.9802,0.3979,-0.3977,8.7324,0.4949,-0.3013,8.7483,63.032603803111286
15699523000,3.4652,3.6324,-30.8125,15.0,-39.25,32.125,18.4375,-39.625,-0.079,-0.1155,0.9902,-0.1692,-0.1261,0.9775,0.428,-0.3882,8.9611,0.5137,-0.2898,8.8335,63.03241973381634
15704523000,3.4946,3.57,-30.6875,14.875,-39.3125,32.2188,18.375,-39.9375,-0.0925,-0.1116,0.9894,-0.1616,-0.1223,0.9792,0.4128,-0.4023,8.9498,0.5142,-0.3062,9.0193,63.00669174532178
15709639000,3.4671,3.5828,-30.7812,14.9375,-39.0625,32.1562,18.2812,-39.8125,-0.0771,-0.1038,0.9916,-0.1675,-0.1145,0.9792,0.4121,-0.3958,8.8683,0.4917,-0.3152,8.8662,63.03062072080521
15714640000,3.4946,3.6104,-30.625,14.9375,-39.1875,32.2812,18.2812,-39.875,-0.0878,-0.1067,0.9904,-0.1722,-0.1184,0.9779,0.4116,-0.3965,8.871,0.4956,-0.3076,8.8266,62.99875383196083
15719640000,3.5406,3.6269,-30.75,14.8125,-39.375,32.2188,18.1562,-40.25,-0.0926,-0.1019,0.9905,-0.1464,-0.1145,0.9826,0.4023,-0.4021,8.8302,0.4875,-0.3269,8.949,63.063584802403994
15724640000,3.5314,3.6085,-30.7812,14.8125,-39.375,32.1562,18.1875,-40.1875,-0.083,-0.1019,0.9913,-0.1484,-0.1145,0.9823,0.4055,-0.408,8.9307,0.4868,-0.3186,8.8491,63.03306354612633
15729640000,3.4358,3.5736,-30.5938,15.0,-39.0938,32.375,18.375,-40.0625,-0.0877,-0.1145,0.9895,-0.1701,-0.1261,0.9773,0.4136,-0.3848,8.7625,0.5254,-0.3069,9.1541,63.0666217434389
15734640000,3.445,3.5351,-30.5938,15.0312,-39.2812,32.3438,18.4375,-39.25,-0.0954,-0.1174,0.9885,-0.1987,-0.1281,0.9717,0.4255,-0.3887,8.9393,0.5151,-0.2876,8.8258,63.02971796613087
15739640000,3.4707,3.4726,-30.8125,14.875,-39.2812,32.125,18.2812,-39.75,-0.08,-0.1048,0.9913,-0.1636,-0.1174,0.9795,0.4155,-0.4041,8.9987,0.4905,-0.3086,8.7797,63.03134837626433
15744640000,3.4891,3.6637,-30.6875,14.9375,-39.1562,32.2188,18.2812,-39.75,-0.079,-0.1096,0.9908,-0.1645,-0.1203,0.979,0.4092,-0.3984,8.8655,0.5015,-0.3171,8.9976,62.997900820741634
15749640000,3.445,3.4322,-30.8125,15.1562,-39.0625,32.125,18.5625,-39.8125,-0.0682,-0.129,0.9893,-0.1632,-0.1387,0.9768,0.4368,-0.3721,8.8803,0.5278,-0.2776,8.8588,63.03407242071545
15754640000,3.4285,3.4413,-30.6875,14.75,-39.4375,32.25,18.1875,-39.5,-0.0985,-0.1009,0.99,-0.1886,-0.1116,0.9757,0.3994,-0.4185,8.9798,0.4761,-0.3137,8.6745,63.031335213130305
15759640000,3.4965,3.6159,-30.625,15.125,-39.125,32.3125,18.4688,-39.9688,-0.0847,-0.1223,0.9889,-0.1738,-0.1339,0.9756,0.4329,-0.3762,8.8827,0.5215,-0.2871,8.892,63.03191178387341
15764640000,3.4928,3.5938,-30.75,15.0625,-39.0938,32.2188,18.4688,-39.9062,-0.0741,-0.1203,0.99,-0.1567,-0.131,0.9789,0.4221,-0.3899,8.9147,0.5239,-0.2922,8.976,63.066097444585864
15769640000,3.5277,3.5112,-31.0,14.875,-39.375,31.9062,18.4062,-39.8125,-0.0683,-0.1155,0.991,-0.1386,-0.1261,0.9823,0.4272,-0.4055,9.1457,0.501,-0.2937,8.7335,63.00675184557604
15774640000,3.4707,3.4689,-30.875,15.0312,-39.3125,32.0625,18.5938,-39.8125,-0.0741,-0.1232,0.9896,-0.1594,-0.1358,0.9778,0.4343,-0.3809,8.9506,0.5303,-0.2686,8.7869,63.0402333832133
15779640000,3.5185,3.7041,-30.7812,15.0625,-39.1875,32.1562,18.4688,-39.8125,-0.076,-0.1203,0.9898,-0.1557,-0.131,0.9791,0.4255,-0.3855,8.904,0.522,-0.2927,8.9594,63.03260920706043
15784640000,3.4983,3.5001,-30.9062,14.9375,-39.375,32.0625,18.25,-40.0,-0.0665,-0.1067,0.9921,-0.1406,-0.1174,0.9831,0.4221,-0.3928,8.9473,0.4919,-0.3115,8.8285,63.058865046399305
15789649000,3.5148,3.4616,-31.0938,14.875,-39.375,31.8594,18.25,-39.75,-0.051,-0.1038,0.9933,-0.1273,-0.1126,0.9855,0.4241,-0.4038,9.0913,0.4763,-0.3042,8.5722,63.044719368397544
15794640000,3.5057,3.3385,-30.9062,15.0,-39.2812,32.0312,18.4062,-39.4375,-0.0529,-0.1096,0.9926,-0.1569,-0.1184,0.9805,0.4255,-0.3936,8.9936,0.4863,-0.2905,8.5338,63.029698927489726
15799641000,3.4983,3.3917,-30.9375,14.9375,-39.4062,32.0,18.3125,-39.625,-0.0509,-0.1096,0.9927,-0.1483,-0.1174,0.9819,0.426,-0.4038,9.1131,0.4761,-0.3069,8.5991,63.02830637650039
15804640000,3.5093,3.4101,-31.125,15.1875,-39.375,31.7969,18.7188,-39.5,-0.0392,-0.1339,0.9902,-0.1401,-0.1435,0.9797,0.4561,-0.3804,9.1881,0.5249,-0.251,8.533,63.0210377913598
15809646000,3.4046,3.491,-30.875,15.0,-39.1875,32.0625,18.3125,-40.0625,-0.0422,-0.1174,0.9922,-0.1251,-0.1252,0.9842,0.4312,-0.3911,9.0291,0.4988,-0.3132,8.9242,63.03068449176163
15814640000,3.4652,3.344,-31.0625,15.0312,-39.1875,31.875,18.4688,-39.625,-0.0335,-0.1174,0.9925,-0.1347,-0.1261,0.9828,0.4399,-0.3877,9.0893,0.49,-0.281,8.4701,63.032828004619944
15819648000,3.4707,3.4138,-31.0,14.6875,-39.3125,31.9375,18.0625,-39.75,-0.0394,-0.0873,0.9954,-0.1304,-0.0941,0.987,0.4016,-0.4285,9.1159,0.4573,-0.3269,8.6095,63.02944500390274
15824641000,3.4175,3.2907,-31.1875,15.125,-39.3125,31.7812,18.5,-39.5625,-0.0315,-0.1223,0.992,-0.1318,-0.131,0.9826,0.4504,-0.3789,9.109,0.4824,-0.2805,8.3797,63.05957742238684
15829641000,3.4175,3.3072,-31.125,14.8438,-39.1875,31.7969,18.3125,-39.625,-0.0287,-0.1019,0.9944,-0.1196,-0.1116,0.9865,0.4187,-0.4155,9.1619,0.4695,-0.3118,8.579,63.018955763722396
15834766000,3.4616,3.4028,-30.9688,15.0312,-39.1875,31.9531,18.4062,-40.0,-0.0441,-0.1145,0.9924,-0.1175,-0.1232,0.9854,0.4336,-0.3872,9.0129,0.4932,-0.2866,8.5676,63.01758707583146
15839766000,3.434,3.3532,-30.9688,15.0,-39.375,31.9375,18.4375,-39.75,-0.0441,-0.1155,0.9923,-0.1281,-0.1232,0.9841,0.4236,-0.3933,8.9691,0.4944,-0.2854,8.5679,63.00126674075689
15844766000,3.4138,3.3109,-30.9375,15.0,-39.25,32.0,18.3125,-39.5,-0.0422,-0.1096,0.9931,-0.1435,-0.1184,0.9825,0.4275,-0.3918,8.9964,0.4883,-0.302,8.6823,63.025106604431855
15849766000,3.4946,3.423,-30.7812,14.8125,-39.375,32.1562,18.1562,-39.875,-0.0607,-0.1019,0.9929,-0.1465,-0.1116,0.9829,0.4097,-0.4109,9.0096,0.4705,-0.3137,8.6115,63.02814171820393
15854766000,3.5038,3.2962,-30.9062,15.0,-39.1875,32.0,18.4375,-39.4375,-0.0509,-0.1096,0.9927,-0.1483,-0.1184,0.9818,0.4216,-0.3945,8.9609,0.4963,-0.2896,8.6356,63.000546860245585
15859766000,3.3679,3.3385,-30.9062,15.0,-39.1562,32.0625,18.375,-39.6562,-0.0422,-0.1116,0.9929,-0.1406,-0.1203,0.9827,0.4275,-0.397,9.0534,0.5015,-0.2959,8.7632,63.061064094177794
15864766000,3.445,3.2907,-30.9688,14.8125,-39.375,31.9531,18.25,-39.6875,-0.0471,-0.099,0.994,-0.1321,-0.1077,0.9854,0.4131,-0.4099,9.0368,0.4761,-0.3074,8.6045,63.0165022998738
15869766000,3.4322,3.2448,-30.9688,14.8125,-39.375,31.9688,18.1875,-39.5625,-0.0452,-0.099,0.9941,-0.1389,-0.1077,0.9844,0.4185,-0.4087,9.083,0.4668,-0.3162,8.5974,63.02830534775626
15874766000,3.4211,3.3862,-31.125,15.0,-39.25,31.8125,18.4062,-39.8125,-0.0344,-0.1126,0.993,-0.1223,-0.1223,0.9849,0.4348,-0.3914,9.0727,0.4912,-0.2917,8.6022,63.032114917238815
15879767000,3.5075,3.3734,-30.9688,15.0,-39.3125,31.9688,18.375,-39.8125,-0.048,-0.1126,0.9925,-0.13,-0.1203,0.9842,0.4387,-0.3896,9.0973,0.4949,-0.2837,8.5546,63.03000966809382
15884766000,3.4744,3.197,-30.9688,14.6875,-39.375,31.9688,18.1875,-39.5625,-0.0501,-0.0883,0.9948,-0.141,-0.096,0.9853,0.4082,-0.4255,9.1566,0.4629,-0.3196,8.5914,63.0351223526218
15889766000,3.456,3.4175,-30.9375,15.0312,-39.375,31.9688,18.4688,-39.6875,-0.0509,-0.1155,0.992,-0.1357,-0.1252,0.9828,0.446,-0.3867,9.1466,0.5034,-0.2837,8.6507,63.0009311812135
15894766000,3.5057,3.3623,-30.9375,14.7188,-39.4375,32.0,18.1875,-40.0,-0.0549,-0.097,0.9938,-0.1254,-0.1067,0.9863,0.4065,-0.4216,9.094,0.4824,-0.3188,8.8024,63.03552325625607
15899773000,3.4652,3.2741,-31.0625,15.1562,-39.375,31.875,18.4688,-39.8125,-0.0451,-0.1232,0.9914,-0.1241,-0.1329,0.9833,0.4563,-0.3745,9.1258,0.4983,-0.2773,8.5231,63.02613450989994
15904766000,3.5112,3.4248,-31.0625,14.9375,-39.3125,31.8906,18.375,-39.8125,-0.0364,-0.1116,0.9931,-0.1281,-0.1203,0.9844,0.4324,-0.3999,9.1405,0.4988,-0.3008,8.7869,63.0488636365478
15909766000,3.4983,3.2888,-31.0,14.9688,-39.25,31.9375,18.375,-39.75,-0.0403,-0.1096,0.9932,-0.1272,-0.1174,0.9849,0.4268,-0.3962,9.0371,0.4951,-0.283,8.5492,63.03158814983167
15914766000,3.3881,3.2778,-30.9062,14.9688,-39.3125,32.0625,18.3125,-39.625,-0.0529,-0.1096,0.9926,-0.1406,-0.1174,0.9831,0.4241,-0.3982,9.0288,0.4788,-0.2983,8.535,63.058188727793315
15919766000,3.4046,3.4009,-31.125,15.0,-39.25,31.8125,18.4375,-39.5,-0.0267,-0.1126,0.9933,-0.1329,-0.1203,0.9838,0.4272,-0.3921,8.9963,0.49,-0.2937,8.61,63.03180000999495
15924769000,3.3954,3.2668,-31.0,14.8438,-39.1562,31.9531,18.2812,-39.75,-0.0316,-0.099,0.9946,-0.1273,-0.1067,0.9861,0.4121,-0.4072,8.996,0.4905,-0.3105,8.8013,63.04967182158841
15929767000,3.3844,3.2815,-30.9375,15.0,-39.0625,32.0,18.2812,-39.7188,-0.0316,-0.1038,0.9941,-0.1359,-0.1116,0.9844,0.4241,-0.3909,8.9474,0.4856,-0.3108,8.7491,63.02639057870917
15934766000,3.4542,3.2007,-31.0625,14.9688,-39.1875,31.875,18.375,-39.6875,-0.0296,-0.1077,0.9937,-0.1253,-0.1155,0.9854,0.4236,-0.3967,9.0071,0.4924,-0.2896,8.5917,63.03158814983167
15939766000,3.423,3.3385,-31.0938,14.9375,-39.25,31.8594,18.375,-39.8125,-0.0335,-0.1145,0.9929,-0.1194,-0.1223,0.9853,0.4272,-0.4041,9.1294,0.4988,-0.2878,8.6442,63.04949010689936
15944767000,3.4303,3.2429,-31.0625,14.8438,-39.2812,31.8906,18.375,-39.625,-0.0364,-0.099,0.9944,-0.1273,-0.1077,0.986,0.4197,-0.4033,9.0369,0.4856,-0.2949,8.574,63.052996530617
15949772000,3.5038,3.2962,-31.0938,14.875,-39.5625,31.8594,18.3125,-39.8125,-0.0441,-0.1116,0.9928,-0.1243,-0.1203,0.9849,0.4292,-0.4094,9.211,0.4849,-0.2993,8.6143,63.04747652753439
15954768000,3.4652,3.2778,-31.0,14.8438,-39.3125,31.9375,18.2812,-39.6875,-0.0393,-0.1038,0.9938,-0.133,-0.1116,0.9848,0.4128,-0.4087,9.0205,0.47,-0.3037,8.4956,63.03241428035261
15959767000,3.4505,3.3826,-31.0625,15.1562,-39.25,31.8906,18.4062,-39.5625,-0.0364,-0.1203,0.9921,-0.1357,-0.1281,0.9824,0.4504,-0.3799,9.1198,0.4895,-0.2874,8.5345,63.03771058549002
15964770000,3.4266,3.2595,-31.0,14.8438,-39.25,31.9375,18.2812,-39.625,-0.0364,-0.097,0.9946,-0.1283,-0.1048,0.9862,0.4109,-0.4033,8.9389,0.4829,-0.3062,8.6677,63.03241428035261
15969772000,3.4266,3.3568,-31.125,14.9688,-39.2188,31.7969,18.25,-39.6875,-0.0209,-0.1038,0.9944,-0.1176,-0.1116,0.9868,0.4299,-0.3962,9.0725,0.4785,-0.3118,8.6804,63.00913785110855
15974892000,3.4726,3.4028,-30.9375,14.9688,-39.25,32.0,18.375,-39.9688,-0.0422,-0.1077,0.9933,-0.1281,-0.1174,0.9848,0.4229,-0.4009,9.0451,0.4963,-0.2888,8.6275,63.03370350955114
15979892000,3.5369,3.4064,-31.0938,14.8438,-39.4375,31.8594,18.2812,-39.75,-0.0393,-0.1067,0.9935,-0.1243,-0.1145,0.9856,0.4224,-0.4089,9.1293,0.4775,-0.3015,8.5563,63.047749882529516
15984892000,3.5093,3.4322,-31.2188,14.9375,-39.4688,31.7344,18.25,-39.6875,-0.0267,-0.1096,0.9936,-0.1147,-0.1174,0.9864,0.4417,-0.4058,9.3093,0.4744,-0.2993,8.4964,63.040668430625004
15989892000,3.3973,3.3458,-30.9375,14.9375,-39.4375,32.0,18.4375,-39.6562,-0.048,-0.1184,0.9918,-0.1386,-0.1261,0.9823,0.4329,-0.3979,9.1242,0.4919,-0.2878,8.5673,63.035123034225926
15994892000,3.4983,3.2925,-31.125,15.0625,-39.2812,31.8125,18.4688,-39.75,-0.0344,-0.1232,0.9918,-0.1193,-0.131,0.9842,0.4473,-0.3877,9.1711,0.4951,-0.2773,8.4874,63.03135378032111
15999892000,3.4652,3.1713,-31.0,14.6562,-39.5,31.9375,18.1875,-39.9062,-0.051,-0.0912,0.9945,-0.1216,-0.1009,0.9874,0.4075,-0.4241,9.1321,0.4736,-0.3103,8.6094,63.03779806100464
16004892000,3.4836,3.3219,-31.1875,14.9688,-39.3125,31.75,18.3125,-39.6562,-0.0238,-0.1096,0.9937,-0.1224,-0.1184,0.9854,0.4241,-0.3984,9.0315,0.4673,-0.2991,8.4143,63.02719544474432
16009892000,3.456,3.3182,-31.125,14.875,-39.375,31.8125,18.25,-39.9688,-0.0258,-0.099,0.9948,-0.1215,-0.1077,0.9867,0.4211,-0.4062,9.0858,0.4751,-0.3174,8.704,63.03072369638476
16014892000,3.5387,3.2172,-31.125,14.9688,-39.3125,31.7969,18.375,-39.4688,-0.0257,-0.1067,0.994,-0.1243,-0.1145,0.9856,0.4387,-0.4033,9.2494,0.4768,-0.2991,8.5211,63.01422163083505
16019906000,3.4322,3.2374,-31.125,14.8438,-39.5,31.8125,18.4062,-39.5,-0.0374,-0.1096,0.9933,-0.133,-0.1174,0.9841,0.4236,-0.4111,9.1674,0.4907,-0.2832,8.5025,63.0382391886861
16024892000,3.5148,3.3789,-31.2188,14.75,-39.4375,31.7188,18.3125,-39.7188,-0.0296,-0.1009,0.9945,-0.109,-0.1096,0.988,0.4185,-0.4204,9.2136,0.4795,-0.2981,8.5405,63.03897230840617
16029895000,3.5057,3.2117,-31.1875,14.8438,-39.5,31.7812,18.3125,-39.5,-0.0345,-0.1067,0.9937,-0.1253,-0.1145,0.9855,0.4268,-0.4128,9.2219,0.4644,-0.3042,8.4381,63.06416620696733
16034892000,3.4009,3.208,-31.0,15.0,-39.0625,31.9375,18.3125,-39.9062,-0.018,-0.1067,0.9941,-0.1195,-0.1145,0.9862,0.4216,-0.3987,9.007,0.4829,-0.2964,8.56,63.03025775125785
16039895000,3.5736,3.2558,-31.1875,14.9375,-39.3438,31.7812,18.375,-39.75,-0.0316,-0.1038,0.9941,-0.1244,-0.1116,0.9859,0.4268,-0.4014,9.0941,0.4875,-0.2898,8.5395,63.06376601805509
16044904000,3.4285,3.2668,-30.9375,14.9375,-39.2188,32.0,18.4062,-39.75,-0.0374,-0.1048,0.9938,-0.132,-0.1145,0.9846,0.4241,-0.3979,9.0261,0.5005,-0.2878,8.6635,63.03525171981151
16049901000,3.4634,3.2925,-31.0938,14.9688,-39.1875,31.875,18.3125,-40.125,-0.0257,-0.1067,0.994,-0.106,-0.1145,0.9877,0.4265,-0.406,9.143,0.498,-0.2961,8.7275,63.06448294705983
16054893000,3.4634,3.2154,-30.9375,14.875,-39.25,32.0,18.3125,-39.6875,-0.0374,-0.1048,0.9938,-0.135,-0.1126,0.9844,0.4092,-0.4062,8.9525,0.4756,-0.3025,8.5451,63.032822551032886
16059893000,3.4358,3.2576,-31.2188,15.125,-39.3125,31.7188,18.5,-39.75,-0.015,-0.1223,0.9924,-0.1107,-0.129,0.9854,0.4507,-0.3884,9.2175,0.4968,-0.2759,8.4905,63.0295448580267
16064893000,3.4505,3.2503,-31.125,14.8125,-39.4375,31.7969,18.3125,-39.5625,-0.0335,-0.1009,0.9943,-0.1254,-0.1096,0.986,0.4229,-0.416,9.2137,0.4629,-0.3015,8.392,63.01929168603849
16069893000,3.4413,3.1933,-31.1875,14.9375,-39.25,31.75,18.3125,-39.5625,-0.0189,-0.1067,0.9941,-0.1215,-0.1126,0.9862,0.428,-0.4019,9.1131,0.4688,-0.3044,8.49,63.028701299487366
16074901000,3.4634,3.1896,-31.125,14.9375,-39.2812,31.7969,18.3125,-39.875,-0.0228,-0.1038,0.9943,-0.1109,-0.1116,0.9875,0.4312,-0.3997,9.1241,0.4741,-0.2983,8.4829,63.01514677480328
16079893000,3.355,3.2521,-30.875,14.9375,-39.25,32.0625,18.2812,-39.8125,-0.0393,-0.1067,0.9935,-0.1301,-0.1145,0.9849,0.416,-0.4031,8.9933,0.4832,-0.3005,8.6085,63.0287683696104
16084893000,3.4432,3.2558,-31.375,15.125,-39.2188,31.5781,18.4375,-39.8125,-0.0044,-0.1184,0.993,-0.0924,-0.1261,0.9877,0.4568,-0.3813,9.2071,0.4863,-0.2773,8.3886,63.04298482424512
16089893000,3.3973,3.3182,-31.0,15.0625,-39.125,31.9062,18.4688,-39.8125,-0.0237,-0.1223,0.9922,-0.1328,-0.129,0.9827,0.428,-0.3867,8.9448,0.5015,-0.2749,8.5319,63.002107380467834
16094893000,3.3826,3.186,-31.125,14.875,-39.4375,31.8125,18.25,-39.7188,-0.0228,-0.1096,0.9937,-0.1195,-0.1174,0.9859,0.4229,-0.4087,9.1321,0.4731,-0.3069,8.5662,63.02855433008122
16099893000,3.4505,3.2852,-31.1875,15.0,-39.4375,31.7812,18.5,-39.5625,-0.0257,-0.1174,0.9928,-0.1223,-0.1252,0.9846,0.4417,-0.3921,9.1572,0.5044,-0.2881,8.7101,63.06601941370646
16104893000,3.377,3.208,-30.9688,15.0,-39.5,31.9531,18.4688,-39.6875,-0.0441,-0.1184,0.992,-0.1347,-0.1281,0.9826,0.4397,-0.4038,9.2657,0.501,-0.2881,8.6716,63.01772154957683
16110018000,3.4064,3.2448,-31.0,15.1562,-39.0,31.9375,18.5625,-39.5938,-0.0189,-0.1174,0.9929,-0.1319,-0.1252,0.9833,0.4385,-0.3833,9.0241,0.5142,-0.2747,8.6723,63.03240741380579
16115018000,3.4028,3.2172,-31.1875,15.0312,-39.2188,31.7969,18.4062,-39.875,-0.0228,-0.1145,0.9932,-0.1117,-0.1223,0.9862,0.4385,-0.3872,9.0675,0.4873,-0.2883,8.5206,63.07817266535231
16120018000,3.4505,3.3329,-31.0938,15.0,-39.3125,31.875,18.4062,-39.7812,-0.0267,-0.1184,0.9926,-0.1222,-0.1261,0.9845,0.4368,-0.3894,9.0728,0.4968,-0.2832,8.5712,63.062601053001295
16125018000,3.3715,3.1382,-31.0625,14.8125,-39.5625,31.8906,18.375,-39.875,-0.0403,-0.1009,0.9941,-0.1244,-0.1096,0.9862,0.4299,-0.4153,9.2845,0.498,-0.2881,8.6387,63.054594298195276
16130018000,3.355,3.1878,-31.1875,15.0,-39.1875,31.7812,18.4375,-39.7812,-0.0131,-0.1126,0.9936,-0.1118,-0.1184,0.9867,0.4397,-0.4072,9.3038,0.4888,-0.2839,8.4886,63.06525244245043
16135018000,3.3587,3.1014,-30.875,14.9375,-39.1875,32.0938,18.375,-39.8125,-0.0403,-0.1077,0.9934,-0.1301,-0.1155,0.9848,0.4148,-0.4055,9.0069,0.4961,-0.292,8.6597,63.065654715463
16140018000,3.4083,3.1382,-31.0625,15.125,-39.4062,31.8906,18.625,-39.25,-0.0441,-0.1261,0.991,-0.149,-0.1339,0.9797,0.4536,-0.3889,9.2557,0.501,-0.2639,8.4056,63.050513067301836
16145021000,3.3035,3.3789,-30.9688,15.0,-39.3125,31.9531,18.4062,-39.7812,-0.0422,-0.1067,0.9934,-0.1426,-0.1155,0.983,0.4243,-0.3972,9.0207,0.4905,-0.3003,8.6881,63.01577086523658
16150018000,3.3917,3.2411,-30.875,15.1562,-39.375,32.0625,18.625,-39.4375,-0.0742,-0.1048,0.9917,-0.1809,-0.1155,0.9767,0.4299,-0.3772,8.8609,0.5117,-0.2825,8.7308,63.033049949530444
16155022000,3.3109,3.1933,-30.7812,14.9688,-39.2812,32.1562,18.4375,-39.5625,-0.1015,-0.0853,0.9912,-0.2117,-0.097,0.9725,0.3645,-0.3982,8.3663,0.49,-0.3025,8.7069,63.03354129461552
16160019000,3.5645,3.1529,-30.9688,15.0625,-39.7188,31.9531,18.625,-39.6562,-0.138,-0.1009,0.9853,-0.2142,-0.1145,0.9701,0.3718,-0.3909,8.3661,0.5205,-0.2849,8.8568,63.02270086738587
16165019000,3.4542,3.3623,-30.9062,14.8438,-39.6875,32.0312,18.375,-39.75,-0.1441,-0.0746,0.9867,-0.2375,-0.0883,0.9674,0.3525,-0.4045,8.3044,0.5127,-0.3181,9.1349,63.036414860380496
16170019000,3.4505,3.2245,-31.0625,14.625,-39.6875,31.8906,18.125,-39.4375,-0.1462,-0.0532,0.9878,-0.2587,-0.0659,0.9637,0.3345,-0.4175,8.2486,0.4541,-0.3367,8.6819,63.05081521764806
16175019000,3.5277,3.3403,-31.0625,14.6562,-39.7188,31.875,18.1875,-39.8438,-0.1443,-0.0552,0.988,-0.2435,-0.0688,0.9675,0.3489,-0.4185,8.4189,0.4768,-0.3333,8.8986,63.03661325721743
16180019000,3.5222,3.2962,-31.1875,14.7188,-39.9375,31.7812,18.2812,-39.625,-0.15,-0.0668,0.9864,-0.2461,-0.0805,0.9659,0.3523,-0.4128,8.3941,0.4788,-0.3298,8.8827,63.07016354584789
16185019000,3.4211,3.118,-30.9688,15.125,-39.5625,31.9375,18.625,-39.25,-0.1468,-0.0883,0.9852,-0.2719,-0.1009,0.957,0.3853,-0.3777,8.3688,0.5239,-0.2859,8.9061,63.004366800563915
16190019000,3.3991,3.1455,-31.2188,14.9375,-39.625,31.7188,18.5,-39.7812,-0.1326,-0.0727,0.9885,-0.23,-0.0853,0.9694,0.3875,-0.4001,8.6428,0.5122,-0.3057,8.9919,63.038538200453225
16195019000,3.4009,3.151,-31.0938,14.6875,-39.6875,31.8594,18.1562,-39.1875,-0.1539,-0.0552,0.9865,-0.2699,-0.0688,0.9604,0.3647,-0.4265,8.6846,0.4575,-0.3477,8.8417,63.050672240111766
16200019000,3.4285,3.2245,-31.1875,14.9688,-39.75,31.7812,18.4062,-39.9062,-0.1441,-0.0746,0.9867,-0.2375,-0.0873,0.9675,0.3938,-0.3928,8.6319,0.4951,-0.3147,8.8992,63.062645812636184
16205019000,3.4469,3.1235,-31.0,14.8125,-39.625,31.9062,18.3125,-39.375,-0.1548,-0.0639,0.9859,-0.2688,-0.0766,0.9602,0.3738,-0.4155,8.6623,0.4663,-0.3269,8.7106,63.00398795663652
16210024000,3.4138,3.0849,-31.0,14.75,-39.5625,31.9375,18.25,-39.1562,-0.15,-0.062,0.9867,-0.2745,-0.0727,0.9588,0.3667,-0.4131,8.5565,0.4719,-0.3235,8.7358,63.03605306441703
16215019000,3.4413,3.2117,-31.125,14.6875,-39.6875,31.8125,18.2812,-39.3438,-0.1472,-0.0591,0.9873,-0.251,-0.0717,0.9653,0.3633,-0.4204,8.6002,0.4663,-0.3159,8.5893,63.04095268656717
16220027000,3.4707,3.208,-31.0938,14.9375,-39.5938,31.8594,18.4062,-39.4375,-0.1518,-0.0766,0.9854,-0.2479,-0.0883,0.9648,0.3889,-0.4009,8.6672,0.4995,-0.2993,8.7789,63.048883412951895
16225019000,3.4579,3.1713,-31.0,14.5312,-39.5938,31.9062,18.0,-39.5,-0.1569,-0.0444,0.9866,-0.255,-0.0581,0.9652,0.3403,-0.4385,8.5477,0.4363,-0.3538,8.6718,63.00183624562065
16230019000,3.3826,3.1382,-31.125,14.9688,-39.5938,31.8125,18.4375,-39.1562,-0.146,-0.0746,0.9865,-0.2592,-0.0873,0.9619,0.3992,-0.3953,8.7188,0.4861,-0.3096,8.7411,63.034532438180264
16235019000,3.4064,3.1676,-31.2188,14.8438,-39.75,31.7344,18.375,-39.3125,-0.1461,-0.0717,0.9867,-0.2413,-0.0853,0.9667,0.4004,-0.4131,8.9308,0.478,-0.3086,8.6399,63.053676894610994
16240019000,3.5461,3.151,-31.0625,14.6875,-39.875,31.8438,18.25,-39.0,-0.1683,-0.0668,0.9835,-0.2584,-0.0805,0.9627,0.3743,-0.4229,8.7493,0.468,-0.3318,8.7838,63.01317013878924
16245028000,3.3954,3.1345,-31.0625,14.8125,-39.5,31.9062,18.2812,-39.5312,-0.1519,-0.0639,0.9863,-0.2443,-0.0776,0.9666,0.3794,-0.416,8.73,0.4807,-0.3279,8.883,63.06417392482042
16250144000,3.3715,3.0684,-31.1875,15.0312,-39.375,31.7812,18.4688,-39.375,-0.1364,-0.0766,0.9877,-0.2488,-0.0883,0.9645,0.395,-0.3911,8.6265,0.4929,-0.3147,8.8745,63.06246326817562
16255144000,3.4285,3.05,-31.2188,14.875,-39.625,31.7031,18.4375,-39.25,-0.1412,-0.0727,0.9873,-0.2441,-0.0873,0.9658,0.3801,-0.4116,8.6892,0.4785,-0.3088,8.648,63.023785437404506
16260145000,3.5075,3.298,-31.0,14.6875,-39.6562,31.9375,18.1875,-39.25,-0.1597,-0.0591,0.9854,-0.2548,-0.0717,0.9643,0.3616,-0.4221,8.6004,0.4624,-0.3423,8.837,63.036052419944575
16265145000,3.4432,3.1566,-30.9375,14.9375,-39.4375,32.0,18.4375,-39.3125,-0.1547,-0.0766,0.985,-0.261,-0.0883,0.9613,0.3777,-0.4016,8.5506,0.4912,-0.3157,8.8661,63.03486758334628
16270158000,3.3954,3.2007,-31.0625,14.75,-39.4688,31.8906,18.25,-39.0625,-0.1501,-0.0581,0.987,-0.2642,-0.0717,0.9618,0.3682,-0.4167,8.6136,0.468,-0.3291,8.7541,63.051628680788255
16275159000,3.4726,3.1933,-31.125,14.9375,-39.625,31.7812,18.4688,-39.0,-0.1566,-0.0746,0.9848,-0.261,-0.0873,0.9614,0.4009,-0.4089,8.89,0.4907,-0.3088,8.7851,63.00833836191842
16280145000,3.377,3.129,-31.1875,14.6875,-39.625,31.7969,18.1875,-39.5625,-0.15,-0.0591,0.9869,-0.2359,-0.0717,0.9691,0.3721,-0.4316,8.823,0.4568,-0.3423,8.7741,63.08160230693257
16285145000,3.4946,3.2227,-30.875,14.7188,-39.5312,32.0625,18.25,-39.2812,-0.1683,-0.061,0.9838,-0.2642,-0.0727,0.9617,0.3606,-0.4299,8.6767,0.4763,-0.3291,8.8472,63.0369794619793
16290145000,3.4413,3.1235,-31.0938,14.875,-39.4375,31.8438,18.25,-39.1562,-0.1413,-0.0688,0.9876,-0.2518,-0.0805,0.9644,0.3765,-0.4141,8.6757,0.4729,-0.3193,8.7009,63.02865418561625
16295145000,3.4193,3.118,-31.0,14.8438,-39.375,31.9531,18.1875,-39.5,-0.152,-0.0591,0.9866,-0.252,-0.0717,0.9651,0.3704,-0.4192,8.6652,0.4543,-0.3389,8.7089,63.04196026695236
16300156000,3.3991,3.1382,-31.0938,14.875,-39.625,31.8438,18.4375,-39.5625,-0.1547,-0.0727,0.9853,-0.2413,-0.0873,0.9665,0.3838,-0.4099,8.7108,0.501,-0.3125,8.9409,63.03837566324183
16305152000,3.4322,3.1621,-31.125,14.375,-39.5938,31.8438,17.7812,-39.1875,-0.1541,-0.0269,0.9877,-0.2524,-0.0395,0.9668,0.3247,-0.4624,8.6426,0.4099,-0.3723,8.5834,63.0621681483439
16310145000,3.4799,3.1933,-31.0,14.7188,-39.625,31.9062,18.25,-39.3125,-0.1596,-0.0639,0.9851,-0.2566,-0.0776,0.9634,0.3689,-0.4341,8.8151,0.4673,-0.3313,8.7702,63.006007873297285
16315145000,3.4799,3.1566,-30.8125,14.8125,-39.5,32.125,18.25,-39.2812,-0.1683,-0.0581,0.984,-0.267,-0.0698,0.9612,0.3582,-0.4197,8.5352,0.4832,-0.3418,9.0643,63.031683984643784
16320145000,3.4689,3.1896,-30.875,14.8438,-39.5625,32.0625,18.2812,-39.25,-0.1712,-0.0639,0.9832,-0.2697,-0.0776,0.9598,0.3711,-0.4097,8.5672,0.4832,-0.3279,8.9104,63.03207343297537
16325145000,3.4395,3.151,-31.25,14.875,-39.75,31.7031,18.3125,-39.625,-0.1518,-0.0727,0.9857,-0.2233,-0.0873,0.9708,0.3923,-0.4136,8.8466,0.4661,-0.3232,8.6674,63.04700493171742
16330145000,3.4781,3.2852,-30.875,14.8125,-39.5312,32.0938,18.4062,-39.1875,-0.1683,-0.0668,0.9835,-0.2668,-0.0805,0.9604,0.3696,-0.4153,8.6135,0.4983,-0.3108,8.8918,63.072201347503324
16335145000,3.3936,3.1382,-31.0625,15.25,-39.375,31.875,18.5625,-38.875,-0.1459,-0.0902,0.9852,-0.271,-0.1019,0.9572,0.4172,-0.377,8.7165,0.4995,-0.2881,8.6552,63.02659408932074
16340145000,3.4432,3.1713,-30.9375,14.8438,-39.5,32.0,18.375,-39.0938,-0.1625,-0.0698,0.9842,-0.2724,-0.0824,0.9586,0.3721,-0.4172,8.6623,0.48,-0.3147,8.7292,63.037792459206564
16345145000,3.4616,3.0794,-30.9688,14.75,-39.4375,31.9531,18.375,-38.8125,-0.1548,-0.0639,0.9859,-0.2772,-0.0776,0.9577,0.3682,-0.4185,8.6326,0.4829,-0.3181,8.7998,63.02933245410426
16350145000,3.4432,3.2282,-31.0,15.0,-39.4688,31.9375,18.4688,-38.9375,-0.1604,-0.0805,0.9838,-0.274,-0.0941,0.9571,0.3928,-0.3965,8.6618,0.4937,-0.2983,8.7023,63.03525806546682
16355145000,3.4138,3.186,-30.9688,15.0,-39.3125,31.9531,18.625,-39.2188,-0.1498,-0.0805,0.9854,-0.259,-0.0931,0.9614,0.3887,-0.3955,8.6048,0.5146,-0.2871,8.8149,63.026303273315975
16360145000,3.4009,3.0757,-30.875,14.75,-39.375,32.0625,18.1875,-38.9375,-0.1655,-0.0561,0.9846,-0.2774,-0.0688,0.9583,0.3503,-0.4224,8.4786,0.4543,-0.3391,8.7116,63.032822551032886
16365145000,3.4689,3.1125,-31.0,14.8125,-39.7188,31.9062,18.4062,-39.1562,-0.1701,-0.0698,0.9829,-0.2621,-0.0834,0.9614,0.3801,-0.4216,8.8008,0.4861,-0.3003,8.6387,63.01127833086708
16370145000,3.5314,3.2778,-31.0938,14.7188,-39.6562,31.8594,18.25,-39.375,-0.1606,-0.062,0.9851,-0.2444,-0.0746,0.9668,0.3767,-0.4255,8.8064,0.4768,-0.3308,8.8716,63.05278611703054
16375150000,3.4211,3.0463,-31.125,14.8125,-39.5,31.7969,18.3125,-39.25,-0.15,-0.0688,0.9863,-0.2518,-0.0805,0.9644,0.3774,-0.4136,8.6811,0.4612,-0.3225,8.6046,63.01966359486537
16380157000,3.4579,3.1951,-30.9062,14.8438,-39.4375,32.0312,18.375,-38.875,-0.1682,-0.0717,0.9831,-0.277,-0.0853,0.9571,0.3687,-0.4131,8.5782,0.4775,-0.3113,8.664,63.03889353764071
16385273000,3.4763,3.1382,-30.9062,14.6562,-39.5,32.0,18.1562,-39.0,-0.1607,-0.0552,0.9855,-0.2755,-0.0688,0.9588,0.3628,-0.4268,8.6656,0.4604,-0.3472,8.8691,63.005475940111744
16390159000,3.445,3.0647,-31.0625,14.875,-39.5,31.875,18.375,-38.9375,-0.1547,-0.0717,0.9853,-0.2648,-0.0853,0.9605,0.3865,-0.406,8.6972,0.4836,-0.3191,8.8188,63.03725337052686
16395271000,3.3881,3.14,-31.1875,14.8125,-39.625,31.75,18.4375,-39.25,-0.1539,-0.0639,0.986,-0.2462,-0.0776,0.9661,0.3801,-0.4197,8.779,0.4905,-0.3147,8.8471,63.042923125835465
16400271000,3.4505,3.1529,-30.9375,14.875,-39.5,31.9688,18.4688,-39.0,-0.1624,-0.0766,0.9838,-0.2685,-0.0902,0.9591,0.3809,-0.4153,8.7381,0.5005,-0.3066,8.8707,63.01085603394069
16405271000,3.4138,3.1051,-30.875,14.875,-39.2812,32.125,18.25,-39.375,-0.1568,-0.062,0.9857,-0.265,-0.0766,0.9612,0.3684,-0.4124,8.5673,0.4795,-0.325,8.8369,63.09040674650941
16410275000,3.4101,3.1382,-31.0625,14.8438,-39.75,31.8594,18.375,-38.9375,-0.1654,-0.0668,0.984,-0.264,-0.0805,0.9612,0.3848,-0.4089,8.7108,0.48,-0.3115,8.6941,63.02614560085362
16415271000,3.4965,3.1308,-31.0,14.875,-39.4688,31.8906,18.4688,-39.25,-0.1547,-0.0727,0.9853,-0.262,-0.0873,0.9611,0.3811,-0.4019,8.5913,0.4851,-0.3047,8.6763,62.99357776980126
16420281000,3.3881,3.0684,-31.0,15.0,-39.2812,31.9531,18.4062,-39.1875,-0.147,-0.0746,0.9863,-0.2563,-0.0883,0.9626,0.3911,-0.3977,8.6564,0.501,-0.313,8.9463,63.04525182549436
16425271000,3.4101,3.1547,-30.875,14.6875,-39.375,32.0938,18.0938,-39.375,-0.1626,-0.0513,0.9854,-0.2671,-0.0659,0.9614,0.3518,-0.4309,8.5902,0.4563,-0.3533,8.8903,63.060864671601195
16430271000,3.4211,3.0537,-31.0938,14.875,-39.5312,31.8125,18.4688,-39.0625,-0.1518,-0.0746,0.9856,-0.2545,-0.0853,0.9633,0.3872,-0.4084,8.7325,0.4932,-0.3042,8.7614,63.01061543755941
16435280000,3.4211,3.0243,-31.0,14.8438,-39.5312,31.9062,18.375,-39.25,-0.1577,-0.0688,0.9851,-0.2565,-0.0805,0.9632,0.3811,-0.4187,8.779,0.4863,-0.3237,8.9002,63.00586040456871
16440280000,3.4873,3.1143,-31.0,14.9375,-39.5625,31.9062,18.4062,-38.9688,-0.1643,-0.0776,0.9834,-0.2694,-0.0912,0.9587,0.395,-0.4055,8.7867,0.4795,-0.3196,8.7776,63.00455823049631
16445271000,3.4634,3.1749,-31.0625,14.7188,-39.625,31.8906,18.1875,-39.1562,-0.1568,-0.0561,0.986,-0.2586,-0.0688,0.9635,0.3687,-0.4224,8.6816,0.4543,-0.3279,8.5875,63.05033269333319
16450271000,3.4377,3.0316,-30.9062,14.75,-39.5938,32.0,18.3125,-38.6875,-0.1789,-0.062,0.9819,-0.2875,-0.0746,0.9549,0.3767,-0.426,8.8118,0.4661,-0.3198,8.6297,63.013512712592046
16455271000,3.4854,3.0831,-31.0,14.9375,-39.5625,31.8906,18.4062,-39.1562,-0.1576,-0.0766,0.9845,-0.2582,-0.0902,0.9619,0.3872,-0.3999,8.6374,0.4875,-0.3115,8.7791,62.98749501083529
16460275000,3.4322,3.118,-31.0938,14.6875,-39.5,31.8438,18.1562,-39.0625,-0.1472,-0.0552,0.9876,-0.2586,-0.0688,0.9635,0.3679,-0.4299,8.7579,0.4512,-0.3325,8.6032,63.03463159010291
16465271000,3.5057,3.1455,-30.875,14.875,-39.4375,32.0625,18.375,-39.0625,-0.1711,-0.0717,0.9826,-0.2751,-0.0853,0.9576,0.3767,-0.4143,8.6812,0.4956,-0.3103,8.8562,63.03585909028289
16470279000,3.4616,3.061,-31.0,14.6562,-39.4688,31.9375,18.0,-39.3438,-0.152,-0.0513,0.987,-0.2511,-0.0639,0.9658,0.3679,-0.4331,8.7933,0.4456,-0.3535,8.7728,63.026387566558185
16475271000,3.4322,3.0996,-30.9375,14.9375,-39.4375,32.0,18.4375,-39.1875,-0.1596,-0.0698,0.9847,-0.2649,-0.0824,0.9607,0.3777,-0.408,8.6213,0.4888,-0.3188,8.8737,63.035239400275145
16480271000,3.3862,3.1474,-31.125,14.8438,-39.625,31.8438,18.25,-39.1875,-0.1567,-0.0659,0.9854,-0.248,-0.0795,0.9655,0.3806,-0.4136,8.7164,0.4724,-0.3289,8.8007,63.06237688297199
16485279000,3.5204,3.1566,-30.9062,14.6875,-39.5625,32.0,18.125,-39.0938,-0.1645,-0.0591,0.9846,-0.2698,-0.0717,0.9602,0.366,-0.428,8.7144,0.4641,-0.3438,8.8723,63.00179429492464
16490272000,3.4616,3.1235,-31.0,14.6875,-39.5,31.9375,18.125,-39.3125,-0.1597,-0.0513,0.9858,-0.2549,-0.0639,0.9648,0.3596,-0.438,8.7558,0.4519,-0.3364,8.6546,63.031583105217976
16495272000,3.3991,3.0794,-31.0625,14.8438,-39.5625,31.8906,18.375,-39.125,-0.1596,-0.0688,0.9848,-0.2687,-0.0824,0.9597,0.3889,-0.4185,8.863,0.4861,-0.3083,8.7276,63.053577053962606
16500277000,3.4689,3.061,-30.875,14.6562,-39.5,32.0625,18.0938,-39.1562,-0.1684,-0.0513,0.9844,-0.2793,-0.0639,0.9581,0.3501,-0.4231,8.4841,0.4568,-0.3484,8.8417,63.03224729017679
16505272000,3.4891,3.1051,-30.9062,14.8438,-39.5625,32.0,18.4688,-39.0312,-0.1672,-0.0746,0.9831,-0.2648,-0.0883,0.9603,0.3713,-0.4192,8.676,0.4968,-0.3027,8.7864,63.01279951827247
16510272000,3.4671,3.1345,-31.0,14.5625,-39.6875,31.9375,18.0938,-39.0938,-0.1703,-0.0503,0.9841,-0.2624,-0.0639,0.9628,0.3577,-0.4341,8.6906,0.4417,-0.3591,8.7913,63.03928509770713
16515286000,3.3881,3.0647,-31.1875,14.875,-39.5312,31.7812,18.4062,-39.25,-0.149,-0.0668,0.9866,-0.2461,-0.0805,0.9659,0.3896,-0.4092,8.7678,0.4961,-0.3176,8.9426,63.06826164220796
16520397000,3.4524,3.1125,-30.9688,14.7188,-39.4375,31.9531,18.25,-39.25,-0.1539,-0.061,0.9862,-0.2614,-0.0727,0.9625,0.3679,-0.4275,8.7307,0.4707,-0.3396,8.9003,63.02118714607017
16525397000,3.491,3.1455,-31.125,14.7188,-39.8125,31.8125,18.3125,-39.4375,-0.1654,-0.062,0.9843,-0.2405,-0.0766,0.9676,0.3821,-0.4231,8.8388,0.4761,-0.3201,8.7446,63.04113110454158
16530397000,3.4377,3.0298,-30.9375,14.9375,-39.5,32.0,18.4375,-39.3125,-0.1682,-0.0746,0.9829,-0.2563,-0.0902,0.9624,0.3872,-0.407,8.7162,0.4924,-0.3147,8.869,63.035022507333174
16535397000,3.4983,3.1768,-30.9375,14.75,-39.5,32.0,18.2812,-39.375,-0.1644,-0.0668,0.9841,-0.2584,-0.0795,0.9628,0.3704,-0.4255,8.736,0.4836,-0.3308,8.9483,63.036607655314064
16540406000,3.4542,3.1143,-31.0625,14.875,-39.5625,31.875,18.3125,-39.0625,-0.1538,-0.0688,0.9857,-0.2621,-0.0824,0.9615,0.3933,-0.4094,8.8112,0.4763,-0.323,8.7797,63.03328733693016
16545397000,3.4469,3.0279,-30.8125,14.8438,-39.375,32.0938,18.375,-39.25,-0.1701,-0.0688,0.983,-0.2649,-0.0824,0.9607,0.3708,-0.4209,8.6896,0.5054,-0.3191,9.0631,63.005456732968774
16550397000,3.4175,3.0279,-31.125,14.6562,-39.625,31.7969,18.0938,-39.1875,-0.1521,-0.0483,0.9872,-0.2521,-0.061,0.9658,0.3718,-0.4312,8.8149,0.438,-0.3469,8.6152,63.01725160319196
16555397000,3.423,3.1308,-31.0,14.6562,-39.4375,31.9375,18.0625,-39.25,-0.1521,-0.0474,0.9872,-0.2625,-0.0591,0.9631,0.3611,-0.4341,8.7284,0.4468,-0.3538,8.7891,63.0298892763584
16560397000,3.4505,3.0647,-31.0,14.875,-39.5312,31.9375,18.25,-39.4062,-0.1519,-0.0717,0.9858,-0.2508,-0.0834,0.9644,0.3762,-0.4036,8.5561,0.4719,-0.3298,8.806,63.02805055092534
16565397000,3.4248,2.9912,-31.0625,14.7188,-39.625,31.8594,18.2812,-39.0938,-0.1626,-0.0561,0.9851,-0.2623,-0.0717,0.9623,0.3733,-0.4272,8.7875,0.4756,-0.3247,8.7904,63.024902751293475
16570403000,3.4634,3.2154,-30.8125,14.875,-39.5625,32.0938,18.4375,-39.2188,-0.1711,-0.0717,0.9826,-0.262,-0.0853,0.9613,0.3752,-0.4172,8.6976,0.4973,-0.3062,8.8296,63.00803215170269
16575397000,3.4193,3.0206,-31.0,14.6875,-39.5,31.9375,18.1562,-39.25,-0.1539,-0.0552,0.9865,-0.2624,-0.0688,0.9625,0.3655,-0.4265,8.6927,0.4573,-0.3428,8.785,63.03350923072584
16580397000,3.377,3.0702,-31.0,14.6562,-39.5312,31.9531,18.125,-39.25,-0.1579,-0.0474,0.9863,-0.2616,-0.061,0.9633,0.3601,-0.4348,8.7258,0.4543,-0.3484,8.8143,63.04922240987592
16585397000,3.5498,3.2172,-30.9688,14.875,-39.5625,31.9531,18.4688,-39.2188,-0.17,-0.0824,0.982,-0.259,-0.096,0.9611,0.3845,-0.4153,8.7788,0.5024,-0.3047,8.8712,63.02538399518086
16590397000,3.4175,3.061,-31.125,14.9375,-39.4688,31.7969,18.4375,-39.4688,-0.1442,-0.0698,0.9871,-0.2414,-0.0834,0.9668,0.3921,-0.4099,8.8031,0.4863,-0.3101,8.7492,63.01916771594179
16595411000,3.4965,3.2172,-31.0625,14.875,-39.5625,31.875,18.3125,-39.5,-0.1595,-0.0717,0.9846,-0.246,-0.0853,0.9655,0.3899,-0.4121,8.8031,0.4756,-0.3225,8.7661,63.031335213130305
16600399000,3.4946,3.151,-31.125,14.7188,-39.625,31.8125,18.1875,-39.375,-0.1548,-0.0688,0.9856,-0.2517,-0.0824,0.9643,0.3733,-0.4241,8.7521,0.4563,-0.3367,8.7065,63.03350923072584
16605398000,3.4854,3.1014,-31.0,14.7188,-39.5625,31.9062,18.4375,-39.1875,-0.1625,-0.0639,0.9846,-0.2613,-0.0776,0.9621,0.3704,-0.428,8.7632,0.4829,-0.3108,8.7189,63.01713539292309
16610397000,3.4028,3.0518,-31.0625,14.8125,-39.4375,31.875,18.375,-39.1875,-0.1519,-0.0659,0.9862,-0.2594,-0.0776,0.9627,0.3726,-0.4153,8.646,0.4861,-0.3149,8.8004,63.038740568796264
16615397000,3.4873,3.1198,-30.9688,15.0625,-39.5625,31.9688,18.5,-39.375,-0.1594,-0.0834,0.9837,-0.2542,-0.097,0.9623,0.407,-0.3889,8.7352,0.5034,-0.3047,8.8822,63.03168295595478
16620398000,3.4707,3.1327,-30.9688,14.8125,-39.375,31.9688,18.375,-39.25,-0.1538,-0.0688,0.9857,-0.2583,-0.0824,0.9625,0.3696,-0.4209,8.6761,0.488,-0.3149,8.8223,63.03846861250676
16625398000,3.4211,3.0445,-31.125,14.8125,-39.5625,31.8125,18.3125,-39.125,-0.1519,-0.0659,0.9862,-0.2593,-0.0795,0.9625,0.3826,-0.418,8.7871,0.4692,-0.3281,8.757,63.0362618855211
16630398000,3.4046,3.0757,-30.9375,14.9688,-39.375,32.0312,18.2812,-39.5625,-0.1605,-0.0698,0.9846,-0.2489,-0.0834,0.9649,0.3833,-0.4033,8.632,0.4768,-0.3325,8.8905,63.0560411832205
16635398000,3.5093,2.9949,-30.9375,14.6562,-39.5625,32.0,18.1875,-39.125,-0.1607,-0.0581,0.9853,-0.2689,-0.0717,0.9605,0.3535,-0.4348,8.6528,0.4612,-0.3408,8.8071,63.03800752078067
16640398000,3.423,2.9655,-30.9375,15.0312,-39.25,31.9688,18.4688,-39.25,-0.1469,-0.0853,0.9855,-0.2608,-0.099,0.9603,0.3943,-0.3955,8.6672,0.4961,-0.3057,8.8105,63.00015613829858
16645398000,3.4799,3.2466,-31.0938,14.875,-39.4375,31.8594,18.375,-39.625,-0.1335,-0.0795,0.9879,-0.2203,-0.0931,0.971,0.3855,-0.4141,8.7761,0.4839,-0.311,8.7326,63.050698223651736
16650523000,3.4395,3.208,-30.9688,14.9375,-39.5,31.9531,18.4688,-39.5938,-0.1411,-0.0873,0.9861,-0.2098,-0.099,0.9727,0.3921,-0.4038,8.7351,0.4905,-0.2991,8.6747,63.020983630375056
16655523000,3.2172,3.1676,-30.875,15.0312,-39.3438,32.0938,18.5,-39.75,-0.1091,-0.1038,0.9886,-0.1933,-0.1145,0.9744,0.3889,-0.3899,8.5451,0.4976,-0.2708,8.4423,63.06557971920975
16660526000,3.2741,3.3862,-30.6875,14.8125,-39.1875,32.25,18.25,-39.75,-0.0899,-0.0824,0.9925,-0.2013,-0.0931,0.9751,0.3682,-0.4099,8.5374,0.4788,-0.2942,8.4892,63.03381409013737
16665523000,3.4836,3.4965,-30.5,15.0312,-39.5,32.4375,18.4688,-40.3125,-0.1031,-0.1174,0.9877,-0.1853,-0.129,0.9742,0.406,-0.3743,8.5616,0.5195,-0.2712,8.6952,63.03654619552058
16670523000,3.4744,3.502,-30.6875,14.8125,-39.625,32.25,18.2812,-40.375,-0.08,-0.1048,0.9913,-0.1589,-0.1174,0.9803,0.3975,-0.3926,8.6699,0.4968,-0.2773,8.5066,63.037475250361986
16675523000,3.4707,3.3623,-30.9062,14.8125,-39.6875,32.0625,18.2812,-40.0,-0.0684,-0.1077,0.9918,-0.1694,-0.1174,0.9785,0.407,-0.3911,8.7596,0.4812,-0.2844,8.409,63.0649404632241
16680523000,3.4726,3.4358,-30.8125,14.9375,-39.6562,32.125,18.4062,-39.9375,-0.0712,-0.1174,0.9905,-0.1749,-0.1281,0.9762,0.4128,-0.3801,8.7028,0.5142,-0.2673,8.5917,63.03364114209174
16685523000,3.4983,3.4854,-30.625,15.125,-39.3438,32.3125,18.4688,-40.25,-0.0741,-0.1232,0.9896,-0.1747,-0.1339,0.9755,0.4216,-0.3672,8.6572,0.5327,-0.2703,8.8333,63.03277800581218
16690527000,3.4487,3.5516,-30.6562,14.9688,-39.375,32.2812,18.4688,-39.9375,-0.0799,-0.1174,0.9899,-0.1825,-0.1261,0.9751,0.4087,-0.3794,8.6484,0.519,-0.2727,8.7058,63.037153528772215
16695526000,3.4542,3.4101,-30.6875,14.9688,-39.375,32.2188,18.4062,-40.0,-0.0761,-0.1174,0.9902,-0.1796,-0.1281,0.9754,0.4087,-0.3772,8.624,0.5146,-0.2776,8.71,63.00324534061718
16700523000,3.5185,3.5314,-30.4375,14.9688,-39.4688,32.5,18.375,-40.25,-0.0983,-0.1155,0.9884,-0.1901,-0.1281,0.9734,0.4072,-0.3809,8.6484,0.5166,-0.2827,8.7885,63.03444596512291
16705523000,3.4946,3.423,-30.5,15.0312,-39.4375,32.4375,18.4688,-39.8125,-0.103,-0.1232,0.987,-0.1909,-0.1358,0.9722,0.4229,-0.3723,8.7277,0.5288,-0.2871,8.9747,63.03242518743825
16710523000,3.4542,3.5093,-30.375,14.8125,-39.5,32.5312,18.2812,-40.1875,-0.1033,-0.1038,0.9892,-0.1876,-0.1145,0.9756,0.3921,-0.396,8.6482,0.5127,-0.2854,8.774,63.005511936496475
16715523000,3.4101,3.4799,-30.3125,15.125,-39.2188,32.625,18.375,-40.125,-0.0896,-0.1203,0.9887,-0.19,-0.131,0.973,0.4128,-0.3687,8.5754,0.5181,-0.2925,8.9126,63.02787164969161
16720524000,3.4322,3.4505,-30.6562,15.0312,-39.4688,32.2812,18.4375,-40.1875,-0.0876,-0.1252,0.9883,-0.167,-0.1368,0.9764,0.4221,-0.3723,8.7195,0.5156,-0.27,8.6377,63.03360792577242
16725525000,3.4358,3.4616,-30.6562,15.0625,-39.3438,32.25,18.5,-40.125,-0.0799,-0.1232,0.9892,-0.1595,-0.1339,0.9781,0.4265,-0.3755,8.8037,0.5205,-0.2759,8.7573,63.00489408077757
16730524000,3.4652,3.4836,-30.6875,15.1562,-39.4062,32.2188,18.5625,-40.3125,-0.0817,-0.1339,0.9876,-0.1535,-0.1464,0.9772,0.4319,-0.3682,8.7824,0.5283,-0.2666,8.7434,63.004974716842796
16735536000,3.4689,3.5314,-30.5938,15.0312,-39.375,32.375,18.4375,-40.125,-0.0934,-0.1232,0.988,-0.1747,-0.1339,0.9755,0.4287,-0.374,8.812,0.5225,-0.2888,8.9218,63.065324490800805
16740524000,3.4322,3.5204,-30.5938,14.9688,-39.4688,32.3438,18.4062,-39.9375,-0.0982,-0.1232,0.9875,-0.1824,-0.1339,0.9741,0.4136,-0.3811,8.7218,0.5117,-0.282,8.7254,63.03314122118618
16745524000,3.4322,3.4616,-30.5,14.9375,-39.375,32.4375,18.3125,-39.8125,-0.1002,-0.1155,0.9882,-0.1825,-0.1261,0.9751,0.4028,-0.3923,8.727,0.5034,-0.3022,8.8552,63.02944500390274
16750524000,3.4634,3.5057,-30.5,15.1562,-39.0625,32.4375,18.4375,-39.875,-0.0905,-0.1261,0.9879,-0.1822,-0.1387,0.9734,0.4209,-0.3682,8.6598,0.5132,-0.292,8.8522,63.028215841716474
16755525000,3.366,3.5608,-30.625,15.3125,-39.1875,32.3125,18.625,-39.875,-0.0874,-0.1416,0.9861,-0.1771,-0.1522,0.9723,0.4441,-0.3535,8.7564,0.5303,-0.2717,8.8218,63.028360432030915
16760524000,3.3311,3.4322,-30.6875,15.125,-39.2188,32.2188,18.6875,-39.5625,-0.0846,-0.129,0.988,-0.1822,-0.1397,0.9733,0.4285,-0.3782,8.8553,0.541,-0.2605,8.8197,63.00803215170269
16765524000,3.3862,3.4156,-30.6875,15.0312,-39.25,32.25,18.3125,-39.9688,-0.0741,-0.1203,0.99,-0.1691,-0.131,0.9769,0.4241,-0.3853,8.885,0.4949,-0.2974,8.7052,63.02707758876338
16770524000,3.434,3.4946,-30.5938,15.1875,-39.1875,32.3438,18.4688,-40.0,-0.0894,-0.1329,0.9871,-0.1745,-0.1435,0.9741,0.4253,-0.3728,8.7603,0.5259,-0.2913,8.9873,63.02831569778777
16775524000,3.5057,3.4928,-30.6875,15.125,-39.3125,32.25,18.4688,-39.625,-0.0895,-0.1261,0.988,-0.1775,-0.1387,0.9743,0.4355,-0.3713,8.8585,0.5039,-0.2874,8.6965,63.027038332290374
16780524000,3.4487,3.4836,-30.8125,15.1875,-39.3125,32.1562,18.4375,-40.1562,-0.074,-0.129,0.9889,-0.1479,-0.1387,0.9792,0.4429,-0.3638,8.8564,0.5142,-0.2842,8.7771,63.05815973670656
16785649000,3.4046,3.4946,-30.5938,15.0,-39.3438,32.375,18.4375,-40.125,-0.1002,-0.1184,0.9879,-0.1672,-0.131,0.9772,0.4216,-0.3784,8.7818,0.522,-0.2844,8.8679,63.06739611820041
16790649000,3.3109,3.491,-30.625,15.125,-39.0938,32.3125,18.5,-39.9375,-0.0895,-0.1261,0.988,-0.169,-0.1358,0.9762,0.4304,-0.3667,8.7498,0.5249,-0.2769,8.8176,63.03357328392545
